stage,suite,world_index,method,backbone,expert_task,alpha,budget,found,cost,cost_ratio,oracle_cost,expansions,closed,roadmap_nodes,roadmap_edges,obstacle_count,side_len,heuristic_max,heuristic_min,heuristic_mean,heuristic_std,spearman_to_prm_oracle,heatmap_min,heatmap_max,heatmap_mean,heatmap_std,nonfinite_heuristic
c6,C_hard_maze,0,euclidean,,,0.0,128,0,nan,nan,1.8952562973119702,128,128,192,653,25,1.0,1.0268013384131527,0.0,0.5177285316388972,0.2445786256588243,0.9206894447006485,0.0,1.0268013384131527,0.5177285316388972,0.2445786256588243,0
c6,C_hard_maze,0,euclidean,,,0.0,144,1,1.8952562973119698,0.9999999999999998,1.8952562973119702,132,132,192,653,25,1.0,1.0268013384131527,0.0,0.5177285316388972,0.2445786256588243,0.9206894447006485,0.0,1.0268013384131527,0.5177285316388972,0.2445786256588243,0
c6,C_hard_maze,0,euclidean,,,0.0,168,1,1.8952562973119698,0.9999999999999998,1.8952562973119702,132,132,192,653,25,1.0,1.0268013384131527,0.0,0.5177285316388972,0.2445786256588243,0.9206894447006485,0.0,1.0268013384131527,0.5177285316388972,0.2445786256588243,0
c6,C_hard_maze,0,grid_oracle,,,0.0,128,1,1.9051378807311286,1.005213850724661,1.8952562973119702,85,85,192,653,25,1.0,2.011037490921511,0.004211432182297737,0.8845047319959803,0.5159040544135215,0.9948966443317149,0.0,2.0579793456039788,0.8939743805797397,0.5232611726194638,0
c6,C_hard_maze,0,grid_oracle,,,0.0,144,1,1.9051378807311286,1.005213850724661,1.8952562973119702,85,85,192,653,25,1.0,2.011037490921511,0.004211432182297737,0.8845047319959803,0.5159040544135215,0.9948966443317149,0.0,2.0579793456039788,0.8939743805797397,0.5232611726194638,0
c6,C_hard_maze,0,grid_oracle,,,0.0,168,1,1.9051378807311286,1.005213850724661,1.8952562973119702,85,85,192,653,25,1.0,2.011037490921511,0.004211432182297737,0.8845047319959803,0.5159040544135215,0.9948966443317149,0.0,2.0579793456039788,0.8939743805797397,0.5232611726194638,0
c6,C_hard_maze,0,unet,unet,,0.0,128,1,1.9460233126393864,1.026786358868412,1.8952562973119702,61,61,192,653,25,1.0,2.3333166106759524,0.023867682445308017,1.0073102288995344,0.6118167560703432,0.9853257331199307,0.021574385464191437,1.5288604497909546,0.5088994678426388,0.37923653626630616,0
c6,C_hard_maze,0,unet,unet,,0.0,144,1,1.9460233126393864,1.026786358868412,1.8952562973119702,61,61,192,653,25,1.0,2.3333166106759524,0.023867682445308017,1.0073102288995344,0.6118167560703432,0.9853257331199307,0.021574385464191437,1.5288604497909546,0.5088994678426388,0.37923653626630616,0
c6,C_hard_maze,0,unet,unet,,0.0,168,1,1.9460233126393864,1.026786358868412,1.8952562973119702,61,61,192,653,25,1.0,2.3333166106759524,0.023867682445308017,1.0073102288995344,0.6118167560703432,0.9853257331199307,0.021574385464191437,1.5288604497909546,0.5088994678426388,0.37923653626630616,0
c6,C_hard_maze,0,onlstm,onlstm,,0.0,128,1,1.958864151716121,1.0335616108989403,1.8952562973119702,80,80,192,653,25,1.0,2.420530225878084,0.004820100389991022,1.1149232731711685,0.7205798579780471,0.936613270759298,0.0029113611672073603,1.5291566848754883,0.617234169023618,0.4797421165839563,0
c6,C_hard_maze,0,onlstm,onlstm,,0.0,144,1,1.958864151716121,1.0335616108989403,1.8952562973119702,80,80,192,653,25,1.0,2.420530225878084,0.004820100389991022,1.1149232731711685,0.7205798579780471,0.936613270759298,0.0029113611672073603,1.5291566848754883,0.617234169023618,0.4797421165839563,0
c6,C_hard_maze,0,onlstm,onlstm,,0.0,168,1,1.958864151716121,1.0335616108989403,1.8952562973119702,80,80,192,653,25,1.0,2.420530225878084,0.004820100389991022,1.1149232731711685,0.7205798579780471,0.936613270759298,0.0029113611672073603,1.5291566848754883,0.617234169023618,0.4797421165839563,0
c6,C_hard_maze,0,hrm,hrm,,0.0,128,1,1.8952562973119698,0.9999999999999998,1.8952562973119702,57,57,192,653,25,1.0,2.5173954755983456,0.000250077519699906,1.0101990615298844,0.6541285440409048,0.9755055882592302,0.00019546631665434688,1.6904165744781494,0.49577197243719695,0.4270631746498855,0
c6,C_hard_maze,0,hrm,hrm,,0.0,144,1,1.8952562973119698,0.9999999999999998,1.8952562973119702,57,57,192,653,25,1.0,2.5173954755983456,0.000250077519699906,1.0101990615298844,0.6541285440409048,0.9755055882592302,0.00019546631665434688,1.6904165744781494,0.49577197243719695,0.4270631746498855,0
c6,C_hard_maze,0,hrm,hrm,,0.0,168,1,1.8952562973119698,0.9999999999999998,1.8952562973119702,57,57,192,653,25,1.0,2.5173954755983456,0.000250077519699906,1.0101990615298844,0.6541285440409048,0.9755055882592302,0.00019546631665434688,1.6904165744781494,0.49577197243719695,0.4270631746498855,0
c6,C_hard_maze,1,euclidean,,,0.0,128,0,nan,nan,2.092284537952998,128,128,192,671,19,1.0,1.066809835515373,0.0,0.5734206731230781,0.25229727701372534,0.9128207823562923,0.0,1.066809835515373,0.5734206731230781,0.25229727701372534,0
c6,C_hard_maze,1,euclidean,,,0.0,144,1,2.0922845379529984,1.0000000000000002,2.092284537952998,133,133,192,671,19,1.0,1.066809835515373,0.0,0.5734206731230781,0.25229727701372534,0.9128207823562923,0.0,1.066809835515373,0.5734206731230781,0.25229727701372534,0
c6,C_hard_maze,1,euclidean,,,0.0,168,1,2.0922845379529984,1.0000000000000002,2.092284537952998,133,133,192,671,19,1.0,1.066809835515373,0.0,0.5734206731230781,0.25229727701372534,0.9128207823562923,0.0,1.066809835515373,0.5734206731230781,0.25229727701372534,0
c6,C_hard_maze,1,grid_oracle,,,0.0,128,1,2.0984129793544053,1.002929066907603,2.092284537952998,97,97,192,671,19,1.0,2.2371010713884254,0.00842107449377407,1.0358112735249407,0.591843483398181,0.9845949868431763,0.0,2.2805206063402172,1.0288893185888341,0.5938022879981844,0
c6,C_hard_maze,1,grid_oracle,,,0.0,144,1,2.0984129793544053,1.002929066907603,2.092284537952998,97,97,192,671,19,1.0,2.2371010713884254,0.00842107449377407,1.0358112735249407,0.591843483398181,0.9845949868431763,0.0,2.2805206063402172,1.0288893185888341,0.5938022879981844,0
c6,C_hard_maze,1,grid_oracle,,,0.0,168,1,2.0984129793544053,1.002929066907603,2.092284537952998,97,97,192,671,19,1.0,2.2371010713884254,0.00842107449377407,1.0358112735249407,0.591843483398181,0.9845949868431763,0.0,2.2805206063402172,1.0288893185888341,0.5938022879981844,0
c6,C_hard_maze,1,unet,unet,,0.0,128,1,2.0922845379529984,1.0000000000000002,2.092284537952998,86,86,192,671,19,1.0,2.3966432899387184,0.029450695463369612,1.0923276265917476,0.6191594418633425,0.9757548219081466,0.01759207248687744,1.4318112134933472,0.5097915789024228,0.37903731739105306,0
c6,C_hard_maze,1,unet,unet,,0.0,144,1,2.0922845379529984,1.0000000000000002,2.092284537952998,86,86,192,671,19,1.0,2.3966432899387184,0.029450695463369612,1.0923276265917476,0.6191594418633425,0.9757548219081466,0.01759207248687744,1.4318112134933472,0.5097915789024228,0.37903731739105306,0
c6,C_hard_maze,1,unet,unet,,0.0,168,1,2.0922845379529984,1.0000000000000002,2.092284537952998,86,86,192,671,19,1.0,2.3966432899387184,0.029450695463369612,1.0923276265917476,0.6191594418633425,0.9757548219081466,0.01759207248687744,1.4318112134933472,0.5097915789024228,0.37903731739105306,0
c6,C_hard_maze,1,onlstm,onlstm,,0.0,128,1,2.095475854035947,1.001525278242543,2.092284537952998,73,73,192,671,19,1.0,2.526851458354449,0.018372218655073748,1.242088513062403,0.719293339779337,0.9223153975531021,0.006144072860479355,1.5379219055175781,0.6548798162456251,0.474436440011277,0
c6,C_hard_maze,1,onlstm,onlstm,,0.0,144,1,2.095475854035947,1.001525278242543,2.092284537952998,73,73,192,671,19,1.0,2.526851458354449,0.018372218655073748,1.242088513062403,0.719293339779337,0.9223153975531021,0.006144072860479355,1.5379219055175781,0.6548798162456251,0.474436440011277,0
c6,C_hard_maze,1,onlstm,onlstm,,0.0,168,1,2.095475854035947,1.001525278242543,2.092284537952998,73,73,192,671,19,1.0,2.526851458354449,0.018372218655073748,1.242088513062403,0.719293339779337,0.9223153975531021,0.006144072860479355,1.5379219055175781,0.6548798162456251,0.474436440011277,0
c6,C_hard_maze,1,hrm,hrm,,0.0,128,1,2.095475854035947,1.001525278242543,2.092284537952998,83,83,192,671,19,1.0,2.3956662606783503,0.0004992238056006443,1.075029254893092,0.6215095042348119,0.9508501071535146,0.0003412050718907267,1.4958118200302124,0.47905775573914156,0.38230572350401587,0
c6,C_hard_maze,1,hrm,hrm,,0.0,144,1,2.095475854035947,1.001525278242543,2.092284537952998,83,83,192,671,19,1.0,2.3956662606783503,0.0004992238056006443,1.075029254893092,0.6215095042348119,0.9508501071535146,0.0003412050718907267,1.4958118200302124,0.47905775573914156,0.38230572350401587,0
c6,C_hard_maze,1,hrm,hrm,,0.0,168,1,2.095475854035947,1.001525278242543,2.092284537952998,83,83,192,671,19,1.0,2.3956662606783503,0.0004992238056006443,1.075029254893092,0.6215095042348119,0.9508501071535146,0.0003412050718907267,1.4958118200302124,0.47905775573914156,0.38230572350401587,0
c6,C_hard_maze,2,euclidean,,,0.0,128,0,nan,nan,1.6377812138232308,128,128,192,680,26,1.0,1.1076387954452753,0.0,0.5868771441419992,0.2732791027688816,0.9176053902286847,0.0,1.1076387954452753,0.5868771441419992,0.2732791027688816,0
c6,C_hard_maze,2,euclidean,,,0.0,144,0,nan,nan,1.6377812138232308,144,144,192,680,26,1.0,1.1076387954452753,0.0,0.5868771441419992,0.2732791027688816,0.9176053902286847,0.0,1.1076387954452753,0.5868771441419992,0.2732791027688816,0
c6,C_hard_maze,2,euclidean,,,0.0,168,1,1.637781213823231,1.0000000000000002,1.6377812138232308,147,147,192,680,26,1.0,1.1076387954452753,0.0,0.5868771441419992,0.2732791027688816,0.9176053902286847,0.0,1.1076387954452753,0.5868771441419992,0.2732791027688816,0
c6,C_hard_maze,2,grid_oracle,,,0.0,128,1,1.637781213823231,1.0000000000000002,1.6377812138232308,44,44,192,680,26,1.0,2.1053522410556296,0.004691913255536823,1.0829987340869163,0.5720416101824025,0.9970464964869925,0.0,2.1791880848677403,1.045570494535704,0.569433980022406,0
c6,C_hard_maze,2,grid_oracle,,,0.0,144,1,1.637781213823231,1.0000000000000002,1.6377812138232308,44,44,192,680,26,1.0,2.1053522410556296,0.004691913255536823,1.0829987340869163,0.5720416101824025,0.9970464964869925,0.0,2.1791880848677403,1.045570494535704,0.569433980022406,0
c6,C_hard_maze,2,grid_oracle,,,0.0,168,1,1.637781213823231,1.0000000000000002,1.6377812138232308,44,44,192,680,26,1.0,2.1053522410556296,0.004691913255536823,1.0829987340869163,0.5720416101824025,0.9970464964869925,0.0,2.1791880848677403,1.045570494535704,0.569433980022406,0
c6,C_hard_maze,2,unet,unet,,0.0,128,1,1.6416663945196723,1.002372222042633,1.6377812138232308,56,56,192,680,26,1.0,2.3968096566572017,0.03681897292254964,1.1485124132564646,0.636529435809911,0.9894813227355345,0.01912420056760311,1.474452018737793,0.5297514113876787,0.3828967273409122,0
c6,C_hard_maze,2,unet,unet,,0.0,144,1,1.6416663945196723,1.002372222042633,1.6377812138232308,56,56,192,680,26,1.0,2.3968096566572017,0.03681897292254964,1.1485124132564646,0.636529435809911,0.9894813227355345,0.01912420056760311,1.474452018737793,0.5297514113876787,0.3828967273409122,0
c6,C_hard_maze,2,unet,unet,,0.0,168,1,1.6416663945196723,1.002372222042633,1.6377812138232308,56,56,192,680,26,1.0,2.3968096566572017,0.03681897292254964,1.1485124132564646,0.636529435809911,0.9894813227355345,0.01912420056760311,1.474452018737793,0.5297514113876787,0.3828967273409122,0
c6,C_hard_maze,2,onlstm,onlstm,,0.0,128,1,1.6704618183196667,1.0199541942602617,1.6377812138232308,59,59,192,680,26,1.0,2.438890427885565,0.004107552349346577,1.3149852997407125,0.7272883173474572,0.925580866994005,0.0025949212722480297,1.5465426445007324,0.6958635784095577,0.4563504712388383,0
c6,C_hard_maze,2,onlstm,onlstm,,0.0,144,1,1.6704618183196667,1.0199541942602617,1.6377812138232308,59,59,192,680,26,1.0,2.438890427885565,0.004107552349346577,1.3149852997407125,0.7272883173474572,0.925580866994005,0.0025949212722480297,1.5465426445007324,0.6958635784095577,0.4563504712388383,0
c6,C_hard_maze,2,onlstm,onlstm,,0.0,168,1,1.6704618183196667,1.0199541942602617,1.6377812138232308,59,59,192,680,26,1.0,2.438890427885565,0.004107552349346577,1.3149852997407125,0.7272883173474572,0.925580866994005,0.0025949212722480297,1.5465426445007324,0.6958635784095577,0.4563504712388383,0
c6,C_hard_maze,2,hrm,hrm,,0.0,128,1,1.6781669964410946,1.024658838602494,1.6377812138232308,56,56,192,680,26,1.0,2.377478059594381,0.0007205230225306204,1.0996551742559892,0.6328868498478952,0.9842813254482816,0.0003807598550338298,1.501284122467041,0.48133300595731043,0.37914372496095416,0
c6,C_hard_maze,2,hrm,hrm,,0.0,144,1,1.6781669964410946,1.024658838602494,1.6377812138232308,56,56,192,680,26,1.0,2.377478059594381,0.0007205230225306204,1.0996551742559892,0.6328868498478952,0.9842813254482816,0.0003807598550338298,1.501284122467041,0.48133300595731043,0.37914372496095416,0
c6,C_hard_maze,2,hrm,hrm,,0.0,168,1,1.6781669964410946,1.024658838602494,1.6377812138232308,56,56,192,680,26,1.0,2.377478059594381,0.0007205230225306204,1.0996551742559892,0.6328868498478952,0.9842813254482816,0.0003807598550338298,1.501284122467041,0.48133300595731043,0.37914372496095416,0
c6,C_hard_maze,3,euclidean,,,0.0,128,1,1.9521106446399341,1.0000000000000002,1.952110644639934,122,122,192,673,23,1.0,0.9853310714815701,0.0,0.5453733441320564,0.23433772092752417,0.8769141822423568,0.0,0.9853310714815701,0.5453733441320564,0.23433772092752417,0
c6,C_hard_maze,3,euclidean,,,0.0,144,1,1.9521106446399341,1.0000000000000002,1.952110644639934,122,122,192,673,23,1.0,0.9853310714815701,0.0,0.5453733441320564,0.23433772092752417,0.8769141822423568,0.0,0.9853310714815701,0.5453733441320564,0.23433772092752417,0
c6,C_hard_maze,3,euclidean,,,0.0,168,1,1.9521106446399341,1.0000000000000002,1.952110644639934,122,122,192,673,23,1.0,0.9853310714815701,0.0,0.5453733441320564,0.23433772092752417,0.8769141822423568,0.0,0.9853310714815701,0.5453733441320564,0.23433772092752417,0
c6,C_hard_maze,3,grid_oracle,,,0.0,128,1,1.9529032084129399,1.0004060035096791,1.952110644639934,60,60,192,673,23,1.0,2.2730741635707994,0.009608498983446005,1.1016039211499056,0.6285861660081816,0.9440631527547949,0.0,2.3445909979556605,1.0685503474455273,0.626771354803716,0
c6,C_hard_maze,3,grid_oracle,,,0.0,144,1,1.9529032084129399,1.0004060035096791,1.952110644639934,60,60,192,673,23,1.0,2.2730741635707994,0.009608498983446005,1.1016039211499056,0.6285861660081816,0.9440631527547949,0.0,2.3445909979556605,1.0685503474455273,0.626771354803716,0
c6,C_hard_maze,3,grid_oracle,,,0.0,168,1,1.9529032084129399,1.0004060035096791,1.952110644639934,60,60,192,673,23,1.0,2.2730741635707994,0.009608498983446005,1.1016039211499056,0.6285861660081816,0.9440631527547949,0.0,2.3445909979556605,1.0685503474455273,0.626771354803716,0
c6,C_hard_maze,3,unet,unet,,0.0,128,1,2.0339525375808822,1.0419248228401747,1.952110644639934,75,75,192,673,23,1.0,2.2102338359424243,0.04717605071641822,1.0405998486388912,0.5706873627371603,0.9377695792529096,0.022008007392287254,1.377443790435791,0.47056691224270253,0.3432352191729616,0
c6,C_hard_maze,3,unet,unet,,0.0,144,1,2.0339525375808822,1.0419248228401747,1.952110644639934,75,75,192,673,23,1.0,2.2102338359424243,0.04717605071641822,1.0405998486388912,0.5706873627371603,0.9377695792529096,0.022008007392287254,1.377443790435791,0.47056691224270253,0.3432352191729616,0
c6,C_hard_maze,3,unet,unet,,0.0,168,1,2.0339525375808822,1.0419248228401747,1.952110644639934,75,75,192,673,23,1.0,2.2102338359424243,0.04717605071641822,1.0405998486388912,0.5706873627371603,0.9377695792529096,0.022008007392287254,1.377443790435791,0.47056691224270253,0.3432352191729616,0
c6,C_hard_maze,3,onlstm,onlstm,,0.0,128,1,2.1017285103268413,1.076644152367964,1.952110644639934,86,86,192,673,23,1.0,2.4194274997906144,0.002154436624971983,1.1513642066297658,0.6805509700814513,0.884104657786941,0.0004795394779648632,1.5239633321762085,0.5550596973191873,0.45344816720275016,0
c6,C_hard_maze,3,onlstm,onlstm,,0.0,144,1,2.1017285103268413,1.076644152367964,1.952110644639934,86,86,192,673,23,1.0,2.4194274997906144,0.002154436624971983,1.1513642066297658,0.6805509700814513,0.884104657786941,0.0004795394779648632,1.5239633321762085,0.5550596973191873,0.45344816720275016,0
c6,C_hard_maze,3,onlstm,onlstm,,0.0,168,1,2.1017285103268413,1.076644152367964,1.952110644639934,86,86,192,673,23,1.0,2.4194274997906144,0.002154436624971983,1.1513642066297658,0.6805509700814513,0.884104657786941,0.0004795394779648632,1.5239633321762085,0.5550596973191873,0.45344816720275016,0
c6,C_hard_maze,3,hrm,hrm,,0.0,128,1,2.0219414862704497,1.0357719690849778,1.952110644639934,76,76,192,673,23,1.0,2.2624214962065197,0.0003888755601992451,1.0379785043750718,0.6060805685965673,0.9253689336190761,0.0002644240448717028,1.469996452331543,0.46065709932788224,0.3823036507423517,0
c6,C_hard_maze,3,hrm,hrm,,0.0,144,1,2.0219414862704497,1.0357719690849778,1.952110644639934,76,76,192,673,23,1.0,2.2624214962065197,0.0003888755601992451,1.0379785043750718,0.6060805685965673,0.9253689336190761,0.0002644240448717028,1.469996452331543,0.46065709932788224,0.3823036507423517,0
c6,C_hard_maze,3,hrm,hrm,,0.0,168,1,2.0219414862704497,1.0357719690849778,1.952110644639934,76,76,192,673,23,1.0,2.2624214962065197,0.0003888755601992451,1.0379785043750718,0.6060805685965673,0.9253689336190761,0.0002644240448717028,1.469996452331543,0.46065709932788224,0.3823036507423517,0
c6,C_hard_maze,4,euclidean,,,0.0,128,0,nan,nan,2.130260065803212,128,128,192,659,25,1.0,0.9961299551445607,0.0,0.5423632545867502,0.22402106696347188,0.8764733608225052,0.0,0.9961299551445607,0.5423632545867502,0.22402106696347188,0
c6,C_hard_maze,4,euclidean,,,0.0,144,0,nan,nan,2.130260065803212,144,144,192,659,25,1.0,0.9961299551445607,0.0,0.5423632545867502,0.22402106696347188,0.8764733608225052,0.0,0.9961299551445607,0.5423632545867502,0.22402106696347188,0
c6,C_hard_maze,4,euclidean,,,0.0,168,1,2.1302600658032125,1.0000000000000002,2.130260065803212,148,148,192,659,25,1.0,0.9961299551445607,0.0,0.5423632545867502,0.22402106696347188,0.8764733608225052,0.0,0.9961299551445607,0.5423632545867502,0.22402106696347188,0
c6,C_hard_maze,4,grid_oracle,,,0.0,128,1,2.1397984910617405,1.0044775872259202,2.130260065803212,92,92,192,659,25,1.0,2.457206216532297,0.007992553531695349,1.1765319147297506,0.6477644922156277,0.9850815858720128,0.0,2.482535171779819,1.093285835678089,0.6644497591566699,0
c6,C_hard_maze,4,grid_oracle,,,0.0,144,1,2.1397984910617405,1.0044775872259202,2.130260065803212,92,92,192,659,25,1.0,2.457206216532297,0.007992553531695349,1.1765319147297506,0.6477644922156277,0.9850815858720128,0.0,2.482535171779819,1.093285835678089,0.6644497591566699,0
c6,C_hard_maze,4,grid_oracle,,,0.0,168,1,2.1397984910617405,1.0044775872259202,2.130260065803212,92,92,192,659,25,1.0,2.457206216532297,0.007992553531695349,1.1765319147297506,0.6477644922156277,0.9850815858720128,0.0,2.482535171779819,1.093285835678089,0.6644497591566699,0
c6,C_hard_maze,4,unet,unet,,0.0,128,1,2.2145067749321083,1.0395476169700113,2.130260065803212,125,125,192,659,25,1.0,2.23629581253406,0.04340380579389904,1.0823299888258737,0.5531346155201697,0.9708905270867808,0.020030204206705093,1.4385021924972534,0.49433632375394154,0.35328519321275026,0
c6,C_hard_maze,4,unet,unet,,0.0,144,1,2.2145067749321083,1.0395476169700113,2.130260065803212,125,125,192,659,25,1.0,2.23629581253406,0.04340380579389904,1.0823299888258737,0.5531346155201697,0.9708905270867808,0.020030204206705093,1.4385021924972534,0.49433632375394154,0.35328519321275026,0
c6,C_hard_maze,4,unet,unet,,0.0,168,1,2.2145067749321083,1.0395476169700113,2.130260065803212,125,125,192,659,25,1.0,2.23629581253406,0.04340380579389904,1.0823299888258737,0.5531346155201697,0.9708905270867808,0.020030204206705093,1.4385021924972534,0.49433632375394154,0.35328519321275026,0
c6,C_hard_maze,4,onlstm,onlstm,,0.0,128,1,2.2029075724867555,1.034102646831598,2.130260065803212,104,104,192,659,25,1.0,2.322528581639408,0.004670426015399017,1.178178115760265,0.6339316268299915,0.9179648292325638,0.0021236289758235216,1.4847699403762817,0.5955194717410563,0.4413725153591964,0
c6,C_hard_maze,4,onlstm,onlstm,,0.0,144,1,2.2029075724867555,1.034102646831598,2.130260065803212,104,104,192,659,25,1.0,2.322528581639408,0.004670426015399017,1.178178115760265,0.6339316268299915,0.9179648292325638,0.0021236289758235216,1.4847699403762817,0.5955194717410563,0.4413725153591964,0
c6,C_hard_maze,4,onlstm,onlstm,,0.0,168,1,2.2029075724867555,1.034102646831598,2.130260065803212,104,104,192,659,25,1.0,2.322528581639408,0.004670426015399017,1.178178115760265,0.6339316268299915,0.9179648292325638,0.0021236289758235216,1.4847699403762817,0.5955194717410563,0.4413725153591964,0
c6,C_hard_maze,4,hrm,hrm,,0.0,128,1,2.220565118045424,1.0423915622753612,2.130260065803212,112,112,192,659,25,1.0,2.2975119580301975,0.000866882230332902,1.0608186978631364,0.5689885319150741,0.9656210156525514,0.0003382446593604982,1.437103033065796,0.4626073339504586,0.37410880205883323,0
c6,C_hard_maze,4,hrm,hrm,,0.0,144,1,2.220565118045424,1.0423915622753612,2.130260065803212,112,112,192,659,25,1.0,2.2975119580301975,0.000866882230332902,1.0608186978631364,0.5689885319150741,0.9656210156525514,0.0003382446593604982,1.437103033065796,0.4626073339504586,0.37410880205883323,0
c6,C_hard_maze,4,hrm,hrm,,0.0,168,1,2.220565118045424,1.0423915622753612,2.130260065803212,112,112,192,659,25,1.0,2.2975119580301975,0.000866882230332902,1.0608186978631364,0.5689885319150741,0.9656210156525514,0.0003382446593604982,1.437103033065796,0.4626073339504586,0.37410880205883323,0
c6,C_hard_maze,5,euclidean,,,0.0,128,0,nan,nan,1.9672892851638113,128,128,192,689,18,1.0,1.0216718036800236,0.0,0.5121000624603441,0.2369628160633198,0.8802678159672301,0.0,1.0216718036800236,0.5121000624603441,0.2369628160633198,0
c6,C_hard_maze,5,euclidean,,,0.0,144,0,nan,nan,1.9672892851638113,144,144,192,689,18,1.0,1.0216718036800236,0.0,0.5121000624603441,0.2369628160633198,0.8802678159672301,0.0,1.0216718036800236,0.5121000624603441,0.2369628160633198,0
c6,C_hard_maze,5,euclidean,,,0.0,168,1,1.9672892851638115,1.0000000000000002,1.9672892851638113,149,149,192,689,18,1.0,1.0216718036800236,0.0,0.5121000624603441,0.2369628160633198,0.8802678159672301,0.0,1.0216718036800236,0.5121000624603441,0.2369628160633198,0
c6,C_hard_maze,5,grid_oracle,,,0.0,128,1,1.9672892851638115,1.0000000000000002,1.9672892851638113,73,73,192,689,18,1.0,2.354937531686163,0.009405567172197097,1.1577834260778521,0.6654599261047254,0.9984486476955214,0.0,2.4216055633952633,1.1451657496836547,0.6726480270961859,0
c6,C_hard_maze,5,grid_oracle,,,0.0,144,1,1.9672892851638115,1.0000000000000002,1.9672892851638113,73,73,192,689,18,1.0,2.354937531686163,0.009405567172197097,1.1577834260778521,0.6654599261047254,0.9984486476955214,0.0,2.4216055633952633,1.1451657496836547,0.6726480270961859,0
c6,C_hard_maze,5,grid_oracle,,,0.0,168,1,1.9672892851638115,1.0000000000000002,1.9672892851638113,73,73,192,689,18,1.0,2.354937531686163,0.009405567172197097,1.1577834260778521,0.6654599261047254,0.9984486476955214,0.0,2.4216055633952633,1.1451657496836547,0.6726480270961859,0
c6,C_hard_maze,5,unet,unet,,0.0,128,1,1.9868201035790036,1.0099277816244325,1.9672892851638113,124,124,192,689,18,1.0,2.204752044138062,0.027394323394921975,0.9833361192551844,0.5626824893800714,0.9705887339608823,0.01567533239722252,1.3725831508636475,0.47479310427388555,0.34657489856584517,0
c6,C_hard_maze,5,unet,unet,,0.0,144,1,1.9868201035790036,1.0099277816244325,1.9672892851638113,124,124,192,689,18,1.0,2.204752044138062,0.027394323394921975,0.9833361192551844,0.5626824893800714,0.9705887339608823,0.01567533239722252,1.3725831508636475,0.47479310427388555,0.34657489856584517,0
c6,C_hard_maze,5,unet,unet,,0.0,168,1,1.9868201035790036,1.0099277816244325,1.9672892851638113,124,124,192,689,18,1.0,2.204752044138062,0.027394323394921975,0.9833361192551844,0.5626824893800714,0.9705887339608823,0.01567533239722252,1.3725831508636475,0.47479310427388555,0.34657489856584517,0
c6,C_hard_maze,5,onlstm,onlstm,,0.0,128,1,2.056957503647726,1.0455795795565714,1.9672892851638113,110,110,192,689,18,1.0,2.357701370148061,0.011029604551021309,1.069477892870377,0.6711733885904648,0.901708691642026,0.0049688732251524925,1.492453932762146,0.5628845560368063,0.4585871331589497,0
c6,C_hard_maze,5,onlstm,onlstm,,0.0,144,1,2.056957503647726,1.0455795795565714,1.9672892851638113,110,110,192,689,18,1.0,2.357701370148061,0.011029604551021309,1.069477892870377,0.6711733885904648,0.901708691642026,0.0049688732251524925,1.492453932762146,0.5628845560368063,0.4585871331589497,0
c6,C_hard_maze,5,onlstm,onlstm,,0.0,168,1,2.056957503647726,1.0455795795565714,1.9672892851638113,110,110,192,689,18,1.0,2.357701370148061,0.011029604551021309,1.069477892870377,0.6711733885904648,0.901708691642026,0.0049688732251524925,1.492453932762146,0.5628845560368063,0.4585871331589497,0
c6,C_hard_maze,5,hrm,hrm,,0.0,128,1,1.983198553245335,1.0080868981504156,1.9672892851638113,110,110,192,689,18,1.0,2.325680630225293,0.0007128746417875708,0.9936785330392506,0.5981408204910582,0.9663144616553184,0.00028572510927915573,1.5633741617202759,0.48545982939405263,0.3948892277107689,0
c6,C_hard_maze,5,hrm,hrm,,0.0,144,1,1.983198553245335,1.0080868981504156,1.9672892851638113,110,110,192,689,18,1.0,2.325680630225293,0.0007128746417875708,0.9936785330392506,0.5981408204910582,0.9663144616553184,0.00028572510927915573,1.5633741617202759,0.48545982939405263,0.3948892277107689,0
c6,C_hard_maze,5,hrm,hrm,,0.0,168,1,1.983198553245335,1.0080868981504156,1.9672892851638113,110,110,192,689,18,1.0,2.325680630225293,0.0007128746417875708,0.9936785330392506,0.5981408204910582,0.9663144616553184,0.00028572510927915573,1.5633741617202759,0.48545982939405263,0.3948892277107689,0
c6,C_hard_maze,6,euclidean,,,0.0,128,0,nan,nan,2.1866108208437383,128,128,192,723,17,1.0,1.0259948404202899,0.0,0.5386148532505253,0.24641208550377508,0.914789219542631,0.0,1.0259948404202899,0.5386148532505253,0.24641208550377508,0
c6,C_hard_maze,6,euclidean,,,0.0,144,1,2.1866108208437383,1.0,2.1866108208437383,133,133,192,723,17,1.0,1.0259948404202899,0.0,0.5386148532505253,0.24641208550377508,0.914789219542631,0.0,1.0259948404202899,0.5386148532505253,0.24641208550377508,0
c6,C_hard_maze,6,euclidean,,,0.0,168,1,2.1866108208437383,1.0,2.1866108208437383,133,133,192,723,17,1.0,1.0259948404202899,0.0,0.5386148532505253,0.24641208550377508,0.914789219542631,0.0,1.0259948404202899,0.5386148532505253,0.24641208550377508,0
c6,C_hard_maze,6,grid_oracle,,,0.0,128,1,2.1866108208437383,1.0,2.1866108208437383,95,95,192,723,17,1.0,2.4373576739451184,0.010192272726617031,0.9616181433233356,0.6480200107463528,0.9942693215419256,0.0,2.4760630848677403,0.9956107774605369,0.641884279140005,0
c6,C_hard_maze,6,grid_oracle,,,0.0,144,1,2.1866108208437383,1.0,2.1866108208437383,95,95,192,723,17,1.0,2.4373576739451184,0.010192272726617031,0.9616181433233356,0.6480200107463528,0.9942693215419256,0.0,2.4760630848677403,0.9956107774605369,0.641884279140005,0
c6,C_hard_maze,6,grid_oracle,,,0.0,168,1,2.1866108208437383,1.0,2.1866108208437383,95,95,192,723,17,1.0,2.4373576739451184,0.010192272726617031,0.9616181433233356,0.6480200107463528,0.9942693215419256,0.0,2.4760630848677403,0.9956107774605369,0.641884279140005,0
c6,C_hard_maze,6,unet,unet,,0.0,128,1,2.1866108208437383,1.0,2.1866108208437383,90,90,192,723,17,1.0,2.207571887321289,0.032096705881730116,0.9894212479626608,0.5865589290610664,0.9831402761576651,0.025683775544166565,1.3591381311416626,0.4744415423751889,0.3504642114597231,0
c6,C_hard_maze,6,unet,unet,,0.0,144,1,2.1866108208437383,1.0,2.1866108208437383,90,90,192,723,17,1.0,2.207571887321289,0.032096705881730116,0.9894212479626608,0.5865589290610664,0.9831402761576651,0.025683775544166565,1.3591381311416626,0.4744415423751889,0.3504642114597231,0
c6,C_hard_maze,6,unet,unet,,0.0,168,1,2.1866108208437383,1.0,2.1866108208437383,90,90,192,723,17,1.0,2.207571887321289,0.032096705881730116,0.9894212479626608,0.5865589290610664,0.9831402761576651,0.025683775544166565,1.3591381311416626,0.4744415423751889,0.3504642114597231,0
c6,C_hard_maze,6,onlstm,onlstm,,0.0,128,1,2.3555377470268937,1.077255140500024,2.1866108208437383,97,97,192,723,17,1.0,2.5114901840513193,0.006341071023925099,1.0917815198790732,0.6977304748299139,0.9307198274692783,0.002060886239632964,1.5567193031311035,0.5761725408717098,0.45718031024496014,0
c6,C_hard_maze,6,onlstm,onlstm,,0.0,144,1,2.3555377470268937,1.077255140500024,2.1866108208437383,97,97,192,723,17,1.0,2.5114901840513193,0.006341071023925099,1.0917815198790732,0.6977304748299139,0.9307198274692783,0.002060886239632964,1.5567193031311035,0.5761725408717098,0.45718031024496014,0
c6,C_hard_maze,6,onlstm,onlstm,,0.0,168,1,2.3555377470268937,1.077255140500024,2.1866108208437383,97,97,192,723,17,1.0,2.5114901840513193,0.006341071023925099,1.0917815198790732,0.6977304748299139,0.9307198274692783,0.002060886239632964,1.5567193031311035,0.5761725408717098,0.45718031024496014,0
c6,C_hard_maze,6,hrm,hrm,,0.0,128,1,2.214208372199075,1.0126211537472807,2.1866108208437383,87,87,192,723,17,1.0,2.400567564979717,0.00031763960945296725,0.9947888466864058,0.6305764291353029,0.9759701462170741,0.0002441219985485077,1.5093806982040405,0.47908310963677536,0.38745354529765985,0
c6,C_hard_maze,6,hrm,hrm,,0.0,144,1,2.214208372199075,1.0126211537472807,2.1866108208437383,87,87,192,723,17,1.0,2.400567564979717,0.00031763960945296725,0.9947888466864058,0.6305764291353029,0.9759701462170741,0.0002441219985485077,1.5093806982040405,0.47908310963677536,0.38745354529765985,0
c6,C_hard_maze,6,hrm,hrm,,0.0,168,1,2.214208372199075,1.0126211537472807,2.1866108208437383,87,87,192,723,17,1.0,2.400567564979717,0.00031763960945296725,0.9947888466864058,0.6305764291353029,0.9759701462170741,0.0002441219985485077,1.5093806982040405,0.47908310963677536,0.38745354529765985,0
c6,C_hard_maze,7,euclidean,,,0.0,128,0,nan,nan,2.3162573251294862,128,128,192,733,16,1.0,1.0387918222682064,0.0,0.5259153941458908,0.2577849970885855,0.9094705395654181,0.0,1.0387918222682064,0.5259153941458908,0.2577849970885855,0
c6,C_hard_maze,7,euclidean,,,0.0,144,1,2.3162573251294862,1.0,2.3162573251294862,141,141,192,733,16,1.0,1.0387918222682064,0.0,0.5259153941458908,0.2577849970885855,0.9094705395654181,0.0,1.0387918222682064,0.5259153941458908,0.2577849970885855,0
c6,C_hard_maze,7,euclidean,,,0.0,168,1,2.3162573251294862,1.0,2.3162573251294862,141,141,192,733,16,1.0,1.0387918222682064,0.0,0.5259153941458908,0.2577849970885855,0.9094705395654181,0.0,1.0387918222682064,0.5259153941458908,0.2577849970885855,0
c6,C_hard_maze,7,grid_oracle,,,0.0,128,1,2.323803310167535,1.0032578353692316,2.3162573251294862,128,128,192,733,16,1.0,2.2850907893007215,0.009363901757631243,0.9910443218498045,0.6074832711338488,0.9945999376068146,0.0,2.3144514325160586,1.0421960593426112,0.5905154148438522,0
c6,C_hard_maze,7,grid_oracle,,,0.0,144,1,2.323803310167535,1.0032578353692316,2.3162573251294862,128,128,192,733,16,1.0,2.2850907893007215,0.009363901757631243,0.9910443218498045,0.6074832711338488,0.9945999376068146,0.0,2.3144514325160586,1.0421960593426112,0.5905154148438522,0
c6,C_hard_maze,7,grid_oracle,,,0.0,168,1,2.323803310167535,1.0032578353692316,2.3162573251294862,128,128,192,733,16,1.0,2.2850907893007215,0.009363901757631243,0.9910443218498045,0.6074832711338488,0.9945999376068146,0.0,2.3144514325160586,1.0421960593426112,0.5905154148438522,0
c6,C_hard_maze,7,unet,unet,,0.0,128,0,nan,nan,2.3162573251294862,128,128,192,733,16,1.0,2.2976241717013073,0.03173274298124363,0.9768468424231308,0.6158544077309993,0.9771722323196702,0.02404063753783703,1.3852505683898926,0.48701239377305683,0.36241498226696667,0
c6,C_hard_maze,7,unet,unet,,0.0,144,1,2.3694904574716156,1.0229823913623903,2.3162573251294862,134,134,192,733,16,1.0,2.2976241717013073,0.03173274298124363,0.9768468424231308,0.6158544077309993,0.9771722323196702,0.02404063753783703,1.3852505683898926,0.48701239377305683,0.36241498226696667,0
c6,C_hard_maze,7,unet,unet,,0.0,168,1,2.3694904574716156,1.0229823913623903,2.3162573251294862,134,134,192,733,16,1.0,2.2976241717013073,0.03173274298124363,0.9768468424231308,0.6158544077309993,0.9771722323196702,0.02404063753783703,1.3852505683898926,0.48701239377305683,0.36241498226696667,0
c6,C_hard_maze,7,onlstm,onlstm,,0.0,128,0,nan,nan,2.3162573251294862,128,128,192,733,16,1.0,2.4484338603984273,0.013938480177476266,1.0670874655921605,0.7189700852154954,0.9329290209695359,0.0036221444606781006,1.5145955085754395,0.6098481799292017,0.470030363356574,0
c6,C_hard_maze,7,onlstm,onlstm,,0.0,144,0,nan,nan,2.3162573251294862,144,144,192,733,16,1.0,2.4484338603984273,0.013938480177476266,1.0670874655921605,0.7189700852154954,0.9329290209695359,0.0036221444606781006,1.5145955085754395,0.6098481799292017,0.470030363356574,0
c6,C_hard_maze,7,onlstm,onlstm,,0.0,168,1,2.7012171528850857,1.1661990762335006,2.3162573251294862,150,150,192,733,16,1.0,2.4484338603984273,0.013938480177476266,1.0670874655921605,0.7189700852154954,0.9329290209695359,0.0036221444606781006,1.5145955085754395,0.6098481799292017,0.470030363356574,0
c6,C_hard_maze,7,hrm,hrm,,0.0,128,0,nan,nan,2.3162573251294862,128,128,192,733,16,1.0,2.3933719997487,0.00028730542755078326,0.9572695491276617,0.6465318225499855,0.970229294957003,0.00021913174714427441,1.5303229093551636,0.477317436134296,0.39071959328090383,0
c6,C_hard_maze,7,hrm,hrm,,0.0,144,1,2.3694904574716156,1.0229823913623903,2.3162573251294862,129,129,192,733,16,1.0,2.3933719997487,0.00028730542755078326,0.9572695491276617,0.6465318225499855,0.970229294957003,0.00021913174714427441,1.5303229093551636,0.477317436134296,0.39071959328090383,0
c6,C_hard_maze,7,hrm,hrm,,0.0,168,1,2.3694904574716156,1.0229823913623903,2.3162573251294862,129,129,192,733,16,1.0,2.3933719997487,0.00028730542755078326,0.9572695491276617,0.6465318225499855,0.970229294957003,0.00021913174714427441,1.5303229093551636,0.477317436134296,0.39071959328090383,0
c6,C_hard_maze,8,euclidean,,,0.0,128,0,nan,nan,2.0204260066245365,128,128,192,697,16,1.0,0.9830860110305432,0.0,0.517873251712147,0.2381137637479114,0.8912595285245368,0.0,0.9830860110305432,0.517873251712147,0.2381137637479114,0
c6,C_hard_maze,8,euclidean,,,0.0,144,0,nan,nan,2.0204260066245365,144,144,192,697,16,1.0,0.9830860110305432,0.0,0.517873251712147,0.2381137637479114,0.8912595285245368,0.0,0.9830860110305432,0.517873251712147,0.2381137637479114,0
c6,C_hard_maze,8,euclidean,,,0.0,168,1,2.0204260066245365,1.0,2.0204260066245365,161,161,192,697,16,1.0,0.9830860110305432,0.0,0.517873251712147,0.2381137637479114,0.8912595285245368,0.0,0.9830860110305432,0.517873251712147,0.2381137637479114,0
c6,C_hard_maze,8,grid_oracle,,,0.0,128,1,2.023150824670844,1.0013486354052923,2.0204260066245365,99,99,192,697,16,1.0,2.4113103349414917,0.006999527396256585,1.103937558102829,0.6062770038194794,0.9977280742207635,0.0,2.4200351717798196,1.0481294083858799,0.6298017770680236,0
c6,C_hard_maze,8,grid_oracle,,,0.0,144,1,2.023150824670844,1.0013486354052923,2.0204260066245365,99,99,192,697,16,1.0,2.4113103349414917,0.006999527396256585,1.103937558102829,0.6062770038194794,0.9977280742207635,0.0,2.4200351717798196,1.0481294083858799,0.6298017770680236,0
c6,C_hard_maze,8,grid_oracle,,,0.0,168,1,2.023150824670844,1.0013486354052923,2.0204260066245365,99,99,192,697,16,1.0,2.4113103349414917,0.006999527396256585,1.103937558102829,0.6062770038194794,0.9977280742207635,0.0,2.4200351717798196,1.0481294083858799,0.6298017770680236,0
c6,C_hard_maze,8,unet,unet,,0.0,128,1,2.0204260066245365,1.0,2.0204260066245365,122,122,192,697,16,1.0,2.2443985065648766,0.04373242129016578,1.01513679962261,0.5452981768643564,0.9800104440767166,0.02367040142416954,1.3121451139450073,0.4649609898306153,0.3370126646930263,0
c6,C_hard_maze,8,unet,unet,,0.0,144,1,2.0204260066245365,1.0,2.0204260066245365,122,122,192,697,16,1.0,2.2443985065648766,0.04373242129016578,1.01513679962261,0.5452981768643564,0.9800104440767166,0.02367040142416954,1.3121451139450073,0.4649609898306153,0.3370126646930263,0
c6,C_hard_maze,8,unet,unet,,0.0,168,1,2.0204260066245365,1.0,2.0204260066245365,122,122,192,697,16,1.0,2.2443985065648766,0.04373242129016578,1.01513679962261,0.5452981768643564,0.9800104440767166,0.02367040142416954,1.3121451139450073,0.4649609898306153,0.3370126646930263,0
c6,C_hard_maze,8,onlstm,onlstm,,0.0,128,1,2.1227838299162713,1.050661505522165,2.0204260066245365,94,94,192,697,16,1.0,2.3693655740533095,0.003003819118171397,1.0934595106955078,0.6694285840904931,0.9186277568293413,0.0008056142833083868,1.4321080446243286,0.564766453425193,0.447738593955522,0
c6,C_hard_maze,8,onlstm,onlstm,,0.0,144,1,2.1227838299162713,1.050661505522165,2.0204260066245365,94,94,192,697,16,1.0,2.3693655740533095,0.003003819118171397,1.0934595106955078,0.6694285840904931,0.9186277568293413,0.0008056142833083868,1.4321080446243286,0.564766453425193,0.447738593955522,0
c6,C_hard_maze,8,onlstm,onlstm,,0.0,168,1,2.1227838299162713,1.050661505522165,2.0204260066245365,94,94,192,697,16,1.0,2.3693655740533095,0.003003819118171397,1.0934595106955078,0.6694285840904931,0.9186277568293413,0.0008056142833083868,1.4321080446243286,0.564766453425193,0.447738593955522,0
c6,C_hard_maze,8,hrm,hrm,,0.0,128,1,2.03186528714449,1.0056618161132587,2.0204260066245365,118,118,192,697,16,1.0,2.2767968010795325,0.0007057670676427632,0.9981744070528836,0.5884042474348047,0.9705463472858966,0.0003616766189225018,1.4178773164749146,0.4519767312636418,0.37174349782851684,0
c6,C_hard_maze,8,hrm,hrm,,0.0,144,1,2.03186528714449,1.0056618161132587,2.0204260066245365,118,118,192,697,16,1.0,2.2767968010795325,0.0007057670676427632,0.9981744070528836,0.5884042474348047,0.9705463472858966,0.0003616766189225018,1.4178773164749146,0.4519767312636418,0.37174349782851684,0
c6,C_hard_maze,8,hrm,hrm,,0.0,168,1,2.03186528714449,1.0056618161132587,2.0204260066245365,118,118,192,697,16,1.0,2.2767968010795325,0.0007057670676427632,0.9981744070528836,0.5884042474348047,0.9705463472858966,0.0003616766189225018,1.4178773164749146,0.4519767312636418,0.37174349782851684,0
c6,C_hard_maze,9,euclidean,,,0.0,128,0,nan,nan,2.7278011437492857,128,128,192,641,24,1.0,0.9533188204822297,0.0,0.4972238479285142,0.2482473084861312,0.9092179149825028,0.0,0.9533188204822297,0.4972238479285142,0.2482473084861312,0
c6,C_hard_maze,9,euclidean,,,0.0,144,1,2.7278011437492857,1.0,2.7278011437492857,138,138,192,641,24,1.0,0.9533188204822297,0.0,0.4972238479285142,0.2482473084861312,0.9092179149825028,0.0,0.9533188204822297,0.4972238479285142,0.2482473084861312,0
c6,C_hard_maze,9,euclidean,,,0.0,168,1,2.7278011437492857,1.0,2.7278011437492857,138,138,192,641,24,1.0,0.9533188204822297,0.0,0.4972238479285142,0.2482473084861312,0.9092179149825028,0.0,0.9533188204822297,0.4972238479285142,0.2482473084861312,0
c6,C_hard_maze,9,grid_oracle,,,0.0,128,0,nan,nan,2.7278011437492857,128,128,192,641,24,1.0,2.0996213460974915,0.0,0.9139048699840782,0.5639591299229291,0.9815736646501912,0.0,2.2104380848677403,0.9626984432500932,0.5631735022068491,0
c6,C_hard_maze,9,grid_oracle,,,0.0,144,1,2.736546838121516,1.003206133406121,2.7278011437492857,134,134,192,641,24,1.0,2.0996213460974915,0.0,0.9139048699840782,0.5639591299229291,0.9815736646501912,0.0,2.2104380848677403,0.9626984432500932,0.5631735022068491,0
c6,C_hard_maze,9,grid_oracle,,,0.0,168,1,2.736546838121516,1.003206133406121,2.7278011437492857,134,134,192,641,24,1.0,2.0996213460974915,0.0,0.9139048699840782,0.5639591299229291,0.9815736646501912,0.0,2.2104380848677403,0.9626984432500932,0.5631735022068491,0
c6,C_hard_maze,9,unet,unet,,0.0,128,0,nan,nan,2.7278011437492857,128,128,192,641,24,1.0,2.134241033224559,0.06425259785443532,0.9376481221694246,0.5637109571159269,0.9684015815316173,0.0245201475918293,1.3094654083251953,0.46087171571616636,0.3290716182577308,0
c6,C_hard_maze,9,unet,unet,,0.0,144,1,2.735689766447871,1.0028919346693077,2.7278011437492857,134,134,192,641,24,1.0,2.134241033224559,0.06425259785443532,0.9376481221694246,0.5637109571159269,0.9684015815316173,0.0245201475918293,1.3094654083251953,0.46087171571616636,0.3290716182577308,0
c6,C_hard_maze,9,unet,unet,,0.0,168,1,2.735689766447871,1.0028919346693077,2.7278011437492857,134,134,192,641,24,1.0,2.134241033224559,0.06425259785443532,0.9376481221694246,0.5637109571159269,0.9684015815316173,0.0245201475918293,1.3094654083251953,0.46087171571616636,0.3290716182577308,0
c6,C_hard_maze,9,onlstm,onlstm,,0.0,128,1,2.7492180861605564,1.0078513576623234,2.7278011437492857,121,121,192,641,24,1.0,2.3450638462791202,0.002141609967930101,1.0209884772737092,0.6973043030060538,0.9315506062989991,0.0006037138518877327,1.5053085088729858,0.5556139341339303,0.45761260777994917,0
c6,C_hard_maze,9,onlstm,onlstm,,0.0,144,1,2.7492180861605564,1.0078513576623234,2.7278011437492857,121,121,192,641,24,1.0,2.3450638462791202,0.002141609967930101,1.0209884772737092,0.6973043030060538,0.9315506062989991,0.0006037138518877327,1.5053085088729858,0.5556139341339303,0.45761260777994917,0
c6,C_hard_maze,9,onlstm,onlstm,,0.0,168,1,2.7492180861605564,1.0078513576623234,2.7278011437492857,121,121,192,641,24,1.0,2.3450638462791202,0.002141609967930101,1.0209884772737092,0.6973043030060538,0.9315506062989991,0.0006037138518877327,1.5053085088729858,0.5556139341339303,0.45761260777994917,0
c6,C_hard_maze,9,hrm,hrm,,0.0,128,0,nan,nan,2.7278011437492857,128,128,192,641,24,1.0,2.201511464350647,0.0005462442540898369,0.9328495141098104,0.6072048081546023,0.9700919621300493,0.00020931806648150086,1.464098572731018,0.45869494268139377,0.37871885924300813,0
c6,C_hard_maze,9,hrm,hrm,,0.0,144,1,2.7533856055934223,1.00937915210673,2.7278011437492857,129,129,192,641,24,1.0,2.201511464350647,0.0005462442540898369,0.9328495141098104,0.6072048081546023,0.9700919621300493,0.00020931806648150086,1.464098572731018,0.45869494268139377,0.37871885924300813,0
c6,C_hard_maze,9,hrm,hrm,,0.0,168,1,2.7533856055934223,1.00937915210673,2.7278011437492857,129,129,192,641,24,1.0,2.201511464350647,0.0005462442540898369,0.9328495141098104,0.6072048081546023,0.9700919621300493,0.00020931806648150086,1.464098572731018,0.45869494268139377,0.37871885924300813,0
c6,C_hard_maze,10,euclidean,,,0.0,128,1,2.2144973271771753,0.9999999999999996,2.214497327177176,127,127,192,640,20,1.0,0.9772332460991832,0.0,0.5071448152991122,0.22909654648204564,0.8770532105363102,0.0,0.9772332460991832,0.5071448152991122,0.22909654648204564,0
c6,C_hard_maze,10,euclidean,,,0.0,144,1,2.2144973271771753,0.9999999999999996,2.214497327177176,127,127,192,640,20,1.0,0.9772332460991832,0.0,0.5071448152991122,0.22909654648204564,0.8770532105363102,0.0,0.9772332460991832,0.5071448152991122,0.22909654648204564,0
c6,C_hard_maze,10,euclidean,,,0.0,168,1,2.2144973271771753,0.9999999999999996,2.214497327177176,127,127,192,640,20,1.0,0.9772332460991832,0.0,0.5071448152991122,0.22909654648204564,0.8770532105363102,0.0,0.9772332460991832,0.5071448152991122,0.22909654648204564,0
c6,C_hard_maze,10,grid_oracle,,,0.0,128,1,2.2144973271771753,0.9999999999999996,2.214497327177176,74,74,192,640,20,1.0,2.353743675431975,0.010835845004208831,1.0176866440353807,0.6104356021243839,0.9955697447304888,0.0,2.3914659979556605,1.0231407581286682,0.5910263376258733,0
c6,C_hard_maze,10,grid_oracle,,,0.0,144,1,2.2144973271771753,0.9999999999999996,2.214497327177176,74,74,192,640,20,1.0,2.353743675431975,0.010835845004208831,1.0176866440353807,0.6104356021243839,0.9955697447304888,0.0,2.3914659979556605,1.0231407581286682,0.5910263376258733,0
c6,C_hard_maze,10,grid_oracle,,,0.0,168,1,2.2144973271771753,0.9999999999999996,2.214497327177176,74,74,192,640,20,1.0,2.353743675431975,0.010835845004208831,1.0176866440353807,0.6104356021243839,0.9955697447304888,0.0,2.3914659979556605,1.0231407581286682,0.5910263376258733,0
c6,C_hard_maze,10,unet,unet,,0.0,128,1,2.225014294593206,1.0047491443258756,2.214497327177176,91,91,192,640,20,1.0,2.269247619200125,0.051798121646273294,0.970002036905966,0.5768464269492809,0.9799561891327347,0.022690219804644585,1.3631166219711304,0.4710710677318275,0.3440133231728502,0
c6,C_hard_maze,10,unet,unet,,0.0,144,1,2.225014294593206,1.0047491443258756,2.214497327177176,91,91,192,640,20,1.0,2.269247619200125,0.051798121646273294,0.970002036905966,0.5768464269492809,0.9799561891327347,0.022690219804644585,1.3631166219711304,0.4710710677318275,0.3440133231728502,0
c6,C_hard_maze,10,unet,unet,,0.0,168,1,2.225014294593206,1.0047491443258756,2.214497327177176,91,91,192,640,20,1.0,2.269247619200125,0.051798121646273294,0.970002036905966,0.5768464269492809,0.9799561891327347,0.022690219804644585,1.3631166219711304,0.4710710677318275,0.3440133231728502,0
c6,C_hard_maze,10,onlstm,onlstm,,0.0,128,1,2.267146662300328,1.023774846994403,2.214497327177176,90,90,192,640,20,1.0,2.398386605741257,0.0014052236085896695,1.0435804697592015,0.6705119110618051,0.9271000054254944,0.0007735359249636531,1.450843095779419,0.5675451711536397,0.4466008087344996,0
c6,C_hard_maze,10,onlstm,onlstm,,0.0,144,1,2.267146662300328,1.023774846994403,2.214497327177176,90,90,192,640,20,1.0,2.398386605741257,0.0014052236085896695,1.0435804697592015,0.6705119110618051,0.9271000054254944,0.0007735359249636531,1.450843095779419,0.5675451711536397,0.4466008087344996,0
c6,C_hard_maze,10,onlstm,onlstm,,0.0,168,1,2.267146662300328,1.023774846994403,2.214497327177176,90,90,192,640,20,1.0,2.398386605741257,0.0014052236085896695,1.0435804697592015,0.6705119110618051,0.9271000054254944,0.0007735359249636531,1.450843095779419,0.5675451711536397,0.4466008087344996,0
c6,C_hard_maze,10,hrm,hrm,,0.0,128,1,2.2860443594730664,1.032308475344647,2.214497327177176,89,89,192,640,20,1.0,2.3594912699173394,0.0006546258348018879,0.9523913298182632,0.6134491117099985,0.9652497083796762,0.00030095872352831066,1.472745418548584,0.4575407003281171,0.386445404755878,0
c6,C_hard_maze,10,hrm,hrm,,0.0,144,1,2.2860443594730664,1.032308475344647,2.214497327177176,89,89,192,640,20,1.0,2.3594912699173394,0.0006546258348018879,0.9523913298182632,0.6134491117099985,0.9652497083796762,0.00030095872352831066,1.472745418548584,0.4575407003281171,0.386445404755878,0
c6,C_hard_maze,10,hrm,hrm,,0.0,168,1,2.2860443594730664,1.032308475344647,2.214497327177176,89,89,192,640,20,1.0,2.3594912699173394,0.0006546258348018879,0.9523913298182632,0.6134491117099985,0.9652497083796762,0.00030095872352831066,1.472745418548584,0.4575407003281171,0.386445404755878,0
c6,C_hard_maze,11,euclidean,,,0.0,128,0,nan,nan,1.9096173508608323,128,128,192,693,23,1.0,0.9866791317691113,0.0,0.5008773820010686,0.2285871991362157,0.9015340585410847,0.0,0.9866791317691113,0.5008773820010686,0.2285871991362157,0
c6,C_hard_maze,11,euclidean,,,0.0,144,1,1.9096173508608327,1.0000000000000002,1.9096173508608323,131,131,192,693,23,1.0,0.9866791317691113,0.0,0.5008773820010686,0.2285871991362157,0.9015340585410847,0.0,0.9866791317691113,0.5008773820010686,0.2285871991362157,0
c6,C_hard_maze,11,euclidean,,,0.0,168,1,1.9096173508608327,1.0000000000000002,1.9096173508608323,131,131,192,693,23,1.0,0.9866791317691113,0.0,0.5008773820010686,0.2285871991362157,0.9015340585410847,0.0,0.9866791317691113,0.5008773820010686,0.2285871991362157,0
c6,C_hard_maze,11,grid_oracle,,,0.0,128,1,1.9098642866855633,1.0001293116783945,1.9096173508608323,54,54,192,693,23,1.0,2.274508476483183,0.007189871365609562,0.9221542949014929,0.552758836318861,0.9972448661259259,0.0,2.321383476483183,0.9769420242239168,0.5955480087232577,0
c6,C_hard_maze,11,grid_oracle,,,0.0,144,1,1.9098642866855633,1.0001293116783945,1.9096173508608323,54,54,192,693,23,1.0,2.274508476483183,0.007189871365609562,0.9221542949014929,0.552758836318861,0.9972448661259259,0.0,2.321383476483183,0.9769420242239168,0.5955480087232577,0
c6,C_hard_maze,11,grid_oracle,,,0.0,168,1,1.9098642866855633,1.0001293116783945,1.9096173508608323,54,54,192,693,23,1.0,2.274508476483183,0.007189871365609562,0.9221542949014929,0.552758836318861,0.9972448661259259,0.0,2.321383476483183,0.9769420242239168,0.5955480087232577,0
c6,C_hard_maze,11,unet,unet,,0.0,128,1,1.9566150185620874,1.0246110393163683,1.9096173508608323,79,79,192,693,23,1.0,2.2213797073171433,0.046917559861940135,0.9507199853580812,0.5411063057865837,0.9840473510023602,0.024435097351670265,1.4246059656143188,0.4889085329905356,0.35700671795799743,0
c6,C_hard_maze,11,unet,unet,,0.0,144,1,1.9566150185620874,1.0246110393163683,1.9096173508608323,79,79,192,693,23,1.0,2.2213797073171433,0.046917559861940135,0.9507199853580812,0.5411063057865837,0.9840473510023602,0.024435097351670265,1.4246059656143188,0.4889085329905356,0.35700671795799743,0
c6,C_hard_maze,11,unet,unet,,0.0,168,1,1.9566150185620874,1.0246110393163683,1.9096173508608323,79,79,192,693,23,1.0,2.2213797073171433,0.046917559861940135,0.9507199853580812,0.5411063057865837,0.9840473510023602,0.024435097351670265,1.4246059656143188,0.4889085329905356,0.35700671795799743,0
c6,C_hard_maze,11,onlstm,onlstm,,0.0,128,1,1.9537041769685954,1.0230867331027806,1.9096173508608323,78,78,192,693,23,1.0,2.428823854847658,0.005677106644773791,1.0327273103231966,0.6706295647761438,0.9147553102026423,0.0018490252550691366,1.4860241413116455,0.5681047171224805,0.4606938767926364,0
c6,C_hard_maze,11,onlstm,onlstm,,0.0,144,1,1.9537041769685954,1.0230867331027806,1.9096173508608323,78,78,192,693,23,1.0,2.428823854847658,0.005677106644773791,1.0327273103231966,0.6706295647761438,0.9147553102026423,0.0018490252550691366,1.4860241413116455,0.5681047171224805,0.4606938767926364,0
c6,C_hard_maze,11,onlstm,onlstm,,0.0,168,1,1.9537041769685954,1.0230867331027806,1.9096173508608323,78,78,192,693,23,1.0,2.428823854847658,0.005677106644773791,1.0327273103231966,0.6706295647761438,0.9147553102026423,0.0018490252550691366,1.4860241413116455,0.5681047171224805,0.4606938767926364,0
c6,C_hard_maze,11,hrm,hrm,,0.0,128,1,1.954769413236326,1.0236445601812005,1.9096173508608323,84,84,192,693,23,1.0,2.4893406311618547,0.00020345396078626704,0.9490513228557984,0.616364224601638,0.9600429292244258,9.472887177253142e-05,1.6637705564498901,0.48607096168074015,0.42053907079783437,0
c6,C_hard_maze,11,hrm,hrm,,0.0,144,1,1.954769413236326,1.0236445601812005,1.9096173508608323,84,84,192,693,23,1.0,2.4893406311618547,0.00020345396078626704,0.9490513228557984,0.616364224601638,0.9600429292244258,9.472887177253142e-05,1.6637705564498901,0.48607096168074015,0.42053907079783437,0
c6,C_hard_maze,11,hrm,hrm,,0.0,168,1,1.954769413236326,1.0236445601812005,1.9096173508608323,84,84,192,693,23,1.0,2.4893406311618547,0.00020345396078626704,0.9490513228557984,0.616364224601638,0.9600429292244258,9.472887177253142e-05,1.6637705564498901,0.48607096168074015,0.42053907079783437,0
c6,C_hard_maze,12,euclidean,,,0.0,128,1,1.6726198051533543,0.9999999999999996,1.672619805153355,124,124,192,713,18,1.0,0.9645542764585888,0.0,0.4744964803299405,0.2434576977546237,0.9293125898597512,0.0,0.9645542764585888,0.4744964803299405,0.2434576977546237,0
c6,C_hard_maze,12,euclidean,,,0.0,144,1,1.6726198051533543,0.9999999999999996,1.672619805153355,124,124,192,713,18,1.0,0.9645542764585888,0.0,0.4744964803299405,0.2434576977546237,0.9293125898597512,0.0,0.9645542764585888,0.4744964803299405,0.2434576977546237,0
c6,C_hard_maze,12,euclidean,,,0.0,168,1,1.6726198051533543,0.9999999999999996,1.672619805153355,124,124,192,713,18,1.0,0.9645542764585888,0.0,0.4744964803299405,0.2434576977546237,0.9293125898597512,0.0,0.9645542764585888,0.4744964803299405,0.2434576977546237,0
c6,C_hard_maze,12,grid_oracle,,,0.0,128,1,1.67270143979272,1.000048806452676,1.672619805153355,59,59,192,713,18,1.0,1.8608193567361297,0.0033578597240372945,0.7943376424974974,0.5022628561364767,0.9956969047554461,0.0,1.9383409979556607,0.8172446046989289,0.48858494288425974,0
c6,C_hard_maze,12,grid_oracle,,,0.0,144,1,1.67270143979272,1.000048806452676,1.672619805153355,59,59,192,713,18,1.0,1.8608193567361297,0.0033578597240372945,0.7943376424974974,0.5022628561364767,0.9956969047554461,0.0,1.9383409979556607,0.8172446046989289,0.48858494288425974,0
c6,C_hard_maze,12,grid_oracle,,,0.0,168,1,1.67270143979272,1.000048806452676,1.672619805153355,59,59,192,713,18,1.0,1.8608193567361297,0.0033578597240372945,0.7943376424974974,0.5022628561364767,0.9956969047554461,0.0,1.9383409979556607,0.8172446046989289,0.48858494288425974,0
c6,C_hard_maze,12,unet,unet,,0.0,128,1,1.6842430437474913,1.0069491217061552,1.672619805153355,54,54,192,713,18,1.0,2.0628572806616736,0.03296700800227362,0.9080477058889499,0.5711480133109281,0.9909902883650273,0.02154485322535038,1.3289048671722412,0.4635601767154185,0.3398279913574866,0
c6,C_hard_maze,12,unet,unet,,0.0,144,1,1.6842430437474913,1.0069491217061552,1.672619805153355,54,54,192,713,18,1.0,2.0628572806616736,0.03296700800227362,0.9080477058889499,0.5711480133109281,0.9909902883650273,0.02154485322535038,1.3289048671722412,0.4635601767154185,0.3398279913574866,0
c6,C_hard_maze,12,unet,unet,,0.0,168,1,1.6842430437474913,1.0069491217061552,1.672619805153355,54,54,192,713,18,1.0,2.0628572806616736,0.03296700800227362,0.9080477058889499,0.5711480133109281,0.9909902883650273,0.02154485322535038,1.3289048671722412,0.4635601767154185,0.3398279913574866,0
c6,C_hard_maze,12,onlstm,onlstm,,0.0,128,1,1.6726198051533543,0.9999999999999996,1.672619805153355,68,68,192,713,18,1.0,2.3975366953518416,0.0043794477443702615,0.9483056046125711,0.6980151969772699,0.9256978542169657,0.002285644644871354,1.5103193521499634,0.5192222420369035,0.44426574236734295,0
c6,C_hard_maze,12,onlstm,onlstm,,0.0,144,1,1.6726198051533543,0.9999999999999996,1.672619805153355,68,68,192,713,18,1.0,2.3975366953518416,0.0043794477443702615,0.9483056046125711,0.6980151969772699,0.9256978542169657,0.002285644644871354,1.5103193521499634,0.5192222420369035,0.44426574236734295,0
c6,C_hard_maze,12,onlstm,onlstm,,0.0,168,1,1.6726198051533543,0.9999999999999996,1.672619805153355,68,68,192,713,18,1.0,2.3975366953518416,0.0043794477443702615,0.9483056046125711,0.6980151969772699,0.9256978542169657,0.002285644644871354,1.5103193521499634,0.5192222420369035,0.44426574236734295,0
c6,C_hard_maze,12,hrm,hrm,,0.0,128,1,1.697347517828386,1.0147838215228857,1.672619805153355,49,49,192,713,18,1.0,2.4505519967098492,0.00024137085553170432,0.9085095950488382,0.6468455970906553,0.9835132788975397,0.00019214407075196505,1.6204744577407837,0.48861357633689195,0.4145316073638774,0
c6,C_hard_maze,12,hrm,hrm,,0.0,144,1,1.697347517828386,1.0147838215228857,1.672619805153355,49,49,192,713,18,1.0,2.4505519967098492,0.00024137085553170432,0.9085095950488382,0.6468455970906553,0.9835132788975397,0.00019214407075196505,1.6204744577407837,0.48861357633689195,0.4145316073638774,0
c6,C_hard_maze,12,hrm,hrm,,0.0,168,1,1.697347517828386,1.0147838215228857,1.672619805153355,49,49,192,713,18,1.0,2.4505519967098492,0.00024137085553170432,0.9085095950488382,0.6468455970906553,0.9835132788975397,0.00019214407075196505,1.6204744577407837,0.48861357633689195,0.4145316073638774,0
c6,C_hard_maze,13,euclidean,,,0.0,128,0,nan,nan,1.9136856251108045,128,128,192,668,21,1.0,1.0689749554997967,0.0,0.5103784321647611,0.24576492498564714,0.8887654965683748,0.0,1.0689749554997967,0.5103784321647611,0.24576492498564714,0
c6,C_hard_maze,13,euclidean,,,0.0,144,1,1.9136856251108039,0.9999999999999997,1.9136856251108045,139,139,192,668,21,1.0,1.0689749554997967,0.0,0.5103784321647611,0.24576492498564714,0.8887654965683748,0.0,1.0689749554997967,0.5103784321647611,0.24576492498564714,0
c6,C_hard_maze,13,euclidean,,,0.0,168,1,1.9136856251108039,0.9999999999999997,1.9136856251108045,139,139,192,668,21,1.0,1.0689749554997967,0.0,0.5103784321647611,0.24576492498564714,0.8887654965683748,0.0,1.0689749554997967,0.5103784321647611,0.24576492498564714,0
c6,C_hard_maze,13,grid_oracle,,,0.0,128,1,1.9136856251108039,0.9999999999999997,1.9136856251108045,86,86,192,668,21,1.0,2.153073169629319,0.009342135390077217,0.9710030368547713,0.5590817536571304,0.9958647559883895,0.0,2.1727159979556605,1.0496520432314955,0.5626218543844616,0
c6,C_hard_maze,13,grid_oracle,,,0.0,144,1,1.9136856251108039,0.9999999999999997,1.9136856251108045,86,86,192,668,21,1.0,2.153073169629319,0.009342135390077217,0.9710030368547713,0.5590817536571304,0.9958647559883895,0.0,2.1727159979556605,1.0496520432314955,0.5626218543844616,0
c6,C_hard_maze,13,grid_oracle,,,0.0,168,1,1.9136856251108039,0.9999999999999997,1.9136856251108045,86,86,192,668,21,1.0,2.153073169629319,0.009342135390077217,0.9710030368547713,0.5590817536571304,0.9958647559883895,0.0,2.1727159979556605,1.0496520432314955,0.5626218543844616,0
c6,C_hard_maze,13,unet,unet,,0.0,128,1,1.9333817093427752,1.0102922256265734,1.9136856251108045,98,98,192,668,21,1.0,2.1043800873207434,0.02156118817371952,0.9670540757060696,0.5864918803668617,0.9762905894799665,0.019483860582113266,1.433423399925232,0.5090020556503987,0.3724713978177948,0
c6,C_hard_maze,13,unet,unet,,0.0,144,1,1.9333817093427752,1.0102922256265734,1.9136856251108045,98,98,192,668,21,1.0,2.1043800873207434,0.02156118817371952,0.9670540757060696,0.5864918803668617,0.9762905894799665,0.019483860582113266,1.433423399925232,0.5090020556503987,0.3724713978177948,0
c6,C_hard_maze,13,unet,unet,,0.0,168,1,1.9333817093427752,1.0102922256265734,1.9136856251108045,98,98,192,668,21,1.0,2.1043800873207434,0.02156118817371952,0.9670540757060696,0.5864918803668617,0.9762905894799665,0.019483860582113266,1.433423399925232,0.5090020556503987,0.3724713978177948,0
c6,C_hard_maze,13,onlstm,onlstm,,0.0,128,1,1.9879464978290098,1.0388051578293616,1.9136856251108045,84,84,192,668,21,1.0,2.329391275478211,0.008625673230374031,1.0912365524487269,0.663171528118923,0.9182852724954563,0.004747205879539251,1.472708821296692,0.6188851441504539,0.4591086175579524,0
c6,C_hard_maze,13,onlstm,onlstm,,0.0,144,1,1.9879464978290098,1.0388051578293616,1.9136856251108045,84,84,192,668,21,1.0,2.329391275478211,0.008625673230374031,1.0912365524487269,0.663171528118923,0.9182852724954563,0.004747205879539251,1.472708821296692,0.6188851441504539,0.4591086175579524,0
c6,C_hard_maze,13,onlstm,onlstm,,0.0,168,1,1.9879464978290098,1.0388051578293616,1.9136856251108045,84,84,192,668,21,1.0,2.329391275478211,0.008625673230374031,1.0912365524487269,0.663171528118923,0.9182852724954563,0.004747205879539251,1.472708821296692,0.6188851441504539,0.4591086175579524,0
c6,C_hard_maze,13,hrm,hrm,,0.0,128,1,1.9507879142954156,1.0193878705560444,1.9136856251108045,87,87,192,668,21,1.0,2.200965364465203,0.0004304759358624489,0.9404345461816429,0.6072222209441397,0.9734133819819332,0.00019519288616720587,1.5797232389450073,0.48655213763203164,0.39883144199079423,0
c6,C_hard_maze,13,hrm,hrm,,0.0,144,1,1.9507879142954156,1.0193878705560444,1.9136856251108045,87,87,192,668,21,1.0,2.200965364465203,0.0004304759358624489,0.9404345461816429,0.6072222209441397,0.9734133819819332,0.00019519288616720587,1.5797232389450073,0.48655213763203164,0.39883144199079423,0
c6,C_hard_maze,13,hrm,hrm,,0.0,168,1,1.9507879142954156,1.0193878705560444,1.9136856251108045,87,87,192,668,21,1.0,2.200965364465203,0.0004304759358624489,0.9404345461816429,0.6072222209441397,0.9734133819819332,0.00019519288616720587,1.5797232389450073,0.48655213763203164,0.39883144199079423,0
c6,C_hard_maze,14,euclidean,,,0.0,128,0,nan,nan,2.089364462538966,128,128,192,690,24,1.0,1.0080987444066936,0.0,0.5199038071887462,0.24834163896557807,0.8721448335729595,0.0,1.0080987444066936,0.5199038071887462,0.24834163896557807,0
c6,C_hard_maze,14,euclidean,,,0.0,144,0,nan,nan,2.089364462538966,144,144,192,690,24,1.0,1.0080987444066936,0.0,0.5199038071887462,0.24834163896557807,0.8721448335729595,0.0,1.0080987444066936,0.5199038071887462,0.24834163896557807,0
c6,C_hard_maze,14,euclidean,,,0.0,168,1,2.089364462538966,1.0,2.089364462538966,146,146,192,690,24,1.0,1.0080987444066936,0.0,0.5199038071887462,0.24834163896557807,0.8721448335729595,0.0,1.0080987444066936,0.5199038071887462,0.24834163896557807,0
c6,C_hard_maze,14,grid_oracle,,,0.0,128,1,2.089364462538966,1.0,2.089364462538966,94,94,192,690,24,1.0,2.120002742374315,0.010498756846321409,0.9349309386123634,0.547111837439585,0.992131337655644,0.0,2.1517293456039788,1.0071775692464757,0.5346127916557618,0
c6,C_hard_maze,14,grid_oracle,,,0.0,144,1,2.089364462538966,1.0,2.089364462538966,94,94,192,690,24,1.0,2.120002742374315,0.010498756846321409,0.9349309386123634,0.547111837439585,0.992131337655644,0.0,2.1517293456039788,1.0071775692464757,0.5346127916557618,0
c6,C_hard_maze,14,grid_oracle,,,0.0,168,1,2.089364462538966,1.0,2.089364462538966,94,94,192,690,24,1.0,2.120002742374315,0.010498756846321409,0.9349309386123634,0.547111837439585,0.992131337655644,0.0,2.1517293456039788,1.0071775692464757,0.5346127916557618,0
c6,C_hard_maze,14,unet,unet,,0.0,128,1,2.1165107709373174,1.0129926151636386,2.089364462538966,96,96,192,690,24,1.0,2.309683853401447,0.027640800690222154,0.9830763714206664,0.6206861916861096,0.9637203971461901,0.019838862121105194,1.424660325050354,0.5135258358445753,0.37790663694265186,0
c6,C_hard_maze,14,unet,unet,,0.0,144,1,2.1165107709373174,1.0129926151636386,2.089364462538966,96,96,192,690,24,1.0,2.309683853401447,0.027640800690222154,0.9830763714206664,0.6206861916861096,0.9637203971461901,0.019838862121105194,1.424660325050354,0.5135258358445753,0.37790663694265186,0
c6,C_hard_maze,14,unet,unet,,0.0,168,1,2.1165107709373174,1.0129926151636386,2.089364462538966,96,96,192,690,24,1.0,2.309683853401447,0.027640800690222154,0.9830763714206664,0.6206861916861096,0.9637203971461901,0.019838862121105194,1.424660325050354,0.5135258358445753,0.37790663694265186,0
c6,C_hard_maze,14,onlstm,onlstm,,0.0,128,1,2.1233540045262496,1.0162678855684086,2.089364462538966,85,85,192,690,24,1.0,2.5403929413330477,0.0077235017935112175,1.0836271832332465,0.7045090496930398,0.9101131215582021,0.0035150719340890646,1.5427690744400024,0.6176110630404423,0.4703509272658983,0
c6,C_hard_maze,14,onlstm,onlstm,,0.0,144,1,2.1233540045262496,1.0162678855684086,2.089364462538966,85,85,192,690,24,1.0,2.5403929413330477,0.0077235017935112175,1.0836271832332465,0.7045090496930398,0.9101131215582021,0.0035150719340890646,1.5427690744400024,0.6176110630404423,0.4703509272658983,0
c6,C_hard_maze,14,onlstm,onlstm,,0.0,168,1,2.1233540045262496,1.0162678855684086,2.089364462538966,85,85,192,690,24,1.0,2.5403929413330477,0.0077235017935112175,1.0836271832332465,0.7045090496930398,0.9101131215582021,0.0035150719340890646,1.5427690744400024,0.6176110630404423,0.4703509272658983,0
c6,C_hard_maze,14,hrm,hrm,,0.0,128,1,2.1114106136926476,1.0105516062654245,2.089364462538966,96,96,192,690,24,1.0,2.483166301568311,0.00034376905977811335,0.9533990047887029,0.659517579670023,0.948149228223422,0.0002798454079311341,1.596036672592163,0.4836964151863299,0.4048010354650111,0
c6,C_hard_maze,14,hrm,hrm,,0.0,144,1,2.1114106136926476,1.0105516062654245,2.089364462538966,96,96,192,690,24,1.0,2.483166301568311,0.00034376905977811335,0.9533990047887029,0.659517579670023,0.948149228223422,0.0002798454079311341,1.596036672592163,0.4836964151863299,0.4048010354650111,0
c6,C_hard_maze,14,hrm,hrm,,0.0,168,1,2.1114106136926476,1.0105516062654245,2.089364462538966,96,96,192,690,24,1.0,2.483166301568311,0.00034376905977811335,0.9533990047887029,0.659517579670023,0.948149228223422,0.0002798454079311341,1.596036672592163,0.4836964151863299,0.4048010354650111,0
c6,C_hard_maze,15,euclidean,,,0.0,128,0,nan,nan,1.978648687934851,128,128,192,675,18,1.0,1.0143780929202624,0.0,0.5045559061745958,0.23494444741160392,0.87735161272821,0.0,1.0143780929202624,0.5045559061745958,0.23494444741160392,0
c6,C_hard_maze,15,euclidean,,,0.0,144,0,nan,nan,1.978648687934851,144,144,192,675,18,1.0,1.0143780929202624,0.0,0.5045559061745958,0.23494444741160392,0.87735161272821,0.0,1.0143780929202624,0.5045559061745958,0.23494444741160392,0
c6,C_hard_maze,15,euclidean,,,0.0,168,1,1.978648687934851,1.0,1.978648687934851,151,151,192,675,18,1.0,1.0143780929202624,0.0,0.5045559061745958,0.23494444741160392,0.87735161272821,0.0,1.0143780929202624,0.5045559061745958,0.23494444741160392,0
c6,C_hard_maze,15,grid_oracle,,,0.0,128,1,1.9815884608806362,1.0014857478054144,1.978648687934851,74,74,192,675,18,1.0,2.341799235498077,0.01140047101473908,1.0834342572738513,0.6152465960367924,0.9758378997911186,0.0,2.3602159979556605,1.1130887920728885,0.5954761058876258,0
c6,C_hard_maze,15,grid_oracle,,,0.0,144,1,1.9815884608806362,1.0014857478054144,1.978648687934851,74,74,192,675,18,1.0,2.341799235498077,0.01140047101473908,1.0834342572738513,0.6152465960367924,0.9758378997911186,0.0,2.3602159979556605,1.1130887920728885,0.5954761058876258,0
c6,C_hard_maze,15,grid_oracle,,,0.0,168,1,1.9815884608806362,1.0014857478054144,1.978648687934851,74,74,192,675,18,1.0,2.341799235498077,0.01140047101473908,1.0834342572738513,0.6152465960367924,0.9758378997911186,0.0,2.3602159979556605,1.1130887920728885,0.5954761058876258,0
c6,C_hard_maze,15,unet,unet,,0.0,128,1,1.9970980003340562,1.0093241981316354,1.978648687934851,106,106,192,675,18,1.0,2.1724580598547427,0.040685764172946094,0.9693674837762044,0.5805101489814256,0.963262621056344,0.022854294627904892,1.3813509941101074,0.4840009525300957,0.3549235014963907,0
c6,C_hard_maze,15,unet,unet,,0.0,144,1,1.9970980003340562,1.0093241981316354,1.978648687934851,106,106,192,675,18,1.0,2.1724580598547427,0.040685764172946094,0.9693674837762044,0.5805101489814256,0.963262621056344,0.022854294627904892,1.3813509941101074,0.4840009525300957,0.3549235014963907,0
c6,C_hard_maze,15,unet,unet,,0.0,168,1,1.9970980003340562,1.0093241981316354,1.978648687934851,106,106,192,675,18,1.0,2.1724580598547427,0.040685764172946094,0.9693674837762044,0.5805101489814256,0.963262621056344,0.022854294627904892,1.3813509941101074,0.4840009525300957,0.3549235014963907,0
c6,C_hard_maze,15,onlstm,onlstm,,0.0,128,1,2.016570454650982,1.0191654875104232,1.978648687934851,84,84,192,675,18,1.0,2.2656240279190802,0.003786344533738039,1.0641622698688262,0.661884775259989,0.9248755527222421,0.001740387873724103,1.4730556011199951,0.5890047613220304,0.44871593353089195,0
c6,C_hard_maze,15,onlstm,onlstm,,0.0,144,1,2.016570454650982,1.0191654875104232,1.978648687934851,84,84,192,675,18,1.0,2.2656240279190802,0.003786344533738039,1.0641622698688262,0.661884775259989,0.9248755527222421,0.001740387873724103,1.4730556011199951,0.5890047613220304,0.44871593353089195,0
c6,C_hard_maze,15,onlstm,onlstm,,0.0,168,1,2.016570454650982,1.0191654875104232,1.978648687934851,84,84,192,675,18,1.0,2.2656240279190802,0.003786344533738039,1.0641622698688262,0.661884775259989,0.9248755527222421,0.001740387873724103,1.4730556011199951,0.5890047613220304,0.44871593353089195,0
c6,C_hard_maze,15,hrm,hrm,,0.0,128,1,2.008472500536474,1.0150728185268454,1.978648687934851,107,107,192,675,18,1.0,2.3041460308178654,0.001108508393420303,0.9542430755684125,0.5915847555535154,0.9567350731085371,0.00031905947253108025,1.3954658508300781,0.4551434736379676,0.36448157941405385,0
c6,C_hard_maze,15,hrm,hrm,,0.0,144,1,2.008472500536474,1.0150728185268454,1.978648687934851,107,107,192,675,18,1.0,2.3041460308178654,0.001108508393420303,0.9542430755684125,0.5915847555535154,0.9567350731085371,0.00031905947253108025,1.3954658508300781,0.4551434736379676,0.36448157941405385,0
c6,C_hard_maze,15,hrm,hrm,,0.0,168,1,2.008472500536474,1.0150728185268454,1.978648687934851,107,107,192,675,18,1.0,2.3041460308178654,0.001108508393420303,0.9542430755684125,0.5915847555535154,0.9567350731085371,0.00031905947253108025,1.3954658508300781,0.4551434736379676,0.36448157941405385,0
c6,C_hard_maze,16,euclidean,,,0.0,128,0,nan,nan,1.9328578590546726,128,128,192,715,18,1.0,0.993571771888359,0.0,0.5011326411952034,0.23010938465873332,0.890247334725877,0.0,0.993571771888359,0.5011326411952034,0.23010938465873332,0
c6,C_hard_maze,16,euclidean,,,0.0,144,1,1.9328578590546728,1.0000000000000002,1.9328578590546726,130,130,192,715,18,1.0,0.993571771888359,0.0,0.5011326411952034,0.23010938465873332,0.890247334725877,0.0,0.993571771888359,0.5011326411952034,0.23010938465873332,0
c6,C_hard_maze,16,euclidean,,,0.0,168,1,1.9328578590546728,1.0000000000000002,1.9328578590546726,130,130,192,715,18,1.0,0.993571771888359,0.0,0.5011326411952034,0.23010938465873332,0.890247334725877,0.0,0.993571771888359,0.5011326411952034,0.23010938465873332,0
c6,C_hard_maze,16,grid_oracle,,,0.0,128,1,1.9332763564306066,1.0002165174091688,1.9328578590546726,97,97,192,715,18,1.0,1.9518541628041226,0.008610005708254223,0.8575261476183623,0.4944276908522206,0.9945338143938368,0.0,2.0218276503073422,0.8794469704257143,0.49953593830025383,0
c6,C_hard_maze,16,grid_oracle,,,0.0,144,1,1.9332763564306066,1.0002165174091688,1.9328578590546726,97,97,192,715,18,1.0,1.9518541628041226,0.008610005708254223,0.8575261476183623,0.4944276908522206,0.9945338143938368,0.0,2.0218276503073422,0.8794469704257143,0.49953593830025383,0
c6,C_hard_maze,16,grid_oracle,,,0.0,168,1,1.9332763564306066,1.0002165174091688,1.9328578590546726,97,97,192,715,18,1.0,1.9518541628041226,0.008610005708254223,0.8575261476183623,0.4944276908522206,0.9945338143938368,0.0,2.0218276503073422,0.8794469704257143,0.49953593830025383,0
c6,C_hard_maze,16,unet,unet,,0.0,128,1,1.938001140933449,1.0026609726393911,1.9328578590546726,83,83,192,715,18,1.0,2.2637960719596832,0.045788355608632175,0.935464011224575,0.5454753480629485,0.9700919621300493,0.025944877415895462,1.358787178993225,0.46385385958637926,0.331625929578239,0
c6,C_hard_maze,16,unet,unet,,0.0,144,1,1.938001140933449,1.0026609726393911,1.9328578590546726,83,83,192,715,18,1.0,2.2637960719596832,0.045788355608632175,0.935464011224575,0.5454753480629485,0.9700919621300493,0.025944877415895462,1.358787178993225,0.46385385958637926,0.331625929578239,0
c6,C_hard_maze,16,unet,unet,,0.0,168,1,1.938001140933449,1.0026609726393911,1.9328578590546726,83,83,192,715,18,1.0,2.2637960719596832,0.045788355608632175,0.935464011224575,0.5454753480629485,0.9700919621300493,0.025944877415895462,1.358787178993225,0.46385385958637926,0.331625929578239,0
c6,C_hard_maze,16,onlstm,onlstm,,0.0,128,1,1.9445366885328925,1.0060422598710552,1.9328578590546726,63,63,192,715,18,1.0,2.439434046677393,0.0020699024511308733,1.0208238221940913,0.6723730243653311,0.9214625776523887,0.00033308524871245027,1.508367896080017,0.5465071865653712,0.4568649152383178,0
c6,C_hard_maze,16,onlstm,onlstm,,0.0,144,1,1.9445366885328925,1.0060422598710552,1.9328578590546726,63,63,192,715,18,1.0,2.439434046677393,0.0020699024511308733,1.0208238221940913,0.6723730243653311,0.9214625776523887,0.00033308524871245027,1.508367896080017,0.5465071865653712,0.4568649152383178,0
c6,C_hard_maze,16,onlstm,onlstm,,0.0,168,1,1.9445366885328925,1.0060422598710552,1.9328578590546726,63,63,192,715,18,1.0,2.439434046677393,0.0020699024511308733,1.0208238221940913,0.6723730243653311,0.9214625776523887,0.00033308524871245027,1.508367896080017,0.5465071865653712,0.4568649152383178,0
c6,C_hard_maze,16,hrm,hrm,,0.0,128,1,1.9861075163419721,1.0275497016181743,1.9328578590546726,76,76,192,715,18,1.0,2.423007429119492,0.0003350384455604279,0.9372535044745508,0.604906334714339,0.975095285245368,0.0002339507482247427,1.5531151294708252,0.470758714561331,0.3968862267826441,0
c6,C_hard_maze,16,hrm,hrm,,0.0,144,1,1.9861075163419721,1.0275497016181743,1.9328578590546726,76,76,192,715,18,1.0,2.423007429119492,0.0003350384455604279,0.9372535044745508,0.604906334714339,0.975095285245368,0.0002339507482247427,1.5531151294708252,0.470758714561331,0.3968862267826441,0
c6,C_hard_maze,16,hrm,hrm,,0.0,168,1,1.9861075163419721,1.0275497016181743,1.9328578590546726,76,76,192,715,18,1.0,2.423007429119492,0.0003350384455604279,0.9372535044745508,0.604906334714339,0.975095285245368,0.0002339507482247427,1.5531151294708252,0.470758714561331,0.3968862267826441,0
c6,C_hard_maze,17,euclidean,,,0.0,128,0,nan,nan,2.1949144933708196,128,128,192,677,24,1.0,1.0332991578124016,0.0,0.5788244155777349,0.25447402380599077,0.9250823996961725,0.0,1.0332991578124016,0.5788244155777349,0.25447402380599077,0
c6,C_hard_maze,17,euclidean,,,0.0,144,0,nan,nan,2.1949144933708196,144,144,192,677,24,1.0,1.0332991578124016,0.0,0.5788244155777349,0.25447402380599077,0.9250823996961725,0.0,1.0332991578124016,0.5788244155777349,0.25447402380599077,0
c6,C_hard_maze,17,euclidean,,,0.0,168,1,2.1949144933708196,1.0,2.1949144933708196,151,151,192,677,24,1.0,1.0332991578124016,0.0,0.5788244155777349,0.25447402380599077,0.9250823996961725,0.0,1.0332991578124016,0.5788244155777349,0.25447402380599077,0
c6,C_hard_maze,17,grid_oracle,,,0.0,128,1,2.2069648278394194,1.0054901156764853,2.1949144933708196,104,104,192,677,24,1.0,2.3834056872100664,0.006013250320513747,1.0996969348347287,0.6498071304018324,0.9978162385047339,0.0,2.4173543456039788,1.0254775437690007,0.6364074928504477,0
c6,C_hard_maze,17,grid_oracle,,,0.0,144,1,2.2069648278394194,1.0054901156764853,2.1949144933708196,104,104,192,677,24,1.0,2.3834056872100664,0.006013250320513747,1.0996969348347287,0.6498071304018324,0.9978162385047339,0.0,2.4173543456039788,1.0254775437690007,0.6364074928504477,0
c6,C_hard_maze,17,grid_oracle,,,0.0,168,1,2.2069648278394194,1.0054901156764853,2.1949144933708196,104,104,192,677,24,1.0,2.3834056872100664,0.006013250320513747,1.0996969348347287,0.6498071304018324,0.9978162385047339,0.0,2.4173543456039788,1.0254775437690007,0.6364074928504477,0
c6,C_hard_maze,17,unet,unet,,0.0,128,1,2.288346780528,1.0425676204878909,2.1949144933708196,121,121,192,677,24,1.0,2.4893917488638655,0.03092672310161179,1.1276338577993756,0.6303063158583184,0.9837760762824513,0.022114679217338562,1.527499794960022,0.5118572133269481,0.3846329751256933,0
c6,C_hard_maze,17,unet,unet,,0.0,144,1,2.288346780528,1.0425676204878909,2.1949144933708196,121,121,192,677,24,1.0,2.4893917488638655,0.03092672310161179,1.1276338577993756,0.6303063158583184,0.9837760762824513,0.022114679217338562,1.527499794960022,0.5118572133269481,0.3846329751256933,0
c6,C_hard_maze,17,unet,unet,,0.0,168,1,2.288346780528,1.0425676204878909,2.1949144933708196,121,121,192,677,24,1.0,2.4893917488638655,0.03092672310161179,1.1276338577993756,0.6303063158583184,0.9837760762824513,0.022114679217338562,1.527499794960022,0.5118572133269481,0.3846329751256933,0
c6,C_hard_maze,17,onlstm,onlstm,,0.0,128,1,2.343544605685262,1.0677156730994952,2.1949144933708196,110,110,192,677,24,1.0,2.511638424725731,0.0072365578950843775,1.2609382410262928,0.7343314383533791,0.9372015978081004,0.0030836169607937336,1.58539879322052,0.6294932974733456,0.46557830431809527,0
c6,C_hard_maze,17,onlstm,onlstm,,0.0,144,1,2.343544605685262,1.0677156730994952,2.1949144933708196,110,110,192,677,24,1.0,2.511638424725731,0.0072365578950843775,1.2609382410262928,0.7343314383533791,0.9372015978081004,0.0030836169607937336,1.58539879322052,0.6294932974733456,0.46557830431809527,0
c6,C_hard_maze,17,onlstm,onlstm,,0.0,168,1,2.343544605685262,1.0677156730994952,2.1949144933708196,110,110,192,677,24,1.0,2.511638424725731,0.0072365578950843775,1.2609382410262928,0.7343314383533791,0.9372015978081004,0.0030836169607937336,1.58539879322052,0.6294932974733456,0.46557830431809527,0
c6,C_hard_maze,17,hrm,hrm,,0.0,128,1,2.21985583202071,1.0113632393085104,2.1949144933708196,98,98,192,677,24,1.0,2.580244792841242,0.0002905072311364429,1.1143675328704499,0.6696787027960859,0.9659075495754553,0.00021235444000922143,1.6336236000061035,0.487251648760914,0.4158691340317036,0
c6,C_hard_maze,17,hrm,hrm,,0.0,144,1,2.21985583202071,1.0113632393085104,2.1949144933708196,98,98,192,677,24,1.0,2.580244792841242,0.0002905072311364429,1.1143675328704499,0.6696787027960859,0.9659075495754553,0.00021235444000922143,1.6336236000061035,0.487251648760914,0.4158691340317036,0
c6,C_hard_maze,17,hrm,hrm,,0.0,168,1,2.21985583202071,1.0113632393085104,2.1949144933708196,98,98,192,677,24,1.0,2.580244792841242,0.0002905072311364429,1.1143675328704499,0.6696787027960859,0.9659075495754553,0.00021235444000922143,1.6336236000061035,0.487251648760914,0.4158691340317036,0
c6,C_hard_maze,18,euclidean,,,0.0,128,0,nan,nan,2.796093960600184,128,128,192,676,18,1.0,1.0442834053445156,0.0,0.5115604814214041,0.24472284258991325,0.8165199522556493,0.0,1.0442834053445156,0.5115604814214041,0.24472284258991325,0
c6,C_hard_maze,18,euclidean,,,0.0,144,0,nan,nan,2.796093960600184,144,144,192,676,18,1.0,1.0442834053445156,0.0,0.5115604814214041,0.24472284258991325,0.8165199522556493,0.0,1.0442834053445156,0.5115604814214041,0.24472284258991325,0
c6,C_hard_maze,18,euclidean,,,0.0,168,1,2.796093960600184,1.0,2.796093960600184,157,157,192,676,18,1.0,1.0442834053445156,0.0,0.5115604814214041,0.24472284258991325,0.8165199522556493,0.0,1.0442834053445156,0.5115604814214041,0.24472284258991325,0
c6,C_hard_maze,18,grid_oracle,,,0.0,128,0,nan,nan,2.796093960600184,128,128,192,676,18,1.0,2.307382416787924,0.00942693775724857,1.164992281539389,0.6086367162682713,0.989857716409408,0.0,2.409771824131501,1.1920676910319263,0.6198778224105551,0
c6,C_hard_maze,18,grid_oracle,,,0.0,144,1,2.796093960600184,1.0,2.796093960600184,142,142,192,676,18,1.0,2.307382416787924,0.00942693775724857,1.164992281539389,0.6086367162682713,0.989857716409408,0.0,2.409771824131501,1.1920676910319263,0.6198778224105551,0
c6,C_hard_maze,18,grid_oracle,,,0.0,168,1,2.796093960600184,1.0,2.796093960600184,142,142,192,676,18,1.0,2.307382416787924,0.00942693775724857,1.164992281539389,0.6086367162682713,0.989857716409408,0.0,2.409771824131501,1.1920676910319263,0.6198778224105551,0
c6,C_hard_maze,18,unet,unet,,0.0,128,0,nan,nan,2.796093960600184,128,128,192,676,18,1.0,2.225411159634815,0.040816394624274416,0.9764072075413189,0.5686125336161654,0.9529813091717984,0.024374382570385933,1.4829694032669067,0.4872746447026657,0.3532032959342022,0
c6,C_hard_maze,18,unet,unet,,0.0,144,0,nan,nan,2.796093960600184,144,144,192,676,18,1.0,2.225411159634815,0.040816394624274416,0.9764072075413189,0.5686125336161654,0.9529813091717984,0.024374382570385933,1.4829694032669067,0.4872746447026657,0.3532032959342022,0
c6,C_hard_maze,18,unet,unet,,0.0,168,1,2.796093960600184,1.0,2.796093960600184,153,153,192,676,18,1.0,2.225411159634815,0.040816394624274416,0.9764072075413189,0.5686125336161654,0.9529813091717984,0.024374382570385933,1.4829694032669067,0.4872746447026657,0.3532032959342022,0
c6,C_hard_maze,18,onlstm,onlstm,,0.0,128,0,nan,nan,2.796093960600184,128,128,192,676,18,1.0,2.3537667762676917,0.004258943982058503,1.077505126054746,0.6701866650396993,0.8926328567940754,0.001927304663695395,1.525596261024475,0.5937414001361105,0.4420071301482468,0
c6,C_hard_maze,18,onlstm,onlstm,,0.0,144,1,2.796093960600184,1.0,2.796093960600184,143,143,192,676,18,1.0,2.3537667762676917,0.004258943982058503,1.077505126054746,0.6701866650396993,0.8926328567940754,0.001927304663695395,1.525596261024475,0.5937414001361105,0.4420071301482468,0
c6,C_hard_maze,18,onlstm,onlstm,,0.0,168,1,2.796093960600184,1.0,2.796093960600184,143,143,192,676,18,1.0,2.3537667762676917,0.004258943982058503,1.077505126054746,0.6701866650396993,0.8926328567940754,0.001927304663695395,1.525596261024475,0.5937414001361105,0.4420071301482468,0
c6,C_hard_maze,18,hrm,hrm,,0.0,128,0,nan,nan,2.796093960600184,128,128,192,676,18,1.0,2.180691083703226,0.0012895719812251877,0.9436600018281949,0.5778861305850544,0.9442750861297238,0.00037597393384203315,1.4159799814224243,0.4513865752400932,0.3601875586039336,0
c6,C_hard_maze,18,hrm,hrm,,0.0,144,0,nan,nan,2.796093960600184,144,144,192,676,18,1.0,2.180691083703226,0.0012895719812251877,0.9436600018281949,0.5778861305850544,0.9442750861297238,0.00037597393384203315,1.4159799814224243,0.4513865752400932,0.3601875586039336,0
c6,C_hard_maze,18,hrm,hrm,,0.0,168,1,2.8044176872795545,1.0029769123629824,2.796093960600184,156,156,192,676,18,1.0,2.180691083703226,0.0012895719812251877,0.9436600018281949,0.5778861305850544,0.9442750861297238,0.00037597393384203315,1.4159799814224243,0.4513865752400932,0.3601875586039336,0
c6,C_hard_maze,19,euclidean,,,0.0,128,0,nan,nan,1.9173196402753026,128,128,192,681,20,1.0,0.9831049217676623,0.0,0.4900275653457405,0.24890264600523457,0.9011101917912272,0.0,0.9831049217676623,0.4900275653457405,0.24890264600523457,0
c6,C_hard_maze,19,euclidean,,,0.0,144,1,1.9173196402753026,1.0,1.9173196402753026,136,136,192,681,20,1.0,0.9831049217676623,0.0,0.4900275653457405,0.24890264600523457,0.9011101917912272,0.0,0.9831049217676623,0.4900275653457405,0.24890264600523457,0
c6,C_hard_maze,19,euclidean,,,0.0,168,1,1.9173196402753026,1.0,1.9173196402753026,136,136,192,681,20,1.0,0.9831049217676623,0.0,0.4900275653457405,0.24890264600523457,0.9011101917912272,0.0,0.9831049217676623,0.4900275653457405,0.24890264600523457,0
c6,C_hard_maze,19,grid_oracle,,,0.0,128,1,1.9173196402753026,1.0,1.9173196402753026,89,89,192,681,20,1.0,2.036188242505799,0.006129096251819331,0.872129484342298,0.5380635598946116,0.9774723299785695,0.0,2.0541880848677403,0.880642891798303,0.4958131053009559,0
c6,C_hard_maze,19,grid_oracle,,,0.0,144,1,1.9173196402753026,1.0,1.9173196402753026,89,89,192,681,20,1.0,2.036188242505799,0.006129096251819331,0.872129484342298,0.5380635598946116,0.9774723299785695,0.0,2.0541880848677403,0.880642891798303,0.4958131053009559,0
c6,C_hard_maze,19,grid_oracle,,,0.0,168,1,1.9173196402753026,1.0,1.9173196402753026,89,89,192,681,20,1.0,2.036188242505799,0.006129096251819331,0.872129484342298,0.5380635598946116,0.9774723299785695,0.0,2.0541880848677403,0.880642891798303,0.4958131053009559,0
c6,C_hard_maze,19,unet,unet,,0.0,128,1,1.9712813408190961,1.0281443424509256,1.9173196402753026,85,85,192,681,20,1.0,2.2358623127052004,0.03264830328933412,0.9767628142807799,0.6218551572847268,0.969086550199387,0.019628914073109627,1.3759675025939941,0.49078779776937154,0.357430209608965,0
c6,C_hard_maze,19,unet,unet,,0.0,144,1,1.9712813408190961,1.0281443424509256,1.9173196402753026,85,85,192,681,20,1.0,2.2358623127052004,0.03264830328933412,0.9767628142807799,0.6218551572847268,0.969086550199387,0.019628914073109627,1.3759675025939941,0.49078779776937154,0.357430209608965,0
c6,C_hard_maze,19,unet,unet,,0.0,168,1,1.9712813408190961,1.0281443424509256,1.9173196402753026,85,85,192,681,20,1.0,2.2358623127052004,0.03264830328933412,0.9767628142807799,0.6218551572847268,0.969086550199387,0.019628914073109627,1.3759675025939941,0.49078779776937154,0.357430209608965,0
c6,C_hard_maze,19,onlstm,onlstm,,0.0,128,1,1.9828460313705678,1.0341760391532089,1.9173196402753026,80,80,192,681,20,1.0,2.317139941333308,0.006122861301195345,1.0044423492838888,0.7002428157041933,0.9179665246995633,0.003796825185418129,1.4776157140731812,0.5449036642515921,0.44180146163050726,0
c6,C_hard_maze,19,onlstm,onlstm,,0.0,144,1,1.9828460313705678,1.0341760391532089,1.9173196402753026,80,80,192,681,20,1.0,2.317139941333308,0.006122861301195345,1.0044423492838888,0.7002428157041933,0.9179665246995633,0.003796825185418129,1.4776157140731812,0.5449036642515921,0.44180146163050726,0
c6,C_hard_maze,19,onlstm,onlstm,,0.0,168,1,1.9828460313705678,1.0341760391532089,1.9173196402753026,80,80,192,681,20,1.0,2.317139941333308,0.006122861301195345,1.0044423492838888,0.7002428157041933,0.9179665246995633,0.003796825185418129,1.4776157140731812,0.5449036642515921,0.44180146163050726,0
c6,C_hard_maze,19,hrm,hrm,,0.0,128,1,1.9595708871493764,1.0220366213262213,1.9173196402753026,69,69,192,681,20,1.0,2.4852049760452415,0.00038054096575369914,0.9695686840195057,0.6819333118707152,0.9619672842687792,0.00020845199469476938,1.6451424360275269,0.48080591055319744,0.4179207530629434,0
c6,C_hard_maze,19,hrm,hrm,,0.0,144,1,1.9595708871493764,1.0220366213262213,1.9173196402753026,69,69,192,681,20,1.0,2.4852049760452415,0.00038054096575369914,0.9695686840195057,0.6819333118707152,0.9619672842687792,0.00020845199469476938,1.6451424360275269,0.48080591055319744,0.4179207530629434,0
c6,C_hard_maze,19,hrm,hrm,,0.0,168,1,1.9595708871493764,1.0220366213262213,1.9173196402753026,69,69,192,681,20,1.0,2.4852049760452415,0.00038054096575369914,0.9695686840195057,0.6819333118707152,0.9619672842687792,0.00020845199469476938,1.6451424360275269,0.48080591055319744,0.4179207530629434,0
c6,C_hard_maze,20,euclidean,,,0.0,128,0,nan,nan,1.9956445818183732,128,128,192,661,23,1.0,0.948797004096304,0.0,0.486330671355297,0.23040185516359146,0.8181560779100997,0.0,0.948797004096304,0.486330671355297,0.23040185516359146,0
c6,C_hard_maze,20,euclidean,,,0.0,144,1,1.9956445818183737,1.0000000000000002,1.9956445818183732,139,139,192,661,23,1.0,0.948797004096304,0.0,0.486330671355297,0.23040185516359146,0.8181560779100997,0.0,0.948797004096304,0.486330671355297,0.23040185516359146,0
c6,C_hard_maze,20,euclidean,,,0.0,168,1,1.9956445818183737,1.0000000000000002,1.9956445818183732,139,139,192,661,23,1.0,0.948797004096304,0.0,0.486330671355297,0.23040185516359146,0.8181560779100997,0.0,0.948797004096304,0.486330671355297,0.23040185516359146,0
c6,C_hard_maze,20,grid_oracle,,,0.0,128,1,1.9976173367636485,1.000988530203849,1.9956445818183732,118,118,192,661,23,1.0,1.9306877470429036,0.008760447354212721,0.8711223287172235,0.46417037659631605,0.9009847272332693,0.0,1.99168808486774,0.9188981676860434,0.49006669456587865,0
c6,C_hard_maze,20,grid_oracle,,,0.0,144,1,1.9976173367636485,1.000988530203849,1.9956445818183732,118,118,192,661,23,1.0,1.9306877470429036,0.008760447354212721,0.8711223287172235,0.46417037659631605,0.9009847272332693,0.0,1.99168808486774,0.9188981676860434,0.49006669456587865,0
c6,C_hard_maze,20,grid_oracle,,,0.0,168,1,1.9976173367636485,1.000988530203849,1.9956445818183732,118,118,192,661,23,1.0,1.9306877470429036,0.008760447354212721,0.8711223287172235,0.46417037659631605,0.9009847272332693,0.0,1.99168808486774,0.9188981676860434,0.49006669456587865,0
c6,C_hard_maze,20,unet,unet,,0.0,128,1,2.002270667810207,1.0033202735858888,1.9956445818183732,120,120,192,661,23,1.0,2.2512431115803806,0.04698007335757909,0.9420700176825862,0.55260391307815,0.891295133331525,0.022294050082564354,1.388666033744812,0.4877694449774026,0.3570571638357669,0
c6,C_hard_maze,20,unet,unet,,0.0,144,1,2.002270667810207,1.0033202735858888,1.9956445818183732,120,120,192,661,23,1.0,2.2512431115803806,0.04698007335757909,0.9420700176825862,0.55260391307815,0.891295133331525,0.022294050082564354,1.388666033744812,0.4877694449774026,0.3570571638357669,0
c6,C_hard_maze,20,unet,unet,,0.0,168,1,2.002270667810207,1.0033202735858888,1.9956445818183732,120,120,192,661,23,1.0,2.2512431115803806,0.04698007335757909,0.9420700176825862,0.55260391307815,0.891295133331525,0.022294050082564354,1.388666033744812,0.4877694449774026,0.3570571638357669,0
c6,C_hard_maze,20,onlstm,onlstm,,0.0,128,1,2.0655661729789934,1.0350370961831838,1.9956445818183732,82,82,192,661,23,1.0,2.382887083280365,0.0022102294382861493,1.0271526849750343,0.6656331991024508,0.7996297100073245,0.0008245548815466464,1.4847497940063477,0.5776698944803087,0.458657120671589,0
c6,C_hard_maze,20,onlstm,onlstm,,0.0,144,1,2.0655661729789934,1.0350370961831838,1.9956445818183732,82,82,192,661,23,1.0,2.382887083280365,0.0022102294382861493,1.0271526849750343,0.6656331991024508,0.7996297100073245,0.0008245548815466464,1.4847497940063477,0.5776698944803087,0.458657120671589,0
c6,C_hard_maze,20,onlstm,onlstm,,0.0,168,1,2.0655661729789934,1.0350370961831838,1.9956445818183732,82,82,192,661,23,1.0,2.382887083280365,0.0022102294382861493,1.0271526849750343,0.6656331991024508,0.7996297100073245,0.0008245548815466464,1.4847497940063477,0.5776698944803087,0.458657120671589,0
c6,C_hard_maze,20,hrm,hrm,,0.0,128,1,2.0691412818408903,1.0368285518834968,1.9956445818183732,105,105,192,661,23,1.0,2.27650107607349,0.0004913993779947245,0.9239953979408887,0.5807520507359879,0.8553664921465969,0.0002675407740753144,1.482039213180542,0.4647888830992457,0.3823710510062824,0
c6,C_hard_maze,20,hrm,hrm,,0.0,144,1,2.0691412818408903,1.0368285518834968,1.9956445818183732,105,105,192,661,23,1.0,2.27650107607349,0.0004913993779947245,0.9239953979408887,0.5807520507359879,0.8553664921465969,0.0002675407740753144,1.482039213180542,0.4647888830992457,0.3823710510062824,0
c6,C_hard_maze,20,hrm,hrm,,0.0,168,1,2.0691412818408903,1.0368285518834968,1.9956445818183732,105,105,192,661,23,1.0,2.27650107607349,0.0004913993779947245,0.9239953979408887,0.5807520507359879,0.8553664921465969,0.0002675407740753144,1.482039213180542,0.4647888830992457,0.3823710510062824,0
c6,C_hard_maze,21,euclidean,,,0.0,128,0,nan,nan,1.7347387997287624,128,128,192,657,22,1.0,1.0097660590775364,0.0,0.5055731353021882,0.23824219004542121,0.8839741068279848,0.0,1.0097660590775364,0.5055731353021882,0.23824219004542121,0
c6,C_hard_maze,21,euclidean,,,0.0,144,1,1.7347387997287624,1.0,1.7347387997287624,133,133,192,657,22,1.0,1.0097660590775364,0.0,0.5055731353021882,0.23824219004542121,0.8839741068279848,0.0,1.0097660590775364,0.5055731353021882,0.23824219004542121,0
c6,C_hard_maze,21,euclidean,,,0.0,168,1,1.7347387997287624,1.0,1.7347387997287624,133,133,192,657,22,1.0,1.0097660590775364,0.0,0.5055731353021882,0.23824219004542121,0.8839741068279848,0.0,1.0097660590775364,0.5055731353021882,0.23824219004542121,0
c6,C_hard_maze,21,grid_oracle,,,0.0,128,1,1.73950945849703,1.0027500732496522,1.7347387997287624,67,67,192,657,22,1.0,2.0197945304705294,0.009301371275290269,0.8927758440209986,0.4869563713471513,0.9931469223883027,0.0,2.0983822586918994,0.8915666882564941,0.5033667810470943,0
c6,C_hard_maze,21,grid_oracle,,,0.0,144,1,1.73950945849703,1.0027500732496522,1.7347387997287624,67,67,192,657,22,1.0,2.0197945304705294,0.009301371275290269,0.8927758440209986,0.4869563713471513,0.9931469223883027,0.0,2.0983822586918994,0.8915666882564941,0.5033667810470943,0
c6,C_hard_maze,21,grid_oracle,,,0.0,168,1,1.73950945849703,1.0027500732496522,1.7347387997287624,67,67,192,657,22,1.0,2.0197945304705294,0.009301371275290269,0.8927758440209986,0.4869563713471513,0.9931469223883027,0.0,2.0983822586918994,0.8915666882564941,0.5033667810470943,0
c6,C_hard_maze,21,unet,unet,,0.0,128,1,1.7500954388981669,1.008852421570213,1.7347387997287624,45,45,192,657,22,1.0,2.2839801260672234,0.03761483817106018,1.0039169604484914,0.5753901965608188,0.9880961261969998,0.022713515907526016,1.4729351997375488,0.499092026776907,0.36936210818833287,0
c6,C_hard_maze,21,unet,unet,,0.0,144,1,1.7500954388981669,1.008852421570213,1.7347387997287624,45,45,192,657,22,1.0,2.2839801260672234,0.03761483817106018,1.0039169604484914,0.5753901965608188,0.9880961261969998,0.022713515907526016,1.4729351997375488,0.499092026776907,0.36936210818833287,0
c6,C_hard_maze,21,unet,unet,,0.0,168,1,1.7500954388981669,1.008852421570213,1.7347387997287624,45,45,192,657,22,1.0,2.2839801260672234,0.03761483817106018,1.0039169604484914,0.5753901965608188,0.9880961261969998,0.022713515907526016,1.4729351997375488,0.499092026776907,0.36936210818833287,0
c6,C_hard_maze,21,onlstm,onlstm,,0.0,128,1,1.8819050868537945,1.084834839197718,1.7347387997287624,68,68,192,657,22,1.0,2.3185767455638207,0.004958616855700071,1.0887134815003596,0.6650230455775881,0.9216677291593197,0.002419782103970647,1.4442577362060547,0.5947855763047869,0.435915148816346,0
c6,C_hard_maze,21,onlstm,onlstm,,0.0,144,1,1.8819050868537945,1.084834839197718,1.7347387997287624,68,68,192,657,22,1.0,2.3185767455638207,0.004958616855700071,1.0887134815003596,0.6650230455775881,0.9216677291593197,0.002419782103970647,1.4442577362060547,0.5947855763047869,0.435915148816346,0
c6,C_hard_maze,21,onlstm,onlstm,,0.0,168,1,1.8819050868537945,1.084834839197718,1.7347387997287624,68,68,192,657,22,1.0,2.3185767455638207,0.004958616855700071,1.0887134815003596,0.6650230455775881,0.9216677291593197,0.002419782103970647,1.4442577362060547,0.5947855763047869,0.435915148816346,0
c6,C_hard_maze,21,hrm,hrm,,0.0,128,1,1.7597336408396314,1.0144084176331198,1.7347387997287624,44,44,192,657,22,1.0,2.275114512673466,0.001161745530776764,0.9565009783792288,0.5804105658173646,0.9782098581233217,0.0003097790468018502,1.4118939638137817,0.4565241424554003,0.37138100055299167,0
c6,C_hard_maze,21,hrm,hrm,,0.0,144,1,1.7597336408396314,1.0144084176331198,1.7347387997287624,44,44,192,657,22,1.0,2.275114512673466,0.001161745530776764,0.9565009783792288,0.5804105658173646,0.9782098581233217,0.0003097790468018502,1.4118939638137817,0.4565241424554003,0.37138100055299167,0
c6,C_hard_maze,21,hrm,hrm,,0.0,168,1,1.7597336408396314,1.0144084176331198,1.7347387997287624,44,44,192,657,22,1.0,2.275114512673466,0.001161745530776764,0.9565009783792288,0.5804105658173646,0.9782098581233217,0.0003097790468018502,1.4118939638137817,0.4565241424554003,0.37138100055299167,0
c6,C_hard_maze,22,euclidean,,,0.0,128,1,1.689525715616305,1.0000000000000002,1.6895257156163048,108,108,192,716,18,1.0,1.0046578978688836,0.0,0.5289104544632683,0.2498598932959212,0.9430560453571334,0.0,1.0046578978688836,0.5289104544632683,0.2498598932959212,0
c6,C_hard_maze,22,euclidean,,,0.0,144,1,1.689525715616305,1.0000000000000002,1.6895257156163048,108,108,192,716,18,1.0,1.0046578978688836,0.0,0.5289104544632683,0.2498598932959212,0.9430560453571334,0.0,1.0046578978688836,0.5289104544632683,0.2498598932959212,0
c6,C_hard_maze,22,euclidean,,,0.0,168,1,1.689525715616305,1.0000000000000002,1.6895257156163048,108,108,192,716,18,1.0,1.0046578978688836,0.0,0.5289104544632683,0.2498598932959212,0.9430560453571334,0.0,1.0046578978688836,0.5289104544632683,0.2498598932959212,0
c6,C_hard_maze,22,grid_oracle,,,0.0,128,1,1.689525715616305,1.0000000000000002,1.6895257156163048,64,64,192,716,18,1.0,2.084427409192993,0.0007015145764062325,0.79307056787862,0.5113343083118231,0.9910241977050159,0.0,2.1166880848677403,0.8414510094337697,0.5180600241866085,0
c6,C_hard_maze,22,grid_oracle,,,0.0,144,1,1.689525715616305,1.0000000000000002,1.6895257156163048,64,64,192,716,18,1.0,2.084427409192993,0.0007015145764062325,0.79307056787862,0.5113343083118231,0.9910241977050159,0.0,2.1166880848677403,0.8414510094337697,0.5180600241866085,0
c6,C_hard_maze,22,grid_oracle,,,0.0,168,1,1.689525715616305,1.0000000000000002,1.6895257156163048,64,64,192,716,18,1.0,2.084427409192993,0.0007015145764062325,0.79307056787862,0.5113343083118231,0.9910241977050159,0.0,2.1166880848677403,0.8414510094337697,0.5180600241866085,0
c6,C_hard_maze,22,unet,unet,,0.0,128,1,1.71675460490445,1.0161162917122055,1.6895257156163048,39,39,192,716,18,1.0,2.280744588505834,0.041704456198425596,0.9665714444261928,0.5932744000596462,0.9878994520250659,0.02194405160844326,1.3288531303405762,0.48436538372789073,0.35084197426493663,0
c6,C_hard_maze,22,unet,unet,,0.0,144,1,1.71675460490445,1.0161162917122055,1.6895257156163048,39,39,192,716,18,1.0,2.280744588505834,0.041704456198425596,0.9665714444261928,0.5932744000596462,0.9878994520250659,0.02194405160844326,1.3288531303405762,0.48436538372789073,0.35084197426493663,0
c6,C_hard_maze,22,unet,unet,,0.0,168,1,1.71675460490445,1.0161162917122055,1.6895257156163048,39,39,192,716,18,1.0,2.280744588505834,0.041704456198425596,0.9665714444261928,0.5932744000596462,0.9878994520250659,0.02194405160844326,1.3288531303405762,0.48436538372789073,0.35084197426493663,0
c6,C_hard_maze,22,onlstm,onlstm,,0.0,128,1,1.7210233796645928,1.0186429030094983,1.6895257156163048,42,42,192,716,18,1.0,2.4967838901755965,0.001782041919153344,1.1139368251968322,0.7121480101783756,0.9556838835688903,0.0004626307636499405,1.51289701461792,0.6195750220558409,0.4606553464037228,0
c6,C_hard_maze,22,onlstm,onlstm,,0.0,144,1,1.7210233796645928,1.0186429030094983,1.6895257156163048,42,42,192,716,18,1.0,2.4967838901755965,0.001782041919153344,1.1139368251968322,0.7121480101783756,0.9556838835688903,0.0004626307636499405,1.51289701461792,0.6195750220558409,0.4606553464037228,0
c6,C_hard_maze,22,onlstm,onlstm,,0.0,168,1,1.7210233796645928,1.0186429030094983,1.6895257156163048,42,42,192,716,18,1.0,2.4967838901755965,0.001782041919153344,1.1139368251968322,0.7121480101783756,0.9556838835688903,0.0004626307636499405,1.51289701461792,0.6195750220558409,0.4606553464037228,0
c6,C_hard_maze,22,hrm,hrm,,0.0,128,1,1.7497142980847353,1.0356245435698948,1.6895257156163048,39,39,192,716,18,1.0,2.388353831916871,0.0002754473344745864,0.9442492052919159,0.6188997284739309,0.9832318313756343,0.00026915923808701336,1.4730411767959595,0.4639715816480461,0.37788107278991256,0
c6,C_hard_maze,22,hrm,hrm,,0.0,144,1,1.7497142980847353,1.0356245435698948,1.6895257156163048,39,39,192,716,18,1.0,2.388353831916871,0.0002754473344745864,0.9442492052919159,0.6188997284739309,0.9832318313756343,0.00026915923808701336,1.4730411767959595,0.4639715816480461,0.37788107278991256,0
c6,C_hard_maze,22,hrm,hrm,,0.0,168,1,1.7497142980847353,1.0356245435698948,1.6895257156163048,39,39,192,716,18,1.0,2.388353831916871,0.0002754473344745864,0.9442492052919159,0.6188997284739309,0.9832318313756343,0.00026915923808701336,1.4730411767959595,0.4639715816480461,0.37788107278991256,0
c6,C_hard_maze,23,euclidean,,,0.0,128,1,1.8829201019843527,0.9999999999999999,1.882920101984353,126,126,192,714,23,1.0,1.0016777914181703,0.0,0.5037369498299137,0.24672917117369939,0.9208844234055829,0.0,1.0016777914181703,0.5037369498299137,0.24672917117369939,0
c6,C_hard_maze,23,euclidean,,,0.0,144,1,1.8829201019843527,0.9999999999999999,1.882920101984353,126,126,192,714,23,1.0,1.0016777914181703,0.0,0.5037369498299137,0.24672917117369939,0.9208844234055829,0.0,1.0016777914181703,0.5037369498299137,0.24672917117369939,0
c6,C_hard_maze,23,euclidean,,,0.0,168,1,1.8829201019843527,0.9999999999999999,1.882920101984353,126,126,192,714,23,1.0,1.0016777914181703,0.0,0.5037369498299137,0.24672917117369939,0.9208844234055829,0.0,1.0016777914181703,0.5037369498299137,0.24672917117369939,0
c6,C_hard_maze,23,grid_oracle,,,0.0,128,1,1.8829201019843527,0.9999999999999999,1.882920101984353,61,61,192,714,23,1.0,2.0029127417569734,0.0017421239381961427,0.8632579449498318,0.516577121398107,0.9960173480183383,0.0,2.051507258691899,0.9080381993770763,0.5158673505693706,0
c6,C_hard_maze,23,grid_oracle,,,0.0,144,1,1.8829201019843527,0.9999999999999999,1.882920101984353,61,61,192,714,23,1.0,2.0029127417569734,0.0017421239381961427,0.8632579449498318,0.516577121398107,0.9960173480183383,0.0,2.051507258691899,0.9080381993770763,0.5158673505693706,0
c6,C_hard_maze,23,grid_oracle,,,0.0,168,1,1.8829201019843527,0.9999999999999999,1.882920101984353,61,61,192,714,23,1.0,2.0029127417569734,0.0017421239381961427,0.8632579449498318,0.516577121398107,0.9960173480183383,0.0,2.051507258691899,0.9080381993770763,0.5158673505693706,0
c6,C_hard_maze,23,unet,unet,,0.0,128,1,1.8829201019843527,0.9999999999999999,1.882920101984353,65,65,192,714,23,1.0,2.213407601464588,0.02962986399485833,0.9587669165005073,0.609254477719009,0.987167010281312,0.023504886776208878,1.4551546573638916,0.49684959035721477,0.3721823956700456,0
c6,C_hard_maze,23,unet,unet,,0.0,144,1,1.8829201019843527,0.9999999999999999,1.882920101984353,65,65,192,714,23,1.0,2.213407601464588,0.02962986399485833,0.9587669165005073,0.609254477719009,0.987167010281312,0.023504886776208878,1.4551546573638916,0.49684959035721477,0.3721823956700456,0
c6,C_hard_maze,23,unet,unet,,0.0,168,1,1.8829201019843527,0.9999999999999999,1.882920101984353,65,65,192,714,23,1.0,2.213407601464588,0.02962986399485833,0.9587669165005073,0.609254477719009,0.987167010281312,0.023504886776208878,1.4551546573638916,0.49684959035721477,0.3721823956700456,0
c6,C_hard_maze,23,onlstm,onlstm,,0.0,128,1,1.8854657030053035,1.001351943196245,1.882920101984353,73,73,192,714,23,1.0,2.471350635431911,0.00209859383471644,1.0315476250442093,0.7061077735784165,0.935985947969509,0.0013845846988260746,1.539976716041565,0.5883867261599391,0.47073455556003696,0
c6,C_hard_maze,23,onlstm,onlstm,,0.0,144,1,1.8854657030053035,1.001351943196245,1.882920101984353,73,73,192,714,23,1.0,2.471350635431911,0.00209859383471644,1.0315476250442093,0.7061077735784165,0.935985947969509,0.0013845846988260746,1.539976716041565,0.5883867261599391,0.47073455556003696,0
c6,C_hard_maze,23,onlstm,onlstm,,0.0,168,1,1.8854657030053035,1.001351943196245,1.882920101984353,73,73,192,714,23,1.0,2.471350635431911,0.00209859383471644,1.0315476250442093,0.7061077735784165,0.935985947969509,0.0013845846988260746,1.539976716041565,0.5883867261599391,0.47073455556003696,0
c6,C_hard_maze,23,hrm,hrm,,0.0,128,1,1.8829201019843527,0.9999999999999999,1.882920101984353,69,69,192,714,23,1.0,2.424782967588911,0.0003256072426559878,0.9457095178858995,0.6550695906983208,0.9812515259202995,0.0001749153307173401,1.632806658744812,0.48380879493471696,0.41511589188631803,0
c6,C_hard_maze,23,hrm,hrm,,0.0,144,1,1.8829201019843527,0.9999999999999999,1.882920101984353,69,69,192,714,23,1.0,2.424782967588911,0.0003256072426559878,0.9457095178858995,0.6550695906983208,0.9812515259202995,0.0001749153307173401,1.632806658744812,0.48380879493471696,0.41511589188631803,0
c6,C_hard_maze,23,hrm,hrm,,0.0,168,1,1.8829201019843527,0.9999999999999999,1.882920101984353,69,69,192,714,23,1.0,2.424782967588911,0.0003256072426559878,0.9457095178858995,0.6550695906983208,0.9812515259202995,0.0001749153307173401,1.632806658744812,0.48380879493471696,0.41511589188631803,0
c6,C_hard_maze,24,euclidean,,,0.0,128,0,nan,nan,1.8330527262465348,128,128,192,697,16,1.0,1.0627835084958543,0.0,0.5520019074464297,0.2557623202486345,0.9262268399207878,0.0,1.0627835084958543,0.5520019074464297,0.2557623202486345,0
c6,C_hard_maze,24,euclidean,,,0.0,144,1,1.8330527262465353,1.0000000000000002,1.8330527262465348,136,136,192,697,16,1.0,1.0627835084958543,0.0,0.5520019074464297,0.2557623202486345,0.9262268399207878,0.0,1.0627835084958543,0.5520019074464297,0.2557623202486345,0
c6,C_hard_maze,24,euclidean,,,0.0,168,1,1.8330527262465353,1.0000000000000002,1.8330527262465348,136,136,192,697,16,1.0,1.0627835084958543,0.0,0.5520019074464297,0.2557623202486345,0.9262268399207878,0.0,1.0627835084958543,0.5520019074464297,0.2557623202486345,0
c6,C_hard_maze,24,grid_oracle,,,0.0,128,1,1.8399392697286836,1.0037568714655851,1.8330527262465348,95,95,192,697,16,1.0,2.0964183999065322,0.005432055996667544,0.8952543169418362,0.5202263535799436,0.9900560860483412,0.0,2.1570909979556605,0.9216265304418226,0.5282184769028744,0
c6,C_hard_maze,24,grid_oracle,,,0.0,144,1,1.8399392697286836,1.0037568714655851,1.8330527262465348,95,95,192,697,16,1.0,2.0964183999065322,0.005432055996667544,0.8952543169418362,0.5202263535799436,0.9900560860483412,0.0,2.1570909979556605,0.9216265304418226,0.5282184769028744,0
c6,C_hard_maze,24,grid_oracle,,,0.0,168,1,1.8399392697286836,1.0037568714655851,1.8330527262465348,95,95,192,697,16,1.0,2.0964183999065322,0.005432055996667544,0.8952543169418362,0.5202263535799436,0.9900560860483412,0.0,2.1570909979556605,0.9216265304418226,0.5282184769028744,0
c6,C_hard_maze,24,unet,unet,,0.0,128,1,1.8462545037607438,1.0072020718908843,1.8330527262465348,58,58,192,697,16,1.0,2.44813347410263,0.03466741391420545,1.0412000938308654,0.6190031097004466,0.9794933266418904,0.02638629451394081,1.4358413219451904,0.5085303914847827,0.3795761870527819,0
c6,C_hard_maze,24,unet,unet,,0.0,144,1,1.8462545037607438,1.0072020718908843,1.8330527262465348,58,58,192,697,16,1.0,2.44813347410263,0.03466741391420545,1.0412000938308654,0.6190031097004466,0.9794933266418904,0.02638629451394081,1.4358413219451904,0.5085303914847827,0.3795761870527819,0
c6,C_hard_maze,24,unet,unet,,0.0,168,1,1.8462545037607438,1.0072020718908843,1.8330527262465348,58,58,192,697,16,1.0,2.44813347410263,0.03466741391420545,1.0412000938308654,0.6190031097004466,0.9794933266418904,0.02638629451394081,1.4358413219451904,0.5085303914847827,0.3795761870527819,0
c6,C_hard_maze,24,onlstm,onlstm,,0.0,128,1,1.9594562805804543,1.068957947866972,1.8330527262465348,87,87,192,697,16,1.0,2.4501534890420427,0.009519596673108446,1.174915052428694,0.7140684734624806,0.9419133005995173,0.004180324729532003,1.5544995069503784,0.6448572773067553,0.473060360018691,0
c6,C_hard_maze,24,onlstm,onlstm,,0.0,144,1,1.9594562805804543,1.068957947866972,1.8330527262465348,87,87,192,697,16,1.0,2.4501534890420427,0.009519596673108446,1.174915052428694,0.7140684734624806,0.9419133005995173,0.004180324729532003,1.5544995069503784,0.6448572773067553,0.473060360018691,0
c6,C_hard_maze,24,onlstm,onlstm,,0.0,168,1,1.9594562805804543,1.068957947866972,1.8330527262465348,87,87,192,697,16,1.0,2.4501534890420427,0.009519596673108446,1.174915052428694,0.7140684734624806,0.9419133005995173,0.004180324729532003,1.5544995069503784,0.6448572773067553,0.473060360018691,0
c6,C_hard_maze,24,hrm,hrm,,0.0,128,1,1.8462545037607438,1.0072020718908843,1.8330527262465348,66,66,192,697,16,1.0,2.526831906822494,0.00014949655635096773,1.0177906493452422,0.6431324463925258,0.9709447820307626,0.00012972902914043516,1.5935382843017578,0.48717093706489223,0.40133995633733904,0
c6,C_hard_maze,24,hrm,hrm,,0.0,144,1,1.8462545037607438,1.0072020718908843,1.8330527262465348,66,66,192,697,16,1.0,2.526831906822494,0.00014949655635096773,1.0177906493452422,0.6431324463925258,0.9709447820307626,0.00012972902914043516,1.5935382843017578,0.48717093706489223,0.40133995633733904,0
c6,C_hard_maze,24,hrm,hrm,,0.0,168,1,1.8462545037607438,1.0072020718908843,1.8330527262465348,66,66,192,697,16,1.0,2.526831906822494,0.00014949655635096773,1.0177906493452422,0.6431324463925258,0.9709447820307626,0.00012972902914043516,1.5935382843017578,0.48717093706489223,0.40133995633733904,0
c6,C_hard_maze,25,euclidean,,,0.0,128,0,nan,nan,2.1651419197074877,128,128,192,717,18,1.0,0.9627776624738571,0.0,0.5298827436191282,0.2287583144648265,0.9061965927895181,0.0,0.9627776624738571,0.5298827436191282,0.2287583144648265,0
c6,C_hard_maze,25,euclidean,,,0.0,144,0,nan,nan,2.1651419197074877,144,144,192,717,18,1.0,0.9627776624738571,0.0,0.5298827436191282,0.2287583144648265,0.9061965927895181,0.0,0.9627776624738571,0.5298827436191282,0.2287583144648265,0
c6,C_hard_maze,25,euclidean,,,0.0,168,1,2.1651419197074873,0.9999999999999998,2.1651419197074877,161,161,192,717,18,1.0,0.9627776624738571,0.0,0.5298827436191282,0.2287583144648265,0.9061965927895181,0.0,0.9627776624738571,0.5298827436191282,0.2287583144648265,0
c6,C_hard_maze,25,grid_oracle,,,0.0,128,0,nan,nan,2.1651419197074877,128,128,192,717,18,1.0,1.8671053121201031,0.010285710045708754,0.8952704186190427,0.4792095821535035,0.9808903914494209,0.0,1.9291880848677403,0.838570424221556,0.4903624078307102,0
c6,C_hard_maze,25,grid_oracle,,,0.0,144,0,nan,nan,2.1651419197074877,144,144,192,717,18,1.0,1.8671053121201031,0.010285710045708754,0.8952704186190427,0.4792095821535035,0.9808903914494209,0.0,1.9291880848677403,0.838570424221556,0.4903624078307102,0
c6,C_hard_maze,25,grid_oracle,,,0.0,168,1,2.174013864165469,1.0040976272165936,2.1651419197074877,155,155,192,717,18,1.0,1.8671053121201031,0.010285710045708754,0.8952704186190427,0.4792095821535035,0.9808903914494209,0.0,1.9291880848677403,0.838570424221556,0.4903624078307102,0
c6,C_hard_maze,25,unet,unet,,0.0,128,0,nan,nan,2.1651419197074877,128,128,192,717,18,1.0,2.260695682105079,0.05072123910435777,1.0396479866613828,0.5561704569348507,0.9819229308520739,0.025437602773308754,1.460752010345459,0.4739200327430808,0.3452245351215716,0
c6,C_hard_maze,25,unet,unet,,0.0,144,1,2.180442655024908,1.007066850989374,2.1651419197074877,141,141,192,717,18,1.0,2.260695682105079,0.05072123910435777,1.0396479866613828,0.5561704569348507,0.9819229308520739,0.025437602773308754,1.460752010345459,0.4739200327430808,0.3452245351215716,0
c6,C_hard_maze,25,unet,unet,,0.0,168,1,2.180442655024908,1.007066850989374,2.1651419197074877,141,141,192,717,18,1.0,2.260695682105079,0.05072123910435777,1.0396479866613828,0.5561704569348507,0.9819229308520739,0.025437602773308754,1.460752010345459,0.4739200327430808,0.3452245351215716,0
c6,C_hard_maze,25,onlstm,onlstm,,0.0,128,1,2.1693598203678275,1.0019480943128705,2.1651419197074877,106,106,192,717,18,1.0,2.419252374551555,0.0031194756310450964,1.110039879190624,0.6740771216470353,0.9351992512817731,0.0008039827225729823,1.4782110452651978,0.5447034956910386,0.4425028322071471,0
c6,C_hard_maze,25,onlstm,onlstm,,0.0,144,1,2.1693598203678275,1.0019480943128705,2.1651419197074877,106,106,192,717,18,1.0,2.419252374551555,0.0031194756310450964,1.110039879190624,0.6740771216470353,0.9351992512817731,0.0008039827225729823,1.4782110452651978,0.5447034956910386,0.4425028322071471,0
c6,C_hard_maze,25,onlstm,onlstm,,0.0,168,1,2.1693598203678275,1.0019480943128705,2.1651419197074877,106,106,192,717,18,1.0,2.419252374551555,0.0031194756310450964,1.110039879190624,0.6740771216470353,0.9351992512817731,0.0008039827225729823,1.4782110452651978,0.5447034956910386,0.4425028322071471,0
c6,C_hard_maze,25,hrm,hrm,,0.0,128,0,nan,nan,2.1651419197074877,128,128,192,717,18,1.0,2.3366163166922385,0.00043250977172808506,1.0264945359355686,0.5888013509500745,0.9817313430811384,0.0002569661883171648,1.4571424722671509,0.4602048758699837,0.3781067486541766,0
c6,C_hard_maze,25,hrm,hrm,,0.0,144,1,2.1699733592590116,1.0022314655254454,2.1651419197074877,136,136,192,717,18,1.0,2.3366163166922385,0.00043250977172808506,1.0264945359355686,0.5888013509500745,0.9817313430811384,0.0002569661883171648,1.4571424722671509,0.4602048758699837,0.3781067486541766,0
c6,C_hard_maze,25,hrm,hrm,,0.0,168,1,2.1699733592590116,1.0022314655254454,2.1651419197074877,136,136,192,717,18,1.0,2.3366163166922385,0.00043250977172808506,1.0264945359355686,0.5888013509500745,0.9817313430811384,0.0002569661883171648,1.4571424722671509,0.4602048758699837,0.3781067486541766,0
c6,C_hard_maze,26,euclidean,,,0.0,128,0,nan,nan,2.694089748539852,128,128,192,659,25,1.0,0.9956345054778596,0.0,0.5438887235776216,0.2304001676564515,0.7559256571630091,0.0,0.9956345054778596,0.5438887235776216,0.2304001676564515,0
c6,C_hard_maze,26,euclidean,,,0.0,144,1,2.694089748539852,1.0,2.694089748539852,135,135,192,659,25,1.0,0.9956345054778596,0.0,0.5438887235776216,0.2304001676564515,0.7559256571630091,0.0,0.9956345054778596,0.5438887235776216,0.2304001676564515,0
c6,C_hard_maze,26,euclidean,,,0.0,168,1,2.694089748539852,1.0,2.694089748539852,135,135,192,659,25,1.0,0.9956345054778596,0.0,0.5438887235776216,0.2304001676564515,0.7559256571630091,0.0,0.9956345054778596,0.5438887235776216,0.2304001676564515,0
c6,C_hard_maze,26,grid_oracle,,,0.0,128,0,nan,nan,2.694089748539852,128,128,192,659,25,1.0,2.284771824131501,0.01007377785275,1.1406548938165155,0.5580027415911775,0.8785011393538237,0.0,2.284771824131501,1.0450504985005018,0.5711992601637147,0
c6,C_hard_maze,26,grid_oracle,,,0.0,144,1,2.6963892199282227,1.0008535244193766,2.694089748539852,132,132,192,659,25,1.0,2.284771824131501,0.01007377785275,1.1406548938165155,0.5580027415911775,0.8785011393538237,0.0,2.284771824131501,1.0450504985005018,0.5711992601637147,0
c6,C_hard_maze,26,grid_oracle,,,0.0,168,1,2.6963892199282227,1.0008535244193766,2.694089748539852,132,132,192,659,25,1.0,2.284771824131501,0.01007377785275,1.1406548938165155,0.5580027415911775,0.8785011393538237,0.0,2.284771824131501,1.0450504985005018,0.5711992601637147,0
c6,C_hard_maze,26,unet,unet,,0.0,128,0,nan,nan,2.694089748539852,128,128,192,659,25,1.0,2.2363688274885978,0.05385345513788483,1.0733366345556634,0.5670897633544346,0.8297530721862031,0.02355148084461689,1.4075709581375122,0.48681578565901873,0.3568728495848112,0
c6,C_hard_maze,26,unet,unet,,0.0,144,1,2.6963892199282227,1.0008535244193766,2.694089748539852,136,136,192,659,25,1.0,2.2363688274885978,0.05385345513788483,1.0733366345556634,0.5670897633544346,0.8297530721862031,0.02355148084461689,1.4075709581375122,0.48681578565901873,0.3568728495848112,0
c6,C_hard_maze,26,unet,unet,,0.0,168,1,2.6963892199282227,1.0008535244193766,2.694089748539852,136,136,192,659,25,1.0,2.2363688274885978,0.05385345513788483,1.0733366345556634,0.5670897633544346,0.8297530721862031,0.02355148084461689,1.4075709581375122,0.48681578565901873,0.3568728495848112,0
c6,C_hard_maze,26,onlstm,onlstm,,0.0,128,1,2.694089748539852,1.0,2.694089748539852,123,123,192,659,25,1.0,2.2111386242558875,0.004929743594493016,1.1900086033952213,0.6575178733932516,0.8211553590320919,0.0014404939720407128,1.4102555513381958,0.5723920779163336,0.4506240640882358,0
c6,C_hard_maze,26,onlstm,onlstm,,0.0,144,1,2.694089748539852,1.0,2.694089748539852,123,123,192,659,25,1.0,2.2111386242558875,0.004929743594493016,1.1900086033952213,0.6575178733932516,0.8211553590320919,0.0014404939720407128,1.4102555513381958,0.5723920779163336,0.4506240640882358,0
c6,C_hard_maze,26,onlstm,onlstm,,0.0,168,1,2.694089748539852,1.0,2.694089748539852,123,123,192,659,25,1.0,2.2111386242558875,0.004929743594493016,1.1900086033952213,0.6575178733932516,0.8211553590320919,0.0014404939720407128,1.4102555513381958,0.5723920779163336,0.4506240640882358,0
c6,C_hard_maze,26,hrm,hrm,,0.0,128,0,nan,nan,2.694089748539852,128,128,192,659,25,1.0,2.4110026799078925,0.0007836645800506755,1.0689682814267785,0.6008809925479834,0.8193683368146923,0.0003162037464790046,1.5024678707122803,0.47553541751991446,0.3847811687388812,0
c6,C_hard_maze,26,hrm,hrm,,0.0,144,1,2.7020161458091914,1.002942142990461,2.694089748539852,134,134,192,659,25,1.0,2.4110026799078925,0.0007836645800506755,1.0689682814267785,0.6008809925479834,0.8193683368146923,0.0003162037464790046,1.5024678707122803,0.47553541751991446,0.3847811687388812,0
c6,C_hard_maze,26,hrm,hrm,,0.0,168,1,2.7020161458091914,1.002942142990461,2.694089748539852,134,134,192,659,25,1.0,2.4110026799078925,0.0007836645800506755,1.0689682814267785,0.6008809925479834,0.8193683368146923,0.0003162037464790046,1.5024678707122803,0.47553541751991446,0.3847811687388812,0
c6,C_hard_maze,27,euclidean,,,0.0,128,0,nan,nan,2.6592636879175897,128,128,192,711,16,1.0,0.9871127566300657,0.0,0.5058335859023321,0.24472837007355822,0.8720024143450072,0.0,0.9871127566300657,0.5058335859023321,0.24472837007355822,0
c6,C_hard_maze,27,euclidean,,,0.0,144,0,nan,nan,2.6592636879175897,144,144,192,711,16,1.0,0.9871127566300657,0.0,0.5058335859023321,0.24472837007355822,0.8720024143450072,0.0,0.9871127566300657,0.5058335859023321,0.24472837007355822,0
c6,C_hard_maze,27,euclidean,,,0.0,168,1,2.6592636879175897,1.0,2.6592636879175897,147,147,192,711,16,1.0,0.9871127566300657,0.0,0.5058335859023321,0.24472837007355822,0.8720024143450072,0.0,0.9871127566300657,0.5058335859023321,0.24472837007355822,0
c6,C_hard_maze,27,grid_oracle,,,0.0,128,0,nan,nan,2.6592636879175897,128,128,192,711,16,1.0,2.0871721948036965,0.008525104046161698,0.8999848147878362,0.5429923095622102,0.9772044461926594,0.0,2.1204793456039788,0.9409429707476183,0.5368093090038889,0
c6,C_hard_maze,27,grid_oracle,,,0.0,144,0,nan,nan,2.6592636879175897,144,144,192,711,16,1.0,2.0871721948036965,0.008525104046161698,0.8999848147878362,0.5429923095622102,0.9772044461926594,0.0,2.1204793456039788,0.9409429707476183,0.5368093090038889,0
c6,C_hard_maze,27,grid_oracle,,,0.0,168,1,2.6675812320171453,1.003127762070887,2.6592636879175897,146,146,192,711,16,1.0,2.0871721948036965,0.008525104046161698,0.8999848147878362,0.5429923095622102,0.9772044461926594,0.0,2.1204793456039788,0.9409429707476183,0.5368093090038889,0
c6,C_hard_maze,27,unet,unet,,0.0,128,0,nan,nan,2.6592636879175897,128,128,192,711,16,1.0,2.176935126303478,0.023264424717085223,0.9598828941342598,0.5886015573074979,0.9618113013048315,0.01959601417183876,1.3307150602340698,0.4785413456002061,0.3503316117121091,0
c6,C_hard_maze,27,unet,unet,,0.0,144,1,2.666244575547464,1.0026251205029393,2.6592636879175897,142,142,192,711,16,1.0,2.176935126303478,0.023264424717085223,0.9598828941342598,0.5886015573074979,0.9618113013048315,0.01959601417183876,1.3307150602340698,0.4785413456002061,0.3503316117121091,0
c6,C_hard_maze,27,unet,unet,,0.0,168,1,2.666244575547464,1.0026251205029393,2.6592636879175897,142,142,192,711,16,1.0,2.176935126303478,0.023264424717085223,0.9598828941342598,0.5886015573074979,0.9618113013048315,0.01959601417183876,1.3307150602340698,0.4785413456002061,0.3503316117121091,0
c6,C_hard_maze,27,onlstm,onlstm,,0.0,128,0,nan,nan,2.6592636879175897,128,128,192,711,16,1.0,2.488939218776485,0.003375499852211602,1.0438892572569882,0.7051718794140984,0.912318924124461,0.0017400213982909918,1.512001872062683,0.5734463359357278,0.4685702935008894,0
c6,C_hard_maze,27,onlstm,onlstm,,0.0,144,1,2.710482876670299,1.0192606656441874,2.6592636879175897,135,135,192,711,16,1.0,2.488939218776485,0.003375499852211602,1.0438892572569882,0.7051718794140984,0.912318924124461,0.0017400213982909918,1.512001872062683,0.5734463359357278,0.4685702935008894,0
c6,C_hard_maze,27,onlstm,onlstm,,0.0,168,1,2.710482876670299,1.0192606656441874,2.6592636879175897,135,135,192,711,16,1.0,2.488939218776485,0.003375499852211602,1.0438892572569882,0.7051718794140984,0.912318924124461,0.0017400213982909918,1.512001872062683,0.5734463359357278,0.4685702935008894,0
c6,C_hard_maze,27,hrm,hrm,,0.0,128,0,nan,nan,2.6592636879175897,128,128,192,711,16,1.0,2.3743127511818516,0.00046681290796035587,0.9538138043311221,0.6253768907060672,0.948634131785259,0.00026016845367848873,1.5244598388671875,0.4772128495771568,0.3907363864947755,0
c6,C_hard_maze,27,hrm,hrm,,0.0,144,1,2.690546713355618,1.0117637922031437,2.6592636879175897,139,139,192,711,16,1.0,2.3743127511818516,0.00046681290796035587,0.9538138043311221,0.6253768907060672,0.948634131785259,0.00026016845367848873,1.5244598388671875,0.4772128495771568,0.3907363864947755,0
c6,C_hard_maze,27,hrm,hrm,,0.0,168,1,2.690546713355618,1.0117637922031437,2.6592636879175897,139,139,192,711,16,1.0,2.3743127511818516,0.00046681290796035587,0.9538138043311221,0.6253768907060672,0.948634131785259,0.00026016845367848873,1.5244598388671875,0.4772128495771568,0.3907363864947755,0
c6,C_hard_maze,28,euclidean,,,0.0,128,1,2.002830010593567,1.0000000000000002,2.0028300105935664,125,125,192,685,22,1.0,1.0354417027499472,0.0,0.5359847790088998,0.2435991158050832,0.9359554295635192,0.0,1.0354417027499472,0.5359847790088998,0.2435991158050832,0
c6,C_hard_maze,28,euclidean,,,0.0,144,1,2.002830010593567,1.0000000000000002,2.0028300105935664,125,125,192,685,22,1.0,1.0354417027499472,0.0,0.5359847790088998,0.2435991158050832,0.9359554295635192,0.0,1.0354417027499472,0.5359847790088998,0.2435991158050832,0
c6,C_hard_maze,28,euclidean,,,0.0,168,1,2.002830010593567,1.0000000000000002,2.0028300105935664,125,125,192,685,22,1.0,1.0354417027499472,0.0,0.5359847790088998,0.2435991158050832,0.9359554295635192,0.0,1.0354417027499472,0.5359847790088998,0.2435991158050832,0
c6,C_hard_maze,28,grid_oracle,,,0.0,128,1,2.0047887830307194,1.000978002340085,2.0028300105935664,86,86,192,685,22,1.0,2.231588955253493,0.009037496262445288,0.9527900787545195,0.6117114670679183,0.9865447738925212,0.0,2.332757258691899,0.9817120108531748,0.6334835774751473,0
c6,C_hard_maze,28,grid_oracle,,,0.0,144,1,2.0047887830307194,1.000978002340085,2.0028300105935664,86,86,192,685,22,1.0,2.231588955253493,0.009037496262445288,0.9527900787545195,0.6117114670679183,0.9865447738925212,0.0,2.332757258691899,0.9817120108531748,0.6334835774751473,0
c6,C_hard_maze,28,grid_oracle,,,0.0,168,1,2.0047887830307194,1.000978002340085,2.0028300105935664,86,86,192,685,22,1.0,2.231588955253493,0.009037496262445288,0.9527900787545195,0.6117114670679183,0.9865447738925212,0.0,2.332757258691899,0.9817120108531748,0.6334835774751473,0
c6,C_hard_maze,28,unet,unet,,0.0,128,1,2.0075564099657806,1.0023598604710409,2.0028300105935664,83,83,192,685,22,1.0,2.2492596567917302,0.04412200926942082,1.0067594026574407,0.5766858187766166,0.9822009874399806,0.024210700765252113,1.383522391319275,0.5014591886774724,0.36282915484835404,0
c6,C_hard_maze,28,unet,unet,,0.0,144,1,2.0075564099657806,1.0023598604710409,2.0028300105935664,83,83,192,685,22,1.0,2.2492596567917302,0.04412200926942082,1.0067594026574407,0.5766858187766166,0.9822009874399806,0.024210700765252113,1.383522391319275,0.5014591886774724,0.36282915484835404,0
c6,C_hard_maze,28,unet,unet,,0.0,168,1,2.0075564099657806,1.0023598604710409,2.0028300105935664,83,83,192,685,22,1.0,2.2492596567917302,0.04412200926942082,1.0067594026574407,0.5766858187766166,0.9822009874399806,0.024210700765252113,1.383522391319275,0.5014591886774724,0.36282915484835404,0
c6,C_hard_maze,28,onlstm,onlstm,,0.0,128,1,2.128434201122919,1.0627133555344161,2.0028300105935664,83,83,192,685,22,1.0,2.3798080680804903,0.002765239685129874,1.1447655721868435,0.7006049914915164,0.9573081409543447,0.0006546684890054166,1.4835039377212524,0.6466305923216424,0.4653684844804024,0
c6,C_hard_maze,28,onlstm,onlstm,,0.0,144,1,2.128434201122919,1.0627133555344161,2.0028300105935664,83,83,192,685,22,1.0,2.3798080680804903,0.002765239685129874,1.1447655721868435,0.7006049914915164,0.9573081409543447,0.0006546684890054166,1.4835039377212524,0.6466305923216424,0.4653684844804024,0
c6,C_hard_maze,28,onlstm,onlstm,,0.0,168,1,2.128434201122919,1.0627133555344161,2.0028300105935664,83,83,192,685,22,1.0,2.3798080680804903,0.002765239685129874,1.1447655721868435,0.7006049914915164,0.9573081409543447,0.0006546684890054166,1.4835039377212524,0.6466305923216424,0.4653684844804024,0
c6,C_hard_maze,28,hrm,hrm,,0.0,128,1,2.0108014368039493,1.003980081269114,2.0028300105935664,79,79,192,685,22,1.0,2.3063985098954385,0.0003918039787926954,0.9734914467221184,0.589348219401792,0.9801986409136535,0.0002834808256011456,1.4825478792190552,0.4714228417556612,0.37818080874309856,0
c6,C_hard_maze,28,hrm,hrm,,0.0,144,1,2.0108014368039493,1.003980081269114,2.0028300105935664,79,79,192,685,22,1.0,2.3063985098954385,0.0003918039787926954,0.9734914467221184,0.589348219401792,0.9801986409136535,0.0002834808256011456,1.4825478792190552,0.4714228417556612,0.37818080874309856,0
c6,C_hard_maze,28,hrm,hrm,,0.0,168,1,2.0108014368039493,1.003980081269114,2.0028300105935664,79,79,192,685,22,1.0,2.3063985098954385,0.0003918039787926954,0.9734914467221184,0.589348219401792,0.9801986409136535,0.0002834808256011456,1.4825478792190552,0.4714228417556612,0.37818080874309856,0
c6,C_hard_maze,29,euclidean,,,0.0,128,0,nan,nan,2.088334223761503,128,128,192,708,23,1.0,1.060074553275002,0.0,0.5415835012104385,0.24254830962890447,0.9070375444212355,0.0,1.060074553275002,0.5415835012104385,0.24254830962890447,0
c6,C_hard_maze,29,euclidean,,,0.0,144,0,nan,nan,2.088334223761503,144,144,192,708,23,1.0,1.060074553275002,0.0,0.5415835012104385,0.24254830962890447,0.9070375444212355,0.0,1.060074553275002,0.5415835012104385,0.24254830962890447,0
c6,C_hard_maze,29,euclidean,,,0.0,168,1,2.088334223761503,1.0,2.088334223761503,147,147,192,708,23,1.0,1.060074553275002,0.0,0.5415835012104385,0.24254830962890447,0.9070375444212355,0.0,1.060074553275002,0.5415835012104385,0.24254830962890447,0
c6,C_hard_maze,29,grid_oracle,,,0.0,128,1,2.088334223761503,1.0,2.088334223761503,86,86,192,708,23,1.0,2.4623933238059843,0.007681463738222735,1.032417666145194,0.595137895725306,0.9975466592518245,0.0,2.4760630848677403,1.0608521355891098,0.6214630554561286,0
c6,C_hard_maze,29,grid_oracle,,,0.0,144,1,2.088334223761503,1.0,2.088334223761503,86,86,192,708,23,1.0,2.4623933238059843,0.007681463738222735,1.032417666145194,0.595137895725306,0.9975466592518245,0.0,2.4760630848677403,1.0608521355891098,0.6214630554561286,0
c6,C_hard_maze,29,grid_oracle,,,0.0,168,1,2.088334223761503,1.0,2.088334223761503,86,86,192,708,23,1.0,2.4623933238059843,0.007681463738222735,1.032417666145194,0.595137895725306,0.9975466592518245,0.0,2.4760630848677403,1.0608521355891098,0.6214630554561286,0
c6,C_hard_maze,29,unet,unet,,0.0,128,1,2.11852961952238,1.014459081988557,2.088334223761503,92,92,192,708,23,1.0,2.4219433286521097,0.03246629362180052,1.0256097781919793,0.5985966584522144,0.9771942733906628,0.022261932492256165,1.491556167602539,0.5037244956438371,0.37911425689523987,0
c6,C_hard_maze,29,unet,unet,,0.0,144,1,2.11852961952238,1.014459081988557,2.088334223761503,92,92,192,708,23,1.0,2.4219433286521097,0.03246629362180052,1.0256097781919793,0.5985966584522144,0.9771942733906628,0.022261932492256165,1.491556167602539,0.5037244956438371,0.37911425689523987,0
c6,C_hard_maze,29,unet,unet,,0.0,168,1,2.11852961952238,1.014459081988557,2.088334223761503,92,92,192,708,23,1.0,2.4219433286521097,0.03246629362180052,1.0256097781919793,0.5985966584522144,0.9771942733906628,0.022261932492256165,1.491556167602539,0.5037244956438371,0.37911425689523987,0
c6,C_hard_maze,29,onlstm,onlstm,,0.0,128,1,2.269570628633831,1.0867851528793535,2.088334223761503,101,101,192,708,23,1.0,2.569238003712204,0.00769081546522396,1.1358790099576048,0.6903420109985428,0.9257521091609475,0.003588771214708686,1.5777097940444946,0.6253339451042166,0.48092295029635557,0
c6,C_hard_maze,29,onlstm,onlstm,,0.0,144,1,2.269570628633831,1.0867851528793535,2.088334223761503,101,101,192,708,23,1.0,2.569238003712204,0.00769081546522396,1.1358790099576048,0.6903420109985428,0.9257521091609475,0.003588771214708686,1.5777097940444946,0.6253339451042166,0.48092295029635557,0
c6,C_hard_maze,29,onlstm,onlstm,,0.0,168,1,2.269570628633831,1.0867851528793535,2.088334223761503,101,101,192,708,23,1.0,2.569238003712204,0.00769081546522396,1.1358790099576048,0.6903420109985428,0.9257521091609475,0.003588771214708686,1.5777097940444946,0.6253339451042166,0.48092295029635557,0
c6,C_hard_maze,29,hrm,hrm,,0.0,128,1,2.1119955678911233,1.0113302477450195,2.088334223761503,86,86,192,708,23,1.0,2.5880624805158567,0.00030596916521473665,0.992326527912887,0.6209186644313178,0.9642375145810164,0.00019135783077217638,1.5826565027236938,0.4813169224642806,0.4082030820691316,0
c6,C_hard_maze,29,hrm,hrm,,0.0,144,1,2.1119955678911233,1.0113302477450195,2.088334223761503,86,86,192,708,23,1.0,2.5880624805158567,0.00030596916521473665,0.992326527912887,0.6209186644313178,0.9642375145810164,0.00019135783077217638,1.5826565027236938,0.4813169224642806,0.4082030820691316,0
c6,C_hard_maze,29,hrm,hrm,,0.0,168,1,2.1119955678911233,1.0113302477450195,2.088334223761503,86,86,192,708,23,1.0,2.5880624805158567,0.00030596916521473665,0.992326527912887,0.6209186644313178,0.9642375145810164,0.00019135783077217638,1.5826565027236938,0.4813169224642806,0.4082030820691316,0
c6,C_hard_maze,30,euclidean,,,0.0,128,0,nan,nan,2.1345266368383444,128,128,192,687,17,1.0,1.0227546672013252,0.0,0.5859759455786638,0.24852567878948587,0.8953388221251661,0.0,1.0227546672013252,0.5859759455786638,0.24852567878948587,0
c6,C_hard_maze,30,euclidean,,,0.0,144,0,nan,nan,2.1345266368383444,144,144,192,687,17,1.0,1.0227546672013252,0.0,0.5859759455786638,0.24852567878948587,0.8953388221251661,0.0,1.0227546672013252,0.5859759455786638,0.24852567878948587,0
c6,C_hard_maze,30,euclidean,,,0.0,168,1,2.1345266368383444,1.0,2.1345266368383444,165,165,192,687,17,1.0,1.0227546672013252,0.0,0.5859759455786638,0.24852567878948587,0.8953388221251661,0.0,1.0227546672013252,0.5859759455786638,0.24852567878948587,0
c6,C_hard_maze,30,grid_oracle,,,0.0,128,0,nan,nan,2.1345266368383444,128,128,192,687,17,1.0,1.933705004005808,0.00744218434419531,1.0522413539211792,0.4803739462637174,0.987919797629059,0.0,1.9863264325160583,0.9946662955705824,0.4946047335988048,0
c6,C_hard_maze,30,grid_oracle,,,0.0,144,1,2.1345266368383444,1.0,2.1345266368383444,142,142,192,687,17,1.0,1.933705004005808,0.00744218434419531,1.0522413539211792,0.4803739462637174,0.987919797629059,0.0,1.9863264325160583,0.9946662955705824,0.4946047335988048,0
c6,C_hard_maze,30,grid_oracle,,,0.0,168,1,2.1345266368383444,1.0,2.1345266368383444,142,142,192,687,17,1.0,1.933705004005808,0.00744218434419531,1.0522413539211792,0.4803739462637174,0.987919797629059,0.0,1.9863264325160583,0.9946662955705824,0.4946047335988048,0
c6,C_hard_maze,30,unet,unet,,0.0,128,0,nan,nan,2.1345266368383444,128,128,192,687,17,1.0,2.3742542717224633,0.04297221676846924,1.119024396261349,0.5857264154352647,0.9788846539890949,0.024064118042588234,1.4629294872283936,0.48951195178551643,0.35165915095818745,0
c6,C_hard_maze,30,unet,unet,,0.0,144,1,2.1356941266927043,1.000546954923968,2.1345266368383444,139,139,192,687,17,1.0,2.3742542717224633,0.04297221676846924,1.119024396261349,0.5857264154352647,0.9788846539890949,0.024064118042588234,1.4629294872283936,0.48951195178551643,0.35165915095818745,0
c6,C_hard_maze,30,unet,unet,,0.0,168,1,2.1356941266927043,1.000546954923968,2.1345266368383444,139,139,192,687,17,1.0,2.3742542717224633,0.04297221676846924,1.119024396261349,0.5857264154352647,0.9788846539890949,0.024064118042588234,1.4629294872283936,0.48951195178551643,0.35165915095818745,0
c6,C_hard_maze,30,onlstm,onlstm,,0.0,128,0,nan,nan,2.1345266368383444,128,128,192,687,17,1.0,2.5068781763514942,0.00175134129895319,1.305160584974357,0.6973572305946828,0.9182886634294551,0.00104039185680449,1.52628493309021,0.655254773638859,0.4530044945474717,0
c6,C_hard_maze,30,onlstm,onlstm,,0.0,144,0,nan,nan,2.1345266368383444,144,144,192,687,17,1.0,2.5068781763514942,0.00175134129895319,1.305160584974357,0.6973572305946828,0.9182886634294551,0.00104039185680449,1.52628493309021,0.655254773638859,0.4530044945474717,0
c6,C_hard_maze,30,onlstm,onlstm,,0.0,168,1,2.1345266368383444,1.0,2.1345266368383444,152,152,192,687,17,1.0,2.5068781763514942,0.00175134129895319,1.305160584974357,0.6973572305946828,0.9182886634294551,0.00104039185680449,1.52628493309021,0.655254773638859,0.4530044945474717,0
c6,C_hard_maze,30,hrm,hrm,,0.0,128,0,nan,nan,2.1345266368383444,128,128,192,687,17,1.0,2.321332480972484,0.00046461057426096686,1.090767227820661,0.588712004198226,0.9706277297018692,0.0002979508717544377,1.3969075679779053,0.45208520721727297,0.3622603698556165,0
c6,C_hard_maze,30,hrm,hrm,,0.0,144,1,2.1345266368383444,1.0,2.1345266368383444,135,135,192,687,17,1.0,2.321332480972484,0.00046461057426096686,1.090767227820661,0.588712004198226,0.9706277297018692,0.0002979508717544377,1.3969075679779053,0.45208520721727297,0.3622603698556165,0
c6,C_hard_maze,30,hrm,hrm,,0.0,168,1,2.1345266368383444,1.0,2.1345266368383444,135,135,192,687,17,1.0,2.321332480972484,0.00046461057426096686,1.090767227820661,0.588712004198226,0.9706277297018692,0.0002979508717544377,1.3969075679779053,0.45208520721727297,0.3622603698556165,0
c6,C_hard_maze,31,euclidean,,,0.0,128,0,nan,nan,1.9633145282327749,128,128,192,643,25,1.0,0.9455067907653,0.0,0.5157576841773598,0.23030217087075106,0.9001369937335542,0.0,0.9455067907653,0.5157576841773598,0.23030217087075106,0
c6,C_hard_maze,31,euclidean,,,0.0,144,0,nan,nan,1.9633145282327749,144,144,192,643,25,1.0,0.9455067907653,0.0,0.5157576841773598,0.23030217087075106,0.9001369937335542,0.0,0.9455067907653,0.5157576841773598,0.23030217087075106,0
c6,C_hard_maze,31,euclidean,,,0.0,168,1,1.9633145282327742,0.9999999999999997,1.9633145282327749,149,149,192,643,25,1.0,0.9455067907653,0.0,0.5157576841773598,0.23030217087075106,0.9001369937335542,0.0,0.9455067907653,0.5157576841773598,0.23030217087075106,0
c6,C_hard_maze,31,grid_oracle,,,0.0,128,1,1.968672017738131,1.002728798380654,1.9633145282327749,79,79,192,643,25,1.0,2.2351711502756615,0.004097110893227144,0.9736827971070579,0.5752753162874215,0.9921838971326263,0.0,2.2847718241315014,0.9332522655406758,0.562913565602316,0
c6,C_hard_maze,31,grid_oracle,,,0.0,144,1,1.968672017738131,1.002728798380654,1.9633145282327749,79,79,192,643,25,1.0,2.2351711502756615,0.004097110893227144,0.9736827971070579,0.5752753162874215,0.9921838971326263,0.0,2.2847718241315014,0.9332522655406758,0.562913565602316,0
c6,C_hard_maze,31,grid_oracle,,,0.0,168,1,1.968672017738131,1.002728798380654,1.9633145282327749,79,79,192,643,25,1.0,2.2351711502756615,0.004097110893227144,0.9736827971070579,0.5752753162874215,0.9921838971326263,0.0,2.2847718241315014,0.9332522655406758,0.562913565602316,0
c6,C_hard_maze,31,unet,unet,,0.0,128,1,2.0748216871698824,1.0567953617892685,1.9633145282327749,90,90,192,643,25,1.0,2.214154011702482,0.048349695221967665,1.0253152824738518,0.5729250719383757,0.980232550253642,0.02290458418428898,1.366213321685791,0.48009977689480365,0.35217674273208077,0
c6,C_hard_maze,31,unet,unet,,0.0,144,1,2.0748216871698824,1.0567953617892685,1.9633145282327749,90,90,192,643,25,1.0,2.214154011702482,0.048349695221967665,1.0253152824738518,0.5729250719383757,0.980232550253642,0.02290458418428898,1.366213321685791,0.48009977689480365,0.35217674273208077,0
c6,C_hard_maze,31,unet,unet,,0.0,168,1,2.0748216871698824,1.0567953617892685,1.9633145282327749,90,90,192,643,25,1.0,2.214154011702482,0.048349695221967665,1.0253152824738518,0.5729250719383757,0.980232550253642,0.02290458418428898,1.366213321685791,0.48009977689480365,0.35217674273208077,0
c6,C_hard_maze,31,onlstm,onlstm,,0.0,128,1,2.0733504132579568,1.056045979104646,1.9633145282327749,84,84,192,643,25,1.0,2.3178749029124606,0.005015623767171076,1.0909508606336884,0.6721543348782555,0.931065702737162,0.001951339072547853,1.412827730178833,0.5462164760517396,0.4500000678004764,0
c6,C_hard_maze,31,onlstm,onlstm,,0.0,144,1,2.0733504132579568,1.056045979104646,1.9633145282327749,84,84,192,643,25,1.0,2.3178749029124606,0.005015623767171076,1.0909508606336884,0.6721543348782555,0.931065702737162,0.001951339072547853,1.412827730178833,0.5462164760517396,0.4500000678004764,0
c6,C_hard_maze,31,onlstm,onlstm,,0.0,168,1,2.0733504132579568,1.056045979104646,1.9633145282327749,84,84,192,643,25,1.0,2.3178749029124606,0.005015623767171076,1.0909508606336884,0.6721543348782555,0.931065702737162,0.001951339072547853,1.412827730178833,0.5462164760517396,0.4500000678004764,0
c6,C_hard_maze,31,hrm,hrm,,0.0,128,1,2.064824101995448,1.0517031643697172,1.9633145282327749,75,75,192,643,25,1.0,2.33725855760783,0.0006037743936951192,1.0234860008089344,0.6015876519513812,0.9709651276347558,0.00029901874950155616,1.5233960151672363,0.4731817197404027,0.38747164506997067,0
c6,C_hard_maze,31,hrm,hrm,,0.0,144,1,2.064824101995448,1.0517031643697172,1.9633145282327749,75,75,192,643,25,1.0,2.33725855760783,0.0006037743936951192,1.0234860008089344,0.6015876519513812,0.9709651276347558,0.00029901874950155616,1.5233960151672363,0.4731817197404027,0.38747164506997067,0
c6,C_hard_maze,31,hrm,hrm,,0.0,168,1,2.064824101995448,1.0517031643697172,1.9633145282327749,75,75,192,643,25,1.0,2.33725855760783,0.0006037743936951192,1.0234860008089344,0.6015876519513812,0.9709651276347558,0.00029901874950155616,1.5233960151672363,0.4731817197404027,0.38747164506997067,0
c6,C_hard_maze,32,euclidean,,,0.0,128,0,nan,nan,2.484395865574559,128,128,192,707,24,1.0,1.0742643093721773,0.0,0.5290443308496107,0.2610487260637822,0.8586217887855032,0.0,1.0742643093721773,0.5290443308496107,0.2610487260637822,0
c6,C_hard_maze,32,euclidean,,,0.0,144,0,nan,nan,2.484395865574559,144,144,192,707,24,1.0,1.0742643093721773,0.0,0.5290443308496107,0.2610487260637822,0.8586217887855032,0.0,1.0742643093721773,0.5290443308496107,0.2610487260637822,0
c6,C_hard_maze,32,euclidean,,,0.0,168,1,2.484395865574559,1.0,2.484395865574559,146,146,192,707,24,1.0,1.0742643093721773,0.0,0.5290443308496107,0.2610487260637822,0.8586217887855032,0.0,1.0742643093721773,0.5290443308496107,0.2610487260637822,0
c6,C_hard_maze,32,grid_oracle,,,0.0,128,1,2.4861958105893494,1.0007245000846008,2.484395865574559,94,94,192,707,24,1.0,2.768995819231572,0.004899299049011055,1.2519356914193263,0.770108332622654,0.9986148034614656,0.0,2.7912439110435834,1.2801239266398243,0.7517135975044003,0
c6,C_hard_maze,32,grid_oracle,,,0.0,144,1,2.4861958105893494,1.0007245000846008,2.484395865574559,94,94,192,707,24,1.0,2.768995819231572,0.004899299049011055,1.2519356914193263,0.770108332622654,0.9986148034614656,0.0,2.7912439110435834,1.2801239266398243,0.7517135975044003,0
c6,C_hard_maze,32,grid_oracle,,,0.0,168,1,2.4861958105893494,1.0007245000846008,2.484395865574559,94,94,192,707,24,1.0,2.768995819231572,0.004899299049011055,1.2519356914193263,0.770108332622654,0.9986148034614656,0.0,2.7912439110435834,1.2801239266398243,0.7517135975044003,0
c6,C_hard_maze,32,unet,unet,,0.0,128,0,nan,nan,2.484395865574559,128,128,192,707,24,1.0,2.361049515345268,0.026817494546013013,1.0257639300583783,0.6352279861624504,0.9658956813064592,0.01773437298834324,1.4700783491134644,0.5148690067808275,0.38163804866150636,0
c6,C_hard_maze,32,unet,unet,,0.0,144,1,2.4861958105893494,1.0007245000846008,2.484395865574559,130,130,192,707,24,1.0,2.361049515345268,0.026817494546013013,1.0257639300583783,0.6352279861624504,0.9658956813064592,0.01773437298834324,1.4700783491134644,0.5148690067808275,0.38163804866150636,0
c6,C_hard_maze,32,unet,unet,,0.0,168,1,2.4861958105893494,1.0007245000846008,2.484395865574559,130,130,192,707,24,1.0,2.361049515345268,0.026817494546013013,1.0257639300583783,0.6352279861624504,0.9658956813064592,0.01773437298834324,1.4700783491134644,0.5148690067808275,0.38163804866150636,0
c6,C_hard_maze,32,onlstm,onlstm,,0.0,128,0,nan,nan,2.484395865574559,128,128,192,707,24,1.0,2.4213539693752857,0.013213258233659373,1.1173222552873707,0.7174217215284648,0.9071935273851832,0.0039937118999660015,1.5182826519012451,0.6438912991687857,0.46590577422855567,0
c6,C_hard_maze,32,onlstm,onlstm,,0.0,144,1,2.5680794227111305,1.0336836646269407,2.484395865574559,143,143,192,707,24,1.0,2.4213539693752857,0.013213258233659373,1.1173222552873707,0.7174217215284648,0.9071935273851832,0.0039937118999660015,1.5182826519012451,0.6438912991687857,0.46590577422855567,0
c6,C_hard_maze,32,onlstm,onlstm,,0.0,168,1,2.5680794227111305,1.0336836646269407,2.484395865574559,143,143,192,707,24,1.0,2.4213539693752857,0.013213258233659373,1.1173222552873707,0.7174217215284648,0.9071935273851832,0.0039937118999660015,1.5182826519012451,0.6438912991687857,0.46590577422855567,0
c6,C_hard_maze,32,hrm,hrm,,0.0,128,0,nan,nan,2.484395865574559,128,128,192,707,24,1.0,2.516660643431388,0.00043388866934953815,1.0045906998167424,0.669918457311958,0.9550735154490954,0.0002388451248407364,1.6359885931015015,0.5048701990007061,0.4200338167613594,0
c6,C_hard_maze,32,hrm,hrm,,0.0,144,1,2.5634159855174117,1.0318065735971502,2.484395865574559,133,133,192,707,24,1.0,2.516660643431388,0.00043388866934953815,1.0045906998167424,0.669918457311958,0.9550735154490954,0.0002388451248407364,1.6359885931015015,0.5048701990007061,0.4200338167613594,0
c6,C_hard_maze,32,hrm,hrm,,0.0,168,1,2.5634159855174117,1.0318065735971502,2.484395865574559,133,133,192,707,24,1.0,2.516660643431388,0.00043388866934953815,1.0045906998167424,0.669918457311958,0.9550735154490954,0.0002388451248407364,1.6359885931015015,0.5048701990007061,0.4200338167613594,0
c6,C_hard_maze,33,euclidean,,,0.0,128,1,1.6147018041554255,1.0000000000000002,1.614701804155425,120,120,192,718,20,1.0,0.9472452469031022,0.0,0.48920508801941925,0.23291152755270159,0.8948166182893417,0.0,0.9472452469031022,0.48920508801941925,0.23291152755270159,0
c6,C_hard_maze,33,euclidean,,,0.0,144,1,1.6147018041554255,1.0000000000000002,1.614701804155425,120,120,192,718,20,1.0,0.9472452469031022,0.0,0.48920508801941925,0.23291152755270159,0.8948166182893417,0.0,0.9472452469031022,0.48920508801941925,0.23291152755270159,0
c6,C_hard_maze,33,euclidean,,,0.0,168,1,1.6147018041554255,1.0000000000000002,1.614701804155425,120,120,192,718,20,1.0,0.9472452469031022,0.0,0.48920508801941925,0.23291152755270159,0.8948166182893417,0.0,0.9472452469031022,0.48920508801941925,0.23291152755270159,0
c6,C_hard_maze,33,grid_oracle,,,0.0,128,1,1.6147018041554255,1.0000000000000002,1.614701804155425,71,71,192,718,20,1.0,1.9436200498335456,0.00979377470173165,0.8622968896089427,0.49194710841436107,0.9435595990559642,0.0,2.0336613895711038,0.8701337926157111,0.5099176090751895,0
c6,C_hard_maze,33,grid_oracle,,,0.0,144,1,1.6147018041554255,1.0000000000000002,1.614701804155425,71,71,192,718,20,1.0,1.9436200498335456,0.00979377470173165,0.8622968896089427,0.49194710841436107,0.9435595990559642,0.0,2.0336613895711038,0.8701337926157111,0.5099176090751895,0
c6,C_hard_maze,33,grid_oracle,,,0.0,168,1,1.6147018041554255,1.0000000000000002,1.614701804155425,71,71,192,718,20,1.0,1.9436200498335456,0.00979377470173165,0.8622968896089427,0.49194710841436107,0.9435595990559642,0.0,2.0336613895711038,0.8701337926157111,0.5099176090751895,0
c6,C_hard_maze,33,unet,unet,,0.0,128,1,1.6147018041554255,1.0000000000000002,1.614701804155425,66,66,192,718,20,1.0,2.134129652433695,0.042356263093957285,0.9293710676177422,0.5322045654103278,0.934087024930147,0.024713614955544472,1.3321281671524048,0.45334667073211676,0.3273730936998149,0
c6,C_hard_maze,33,unet,unet,,0.0,144,1,1.6147018041554255,1.0000000000000002,1.614701804155425,66,66,192,718,20,1.0,2.134129652433695,0.042356263093957285,0.9293710676177422,0.5322045654103278,0.934087024930147,0.024713614955544472,1.3321281671524048,0.45334667073211676,0.3273730936998149,0
c6,C_hard_maze,33,unet,unet,,0.0,168,1,1.6147018041554255,1.0000000000000002,1.614701804155425,66,66,192,718,20,1.0,2.134129652433695,0.042356263093957285,0.9293710676177422,0.5322045654103278,0.934087024930147,0.024713614955544472,1.3321281671524048,0.45334667073211676,0.3273730936998149,0
c6,C_hard_maze,33,onlstm,onlstm,,0.0,128,1,1.6469831069207115,1.019992114136623,1.614701804155425,57,57,192,718,20,1.0,2.2722218147445203,0.0027321098169855174,0.992952914899924,0.6776201719179945,0.8972140086265361,0.00041682281880639493,1.4285004138946533,0.5131282996467448,0.4546859945108088,0
c6,C_hard_maze,33,onlstm,onlstm,,0.0,144,1,1.6469831069207115,1.019992114136623,1.614701804155425,57,57,192,718,20,1.0,2.2722218147445203,0.0027321098169855174,0.992952914899924,0.6776201719179945,0.8972140086265361,0.00041682281880639493,1.4285004138946533,0.5131282996467448,0.4546859945108088,0
c6,C_hard_maze,33,onlstm,onlstm,,0.0,168,1,1.6469831069207115,1.019992114136623,1.614701804155425,57,57,192,718,20,1.0,2.2722218147445203,0.0027321098169855174,0.992952914899924,0.6776201719179945,0.8972140086265361,0.00041682281880639493,1.4285004138946533,0.5131282996467448,0.4546859945108088,0
c6,C_hard_maze,33,hrm,hrm,,0.0,128,1,1.6316644897914379,1.0105051506057399,1.614701804155425,45,45,192,718,20,1.0,2.225216800961047,0.0003693268109484679,0.9356078432782287,0.5762794852736364,0.934714347719936,0.00024868902983143926,1.4514009952545166,0.45292955111111866,0.3783419709025686,0
c6,C_hard_maze,33,hrm,hrm,,0.0,144,1,1.6316644897914379,1.0105051506057399,1.614701804155425,45,45,192,718,20,1.0,2.225216800961047,0.0003693268109484679,0.9356078432782287,0.5762794852736364,0.934714347719936,0.00024868902983143926,1.4514009952545166,0.45292955111111866,0.3783419709025686,0
c6,C_hard_maze,33,hrm,hrm,,0.0,168,1,1.6316644897914379,1.0105051506057399,1.614701804155425,45,45,192,718,20,1.0,2.225216800961047,0.0003693268109484679,0.9356078432782287,0.5762794852736364,0.934714347719936,0.00024868902983143926,1.4514009952545166,0.45292955111111866,0.3783419709025686,0
c6,C_hard_maze,34,euclidean,,,0.0,128,0,nan,nan,1.819157145920793,128,128,192,689,19,1.0,0.9964398704977002,0.0,0.5336583100386382,0.24241344441024426,0.9085176871117382,0.0,0.9964398704977002,0.5336583100386382,0.24241344441024426,0
c6,C_hard_maze,34,euclidean,,,0.0,144,1,1.8191571459207925,0.9999999999999998,1.819157145920793,129,129,192,689,19,1.0,0.9964398704977002,0.0,0.5336583100386382,0.24241344441024426,0.9085176871117382,0.0,0.9964398704977002,0.5336583100386382,0.24241344441024426,0
c6,C_hard_maze,34,euclidean,,,0.0,168,1,1.8191571459207925,0.9999999999999998,1.819157145920793,129,129,192,689,19,1.0,0.9964398704977002,0.0,0.5336583100386382,0.24241344441024426,0.9085176871117382,0.0,0.9964398704977002,0.5336583100386382,0.24241344441024426,0
c6,C_hard_maze,34,grid_oracle,,,0.0,128,1,1.8191571459207925,0.9999999999999998,1.819157145920793,89,89,192,689,19,1.0,2.023715476816525,0.010997695312265639,0.8687138031857495,0.4733872625406014,0.9853799880639125,0.0,2.0671322586918994,0.8714589350188421,0.49403224765108694,0
c6,C_hard_maze,34,grid_oracle,,,0.0,144,1,1.8191571459207925,0.9999999999999998,1.819157145920793,89,89,192,689,19,1.0,2.023715476816525,0.010997695312265639,0.8687138031857495,0.4733872625406014,0.9853799880639125,0.0,2.0671322586918994,0.8714589350188421,0.49403224765108694,0
c6,C_hard_maze,34,grid_oracle,,,0.0,168,1,1.8191571459207925,0.9999999999999998,1.819157145920793,89,89,192,689,19,1.0,2.023715476816525,0.010997695312265639,0.8687138031857495,0.4733872625406014,0.9853799880639125,0.0,2.0671322586918994,0.8714589350188421,0.49403224765108694,0
c6,C_hard_maze,34,unet,unet,,0.0,128,1,1.881763738935158,1.03441516482221,1.819157145920793,81,81,192,689,19,1.0,2.323841164743232,0.04205826442702432,1.0161085301835289,0.5606448087370168,0.9828503513007625,0.02393530122935772,1.3663568496704102,0.47957268772051975,0.3437831504546719,0
c6,C_hard_maze,34,unet,unet,,0.0,144,1,1.881763738935158,1.03441516482221,1.819157145920793,81,81,192,689,19,1.0,2.323841164743232,0.04205826442702432,1.0161085301835289,0.5606448087370168,0.9828503513007625,0.02393530122935772,1.3663568496704102,0.47957268772051975,0.3437831504546719,0
c6,C_hard_maze,34,unet,unet,,0.0,168,1,1.881763738935158,1.03441516482221,1.819157145920793,81,81,192,689,19,1.0,2.323841164743232,0.04205826442702432,1.0161085301835289,0.5606448087370168,0.9828503513007625,0.02393530122935772,1.3663568496704102,0.47957268772051975,0.3437831504546719,0
c6,C_hard_maze,34,onlstm,onlstm,,0.0,128,1,1.8405141244020173,1.0117400404517634,1.819157145920793,72,72,192,689,19,1.0,2.4834848579577145,0.0033498079245871154,1.1392569867907034,0.6787713483204122,0.92378028104061,0.0004903161898255348,1.5149816274642944,0.6135437283987102,0.4604870042211018,0
c6,C_hard_maze,34,onlstm,onlstm,,0.0,144,1,1.8405141244020173,1.0117400404517634,1.819157145920793,72,72,192,689,19,1.0,2.4834848579577145,0.0033498079245871154,1.1392569867907034,0.6787713483204122,0.92378028104061,0.0004903161898255348,1.5149816274642944,0.6135437283987102,0.4604870042211018,0
c6,C_hard_maze,34,onlstm,onlstm,,0.0,168,1,1.8405141244020173,1.0117400404517634,1.819157145920793,72,72,192,689,19,1.0,2.4834848579577145,0.0033498079245871154,1.1392569867907034,0.6787713483204122,0.92378028104061,0.0004903161898255348,1.5149816274642944,0.6135437283987102,0.4604870042211018,0
c6,C_hard_maze,34,hrm,hrm,,0.0,128,1,1.824913160260482,1.0031641105621887,1.819157145920793,56,56,192,689,19,1.0,2.390825267636096,0.00040640120222893556,1.0060381980903588,0.5964113066833979,0.9720875267883787,0.00022700981935486197,1.4571694135665894,0.468797548687899,0.3741240615640693,0
c6,C_hard_maze,34,hrm,hrm,,0.0,144,1,1.824913160260482,1.0031641105621887,1.819157145920793,56,56,192,689,19,1.0,2.390825267636096,0.00040640120222893556,1.0060381980903588,0.5964113066833979,0.9720875267883787,0.00022700981935486197,1.4571694135665894,0.468797548687899,0.3741240615640693,0
c6,C_hard_maze,34,hrm,hrm,,0.0,168,1,1.824913160260482,1.0031641105621887,1.819157145920793,56,56,192,689,19,1.0,2.390825267636096,0.00040640120222893556,1.0060381980903588,0.5964113066833979,0.9720875267883787,0.00022700981935486197,1.4571694135665894,0.468797548687899,0.3741240615640693,0
c6,C_hard_maze,35,euclidean,,,0.0,128,0,nan,nan,2.3608341302612104,128,128,192,703,20,1.0,0.9770780757619574,0.0,0.5361342835806323,0.2493479322034481,0.902670021430703,0.0,0.9770780757619574,0.5361342835806323,0.2493479322034481,0
c6,C_hard_maze,35,euclidean,,,0.0,144,0,nan,nan,2.3608341302612104,144,144,192,703,20,1.0,0.9770780757619574,0.0,0.5361342835806323,0.2493479322034481,0.902670021430703,0.0,0.9770780757619574,0.5361342835806323,0.2493479322034481,0
c6,C_hard_maze,35,euclidean,,,0.0,168,1,2.360834130261211,1.0000000000000002,2.3608341302612104,145,145,192,703,20,1.0,0.9770780757619574,0.0,0.5361342835806323,0.2493479322034481,0.902670021430703,0.0,0.9770780757619574,0.5361342835806323,0.2493479322034481,0
c6,C_hard_maze,35,grid_oracle,,,0.0,128,1,2.360834130261211,1.0000000000000002,2.3608341302612104,114,114,192,703,20,1.0,2.51047559902099,0.003945353509271654,1.165537272061216,0.7080150294802248,0.9963428776822288,0.0,2.5229380848677403,1.1478274867719733,0.6750990671886654,0
c6,C_hard_maze,35,grid_oracle,,,0.0,144,1,2.360834130261211,1.0000000000000002,2.3608341302612104,114,114,192,703,20,1.0,2.51047559902099,0.003945353509271654,1.165537272061216,0.7080150294802248,0.9963428776822288,0.0,2.5229380848677403,1.1478274867719733,0.6750990671886654,0
c6,C_hard_maze,35,grid_oracle,,,0.0,168,1,2.360834130261211,1.0000000000000002,2.3608341302612104,114,114,192,703,20,1.0,2.51047559902099,0.003945353509271654,1.165537272061216,0.7080150294802248,0.9963428776822288,0.0,2.5229380848677403,1.1478274867719733,0.6750990671886654,0
c6,C_hard_maze,35,unet,unet,,0.0,128,0,nan,nan,2.3608341302612104,128,128,192,703,20,1.0,2.253688555856643,0.03733811192295221,1.0217678596162203,0.6021427172851155,0.9777046089574915,0.02225431427359581,1.3659632205963135,0.4796141929427904,0.35018788160276165,0
c6,C_hard_maze,35,unet,unet,,0.0,144,1,2.385335772844323,1.0103783837538818,2.3608341302612104,132,132,192,703,20,1.0,2.253688555856643,0.03733811192295221,1.0217678596162203,0.6021427172851155,0.9777046089574915,0.02225431427359581,1.3659632205963135,0.4796141929427904,0.35018788160276165,0
c6,C_hard_maze,35,unet,unet,,0.0,168,1,2.385335772844323,1.0103783837538818,2.3608341302612104,132,132,192,703,20,1.0,2.253688555856643,0.03733811192295221,1.0217678596162203,0.6021427172851155,0.9777046089574915,0.02225431427359581,1.3659632205963135,0.4796141929427904,0.35018788160276165,0
c6,C_hard_maze,35,onlstm,onlstm,,0.0,128,1,2.420621014739215,1.0253244748166148,2.3608341302612104,107,107,192,703,20,1.0,2.335840165044565,0.003100674239065014,1.1397154837792263,0.7187996319058226,0.9374033583810326,0.0012986123329028487,1.493700623512268,0.5945114954791393,0.4671537823591903,0
c6,C_hard_maze,35,onlstm,onlstm,,0.0,144,1,2.420621014739215,1.0253244748166148,2.3608341302612104,107,107,192,703,20,1.0,2.335840165044565,0.003100674239065014,1.1397154837792263,0.7187996319058226,0.9374033583810326,0.0012986123329028487,1.493700623512268,0.5945114954791393,0.4671537823591903,0
c6,C_hard_maze,35,onlstm,onlstm,,0.0,168,1,2.420621014739215,1.0253244748166148,2.3608341302612104,107,107,192,703,20,1.0,2.335840165044565,0.003100674239065014,1.1397154837792263,0.7187996319058226,0.9374033583810326,0.0012986123329028487,1.493700623512268,0.5945114954791393,0.4671537823591903,0
c6,C_hard_maze,35,hrm,hrm,,0.0,128,0,nan,nan,2.3608341302612104,128,128,192,703,20,1.0,2.3995822322804212,0.0008853658487014759,1.0097472238157141,0.6342332224906997,0.9710024279087432,0.0003365820157341659,1.4514763355255127,0.45948528152282364,0.37596808378962165,0
c6,C_hard_maze,35,hrm,hrm,,0.0,144,1,2.393079922219872,1.013658643589287,2.3608341302612104,132,132,192,703,20,1.0,2.3995822322804212,0.0008853658487014759,1.0097472238157141,0.6342332224906997,0.9710024279087432,0.0003365820157341659,1.4514763355255127,0.45948528152282364,0.37596808378962165,0
c6,C_hard_maze,35,hrm,hrm,,0.0,168,1,2.393079922219872,1.013658643589287,2.3608341302612104,132,132,192,703,20,1.0,2.3995822322804212,0.0008853658487014759,1.0097472238157141,0.6342332224906997,0.9710024279087432,0.0003365820157341659,1.4514763355255127,0.45948528152282364,0.37596808378962165,0
c6,C_hard_maze,36,euclidean,,,0.0,128,0,nan,nan,1.9428752567560275,128,128,192,731,16,1.0,1.0620538788898912,0.0,0.552893270282123,0.2572116230529204,0.9350822640588125,0.0,1.0620538788898912,0.552893270282123,0.2572116230529204,0
c6,C_hard_maze,36,euclidean,,,0.0,144,1,1.942875256756028,1.0000000000000002,1.9428752567560275,140,140,192,731,16,1.0,1.0620538788898912,0.0,0.552893270282123,0.2572116230529204,0.9350822640588125,0.0,1.0620538788898912,0.552893270282123,0.2572116230529204,0
c6,C_hard_maze,36,euclidean,,,0.0,168,1,1.942875256756028,1.0000000000000002,1.9428752567560275,140,140,192,731,16,1.0,1.0620538788898912,0.0,0.552893270282123,0.2572116230529204,0.9350822640588125,0.0,1.0620538788898912,0.552893270282123,0.2572116230529204,0
c6,C_hard_maze,36,grid_oracle,,,0.0,128,1,1.944221545977395,1.0006929365211101,1.9428752567560275,69,69,192,731,16,1.0,2.18143403827442,0.00953023623161954,0.9756950046207497,0.5653440478975358,0.9981061633616365,0.0,2.254632258691899,0.9999704322346467,0.5661138482969761,0
c6,C_hard_maze,36,grid_oracle,,,0.0,144,1,1.944221545977395,1.0006929365211101,1.9428752567560275,69,69,192,731,16,1.0,2.18143403827442,0.00953023623161954,0.9756950046207497,0.5653440478975358,0.9981061633616365,0.0,2.254632258691899,0.9999704322346467,0.5661138482969761,0
c6,C_hard_maze,36,grid_oracle,,,0.0,168,1,1.944221545977395,1.0006929365211101,1.9428752567560275,69,69,192,731,16,1.0,2.18143403827442,0.00953023623161954,0.9756950046207497,0.5653440478975358,0.9981061633616365,0.0,2.254632258691899,0.9999704322346467,0.5661138482969761,0
c6,C_hard_maze,36,unet,unet,,0.0,128,1,1.9475500263871477,1.0024061089948335,1.9428752567560275,56,56,192,731,16,1.0,2.3183650147748334,0.029141504826287197,1.0458775153680773,0.6036739897209609,0.9928468247294037,0.020641421899199486,1.4509468078613281,0.5000761212290854,0.36850656518435476,0
c6,C_hard_maze,36,unet,unet,,0.0,144,1,1.9475500263871477,1.0024061089948335,1.9428752567560275,56,56,192,731,16,1.0,2.3183650147748334,0.029141504826287197,1.0458775153680773,0.6036739897209609,0.9928468247294037,0.020641421899199486,1.4509468078613281,0.5000761212290854,0.36850656518435476,0
c6,C_hard_maze,36,unet,unet,,0.0,168,1,1.9475500263871477,1.0024061089948335,1.9428752567560275,56,56,192,731,16,1.0,2.3183650147748334,0.029141504826287197,1.0458775153680773,0.6036739897209609,0.9928468247294037,0.020641421899199486,1.4509468078613281,0.5000761212290854,0.36850656518435476,0
c6,C_hard_maze,36,onlstm,onlstm,,0.0,128,1,2.0340424407556275,1.0469238483956091,1.9428752567560275,79,79,192,731,16,1.0,2.4947610981952737,0.012661513215561408,1.180592384853308,0.7198995646974388,0.944342904809701,0.0031909537501633167,1.5791939496994019,0.6251283360854245,0.4697365712805925,0
c6,C_hard_maze,36,onlstm,onlstm,,0.0,144,1,2.0340424407556275,1.0469238483956091,1.9428752567560275,79,79,192,731,16,1.0,2.4947610981952737,0.012661513215561408,1.180592384853308,0.7198995646974388,0.944342904809701,0.0031909537501633167,1.5791939496994019,0.6251283360854245,0.4697365712805925,0
c6,C_hard_maze,36,onlstm,onlstm,,0.0,168,1,2.0340424407556275,1.0469238483956091,1.9428752567560275,79,79,192,731,16,1.0,2.4947610981952737,0.012661513215561408,1.180592384853308,0.7198995646974388,0.944342904809701,0.0031909537501633167,1.5791939496994019,0.6251283360854245,0.4697365712805925,0
c6,C_hard_maze,36,hrm,hrm,,0.0,128,1,1.99384569323484,1.0262345388884702,1.9428752567560275,65,65,192,731,16,1.0,2.4436354011891073,0.00025393177054544824,1.0342129866713885,0.6369719546842215,0.9799002387217538,0.00020514838979579508,1.5805648565292358,0.48510761096170185,0.4019580202428739,0
c6,C_hard_maze,36,hrm,hrm,,0.0,144,1,1.99384569323484,1.0262345388884702,1.9428752567560275,65,65,192,731,16,1.0,2.4436354011891073,0.00025393177054544824,1.0342129866713885,0.6369719546842215,0.9799002387217538,0.00020514838979579508,1.5805648565292358,0.48510761096170185,0.4019580202428739,0
c6,C_hard_maze,36,hrm,hrm,,0.0,168,1,1.99384569323484,1.0262345388884702,1.9428752567560275,65,65,192,731,16,1.0,2.4436354011891073,0.00025393177054544824,1.0342129866713885,0.6369719546842215,0.9799002387217538,0.00020514838979579508,1.5805648565292358,0.48510761096170185,0.4019580202428739,0
c6,C_hard_maze,37,euclidean,,,0.0,128,0,nan,nan,2.170927305371177,128,128,192,682,21,1.0,0.9848109165459183,0.0,0.5011473398109351,0.2296534551972442,0.8412737704473321,0.0,0.9848109165459183,0.5011473398109351,0.2296534551972442,0
c6,C_hard_maze,37,euclidean,,,0.0,144,1,2.1709273053711766,0.9999999999999998,2.170927305371177,143,143,192,682,21,1.0,0.9848109165459183,0.0,0.5011473398109351,0.2296534551972442,0.8412737704473321,0.0,0.9848109165459183,0.5011473398109351,0.2296534551972442,0
c6,C_hard_maze,37,euclidean,,,0.0,168,1,2.1709273053711766,0.9999999999999998,2.170927305371177,143,143,192,682,21,1.0,0.9848109165459183,0.0,0.5011473398109351,0.2296534551972442,0.8412737704473321,0.0,0.9848109165459183,0.5011473398109351,0.2296534551972442,0
c6,C_hard_maze,37,grid_oracle,,,0.0,128,0,nan,nan,2.170927305371177,128,128,192,682,21,1.0,2.0566877344519874,0.012322618451284077,0.9916162849986042,0.5463390952865151,0.9835200607655374,0.0,2.1193689110435807,0.970626662034159,0.5429835847294134,0
c6,C_hard_maze,37,grid_oracle,,,0.0,144,1,2.1782403432107698,1.0033686240075839,2.170927305371177,129,129,192,682,21,1.0,2.0566877344519874,0.012322618451284077,0.9916162849986042,0.5463390952865151,0.9835200607655374,0.0,2.1193689110435807,0.970626662034159,0.5429835847294134,0
c6,C_hard_maze,37,grid_oracle,,,0.0,168,1,2.1782403432107698,1.0033686240075839,2.170927305371177,129,129,192,682,21,1.0,2.0566877344519874,0.012322618451284077,0.9916162849986042,0.5463390952865151,0.9835200607655374,0.0,2.1193689110435807,0.970626662034159,0.5429835847294134,0
c6,C_hard_maze,37,unet,unet,,0.0,128,1,2.1879634674000683,1.007847412479792,2.170927305371177,126,126,192,682,21,1.0,2.1822421871599533,0.03515345135397773,1.0070847874038915,0.5836709281526606,0.9610263000840953,0.014527612365782261,1.4030812978744507,0.5057960952431131,0.36895981665347233,0
c6,C_hard_maze,37,unet,unet,,0.0,144,1,2.1879634674000683,1.007847412479792,2.170927305371177,126,126,192,682,21,1.0,2.1822421871599533,0.03515345135397773,1.0070847874038915,0.5836709281526606,0.9610263000840953,0.014527612365782261,1.4030812978744507,0.5057960952431131,0.36895981665347233,0
c6,C_hard_maze,37,unet,unet,,0.0,168,1,2.1879634674000683,1.007847412479792,2.170927305371177,126,126,192,682,21,1.0,2.1822421871599533,0.03515345135397773,1.0070847874038915,0.5836709281526606,0.9610263000840953,0.014527612365782261,1.4030812978744507,0.5057960952431131,0.36895981665347233,0
c6,C_hard_maze,37,onlstm,onlstm,,0.0,128,1,2.187194516249806,1.007493208472887,2.170927305371177,123,123,192,682,21,1.0,2.2645412075988918,0.008619135898945396,1.0498224438283188,0.6219215496604943,0.896089914005914,0.004688058979809284,1.4510709047317505,0.5507340211848941,0.4222824917262564,0
c6,C_hard_maze,37,onlstm,onlstm,,0.0,144,1,2.187194516249806,1.007493208472887,2.170927305371177,123,123,192,682,21,1.0,2.2645412075988918,0.008619135898945396,1.0498224438283188,0.6219215496604943,0.896089914005914,0.004688058979809284,1.4510709047317505,0.5507340211848941,0.4222824917262564,0
c6,C_hard_maze,37,onlstm,onlstm,,0.0,168,1,2.187194516249806,1.007493208472887,2.170927305371177,123,123,192,682,21,1.0,2.2645412075988918,0.008619135898945396,1.0498224438283188,0.6219215496604943,0.896089914005914,0.004688058979809284,1.4510709047317505,0.5507340211848941,0.4222824917262564,0
c6,C_hard_maze,37,hrm,hrm,,0.0,128,1,2.177182570661434,1.0028813794339315,2.170927305371177,117,117,192,682,21,1.0,2.3129218901051667,0.000534502125007445,0.9883724969943936,0.6266725301937653,0.9533068388356891,0.00016959790082182735,1.613776683807373,0.4959999053720665,0.41308439392282126,0
c6,C_hard_maze,37,hrm,hrm,,0.0,144,1,2.177182570661434,1.0028813794339315,2.170927305371177,117,117,192,682,21,1.0,2.3129218901051667,0.000534502125007445,0.9883724969943936,0.6266725301937653,0.9533068388356891,0.00016959790082182735,1.613776683807373,0.4959999053720665,0.41308439392282126,0
c6,C_hard_maze,37,hrm,hrm,,0.0,168,1,2.177182570661434,1.0028813794339315,2.170927305371177,117,117,192,682,21,1.0,2.3129218901051667,0.000534502125007445,0.9883724969943936,0.6266725301937653,0.9533068388356891,0.00016959790082182735,1.613776683807373,0.4959999053720665,0.41308439392282126,0
c6,C_hard_maze,38,euclidean,,,0.0,128,0,nan,nan,1.8382083243315164,128,128,192,721,25,1.0,1.0872064080364412,0.0,0.5865305668152457,0.26465682513897437,0.9358452242085561,0.0,1.0872064080364412,0.5865305668152457,0.26465682513897437,0
c6,C_hard_maze,38,euclidean,,,0.0,144,1,1.8382083243315164,1.0,1.8382083243315164,138,138,192,721,25,1.0,1.0872064080364412,0.0,0.5865305668152457,0.26465682513897437,0.9358452242085561,0.0,1.0872064080364412,0.5865305668152457,0.26465682513897437,0
c6,C_hard_maze,38,euclidean,,,0.0,168,1,1.8382083243315164,1.0,1.8382083243315164,138,138,192,721,25,1.0,1.0872064080364412,0.0,0.5865305668152457,0.26465682513897437,0.9358452242085561,0.0,1.0872064080364412,0.5865305668152457,0.26465682513897437,0
c6,C_hard_maze,38,grid_oracle,,,0.0,128,1,1.8382083243315164,1.0,1.8382083243315164,45,45,192,721,25,1.0,1.972697239833745,0.001590499892684717,0.9522139549440118,0.5195867274446421,0.995756246100426,0.0,2.0073130848677403,0.9012335078855849,0.4778328521811977,0
c6,C_hard_maze,38,grid_oracle,,,0.0,144,1,1.8382083243315164,1.0,1.8382083243315164,45,45,192,721,25,1.0,1.972697239833745,0.001590499892684717,0.9522139549440118,0.5195867274446421,0.995756246100426,0.0,2.0073130848677403,0.9012335078855849,0.4778328521811977,0
c6,C_hard_maze,38,grid_oracle,,,0.0,168,1,1.8382083243315164,1.0,1.8382083243315164,45,45,192,721,25,1.0,1.972697239833745,0.001590499892684717,0.9522139549440118,0.5195867274446421,0.995756246100426,0.0,2.0073130848677403,0.9012335078855849,0.4778328521811977,0
c6,C_hard_maze,38,unet,unet,,0.0,128,1,1.8806717391898995,1.0231004366024865,1.8382083243315164,37,37,192,721,25,1.0,2.480796228953979,0.023002038963580888,1.1883062545226935,0.6947445498742992,0.9907834413910969,0.0176866352558136,1.5859317779541016,0.5606845673351017,0.40337761413486944,0
c6,C_hard_maze,38,unet,unet,,0.0,144,1,1.8806717391898995,1.0231004366024865,1.8382083243315164,37,37,192,721,25,1.0,2.480796228953979,0.023002038963580888,1.1883062545226935,0.6947445498742992,0.9907834413910969,0.0176866352558136,1.5859317779541016,0.5606845673351017,0.40337761413486944,0
c6,C_hard_maze,38,unet,unet,,0.0,168,1,1.8806717391898995,1.0231004366024865,1.8382083243315164,37,37,192,721,25,1.0,2.480796228953979,0.023002038963580888,1.1883062545226935,0.6947445498742992,0.9907834413910969,0.0176866352558136,1.5859317779541016,0.5606845673351017,0.40337761413486944,0
c6,C_hard_maze,38,onlstm,onlstm,,0.0,128,1,1.9237780161063585,1.046550595295536,1.8382083243315164,58,58,192,721,25,1.0,2.4902299629325437,0.017122080892605765,1.2844197164925244,0.7437168196940224,0.9528134579388547,0.006980284117162228,1.5424264669418335,0.6732724572376583,0.46273002098474175,0
c6,C_hard_maze,38,onlstm,onlstm,,0.0,144,1,1.9237780161063585,1.046550595295536,1.8382083243315164,58,58,192,721,25,1.0,2.4902299629325437,0.017122080892605765,1.2844197164925244,0.7437168196940224,0.9528134579388547,0.006980284117162228,1.5424264669418335,0.6732724572376583,0.46273002098474175,0
c6,C_hard_maze,38,onlstm,onlstm,,0.0,168,1,1.9237780161063585,1.046550595295536,1.8382083243315164,58,58,192,721,25,1.0,2.4902299629325437,0.017122080892605765,1.2844197164925244,0.7437168196940224,0.9528134579388547,0.006980284117162228,1.5424264669418335,0.6732724572376583,0.46273002098474175,0
c6,C_hard_maze,38,hrm,hrm,,0.0,128,1,1.8556466947170958,1.009486612673197,1.8382083243315164,36,36,192,721,25,1.0,2.5736430490954327,0.00027464858406541165,1.1339394819331028,0.7217495565367812,0.9849408621110599,0.0001972042809939012,1.6872317790985107,0.5139529276441621,0.434813750260733,0
c6,C_hard_maze,38,hrm,hrm,,0.0,144,1,1.8556466947170958,1.009486612673197,1.8382083243315164,36,36,192,721,25,1.0,2.5736430490954327,0.00027464858406541165,1.1339394819331028,0.7217495565367812,0.9849408621110599,0.0001972042809939012,1.6872317790985107,0.5139529276441621,0.434813750260733,0
c6,C_hard_maze,38,hrm,hrm,,0.0,168,1,1.8556466947170958,1.009486612673197,1.8382083243315164,36,36,192,721,25,1.0,2.5736430490954327,0.00027464858406541165,1.1339394819331028,0.7217495565367812,0.9849408621110599,0.0001972042809939012,1.6872317790985107,0.5139529276441621,0.434813750260733,0
c6,C_hard_maze,39,euclidean,,,0.0,128,0,nan,nan,1.6060468331343747,128,128,192,700,16,1.0,1.0179940701703567,0.0,0.5188413430862555,0.2543989366577182,0.9322694843067576,0.0,1.0179940701703567,0.5188413430862555,0.2543989366577182,0
c6,C_hard_maze,39,euclidean,,,0.0,144,1,1.6060468331343745,0.9999999999999999,1.6060468331343747,140,140,192,700,16,1.0,1.0179940701703567,0.0,0.5188413430862555,0.2543989366577182,0.9322694843067576,0.0,1.0179940701703567,0.5188413430862555,0.2543989366577182,0
c6,C_hard_maze,39,euclidean,,,0.0,168,1,1.6060468331343745,0.9999999999999999,1.6060468331343747,140,140,192,700,16,1.0,1.0179940701703567,0.0,0.5188413430862555,0.2543989366577182,0.9322694843067576,0.0,1.0179940701703567,0.5188413430862555,0.2543989366577182,0
c6,C_hard_maze,39,grid_oracle,,,0.0,128,1,1.6111056261013437,1.0031498415006344,1.6060468331343747,36,36,192,700,16,1.0,2.1591986149654896,0.008770553374506045,0.9978637981334707,0.6173566013037801,0.9827774462197869,0.0,2.191021824131501,1.0004877937197751,0.5858393644121972,0
c6,C_hard_maze,39,grid_oracle,,,0.0,144,1,1.6111056261013437,1.0031498415006344,1.6060468331343747,36,36,192,700,16,1.0,2.1591986149654896,0.008770553374506045,0.9978637981334707,0.6173566013037801,0.9827774462197869,0.0,2.191021824131501,1.0004877937197751,0.5858393644121972,0
c6,C_hard_maze,39,grid_oracle,,,0.0,168,1,1.6111056261013437,1.0031498415006344,1.6060468331343747,36,36,192,700,16,1.0,2.1591986149654896,0.008770553374506045,0.9978637981334707,0.6173566013037801,0.9827774462197869,0.0,2.191021824131501,1.0004877937197751,0.5858393644121972,0
c6,C_hard_maze,39,unet,unet,,0.0,128,1,1.6170370588171183,1.006843029391176,1.6060468331343747,62,62,192,700,16,1.0,2.222802645459677,0.03284601846570216,0.9811384883287717,0.6121905639107373,0.9760956107750319,0.02717113308608532,1.3733770847320557,0.46816733930745613,0.3471209475476579,0
c6,C_hard_maze,39,unet,unet,,0.0,144,1,1.6170370588171183,1.006843029391176,1.6060468331343747,62,62,192,700,16,1.0,2.222802645459677,0.03284601846570216,0.9811384883287717,0.6121905639107373,0.9760956107750319,0.02717113308608532,1.3733770847320557,0.46816733930745613,0.3471209475476579,0
c6,C_hard_maze,39,unet,unet,,0.0,168,1,1.6170370588171183,1.006843029391176,1.6060468331343747,62,62,192,700,16,1.0,2.222802645459677,0.03284601846570216,0.9811384883287717,0.6121905639107373,0.9760956107750319,0.02717113308608532,1.3733770847320557,0.46816733930745613,0.3471209475476579,0
c6,C_hard_maze,39,onlstm,onlstm,,0.0,128,1,1.6275677942173532,1.0133999586058011,1.6060468331343747,72,72,192,700,16,1.0,2.49824206501392,0.00362955961789258,1.0593699308481639,0.7087455061688214,0.9365590158153162,0.0013766639167442918,1.4939707517623901,0.5468799493661436,0.4513768922725681,0
c6,C_hard_maze,39,onlstm,onlstm,,0.0,144,1,1.6275677942173532,1.0133999586058011,1.6060468331343747,72,72,192,700,16,1.0,2.49824206501392,0.00362955961789258,1.0593699308481639,0.7087455061688214,0.9365590158153162,0.0013766639167442918,1.4939707517623901,0.5468799493661436,0.4513768922725681,0
c6,C_hard_maze,39,onlstm,onlstm,,0.0,168,1,1.6275677942173532,1.0133999586058011,1.6060468331343747,72,72,192,700,16,1.0,2.49824206501392,0.00362955961789258,1.0593699308481639,0.7087455061688214,0.9365590158153162,0.0013766639167442918,1.4939707517623901,0.5468799493661436,0.4513768922725681,0
c6,C_hard_maze,39,hrm,hrm,,0.0,128,1,1.675310725255955,1.0431269441790836,1.6060468331343747,70,70,192,700,16,1.0,2.4291003669901707,0.00036793231904769675,0.9782692976354315,0.6652444270227736,0.9667501966741722,0.00020543420396279544,1.5271013975143433,0.47195798117952137,0.39293609397525253,0
c6,C_hard_maze,39,hrm,hrm,,0.0,144,1,1.675310725255955,1.0431269441790836,1.6060468331343747,70,70,192,700,16,1.0,2.4291003669901707,0.00036793231904769675,0.9782692976354315,0.6652444270227736,0.9667501966741722,0.00020543420396279544,1.5271013975143433,0.47195798117952137,0.39293609397525253,0
c6,C_hard_maze,39,hrm,hrm,,0.0,168,1,1.675310725255955,1.0431269441790836,1.6060468331343747,70,70,192,700,16,1.0,2.4291003669901707,0.00036793231904769675,0.9782692976354315,0.6652444270227736,0.9667501966741722,0.00020543420396279544,1.5271013975143433,0.47195798117952137,0.39293609397525253,0
