provider,mode,w,budget,found,expansions,closed,cost,optimal,suboptimality,nonfinite,suite,world_index
euclid,astar,,56,False,56,56,nan,3.3176348284941257,nan,0,C_hard_rooms_large,0
euclid,focal,1.0,56,False,56,56,nan,3.3176348284941257,nan,0,C_hard_rooms_large,0
euclid,focal,1.1,56,True,49,49,3.460039172631153,3.3176348284941257,1.0429234534536354,0,C_hard_rooms_large,0
euclid,astar,,64,True,59,59,3.3176348284941257,3.3176348284941257,1.0,0,C_hard_rooms_large,0
euclid,focal,1.0,64,True,59,59,3.3176348284941257,3.3176348284941257,1.0,0,C_hard_rooms_large,0
euclid,focal,1.1,64,True,49,49,3.460039172631153,3.3176348284941257,1.0429234534536354,0,C_hard_rooms_large,0
oracle,astar,,56,True,12,12,3.3176348284941257,3.3176348284941257,1.0,0,C_hard_rooms_large,0
oracle,focal,1.0,56,False,56,56,nan,3.3176348284941257,nan,0,C_hard_rooms_large,0
oracle,focal,1.1,56,True,51,51,3.3304541283235327,3.3176348284941257,1.0038639875972202,0,C_hard_rooms_large,0
oracle,astar,,64,True,12,12,3.3176348284941257,3.3176348284941257,1.0,0,C_hard_rooms_large,0
oracle,focal,1.0,64,True,59,59,3.3176348284941257,3.3176348284941257,1.0,0,C_hard_rooms_large,0
oracle,focal,1.1,64,True,51,51,3.3304541283235327,3.3176348284941257,1.0038639875972202,0,C_hard_rooms_large,0
scalar_hrm,astar,,56,True,47,47,4.109384613780267,3.3176348284941257,1.2386488646930187,0,C_hard_rooms_large,0
scalar_hrm,focal,1.0,56,False,56,56,nan,3.3176348284941257,nan,0,C_hard_rooms_large,0
scalar_hrm,focal,1.1,56,True,50,50,3.4727925212136768,3.3176348284941257,1.0467675620556398,0,C_hard_rooms_large,0
scalar_hrm,astar,,64,True,47,47,4.109384613780267,3.3176348284941257,1.2386488646930187,0,C_hard_rooms_large,0
scalar_hrm,focal,1.0,64,True,59,59,3.3176348284941257,3.3176348284941257,1.0,0,C_hard_rooms_large,0
scalar_hrm,focal,1.1,64,True,50,50,3.4727925212136768,3.3176348284941257,1.0467675620556398,0,C_hard_rooms_large,0
scalar_onlstm,astar,,56,True,49,49,3.805446873104567,3.3176348284941257,1.147036087402018,0,C_hard_rooms_large,0
scalar_onlstm,focal,1.0,56,False,56,56,nan,3.3176348284941257,nan,0,C_hard_rooms_large,0
scalar_onlstm,focal,1.1,56,False,56,56,nan,3.3176348284941257,nan,0,C_hard_rooms_large,0
scalar_onlstm,astar,,64,True,49,49,3.805446873104567,3.3176348284941257,1.147036087402018,0,C_hard_rooms_large,0
scalar_onlstm,focal,1.0,64,True,59,59,3.3176348284941257,3.3176348284941257,1.0,0,C_hard_rooms_large,0
scalar_onlstm,focal,1.1,64,True,59,59,3.3304541283235327,3.3176348284941257,1.0038639875972202,0,C_hard_rooms_large,0
field_unet,astar,,56,True,48,48,3.456137411860974,3.3176348284941257,1.0417473864746334,0,C_hard_rooms_large,0
field_unet,focal,1.0,56,False,56,56,nan,3.3176348284941257,nan,0,C_hard_rooms_large,0
field_unet,focal,1.1,56,True,49,49,3.4727925212136768,3.3176348284941257,1.0467675620556398,0,C_hard_rooms_large,0
field_unet,astar,,64,True,48,48,3.456137411860974,3.3176348284941257,1.0417473864746334,0,C_hard_rooms_large,0
field_unet,focal,1.0,64,True,59,59,3.3176348284941257,3.3176348284941257,1.0,0,C_hard_rooms_large,0
field_unet,focal,1.1,64,True,49,49,3.4727925212136768,3.3176348284941257,1.0467675620556398,0,C_hard_rooms_large,0
field_onlstm,astar,,56,True,49,49,3.3471092376762357,3.3176348284941257,1.0088841631782266,0,C_hard_rooms_large,0
field_onlstm,focal,1.0,56,False,56,56,nan,3.3176348284941257,nan,0,C_hard_rooms_large,0
field_onlstm,focal,1.1,56,True,51,51,3.468594941681104,3.3176348284941257,1.0455023295181343,0,C_hard_rooms_large,0
field_onlstm,astar,,64,True,49,49,3.3471092376762357,3.3176348284941257,1.0088841631782266,0,C_hard_rooms_large,0
field_onlstm,focal,1.0,64,True,59,59,3.3176348284941257,3.3176348284941257,1.0,0,C_hard_rooms_large,0
field_onlstm,focal,1.1,64,True,51,51,3.468594941681104,3.3176348284941257,1.0455023295181343,0,C_hard_rooms_large,0
field_hrm,astar,,56,True,45,45,3.3513068172088074,3.3176348284941257,1.0101493957157321,0,C_hard_rooms_large,0
field_hrm,focal,1.0,56,False,56,56,nan,3.3176348284941257,nan,0,C_hard_rooms_large,0
field_hrm,focal,1.1,56,True,53,53,3.550895454235503,3.3176348284941257,1.0703093130497592,0,C_hard_rooms_large,0
field_hrm,astar,,64,True,45,45,3.3513068172088074,3.3176348284941257,1.0101493957157321,0,C_hard_rooms_large,0
field_hrm,focal,1.0,64,True,59,59,3.3176348284941257,3.3176348284941257,1.0,0,C_hard_rooms_large,0
field_hrm,focal,1.1,64,True,53,53,3.550895454235503,3.3176348284941257,1.0703093130497592,0,C_hard_rooms_large,0
euclid,astar,,56,True,50,50,3.4809788484364312,3.4809788484364312,1.0,0,C_hard_rooms_large,1
euclid,focal,1.0,56,True,50,50,3.4809788484364312,3.4809788484364312,1.0,0,C_hard_rooms_large,1
euclid,focal,1.1,56,True,38,38,3.483158497241331,3.4809788484364312,1.0006261597383388,0,C_hard_rooms_large,1
euclid,astar,,64,True,50,50,3.4809788484364312,3.4809788484364312,1.0,0,C_hard_rooms_large,1
euclid,focal,1.0,64,True,50,50,3.4809788484364312,3.4809788484364312,1.0,0,C_hard_rooms_large,1
euclid,focal,1.1,64,True,38,38,3.483158497241331,3.4809788484364312,1.0006261597383388,0,C_hard_rooms_large,1
oracle,astar,,56,True,11,11,3.4809788484364312,3.4809788484364312,1.0,0,C_hard_rooms_large,1
oracle,focal,1.0,56,True,50,50,3.4809788484364312,3.4809788484364312,1.0,0,C_hard_rooms_large,1
oracle,focal,1.1,56,True,47,47,3.605775695601321,3.4809788484364312,1.035851078848395,0,C_hard_rooms_large,1
oracle,astar,,64,True,11,11,3.4809788484364312,3.4809788484364312,1.0,0,C_hard_rooms_large,1
oracle,focal,1.0,64,True,50,50,3.4809788484364312,3.4809788484364312,1.0,0,C_hard_rooms_large,1
oracle,focal,1.1,64,True,47,47,3.605775695601321,3.4809788484364312,1.035851078848395,0,C_hard_rooms_large,1
scalar_hrm,astar,,56,True,42,42,4.22619376005499,3.4809788484364312,1.214081999364429,0,C_hard_rooms_large,1
scalar_hrm,focal,1.0,56,True,50,50,3.4809788484364312,3.4809788484364312,1.0,0,C_hard_rooms_large,1
scalar_hrm,focal,1.1,56,True,40,40,3.483158497241331,3.4809788484364312,1.0006261597383388,0,C_hard_rooms_large,1
scalar_hrm,astar,,64,True,42,42,4.22619376005499,3.4809788484364312,1.214081999364429,0,C_hard_rooms_large,1
scalar_hrm,focal,1.0,64,True,50,50,3.4809788484364312,3.4809788484364312,1.0,0,C_hard_rooms_large,1
scalar_hrm,focal,1.1,64,True,40,40,3.483158497241331,3.4809788484364312,1.0006261597383388,0,C_hard_rooms_large,1
scalar_onlstm,astar,,56,True,39,39,4.2085583643632,3.4809788484364312,1.2090157819412144,0,C_hard_rooms_large,1
scalar_onlstm,focal,1.0,56,True,50,50,3.4809788484364312,3.4809788484364312,1.0,0,C_hard_rooms_large,1
scalar_onlstm,focal,1.1,56,True,51,51,3.6391222064436475,3.4809788484364312,1.0454307150065707,0,C_hard_rooms_large,1
scalar_onlstm,astar,,64,True,39,39,4.2085583643632,3.4809788484364312,1.2090157819412144,0,C_hard_rooms_large,1
scalar_onlstm,focal,1.0,64,True,50,50,3.4809788484364312,3.4809788484364312,1.0,0,C_hard_rooms_large,1
scalar_onlstm,focal,1.1,64,True,51,51,3.6391222064436475,3.4809788484364312,1.0454307150065707,0,C_hard_rooms_large,1
field_unet,astar,,56,True,53,53,3.5723483260589126,3.4809788484364312,1.026248213965311,0,C_hard_rooms_large,1
field_unet,focal,1.0,56,True,50,50,3.4809788484364312,3.4809788484364312,1.0,0,C_hard_rooms_large,1
field_unet,focal,1.1,56,True,37,37,3.483158497241331,3.4809788484364312,1.0006261597383388,0,C_hard_rooms_large,1
field_unet,astar,,64,True,53,53,3.5723483260589126,3.4809788484364312,1.026248213965311,0,C_hard_rooms_large,1
field_unet,focal,1.0,64,True,50,50,3.4809788484364312,3.4809788484364312,1.0,0,C_hard_rooms_large,1
field_unet,focal,1.1,64,True,37,37,3.483158497241331,3.4809788484364312,1.0006261597383388,0,C_hard_rooms_large,1
field_onlstm,astar,,56,True,43,43,3.5875832853176943,3.4809788484364312,1.03062484477007,0,C_hard_rooms_large,1
field_onlstm,focal,1.0,56,True,50,50,3.4809788484364312,3.4809788484364312,1.0,0,C_hard_rooms_large,1
field_onlstm,focal,1.1,56,True,45,45,3.5222217597475507,3.4809788484364312,1.0118480786890287,0,C_hard_rooms_large,1
field_onlstm,astar,,64,True,43,43,3.5875832853176943,3.4809788484364312,1.03062484477007,0,C_hard_rooms_large,1
field_onlstm,focal,1.0,64,True,50,50,3.4809788484364312,3.4809788484364312,1.0,0,C_hard_rooms_large,1
field_onlstm,focal,1.1,64,True,45,45,3.5222217597475507,3.4809788484364312,1.0118480786890287,0,C_hard_rooms_large,1
field_hrm,astar,,56,False,56,56,nan,3.4809788484364312,nan,0,C_hard_rooms_large,1
field_hrm,focal,1.0,56,True,50,50,3.4809788484364312,3.4809788484364312,1.0,0,C_hard_rooms_large,1
field_hrm,focal,1.1,56,True,51,51,3.611411588565132,3.4809788484364312,1.037470132916001,0,C_hard_rooms_large,1
field_hrm,astar,,64,True,59,59,3.5723483260589126,3.4809788484364312,1.026248213965311,0,C_hard_rooms_large,1
field_hrm,focal,1.0,64,True,50,50,3.4809788484364312,3.4809788484364312,1.0,0,C_hard_rooms_large,1
field_hrm,focal,1.1,64,True,51,51,3.611411588565132,3.4809788484364312,1.037470132916001,0,C_hard_rooms_large,1
euclid,astar,,56,True,48,48,3.3678458967225606,3.367845896722561,0.9999999999999999,0,C_hard_rooms_large,2
euclid,focal,1.0,56,True,48,48,3.3678458967225606,3.367845896722561,0.9999999999999999,0,C_hard_rooms_large,2
euclid,focal,1.1,56,True,48,48,3.488924022416285,3.367845896722561,1.0359512072127623,0,C_hard_rooms_large,2
euclid,astar,,64,True,48,48,3.3678458967225606,3.367845896722561,0.9999999999999999,0,C_hard_rooms_large,2
euclid,focal,1.0,64,True,48,48,3.3678458967225606,3.367845896722561,0.9999999999999999,0,C_hard_rooms_large,2
euclid,focal,1.1,64,True,48,48,3.488924022416285,3.367845896722561,1.0359512072127623,0,C_hard_rooms_large,2
oracle,astar,,56,True,12,12,3.3678458967225606,3.367845896722561,0.9999999999999999,0,C_hard_rooms_large,2
oracle,focal,1.0,56,True,48,48,3.3678458967225606,3.367845896722561,0.9999999999999999,0,C_hard_rooms_large,2
oracle,focal,1.1,56,True,41,41,3.414276142354844,3.367845896722561,1.0137863331803474,0,C_hard_rooms_large,2
oracle,astar,,64,True,12,12,3.3678458967225606,3.367845896722561,0.9999999999999999,0,C_hard_rooms_large,2
oracle,focal,1.0,64,True,48,48,3.3678458967225606,3.367845896722561,0.9999999999999999,0,C_hard_rooms_large,2
oracle,focal,1.1,64,True,41,41,3.414276142354844,3.367845896722561,1.0137863331803474,0,C_hard_rooms_large,2
scalar_hrm,astar,,56,True,16,16,3.694985947804575,3.367845896722561,1.0971362886289935,0,C_hard_rooms_large,2
scalar_hrm,focal,1.0,56,True,48,48,3.3678458967225606,3.367845896722561,0.9999999999999999,0,C_hard_rooms_large,2
scalar_hrm,focal,1.1,56,True,47,47,3.535573575996296,3.367845896722561,1.0498026585589797,0,C_hard_rooms_large,2
scalar_hrm,astar,,64,True,16,16,3.694985947804575,3.367845896722561,1.0971362886289935,0,C_hard_rooms_large,2
scalar_hrm,focal,1.0,64,True,48,48,3.3678458967225606,3.367845896722561,0.9999999999999999,0,C_hard_rooms_large,2
scalar_hrm,focal,1.1,64,True,47,47,3.535573575996296,3.367845896722561,1.0498026585589797,0,C_hard_rooms_large,2
scalar_onlstm,astar,,56,True,16,16,3.5934404574962913,3.367845896722561,1.0669848228487144,0,C_hard_rooms_large,2
scalar_onlstm,focal,1.0,56,True,48,48,3.3678458967225606,3.367845896722561,0.9999999999999999,0,C_hard_rooms_large,2
scalar_onlstm,focal,1.1,56,True,46,46,3.414276142354844,3.367845896722561,1.0137863331803474,0,C_hard_rooms_large,2
scalar_onlstm,astar,,64,True,16,16,3.5934404574962913,3.367845896722561,1.0669848228487144,0,C_hard_rooms_large,2
scalar_onlstm,focal,1.0,64,True,48,48,3.3678458967225606,3.367845896722561,0.9999999999999999,0,C_hard_rooms_large,2
scalar_onlstm,focal,1.1,64,True,46,46,3.414276142354844,3.367845896722561,1.0137863331803474,0,C_hard_rooms_large,2
field_unet,astar,,56,True,55,55,3.414276142354844,3.367845896722561,1.0137863331803474,0,C_hard_rooms_large,2
field_unet,focal,1.0,56,True,48,48,3.3678458967225606,3.367845896722561,0.9999999999999999,0,C_hard_rooms_large,2
field_unet,focal,1.1,56,True,38,38,3.444578655215299,3.367845896722561,1.0227839280198094,0,C_hard_rooms_large,2
field_unet,astar,,64,True,55,55,3.414276142354844,3.367845896722561,1.0137863331803474,0,C_hard_rooms_large,2
field_unet,focal,1.0,64,True,48,48,3.3678458967225606,3.367845896722561,0.9999999999999999,0,C_hard_rooms_large,2
field_unet,focal,1.1,64,True,38,38,3.444578655215299,3.367845896722561,1.0227839280198094,0,C_hard_rooms_large,2
field_onlstm,astar,,56,True,40,40,3.849053926009761,3.367845896722561,1.1428830308879305,0,C_hard_rooms_large,2
field_onlstm,focal,1.0,56,True,48,48,3.3678458967225606,3.367845896722561,0.9999999999999999,0,C_hard_rooms_large,2
field_onlstm,focal,1.1,56,True,37,37,3.399975009394219,3.367845896722561,1.0095399592668195,0,C_hard_rooms_large,2
field_onlstm,astar,,64,True,40,40,3.849053926009761,3.367845896722561,1.1428830308879305,0,C_hard_rooms_large,2
field_onlstm,focal,1.0,64,True,48,48,3.3678458967225606,3.367845896722561,0.9999999999999999,0,C_hard_rooms_large,2
field_onlstm,focal,1.1,64,True,37,37,3.399975009394219,3.367845896722561,1.0095399592668195,0,C_hard_rooms_large,2
field_hrm,astar,,56,True,31,31,3.414276142354844,3.367845896722561,1.0137863331803474,0,C_hard_rooms_large,2
field_hrm,focal,1.0,56,True,48,48,3.3678458967225606,3.367845896722561,0.9999999999999999,0,C_hard_rooms_large,2
field_hrm,focal,1.1,56,True,46,46,3.414276142354844,3.367845896722561,1.0137863331803474,0,C_hard_rooms_large,2
field_hrm,astar,,64,True,31,31,3.414276142354844,3.367845896722561,1.0137863331803474,0,C_hard_rooms_large,2
field_hrm,focal,1.0,64,True,48,48,3.3678458967225606,3.367845896722561,0.9999999999999999,0,C_hard_rooms_large,2
field_hrm,focal,1.1,64,True,46,46,3.414276142354844,3.367845896722561,1.0137863331803474,0,C_hard_rooms_large,2
euclid,astar,,56,False,56,56,nan,3.35194876999536,nan,0,C_hard_rooms_large,3
euclid,focal,1.0,56,False,56,56,nan,3.35194876999536,nan,0,C_hard_rooms_large,3
euclid,focal,1.1,56,False,56,56,nan,3.35194876999536,nan,0,C_hard_rooms_large,3
euclid,astar,,64,False,64,64,nan,3.35194876999536,nan,0,C_hard_rooms_large,3
euclid,focal,1.0,64,False,64,64,nan,3.35194876999536,nan,0,C_hard_rooms_large,3
euclid,focal,1.1,64,True,58,58,3.416904144991466,3.35194876999536,1.0193783913338854,0,C_hard_rooms_large,3
oracle,astar,,56,True,13,13,3.35194876999536,3.35194876999536,1.0,0,C_hard_rooms_large,3
oracle,focal,1.0,56,False,56,56,nan,3.35194876999536,nan,0,C_hard_rooms_large,3
oracle,focal,1.1,56,False,56,56,nan,3.35194876999536,nan,0,C_hard_rooms_large,3
oracle,astar,,64,True,13,13,3.35194876999536,3.35194876999536,1.0,0,C_hard_rooms_large,3
oracle,focal,1.0,64,False,64,64,nan,3.35194876999536,nan,0,C_hard_rooms_large,3
oracle,focal,1.1,64,True,64,64,3.394076511403736,3.35194876999536,1.0125681340316053,0,C_hard_rooms_large,3
scalar_hrm,astar,,56,True,32,32,3.6058497656492956,3.35194876999536,1.0757472780988497,0,C_hard_rooms_large,3
scalar_hrm,focal,1.0,56,False,56,56,nan,3.35194876999536,nan,0,C_hard_rooms_large,3
scalar_hrm,focal,1.1,56,False,56,56,nan,3.35194876999536,nan,0,C_hard_rooms_large,3
scalar_hrm,astar,,64,True,32,32,3.6058497656492956,3.35194876999536,1.0757472780988497,0,C_hard_rooms_large,3
scalar_hrm,focal,1.0,64,False,64,64,nan,3.35194876999536,nan,0,C_hard_rooms_large,3
scalar_hrm,focal,1.1,64,True,59,59,3.4711479970097594,3.35194876999536,1.035561172080373,0,C_hard_rooms_large,3
scalar_onlstm,astar,,56,True,34,34,3.6507188270117616,3.35194876999536,1.0891332408450907,0,C_hard_rooms_large,3
scalar_onlstm,focal,1.0,56,False,56,56,nan,3.35194876999536,nan,0,C_hard_rooms_large,3
scalar_onlstm,focal,1.1,56,False,56,56,nan,3.35194876999536,nan,0,C_hard_rooms_large,3
scalar_onlstm,astar,,64,True,34,34,3.6507188270117616,3.35194876999536,1.0891332408450907,0,C_hard_rooms_large,3
scalar_onlstm,focal,1.0,64,False,64,64,nan,3.35194876999536,nan,0,C_hard_rooms_large,3
scalar_onlstm,focal,1.1,64,True,59,59,3.4243328112344904,3.35194876999536,1.0215946144186536,0,C_hard_rooms_large,3
field_unet,astar,,56,False,56,56,nan,3.35194876999536,nan,0,C_hard_rooms_large,3
field_unet,focal,1.0,56,False,56,56,nan,3.35194876999536,nan,0,C_hard_rooms_large,3
field_unet,focal,1.1,56,False,56,56,nan,3.35194876999536,nan,0,C_hard_rooms_large,3
field_unet,astar,,64,True,62,62,3.35194876999536,3.35194876999536,1.0,0,C_hard_rooms_large,3
field_unet,focal,1.0,64,False,64,64,nan,3.35194876999536,nan,0,C_hard_rooms_large,3
field_unet,focal,1.1,64,True,58,58,3.45465962862868,3.35194876999536,1.03064213258649,0,C_hard_rooms_large,3
field_onlstm,astar,,56,True,25,25,3.640339046340573,3.35194876999536,1.086036600238855,0,C_hard_rooms_large,3
field_onlstm,focal,1.0,56,False,56,56,nan,3.35194876999536,nan,0,C_hard_rooms_large,3
field_onlstm,focal,1.1,56,False,56,56,nan,3.35194876999536,nan,0,C_hard_rooms_large,3
field_onlstm,astar,,64,True,25,25,3.640339046340573,3.35194876999536,1.086036600238855,0,C_hard_rooms_large,3
field_onlstm,focal,1.0,64,False,64,64,nan,3.35194876999536,nan,0,C_hard_rooms_large,3
field_onlstm,focal,1.1,64,False,64,64,nan,3.35194876999536,nan,0,C_hard_rooms_large,3
field_hrm,astar,,56,False,56,56,nan,3.35194876999536,nan,0,C_hard_rooms_large,3
field_hrm,focal,1.0,56,False,56,56,nan,3.35194876999536,nan,0,C_hard_rooms_large,3
field_hrm,focal,1.1,56,False,56,56,nan,3.35194876999536,nan,0,C_hard_rooms_large,3
field_hrm,astar,,64,True,59,59,3.394076511403736,3.35194876999536,1.0125681340316053,0,C_hard_rooms_large,3
field_hrm,focal,1.0,64,False,64,64,nan,3.35194876999536,nan,0,C_hard_rooms_large,3
field_hrm,focal,1.1,64,True,63,63,3.3972461440070614,3.35194876999536,1.0135137429358039,0,C_hard_rooms_large,3
euclid,astar,,56,True,55,55,3.7366396209274604,3.7366396209274604,1.0,0,C_hard_rooms_large,4
euclid,focal,1.0,56,True,55,55,3.7366396209274604,3.7366396209274604,1.0,0,C_hard_rooms_large,4
euclid,focal,1.1,56,False,56,56,nan,3.7366396209274604,nan,0,C_hard_rooms_large,4
euclid,astar,,64,True,55,55,3.7366396209274604,3.7366396209274604,1.0,0,C_hard_rooms_large,4
euclid,focal,1.0,64,True,55,55,3.7366396209274604,3.7366396209274604,1.0,0,C_hard_rooms_large,4
euclid,focal,1.1,64,True,61,61,4.097956925733324,3.7366396209274604,1.0966957859094215,0,C_hard_rooms_large,4
oracle,astar,,56,True,15,15,3.7366396209274604,3.7366396209274604,1.0,0,C_hard_rooms_large,4
oracle,focal,1.0,56,True,55,55,3.7366396209274604,3.7366396209274604,1.0,0,C_hard_rooms_large,4
oracle,focal,1.1,56,True,53,53,3.8313049666887755,3.7366396209274604,1.0253343526175582,0,C_hard_rooms_large,4
oracle,astar,,64,True,15,15,3.7366396209274604,3.7366396209274604,1.0,0,C_hard_rooms_large,4
oracle,focal,1.0,64,True,55,55,3.7366396209274604,3.7366396209274604,1.0,0,C_hard_rooms_large,4
oracle,focal,1.1,64,True,53,53,3.8313049666887755,3.7366396209274604,1.0253343526175582,0,C_hard_rooms_large,4
scalar_hrm,astar,,56,True,24,24,3.8880565717562097,3.7366396209274604,1.040522224830225,0,C_hard_rooms_large,4
scalar_hrm,focal,1.0,56,True,55,55,3.7366396209274604,3.7366396209274604,1.0,0,C_hard_rooms_large,4
scalar_hrm,focal,1.1,56,True,43,43,3.929038101117399,3.7366396209274604,1.051489707252578,0,C_hard_rooms_large,4
scalar_hrm,astar,,64,True,24,24,3.8880565717562097,3.7366396209274604,1.040522224830225,0,C_hard_rooms_large,4
scalar_hrm,focal,1.0,64,True,55,55,3.7366396209274604,3.7366396209274604,1.0,0,C_hard_rooms_large,4
scalar_hrm,focal,1.1,64,True,43,43,3.929038101117399,3.7366396209274604,1.051489707252578,0,C_hard_rooms_large,4
scalar_onlstm,astar,,56,True,24,24,3.8880565717562097,3.7366396209274604,1.040522224830225,0,C_hard_rooms_large,4
scalar_onlstm,focal,1.0,56,True,55,55,3.7366396209274604,3.7366396209274604,1.0,0,C_hard_rooms_large,4
scalar_onlstm,focal,1.1,56,True,47,47,4.048410944529145,3.7366396209274604,1.083436283728186,0,C_hard_rooms_large,4
scalar_onlstm,astar,,64,True,24,24,3.8880565717562097,3.7366396209274604,1.040522224830225,0,C_hard_rooms_large,4
scalar_onlstm,focal,1.0,64,True,55,55,3.7366396209274604,3.7366396209274604,1.0,0,C_hard_rooms_large,4
scalar_onlstm,focal,1.1,64,True,47,47,4.048410944529145,3.7366396209274604,1.083436283728186,0,C_hard_rooms_large,4
field_unet,astar,,56,True,23,23,3.7789235612599654,3.7366396209274604,1.0113160338223919,0,C_hard_rooms_large,4
field_unet,focal,1.0,56,True,55,55,3.7366396209274604,3.7366396209274604,1.0,0,C_hard_rooms_large,4
field_unet,focal,1.1,56,False,56,56,nan,3.7366396209274604,nan,0,C_hard_rooms_large,4
field_unet,astar,,64,True,23,23,3.7789235612599654,3.7366396209274604,1.0113160338223919,0,C_hard_rooms_large,4
field_unet,focal,1.0,64,True,55,55,3.7366396209274604,3.7366396209274604,1.0,0,C_hard_rooms_large,4
field_unet,focal,1.1,64,True,57,57,3.7789235612599654,3.7366396209274604,1.0113160338223919,0,C_hard_rooms_large,4
field_onlstm,astar,,56,True,30,30,3.8316878489052955,3.7366396209274604,1.025436819608053,0,C_hard_rooms_large,4
field_onlstm,focal,1.0,56,True,55,55,3.7366396209274604,3.7366396209274604,1.0,0,C_hard_rooms_large,4
field_onlstm,focal,1.1,56,True,50,50,3.901847726447451,3.7366396209274604,1.044213015511243,0,C_hard_rooms_large,4
field_onlstm,astar,,64,True,30,30,3.8316878489052955,3.7366396209274604,1.025436819608053,0,C_hard_rooms_large,4
field_onlstm,focal,1.0,64,True,55,55,3.7366396209274604,3.7366396209274604,1.0,0,C_hard_rooms_large,4
field_onlstm,focal,1.1,64,True,50,50,3.901847726447451,3.7366396209274604,1.044213015511243,0,C_hard_rooms_large,4
field_hrm,astar,,56,True,30,30,4.413779271292126,3.7366396209274604,1.1812162046808772,0,C_hard_rooms_large,4
field_hrm,focal,1.0,56,True,55,55,3.7366396209274604,3.7366396209274604,1.0,0,C_hard_rooms_large,4
field_hrm,focal,1.1,56,False,56,56,nan,3.7366396209274604,nan,0,C_hard_rooms_large,4
field_hrm,astar,,64,True,30,30,4.413779271292126,3.7366396209274604,1.1812162046808772,0,C_hard_rooms_large,4
field_hrm,focal,1.0,64,True,55,55,3.7366396209274604,3.7366396209274604,1.0,0,C_hard_rooms_large,4
field_hrm,focal,1.1,64,True,61,61,4.097956925733324,3.7366396209274604,1.0966957859094215,0,C_hard_rooms_large,4
euclid,astar,,56,True,37,37,2.914294510738792,2.9142945107387925,0.9999999999999999,0,C_hard_rooms_large,5
euclid,focal,1.0,56,True,37,37,2.914294510738792,2.9142945107387925,0.9999999999999999,0,C_hard_rooms_large,5
euclid,focal,1.1,56,True,31,31,2.9898191029129415,2.9142945107387925,1.0259152230139579,0,C_hard_rooms_large,5
euclid,astar,,64,True,37,37,2.914294510738792,2.9142945107387925,0.9999999999999999,0,C_hard_rooms_large,5
euclid,focal,1.0,64,True,37,37,2.914294510738792,2.9142945107387925,0.9999999999999999,0,C_hard_rooms_large,5
euclid,focal,1.1,64,True,31,31,2.9898191029129415,2.9142945107387925,1.0259152230139579,0,C_hard_rooms_large,5
oracle,astar,,56,True,12,12,2.914294510738792,2.9142945107387925,0.9999999999999999,0,C_hard_rooms_large,5
oracle,focal,1.0,56,True,37,37,2.914294510738792,2.9142945107387925,0.9999999999999999,0,C_hard_rooms_large,5
oracle,focal,1.1,56,True,26,26,2.9399480283753125,2.9142945107387925,1.008802651050534,0,C_hard_rooms_large,5
oracle,astar,,64,True,12,12,2.914294510738792,2.9142945107387925,0.9999999999999999,0,C_hard_rooms_large,5
oracle,focal,1.0,64,True,37,37,2.914294510738792,2.9142945107387925,0.9999999999999999,0,C_hard_rooms_large,5
oracle,focal,1.1,64,True,26,26,2.9399480283753125,2.9142945107387925,1.008802651050534,0,C_hard_rooms_large,5
scalar_hrm,astar,,56,True,24,24,3.6898798060223217,2.9142945107387925,1.2661314058773399,0,C_hard_rooms_large,5
scalar_hrm,focal,1.0,56,True,37,37,2.914294510738792,2.9142945107387925,0.9999999999999999,0,C_hard_rooms_large,5
scalar_hrm,focal,1.1,56,True,24,24,3.050259117424731,2.9142945107387925,1.0466543810808848,0,C_hard_rooms_large,5
scalar_hrm,astar,,64,True,24,24,3.6898798060223217,2.9142945107387925,1.2661314058773399,0,C_hard_rooms_large,5
scalar_hrm,focal,1.0,64,True,37,37,2.914294510738792,2.9142945107387925,0.9999999999999999,0,C_hard_rooms_large,5
scalar_hrm,focal,1.1,64,True,24,24,3.050259117424731,2.9142945107387925,1.0466543810808848,0,C_hard_rooms_large,5
scalar_onlstm,astar,,56,True,20,20,3.1883886104065806,2.9142945107387925,1.0940516130603093,0,C_hard_rooms_large,5
scalar_onlstm,focal,1.0,56,True,37,37,2.914294510738792,2.9142945107387925,0.9999999999999999,0,C_hard_rooms_large,5
scalar_onlstm,focal,1.1,56,True,32,32,2.9898191029129415,2.9142945107387925,1.0259152230139579,0,C_hard_rooms_large,5
scalar_onlstm,astar,,64,True,20,20,3.1883886104065806,2.9142945107387925,1.0940516130603093,0,C_hard_rooms_large,5
scalar_onlstm,focal,1.0,64,True,37,37,2.914294510738792,2.9142945107387925,0.9999999999999999,0,C_hard_rooms_large,5
scalar_onlstm,focal,1.1,64,True,32,32,2.9898191029129415,2.9142945107387925,1.0259152230139579,0,C_hard_rooms_large,5
field_unet,astar,,56,True,28,28,2.9286540815530704,2.9142945107387925,1.0049272888382985,0,C_hard_rooms_large,5
field_unet,focal,1.0,56,True,37,37,2.914294510738792,2.9142945107387925,0.9999999999999999,0,C_hard_rooms_large,5
field_unet,focal,1.1,56,True,31,31,2.9898191029129415,2.9142945107387925,1.0259152230139579,0,C_hard_rooms_large,5
field_unet,astar,,64,True,28,28,2.9286540815530704,2.9142945107387925,1.0049272888382985,0,C_hard_rooms_large,5
field_unet,focal,1.0,64,True,37,37,2.914294510738792,2.9142945107387925,0.9999999999999999,0,C_hard_rooms_large,5
field_unet,focal,1.1,64,True,31,31,2.9898191029129415,2.9142945107387925,1.0259152230139579,0,C_hard_rooms_large,5
field_onlstm,astar,,56,True,18,18,3.202901889567404,2.9142945107387925,1.099031644799498,0,C_hard_rooms_large,5
field_onlstm,focal,1.0,56,True,37,37,2.914294510738792,2.9142945107387925,0.9999999999999999,0,C_hard_rooms_large,5
field_onlstm,focal,1.1,56,True,24,24,2.9399480283753125,2.9142945107387925,1.008802651050534,0,C_hard_rooms_large,5
field_onlstm,astar,,64,True,18,18,3.202901889567404,2.9142945107387925,1.099031644799498,0,C_hard_rooms_large,5
field_onlstm,focal,1.0,64,True,37,37,2.914294510738792,2.9142945107387925,0.9999999999999999,0,C_hard_rooms_large,5
field_onlstm,focal,1.1,64,True,24,24,2.9399480283753125,2.9142945107387925,1.008802651050534,0,C_hard_rooms_large,5
field_hrm,astar,,56,True,22,22,3.1883886104065806,2.9142945107387925,1.0940516130603093,0,C_hard_rooms_large,5
field_hrm,focal,1.0,56,True,37,37,2.914294510738792,2.9142945107387925,0.9999999999999999,0,C_hard_rooms_large,5
field_hrm,focal,1.1,56,True,31,31,2.9898191029129415,2.9142945107387925,1.0259152230139579,0,C_hard_rooms_large,5
field_hrm,astar,,64,True,22,22,3.1883886104065806,2.9142945107387925,1.0940516130603093,0,C_hard_rooms_large,5
field_hrm,focal,1.0,64,True,37,37,2.914294510738792,2.9142945107387925,0.9999999999999999,0,C_hard_rooms_large,5
field_hrm,focal,1.1,64,True,31,31,2.9898191029129415,2.9142945107387925,1.0259152230139579,0,C_hard_rooms_large,5
euclid,astar,,56,False,56,56,nan,4.29736517986777,nan,0,C_hard_rooms_large,6
euclid,focal,1.0,56,False,56,56,nan,4.29736517986777,nan,0,C_hard_rooms_large,6
euclid,focal,1.1,56,True,50,50,4.36811079208973,4.29736517986777,1.0164625553707627,0,C_hard_rooms_large,6
euclid,astar,,64,True,64,64,4.297365179867769,4.29736517986777,0.9999999999999998,0,C_hard_rooms_large,6
euclid,focal,1.0,64,True,64,64,4.297365179867769,4.29736517986777,0.9999999999999998,0,C_hard_rooms_large,6
euclid,focal,1.1,64,True,50,50,4.36811079208973,4.29736517986777,1.0164625553707627,0,C_hard_rooms_large,6
oracle,astar,,56,True,18,18,4.297365179867769,4.29736517986777,0.9999999999999998,0,C_hard_rooms_large,6
oracle,focal,1.0,56,False,56,56,nan,4.29736517986777,nan,0,C_hard_rooms_large,6
oracle,focal,1.1,56,True,49,49,4.300748659380924,4.29736517986777,1.0007873381412882,0,C_hard_rooms_large,6
oracle,astar,,64,True,18,18,4.297365179867769,4.29736517986777,0.9999999999999998,0,C_hard_rooms_large,6
oracle,focal,1.0,64,True,64,64,4.297365179867769,4.29736517986777,0.9999999999999998,0,C_hard_rooms_large,6
oracle,focal,1.1,64,True,49,49,4.300748659380924,4.29736517986777,1.0007873381412882,0,C_hard_rooms_large,6
scalar_hrm,astar,,56,True,41,41,4.9921204508597805,4.29736517986777,1.161670056397997,0,C_hard_rooms_large,6
scalar_hrm,focal,1.0,56,False,56,56,nan,4.29736517986777,nan,0,C_hard_rooms_large,6
scalar_hrm,focal,1.1,56,True,52,52,4.475318080302842,4.29736517986777,1.0414097692392408,0,C_hard_rooms_large,6
scalar_hrm,astar,,64,True,41,41,4.9921204508597805,4.29736517986777,1.161670056397997,0,C_hard_rooms_large,6
scalar_hrm,focal,1.0,64,True,64,64,4.297365179867769,4.29736517986777,0.9999999999999998,0,C_hard_rooms_large,6
scalar_hrm,focal,1.1,64,True,52,52,4.475318080302842,4.29736517986777,1.0414097692392408,0,C_hard_rooms_large,6
scalar_onlstm,astar,,56,True,25,25,4.615220009810714,4.29736517986777,1.0739650498942994,0,C_hard_rooms_large,6
scalar_onlstm,focal,1.0,56,False,56,56,nan,4.29736517986777,nan,0,C_hard_rooms_large,6
scalar_onlstm,focal,1.1,56,True,51,51,4.36811079208973,4.29736517986777,1.0164625553707627,0,C_hard_rooms_large,6
scalar_onlstm,astar,,64,True,25,25,4.615220009810714,4.29736517986777,1.0739650498942994,0,C_hard_rooms_large,6
scalar_onlstm,focal,1.0,64,True,64,64,4.297365179867769,4.29736517986777,0.9999999999999998,0,C_hard_rooms_large,6
scalar_onlstm,focal,1.1,64,True,51,51,4.36811079208973,4.29736517986777,1.0164625553707627,0,C_hard_rooms_large,6
field_unet,astar,,56,True,44,44,4.537999379712321,4.29736517986777,1.055995753158673,0,C_hard_rooms_large,6
field_unet,focal,1.0,56,False,56,56,nan,4.29736517986777,nan,0,C_hard_rooms_large,6
field_unet,focal,1.1,56,True,50,50,4.461180741204173,4.29736517986777,1.0381200001582003,0,C_hard_rooms_large,6
field_unet,astar,,64,True,44,44,4.537999379712321,4.29736517986777,1.055995753158673,0,C_hard_rooms_large,6
field_unet,focal,1.0,64,True,64,64,4.297365179867769,4.29736517986777,0.9999999999999998,0,C_hard_rooms_large,6
field_unet,focal,1.1,64,True,50,50,4.461180741204173,4.29736517986777,1.0381200001582003,0,C_hard_rooms_large,6
field_onlstm,astar,,56,True,48,48,4.675816738519102,4.29736517986777,1.0880659526968517,0,C_hard_rooms_large,6
field_onlstm,focal,1.0,56,False,56,56,nan,4.29736517986777,nan,0,C_hard_rooms_large,6
field_onlstm,focal,1.1,56,True,51,51,4.407986183066334,4.29736517986777,1.0257415878261404,0,C_hard_rooms_large,6
field_onlstm,astar,,64,True,48,48,4.675816738519102,4.29736517986777,1.0880659526968517,0,C_hard_rooms_large,6
field_onlstm,focal,1.0,64,True,64,64,4.297365179867769,4.29736517986777,0.9999999999999998,0,C_hard_rooms_large,6
field_onlstm,focal,1.1,64,True,51,51,4.407986183066334,4.29736517986777,1.0257415878261404,0,C_hard_rooms_large,6
field_hrm,astar,,56,True,40,40,4.537999379712321,4.29736517986777,1.055995753158673,0,C_hard_rooms_large,6
field_hrm,focal,1.0,56,False,56,56,nan,4.29736517986777,nan,0,C_hard_rooms_large,6
field_hrm,focal,1.1,56,True,49,49,4.3904351289822126,4.29736517986777,1.0216574447874376,0,C_hard_rooms_large,6
field_hrm,astar,,64,True,40,40,4.537999379712321,4.29736517986777,1.055995753158673,0,C_hard_rooms_large,6
field_hrm,focal,1.0,64,True,64,64,4.297365179867769,4.29736517986777,0.9999999999999998,0,C_hard_rooms_large,6
field_hrm,focal,1.1,64,True,49,49,4.3904351289822126,4.29736517986777,1.0216574447874376,0,C_hard_rooms_large,6
euclid,astar,,56,False,56,56,nan,3.9683480505347637,nan,0,C_hard_rooms_large,7
euclid,focal,1.0,56,False,56,56,nan,3.9683480505347637,nan,0,C_hard_rooms_large,7
euclid,focal,1.1,56,True,48,48,4.032709581502628,3.9683480505347637,1.0162187212785407,0,C_hard_rooms_large,7
euclid,astar,,64,True,57,57,3.9683480505347637,3.9683480505347637,1.0,0,C_hard_rooms_large,7
euclid,focal,1.0,64,True,57,57,3.9683480505347637,3.9683480505347637,1.0,0,C_hard_rooms_large,7
euclid,focal,1.1,64,True,48,48,4.032709581502628,3.9683480505347637,1.0162187212785407,0,C_hard_rooms_large,7
oracle,astar,,56,True,14,14,3.9683480505347637,3.9683480505347637,1.0,0,C_hard_rooms_large,7
oracle,focal,1.0,56,False,56,56,nan,3.9683480505347637,nan,0,C_hard_rooms_large,7
oracle,focal,1.1,56,True,45,45,4.056266809190492,3.9683480505347637,1.0221550019141796,0,C_hard_rooms_large,7
oracle,astar,,64,True,14,14,3.9683480505347637,3.9683480505347637,1.0,0,C_hard_rooms_large,7
oracle,focal,1.0,64,True,57,57,3.9683480505347637,3.9683480505347637,1.0,0,C_hard_rooms_large,7
oracle,focal,1.1,64,True,45,45,4.056266809190492,3.9683480505347637,1.0221550019141796,0,C_hard_rooms_large,7
scalar_hrm,astar,,56,True,30,30,4.420840585938421,3.9683480505347637,1.114025415523389,0,C_hard_rooms_large,7
scalar_hrm,focal,1.0,56,False,56,56,nan,3.9683480505347637,nan,0,C_hard_rooms_large,7
scalar_hrm,focal,1.1,56,True,52,52,3.9967670516615064,3.9683480505347637,1.0071614184957676,0,C_hard_rooms_large,7
scalar_hrm,astar,,64,True,30,30,4.420840585938421,3.9683480505347637,1.114025415523389,0,C_hard_rooms_large,7
scalar_hrm,focal,1.0,64,True,57,57,3.9683480505347637,3.9683480505347637,1.0,0,C_hard_rooms_large,7
scalar_hrm,focal,1.1,64,True,52,52,3.9967670516615064,3.9683480505347637,1.0071614184957676,0,C_hard_rooms_large,7
scalar_onlstm,astar,,56,True,19,19,4.194116988914462,3.9683480505347637,1.0568924236243022,0,C_hard_rooms_large,7
scalar_onlstm,focal,1.0,56,False,56,56,nan,3.9683480505347637,nan,0,C_hard_rooms_large,7
scalar_onlstm,focal,1.1,56,True,53,53,4.023899017012976,3.9683480505347637,1.0139985116655095,0,C_hard_rooms_large,7
scalar_onlstm,astar,,64,True,19,19,4.194116988914462,3.9683480505347637,1.0568924236243022,0,C_hard_rooms_large,7
scalar_onlstm,focal,1.0,64,True,57,57,3.9683480505347637,3.9683480505347637,1.0,0,C_hard_rooms_large,7
scalar_onlstm,focal,1.1,64,True,53,53,4.023899017012976,3.9683480505347637,1.0139985116655095,0,C_hard_rooms_large,7
field_unet,astar,,56,True,31,31,3.977158615024415,3.9683480505347637,1.0022202096130313,0,C_hard_rooms_large,7
field_unet,focal,1.0,56,False,56,56,nan,3.9683480505347637,nan,0,C_hard_rooms_large,7
field_unet,focal,1.1,56,True,42,42,3.9967670516615064,3.9683480505347637,1.0071614184957676,0,C_hard_rooms_large,7
field_unet,astar,,64,True,31,31,3.977158615024415,3.9683480505347637,1.0022202096130313,0,C_hard_rooms_large,7
field_unet,focal,1.0,64,True,57,57,3.9683480505347637,3.9683480505347637,1.0,0,C_hard_rooms_large,7
field_unet,focal,1.1,64,True,42,42,3.9967670516615064,3.9683480505347637,1.0071614184957676,0,C_hard_rooms_large,7
field_onlstm,astar,,56,True,27,27,3.987956487171855,3.9683480505347637,1.004941208882736,0,C_hard_rooms_large,7
field_onlstm,focal,1.0,56,False,56,56,nan,3.9683480505347637,nan,0,C_hard_rooms_large,7
field_onlstm,focal,1.1,56,True,47,47,3.987956487171855,3.9683480505347637,1.004941208882736,0,C_hard_rooms_large,7
field_onlstm,astar,,64,True,27,27,3.987956487171855,3.9683480505347637,1.004941208882736,0,C_hard_rooms_large,7
field_onlstm,focal,1.0,64,True,57,57,3.9683480505347637,3.9683480505347637,1.0,0,C_hard_rooms_large,7
field_onlstm,focal,1.1,64,True,47,47,3.987956487171855,3.9683480505347637,1.004941208882736,0,C_hard_rooms_large,7
field_hrm,astar,,56,True,24,24,3.977158615024415,3.9683480505347637,1.0022202096130313,0,C_hard_rooms_large,7
field_hrm,focal,1.0,56,False,56,56,nan,3.9683480505347637,nan,0,C_hard_rooms_large,7
field_hrm,focal,1.1,56,True,48,48,4.10159565573682,3.9683480505347637,1.0335776004284958,0,C_hard_rooms_large,7
field_hrm,astar,,64,True,24,24,3.977158615024415,3.9683480505347637,1.0022202096130313,0,C_hard_rooms_large,7
field_hrm,focal,1.0,64,True,57,57,3.9683480505347637,3.9683480505347637,1.0,0,C_hard_rooms_large,7
field_hrm,focal,1.1,64,True,48,48,4.10159565573682,3.9683480505347637,1.0335776004284958,0,C_hard_rooms_large,7
euclid,astar,,56,False,56,56,nan,3.9190761597766843,nan,0,C_hard_rooms_large,8
euclid,focal,1.0,56,False,56,56,nan,3.9190761597766843,nan,0,C_hard_rooms_large,8
euclid,focal,1.1,56,False,56,56,nan,3.9190761597766843,nan,0,C_hard_rooms_large,8
euclid,astar,,64,False,64,64,nan,3.9190761597766843,nan,0,C_hard_rooms_large,8
euclid,focal,1.0,64,False,64,64,nan,3.9190761597766843,nan,0,C_hard_rooms_large,8
euclid,focal,1.1,64,False,64,64,nan,3.9190761597766843,nan,0,C_hard_rooms_large,8
oracle,astar,,56,True,15,15,3.9190761597766848,3.9190761597766843,1.0000000000000002,0,C_hard_rooms_large,8
oracle,focal,1.0,56,False,56,56,nan,3.9190761597766843,nan,0,C_hard_rooms_large,8
oracle,focal,1.1,56,False,56,56,nan,3.9190761597766843,nan,0,C_hard_rooms_large,8
oracle,astar,,64,True,15,15,3.9190761597766848,3.9190761597766843,1.0000000000000002,0,C_hard_rooms_large,8
oracle,focal,1.0,64,False,64,64,nan,3.9190761597766843,nan,0,C_hard_rooms_large,8
oracle,focal,1.1,64,False,64,64,nan,3.9190761597766843,nan,0,C_hard_rooms_large,8
scalar_hrm,astar,,56,True,25,25,4.90434814925009,3.9190761597766843,1.2514041445751205,0,C_hard_rooms_large,8
scalar_hrm,focal,1.0,56,False,56,56,nan,3.9190761597766843,nan,0,C_hard_rooms_large,8
scalar_hrm,focal,1.1,56,False,56,56,nan,3.9190761597766843,nan,0,C_hard_rooms_large,8
scalar_hrm,astar,,64,True,25,25,4.90434814925009,3.9190761597766843,1.2514041445751205,0,C_hard_rooms_large,8
scalar_hrm,focal,1.0,64,False,64,64,nan,3.9190761597766843,nan,0,C_hard_rooms_large,8
scalar_hrm,focal,1.1,64,False,64,64,nan,3.9190761597766843,nan,0,C_hard_rooms_large,8
scalar_onlstm,astar,,56,True,35,35,4.416515941739444,3.9190761597766843,1.1269278170881745,0,C_hard_rooms_large,8
scalar_onlstm,focal,1.0,56,False,56,56,nan,3.9190761597766843,nan,0,C_hard_rooms_large,8
scalar_onlstm,focal,1.1,56,False,56,56,nan,3.9190761597766843,nan,0,C_hard_rooms_large,8
scalar_onlstm,astar,,64,True,35,35,4.416515941739444,3.9190761597766843,1.1269278170881745,0,C_hard_rooms_large,8
scalar_onlstm,focal,1.0,64,False,64,64,nan,3.9190761597766843,nan,0,C_hard_rooms_large,8
scalar_onlstm,focal,1.1,64,False,64,64,nan,3.9190761597766843,nan,0,C_hard_rooms_large,8
field_unet,astar,,56,False,56,56,nan,3.9190761597766843,nan,0,C_hard_rooms_large,8
field_unet,focal,1.0,56,False,56,56,nan,3.9190761597766843,nan,0,C_hard_rooms_large,8
field_unet,focal,1.1,56,False,56,56,nan,3.9190761597766843,nan,0,C_hard_rooms_large,8
field_unet,astar,,64,True,62,62,4.038752396328355,3.9190761597766843,1.0305368489084146,0,C_hard_rooms_large,8
field_unet,focal,1.0,64,False,64,64,nan,3.9190761597766843,nan,0,C_hard_rooms_large,8
field_unet,focal,1.1,64,False,64,64,nan,3.9190761597766843,nan,0,C_hard_rooms_large,8
field_onlstm,astar,,56,True,50,50,4.244965657810233,3.9190761597766843,1.0831546733840758,0,C_hard_rooms_large,8
field_onlstm,focal,1.0,56,False,56,56,nan,3.9190761597766843,nan,0,C_hard_rooms_large,8
field_onlstm,focal,1.1,56,False,56,56,nan,3.9190761597766843,nan,0,C_hard_rooms_large,8
field_onlstm,astar,,64,True,50,50,4.244965657810233,3.9190761597766843,1.0831546733840758,0,C_hard_rooms_large,8
field_onlstm,focal,1.0,64,False,64,64,nan,3.9190761597766843,nan,0,C_hard_rooms_large,8
field_onlstm,focal,1.1,64,False,64,64,nan,3.9190761597766843,nan,0,C_hard_rooms_large,8
field_hrm,astar,,56,False,56,56,nan,3.9190761597766843,nan,0,C_hard_rooms_large,8
field_hrm,focal,1.0,56,False,56,56,nan,3.9190761597766843,nan,0,C_hard_rooms_large,8
field_hrm,focal,1.1,56,False,56,56,nan,3.9190761597766843,nan,0,C_hard_rooms_large,8
field_hrm,astar,,64,False,64,64,nan,3.9190761597766843,nan,0,C_hard_rooms_large,8
field_hrm,focal,1.0,64,False,64,64,nan,3.9190761597766843,nan,0,C_hard_rooms_large,8
field_hrm,focal,1.1,64,False,64,64,nan,3.9190761597766843,nan,0,C_hard_rooms_large,8
euclid,astar,,56,True,56,56,3.025162983679254,3.0251629836792535,1.0000000000000002,0,C_hard_rooms_large,9
euclid,focal,1.0,56,True,56,56,3.025162983679254,3.0251629836792535,1.0000000000000002,0,C_hard_rooms_large,9
euclid,focal,1.1,56,True,54,54,3.026253182222255,3.0251629836792535,1.0003603767958564,0,C_hard_rooms_large,9
euclid,astar,,64,True,56,56,3.025162983679254,3.0251629836792535,1.0000000000000002,0,C_hard_rooms_large,9
euclid,focal,1.0,64,True,56,56,3.025162983679254,3.0251629836792535,1.0000000000000002,0,C_hard_rooms_large,9
euclid,focal,1.1,64,True,54,54,3.026253182222255,3.0251629836792535,1.0003603767958564,0,C_hard_rooms_large,9
oracle,astar,,56,True,13,13,3.025162983679254,3.0251629836792535,1.0000000000000002,0,C_hard_rooms_large,9
oracle,focal,1.0,56,True,56,56,3.025162983679254,3.0251629836792535,1.0000000000000002,0,C_hard_rooms_large,9
oracle,focal,1.1,56,True,46,46,3.026253182222255,3.0251629836792535,1.0003603767958564,0,C_hard_rooms_large,9
oracle,astar,,64,True,13,13,3.025162983679254,3.0251629836792535,1.0000000000000002,0,C_hard_rooms_large,9
oracle,focal,1.0,64,True,56,56,3.025162983679254,3.0251629836792535,1.0000000000000002,0,C_hard_rooms_large,9
oracle,focal,1.1,64,True,46,46,3.026253182222255,3.0251629836792535,1.0003603767958564,0,C_hard_rooms_large,9
scalar_hrm,astar,,56,True,46,46,3.7562226997661483,3.0251629836792535,1.2416596130624895,0,C_hard_rooms_large,9
scalar_hrm,focal,1.0,56,True,56,56,3.025162983679254,3.0251629836792535,1.0000000000000002,0,C_hard_rooms_large,9
scalar_hrm,focal,1.1,56,True,50,50,3.037934429660561,3.0251629836792535,1.0042217381510383,0,C_hard_rooms_large,9
scalar_hrm,astar,,64,True,46,46,3.7562226997661483,3.0251629836792535,1.2416596130624895,0,C_hard_rooms_large,9
scalar_hrm,focal,1.0,64,True,56,56,3.025162983679254,3.0251629836792535,1.0000000000000002,0,C_hard_rooms_large,9
scalar_hrm,focal,1.1,64,True,50,50,3.037934429660561,3.0251629836792535,1.0042217381510383,0,C_hard_rooms_large,9
scalar_onlstm,astar,,56,True,51,51,3.815870664639112,3.0251629836792535,1.2613768862126518,0,C_hard_rooms_large,9
scalar_onlstm,focal,1.0,56,True,56,56,3.025162983679254,3.0251629836792535,1.0000000000000002,0,C_hard_rooms_large,9
scalar_onlstm,focal,1.1,56,True,54,54,3.025162983679254,3.0251629836792535,1.0000000000000002,0,C_hard_rooms_large,9
scalar_onlstm,astar,,64,True,51,51,3.815870664639112,3.0251629836792535,1.2613768862126518,0,C_hard_rooms_large,9
scalar_onlstm,focal,1.0,64,True,56,56,3.025162983679254,3.0251629836792535,1.0000000000000002,0,C_hard_rooms_large,9
scalar_onlstm,focal,1.1,64,True,54,54,3.025162983679254,3.0251629836792535,1.0000000000000002,0,C_hard_rooms_large,9
field_unet,astar,,56,True,50,50,3.03684423111756,3.0251629836792535,1.0038613613551821,0,C_hard_rooms_large,9
field_unet,focal,1.0,56,True,56,56,3.025162983679254,3.0251629836792535,1.0000000000000002,0,C_hard_rooms_large,9
field_unet,focal,1.1,56,True,47,47,3.064877867602341,3.0251629836792535,1.0131281799153795,0,C_hard_rooms_large,9
field_unet,astar,,64,True,50,50,3.03684423111756,3.0251629836792535,1.0038613613551821,0,C_hard_rooms_large,9
field_unet,focal,1.0,64,True,56,56,3.025162983679254,3.0251629836792535,1.0000000000000002,0,C_hard_rooms_large,9
field_unet,focal,1.1,64,True,47,47,3.064877867602341,3.0251629836792535,1.0131281799153795,0,C_hard_rooms_large,9
field_onlstm,astar,,56,True,54,54,3.114086122431122,3.0251629836792535,1.0293944951831053,0,C_hard_rooms_large,9
field_onlstm,focal,1.0,56,True,56,56,3.025162983679254,3.0251629836792535,1.0000000000000002,0,C_hard_rooms_large,9
field_onlstm,focal,1.1,56,True,55,55,3.025162983679254,3.0251629836792535,1.0000000000000002,0,C_hard_rooms_large,9
field_onlstm,astar,,64,True,54,54,3.114086122431122,3.0251629836792535,1.0293944951831053,0,C_hard_rooms_large,9
field_onlstm,focal,1.0,64,True,56,56,3.025162983679254,3.0251629836792535,1.0000000000000002,0,C_hard_rooms_large,9
field_onlstm,focal,1.1,64,True,55,55,3.025162983679254,3.0251629836792535,1.0000000000000002,0,C_hard_rooms_large,9
field_hrm,astar,,56,True,52,52,3.064877867602341,3.0251629836792535,1.0131281799153795,0,C_hard_rooms_large,9
field_hrm,focal,1.0,56,True,56,56,3.025162983679254,3.0251629836792535,1.0000000000000002,0,C_hard_rooms_large,9
field_hrm,focal,1.1,56,True,54,54,3.026253182222255,3.0251629836792535,1.0003603767958564,0,C_hard_rooms_large,9
field_hrm,astar,,64,True,52,52,3.064877867602341,3.0251629836792535,1.0131281799153795,0,C_hard_rooms_large,9
field_hrm,focal,1.0,64,True,56,56,3.025162983679254,3.0251629836792535,1.0000000000000002,0,C_hard_rooms_large,9
field_hrm,focal,1.1,64,True,54,54,3.026253182222255,3.0251629836792535,1.0003603767958564,0,C_hard_rooms_large,9
euclid,astar,,56,False,56,56,nan,4.00076649142597,nan,0,C_hard_rooms_large,10
euclid,focal,1.0,56,False,56,56,nan,4.00076649142597,nan,0,C_hard_rooms_large,10
euclid,focal,1.1,56,False,56,56,nan,4.00076649142597,nan,0,C_hard_rooms_large,10
euclid,astar,,64,True,64,64,4.000766491425969,4.00076649142597,0.9999999999999998,0,C_hard_rooms_large,10
euclid,focal,1.0,64,True,64,64,4.000766491425969,4.00076649142597,0.9999999999999998,0,C_hard_rooms_large,10
euclid,focal,1.1,64,True,59,59,4.0811199665289255,4.00076649142597,1.0200845201226219,0,C_hard_rooms_large,10
oracle,astar,,56,True,13,13,4.000766491425969,4.00076649142597,0.9999999999999998,0,C_hard_rooms_large,10
oracle,focal,1.0,56,False,56,56,nan,4.00076649142597,nan,0,C_hard_rooms_large,10
oracle,focal,1.1,56,True,55,55,4.13473013256518,4.00076649142597,1.0334844938904353,0,C_hard_rooms_large,10
oracle,astar,,64,True,13,13,4.000766491425969,4.00076649142597,0.9999999999999998,0,C_hard_rooms_large,10
oracle,focal,1.0,64,True,64,64,4.000766491425969,4.00076649142597,0.9999999999999998,0,C_hard_rooms_large,10
oracle,focal,1.1,64,True,55,55,4.13473013256518,4.00076649142597,1.0334844938904353,0,C_hard_rooms_large,10
scalar_hrm,astar,,56,False,56,56,nan,4.00076649142597,nan,0,C_hard_rooms_large,10
scalar_hrm,focal,1.0,56,False,56,56,nan,4.00076649142597,nan,0,C_hard_rooms_large,10
scalar_hrm,focal,1.1,56,False,56,56,nan,4.00076649142597,nan,0,C_hard_rooms_large,10
scalar_hrm,astar,,64,True,57,57,4.953142949523642,4.00076649142597,1.2380484989910576,0,C_hard_rooms_large,10
scalar_hrm,focal,1.0,64,True,64,64,4.000766491425969,4.00076649142597,0.9999999999999998,0,C_hard_rooms_large,10
scalar_hrm,focal,1.1,64,True,59,59,4.199819122695959,4.00076649142597,1.0497536238859675,0,C_hard_rooms_large,10
scalar_onlstm,astar,,56,True,42,42,4.86836824511766,4.00076649142597,1.216858883304248,0,C_hard_rooms_large,10
scalar_onlstm,focal,1.0,56,False,56,56,nan,4.00076649142597,nan,0,C_hard_rooms_large,10
scalar_onlstm,focal,1.1,56,False,56,56,nan,4.00076649142597,nan,0,C_hard_rooms_large,10
scalar_onlstm,astar,,64,True,42,42,4.86836824511766,4.00076649142597,1.216858883304248,0,C_hard_rooms_large,10
scalar_onlstm,focal,1.0,64,True,64,64,4.000766491425969,4.00076649142597,0.9999999999999998,0,C_hard_rooms_large,10
scalar_onlstm,focal,1.1,64,True,60,60,4.294425005128711,4.00076649142597,1.0734005632000967,0,C_hard_rooms_large,10
field_unet,astar,,56,False,56,56,nan,4.00076649142597,nan,0,C_hard_rooms_large,10
field_unet,focal,1.0,56,False,56,56,nan,4.00076649142597,nan,0,C_hard_rooms_large,10
field_unet,focal,1.1,56,False,56,56,nan,4.00076649142597,nan,0,C_hard_rooms_large,10
field_unet,astar,,64,False,64,64,nan,4.00076649142597,nan,0,C_hard_rooms_large,10
field_unet,focal,1.0,64,True,64,64,4.000766491425969,4.00076649142597,0.9999999999999998,0,C_hard_rooms_large,10
field_unet,focal,1.1,64,False,64,64,nan,4.00076649142597,nan,0,C_hard_rooms_large,10
field_onlstm,astar,,56,False,56,56,nan,4.00076649142597,nan,0,C_hard_rooms_large,10
field_onlstm,focal,1.0,56,False,56,56,nan,4.00076649142597,nan,0,C_hard_rooms_large,10
field_onlstm,focal,1.1,56,False,56,56,nan,4.00076649142597,nan,0,C_hard_rooms_large,10
field_onlstm,astar,,64,True,59,59,4.7749105260594735,4.00076649142597,1.1934989298407117,0,C_hard_rooms_large,10
field_onlstm,focal,1.0,64,True,64,64,4.000766491425969,4.00076649142597,0.9999999999999998,0,C_hard_rooms_large,10
field_onlstm,focal,1.1,64,True,61,61,4.035710443125915,4.00076649142597,1.0087343142307441,0,C_hard_rooms_large,10
field_hrm,astar,,56,False,56,56,nan,4.00076649142597,nan,0,C_hard_rooms_large,10
field_hrm,focal,1.0,56,False,56,56,nan,4.00076649142597,nan,0,C_hard_rooms_large,10
field_hrm,focal,1.1,56,False,56,56,nan,4.00076649142597,nan,0,C_hard_rooms_large,10
field_hrm,astar,,64,True,63,63,4.062852980023902,4.00076649142597,1.0155186484217438,0,C_hard_rooms_large,10
field_hrm,focal,1.0,64,True,64,64,4.000766491425969,4.00076649142597,0.9999999999999998,0,C_hard_rooms_large,10
field_hrm,focal,1.1,64,True,59,59,4.0811199665289255,4.00076649142597,1.0200845201226219,0,C_hard_rooms_large,10
euclid,astar,,56,False,56,56,nan,4.15081596626183,nan,0,C_hard_rooms_large,11
euclid,focal,1.0,56,False,56,56,nan,4.15081596626183,nan,0,C_hard_rooms_large,11
euclid,focal,1.1,56,False,56,56,nan,4.15081596626183,nan,0,C_hard_rooms_large,11
euclid,astar,,64,False,64,64,nan,4.15081596626183,nan,0,C_hard_rooms_large,11
euclid,focal,1.0,64,False,64,64,nan,4.15081596626183,nan,0,C_hard_rooms_large,11
euclid,focal,1.1,64,False,64,64,nan,4.15081596626183,nan,0,C_hard_rooms_large,11
oracle,astar,,56,True,16,16,4.150815966261832,4.15081596626183,1.0000000000000004,0,C_hard_rooms_large,11
oracle,focal,1.0,56,False,56,56,nan,4.15081596626183,nan,0,C_hard_rooms_large,11
oracle,focal,1.1,56,False,56,56,nan,4.15081596626183,nan,0,C_hard_rooms_large,11
oracle,astar,,64,True,16,16,4.150815966261832,4.15081596626183,1.0000000000000004,0,C_hard_rooms_large,11
oracle,focal,1.0,64,False,64,64,nan,4.15081596626183,nan,0,C_hard_rooms_large,11
oracle,focal,1.1,64,False,64,64,nan,4.15081596626183,nan,0,C_hard_rooms_large,11
scalar_hrm,astar,,56,True,39,39,4.189808669816819,4.15081596626183,1.009393985151817,0,C_hard_rooms_large,11
scalar_hrm,focal,1.0,56,False,56,56,nan,4.15081596626183,nan,0,C_hard_rooms_large,11
scalar_hrm,focal,1.1,56,False,56,56,nan,4.15081596626183,nan,0,C_hard_rooms_large,11
scalar_hrm,astar,,64,True,39,39,4.189808669816819,4.15081596626183,1.009393985151817,0,C_hard_rooms_large,11
scalar_hrm,focal,1.0,64,False,64,64,nan,4.15081596626183,nan,0,C_hard_rooms_large,11
scalar_hrm,focal,1.1,64,False,64,64,nan,4.15081596626183,nan,0,C_hard_rooms_large,11
scalar_onlstm,astar,,56,True,44,44,4.712749303731917,4.15081596626183,1.1353790054865178,0,C_hard_rooms_large,11
scalar_onlstm,focal,1.0,56,False,56,56,nan,4.15081596626183,nan,0,C_hard_rooms_large,11
scalar_onlstm,focal,1.1,56,False,56,56,nan,4.15081596626183,nan,0,C_hard_rooms_large,11
scalar_onlstm,astar,,64,True,44,44,4.712749303731917,4.15081596626183,1.1353790054865178,0,C_hard_rooms_large,11
scalar_onlstm,focal,1.0,64,False,64,64,nan,4.15081596626183,nan,0,C_hard_rooms_large,11
scalar_onlstm,focal,1.1,64,False,64,64,nan,4.15081596626183,nan,0,C_hard_rooms_large,11
field_unet,astar,,56,False,56,56,nan,4.15081596626183,nan,0,C_hard_rooms_large,11
field_unet,focal,1.0,56,False,56,56,nan,4.15081596626183,nan,0,C_hard_rooms_large,11
field_unet,focal,1.1,56,False,56,56,nan,4.15081596626183,nan,0,C_hard_rooms_large,11
field_unet,astar,,64,True,63,63,4.189808669816819,4.15081596626183,1.009393985151817,0,C_hard_rooms_large,11
field_unet,focal,1.0,64,False,64,64,nan,4.15081596626183,nan,0,C_hard_rooms_large,11
field_unet,focal,1.1,64,False,64,64,nan,4.15081596626183,nan,0,C_hard_rooms_large,11
field_onlstm,astar,,56,True,39,39,4.434559157878904,4.15081596626183,1.0683584128815542,0,C_hard_rooms_large,11
field_onlstm,focal,1.0,56,False,56,56,nan,4.15081596626183,nan,0,C_hard_rooms_large,11
field_onlstm,focal,1.1,56,False,56,56,nan,4.15081596626183,nan,0,C_hard_rooms_large,11
field_onlstm,astar,,64,True,39,39,4.434559157878904,4.15081596626183,1.0683584128815542,0,C_hard_rooms_large,11
field_onlstm,focal,1.0,64,False,64,64,nan,4.15081596626183,nan,0,C_hard_rooms_large,11
field_onlstm,focal,1.1,64,False,64,64,nan,4.15081596626183,nan,0,C_hard_rooms_large,11
field_hrm,astar,,56,False,56,56,nan,4.15081596626183,nan,0,C_hard_rooms_large,11
field_hrm,focal,1.0,56,False,56,56,nan,4.15081596626183,nan,0,C_hard_rooms_large,11
field_hrm,focal,1.1,56,False,56,56,nan,4.15081596626183,nan,0,C_hard_rooms_large,11
field_hrm,astar,,64,False,64,64,nan,4.15081596626183,nan,0,C_hard_rooms_large,11
field_hrm,focal,1.0,64,False,64,64,nan,4.15081596626183,nan,0,C_hard_rooms_large,11
field_hrm,focal,1.1,64,False,64,64,nan,4.15081596626183,nan,0,C_hard_rooms_large,11
euclid,astar,,56,False,56,56,nan,3.743226924076983,nan,0,C_hard_rooms_large,12
euclid,focal,1.0,56,False,56,56,nan,3.743226924076983,nan,0,C_hard_rooms_large,12
euclid,focal,1.1,56,True,48,48,3.8745956171902183,3.743226924076983,1.0350950385263187,0,C_hard_rooms_large,12
euclid,astar,,64,True,59,59,3.743226924076983,3.743226924076983,1.0,0,C_hard_rooms_large,12
euclid,focal,1.0,64,True,59,59,3.743226924076983,3.743226924076983,1.0,0,C_hard_rooms_large,12
euclid,focal,1.1,64,True,48,48,3.8745956171902183,3.743226924076983,1.0350950385263187,0,C_hard_rooms_large,12
oracle,astar,,56,True,13,13,3.743226924076983,3.743226924076983,1.0,0,C_hard_rooms_large,12
oracle,focal,1.0,56,False,56,56,nan,3.743226924076983,nan,0,C_hard_rooms_large,12
oracle,focal,1.1,56,True,49,49,3.8745956171902183,3.743226924076983,1.0350950385263187,0,C_hard_rooms_large,12
oracle,astar,,64,True,13,13,3.743226924076983,3.743226924076983,1.0,0,C_hard_rooms_large,12
oracle,focal,1.0,64,True,59,59,3.743226924076983,3.743226924076983,1.0,0,C_hard_rooms_large,12
oracle,focal,1.1,64,True,49,49,3.8745956171902183,3.743226924076983,1.0350950385263187,0,C_hard_rooms_large,12
scalar_hrm,astar,,56,True,41,41,4.585611396802106,3.743226924076983,1.2250423203858636,0,C_hard_rooms_large,12
scalar_hrm,focal,1.0,56,False,56,56,nan,3.743226924076983,nan,0,C_hard_rooms_large,12
scalar_hrm,focal,1.1,56,True,54,54,3.8554512664340637,3.743226924076983,1.029980640937165,0,C_hard_rooms_large,12
scalar_hrm,astar,,64,True,41,41,4.585611396802106,3.743226924076983,1.2250423203858636,0,C_hard_rooms_large,12
scalar_hrm,focal,1.0,64,True,59,59,3.743226924076983,3.743226924076983,1.0,0,C_hard_rooms_large,12
scalar_hrm,focal,1.1,64,True,54,54,3.8554512664340637,3.743226924076983,1.029980640937165,0,C_hard_rooms_large,12
scalar_onlstm,astar,,56,True,36,36,4.585611396802106,3.743226924076983,1.2250423203858636,0,C_hard_rooms_large,12
scalar_onlstm,focal,1.0,56,False,56,56,nan,3.743226924076983,nan,0,C_hard_rooms_large,12
scalar_onlstm,focal,1.1,56,True,42,42,3.8569442442692736,3.743226924076983,1.0303794887402749,0,C_hard_rooms_large,12
scalar_onlstm,astar,,64,True,36,36,4.585611396802106,3.743226924076983,1.2250423203858636,0,C_hard_rooms_large,12
scalar_onlstm,focal,1.0,64,True,59,59,3.743226924076983,3.743226924076983,1.0,0,C_hard_rooms_large,12
scalar_onlstm,focal,1.1,64,True,42,42,3.8569442442692736,3.743226924076983,1.0303794887402749,0,C_hard_rooms_large,12
field_unet,astar,,56,True,39,39,3.758761795625011,3.743226924076983,1.004150128181678,0,C_hard_rooms_large,12
field_unet,focal,1.0,56,False,56,56,nan,3.743226924076983,nan,0,C_hard_rooms_large,12
field_unet,focal,1.1,56,True,43,43,3.8554512664340637,3.743226924076983,1.029980640937165,0,C_hard_rooms_large,12
field_unet,astar,,64,True,39,39,3.758761795625011,3.743226924076983,1.004150128181678,0,C_hard_rooms_large,12
field_unet,focal,1.0,64,True,59,59,3.743226924076983,3.743226924076983,1.0,0,C_hard_rooms_large,12
field_unet,focal,1.1,64,True,43,43,3.8554512664340637,3.743226924076983,1.029980640937165,0,C_hard_rooms_large,12
field_onlstm,astar,,56,True,38,38,4.570076525254078,3.743226924076983,1.2208921922041855,0,C_hard_rooms_large,12
field_onlstm,focal,1.0,56,False,56,56,nan,3.743226924076983,nan,0,C_hard_rooms_large,12
field_onlstm,focal,1.1,56,True,48,48,3.8745956171902183,3.743226924076983,1.0350950385263187,0,C_hard_rooms_large,12
field_onlstm,astar,,64,True,38,38,4.570076525254078,3.743226924076983,1.2208921922041855,0,C_hard_rooms_large,12
field_onlstm,focal,1.0,64,True,59,59,3.743226924076983,3.743226924076983,1.0,0,C_hard_rooms_large,12
field_onlstm,focal,1.1,64,True,48,48,3.8745956171902183,3.743226924076983,1.0350950385263187,0,C_hard_rooms_large,12
field_hrm,astar,,56,True,47,47,3.8399163948860355,3.743226924076983,1.025830512755487,0,C_hard_rooms_large,12
field_hrm,focal,1.0,56,False,56,56,nan,3.743226924076983,nan,0,C_hard_rooms_large,12
field_hrm,focal,1.1,56,True,42,42,3.8554512664340637,3.743226924076983,1.029980640937165,0,C_hard_rooms_large,12
field_hrm,astar,,64,True,47,47,3.8399163948860355,3.743226924076983,1.025830512755487,0,C_hard_rooms_large,12
field_hrm,focal,1.0,64,True,59,59,3.743226924076983,3.743226924076983,1.0,0,C_hard_rooms_large,12
field_hrm,focal,1.1,64,True,42,42,3.8554512664340637,3.743226924076983,1.029980640937165,0,C_hard_rooms_large,12
euclid,astar,,56,True,36,36,3.3535994767900426,3.353599476790043,0.9999999999999999,0,C_hard_rooms_large,13
euclid,focal,1.0,56,True,36,36,3.3535994767900426,3.353599476790043,0.9999999999999999,0,C_hard_rooms_large,13
euclid,focal,1.1,56,True,35,35,3.5040732092636486,3.353599476790043,1.0448693213113316,0,C_hard_rooms_large,13
euclid,astar,,64,True,36,36,3.3535994767900426,3.353599476790043,0.9999999999999999,0,C_hard_rooms_large,13
euclid,focal,1.0,64,True,36,36,3.3535994767900426,3.353599476790043,0.9999999999999999,0,C_hard_rooms_large,13
euclid,focal,1.1,64,True,35,35,3.5040732092636486,3.353599476790043,1.0448693213113316,0,C_hard_rooms_large,13
oracle,astar,,56,True,11,11,3.3535994767900426,3.353599476790043,0.9999999999999999,0,C_hard_rooms_large,13
oracle,focal,1.0,56,True,36,36,3.3535994767900426,3.353599476790043,0.9999999999999999,0,C_hard_rooms_large,13
oracle,focal,1.1,56,True,31,31,3.3535994767900426,3.353599476790043,0.9999999999999999,0,C_hard_rooms_large,13
oracle,astar,,64,True,11,11,3.3535994767900426,3.353599476790043,0.9999999999999999,0,C_hard_rooms_large,13
oracle,focal,1.0,64,True,36,36,3.3535994767900426,3.353599476790043,0.9999999999999999,0,C_hard_rooms_large,13
oracle,focal,1.1,64,True,31,31,3.3535994767900426,3.353599476790043,0.9999999999999999,0,C_hard_rooms_large,13
scalar_hrm,astar,,56,True,31,31,3.48972689965085,3.353599476790043,1.040591437290867,0,C_hard_rooms_large,13
scalar_hrm,focal,1.0,56,True,36,36,3.3535994767900426,3.353599476790043,0.9999999999999999,0,C_hard_rooms_large,13
scalar_hrm,focal,1.1,56,True,37,37,3.48972689965085,3.353599476790043,1.040591437290867,0,C_hard_rooms_large,13
scalar_hrm,astar,,64,True,31,31,3.48972689965085,3.353599476790043,1.040591437290867,0,C_hard_rooms_large,13
scalar_hrm,focal,1.0,64,True,36,36,3.3535994767900426,3.353599476790043,0.9999999999999999,0,C_hard_rooms_large,13
scalar_hrm,focal,1.1,64,True,37,37,3.48972689965085,3.353599476790043,1.040591437290867,0,C_hard_rooms_large,13
scalar_onlstm,astar,,56,True,25,25,3.48972689965085,3.353599476790043,1.040591437290867,0,C_hard_rooms_large,13
scalar_onlstm,focal,1.0,56,True,36,36,3.3535994767900426,3.353599476790043,0.9999999999999999,0,C_hard_rooms_large,13
scalar_onlstm,focal,1.1,56,True,36,36,3.48972689965085,3.353599476790043,1.040591437290867,0,C_hard_rooms_large,13
scalar_onlstm,astar,,64,True,25,25,3.48972689965085,3.353599476790043,1.040591437290867,0,C_hard_rooms_large,13
scalar_onlstm,focal,1.0,64,True,36,36,3.3535994767900426,3.353599476790043,0.9999999999999999,0,C_hard_rooms_large,13
scalar_onlstm,focal,1.1,64,True,36,36,3.48972689965085,3.353599476790043,1.040591437290867,0,C_hard_rooms_large,13
field_unet,astar,,56,True,40,40,3.5737747047039257,3.353599476790043,1.0656534059710157,0,C_hard_rooms_large,13
field_unet,focal,1.0,56,True,36,36,3.3535994767900426,3.353599476790043,0.9999999999999999,0,C_hard_rooms_large,13
field_unet,focal,1.1,56,True,42,42,3.5040732092636486,3.353599476790043,1.0448693213113316,0,C_hard_rooms_large,13
field_unet,astar,,64,True,40,40,3.5737747047039257,3.353599476790043,1.0656534059710157,0,C_hard_rooms_large,13
field_unet,focal,1.0,64,True,36,36,3.3535994767900426,3.353599476790043,0.9999999999999999,0,C_hard_rooms_large,13
field_unet,focal,1.1,64,True,42,42,3.5040732092636486,3.353599476790043,1.0448693213113316,0,C_hard_rooms_large,13
field_onlstm,astar,,56,True,25,25,3.6156068619298907,3.353599476790043,1.0781272143418368,0,C_hard_rooms_large,13
field_onlstm,focal,1.0,56,True,36,36,3.3535994767900426,3.353599476790043,0.9999999999999999,0,C_hard_rooms_large,13
field_onlstm,focal,1.1,56,True,34,34,3.5040732092636486,3.353599476790043,1.0448693213113316,0,C_hard_rooms_large,13
field_onlstm,astar,,64,True,25,25,3.6156068619298907,3.353599476790043,1.0781272143418368,0,C_hard_rooms_large,13
field_onlstm,focal,1.0,64,True,36,36,3.3535994767900426,3.353599476790043,0.9999999999999999,0,C_hard_rooms_large,13
field_onlstm,focal,1.1,64,True,34,34,3.5040732092636486,3.353599476790043,1.0448693213113316,0,C_hard_rooms_large,13
field_hrm,astar,,56,True,44,44,3.3535994767900426,3.353599476790043,0.9999999999999999,0,C_hard_rooms_large,13
field_hrm,focal,1.0,56,True,36,36,3.3535994767900426,3.353599476790043,0.9999999999999999,0,C_hard_rooms_large,13
field_hrm,focal,1.1,56,True,34,34,3.4310996503626336,3.353599476790043,1.0231095496373261,0,C_hard_rooms_large,13
field_hrm,astar,,64,True,44,44,3.3535994767900426,3.353599476790043,0.9999999999999999,0,C_hard_rooms_large,13
field_hrm,focal,1.0,64,True,36,36,3.3535994767900426,3.353599476790043,0.9999999999999999,0,C_hard_rooms_large,13
field_hrm,focal,1.1,64,True,34,34,3.4310996503626336,3.353599476790043,1.0231095496373261,0,C_hard_rooms_large,13
euclid,astar,,56,False,56,56,nan,4.136430507565831,nan,0,C_hard_rooms_large,14
euclid,focal,1.0,56,False,56,56,nan,4.136430507565831,nan,0,C_hard_rooms_large,14
euclid,focal,1.1,56,False,56,56,nan,4.136430507565831,nan,0,C_hard_rooms_large,14
euclid,astar,,64,False,64,64,nan,4.136430507565831,nan,0,C_hard_rooms_large,14
euclid,focal,1.0,64,False,64,64,nan,4.136430507565831,nan,0,C_hard_rooms_large,14
euclid,focal,1.1,64,False,64,64,nan,4.136430507565831,nan,0,C_hard_rooms_large,14
oracle,astar,,56,True,15,15,4.136430507565831,4.136430507565831,1.0,0,C_hard_rooms_large,14
oracle,focal,1.0,56,False,56,56,nan,4.136430507565831,nan,0,C_hard_rooms_large,14
oracle,focal,1.1,56,False,56,56,nan,4.136430507565831,nan,0,C_hard_rooms_large,14
oracle,astar,,64,True,15,15,4.136430507565831,4.136430507565831,1.0,0,C_hard_rooms_large,14
oracle,focal,1.0,64,False,64,64,nan,4.136430507565831,nan,0,C_hard_rooms_large,14
oracle,focal,1.1,64,False,64,64,nan,4.136430507565831,nan,0,C_hard_rooms_large,14
scalar_hrm,astar,,56,True,49,49,4.462884743692766,4.136430507565831,1.078921726239526,0,C_hard_rooms_large,14
scalar_hrm,focal,1.0,56,False,56,56,nan,4.136430507565831,nan,0,C_hard_rooms_large,14
scalar_hrm,focal,1.1,56,False,56,56,nan,4.136430507565831,nan,0,C_hard_rooms_large,14
scalar_hrm,astar,,64,True,49,49,4.462884743692766,4.136430507565831,1.078921726239526,0,C_hard_rooms_large,14
scalar_hrm,focal,1.0,64,False,64,64,nan,4.136430507565831,nan,0,C_hard_rooms_large,14
scalar_hrm,focal,1.1,64,False,64,64,nan,4.136430507565831,nan,0,C_hard_rooms_large,14
scalar_onlstm,astar,,56,True,35,35,4.262642505590864,4.136430507565831,1.0305122974492578,0,C_hard_rooms_large,14
scalar_onlstm,focal,1.0,56,False,56,56,nan,4.136430507565831,nan,0,C_hard_rooms_large,14
scalar_onlstm,focal,1.1,56,False,56,56,nan,4.136430507565831,nan,0,C_hard_rooms_large,14
scalar_onlstm,astar,,64,True,35,35,4.262642505590864,4.136430507565831,1.0305122974492578,0,C_hard_rooms_large,14
scalar_onlstm,focal,1.0,64,False,64,64,nan,4.136430507565831,nan,0,C_hard_rooms_large,14
scalar_onlstm,focal,1.1,64,False,64,64,nan,4.136430507565831,nan,0,C_hard_rooms_large,14
field_unet,astar,,56,False,56,56,nan,4.136430507565831,nan,0,C_hard_rooms_large,14
field_unet,focal,1.0,56,False,56,56,nan,4.136430507565831,nan,0,C_hard_rooms_large,14
field_unet,focal,1.1,56,False,56,56,nan,4.136430507565831,nan,0,C_hard_rooms_large,14
field_unet,astar,,64,False,64,64,nan,4.136430507565831,nan,0,C_hard_rooms_large,14
field_unet,focal,1.0,64,False,64,64,nan,4.136430507565831,nan,0,C_hard_rooms_large,14
field_unet,focal,1.1,64,True,62,62,4.139158645588992,4.136430507565831,1.0006595391892046,0,C_hard_rooms_large,14
field_onlstm,astar,,56,True,48,48,4.167288539659033,4.136430507565831,1.0074600629786383,0,C_hard_rooms_large,14
field_onlstm,focal,1.0,56,False,56,56,nan,4.136430507565831,nan,0,C_hard_rooms_large,14
field_onlstm,focal,1.1,56,False,56,56,nan,4.136430507565831,nan,0,C_hard_rooms_large,14
field_onlstm,astar,,64,True,48,48,4.167288539659033,4.136430507565831,1.0074600629786383,0,C_hard_rooms_large,14
field_onlstm,focal,1.0,64,False,64,64,nan,4.136430507565831,nan,0,C_hard_rooms_large,14
field_onlstm,focal,1.1,64,False,64,64,nan,4.136430507565831,nan,0,C_hard_rooms_large,14
field_hrm,astar,,56,False,56,56,nan,4.136430507565831,nan,0,C_hard_rooms_large,14
field_hrm,focal,1.0,56,False,56,56,nan,4.136430507565831,nan,0,C_hard_rooms_large,14
field_hrm,focal,1.1,56,False,56,56,nan,4.136430507565831,nan,0,C_hard_rooms_large,14
field_hrm,astar,,64,False,64,64,nan,4.136430507565831,nan,0,C_hard_rooms_large,14
field_hrm,focal,1.0,64,False,64,64,nan,4.136430507565831,nan,0,C_hard_rooms_large,14
field_hrm,focal,1.1,64,True,60,60,4.14644756436581,4.136430507565831,1.0024216668892798,0,C_hard_rooms_large,14
euclid,astar,,56,True,40,40,3.4395751066325904,3.43957510663259,1.0000000000000002,0,C_hard_rooms_large,15
euclid,focal,1.0,56,True,40,40,3.4395751066325904,3.43957510663259,1.0000000000000002,0,C_hard_rooms_large,15
euclid,focal,1.1,56,True,13,13,3.6055256113488356,3.43957510663259,1.0482473850901644,0,C_hard_rooms_large,15
euclid,astar,,64,True,40,40,3.4395751066325904,3.43957510663259,1.0000000000000002,0,C_hard_rooms_large,15
euclid,focal,1.0,64,True,40,40,3.4395751066325904,3.43957510663259,1.0000000000000002,0,C_hard_rooms_large,15
euclid,focal,1.1,64,True,13,13,3.6055256113488356,3.43957510663259,1.0482473850901644,0,C_hard_rooms_large,15
oracle,astar,,56,True,14,14,3.4395751066325904,3.43957510663259,1.0000000000000002,0,C_hard_rooms_large,15
oracle,focal,1.0,56,True,40,40,3.4395751066325904,3.43957510663259,1.0000000000000002,0,C_hard_rooms_large,15
oracle,focal,1.1,56,True,12,12,3.535363436532143,3.43957510663259,1.0278488845075204,0,C_hard_rooms_large,15
oracle,astar,,64,True,14,14,3.4395751066325904,3.43957510663259,1.0000000000000002,0,C_hard_rooms_large,15
oracle,focal,1.0,64,True,40,40,3.4395751066325904,3.43957510663259,1.0000000000000002,0,C_hard_rooms_large,15
oracle,focal,1.1,64,True,12,12,3.535363436532143,3.43957510663259,1.0278488845075204,0,C_hard_rooms_large,15
scalar_hrm,astar,,56,True,14,14,3.5315654703538435,3.43957510663259,1.0267446881865923,0,C_hard_rooms_large,15
scalar_hrm,focal,1.0,56,True,40,40,3.4395751066325904,3.43957510663259,1.0000000000000002,0,C_hard_rooms_large,15
scalar_hrm,focal,1.1,56,True,14,14,3.5862396294232495,3.43957510663259,1.042640302433822,0,C_hard_rooms_large,15
scalar_hrm,astar,,64,True,14,14,3.5315654703538435,3.43957510663259,1.0267446881865923,0,C_hard_rooms_large,15
scalar_hrm,focal,1.0,64,True,40,40,3.4395751066325904,3.43957510663259,1.0000000000000002,0,C_hard_rooms_large,15
scalar_hrm,focal,1.1,64,True,14,14,3.5862396294232495,3.43957510663259,1.042640302433822,0,C_hard_rooms_large,15
scalar_onlstm,astar,,56,True,15,15,3.5315654703538435,3.43957510663259,1.0267446881865923,0,C_hard_rooms_large,15
scalar_onlstm,focal,1.0,56,True,40,40,3.4395751066325904,3.43957510663259,1.0000000000000002,0,C_hard_rooms_large,15
scalar_onlstm,focal,1.1,56,True,14,14,3.5862396294232495,3.43957510663259,1.042640302433822,0,C_hard_rooms_large,15
scalar_onlstm,astar,,64,True,15,15,3.5315654703538435,3.43957510663259,1.0267446881865923,0,C_hard_rooms_large,15
scalar_onlstm,focal,1.0,64,True,40,40,3.4395751066325904,3.43957510663259,1.0000000000000002,0,C_hard_rooms_large,15
scalar_onlstm,focal,1.1,64,True,14,14,3.5862396294232495,3.43957510663259,1.042640302433822,0,C_hard_rooms_large,15
field_unet,astar,,56,True,16,16,3.5078108054731603,3.43957510663259,1.0198384093166015,0,C_hard_rooms_large,15
field_unet,focal,1.0,56,True,40,40,3.4395751066325904,3.43957510663259,1.0000000000000002,0,C_hard_rooms_large,15
field_unet,focal,1.1,56,True,12,12,3.6055256113488356,3.43957510663259,1.0482473850901644,0,C_hard_rooms_large,15
field_unet,astar,,64,True,16,16,3.5078108054731603,3.43957510663259,1.0198384093166015,0,C_hard_rooms_large,15
field_unet,focal,1.0,64,True,40,40,3.4395751066325904,3.43957510663259,1.0000000000000002,0,C_hard_rooms_large,15
field_unet,focal,1.1,64,True,12,12,3.6055256113488356,3.43957510663259,1.0482473850901644,0,C_hard_rooms_large,15
field_onlstm,astar,,56,True,29,29,4.0945343445393805,3.43957510663259,1.190418646955498,0,C_hard_rooms_large,15
field_onlstm,focal,1.0,56,True,40,40,3.4395751066325904,3.43957510663259,1.0000000000000002,0,C_hard_rooms_large,15
field_onlstm,focal,1.1,56,True,35,35,3.6409185919817775,3.43957510663259,1.0585373132166627,0,C_hard_rooms_large,15
field_onlstm,astar,,64,True,29,29,4.0945343445393805,3.43957510663259,1.190418646955498,0,C_hard_rooms_large,15
field_onlstm,focal,1.0,64,True,40,40,3.4395751066325904,3.43957510663259,1.0000000000000002,0,C_hard_rooms_large,15
field_onlstm,focal,1.1,64,True,35,35,3.6409185919817775,3.43957510663259,1.0585373132166627,0,C_hard_rooms_large,15
field_hrm,astar,,56,True,33,33,4.0263548493636625,3.43957510663259,1.1705965779318426,0,C_hard_rooms_large,15
field_hrm,focal,1.0,56,True,40,40,3.4395751066325904,3.43957510663259,1.0000000000000002,0,C_hard_rooms_large,15
field_hrm,focal,1.1,56,True,36,36,3.6393043077539744,3.43957510663259,1.0580679865766685,0,C_hard_rooms_large,15
field_hrm,astar,,64,True,33,33,4.0263548493636625,3.43957510663259,1.1705965779318426,0,C_hard_rooms_large,15
field_hrm,focal,1.0,64,True,40,40,3.4395751066325904,3.43957510663259,1.0000000000000002,0,C_hard_rooms_large,15
field_hrm,focal,1.1,64,True,36,36,3.6393043077539744,3.43957510663259,1.0580679865766685,0,C_hard_rooms_large,15
euclid,astar,,56,False,56,56,nan,3.4072897237129167,nan,0,C_hard_rooms_large,16
euclid,focal,1.0,56,False,56,56,nan,3.4072897237129167,nan,0,C_hard_rooms_large,16
euclid,focal,1.1,56,True,56,56,3.6931702019592025,3.4072897237129167,1.0839026033673362,0,C_hard_rooms_large,16
euclid,astar,,64,True,63,63,3.407289723712917,3.4072897237129167,1.0000000000000002,0,C_hard_rooms_large,16
euclid,focal,1.0,64,True,63,63,3.407289723712917,3.4072897237129167,1.0000000000000002,0,C_hard_rooms_large,16
euclid,focal,1.1,64,True,56,56,3.6931702019592025,3.4072897237129167,1.0839026033673362,0,C_hard_rooms_large,16
oracle,astar,,56,True,12,12,3.407289723712917,3.4072897237129167,1.0000000000000002,0,C_hard_rooms_large,16
oracle,focal,1.0,56,False,56,56,nan,3.4072897237129167,nan,0,C_hard_rooms_large,16
oracle,focal,1.1,56,True,54,54,3.549234815140207,3.4072897237129167,1.041659237381379,0,C_hard_rooms_large,16
oracle,astar,,64,True,12,12,3.407289723712917,3.4072897237129167,1.0000000000000002,0,C_hard_rooms_large,16
oracle,focal,1.0,64,True,63,63,3.407289723712917,3.4072897237129167,1.0000000000000002,0,C_hard_rooms_large,16
oracle,focal,1.1,64,True,54,54,3.549234815140207,3.4072897237129167,1.041659237381379,0,C_hard_rooms_large,16
scalar_hrm,astar,,56,True,18,18,3.878874071619326,3.4072897237129167,1.138404534438159,0,C_hard_rooms_large,16
scalar_hrm,focal,1.0,56,False,56,56,nan,3.4072897237129167,nan,0,C_hard_rooms_large,16
scalar_hrm,focal,1.1,56,False,56,56,nan,3.4072897237129167,nan,0,C_hard_rooms_large,16
scalar_hrm,astar,,64,True,18,18,3.878874071619326,3.4072897237129167,1.138404534438159,0,C_hard_rooms_large,16
scalar_hrm,focal,1.0,64,True,63,63,3.407289723712917,3.4072897237129167,1.0000000000000002,0,C_hard_rooms_large,16
scalar_hrm,focal,1.1,64,True,60,60,3.478986079965182,3.4072897237129167,1.0210420486855862,0,C_hard_rooms_large,16
scalar_onlstm,astar,,56,True,19,19,3.478986079965182,3.4072897237129167,1.0210420486855862,0,C_hard_rooms_large,16
scalar_onlstm,focal,1.0,56,False,56,56,nan,3.4072897237129167,nan,0,C_hard_rooms_large,16
scalar_onlstm,focal,1.1,56,False,56,56,nan,3.4072897237129167,nan,0,C_hard_rooms_large,16
scalar_onlstm,astar,,64,True,19,19,3.478986079965182,3.4072897237129167,1.0210420486855862,0,C_hard_rooms_large,16
scalar_onlstm,focal,1.0,64,True,63,63,3.407289723712917,3.4072897237129167,1.0000000000000002,0,C_hard_rooms_large,16
scalar_onlstm,focal,1.1,64,True,60,60,3.5525665059118214,3.4072897237129167,1.0426370499660935,0,C_hard_rooms_large,16
field_unet,astar,,56,True,37,37,3.407289723712917,3.4072897237129167,1.0000000000000002,0,C_hard_rooms_large,16
field_unet,focal,1.0,56,False,56,56,nan,3.4072897237129167,nan,0,C_hard_rooms_large,16
field_unet,focal,1.1,56,False,56,56,nan,3.4072897237129167,nan,0,C_hard_rooms_large,16
field_unet,astar,,64,True,37,37,3.407289723712917,3.4072897237129167,1.0000000000000002,0,C_hard_rooms_large,16
field_unet,focal,1.0,64,True,63,63,3.407289723712917,3.4072897237129167,1.0000000000000002,0,C_hard_rooms_large,16
field_unet,focal,1.1,64,True,64,64,3.56145137521369,3.4072897237129167,1.0452446560173296,0,C_hard_rooms_large,16
field_onlstm,astar,,56,True,28,28,3.4862848083201445,3.4072897237129167,1.0231841407724926,0,C_hard_rooms_large,16
field_onlstm,focal,1.0,56,False,56,56,nan,3.4072897237129167,nan,0,C_hard_rooms_large,16
field_onlstm,focal,1.1,56,True,45,45,3.4966172986992525,3.4072897237129167,1.0262166068135221,0,C_hard_rooms_large,16
field_onlstm,astar,,64,True,28,28,3.4862848083201445,3.4072897237129167,1.0231841407724926,0,C_hard_rooms_large,16
field_onlstm,focal,1.0,64,True,63,63,3.407289723712917,3.4072897237129167,1.0000000000000002,0,C_hard_rooms_large,16
field_onlstm,focal,1.1,64,True,45,45,3.4966172986992525,3.4072897237129167,1.0262166068135221,0,C_hard_rooms_large,16
field_hrm,astar,,56,True,56,56,3.9167983122035297,3.4072897237129167,1.149534859024375,0,C_hard_rooms_large,16
field_hrm,focal,1.0,56,False,56,56,nan,3.4072897237129167,nan,0,C_hard_rooms_large,16
field_hrm,focal,1.1,56,True,56,56,3.7289915561534763,3.4072897237129167,1.0944157551973601,0,C_hard_rooms_large,16
field_hrm,astar,,64,True,56,56,3.9167983122035297,3.4072897237129167,1.149534859024375,0,C_hard_rooms_large,16
field_hrm,focal,1.0,64,True,63,63,3.407289723712917,3.4072897237129167,1.0000000000000002,0,C_hard_rooms_large,16
field_hrm,focal,1.1,64,True,56,56,3.7289915561534763,3.4072897237129167,1.0944157551973601,0,C_hard_rooms_large,16
euclid,astar,,56,True,42,42,2.9927794062131348,2.9927794062131348,1.0,0,C_hard_rooms_large,17
euclid,focal,1.0,56,True,42,42,2.9927794062131348,2.9927794062131348,1.0,0,C_hard_rooms_large,17
euclid,focal,1.1,56,True,40,40,2.996860993105636,2.9927794062131348,1.0013638114737182,0,C_hard_rooms_large,17
euclid,astar,,64,True,42,42,2.9927794062131348,2.9927794062131348,1.0,0,C_hard_rooms_large,17
euclid,focal,1.0,64,True,42,42,2.9927794062131348,2.9927794062131348,1.0,0,C_hard_rooms_large,17
euclid,focal,1.1,64,True,40,40,2.996860993105636,2.9927794062131348,1.0013638114737182,0,C_hard_rooms_large,17
oracle,astar,,56,True,11,11,2.9927794062131348,2.9927794062131348,1.0,0,C_hard_rooms_large,17
oracle,focal,1.0,56,True,42,42,2.9927794062131348,2.9927794062131348,1.0,0,C_hard_rooms_large,17
oracle,focal,1.1,56,True,35,35,2.9927794062131348,2.9927794062131348,1.0,0,C_hard_rooms_large,17
oracle,astar,,64,True,11,11,2.9927794062131348,2.9927794062131348,1.0,0,C_hard_rooms_large,17
oracle,focal,1.0,64,True,42,42,2.9927794062131348,2.9927794062131348,1.0,0,C_hard_rooms_large,17
oracle,focal,1.1,64,True,35,35,2.9927794062131348,2.9927794062131348,1.0,0,C_hard_rooms_large,17
scalar_hrm,astar,,56,True,34,34,3.031562399293266,2.9927794062131348,1.0129588545683041,0,C_hard_rooms_large,17
scalar_hrm,focal,1.0,56,True,42,42,2.9927794062131348,2.9927794062131348,1.0,0,C_hard_rooms_large,17
scalar_hrm,focal,1.1,56,True,42,42,3.031562399293266,2.9927794062131348,1.0129588545683041,0,C_hard_rooms_large,17
scalar_hrm,astar,,64,True,34,34,3.031562399293266,2.9927794062131348,1.0129588545683041,0,C_hard_rooms_large,17
scalar_hrm,focal,1.0,64,True,42,42,2.9927794062131348,2.9927794062131348,1.0,0,C_hard_rooms_large,17
scalar_hrm,focal,1.1,64,True,42,42,3.031562399293266,2.9927794062131348,1.0129588545683041,0,C_hard_rooms_large,17
scalar_onlstm,astar,,56,True,38,38,3.031562399293266,2.9927794062131348,1.0129588545683041,0,C_hard_rooms_large,17
scalar_onlstm,focal,1.0,56,True,42,42,2.9927794062131348,2.9927794062131348,1.0,0,C_hard_rooms_large,17
scalar_onlstm,focal,1.1,56,True,40,40,3.031562399293266,2.9927794062131348,1.0129588545683041,0,C_hard_rooms_large,17
scalar_onlstm,astar,,64,True,38,38,3.031562399293266,2.9927794062131348,1.0129588545683041,0,C_hard_rooms_large,17
scalar_onlstm,focal,1.0,64,True,42,42,2.9927794062131348,2.9927794062131348,1.0,0,C_hard_rooms_large,17
scalar_onlstm,focal,1.1,64,True,40,40,3.031562399293266,2.9927794062131348,1.0129588545683041,0,C_hard_rooms_large,17
field_unet,astar,,56,True,51,51,2.9927794062131348,2.9927794062131348,1.0,0,C_hard_rooms_large,17
field_unet,focal,1.0,56,True,42,42,2.9927794062131348,2.9927794062131348,1.0,0,C_hard_rooms_large,17
field_unet,focal,1.1,56,True,42,42,3.031562399293266,2.9927794062131348,1.0129588545683041,0,C_hard_rooms_large,17
field_unet,astar,,64,True,51,51,2.9927794062131348,2.9927794062131348,1.0,0,C_hard_rooms_large,17
field_unet,focal,1.0,64,True,42,42,2.9927794062131348,2.9927794062131348,1.0,0,C_hard_rooms_large,17
field_unet,focal,1.1,64,True,42,42,3.031562399293266,2.9927794062131348,1.0129588545683041,0,C_hard_rooms_large,17
field_onlstm,astar,,56,True,38,38,3.422098137034543,2.9927794062131348,1.143451511972491,0,C_hard_rooms_large,17
field_onlstm,focal,1.0,56,True,42,42,2.9927794062131348,2.9927794062131348,1.0,0,C_hard_rooms_large,17
field_onlstm,focal,1.1,56,True,37,37,2.996860993105636,2.9927794062131348,1.0013638114737182,0,C_hard_rooms_large,17
field_onlstm,astar,,64,True,38,38,3.422098137034543,2.9927794062131348,1.143451511972491,0,C_hard_rooms_large,17
field_onlstm,focal,1.0,64,True,42,42,2.9927794062131348,2.9927794062131348,1.0,0,C_hard_rooms_large,17
field_onlstm,focal,1.1,64,True,37,37,2.996860993105636,2.9927794062131348,1.0013638114737182,0,C_hard_rooms_large,17
field_hrm,astar,,56,True,52,52,2.9927794062131348,2.9927794062131348,1.0,0,C_hard_rooms_large,17
field_hrm,focal,1.0,56,True,42,42,2.9927794062131348,2.9927794062131348,1.0,0,C_hard_rooms_large,17
field_hrm,focal,1.1,56,True,38,38,3.0106757815691227,2.9927794062131348,1.0059798511440017,0,C_hard_rooms_large,17
field_hrm,astar,,64,True,52,52,2.9927794062131348,2.9927794062131348,1.0,0,C_hard_rooms_large,17
field_hrm,focal,1.0,64,True,42,42,2.9927794062131348,2.9927794062131348,1.0,0,C_hard_rooms_large,17
field_hrm,focal,1.1,64,True,38,38,3.0106757815691227,2.9927794062131348,1.0059798511440017,0,C_hard_rooms_large,17
euclid,astar,,56,False,56,56,nan,3.6306261177570223,nan,0,C_hard_rooms_large,18
euclid,focal,1.0,56,False,56,56,nan,3.6306261177570223,nan,0,C_hard_rooms_large,18
euclid,focal,1.1,56,False,56,56,nan,3.6306261177570223,nan,0,C_hard_rooms_large,18
euclid,astar,,64,True,63,63,3.6306261177570227,3.6306261177570223,1.0000000000000002,0,C_hard_rooms_large,18
euclid,focal,1.0,64,True,63,63,3.6306261177570227,3.6306261177570223,1.0000000000000002,0,C_hard_rooms_large,18
euclid,focal,1.1,64,True,57,57,3.66894267348215,3.6306261177570223,1.0105537046455226,0,C_hard_rooms_large,18
oracle,astar,,56,True,15,15,3.6306261177570227,3.6306261177570223,1.0000000000000002,0,C_hard_rooms_large,18
oracle,focal,1.0,56,False,56,56,nan,3.6306261177570223,nan,0,C_hard_rooms_large,18
oracle,focal,1.1,56,True,56,56,3.7267153485821303,3.6306261177570223,1.0264662974673007,0,C_hard_rooms_large,18
oracle,astar,,64,True,15,15,3.6306261177570227,3.6306261177570223,1.0000000000000002,0,C_hard_rooms_large,18
oracle,focal,1.0,64,True,63,63,3.6306261177570227,3.6306261177570223,1.0000000000000002,0,C_hard_rooms_large,18
oracle,focal,1.1,64,True,56,56,3.7267153485821303,3.6306261177570223,1.0264662974673007,0,C_hard_rooms_large,18
scalar_hrm,astar,,56,False,56,56,nan,3.6306261177570223,nan,0,C_hard_rooms_large,18
scalar_hrm,focal,1.0,56,False,56,56,nan,3.6306261177570223,nan,0,C_hard_rooms_large,18
scalar_hrm,focal,1.1,56,False,56,56,nan,3.6306261177570223,nan,0,C_hard_rooms_large,18
scalar_hrm,astar,,64,True,57,57,3.9410294235290886,3.6306261177570223,1.0854958058759936,0,C_hard_rooms_large,18
scalar_hrm,focal,1.0,64,True,63,63,3.6306261177570227,3.6306261177570223,1.0000000000000002,0,C_hard_rooms_large,18
scalar_hrm,focal,1.1,64,True,58,58,3.66894267348215,3.6306261177570223,1.0105537046455226,0,C_hard_rooms_large,18
scalar_onlstm,astar,,56,True,51,51,4.8110913558642965,3.6306261177570223,1.3251409536040462,0,C_hard_rooms_large,18
scalar_onlstm,focal,1.0,56,False,56,56,nan,3.6306261177570223,nan,0,C_hard_rooms_large,18
scalar_onlstm,focal,1.1,56,False,56,56,nan,3.6306261177570223,nan,0,C_hard_rooms_large,18
scalar_onlstm,astar,,64,True,51,51,4.8110913558642965,3.6306261177570223,1.3251409536040462,0,C_hard_rooms_large,18
scalar_onlstm,focal,1.0,64,True,63,63,3.6306261177570227,3.6306261177570223,1.0000000000000002,0,C_hard_rooms_large,18
scalar_onlstm,focal,1.1,64,True,59,59,3.688398792857003,3.6306261177570223,1.0159125928217783,0,C_hard_rooms_large,18
field_unet,astar,,56,False,56,56,nan,3.6306261177570223,nan,0,C_hard_rooms_large,18
field_unet,focal,1.0,56,False,56,56,nan,3.6306261177570223,nan,0,C_hard_rooms_large,18
field_unet,focal,1.1,56,False,56,56,nan,3.6306261177570223,nan,0,C_hard_rooms_large,18
field_unet,astar,,64,True,57,57,3.697829357791228,3.6306261177570223,1.0185100965658571,0,C_hard_rooms_large,18
field_unet,focal,1.0,64,True,63,63,3.6306261177570227,3.6306261177570223,1.0000000000000002,0,C_hard_rooms_large,18
field_unet,focal,1.1,64,True,59,59,3.66894267348215,3.6306261177570223,1.0105537046455226,0,C_hard_rooms_large,18
field_onlstm,astar,,56,True,44,44,3.756256063844558,3.6306261177570223,1.0346028321322023,0,C_hard_rooms_large,18
field_onlstm,focal,1.0,56,False,56,56,nan,3.6306261177570223,nan,0,C_hard_rooms_large,18
field_onlstm,focal,1.1,56,False,56,56,nan,3.6306261177570223,nan,0,C_hard_rooms_large,18
field_onlstm,astar,,64,True,44,44,3.756256063844558,3.6306261177570223,1.0346028321322023,0,C_hard_rooms_large,18
field_onlstm,focal,1.0,64,True,63,63,3.6306261177570227,3.6306261177570223,1.0000000000000002,0,C_hard_rooms_large,18
field_onlstm,focal,1.1,64,True,58,58,3.688398792857003,3.6306261177570223,1.0159125928217783,0,C_hard_rooms_large,18
field_hrm,astar,,56,True,46,46,3.6306261177570227,3.6306261177570223,1.0000000000000002,0,C_hard_rooms_large,18
field_hrm,focal,1.0,56,False,56,56,nan,3.6306261177570223,nan,0,C_hard_rooms_large,18
field_hrm,focal,1.1,56,False,56,56,nan,3.6306261177570223,nan,0,C_hard_rooms_large,18
field_hrm,astar,,64,True,46,46,3.6306261177570227,3.6306261177570223,1.0000000000000002,0,C_hard_rooms_large,18
field_hrm,focal,1.0,64,True,63,63,3.6306261177570227,3.6306261177570223,1.0000000000000002,0,C_hard_rooms_large,18
field_hrm,focal,1.1,64,True,60,60,3.688398792857003,3.6306261177570223,1.0159125928217783,0,C_hard_rooms_large,18
euclid,astar,,56,False,56,56,nan,3.4698421169747373,nan,0,C_hard_rooms_large,19
euclid,focal,1.0,56,False,56,56,nan,3.4698421169747373,nan,0,C_hard_rooms_large,19
euclid,focal,1.1,56,True,47,47,3.489400654792832,3.4698421169747373,1.0056367226976735,0,C_hard_rooms_large,19
euclid,astar,,64,True,59,59,3.4698421169747373,3.4698421169747373,1.0,0,C_hard_rooms_large,19
euclid,focal,1.0,64,True,59,59,3.4698421169747373,3.4698421169747373,1.0,0,C_hard_rooms_large,19
euclid,focal,1.1,64,True,47,47,3.489400654792832,3.4698421169747373,1.0056367226976735,0,C_hard_rooms_large,19
oracle,astar,,56,True,11,11,3.4698421169747373,3.4698421169747373,1.0,0,C_hard_rooms_large,19
oracle,focal,1.0,56,False,56,56,nan,3.4698421169747373,nan,0,C_hard_rooms_large,19
oracle,focal,1.1,56,True,44,44,3.489400654792832,3.4698421169747373,1.0056367226976735,0,C_hard_rooms_large,19
oracle,astar,,64,True,11,11,3.4698421169747373,3.4698421169747373,1.0,0,C_hard_rooms_large,19
oracle,focal,1.0,64,True,59,59,3.4698421169747373,3.4698421169747373,1.0,0,C_hard_rooms_large,19
oracle,focal,1.1,64,True,44,44,3.489400654792832,3.4698421169747373,1.0056367226976735,0,C_hard_rooms_large,19
scalar_hrm,astar,,56,True,38,38,4.251292882516667,3.4698421169747373,1.2252121967506855,0,C_hard_rooms_large,19
scalar_hrm,focal,1.0,56,False,56,56,nan,3.4698421169747373,nan,0,C_hard_rooms_large,19
scalar_hrm,focal,1.1,56,True,47,47,3.4874561711767424,3.4698421169747373,1.0050763272818195,0,C_hard_rooms_large,19
scalar_hrm,astar,,64,True,38,38,4.251292882516667,3.4698421169747373,1.2252121967506855,0,C_hard_rooms_large,19
scalar_hrm,focal,1.0,64,True,59,59,3.4698421169747373,3.4698421169747373,1.0,0,C_hard_rooms_large,19
scalar_hrm,focal,1.1,64,True,47,47,3.4874561711767424,3.4698421169747373,1.0050763272818195,0,C_hard_rooms_large,19
scalar_onlstm,astar,,56,True,38,38,3.918633549465021,3.4698421169747373,1.1293405916928498,0,C_hard_rooms_large,19
scalar_onlstm,focal,1.0,56,False,56,56,nan,3.4698421169747373,nan,0,C_hard_rooms_large,19
scalar_onlstm,focal,1.1,56,True,44,44,3.489400654792832,3.4698421169747373,1.0056367226976735,0,C_hard_rooms_large,19
scalar_onlstm,astar,,64,True,38,38,3.918633549465021,3.4698421169747373,1.1293405916928498,0,C_hard_rooms_large,19
scalar_onlstm,focal,1.0,64,True,59,59,3.4698421169747373,3.4698421169747373,1.0,0,C_hard_rooms_large,19
scalar_onlstm,focal,1.1,64,True,44,44,3.489400654792832,3.4698421169747373,1.0056367226976735,0,C_hard_rooms_large,19
field_unet,astar,,56,True,46,46,3.8415343251968035,3.4698421169747373,1.107120784085166,0,C_hard_rooms_large,19
field_unet,focal,1.0,56,False,56,56,nan,3.4698421169747373,nan,0,C_hard_rooms_large,19
field_unet,focal,1.1,56,True,37,37,3.4874561711767424,3.4698421169747373,1.0050763272818195,0,C_hard_rooms_large,19
field_unet,astar,,64,True,46,46,3.8415343251968035,3.4698421169747373,1.107120784085166,0,C_hard_rooms_large,19
field_unet,focal,1.0,64,True,59,59,3.4698421169747373,3.4698421169747373,1.0,0,C_hard_rooms_large,19
field_unet,focal,1.1,64,True,37,37,3.4874561711767424,3.4698421169747373,1.0050763272818195,0,C_hard_rooms_large,19
field_onlstm,astar,,56,True,41,41,3.6817778626447906,3.4698421169747373,1.0610793628428357,0,C_hard_rooms_large,19
field_onlstm,focal,1.0,56,False,56,56,nan,3.4698421169747373,nan,0,C_hard_rooms_large,19
field_onlstm,focal,1.1,56,True,48,48,3.484730104148721,3.4698421169747373,1.00429068144085,0,C_hard_rooms_large,19
field_onlstm,astar,,64,True,41,41,3.6817778626447906,3.4698421169747373,1.0610793628428357,0,C_hard_rooms_large,19
field_onlstm,focal,1.0,64,True,59,59,3.4698421169747373,3.4698421169747373,1.0,0,C_hard_rooms_large,19
field_onlstm,focal,1.1,64,True,48,48,3.484730104148721,3.4698421169747373,1.00429068144085,0,C_hard_rooms_large,19
field_hrm,astar,,56,True,48,48,3.4717866005908267,3.4698421169747373,1.000560395415854,0,C_hard_rooms_large,19
field_hrm,focal,1.0,56,False,56,56,nan,3.4698421169747373,nan,0,C_hard_rooms_large,19
field_hrm,focal,1.1,56,True,44,44,3.489400654792832,3.4698421169747373,1.0056367226976735,0,C_hard_rooms_large,19
field_hrm,astar,,64,True,48,48,3.4717866005908267,3.4698421169747373,1.000560395415854,0,C_hard_rooms_large,19
field_hrm,focal,1.0,64,True,59,59,3.4698421169747373,3.4698421169747373,1.0,0,C_hard_rooms_large,19
field_hrm,focal,1.1,64,True,44,44,3.489400654792832,3.4698421169747373,1.0056367226976735,0,C_hard_rooms_large,19
euclid,astar,,56,False,56,56,nan,3.210095228241321,nan,0,C_hard_rooms_large,20
euclid,focal,1.0,56,False,56,56,nan,3.210095228241321,nan,0,C_hard_rooms_large,20
euclid,focal,1.1,56,True,54,54,3.2403979156007936,3.210095228241321,1.0094398094775756,0,C_hard_rooms_large,20
euclid,astar,,64,True,59,59,3.210095228241321,3.210095228241321,1.0,0,C_hard_rooms_large,20
euclid,focal,1.0,64,True,59,59,3.210095228241321,3.210095228241321,1.0,0,C_hard_rooms_large,20
euclid,focal,1.1,64,True,54,54,3.2403979156007936,3.210095228241321,1.0094398094775756,0,C_hard_rooms_large,20
oracle,astar,,56,True,13,13,3.210095228241321,3.210095228241321,1.0,0,C_hard_rooms_large,20
oracle,focal,1.0,56,False,56,56,nan,3.210095228241321,nan,0,C_hard_rooms_large,20
oracle,focal,1.1,56,False,56,56,nan,3.210095228241321,nan,0,C_hard_rooms_large,20
oracle,astar,,64,True,13,13,3.210095228241321,3.210095228241321,1.0,0,C_hard_rooms_large,20
oracle,focal,1.0,64,True,59,59,3.210095228241321,3.210095228241321,1.0,0,C_hard_rooms_large,20
oracle,focal,1.1,64,True,59,59,3.347161876617229,3.210095228241321,1.04269862375734,0,C_hard_rooms_large,20
scalar_hrm,astar,,56,True,24,24,3.976511469781131,3.210095228241321,1.2387518709093555,0,C_hard_rooms_large,20
scalar_hrm,focal,1.0,56,False,56,56,nan,3.210095228241321,nan,0,C_hard_rooms_large,20
scalar_hrm,focal,1.1,56,True,47,47,3.2268711639084513,3.210095228241321,1.0052259931479732,0,C_hard_rooms_large,20
scalar_hrm,astar,,64,True,24,24,3.976511469781131,3.210095228241321,1.2387518709093555,0,C_hard_rooms_large,20
scalar_hrm,focal,1.0,64,True,59,59,3.210095228241321,3.210095228241321,1.0,0,C_hard_rooms_large,20
scalar_hrm,focal,1.1,64,True,47,47,3.2268711639084513,3.210095228241321,1.0052259931479732,0,C_hard_rooms_large,20
scalar_onlstm,astar,,56,True,28,28,3.210095228241321,3.210095228241321,1.0,0,C_hard_rooms_large,20
scalar_onlstm,focal,1.0,56,False,56,56,nan,3.210095228241321,nan,0,C_hard_rooms_large,20
scalar_onlstm,focal,1.1,56,True,54,54,3.2403979156007936,3.210095228241321,1.0094398094775756,0,C_hard_rooms_large,20
scalar_onlstm,astar,,64,True,28,28,3.210095228241321,3.210095228241321,1.0,0,C_hard_rooms_large,20
scalar_onlstm,focal,1.0,64,True,59,59,3.210095228241321,3.210095228241321,1.0,0,C_hard_rooms_large,20
scalar_onlstm,focal,1.1,64,True,54,54,3.2403979156007936,3.210095228241321,1.0094398094775756,0,C_hard_rooms_large,20
field_unet,astar,,56,True,32,32,3.72223404625725,3.210095228241321,1.159540070185553,0,C_hard_rooms_large,20
field_unet,focal,1.0,56,False,56,56,nan,3.210095228241321,nan,0,C_hard_rooms_large,20
field_unet,focal,1.1,56,False,56,56,nan,3.210095228241321,nan,0,C_hard_rooms_large,20
field_unet,astar,,64,True,32,32,3.72223404625725,3.210095228241321,1.159540070185553,0,C_hard_rooms_large,20
field_unet,focal,1.0,64,True,59,59,3.210095228241321,3.210095228241321,1.0,0,C_hard_rooms_large,20
field_unet,focal,1.1,64,True,63,63,3.403480619277819,3.210095228241321,1.0602428829323067,0,C_hard_rooms_large,20
field_onlstm,astar,,56,True,29,29,4.21486684085629,3.210095228241321,1.313003677827166,0,C_hard_rooms_large,20
field_onlstm,focal,1.0,56,False,56,56,nan,3.210095228241321,nan,0,C_hard_rooms_large,20
field_onlstm,focal,1.1,56,True,55,55,3.2647059439456614,3.210095228241321,1.0170121793347107,0,C_hard_rooms_large,20
field_onlstm,astar,,64,True,29,29,4.21486684085629,3.210095228241321,1.313003677827166,0,C_hard_rooms_large,20
field_onlstm,focal,1.0,64,True,59,59,3.210095228241321,3.210095228241321,1.0,0,C_hard_rooms_large,20
field_onlstm,focal,1.1,64,True,55,55,3.2647059439456614,3.210095228241321,1.0170121793347107,0,C_hard_rooms_large,20
field_hrm,astar,,56,True,42,42,3.210095228241321,3.210095228241321,1.0,0,C_hard_rooms_large,20
field_hrm,focal,1.0,56,False,56,56,nan,3.210095228241321,nan,0,C_hard_rooms_large,20
field_hrm,focal,1.1,56,True,46,46,3.229662851826517,3.210095228241321,1.0060956520582465,0,C_hard_rooms_large,20
field_hrm,astar,,64,True,42,42,3.210095228241321,3.210095228241321,1.0,0,C_hard_rooms_large,20
field_hrm,focal,1.0,64,True,59,59,3.210095228241321,3.210095228241321,1.0,0,C_hard_rooms_large,20
field_hrm,focal,1.1,64,True,46,46,3.229662851826517,3.210095228241321,1.0060956520582465,0,C_hard_rooms_large,20
euclid,astar,,56,False,56,56,nan,3.799011370294542,nan,0,C_hard_rooms_large,21
euclid,focal,1.0,56,False,56,56,nan,3.799011370294542,nan,0,C_hard_rooms_large,21
euclid,focal,1.1,56,False,56,56,nan,3.799011370294542,nan,0,C_hard_rooms_large,21
euclid,astar,,64,False,64,64,nan,3.799011370294542,nan,0,C_hard_rooms_large,21
euclid,focal,1.0,64,False,64,64,nan,3.799011370294542,nan,0,C_hard_rooms_large,21
euclid,focal,1.1,64,True,63,63,3.8676727695912048,3.799011370294542,1.018073491391351,0,C_hard_rooms_large,21
oracle,astar,,56,True,14,14,3.799011370294541,3.799011370294542,0.9999999999999998,0,C_hard_rooms_large,21
oracle,focal,1.0,56,False,56,56,nan,3.799011370294542,nan,0,C_hard_rooms_large,21
oracle,focal,1.1,56,False,56,56,nan,3.799011370294542,nan,0,C_hard_rooms_large,21
oracle,astar,,64,True,14,14,3.799011370294541,3.799011370294542,0.9999999999999998,0,C_hard_rooms_large,21
oracle,focal,1.0,64,False,64,64,nan,3.799011370294542,nan,0,C_hard_rooms_large,21
oracle,focal,1.1,64,False,64,64,nan,3.799011370294542,nan,0,C_hard_rooms_large,21
scalar_hrm,astar,,56,True,41,41,3.902555739933984,3.799011370294542,1.0272556093011678,0,C_hard_rooms_large,21
scalar_hrm,focal,1.0,56,False,56,56,nan,3.799011370294542,nan,0,C_hard_rooms_large,21
scalar_hrm,focal,1.1,56,False,56,56,nan,3.799011370294542,nan,0,C_hard_rooms_large,21
scalar_hrm,astar,,64,True,41,41,3.902555739933984,3.799011370294542,1.0272556093011678,0,C_hard_rooms_large,21
scalar_hrm,focal,1.0,64,False,64,64,nan,3.799011370294542,nan,0,C_hard_rooms_large,21
scalar_hrm,focal,1.1,64,True,63,63,3.902555739933984,3.799011370294542,1.0272556093011678,0,C_hard_rooms_large,21
scalar_onlstm,astar,,56,True,39,39,3.9148665719242155,3.799011370294542,1.030496145006455,0,C_hard_rooms_large,21
scalar_onlstm,focal,1.0,56,False,56,56,nan,3.799011370294542,nan,0,C_hard_rooms_large,21
scalar_onlstm,focal,1.1,56,False,56,56,nan,3.799011370294542,nan,0,C_hard_rooms_large,21
scalar_onlstm,astar,,64,True,39,39,3.9148665719242155,3.799011370294542,1.030496145006455,0,C_hard_rooms_large,21
scalar_onlstm,focal,1.0,64,False,64,64,nan,3.799011370294542,nan,0,C_hard_rooms_large,21
scalar_onlstm,focal,1.1,64,False,64,64,nan,3.799011370294542,nan,0,C_hard_rooms_large,21
field_unet,astar,,56,True,54,54,3.799011370294541,3.799011370294542,0.9999999999999998,0,C_hard_rooms_large,21
field_unet,focal,1.0,56,False,56,56,nan,3.799011370294542,nan,0,C_hard_rooms_large,21
field_unet,focal,1.1,56,False,56,56,nan,3.799011370294542,nan,0,C_hard_rooms_large,21
field_unet,astar,,64,True,54,54,3.799011370294541,3.799011370294542,0.9999999999999998,0,C_hard_rooms_large,21
field_unet,focal,1.0,64,False,64,64,nan,3.799011370294542,nan,0,C_hard_rooms_large,21
field_unet,focal,1.1,64,True,58,58,3.799011370294541,3.799011370294542,0.9999999999999998,0,C_hard_rooms_large,21
field_onlstm,astar,,56,True,33,33,3.847785811019042,3.799011370294542,1.0128387193325823,0,C_hard_rooms_large,21
field_onlstm,focal,1.0,56,False,56,56,nan,3.799011370294542,nan,0,C_hard_rooms_large,21
field_onlstm,focal,1.1,56,True,45,45,3.847785811019042,3.799011370294542,1.0128387193325823,0,C_hard_rooms_large,21
field_onlstm,astar,,64,True,33,33,3.847785811019042,3.799011370294542,1.0128387193325823,0,C_hard_rooms_large,21
field_onlstm,focal,1.0,64,False,64,64,nan,3.799011370294542,nan,0,C_hard_rooms_large,21
field_onlstm,focal,1.1,64,True,45,45,3.847785811019042,3.799011370294542,1.0128387193325823,0,C_hard_rooms_large,21
field_hrm,astar,,56,True,51,51,3.8217958564057577,3.799011370294542,1.0059974777357534,0,C_hard_rooms_large,21
field_hrm,focal,1.0,56,False,56,56,nan,3.799011370294542,nan,0,C_hard_rooms_large,21
field_hrm,focal,1.1,56,False,56,56,nan,3.799011370294542,nan,0,C_hard_rooms_large,21
field_hrm,astar,,64,True,51,51,3.8217958564057577,3.799011370294542,1.0059974777357534,0,C_hard_rooms_large,21
field_hrm,focal,1.0,64,False,64,64,nan,3.799011370294542,nan,0,C_hard_rooms_large,21
field_hrm,focal,1.1,64,True,64,64,3.8217958564057577,3.799011370294542,1.0059974777357534,0,C_hard_rooms_large,21
euclid,astar,,56,True,40,40,3.201673453171769,3.201673453171769,1.0,0,C_hard_rooms_large,22
euclid,focal,1.0,56,True,40,40,3.201673453171769,3.201673453171769,1.0,0,C_hard_rooms_large,22
euclid,focal,1.1,56,True,35,35,3.227132049852007,3.201673453171769,1.0079516531128485,0,C_hard_rooms_large,22
euclid,astar,,64,True,40,40,3.201673453171769,3.201673453171769,1.0,0,C_hard_rooms_large,22
euclid,focal,1.0,64,True,40,40,3.201673453171769,3.201673453171769,1.0,0,C_hard_rooms_large,22
euclid,focal,1.1,64,True,35,35,3.227132049852007,3.201673453171769,1.0079516531128485,0,C_hard_rooms_large,22
oracle,astar,,56,True,11,11,3.201673453171769,3.201673453171769,1.0,0,C_hard_rooms_large,22
oracle,focal,1.0,56,True,40,40,3.201673453171769,3.201673453171769,1.0,0,C_hard_rooms_large,22
oracle,focal,1.1,56,True,37,37,3.227132049852007,3.201673453171769,1.0079516531128485,0,C_hard_rooms_large,22
oracle,astar,,64,True,11,11,3.201673453171769,3.201673453171769,1.0,0,C_hard_rooms_large,22
oracle,focal,1.0,64,True,40,40,3.201673453171769,3.201673453171769,1.0,0,C_hard_rooms_large,22
oracle,focal,1.1,64,True,37,37,3.227132049852007,3.201673453171769,1.0079516531128485,0,C_hard_rooms_large,22
scalar_hrm,astar,,56,True,42,42,3.8050628580522603,3.201673453171769,1.1884606327615135,0,C_hard_rooms_large,22
scalar_hrm,focal,1.0,56,True,40,40,3.201673453171769,3.201673453171769,1.0,0,C_hard_rooms_large,22
scalar_hrm,focal,1.1,56,True,37,37,3.219596268977375,3.201673453171769,1.0055979524669671,0,C_hard_rooms_large,22
scalar_hrm,astar,,64,True,42,42,3.8050628580522603,3.201673453171769,1.1884606327615135,0,C_hard_rooms_large,22
scalar_hrm,focal,1.0,64,True,40,40,3.201673453171769,3.201673453171769,1.0,0,C_hard_rooms_large,22
scalar_hrm,focal,1.1,64,True,37,37,3.219596268977375,3.201673453171769,1.0055979524669671,0,C_hard_rooms_large,22
scalar_onlstm,astar,,56,True,38,38,4.114742441215878,3.201673453171769,1.2851849201359271,0,C_hard_rooms_large,22
scalar_onlstm,focal,1.0,56,True,40,40,3.201673453171769,3.201673453171769,1.0,0,C_hard_rooms_large,22
scalar_onlstm,focal,1.1,56,True,37,37,3.2212698815098726,3.201673453171769,1.0061206830192786,0,C_hard_rooms_large,22
scalar_onlstm,astar,,64,True,38,38,4.114742441215878,3.201673453171769,1.2851849201359271,0,C_hard_rooms_large,22
scalar_onlstm,focal,1.0,64,True,40,40,3.201673453171769,3.201673453171769,1.0,0,C_hard_rooms_large,22
scalar_onlstm,focal,1.1,64,True,37,37,3.2212698815098726,3.201673453171769,1.0061206830192786,0,C_hard_rooms_large,22
field_unet,astar,,56,True,47,47,3.4851905038317015,3.201673453171769,1.0885527692960266,0,C_hard_rooms_large,22
field_unet,focal,1.0,56,True,40,40,3.201673453171769,3.201673453171769,1.0,0,C_hard_rooms_large,22
field_unet,focal,1.1,56,True,38,38,3.219596268977375,3.201673453171769,1.0055979524669671,0,C_hard_rooms_large,22
field_unet,astar,,64,True,47,47,3.4851905038317015,3.201673453171769,1.0885527692960266,0,C_hard_rooms_large,22
field_unet,focal,1.0,64,True,40,40,3.201673453171769,3.201673453171769,1.0,0,C_hard_rooms_large,22
field_unet,focal,1.1,64,True,38,38,3.219596268977375,3.201673453171769,1.0055979524669671,0,C_hard_rooms_large,22
field_onlstm,astar,,56,True,31,31,3.6615368929907905,3.201673453171769,1.1436322118870221,0,C_hard_rooms_large,22
field_onlstm,focal,1.0,56,True,40,40,3.201673453171769,3.201673453171769,1.0,0,C_hard_rooms_large,22
field_onlstm,focal,1.1,56,True,37,37,3.219596268977375,3.201673453171769,1.0055979524669671,0,C_hard_rooms_large,22
field_onlstm,astar,,64,True,31,31,3.6615368929907905,3.201673453171769,1.1436322118870221,0,C_hard_rooms_large,22
field_onlstm,focal,1.0,64,True,40,40,3.201673453171769,3.201673453171769,1.0,0,C_hard_rooms_large,22
field_onlstm,focal,1.1,64,True,37,37,3.219596268977375,3.201673453171769,1.0055979524669671,0,C_hard_rooms_large,22
field_hrm,astar,,56,True,47,47,3.2976071817844037,3.201673453171769,1.0299636205927238,0,C_hard_rooms_large,22
field_hrm,focal,1.0,56,True,40,40,3.201673453171769,3.201673453171769,1.0,0,C_hard_rooms_large,22
field_hrm,focal,1.1,56,True,37,37,3.219596268977375,3.201673453171769,1.0055979524669671,0,C_hard_rooms_large,22
field_hrm,astar,,64,True,47,47,3.2976071817844037,3.201673453171769,1.0299636205927238,0,C_hard_rooms_large,22
field_hrm,focal,1.0,64,True,40,40,3.201673453171769,3.201673453171769,1.0,0,C_hard_rooms_large,22
field_hrm,focal,1.1,64,True,37,37,3.219596268977375,3.201673453171769,1.0055979524669671,0,C_hard_rooms_large,22
euclid,astar,,56,True,31,31,2.7378666741189592,2.7378666741189597,0.9999999999999999,0,C_hard_rooms_large,23
euclid,focal,1.0,56,True,31,31,2.7378666741189592,2.7378666741189597,0.9999999999999999,0,C_hard_rooms_large,23
euclid,focal,1.1,56,True,27,27,2.8428467932953483,2.7378666741189597,1.0383437660309631,0,C_hard_rooms_large,23
euclid,astar,,64,True,31,31,2.7378666741189592,2.7378666741189597,0.9999999999999999,0,C_hard_rooms_large,23
euclid,focal,1.0,64,True,31,31,2.7378666741189592,2.7378666741189597,0.9999999999999999,0,C_hard_rooms_large,23
euclid,focal,1.1,64,True,27,27,2.8428467932953483,2.7378666741189597,1.0383437660309631,0,C_hard_rooms_large,23
oracle,astar,,56,True,11,11,2.7378666741189592,2.7378666741189597,0.9999999999999999,0,C_hard_rooms_large,23
oracle,focal,1.0,56,True,31,31,2.7378666741189592,2.7378666741189597,0.9999999999999999,0,C_hard_rooms_large,23
oracle,focal,1.1,56,True,25,25,2.7378666741189592,2.7378666741189597,0.9999999999999999,0,C_hard_rooms_large,23
oracle,astar,,64,True,11,11,2.7378666741189592,2.7378666741189597,0.9999999999999999,0,C_hard_rooms_large,23
oracle,focal,1.0,64,True,31,31,2.7378666741189592,2.7378666741189597,0.9999999999999999,0,C_hard_rooms_large,23
oracle,focal,1.1,64,True,25,25,2.7378666741189592,2.7378666741189597,0.9999999999999999,0,C_hard_rooms_large,23
scalar_hrm,astar,,56,True,13,13,3.1105879588889263,2.7378666741189597,1.136135659304852,0,C_hard_rooms_large,23
scalar_hrm,focal,1.0,56,True,31,31,2.7378666741189592,2.7378666741189597,0.9999999999999999,0,C_hard_rooms_large,23
scalar_hrm,focal,1.1,56,True,22,22,2.7378666741189592,2.7378666741189597,0.9999999999999999,0,C_hard_rooms_large,23
scalar_hrm,astar,,64,True,13,13,3.1105879588889263,2.7378666741189597,1.136135659304852,0,C_hard_rooms_large,23
scalar_hrm,focal,1.0,64,True,31,31,2.7378666741189592,2.7378666741189597,0.9999999999999999,0,C_hard_rooms_large,23
scalar_hrm,focal,1.1,64,True,22,22,2.7378666741189592,2.7378666741189597,0.9999999999999999,0,C_hard_rooms_large,23
scalar_onlstm,astar,,56,True,31,31,3.1105879588889263,2.7378666741189597,1.136135659304852,0,C_hard_rooms_large,23
scalar_onlstm,focal,1.0,56,True,31,31,2.7378666741189592,2.7378666741189597,0.9999999999999999,0,C_hard_rooms_large,23
scalar_onlstm,focal,1.1,56,True,27,27,2.8428467932953483,2.7378666741189597,1.0383437660309631,0,C_hard_rooms_large,23
scalar_onlstm,astar,,64,True,31,31,3.1105879588889263,2.7378666741189597,1.136135659304852,0,C_hard_rooms_large,23
scalar_onlstm,focal,1.0,64,True,31,31,2.7378666741189592,2.7378666741189597,0.9999999999999999,0,C_hard_rooms_large,23
scalar_onlstm,focal,1.1,64,True,27,27,2.8428467932953483,2.7378666741189597,1.0383437660309631,0,C_hard_rooms_large,23
field_unet,astar,,56,True,29,29,2.832882468068558,2.7378666741189597,1.0347043173605865,0,C_hard_rooms_large,23
field_unet,focal,1.0,56,True,31,31,2.7378666741189592,2.7378666741189597,0.9999999999999999,0,C_hard_rooms_large,23
field_unet,focal,1.1,56,True,28,28,2.7378666741189592,2.7378666741189597,0.9999999999999999,0,C_hard_rooms_large,23
field_unet,astar,,64,True,29,29,2.832882468068558,2.7378666741189597,1.0347043173605865,0,C_hard_rooms_large,23
field_unet,focal,1.0,64,True,31,31,2.7378666741189592,2.7378666741189597,0.9999999999999999,0,C_hard_rooms_large,23
field_unet,focal,1.1,64,True,28,28,2.7378666741189592,2.7378666741189597,0.9999999999999999,0,C_hard_rooms_large,23
field_onlstm,astar,,56,True,25,25,2.8428467932953483,2.7378666741189597,1.0383437660309631,0,C_hard_rooms_large,23
field_onlstm,focal,1.0,56,True,31,31,2.7378666741189592,2.7378666741189597,0.9999999999999999,0,C_hard_rooms_large,23
field_onlstm,focal,1.1,56,True,28,28,2.8428467932953483,2.7378666741189597,1.0383437660309631,0,C_hard_rooms_large,23
field_onlstm,astar,,64,True,25,25,2.8428467932953483,2.7378666741189597,1.0383437660309631,0,C_hard_rooms_large,23
field_onlstm,focal,1.0,64,True,31,31,2.7378666741189592,2.7378666741189597,0.9999999999999999,0,C_hard_rooms_large,23
field_onlstm,focal,1.1,64,True,28,28,2.8428467932953483,2.7378666741189597,1.0383437660309631,0,C_hard_rooms_large,23
field_hrm,astar,,56,True,26,26,2.7378666741189592,2.7378666741189597,0.9999999999999999,0,C_hard_rooms_large,23
field_hrm,focal,1.0,56,True,31,31,2.7378666741189592,2.7378666741189597,0.9999999999999999,0,C_hard_rooms_large,23
field_hrm,focal,1.1,56,True,23,23,2.9169973933182938,2.7378666741189597,1.0654271155321973,0,C_hard_rooms_large,23
field_hrm,astar,,64,True,26,26,2.7378666741189592,2.7378666741189597,0.9999999999999999,0,C_hard_rooms_large,23
field_hrm,focal,1.0,64,True,31,31,2.7378666741189592,2.7378666741189597,0.9999999999999999,0,C_hard_rooms_large,23
field_hrm,focal,1.1,64,True,23,23,2.9169973933182938,2.7378666741189597,1.0654271155321973,0,C_hard_rooms_large,23
