domain,target,N,diversity,method,seed,world_index,provider,mode,w,budget,found,expansions,closed,cost,optimal,suboptimality,arrival,optimal_arrival,nonfinite
dynamic,C_dyn_maze_dense,-1,,euclid,-1,0,euclid,astar,,2500,False,2500,2500,,,nan,-1,73.0,0
dynamic,C_dyn_maze_dense,-1,,euclid,-1,0,euclid,focal,1.0,2500,False,2500,2500,,,nan,-1,73.0,0
dynamic,C_dyn_maze_dense,-1,,oracle,-1,0,oracle,astar,,2500,True,1041,1041,,,1.0,73,73.0,0
dynamic,C_dyn_maze_dense,-1,,oracle,-1,0,oracle,focal,1.0,2500,False,2500,2500,,,nan,-1,73.0,0
dynamic,C_dyn_maze_dense,0,,zero_shot,-1,0,zeroshot_field_unet_blind,astar,,2500,False,2500,2500,,,nan,-1,73.0,0
dynamic,C_dyn_maze_dense,0,,zero_shot,-1,0,zeroshot_field_unet_blind,focal,1.0,2500,False,2500,2500,,,nan,-1,73.0,0
dynamic,C_dyn_maze_dense,1024,conc,full_ft,0,0,full_ft_N1024_conc_s0,astar,,2500,True,1380,1380,,,1.0136986301369864,74,73.0,0
dynamic,C_dyn_maze_dense,1024,conc,full_ft,0,0,full_ft_N1024_conc_s0,focal,1.0,2500,False,2500,2500,,,nan,-1,73.0,0
dynamic,C_dyn_maze_dense,1024,conc,full_ft,1,0,full_ft_N1024_conc_s1,astar,,2500,True,1201,1201,,,1.0136986301369864,74,73.0,0
dynamic,C_dyn_maze_dense,1024,conc,full_ft,1,0,full_ft_N1024_conc_s1,focal,1.0,2500,False,2500,2500,,,nan,-1,73.0,0
dynamic,C_dyn_maze_dense,1024,conc,full_ft,2,0,full_ft_N1024_conc_s2,astar,,2500,True,1393,1393,,,1.0273972602739727,75,73.0,0
dynamic,C_dyn_maze_dense,1024,conc,full_ft,2,0,full_ft_N1024_conc_s2,focal,1.0,2500,False,2500,2500,,,nan,-1,73.0,0
dynamic,C_dyn_maze_dense,1024,conc,lora,0,0,lora_N1024_conc_s0,astar,,2500,True,1397,1397,,,1.0410958904109588,76,73.0,0
dynamic,C_dyn_maze_dense,1024,conc,lora,0,0,lora_N1024_conc_s0,focal,1.0,2500,False,2500,2500,,,nan,-1,73.0,0
dynamic,C_dyn_maze_dense,1024,conc,lora,1,0,lora_N1024_conc_s1,astar,,2500,True,1151,1151,,,1.0273972602739727,75,73.0,0
dynamic,C_dyn_maze_dense,1024,conc,lora,1,0,lora_N1024_conc_s1,focal,1.0,2500,False,2500,2500,,,nan,-1,73.0,0
dynamic,C_dyn_maze_dense,1024,conc,lora,2,0,lora_N1024_conc_s2,astar,,2500,True,1045,1045,,,1.0273972602739727,75,73.0,0
dynamic,C_dyn_maze_dense,1024,conc,lora,2,0,lora_N1024_conc_s2,focal,1.0,2500,False,2500,2500,,,nan,-1,73.0,0
dynamic,C_dyn_maze_dense,1024,conc,scratch,0,0,scratch_N1024_conc_s0,astar,,2500,True,1466,1466,,,1.0136986301369864,74,73.0,0
dynamic,C_dyn_maze_dense,1024,conc,scratch,0,0,scratch_N1024_conc_s0,focal,1.0,2500,False,2500,2500,,,nan,-1,73.0,0
dynamic,C_dyn_maze_dense,1024,conc,scratch,1,0,scratch_N1024_conc_s1,astar,,2500,True,1579,1579,,,1.0410958904109588,76,73.0,0
dynamic,C_dyn_maze_dense,1024,conc,scratch,1,0,scratch_N1024_conc_s1,focal,1.0,2500,False,2500,2500,,,nan,-1,73.0,0
dynamic,C_dyn_maze_dense,1024,conc,scratch,2,0,scratch_N1024_conc_s2,astar,,2500,True,1618,1618,,,1.0273972602739727,75,73.0,0
dynamic,C_dyn_maze_dense,1024,conc,scratch,2,0,scratch_N1024_conc_s2,focal,1.0,2500,False,2500,2500,,,nan,-1,73.0,0
dynamic,C_dyn_maze_dense,1024,dist,full_ft,0,0,full_ft_N1024_dist_s0,astar,,2500,True,833,833,,,1.0,73,73.0,0
dynamic,C_dyn_maze_dense,1024,dist,full_ft,0,0,full_ft_N1024_dist_s0,focal,1.0,2500,False,2500,2500,,,nan,-1,73.0,0
dynamic,C_dyn_maze_dense,1024,dist,full_ft,1,0,full_ft_N1024_dist_s1,astar,,2500,True,938,938,,,1.0273972602739727,75,73.0,0
dynamic,C_dyn_maze_dense,1024,dist,full_ft,1,0,full_ft_N1024_dist_s1,focal,1.0,2500,False,2500,2500,,,nan,-1,73.0,0
dynamic,C_dyn_maze_dense,1024,dist,full_ft,2,0,full_ft_N1024_dist_s2,astar,,2500,True,1023,1023,,,1.0410958904109588,76,73.0,0
dynamic,C_dyn_maze_dense,1024,dist,full_ft,2,0,full_ft_N1024_dist_s2,focal,1.0,2500,False,2500,2500,,,nan,-1,73.0,0
dynamic,C_dyn_maze_dense,1024,dist,lora,0,0,lora_N1024_dist_s0,astar,,2500,True,1311,1311,,,1.0547945205479452,77,73.0,0
dynamic,C_dyn_maze_dense,1024,dist,lora,0,0,lora_N1024_dist_s0,focal,1.0,2500,False,2500,2500,,,nan,-1,73.0,0
dynamic,C_dyn_maze_dense,1024,dist,lora,1,0,lora_N1024_dist_s1,astar,,2500,True,1359,1359,,,1.0547945205479452,77,73.0,0
dynamic,C_dyn_maze_dense,1024,dist,lora,1,0,lora_N1024_dist_s1,focal,1.0,2500,False,2500,2500,,,nan,-1,73.0,0
dynamic,C_dyn_maze_dense,1024,dist,lora,2,0,lora_N1024_dist_s2,astar,,2500,True,1177,1177,,,1.0547945205479452,77,73.0,0
dynamic,C_dyn_maze_dense,1024,dist,lora,2,0,lora_N1024_dist_s2,focal,1.0,2500,False,2500,2500,,,nan,-1,73.0,0
dynamic,C_dyn_maze_dense,1024,dist,scratch,0,0,scratch_N1024_dist_s0,astar,,2500,True,1758,1758,,,1.0547945205479452,77,73.0,0
dynamic,C_dyn_maze_dense,1024,dist,scratch,0,0,scratch_N1024_dist_s0,focal,1.0,2500,False,2500,2500,,,nan,-1,73.0,0
dynamic,C_dyn_maze_dense,1024,dist,scratch,1,0,scratch_N1024_dist_s1,astar,,2500,True,1540,1540,,,1.0547945205479452,77,73.0,0
dynamic,C_dyn_maze_dense,1024,dist,scratch,1,0,scratch_N1024_dist_s1,focal,1.0,2500,False,2500,2500,,,nan,-1,73.0,0
dynamic,C_dyn_maze_dense,1024,dist,scratch,2,0,scratch_N1024_dist_s2,astar,,2500,True,1492,1492,,,1.0547945205479452,77,73.0,0
dynamic,C_dyn_maze_dense,1024,dist,scratch,2,0,scratch_N1024_dist_s2,focal,1.0,2500,False,2500,2500,,,nan,-1,73.0,0
dynamic,C_dyn_maze_dense,16384,conc,full_ft,0,0,full_ft_N16384_conc_s0,astar,,2500,True,1581,1581,,,1.0410958904109588,76,73.0,0
dynamic,C_dyn_maze_dense,16384,conc,full_ft,0,0,full_ft_N16384_conc_s0,focal,1.0,2500,False,2500,2500,,,nan,-1,73.0,0
dynamic,C_dyn_maze_dense,16384,conc,full_ft,1,0,full_ft_N16384_conc_s1,astar,,2500,True,1547,1547,,,1.0273972602739727,75,73.0,0
dynamic,C_dyn_maze_dense,16384,conc,full_ft,1,0,full_ft_N16384_conc_s1,focal,1.0,2500,False,2500,2500,,,nan,-1,73.0,0
dynamic,C_dyn_maze_dense,16384,conc,full_ft,2,0,full_ft_N16384_conc_s2,astar,,2500,True,1422,1422,,,1.0547945205479452,77,73.0,0
dynamic,C_dyn_maze_dense,16384,conc,full_ft,2,0,full_ft_N16384_conc_s2,focal,1.0,2500,False,2500,2500,,,nan,-1,73.0,0
dynamic,C_dyn_maze_dense,16384,conc,lora,0,0,lora_N16384_conc_s0,astar,,2500,True,783,783,,,1.0136986301369864,74,73.0,0
dynamic,C_dyn_maze_dense,16384,conc,lora,0,0,lora_N16384_conc_s0,focal,1.0,2500,False,2500,2500,,,nan,-1,73.0,0
dynamic,C_dyn_maze_dense,16384,conc,lora,1,0,lora_N16384_conc_s1,astar,,2500,True,713,713,,,1.0273972602739727,75,73.0,0
dynamic,C_dyn_maze_dense,16384,conc,lora,1,0,lora_N16384_conc_s1,focal,1.0,2500,False,2500,2500,,,nan,-1,73.0,0
dynamic,C_dyn_maze_dense,16384,conc,lora,2,0,lora_N16384_conc_s2,astar,,2500,True,719,719,,,1.0273972602739727,75,73.0,0
dynamic,C_dyn_maze_dense,16384,conc,lora,2,0,lora_N16384_conc_s2,focal,1.0,2500,False,2500,2500,,,nan,-1,73.0,0
dynamic,C_dyn_maze_dense,16384,conc,scratch,0,0,scratch_N16384_conc_s0,astar,,2500,True,1254,1254,,,1.0136986301369864,74,73.0,0
dynamic,C_dyn_maze_dense,16384,conc,scratch,0,0,scratch_N16384_conc_s0,focal,1.0,2500,False,2500,2500,,,nan,-1,73.0,0
dynamic,C_dyn_maze_dense,16384,conc,scratch,1,0,scratch_N16384_conc_s1,astar,,2500,True,1702,1702,,,1.0,73,73.0,0
dynamic,C_dyn_maze_dense,16384,conc,scratch,1,0,scratch_N16384_conc_s1,focal,1.0,2500,False,2500,2500,,,nan,-1,73.0,0
dynamic,C_dyn_maze_dense,16384,conc,scratch,2,0,scratch_N16384_conc_s2,astar,,2500,True,1844,1844,,,1.0273972602739727,75,73.0,0
dynamic,C_dyn_maze_dense,16384,conc,scratch,2,0,scratch_N16384_conc_s2,focal,1.0,2500,False,2500,2500,,,nan,-1,73.0,0
dynamic,C_dyn_maze_dense,16384,dist,full_ft,0,0,full_ft_N16384_dist_s0,astar,,2500,True,1254,1254,,,1.0,73,73.0,0
dynamic,C_dyn_maze_dense,16384,dist,full_ft,0,0,full_ft_N16384_dist_s0,focal,1.0,2500,False,2500,2500,,,nan,-1,73.0,0
dynamic,C_dyn_maze_dense,16384,dist,full_ft,1,0,full_ft_N16384_dist_s1,astar,,2500,True,970,970,,,1.0,73,73.0,0
dynamic,C_dyn_maze_dense,16384,dist,full_ft,1,0,full_ft_N16384_dist_s1,focal,1.0,2500,False,2500,2500,,,nan,-1,73.0,0
dynamic,C_dyn_maze_dense,16384,dist,full_ft,2,0,full_ft_N16384_dist_s2,astar,,2500,True,1333,1333,,,1.0136986301369864,74,73.0,0
dynamic,C_dyn_maze_dense,16384,dist,full_ft,2,0,full_ft_N16384_dist_s2,focal,1.0,2500,False,2500,2500,,,nan,-1,73.0,0
dynamic,C_dyn_maze_dense,16384,dist,lora,0,0,lora_N16384_dist_s0,astar,,2500,True,1013,1013,,,1.0273972602739727,75,73.0,0
dynamic,C_dyn_maze_dense,16384,dist,lora,0,0,lora_N16384_dist_s0,focal,1.0,2500,False,2500,2500,,,nan,-1,73.0,0
dynamic,C_dyn_maze_dense,16384,dist,lora,1,0,lora_N16384_dist_s1,astar,,2500,True,1049,1049,,,1.0273972602739727,75,73.0,0
dynamic,C_dyn_maze_dense,16384,dist,lora,1,0,lora_N16384_dist_s1,focal,1.0,2500,False,2500,2500,,,nan,-1,73.0,0
dynamic,C_dyn_maze_dense,16384,dist,lora,2,0,lora_N16384_dist_s2,astar,,2500,True,1056,1056,,,1.0273972602739727,75,73.0,0
dynamic,C_dyn_maze_dense,16384,dist,lora,2,0,lora_N16384_dist_s2,focal,1.0,2500,False,2500,2500,,,nan,-1,73.0,0
dynamic,C_dyn_maze_dense,16384,dist,scratch,0,0,scratch_N16384_dist_s0,astar,,2500,True,1115,1115,,,1.0410958904109588,76,73.0,0
dynamic,C_dyn_maze_dense,16384,dist,scratch,0,0,scratch_N16384_dist_s0,focal,1.0,2500,False,2500,2500,,,nan,-1,73.0,0
dynamic,C_dyn_maze_dense,16384,dist,scratch,1,0,scratch_N16384_dist_s1,astar,,2500,True,1234,1234,,,1.0273972602739727,75,73.0,0
dynamic,C_dyn_maze_dense,16384,dist,scratch,1,0,scratch_N16384_dist_s1,focal,1.0,2500,False,2500,2500,,,nan,-1,73.0,0
dynamic,C_dyn_maze_dense,16384,dist,scratch,2,0,scratch_N16384_dist_s2,astar,,2500,True,1218,1218,,,1.0547945205479452,77,73.0,0
dynamic,C_dyn_maze_dense,16384,dist,scratch,2,0,scratch_N16384_dist_s2,focal,1.0,2500,False,2500,2500,,,nan,-1,73.0,0
dynamic,C_dyn_maze_dense,256,conc,full_ft,0,0,full_ft_N256_conc_s0,astar,,2500,True,1092,1092,,,1.0273972602739727,75,73.0,0
dynamic,C_dyn_maze_dense,256,conc,full_ft,0,0,full_ft_N256_conc_s0,focal,1.0,2500,False,2500,2500,,,nan,-1,73.0,0
dynamic,C_dyn_maze_dense,256,conc,full_ft,1,0,full_ft_N256_conc_s1,astar,,2500,True,1152,1152,,,1.0410958904109588,76,73.0,0
dynamic,C_dyn_maze_dense,256,conc,full_ft,1,0,full_ft_N256_conc_s1,focal,1.0,2500,False,2500,2500,,,nan,-1,73.0,0
dynamic,C_dyn_maze_dense,256,conc,full_ft,2,0,full_ft_N256_conc_s2,astar,,2500,True,1498,1498,,,1.0273972602739727,75,73.0,0
dynamic,C_dyn_maze_dense,256,conc,full_ft,2,0,full_ft_N256_conc_s2,focal,1.0,2500,False,2500,2500,,,nan,-1,73.0,0
dynamic,C_dyn_maze_dense,256,conc,lora,0,0,lora_N256_conc_s0,astar,,2500,True,1503,1503,,,1.0,73,73.0,0
dynamic,C_dyn_maze_dense,256,conc,lora,0,0,lora_N256_conc_s0,focal,1.0,2500,False,2500,2500,,,nan,-1,73.0,0
dynamic,C_dyn_maze_dense,256,conc,lora,1,0,lora_N256_conc_s1,astar,,2500,True,1347,1347,,,1.0136986301369864,74,73.0,0
dynamic,C_dyn_maze_dense,256,conc,lora,1,0,lora_N256_conc_s1,focal,1.0,2500,False,2500,2500,,,nan,-1,73.0,0
dynamic,C_dyn_maze_dense,256,conc,lora,2,0,lora_N256_conc_s2,astar,,2500,True,1471,1471,,,1.0,73,73.0,0
dynamic,C_dyn_maze_dense,256,conc,lora,2,0,lora_N256_conc_s2,focal,1.0,2500,False,2500,2500,,,nan,-1,73.0,0
dynamic,C_dyn_maze_dense,256,conc,scratch,0,0,scratch_N256_conc_s0,astar,,2500,True,1512,1512,,,1.0,73,73.0,0
dynamic,C_dyn_maze_dense,256,conc,scratch,0,0,scratch_N256_conc_s0,focal,1.0,2500,False,2500,2500,,,nan,-1,73.0,0
dynamic,C_dyn_maze_dense,256,conc,scratch,1,0,scratch_N256_conc_s1,astar,,2500,True,1356,1356,,,1.0136986301369864,74,73.0,0
dynamic,C_dyn_maze_dense,256,conc,scratch,1,0,scratch_N256_conc_s1,focal,1.0,2500,False,2500,2500,,,nan,-1,73.0,0
dynamic,C_dyn_maze_dense,256,conc,scratch,2,0,scratch_N256_conc_s2,astar,,2500,True,1357,1357,,,1.0410958904109588,76,73.0,0
dynamic,C_dyn_maze_dense,256,conc,scratch,2,0,scratch_N256_conc_s2,focal,1.0,2500,False,2500,2500,,,nan,-1,73.0,0
dynamic,C_dyn_maze_dense,256,dist,full_ft,0,0,full_ft_N256_dist_s0,astar,,2500,True,670,670,,,1.0136986301369864,74,73.0,0
dynamic,C_dyn_maze_dense,256,dist,full_ft,0,0,full_ft_N256_dist_s0,focal,1.0,2500,False,2500,2500,,,nan,-1,73.0,0
dynamic,C_dyn_maze_dense,256,dist,full_ft,1,0,full_ft_N256_dist_s1,astar,,2500,True,733,733,,,1.0136986301369864,74,73.0,0
dynamic,C_dyn_maze_dense,256,dist,full_ft,1,0,full_ft_N256_dist_s1,focal,1.0,2500,False,2500,2500,,,nan,-1,73.0,0
dynamic,C_dyn_maze_dense,256,dist,full_ft,2,0,full_ft_N256_dist_s2,astar,,2500,True,928,928,,,1.0273972602739727,75,73.0,0
dynamic,C_dyn_maze_dense,256,dist,full_ft,2,0,full_ft_N256_dist_s2,focal,1.0,2500,False,2500,2500,,,nan,-1,73.0,0
dynamic,C_dyn_maze_dense,256,dist,lora,0,0,lora_N256_dist_s0,astar,,2500,True,1126,1126,,,1.0547945205479452,77,73.0,0
dynamic,C_dyn_maze_dense,256,dist,lora,0,0,lora_N256_dist_s0,focal,1.0,2500,False,2500,2500,,,nan,-1,73.0,0
dynamic,C_dyn_maze_dense,256,dist,lora,1,0,lora_N256_dist_s1,astar,,2500,True,1148,1148,,,1.0547945205479452,77,73.0,0
dynamic,C_dyn_maze_dense,256,dist,lora,1,0,lora_N256_dist_s1,focal,1.0,2500,False,2500,2500,,,nan,-1,73.0,0
dynamic,C_dyn_maze_dense,256,dist,lora,2,0,lora_N256_dist_s2,astar,,2500,True,1049,1049,,,1.0547945205479452,77,73.0,0
dynamic,C_dyn_maze_dense,256,dist,lora,2,0,lora_N256_dist_s2,focal,1.0,2500,False,2500,2500,,,nan,-1,73.0,0
dynamic,C_dyn_maze_dense,256,dist,scratch,0,0,scratch_N256_dist_s0,astar,,2500,True,1565,1565,,,1.0273972602739727,75,73.0,0
dynamic,C_dyn_maze_dense,256,dist,scratch,0,0,scratch_N256_dist_s0,focal,1.0,2500,False,2500,2500,,,nan,-1,73.0,0
dynamic,C_dyn_maze_dense,256,dist,scratch,1,0,scratch_N256_dist_s1,astar,,2500,True,1803,1803,,,1.0136986301369864,74,73.0,0
dynamic,C_dyn_maze_dense,256,dist,scratch,1,0,scratch_N256_dist_s1,focal,1.0,2500,False,2500,2500,,,nan,-1,73.0,0
dynamic,C_dyn_maze_dense,256,dist,scratch,2,0,scratch_N256_dist_s2,astar,,2500,True,1587,1587,,,1.0136986301369864,74,73.0,0
dynamic,C_dyn_maze_dense,256,dist,scratch,2,0,scratch_N256_dist_s2,focal,1.0,2500,False,2500,2500,,,nan,-1,73.0,0
dynamic,C_dyn_maze_dense,4096,conc,full_ft,0,0,full_ft_N4096_conc_s0,astar,,2500,True,1374,1374,,,1.0410958904109588,76,73.0,0
dynamic,C_dyn_maze_dense,4096,conc,full_ft,0,0,full_ft_N4096_conc_s0,focal,1.0,2500,False,2500,2500,,,nan,-1,73.0,0
dynamic,C_dyn_maze_dense,4096,conc,full_ft,1,0,full_ft_N4096_conc_s1,astar,,2500,True,1552,1552,,,1.0410958904109588,76,73.0,0
dynamic,C_dyn_maze_dense,4096,conc,full_ft,1,0,full_ft_N4096_conc_s1,focal,1.0,2500,False,2500,2500,,,nan,-1,73.0,0
dynamic,C_dyn_maze_dense,4096,conc,full_ft,2,0,full_ft_N4096_conc_s2,astar,,2500,True,1324,1324,,,1.0410958904109588,76,73.0,0
dynamic,C_dyn_maze_dense,4096,conc,full_ft,2,0,full_ft_N4096_conc_s2,focal,1.0,2500,False,2500,2500,,,nan,-1,73.0,0
dynamic,C_dyn_maze_dense,4096,conc,lora,0,0,lora_N4096_conc_s0,astar,,2500,True,973,973,,,1.0136986301369864,74,73.0,0
dynamic,C_dyn_maze_dense,4096,conc,lora,0,0,lora_N4096_conc_s0,focal,1.0,2500,False,2500,2500,,,nan,-1,73.0,0
dynamic,C_dyn_maze_dense,4096,conc,lora,1,0,lora_N4096_conc_s1,astar,,2500,True,803,803,,,1.0136986301369864,74,73.0,0
dynamic,C_dyn_maze_dense,4096,conc,lora,1,0,lora_N4096_conc_s1,focal,1.0,2500,False,2500,2500,,,nan,-1,73.0,0
dynamic,C_dyn_maze_dense,4096,conc,lora,2,0,lora_N4096_conc_s2,astar,,2500,True,790,790,,,1.0136986301369864,74,73.0,0
dynamic,C_dyn_maze_dense,4096,conc,lora,2,0,lora_N4096_conc_s2,focal,1.0,2500,False,2500,2500,,,nan,-1,73.0,0
dynamic,C_dyn_maze_dense,4096,conc,scratch,0,0,scratch_N4096_conc_s0,astar,,2500,True,1587,1587,,,1.0273972602739727,75,73.0,0
dynamic,C_dyn_maze_dense,4096,conc,scratch,0,0,scratch_N4096_conc_s0,focal,1.0,2500,False,2500,2500,,,nan,-1,73.0,0
dynamic,C_dyn_maze_dense,4096,conc,scratch,1,0,scratch_N4096_conc_s1,astar,,2500,True,1590,1590,,,1.0136986301369864,74,73.0,0
dynamic,C_dyn_maze_dense,4096,conc,scratch,1,0,scratch_N4096_conc_s1,focal,1.0,2500,False,2500,2500,,,nan,-1,73.0,0
dynamic,C_dyn_maze_dense,4096,conc,scratch,2,0,scratch_N4096_conc_s2,astar,,2500,True,1421,1421,,,1.0,73,73.0,0
dynamic,C_dyn_maze_dense,4096,conc,scratch,2,0,scratch_N4096_conc_s2,focal,1.0,2500,False,2500,2500,,,nan,-1,73.0,0
dynamic,C_dyn_maze_dense,4096,dist,full_ft,0,0,full_ft_N4096_dist_s0,astar,,2500,True,1096,1096,,,1.0136986301369864,74,73.0,0
dynamic,C_dyn_maze_dense,4096,dist,full_ft,0,0,full_ft_N4096_dist_s0,focal,1.0,2500,False,2500,2500,,,nan,-1,73.0,0
dynamic,C_dyn_maze_dense,4096,dist,full_ft,1,0,full_ft_N4096_dist_s1,astar,,2500,True,1335,1335,,,1.0273972602739727,75,73.0,0
dynamic,C_dyn_maze_dense,4096,dist,full_ft,1,0,full_ft_N4096_dist_s1,focal,1.0,2500,False,2500,2500,,,nan,-1,73.0,0
dynamic,C_dyn_maze_dense,4096,dist,full_ft,2,0,full_ft_N4096_dist_s2,astar,,2500,True,959,959,,,1.0,73,73.0,0
dynamic,C_dyn_maze_dense,4096,dist,full_ft,2,0,full_ft_N4096_dist_s2,focal,1.0,2500,False,2500,2500,,,nan,-1,73.0,0
dynamic,C_dyn_maze_dense,4096,dist,lora,0,0,lora_N4096_dist_s0,astar,,2500,True,1178,1178,,,1.0410958904109588,76,73.0,0
dynamic,C_dyn_maze_dense,4096,dist,lora,0,0,lora_N4096_dist_s0,focal,1.0,2500,False,2500,2500,,,nan,-1,73.0,0
dynamic,C_dyn_maze_dense,4096,dist,lora,1,0,lora_N4096_dist_s1,astar,,2500,True,1152,1152,,,1.0410958904109588,76,73.0,0
dynamic,C_dyn_maze_dense,4096,dist,lora,1,0,lora_N4096_dist_s1,focal,1.0,2500,False,2500,2500,,,nan,-1,73.0,0
dynamic,C_dyn_maze_dense,4096,dist,lora,2,0,lora_N4096_dist_s2,astar,,2500,True,1219,1219,,,1.0410958904109588,76,73.0,0
dynamic,C_dyn_maze_dense,4096,dist,lora,2,0,lora_N4096_dist_s2,focal,1.0,2500,False,2500,2500,,,nan,-1,73.0,0
dynamic,C_dyn_maze_dense,4096,dist,scratch,0,0,scratch_N4096_dist_s0,astar,,2500,True,1344,1344,,,1.0547945205479452,77,73.0,0
dynamic,C_dyn_maze_dense,4096,dist,scratch,0,0,scratch_N4096_dist_s0,focal,1.0,2500,False,2500,2500,,,nan,-1,73.0,0
dynamic,C_dyn_maze_dense,4096,dist,scratch,1,0,scratch_N4096_dist_s1,astar,,2500,True,1712,1712,,,1.0136986301369864,74,73.0,0
dynamic,C_dyn_maze_dense,4096,dist,scratch,1,0,scratch_N4096_dist_s1,focal,1.0,2500,False,2500,2500,,,nan,-1,73.0,0
dynamic,C_dyn_maze_dense,4096,dist,scratch,2,0,scratch_N4096_dist_s2,astar,,2500,True,863,863,,,1.0136986301369864,74,73.0,0
dynamic,C_dyn_maze_dense,4096,dist,scratch,2,0,scratch_N4096_dist_s2,focal,1.0,2500,False,2500,2500,,,nan,-1,73.0,0
dynamic,C_dyn_maze_dense,65536,conc,full_ft,0,0,full_ft_N65536_conc_s0,astar,,2500,True,1308,1308,,,1.0136986301369864,74,73.0,0
dynamic,C_dyn_maze_dense,65536,conc,full_ft,0,0,full_ft_N65536_conc_s0,focal,1.0,2500,False,2500,2500,,,nan,-1,73.0,0
dynamic,C_dyn_maze_dense,65536,conc,full_ft,1,0,full_ft_N65536_conc_s1,astar,,2500,True,1065,1065,,,1.0273972602739727,75,73.0,0
dynamic,C_dyn_maze_dense,65536,conc,full_ft,1,0,full_ft_N65536_conc_s1,focal,1.0,2500,False,2500,2500,,,nan,-1,73.0,0
dynamic,C_dyn_maze_dense,65536,conc,full_ft,2,0,full_ft_N65536_conc_s2,astar,,2500,True,1364,1364,,,1.0,73,73.0,0
dynamic,C_dyn_maze_dense,65536,conc,full_ft,2,0,full_ft_N65536_conc_s2,focal,1.0,2500,False,2500,2500,,,nan,-1,73.0,0
dynamic,C_dyn_maze_dense,65536,conc,lora,0,0,lora_N65536_conc_s0,astar,,2500,True,1122,1122,,,1.0410958904109588,76,73.0,0
dynamic,C_dyn_maze_dense,65536,conc,lora,0,0,lora_N65536_conc_s0,focal,1.0,2500,False,2500,2500,,,nan,-1,73.0,0
dynamic,C_dyn_maze_dense,65536,conc,lora,1,0,lora_N65536_conc_s1,astar,,2500,True,911,911,,,1.0410958904109588,76,73.0,0
dynamic,C_dyn_maze_dense,65536,conc,lora,1,0,lora_N65536_conc_s1,focal,1.0,2500,False,2500,2500,,,nan,-1,73.0,0
dynamic,C_dyn_maze_dense,65536,conc,lora,2,0,lora_N65536_conc_s2,astar,,2500,True,1097,1097,,,1.0410958904109588,76,73.0,0
dynamic,C_dyn_maze_dense,65536,conc,lora,2,0,lora_N65536_conc_s2,focal,1.0,2500,False,2500,2500,,,nan,-1,73.0,0
dynamic,C_dyn_maze_dense,65536,conc,scratch,0,0,scratch_N65536_conc_s0,astar,,2500,True,1996,1996,,,1.0273972602739727,75,73.0,0
dynamic,C_dyn_maze_dense,65536,conc,scratch,0,0,scratch_N65536_conc_s0,focal,1.0,2500,False,2500,2500,,,nan,-1,73.0,0
dynamic,C_dyn_maze_dense,65536,conc,scratch,1,0,scratch_N65536_conc_s1,astar,,2500,True,1872,1872,,,1.0273972602739727,75,73.0,0
dynamic,C_dyn_maze_dense,65536,conc,scratch,1,0,scratch_N65536_conc_s1,focal,1.0,2500,False,2500,2500,,,nan,-1,73.0,0
dynamic,C_dyn_maze_dense,65536,conc,scratch,2,0,scratch_N65536_conc_s2,astar,,2500,True,1823,1823,,,1.0273972602739727,75,73.0,0
dynamic,C_dyn_maze_dense,65536,conc,scratch,2,0,scratch_N65536_conc_s2,focal,1.0,2500,False,2500,2500,,,nan,-1,73.0,0
dynamic,C_dyn_maze_dense,65536,dist,full_ft,0,0,full_ft_N65536_dist_s0,astar,,2500,True,1367,1367,,,1.0,73,73.0,0
dynamic,C_dyn_maze_dense,65536,dist,full_ft,0,0,full_ft_N65536_dist_s0,focal,1.0,2500,False,2500,2500,,,nan,-1,73.0,0
dynamic,C_dyn_maze_dense,65536,dist,full_ft,1,0,full_ft_N65536_dist_s1,astar,,2500,True,1302,1302,,,1.0136986301369864,74,73.0,0
dynamic,C_dyn_maze_dense,65536,dist,full_ft,1,0,full_ft_N65536_dist_s1,focal,1.0,2500,False,2500,2500,,,nan,-1,73.0,0
dynamic,C_dyn_maze_dense,65536,dist,full_ft,2,0,full_ft_N65536_dist_s2,astar,,2500,True,981,981,,,1.0,73,73.0,0
dynamic,C_dyn_maze_dense,65536,dist,full_ft,2,0,full_ft_N65536_dist_s2,focal,1.0,2500,False,2500,2500,,,nan,-1,73.0,0
dynamic,C_dyn_maze_dense,65536,dist,lora,0,0,lora_N65536_dist_s0,astar,,2500,True,1649,1649,,,1.0273972602739727,75,73.0,0
dynamic,C_dyn_maze_dense,65536,dist,lora,0,0,lora_N65536_dist_s0,focal,1.0,2500,False,2500,2500,,,nan,-1,73.0,0
dynamic,C_dyn_maze_dense,65536,dist,lora,1,0,lora_N65536_dist_s1,astar,,2500,True,1698,1698,,,1.0273972602739727,75,73.0,0
dynamic,C_dyn_maze_dense,65536,dist,lora,1,0,lora_N65536_dist_s1,focal,1.0,2500,False,2500,2500,,,nan,-1,73.0,0
dynamic,C_dyn_maze_dense,65536,dist,lora,2,0,lora_N65536_dist_s2,astar,,2500,True,1557,1557,,,1.0273972602739727,75,73.0,0
dynamic,C_dyn_maze_dense,65536,dist,lora,2,0,lora_N65536_dist_s2,focal,1.0,2500,False,2500,2500,,,nan,-1,73.0,0
dynamic,C_dyn_maze_dense,65536,dist,scratch,0,0,scratch_N65536_dist_s0,astar,,2500,True,1203,1203,,,1.0273972602739727,75,73.0,0
dynamic,C_dyn_maze_dense,65536,dist,scratch,0,0,scratch_N65536_dist_s0,focal,1.0,2500,False,2500,2500,,,nan,-1,73.0,0
dynamic,C_dyn_maze_dense,65536,dist,scratch,1,0,scratch_N65536_dist_s1,astar,,2500,True,1222,1222,,,1.0136986301369864,74,73.0,0
dynamic,C_dyn_maze_dense,65536,dist,scratch,1,0,scratch_N65536_dist_s1,focal,1.0,2500,False,2500,2500,,,nan,-1,73.0,0
dynamic,C_dyn_maze_dense,65536,dist,scratch,2,0,scratch_N65536_dist_s2,astar,,2500,True,1442,1442,,,1.0410958904109588,76,73.0,0
dynamic,C_dyn_maze_dense,65536,dist,scratch,2,0,scratch_N65536_dist_s2,focal,1.0,2500,False,2500,2500,,,nan,-1,73.0,0
dynamic,C_dyn_maze_dense,-1,,euclid,-1,1,euclid,astar,,2500,False,2500,2500,,,nan,-1,76.0,0
dynamic,C_dyn_maze_dense,-1,,euclid,-1,1,euclid,focal,1.0,2500,False,2500,2500,,,nan,-1,76.0,0
dynamic,C_dyn_maze_dense,-1,,oracle,-1,1,oracle,astar,,2500,True,402,402,,,1.0,76,76.0,0
dynamic,C_dyn_maze_dense,-1,,oracle,-1,1,oracle,focal,1.0,2500,False,2500,2500,,,nan,-1,76.0,0
dynamic,C_dyn_maze_dense,0,,zero_shot,-1,1,zeroshot_field_unet_blind,astar,,2500,True,2236,2236,,,1.013157894736842,77,76.0,0
dynamic,C_dyn_maze_dense,0,,zero_shot,-1,1,zeroshot_field_unet_blind,focal,1.0,2500,False,2500,2500,,,nan,-1,76.0,0
dynamic,C_dyn_maze_dense,1024,conc,full_ft,0,1,full_ft_N1024_conc_s0,astar,,2500,False,2500,2500,,,nan,-1,76.0,0
dynamic,C_dyn_maze_dense,1024,conc,full_ft,0,1,full_ft_N1024_conc_s0,focal,1.0,2500,False,2500,2500,,,nan,-1,76.0,0
dynamic,C_dyn_maze_dense,1024,conc,full_ft,1,1,full_ft_N1024_conc_s1,astar,,2500,False,2500,2500,,,nan,-1,76.0,0
dynamic,C_dyn_maze_dense,1024,conc,full_ft,1,1,full_ft_N1024_conc_s1,focal,1.0,2500,False,2500,2500,,,nan,-1,76.0,0
dynamic,C_dyn_maze_dense,1024,conc,full_ft,2,1,full_ft_N1024_conc_s2,astar,,2500,False,2500,2500,,,nan,-1,76.0,0
dynamic,C_dyn_maze_dense,1024,conc,full_ft,2,1,full_ft_N1024_conc_s2,focal,1.0,2500,False,2500,2500,,,nan,-1,76.0,0
dynamic,C_dyn_maze_dense,1024,conc,lora,0,1,lora_N1024_conc_s0,astar,,2500,True,2297,2297,,,1.0,76,76.0,0
dynamic,C_dyn_maze_dense,1024,conc,lora,0,1,lora_N1024_conc_s0,focal,1.0,2500,False,2500,2500,,,nan,-1,76.0,0
dynamic,C_dyn_maze_dense,1024,conc,lora,1,1,lora_N1024_conc_s1,astar,,2500,True,2283,2283,,,1.013157894736842,77,76.0,0
dynamic,C_dyn_maze_dense,1024,conc,lora,1,1,lora_N1024_conc_s1,focal,1.0,2500,False,2500,2500,,,nan,-1,76.0,0
dynamic,C_dyn_maze_dense,1024,conc,lora,2,1,lora_N1024_conc_s2,astar,,2500,True,1993,1993,,,1.013157894736842,77,76.0,0
dynamic,C_dyn_maze_dense,1024,conc,lora,2,1,lora_N1024_conc_s2,focal,1.0,2500,False,2500,2500,,,nan,-1,76.0,0
dynamic,C_dyn_maze_dense,1024,conc,scratch,0,1,scratch_N1024_conc_s0,astar,,2500,False,2500,2500,,,nan,-1,76.0,0
dynamic,C_dyn_maze_dense,1024,conc,scratch,0,1,scratch_N1024_conc_s0,focal,1.0,2500,False,2500,2500,,,nan,-1,76.0,0
dynamic,C_dyn_maze_dense,1024,conc,scratch,1,1,scratch_N1024_conc_s1,astar,,2500,False,2500,2500,,,nan,-1,76.0,0
dynamic,C_dyn_maze_dense,1024,conc,scratch,1,1,scratch_N1024_conc_s1,focal,1.0,2500,False,2500,2500,,,nan,-1,76.0,0
dynamic,C_dyn_maze_dense,1024,conc,scratch,2,1,scratch_N1024_conc_s2,astar,,2500,False,2500,2500,,,nan,-1,76.0,0
dynamic,C_dyn_maze_dense,1024,conc,scratch,2,1,scratch_N1024_conc_s2,focal,1.0,2500,False,2500,2500,,,nan,-1,76.0,0
dynamic,C_dyn_maze_dense,1024,dist,full_ft,0,1,full_ft_N1024_dist_s0,astar,,2500,True,967,967,,,1.0,76,76.0,0
dynamic,C_dyn_maze_dense,1024,dist,full_ft,0,1,full_ft_N1024_dist_s0,focal,1.0,2500,False,2500,2500,,,nan,-1,76.0,0
dynamic,C_dyn_maze_dense,1024,dist,full_ft,1,1,full_ft_N1024_dist_s1,astar,,2500,True,1036,1036,,,1.0,76,76.0,0
dynamic,C_dyn_maze_dense,1024,dist,full_ft,1,1,full_ft_N1024_dist_s1,focal,1.0,2500,False,2500,2500,,,nan,-1,76.0,0
dynamic,C_dyn_maze_dense,1024,dist,full_ft,2,1,full_ft_N1024_dist_s2,astar,,2500,True,1089,1089,,,1.0,76,76.0,0
dynamic,C_dyn_maze_dense,1024,dist,full_ft,2,1,full_ft_N1024_dist_s2,focal,1.0,2500,False,2500,2500,,,nan,-1,76.0,0
dynamic,C_dyn_maze_dense,1024,dist,lora,0,1,lora_N1024_dist_s0,astar,,2500,True,1926,1926,,,1.0,76,76.0,0
dynamic,C_dyn_maze_dense,1024,dist,lora,0,1,lora_N1024_dist_s0,focal,1.0,2500,False,2500,2500,,,nan,-1,76.0,0
dynamic,C_dyn_maze_dense,1024,dist,lora,1,1,lora_N1024_dist_s1,astar,,2500,True,1607,1607,,,1.0,76,76.0,0
dynamic,C_dyn_maze_dense,1024,dist,lora,1,1,lora_N1024_dist_s1,focal,1.0,2500,False,2500,2500,,,nan,-1,76.0,0
dynamic,C_dyn_maze_dense,1024,dist,lora,2,1,lora_N1024_dist_s2,astar,,2500,True,1911,1911,,,1.0,76,76.0,0
dynamic,C_dyn_maze_dense,1024,dist,lora,2,1,lora_N1024_dist_s2,focal,1.0,2500,False,2500,2500,,,nan,-1,76.0,0
dynamic,C_dyn_maze_dense,1024,dist,scratch,0,1,scratch_N1024_dist_s0,astar,,2500,True,1180,1180,,,1.0,76,76.0,0
dynamic,C_dyn_maze_dense,1024,dist,scratch,0,1,scratch_N1024_dist_s0,focal,1.0,2500,False,2500,2500,,,nan,-1,76.0,0
dynamic,C_dyn_maze_dense,1024,dist,scratch,1,1,scratch_N1024_dist_s1,astar,,2500,True,1119,1119,,,1.0,76,76.0,0
dynamic,C_dyn_maze_dense,1024,dist,scratch,1,1,scratch_N1024_dist_s1,focal,1.0,2500,False,2500,2500,,,nan,-1,76.0,0
dynamic,C_dyn_maze_dense,1024,dist,scratch,2,1,scratch_N1024_dist_s2,astar,,2500,True,1307,1307,,,1.0,76,76.0,0
dynamic,C_dyn_maze_dense,1024,dist,scratch,2,1,scratch_N1024_dist_s2,focal,1.0,2500,False,2500,2500,,,nan,-1,76.0,0
dynamic,C_dyn_maze_dense,16384,conc,full_ft,0,1,full_ft_N16384_conc_s0,astar,,2500,False,2500,2500,,,nan,-1,76.0,0
dynamic,C_dyn_maze_dense,16384,conc,full_ft,0,1,full_ft_N16384_conc_s0,focal,1.0,2500,False,2500,2500,,,nan,-1,76.0,0
dynamic,C_dyn_maze_dense,16384,conc,full_ft,1,1,full_ft_N16384_conc_s1,astar,,2500,False,2500,2500,,,nan,-1,76.0,0
dynamic,C_dyn_maze_dense,16384,conc,full_ft,1,1,full_ft_N16384_conc_s1,focal,1.0,2500,False,2500,2500,,,nan,-1,76.0,0
dynamic,C_dyn_maze_dense,16384,conc,full_ft,2,1,full_ft_N16384_conc_s2,astar,,2500,False,2500,2500,,,nan,-1,76.0,0
dynamic,C_dyn_maze_dense,16384,conc,full_ft,2,1,full_ft_N16384_conc_s2,focal,1.0,2500,False,2500,2500,,,nan,-1,76.0,0
dynamic,C_dyn_maze_dense,16384,conc,lora,0,1,lora_N16384_conc_s0,astar,,2500,True,2302,2302,,,1.0,76,76.0,0
dynamic,C_dyn_maze_dense,16384,conc,lora,0,1,lora_N16384_conc_s0,focal,1.0,2500,False,2500,2500,,,nan,-1,76.0,0
dynamic,C_dyn_maze_dense,16384,conc,lora,1,1,lora_N16384_conc_s1,astar,,2500,True,2055,2055,,,1.0,76,76.0,0
dynamic,C_dyn_maze_dense,16384,conc,lora,1,1,lora_N16384_conc_s1,focal,1.0,2500,False,2500,2500,,,nan,-1,76.0,0
dynamic,C_dyn_maze_dense,16384,conc,lora,2,1,lora_N16384_conc_s2,astar,,2500,True,2173,2173,,,1.0,76,76.0,0
dynamic,C_dyn_maze_dense,16384,conc,lora,2,1,lora_N16384_conc_s2,focal,1.0,2500,False,2500,2500,,,nan,-1,76.0,0
dynamic,C_dyn_maze_dense,16384,conc,scratch,0,1,scratch_N16384_conc_s0,astar,,2500,False,2500,2500,,,nan,-1,76.0,0
dynamic,C_dyn_maze_dense,16384,conc,scratch,0,1,scratch_N16384_conc_s0,focal,1.0,2500,False,2500,2500,,,nan,-1,76.0,0
dynamic,C_dyn_maze_dense,16384,conc,scratch,1,1,scratch_N16384_conc_s1,astar,,2500,False,2500,2500,,,nan,-1,76.0,0
dynamic,C_dyn_maze_dense,16384,conc,scratch,1,1,scratch_N16384_conc_s1,focal,1.0,2500,False,2500,2500,,,nan,-1,76.0,0
dynamic,C_dyn_maze_dense,16384,conc,scratch,2,1,scratch_N16384_conc_s2,astar,,2500,False,2500,2500,,,nan,-1,76.0,0
dynamic,C_dyn_maze_dense,16384,conc,scratch,2,1,scratch_N16384_conc_s2,focal,1.0,2500,False,2500,2500,,,nan,-1,76.0,0
dynamic,C_dyn_maze_dense,16384,dist,full_ft,0,1,full_ft_N16384_dist_s0,astar,,2500,True,864,864,,,1.0,76,76.0,0
dynamic,C_dyn_maze_dense,16384,dist,full_ft,0,1,full_ft_N16384_dist_s0,focal,1.0,2500,False,2500,2500,,,nan,-1,76.0,0
dynamic,C_dyn_maze_dense,16384,dist,full_ft,1,1,full_ft_N16384_dist_s1,astar,,2500,True,879,879,,,1.0,76,76.0,0
dynamic,C_dyn_maze_dense,16384,dist,full_ft,1,1,full_ft_N16384_dist_s1,focal,1.0,2500,False,2500,2500,,,nan,-1,76.0,0
dynamic,C_dyn_maze_dense,16384,dist,full_ft,2,1,full_ft_N16384_dist_s2,astar,,2500,True,1027,1027,,,1.0,76,76.0,0
dynamic,C_dyn_maze_dense,16384,dist,full_ft,2,1,full_ft_N16384_dist_s2,focal,1.0,2500,False,2500,2500,,,nan,-1,76.0,0
dynamic,C_dyn_maze_dense,16384,dist,lora,0,1,lora_N16384_dist_s0,astar,,2500,True,1100,1100,,,1.0,76,76.0,0
dynamic,C_dyn_maze_dense,16384,dist,lora,0,1,lora_N16384_dist_s0,focal,1.0,2500,False,2500,2500,,,nan,-1,76.0,0
dynamic,C_dyn_maze_dense,16384,dist,lora,1,1,lora_N16384_dist_s1,astar,,2500,True,1312,1312,,,1.0,76,76.0,0
dynamic,C_dyn_maze_dense,16384,dist,lora,1,1,lora_N16384_dist_s1,focal,1.0,2500,False,2500,2500,,,nan,-1,76.0,0
dynamic,C_dyn_maze_dense,16384,dist,lora,2,1,lora_N16384_dist_s2,astar,,2500,True,1073,1073,,,1.0,76,76.0,0
dynamic,C_dyn_maze_dense,16384,dist,lora,2,1,lora_N16384_dist_s2,focal,1.0,2500,False,2500,2500,,,nan,-1,76.0,0
dynamic,C_dyn_maze_dense,16384,dist,scratch,0,1,scratch_N16384_dist_s0,astar,,2500,True,1058,1058,,,1.0,76,76.0,0
dynamic,C_dyn_maze_dense,16384,dist,scratch,0,1,scratch_N16384_dist_s0,focal,1.0,2500,False,2500,2500,,,nan,-1,76.0,0
dynamic,C_dyn_maze_dense,16384,dist,scratch,1,1,scratch_N16384_dist_s1,astar,,2500,True,1270,1270,,,1.0,76,76.0,0
dynamic,C_dyn_maze_dense,16384,dist,scratch,1,1,scratch_N16384_dist_s1,focal,1.0,2500,False,2500,2500,,,nan,-1,76.0,0
dynamic,C_dyn_maze_dense,16384,dist,scratch,2,1,scratch_N16384_dist_s2,astar,,2500,True,1136,1136,,,1.0,76,76.0,0
dynamic,C_dyn_maze_dense,16384,dist,scratch,2,1,scratch_N16384_dist_s2,focal,1.0,2500,False,2500,2500,,,nan,-1,76.0,0
dynamic,C_dyn_maze_dense,256,conc,full_ft,0,1,full_ft_N256_conc_s0,astar,,2500,False,2500,2500,,,nan,-1,76.0,0
dynamic,C_dyn_maze_dense,256,conc,full_ft,0,1,full_ft_N256_conc_s0,focal,1.0,2500,False,2500,2500,,,nan,-1,76.0,0
dynamic,C_dyn_maze_dense,256,conc,full_ft,1,1,full_ft_N256_conc_s1,astar,,2500,False,2500,2500,,,nan,-1,76.0,0
dynamic,C_dyn_maze_dense,256,conc,full_ft,1,1,full_ft_N256_conc_s1,focal,1.0,2500,False,2500,2500,,,nan,-1,76.0,0
dynamic,C_dyn_maze_dense,256,conc,full_ft,2,1,full_ft_N256_conc_s2,astar,,2500,False,2500,2500,,,nan,-1,76.0,0
dynamic,C_dyn_maze_dense,256,conc,full_ft,2,1,full_ft_N256_conc_s2,focal,1.0,2500,False,2500,2500,,,nan,-1,76.0,0
dynamic,C_dyn_maze_dense,256,conc,lora,0,1,lora_N256_conc_s0,astar,,2500,True,1862,1862,,,1.0921052631578947,83,76.0,0
dynamic,C_dyn_maze_dense,256,conc,lora,0,1,lora_N256_conc_s0,focal,1.0,2500,False,2500,2500,,,nan,-1,76.0,0
dynamic,C_dyn_maze_dense,256,conc,lora,1,1,lora_N256_conc_s1,astar,,2500,True,2042,2042,,,1.0921052631578947,83,76.0,0
dynamic,C_dyn_maze_dense,256,conc,lora,1,1,lora_N256_conc_s1,focal,1.0,2500,False,2500,2500,,,nan,-1,76.0,0
dynamic,C_dyn_maze_dense,256,conc,lora,2,1,lora_N256_conc_s2,astar,,2500,True,1900,1900,,,1.105263157894737,84,76.0,0
dynamic,C_dyn_maze_dense,256,conc,lora,2,1,lora_N256_conc_s2,focal,1.0,2500,False,2500,2500,,,nan,-1,76.0,0
dynamic,C_dyn_maze_dense,256,conc,scratch,0,1,scratch_N256_conc_s0,astar,,2500,False,2500,2500,,,nan,-1,76.0,0
dynamic,C_dyn_maze_dense,256,conc,scratch,0,1,scratch_N256_conc_s0,focal,1.0,2500,False,2500,2500,,,nan,-1,76.0,0
dynamic,C_dyn_maze_dense,256,conc,scratch,1,1,scratch_N256_conc_s1,astar,,2500,False,2500,2500,,,nan,-1,76.0,0
dynamic,C_dyn_maze_dense,256,conc,scratch,1,1,scratch_N256_conc_s1,focal,1.0,2500,False,2500,2500,,,nan,-1,76.0,0
dynamic,C_dyn_maze_dense,256,conc,scratch,2,1,scratch_N256_conc_s2,astar,,2500,False,2500,2500,,,nan,-1,76.0,0
dynamic,C_dyn_maze_dense,256,conc,scratch,2,1,scratch_N256_conc_s2,focal,1.0,2500,False,2500,2500,,,nan,-1,76.0,0
dynamic,C_dyn_maze_dense,256,dist,full_ft,0,1,full_ft_N256_dist_s0,astar,,2500,True,1237,1237,,,1.0263157894736843,78,76.0,0
dynamic,C_dyn_maze_dense,256,dist,full_ft,0,1,full_ft_N256_dist_s0,focal,1.0,2500,False,2500,2500,,,nan,-1,76.0,0
dynamic,C_dyn_maze_dense,256,dist,full_ft,1,1,full_ft_N256_dist_s1,astar,,2500,True,1480,1480,,,1.0263157894736843,78,76.0,0
dynamic,C_dyn_maze_dense,256,dist,full_ft,1,1,full_ft_N256_dist_s1,focal,1.0,2500,False,2500,2500,,,nan,-1,76.0,0
dynamic,C_dyn_maze_dense,256,dist,full_ft,2,1,full_ft_N256_dist_s2,astar,,2500,True,881,881,,,1.0,76,76.0,0
dynamic,C_dyn_maze_dense,256,dist,full_ft,2,1,full_ft_N256_dist_s2,focal,1.0,2500,False,2500,2500,,,nan,-1,76.0,0
dynamic,C_dyn_maze_dense,256,dist,lora,0,1,lora_N256_dist_s0,astar,,2500,True,1636,1636,,,1.0,76,76.0,0
dynamic,C_dyn_maze_dense,256,dist,lora,0,1,lora_N256_dist_s0,focal,1.0,2500,False,2500,2500,,,nan,-1,76.0,0
dynamic,C_dyn_maze_dense,256,dist,lora,1,1,lora_N256_dist_s1,astar,,2500,True,1716,1716,,,1.0,76,76.0,0
dynamic,C_dyn_maze_dense,256,dist,lora,1,1,lora_N256_dist_s1,focal,1.0,2500,False,2500,2500,,,nan,-1,76.0,0
dynamic,C_dyn_maze_dense,256,dist,lora,2,1,lora_N256_dist_s2,astar,,2500,True,1835,1835,,,1.0,76,76.0,0
dynamic,C_dyn_maze_dense,256,dist,lora,2,1,lora_N256_dist_s2,focal,1.0,2500,False,2500,2500,,,nan,-1,76.0,0
dynamic,C_dyn_maze_dense,256,dist,scratch,0,1,scratch_N256_dist_s0,astar,,2500,True,1216,1216,,,1.0,76,76.0,0
dynamic,C_dyn_maze_dense,256,dist,scratch,0,1,scratch_N256_dist_s0,focal,1.0,2500,False,2500,2500,,,nan,-1,76.0,0
dynamic,C_dyn_maze_dense,256,dist,scratch,1,1,scratch_N256_dist_s1,astar,,2500,True,1141,1141,,,1.0,76,76.0,0
dynamic,C_dyn_maze_dense,256,dist,scratch,1,1,scratch_N256_dist_s1,focal,1.0,2500,False,2500,2500,,,nan,-1,76.0,0
dynamic,C_dyn_maze_dense,256,dist,scratch,2,1,scratch_N256_dist_s2,astar,,2500,True,1057,1057,,,1.0,76,76.0,0
dynamic,C_dyn_maze_dense,256,dist,scratch,2,1,scratch_N256_dist_s2,focal,1.0,2500,False,2500,2500,,,nan,-1,76.0,0
dynamic,C_dyn_maze_dense,4096,conc,full_ft,0,1,full_ft_N4096_conc_s0,astar,,2500,False,2500,2500,,,nan,-1,76.0,0
dynamic,C_dyn_maze_dense,4096,conc,full_ft,0,1,full_ft_N4096_conc_s0,focal,1.0,2500,False,2500,2500,,,nan,-1,76.0,0
dynamic,C_dyn_maze_dense,4096,conc,full_ft,1,1,full_ft_N4096_conc_s1,astar,,2500,False,2500,2500,,,nan,-1,76.0,0
dynamic,C_dyn_maze_dense,4096,conc,full_ft,1,1,full_ft_N4096_conc_s1,focal,1.0,2500,False,2500,2500,,,nan,-1,76.0,0
dynamic,C_dyn_maze_dense,4096,conc,full_ft,2,1,full_ft_N4096_conc_s2,astar,,2500,False,2500,2500,,,nan,-1,76.0,0
dynamic,C_dyn_maze_dense,4096,conc,full_ft,2,1,full_ft_N4096_conc_s2,focal,1.0,2500,False,2500,2500,,,nan,-1,76.0,0
dynamic,C_dyn_maze_dense,4096,conc,lora,0,1,lora_N4096_conc_s0,astar,,2500,True,1654,1654,,,1.0,76,76.0,0
dynamic,C_dyn_maze_dense,4096,conc,lora,0,1,lora_N4096_conc_s0,focal,1.0,2500,False,2500,2500,,,nan,-1,76.0,0
dynamic,C_dyn_maze_dense,4096,conc,lora,1,1,lora_N4096_conc_s1,astar,,2500,True,1474,1474,,,1.0,76,76.0,0
dynamic,C_dyn_maze_dense,4096,conc,lora,1,1,lora_N4096_conc_s1,focal,1.0,2500,False,2500,2500,,,nan,-1,76.0,0
dynamic,C_dyn_maze_dense,4096,conc,lora,2,1,lora_N4096_conc_s2,astar,,2500,True,1590,1590,,,1.0,76,76.0,0
dynamic,C_dyn_maze_dense,4096,conc,lora,2,1,lora_N4096_conc_s2,focal,1.0,2500,False,2500,2500,,,nan,-1,76.0,0
dynamic,C_dyn_maze_dense,4096,conc,scratch,0,1,scratch_N4096_conc_s0,astar,,2500,False,2500,2500,,,nan,-1,76.0,0
dynamic,C_dyn_maze_dense,4096,conc,scratch,0,1,scratch_N4096_conc_s0,focal,1.0,2500,False,2500,2500,,,nan,-1,76.0,0
dynamic,C_dyn_maze_dense,4096,conc,scratch,1,1,scratch_N4096_conc_s1,astar,,2500,False,2500,2500,,,nan,-1,76.0,0
dynamic,C_dyn_maze_dense,4096,conc,scratch,1,1,scratch_N4096_conc_s1,focal,1.0,2500,False,2500,2500,,,nan,-1,76.0,0
dynamic,C_dyn_maze_dense,4096,conc,scratch,2,1,scratch_N4096_conc_s2,astar,,2500,False,2500,2500,,,nan,-1,76.0,0
dynamic,C_dyn_maze_dense,4096,conc,scratch,2,1,scratch_N4096_conc_s2,focal,1.0,2500,False,2500,2500,,,nan,-1,76.0,0
dynamic,C_dyn_maze_dense,4096,dist,full_ft,0,1,full_ft_N4096_dist_s0,astar,,2500,True,1007,1007,,,1.0,76,76.0,0
dynamic,C_dyn_maze_dense,4096,dist,full_ft,0,1,full_ft_N4096_dist_s0,focal,1.0,2500,False,2500,2500,,,nan,-1,76.0,0
dynamic,C_dyn_maze_dense,4096,dist,full_ft,1,1,full_ft_N4096_dist_s1,astar,,2500,True,1086,1086,,,1.0,76,76.0,0
dynamic,C_dyn_maze_dense,4096,dist,full_ft,1,1,full_ft_N4096_dist_s1,focal,1.0,2500,False,2500,2500,,,nan,-1,76.0,0
dynamic,C_dyn_maze_dense,4096,dist,full_ft,2,1,full_ft_N4096_dist_s2,astar,,2500,True,948,948,,,1.0,76,76.0,0
dynamic,C_dyn_maze_dense,4096,dist,full_ft,2,1,full_ft_N4096_dist_s2,focal,1.0,2500,False,2500,2500,,,nan,-1,76.0,0
dynamic,C_dyn_maze_dense,4096,dist,lora,0,1,lora_N4096_dist_s0,astar,,2500,True,1346,1346,,,1.0,76,76.0,0
dynamic,C_dyn_maze_dense,4096,dist,lora,0,1,lora_N4096_dist_s0,focal,1.0,2500,False,2500,2500,,,nan,-1,76.0,0
dynamic,C_dyn_maze_dense,4096,dist,lora,1,1,lora_N4096_dist_s1,astar,,2500,True,1463,1463,,,1.0,76,76.0,0
dynamic,C_dyn_maze_dense,4096,dist,lora,1,1,lora_N4096_dist_s1,focal,1.0,2500,False,2500,2500,,,nan,-1,76.0,0
dynamic,C_dyn_maze_dense,4096,dist,lora,2,1,lora_N4096_dist_s2,astar,,2500,True,1492,1492,,,1.0,76,76.0,0
dynamic,C_dyn_maze_dense,4096,dist,lora,2,1,lora_N4096_dist_s2,focal,1.0,2500,False,2500,2500,,,nan,-1,76.0,0
dynamic,C_dyn_maze_dense,4096,dist,scratch,0,1,scratch_N4096_dist_s0,astar,,2500,True,1083,1083,,,1.0,76,76.0,0
dynamic,C_dyn_maze_dense,4096,dist,scratch,0,1,scratch_N4096_dist_s0,focal,1.0,2500,False,2500,2500,,,nan,-1,76.0,0
dynamic,C_dyn_maze_dense,4096,dist,scratch,1,1,scratch_N4096_dist_s1,astar,,2500,True,1127,1127,,,1.0,76,76.0,0
dynamic,C_dyn_maze_dense,4096,dist,scratch,1,1,scratch_N4096_dist_s1,focal,1.0,2500,False,2500,2500,,,nan,-1,76.0,0
dynamic,C_dyn_maze_dense,4096,dist,scratch,2,1,scratch_N4096_dist_s2,astar,,2500,True,1123,1123,,,1.0,76,76.0,0
dynamic,C_dyn_maze_dense,4096,dist,scratch,2,1,scratch_N4096_dist_s2,focal,1.0,2500,False,2500,2500,,,nan,-1,76.0,0
dynamic,C_dyn_maze_dense,65536,conc,full_ft,0,1,full_ft_N65536_conc_s0,astar,,2500,True,1363,1363,,,1.0526315789473684,80,76.0,0
dynamic,C_dyn_maze_dense,65536,conc,full_ft,0,1,full_ft_N65536_conc_s0,focal,1.0,2500,False,2500,2500,,,nan,-1,76.0,0
dynamic,C_dyn_maze_dense,65536,conc,full_ft,1,1,full_ft_N65536_conc_s1,astar,,2500,True,1215,1215,,,1.0,76,76.0,0
dynamic,C_dyn_maze_dense,65536,conc,full_ft,1,1,full_ft_N65536_conc_s1,focal,1.0,2500,False,2500,2500,,,nan,-1,76.0,0
dynamic,C_dyn_maze_dense,65536,conc,full_ft,2,1,full_ft_N65536_conc_s2,astar,,2500,True,1093,1093,,,1.0263157894736843,78,76.0,0
dynamic,C_dyn_maze_dense,65536,conc,full_ft,2,1,full_ft_N65536_conc_s2,focal,1.0,2500,False,2500,2500,,,nan,-1,76.0,0
dynamic,C_dyn_maze_dense,65536,conc,lora,0,1,lora_N65536_conc_s0,astar,,2500,True,1384,1384,,,1.0,76,76.0,0
dynamic,C_dyn_maze_dense,65536,conc,lora,0,1,lora_N65536_conc_s0,focal,1.0,2500,False,2500,2500,,,nan,-1,76.0,0
dynamic,C_dyn_maze_dense,65536,conc,lora,1,1,lora_N65536_conc_s1,astar,,2500,True,1280,1280,,,1.0,76,76.0,0
dynamic,C_dyn_maze_dense,65536,conc,lora,1,1,lora_N65536_conc_s1,focal,1.0,2500,False,2500,2500,,,nan,-1,76.0,0
dynamic,C_dyn_maze_dense,65536,conc,lora,2,1,lora_N65536_conc_s2,astar,,2500,True,1408,1408,,,1.0,76,76.0,0
dynamic,C_dyn_maze_dense,65536,conc,lora,2,1,lora_N65536_conc_s2,focal,1.0,2500,False,2500,2500,,,nan,-1,76.0,0
dynamic,C_dyn_maze_dense,65536,conc,scratch,0,1,scratch_N65536_conc_s0,astar,,2500,True,872,872,,,1.0,76,76.0,0
dynamic,C_dyn_maze_dense,65536,conc,scratch,0,1,scratch_N65536_conc_s0,focal,1.0,2500,False,2500,2500,,,nan,-1,76.0,0
dynamic,C_dyn_maze_dense,65536,conc,scratch,1,1,scratch_N65536_conc_s1,astar,,2500,True,1030,1030,,,1.0,76,76.0,0
dynamic,C_dyn_maze_dense,65536,conc,scratch,1,1,scratch_N65536_conc_s1,focal,1.0,2500,False,2500,2500,,,nan,-1,76.0,0
dynamic,C_dyn_maze_dense,65536,conc,scratch,2,1,scratch_N65536_conc_s2,astar,,2500,True,1151,1151,,,1.013157894736842,77,76.0,0
dynamic,C_dyn_maze_dense,65536,conc,scratch,2,1,scratch_N65536_conc_s2,focal,1.0,2500,False,2500,2500,,,nan,-1,76.0,0
dynamic,C_dyn_maze_dense,65536,dist,full_ft,0,1,full_ft_N65536_dist_s0,astar,,2500,True,844,844,,,1.0263157894736843,78,76.0,0
dynamic,C_dyn_maze_dense,65536,dist,full_ft,0,1,full_ft_N65536_dist_s0,focal,1.0,2500,False,2500,2500,,,nan,-1,76.0,0
dynamic,C_dyn_maze_dense,65536,dist,full_ft,1,1,full_ft_N65536_dist_s1,astar,,2500,True,679,679,,,1.0,76,76.0,0
dynamic,C_dyn_maze_dense,65536,dist,full_ft,1,1,full_ft_N65536_dist_s1,focal,1.0,2500,False,2500,2500,,,nan,-1,76.0,0
dynamic,C_dyn_maze_dense,65536,dist,full_ft,2,1,full_ft_N65536_dist_s2,astar,,2500,True,812,812,,,1.0,76,76.0,0
dynamic,C_dyn_maze_dense,65536,dist,full_ft,2,1,full_ft_N65536_dist_s2,focal,1.0,2500,False,2500,2500,,,nan,-1,76.0,0
dynamic,C_dyn_maze_dense,65536,dist,lora,0,1,lora_N65536_dist_s0,astar,,2500,True,927,927,,,1.0,76,76.0,0
dynamic,C_dyn_maze_dense,65536,dist,lora,0,1,lora_N65536_dist_s0,focal,1.0,2500,False,2500,2500,,,nan,-1,76.0,0
dynamic,C_dyn_maze_dense,65536,dist,lora,1,1,lora_N65536_dist_s1,astar,,2500,True,955,955,,,1.0,76,76.0,0
dynamic,C_dyn_maze_dense,65536,dist,lora,1,1,lora_N65536_dist_s1,focal,1.0,2500,False,2500,2500,,,nan,-1,76.0,0
dynamic,C_dyn_maze_dense,65536,dist,lora,2,1,lora_N65536_dist_s2,astar,,2500,True,1023,1023,,,1.0,76,76.0,0
dynamic,C_dyn_maze_dense,65536,dist,lora,2,1,lora_N65536_dist_s2,focal,1.0,2500,False,2500,2500,,,nan,-1,76.0,0
dynamic,C_dyn_maze_dense,65536,dist,scratch,0,1,scratch_N65536_dist_s0,astar,,2500,True,1058,1058,,,1.0,76,76.0,0
dynamic,C_dyn_maze_dense,65536,dist,scratch,0,1,scratch_N65536_dist_s0,focal,1.0,2500,False,2500,2500,,,nan,-1,76.0,0
dynamic,C_dyn_maze_dense,65536,dist,scratch,1,1,scratch_N65536_dist_s1,astar,,2500,True,902,902,,,1.0,76,76.0,0
dynamic,C_dyn_maze_dense,65536,dist,scratch,1,1,scratch_N65536_dist_s1,focal,1.0,2500,False,2500,2500,,,nan,-1,76.0,0
dynamic,C_dyn_maze_dense,65536,dist,scratch,2,1,scratch_N65536_dist_s2,astar,,2500,True,965,965,,,1.0,76,76.0,0
dynamic,C_dyn_maze_dense,65536,dist,scratch,2,1,scratch_N65536_dist_s2,focal,1.0,2500,False,2500,2500,,,nan,-1,76.0,0
dynamic,C_dyn_maze_dense,-1,,euclid,-1,2,euclid,astar,,2500,False,2500,2500,,,nan,-1,62.0,0
dynamic,C_dyn_maze_dense,-1,,euclid,-1,2,euclid,focal,1.0,2500,False,2500,2500,,,nan,-1,62.0,0
dynamic,C_dyn_maze_dense,-1,,oracle,-1,2,oracle,astar,,2500,True,43,43,,,1.0,62,62.0,0
dynamic,C_dyn_maze_dense,-1,,oracle,-1,2,oracle,focal,1.0,2500,False,2500,2500,,,nan,-1,62.0,0
dynamic,C_dyn_maze_dense,0,,zero_shot,-1,2,zeroshot_field_unet_blind,astar,,2500,True,1384,1384,,,1.0,62,62.0,0
dynamic,C_dyn_maze_dense,0,,zero_shot,-1,2,zeroshot_field_unet_blind,focal,1.0,2500,False,2500,2500,,,nan,-1,62.0,0
dynamic,C_dyn_maze_dense,1024,conc,full_ft,0,2,full_ft_N1024_conc_s0,astar,,2500,True,927,927,,,1.0161290322580645,63,62.0,0
dynamic,C_dyn_maze_dense,1024,conc,full_ft,0,2,full_ft_N1024_conc_s0,focal,1.0,2500,False,2500,2500,,,nan,-1,62.0,0
dynamic,C_dyn_maze_dense,1024,conc,full_ft,1,2,full_ft_N1024_conc_s1,astar,,2500,True,772,772,,,1.032258064516129,64,62.0,0
dynamic,C_dyn_maze_dense,1024,conc,full_ft,1,2,full_ft_N1024_conc_s1,focal,1.0,2500,False,2500,2500,,,nan,-1,62.0,0
dynamic,C_dyn_maze_dense,1024,conc,full_ft,2,2,full_ft_N1024_conc_s2,astar,,2500,True,892,892,,,1.032258064516129,64,62.0,0
dynamic,C_dyn_maze_dense,1024,conc,full_ft,2,2,full_ft_N1024_conc_s2,focal,1.0,2500,False,2500,2500,,,nan,-1,62.0,0
dynamic,C_dyn_maze_dense,1024,conc,lora,0,2,lora_N1024_conc_s0,astar,,2500,True,1897,1897,,,1.0161290322580645,63,62.0,0
dynamic,C_dyn_maze_dense,1024,conc,lora,0,2,lora_N1024_conc_s0,focal,1.0,2500,False,2500,2500,,,nan,-1,62.0,0
dynamic,C_dyn_maze_dense,1024,conc,lora,1,2,lora_N1024_conc_s1,astar,,2500,True,2043,2043,,,1.064516129032258,66,62.0,0
dynamic,C_dyn_maze_dense,1024,conc,lora,1,2,lora_N1024_conc_s1,focal,1.0,2500,False,2500,2500,,,nan,-1,62.0,0
dynamic,C_dyn_maze_dense,1024,conc,lora,2,2,lora_N1024_conc_s2,astar,,2500,True,2343,2343,,,1.064516129032258,66,62.0,0
dynamic,C_dyn_maze_dense,1024,conc,lora,2,2,lora_N1024_conc_s2,focal,1.0,2500,False,2500,2500,,,nan,-1,62.0,0
dynamic,C_dyn_maze_dense,1024,conc,scratch,0,2,scratch_N1024_conc_s0,astar,,2500,True,715,715,,,1.0161290322580645,63,62.0,0
dynamic,C_dyn_maze_dense,1024,conc,scratch,0,2,scratch_N1024_conc_s0,focal,1.0,2500,False,2500,2500,,,nan,-1,62.0,0
dynamic,C_dyn_maze_dense,1024,conc,scratch,1,2,scratch_N1024_conc_s1,astar,,2500,True,634,634,,,1.0161290322580645,63,62.0,0
dynamic,C_dyn_maze_dense,1024,conc,scratch,1,2,scratch_N1024_conc_s1,focal,1.0,2500,False,2500,2500,,,nan,-1,62.0,0
dynamic,C_dyn_maze_dense,1024,conc,scratch,2,2,scratch_N1024_conc_s2,astar,,2500,True,910,910,,,1.032258064516129,64,62.0,0
dynamic,C_dyn_maze_dense,1024,conc,scratch,2,2,scratch_N1024_conc_s2,focal,1.0,2500,False,2500,2500,,,nan,-1,62.0,0
dynamic,C_dyn_maze_dense,1024,dist,full_ft,0,2,full_ft_N1024_dist_s0,astar,,2500,True,645,645,,,1.0161290322580645,63,62.0,0
dynamic,C_dyn_maze_dense,1024,dist,full_ft,0,2,full_ft_N1024_dist_s0,focal,1.0,2500,False,2500,2500,,,nan,-1,62.0,0
dynamic,C_dyn_maze_dense,1024,dist,full_ft,1,2,full_ft_N1024_dist_s1,astar,,2500,True,510,510,,,1.0,62,62.0,0
dynamic,C_dyn_maze_dense,1024,dist,full_ft,1,2,full_ft_N1024_dist_s1,focal,1.0,2500,False,2500,2500,,,nan,-1,62.0,0
dynamic,C_dyn_maze_dense,1024,dist,full_ft,2,2,full_ft_N1024_dist_s2,astar,,2500,True,426,426,,,1.0161290322580645,63,62.0,0
dynamic,C_dyn_maze_dense,1024,dist,full_ft,2,2,full_ft_N1024_dist_s2,focal,1.0,2500,False,2500,2500,,,nan,-1,62.0,0
dynamic,C_dyn_maze_dense,1024,dist,lora,0,2,lora_N1024_dist_s0,astar,,2500,True,623,623,,,1.0161290322580645,63,62.0,0
dynamic,C_dyn_maze_dense,1024,dist,lora,0,2,lora_N1024_dist_s0,focal,1.0,2500,False,2500,2500,,,nan,-1,62.0,0
dynamic,C_dyn_maze_dense,1024,dist,lora,1,2,lora_N1024_dist_s1,astar,,2500,True,648,648,,,1.0161290322580645,63,62.0,0
dynamic,C_dyn_maze_dense,1024,dist,lora,1,2,lora_N1024_dist_s1,focal,1.0,2500,False,2500,2500,,,nan,-1,62.0,0
dynamic,C_dyn_maze_dense,1024,dist,lora,2,2,lora_N1024_dist_s2,astar,,2500,True,654,654,,,1.032258064516129,64,62.0,0
dynamic,C_dyn_maze_dense,1024,dist,lora,2,2,lora_N1024_dist_s2,focal,1.0,2500,False,2500,2500,,,nan,-1,62.0,0
dynamic,C_dyn_maze_dense,1024,dist,scratch,0,2,scratch_N1024_dist_s0,astar,,2500,True,504,504,,,1.0,62,62.0,0
dynamic,C_dyn_maze_dense,1024,dist,scratch,0,2,scratch_N1024_dist_s0,focal,1.0,2500,False,2500,2500,,,nan,-1,62.0,0
dynamic,C_dyn_maze_dense,1024,dist,scratch,1,2,scratch_N1024_dist_s1,astar,,2500,True,520,520,,,1.0161290322580645,63,62.0,0
dynamic,C_dyn_maze_dense,1024,dist,scratch,1,2,scratch_N1024_dist_s1,focal,1.0,2500,False,2500,2500,,,nan,-1,62.0,0
dynamic,C_dyn_maze_dense,1024,dist,scratch,2,2,scratch_N1024_dist_s2,astar,,2500,True,943,943,,,1.0,62,62.0,0
dynamic,C_dyn_maze_dense,1024,dist,scratch,2,2,scratch_N1024_dist_s2,focal,1.0,2500,False,2500,2500,,,nan,-1,62.0,0
dynamic,C_dyn_maze_dense,16384,conc,full_ft,0,2,full_ft_N16384_conc_s0,astar,,2500,True,738,738,,,1.032258064516129,64,62.0,0
dynamic,C_dyn_maze_dense,16384,conc,full_ft,0,2,full_ft_N16384_conc_s0,focal,1.0,2500,False,2500,2500,,,nan,-1,62.0,0
dynamic,C_dyn_maze_dense,16384,conc,full_ft,1,2,full_ft_N16384_conc_s1,astar,,2500,True,656,656,,,1.0483870967741935,65,62.0,0
dynamic,C_dyn_maze_dense,16384,conc,full_ft,1,2,full_ft_N16384_conc_s1,focal,1.0,2500,False,2500,2500,,,nan,-1,62.0,0
dynamic,C_dyn_maze_dense,16384,conc,full_ft,2,2,full_ft_N16384_conc_s2,astar,,2500,True,630,630,,,1.032258064516129,64,62.0,0
dynamic,C_dyn_maze_dense,16384,conc,full_ft,2,2,full_ft_N16384_conc_s2,focal,1.0,2500,False,2500,2500,,,nan,-1,62.0,0
dynamic,C_dyn_maze_dense,16384,conc,lora,0,2,lora_N16384_conc_s0,astar,,2500,True,1388,1388,,,1.0483870967741935,65,62.0,0
dynamic,C_dyn_maze_dense,16384,conc,lora,0,2,lora_N16384_conc_s0,focal,1.0,2500,False,2500,2500,,,nan,-1,62.0,0
dynamic,C_dyn_maze_dense,16384,conc,lora,1,2,lora_N16384_conc_s1,astar,,2500,True,1366,1366,,,1.0483870967741935,65,62.0,0
dynamic,C_dyn_maze_dense,16384,conc,lora,1,2,lora_N16384_conc_s1,focal,1.0,2500,False,2500,2500,,,nan,-1,62.0,0
dynamic,C_dyn_maze_dense,16384,conc,lora,2,2,lora_N16384_conc_s2,astar,,2500,True,2237,2237,,,1.2096774193548387,75,62.0,0
dynamic,C_dyn_maze_dense,16384,conc,lora,2,2,lora_N16384_conc_s2,focal,1.0,2500,False,2500,2500,,,nan,-1,62.0,0
dynamic,C_dyn_maze_dense,16384,conc,scratch,0,2,scratch_N16384_conc_s0,astar,,2500,True,799,799,,,1.032258064516129,64,62.0,0
dynamic,C_dyn_maze_dense,16384,conc,scratch,0,2,scratch_N16384_conc_s0,focal,1.0,2500,False,2500,2500,,,nan,-1,62.0,0
dynamic,C_dyn_maze_dense,16384,conc,scratch,1,2,scratch_N16384_conc_s1,astar,,2500,True,1015,1015,,,1.032258064516129,64,62.0,0
dynamic,C_dyn_maze_dense,16384,conc,scratch,1,2,scratch_N16384_conc_s1,focal,1.0,2500,False,2500,2500,,,nan,-1,62.0,0
dynamic,C_dyn_maze_dense,16384,conc,scratch,2,2,scratch_N16384_conc_s2,astar,,2500,True,796,796,,,1.0,62,62.0,0
dynamic,C_dyn_maze_dense,16384,conc,scratch,2,2,scratch_N16384_conc_s2,focal,1.0,2500,False,2500,2500,,,nan,-1,62.0,0
dynamic,C_dyn_maze_dense,16384,dist,full_ft,0,2,full_ft_N16384_dist_s0,astar,,2500,True,518,518,,,1.032258064516129,64,62.0,0
dynamic,C_dyn_maze_dense,16384,dist,full_ft,0,2,full_ft_N16384_dist_s0,focal,1.0,2500,False,2500,2500,,,nan,-1,62.0,0
dynamic,C_dyn_maze_dense,16384,dist,full_ft,1,2,full_ft_N16384_dist_s1,astar,,2500,True,875,875,,,1.0161290322580645,63,62.0,0
dynamic,C_dyn_maze_dense,16384,dist,full_ft,1,2,full_ft_N16384_dist_s1,focal,1.0,2500,False,2500,2500,,,nan,-1,62.0,0
dynamic,C_dyn_maze_dense,16384,dist,full_ft,2,2,full_ft_N16384_dist_s2,astar,,2500,True,577,577,,,1.0161290322580645,63,62.0,0
dynamic,C_dyn_maze_dense,16384,dist,full_ft,2,2,full_ft_N16384_dist_s2,focal,1.0,2500,False,2500,2500,,,nan,-1,62.0,0
dynamic,C_dyn_maze_dense,16384,dist,lora,0,2,lora_N16384_dist_s0,astar,,2500,True,604,604,,,1.0161290322580645,63,62.0,0
dynamic,C_dyn_maze_dense,16384,dist,lora,0,2,lora_N16384_dist_s0,focal,1.0,2500,False,2500,2500,,,nan,-1,62.0,0
dynamic,C_dyn_maze_dense,16384,dist,lora,1,2,lora_N16384_dist_s1,astar,,2500,True,567,567,,,1.0161290322580645,63,62.0,0
dynamic,C_dyn_maze_dense,16384,dist,lora,1,2,lora_N16384_dist_s1,focal,1.0,2500,False,2500,2500,,,nan,-1,62.0,0
dynamic,C_dyn_maze_dense,16384,dist,lora,2,2,lora_N16384_dist_s2,astar,,2500,True,645,645,,,1.0161290322580645,63,62.0,0
dynamic,C_dyn_maze_dense,16384,dist,lora,2,2,lora_N16384_dist_s2,focal,1.0,2500,False,2500,2500,,,nan,-1,62.0,0
dynamic,C_dyn_maze_dense,16384,dist,scratch,0,2,scratch_N16384_dist_s0,astar,,2500,True,633,633,,,1.0,62,62.0,0
dynamic,C_dyn_maze_dense,16384,dist,scratch,0,2,scratch_N16384_dist_s0,focal,1.0,2500,False,2500,2500,,,nan,-1,62.0,0
dynamic,C_dyn_maze_dense,16384,dist,scratch,1,2,scratch_N16384_dist_s1,astar,,2500,True,859,859,,,1.0,62,62.0,0
dynamic,C_dyn_maze_dense,16384,dist,scratch,1,2,scratch_N16384_dist_s1,focal,1.0,2500,False,2500,2500,,,nan,-1,62.0,0
dynamic,C_dyn_maze_dense,16384,dist,scratch,2,2,scratch_N16384_dist_s2,astar,,2500,True,759,759,,,1.032258064516129,64,62.0,0
dynamic,C_dyn_maze_dense,16384,dist,scratch,2,2,scratch_N16384_dist_s2,focal,1.0,2500,False,2500,2500,,,nan,-1,62.0,0
dynamic,C_dyn_maze_dense,256,conc,full_ft,0,2,full_ft_N256_conc_s0,astar,,2500,True,717,717,,,1.0161290322580645,63,62.0,0
dynamic,C_dyn_maze_dense,256,conc,full_ft,0,2,full_ft_N256_conc_s0,focal,1.0,2500,False,2500,2500,,,nan,-1,62.0,0
dynamic,C_dyn_maze_dense,256,conc,full_ft,1,2,full_ft_N256_conc_s1,astar,,2500,True,681,681,,,1.032258064516129,64,62.0,0
dynamic,C_dyn_maze_dense,256,conc,full_ft,1,2,full_ft_N256_conc_s1,focal,1.0,2500,False,2500,2500,,,nan,-1,62.0,0
dynamic,C_dyn_maze_dense,256,conc,full_ft,2,2,full_ft_N256_conc_s2,astar,,2500,True,562,562,,,1.032258064516129,64,62.0,0
dynamic,C_dyn_maze_dense,256,conc,full_ft,2,2,full_ft_N256_conc_s2,focal,1.0,2500,False,2500,2500,,,nan,-1,62.0,0
dynamic,C_dyn_maze_dense,256,conc,lora,0,2,lora_N256_conc_s0,astar,,2500,True,1445,1445,,,1.0483870967741935,65,62.0,0
dynamic,C_dyn_maze_dense,256,conc,lora,0,2,lora_N256_conc_s0,focal,1.0,2500,False,2500,2500,,,nan,-1,62.0,0
dynamic,C_dyn_maze_dense,256,conc,lora,1,2,lora_N256_conc_s1,astar,,2500,True,1528,1528,,,1.032258064516129,64,62.0,0
dynamic,C_dyn_maze_dense,256,conc,lora,1,2,lora_N256_conc_s1,focal,1.0,2500,False,2500,2500,,,nan,-1,62.0,0
dynamic,C_dyn_maze_dense,256,conc,lora,2,2,lora_N256_conc_s2,astar,,2500,True,1436,1436,,,1.032258064516129,64,62.0,0
dynamic,C_dyn_maze_dense,256,conc,lora,2,2,lora_N256_conc_s2,focal,1.0,2500,False,2500,2500,,,nan,-1,62.0,0
dynamic,C_dyn_maze_dense,256,conc,scratch,0,2,scratch_N256_conc_s0,astar,,2500,True,1187,1187,,,1.0161290322580645,63,62.0,0
dynamic,C_dyn_maze_dense,256,conc,scratch,0,2,scratch_N256_conc_s0,focal,1.0,2500,False,2500,2500,,,nan,-1,62.0,0
dynamic,C_dyn_maze_dense,256,conc,scratch,1,2,scratch_N256_conc_s1,astar,,2500,True,916,916,,,1.0,62,62.0,0
dynamic,C_dyn_maze_dense,256,conc,scratch,1,2,scratch_N256_conc_s1,focal,1.0,2500,False,2500,2500,,,nan,-1,62.0,0
dynamic,C_dyn_maze_dense,256,conc,scratch,2,2,scratch_N256_conc_s2,astar,,2500,True,877,877,,,1.0161290322580645,63,62.0,0
dynamic,C_dyn_maze_dense,256,conc,scratch,2,2,scratch_N256_conc_s2,focal,1.0,2500,False,2500,2500,,,nan,-1,62.0,0
dynamic,C_dyn_maze_dense,256,dist,full_ft,0,2,full_ft_N256_dist_s0,astar,,2500,True,532,532,,,1.0,62,62.0,0
dynamic,C_dyn_maze_dense,256,dist,full_ft,0,2,full_ft_N256_dist_s0,focal,1.0,2500,False,2500,2500,,,nan,-1,62.0,0
dynamic,C_dyn_maze_dense,256,dist,full_ft,1,2,full_ft_N256_dist_s1,astar,,2500,True,412,412,,,1.0161290322580645,63,62.0,0
dynamic,C_dyn_maze_dense,256,dist,full_ft,1,2,full_ft_N256_dist_s1,focal,1.0,2500,False,2500,2500,,,nan,-1,62.0,0
dynamic,C_dyn_maze_dense,256,dist,full_ft,2,2,full_ft_N256_dist_s2,astar,,2500,True,440,440,,,1.0161290322580645,63,62.0,0
dynamic,C_dyn_maze_dense,256,dist,full_ft,2,2,full_ft_N256_dist_s2,focal,1.0,2500,False,2500,2500,,,nan,-1,62.0,0
dynamic,C_dyn_maze_dense,256,dist,lora,0,2,lora_N256_dist_s0,astar,,2500,True,1184,1184,,,1.0483870967741935,65,62.0,0
dynamic,C_dyn_maze_dense,256,dist,lora,0,2,lora_N256_dist_s0,focal,1.0,2500,False,2500,2500,,,nan,-1,62.0,0
dynamic,C_dyn_maze_dense,256,dist,lora,1,2,lora_N256_dist_s1,astar,,2500,True,1041,1041,,,1.032258064516129,64,62.0,0
dynamic,C_dyn_maze_dense,256,dist,lora,1,2,lora_N256_dist_s1,focal,1.0,2500,False,2500,2500,,,nan,-1,62.0,0
dynamic,C_dyn_maze_dense,256,dist,lora,2,2,lora_N256_dist_s2,astar,,2500,True,1053,1053,,,1.032258064516129,64,62.0,0
dynamic,C_dyn_maze_dense,256,dist,lora,2,2,lora_N256_dist_s2,focal,1.0,2500,False,2500,2500,,,nan,-1,62.0,0
dynamic,C_dyn_maze_dense,256,dist,scratch,0,2,scratch_N256_dist_s0,astar,,2500,True,733,733,,,1.0161290322580645,63,62.0,0
dynamic,C_dyn_maze_dense,256,dist,scratch,0,2,scratch_N256_dist_s0,focal,1.0,2500,False,2500,2500,,,nan,-1,62.0,0
dynamic,C_dyn_maze_dense,256,dist,scratch,1,2,scratch_N256_dist_s1,astar,,2500,True,818,818,,,1.0161290322580645,63,62.0,0
dynamic,C_dyn_maze_dense,256,dist,scratch,1,2,scratch_N256_dist_s1,focal,1.0,2500,False,2500,2500,,,nan,-1,62.0,0
dynamic,C_dyn_maze_dense,256,dist,scratch,2,2,scratch_N256_dist_s2,astar,,2500,True,1042,1042,,,1.0,62,62.0,0
dynamic,C_dyn_maze_dense,256,dist,scratch,2,2,scratch_N256_dist_s2,focal,1.0,2500,False,2500,2500,,,nan,-1,62.0,0
dynamic,C_dyn_maze_dense,4096,conc,full_ft,0,2,full_ft_N4096_conc_s0,astar,,2500,True,803,803,,,1.0,62,62.0,0
dynamic,C_dyn_maze_dense,4096,conc,full_ft,0,2,full_ft_N4096_conc_s0,focal,1.0,2500,False,2500,2500,,,nan,-1,62.0,0
dynamic,C_dyn_maze_dense,4096,conc,full_ft,1,2,full_ft_N4096_conc_s1,astar,,2500,True,1076,1076,,,1.1612903225806452,72,62.0,0
dynamic,C_dyn_maze_dense,4096,conc,full_ft,1,2,full_ft_N4096_conc_s1,focal,1.0,2500,False,2500,2500,,,nan,-1,62.0,0
dynamic,C_dyn_maze_dense,4096,conc,full_ft,2,2,full_ft_N4096_conc_s2,astar,,2500,True,975,975,,,1.032258064516129,64,62.0,0
dynamic,C_dyn_maze_dense,4096,conc,full_ft,2,2,full_ft_N4096_conc_s2,focal,1.0,2500,False,2500,2500,,,nan,-1,62.0,0
dynamic,C_dyn_maze_dense,4096,conc,lora,0,2,lora_N4096_conc_s0,astar,,2500,True,1653,1653,,,1.064516129032258,66,62.0,0
dynamic,C_dyn_maze_dense,4096,conc,lora,0,2,lora_N4096_conc_s0,focal,1.0,2500,False,2500,2500,,,nan,-1,62.0,0
dynamic,C_dyn_maze_dense,4096,conc,lora,1,2,lora_N4096_conc_s1,astar,,2500,True,1903,1903,,,1.064516129032258,66,62.0,0
dynamic,C_dyn_maze_dense,4096,conc,lora,1,2,lora_N4096_conc_s1,focal,1.0,2500,False,2500,2500,,,nan,-1,62.0,0
dynamic,C_dyn_maze_dense,4096,conc,lora,2,2,lora_N4096_conc_s2,astar,,2500,True,1553,1553,,,1.064516129032258,66,62.0,0
dynamic,C_dyn_maze_dense,4096,conc,lora,2,2,lora_N4096_conc_s2,focal,1.0,2500,False,2500,2500,,,nan,-1,62.0,0
dynamic,C_dyn_maze_dense,4096,conc,scratch,0,2,scratch_N4096_conc_s0,astar,,2500,True,792,792,,,1.0,62,62.0,0
dynamic,C_dyn_maze_dense,4096,conc,scratch,0,2,scratch_N4096_conc_s0,focal,1.0,2500,False,2500,2500,,,nan,-1,62.0,0
dynamic,C_dyn_maze_dense,4096,conc,scratch,1,2,scratch_N4096_conc_s1,astar,,2500,True,959,959,,,1.032258064516129,64,62.0,0
dynamic,C_dyn_maze_dense,4096,conc,scratch,1,2,scratch_N4096_conc_s1,focal,1.0,2500,False,2500,2500,,,nan,-1,62.0,0
dynamic,C_dyn_maze_dense,4096,conc,scratch,2,2,scratch_N4096_conc_s2,astar,,2500,True,606,606,,,1.032258064516129,64,62.0,0
dynamic,C_dyn_maze_dense,4096,conc,scratch,2,2,scratch_N4096_conc_s2,focal,1.0,2500,False,2500,2500,,,nan,-1,62.0,0
dynamic,C_dyn_maze_dense,4096,dist,full_ft,0,2,full_ft_N4096_dist_s0,astar,,2500,True,592,592,,,1.032258064516129,64,62.0,0
dynamic,C_dyn_maze_dense,4096,dist,full_ft,0,2,full_ft_N4096_dist_s0,focal,1.0,2500,False,2500,2500,,,nan,-1,62.0,0
dynamic,C_dyn_maze_dense,4096,dist,full_ft,1,2,full_ft_N4096_dist_s1,astar,,2500,True,858,858,,,1.0,62,62.0,0
dynamic,C_dyn_maze_dense,4096,dist,full_ft,1,2,full_ft_N4096_dist_s1,focal,1.0,2500,False,2500,2500,,,nan,-1,62.0,0
dynamic,C_dyn_maze_dense,4096,dist,full_ft,2,2,full_ft_N4096_dist_s2,astar,,2500,True,641,641,,,1.032258064516129,64,62.0,0
dynamic,C_dyn_maze_dense,4096,dist,full_ft,2,2,full_ft_N4096_dist_s2,focal,1.0,2500,False,2500,2500,,,nan,-1,62.0,0
dynamic,C_dyn_maze_dense,4096,dist,lora,0,2,lora_N4096_dist_s0,astar,,2500,True,746,746,,,1.0,62,62.0,0
dynamic,C_dyn_maze_dense,4096,dist,lora,0,2,lora_N4096_dist_s0,focal,1.0,2500,False,2500,2500,,,nan,-1,62.0,0
dynamic,C_dyn_maze_dense,4096,dist,lora,1,2,lora_N4096_dist_s1,astar,,2500,True,651,651,,,1.0,62,62.0,0
dynamic,C_dyn_maze_dense,4096,dist,lora,1,2,lora_N4096_dist_s1,focal,1.0,2500,False,2500,2500,,,nan,-1,62.0,0
dynamic,C_dyn_maze_dense,4096,dist,lora,2,2,lora_N4096_dist_s2,astar,,2500,True,662,662,,,1.0,62,62.0,0
dynamic,C_dyn_maze_dense,4096,dist,lora,2,2,lora_N4096_dist_s2,focal,1.0,2500,False,2500,2500,,,nan,-1,62.0,0
dynamic,C_dyn_maze_dense,4096,dist,scratch,0,2,scratch_N4096_dist_s0,astar,,2500,True,775,775,,,1.0,62,62.0,0
dynamic,C_dyn_maze_dense,4096,dist,scratch,0,2,scratch_N4096_dist_s0,focal,1.0,2500,False,2500,2500,,,nan,-1,62.0,0
dynamic,C_dyn_maze_dense,4096,dist,scratch,1,2,scratch_N4096_dist_s1,astar,,2500,True,652,652,,,1.0,62,62.0,0
dynamic,C_dyn_maze_dense,4096,dist,scratch,1,2,scratch_N4096_dist_s1,focal,1.0,2500,False,2500,2500,,,nan,-1,62.0,0
dynamic,C_dyn_maze_dense,4096,dist,scratch,2,2,scratch_N4096_dist_s2,astar,,2500,True,514,514,,,1.0161290322580645,63,62.0,0
dynamic,C_dyn_maze_dense,4096,dist,scratch,2,2,scratch_N4096_dist_s2,focal,1.0,2500,False,2500,2500,,,nan,-1,62.0,0
dynamic,C_dyn_maze_dense,65536,conc,full_ft,0,2,full_ft_N65536_conc_s0,astar,,2500,True,841,841,,,1.032258064516129,64,62.0,0
dynamic,C_dyn_maze_dense,65536,conc,full_ft,0,2,full_ft_N65536_conc_s0,focal,1.0,2500,False,2500,2500,,,nan,-1,62.0,0
dynamic,C_dyn_maze_dense,65536,conc,full_ft,1,2,full_ft_N65536_conc_s1,astar,,2500,True,979,979,,,1.0161290322580645,63,62.0,0
dynamic,C_dyn_maze_dense,65536,conc,full_ft,1,2,full_ft_N65536_conc_s1,focal,1.0,2500,False,2500,2500,,,nan,-1,62.0,0
dynamic,C_dyn_maze_dense,65536,conc,full_ft,2,2,full_ft_N65536_conc_s2,astar,,2500,True,964,964,,,1.0,62,62.0,0
dynamic,C_dyn_maze_dense,65536,conc,full_ft,2,2,full_ft_N65536_conc_s2,focal,1.0,2500,False,2500,2500,,,nan,-1,62.0,0
dynamic,C_dyn_maze_dense,65536,conc,lora,0,2,lora_N65536_conc_s0,astar,,2500,True,956,956,,,1.0161290322580645,63,62.0,0
dynamic,C_dyn_maze_dense,65536,conc,lora,0,2,lora_N65536_conc_s0,focal,1.0,2500,False,2500,2500,,,nan,-1,62.0,0
dynamic,C_dyn_maze_dense,65536,conc,lora,1,2,lora_N65536_conc_s1,astar,,2500,True,1112,1112,,,1.0161290322580645,63,62.0,0
dynamic,C_dyn_maze_dense,65536,conc,lora,1,2,lora_N65536_conc_s1,focal,1.0,2500,False,2500,2500,,,nan,-1,62.0,0
dynamic,C_dyn_maze_dense,65536,conc,lora,2,2,lora_N65536_conc_s2,astar,,2500,True,848,848,,,1.0161290322580645,63,62.0,0
dynamic,C_dyn_maze_dense,65536,conc,lora,2,2,lora_N65536_conc_s2,focal,1.0,2500,False,2500,2500,,,nan,-1,62.0,0
dynamic,C_dyn_maze_dense,65536,conc,scratch,0,2,scratch_N65536_conc_s0,astar,,2500,True,839,839,,,1.032258064516129,64,62.0,0
dynamic,C_dyn_maze_dense,65536,conc,scratch,0,2,scratch_N65536_conc_s0,focal,1.0,2500,False,2500,2500,,,nan,-1,62.0,0
dynamic,C_dyn_maze_dense,65536,conc,scratch,1,2,scratch_N65536_conc_s1,astar,,2500,True,796,796,,,1.0161290322580645,63,62.0,0
dynamic,C_dyn_maze_dense,65536,conc,scratch,1,2,scratch_N65536_conc_s1,focal,1.0,2500,False,2500,2500,,,nan,-1,62.0,0
dynamic,C_dyn_maze_dense,65536,conc,scratch,2,2,scratch_N65536_conc_s2,astar,,2500,True,1319,1319,,,1.0161290322580645,63,62.0,0
dynamic,C_dyn_maze_dense,65536,conc,scratch,2,2,scratch_N65536_conc_s2,focal,1.0,2500,False,2500,2500,,,nan,-1,62.0,0
dynamic,C_dyn_maze_dense,65536,dist,full_ft,0,2,full_ft_N65536_dist_s0,astar,,2500,True,464,464,,,1.0161290322580645,63,62.0,0
dynamic,C_dyn_maze_dense,65536,dist,full_ft,0,2,full_ft_N65536_dist_s0,focal,1.0,2500,False,2500,2500,,,nan,-1,62.0,0
dynamic,C_dyn_maze_dense,65536,dist,full_ft,1,2,full_ft_N65536_dist_s1,astar,,2500,True,454,454,,,1.0,62,62.0,0
dynamic,C_dyn_maze_dense,65536,dist,full_ft,1,2,full_ft_N65536_dist_s1,focal,1.0,2500,False,2500,2500,,,nan,-1,62.0,0
dynamic,C_dyn_maze_dense,65536,dist,full_ft,2,2,full_ft_N65536_dist_s2,astar,,2500,True,600,600,,,1.0,62,62.0,0
dynamic,C_dyn_maze_dense,65536,dist,full_ft,2,2,full_ft_N65536_dist_s2,focal,1.0,2500,False,2500,2500,,,nan,-1,62.0,0
dynamic,C_dyn_maze_dense,65536,dist,lora,0,2,lora_N65536_dist_s0,astar,,2500,True,612,612,,,1.0,62,62.0,0
dynamic,C_dyn_maze_dense,65536,dist,lora,0,2,lora_N65536_dist_s0,focal,1.0,2500,False,2500,2500,,,nan,-1,62.0,0
dynamic,C_dyn_maze_dense,65536,dist,lora,1,2,lora_N65536_dist_s1,astar,,2500,True,591,591,,,1.0161290322580645,63,62.0,0
dynamic,C_dyn_maze_dense,65536,dist,lora,1,2,lora_N65536_dist_s1,focal,1.0,2500,False,2500,2500,,,nan,-1,62.0,0
dynamic,C_dyn_maze_dense,65536,dist,lora,2,2,lora_N65536_dist_s2,astar,,2500,True,622,622,,,1.0161290322580645,63,62.0,0
dynamic,C_dyn_maze_dense,65536,dist,lora,2,2,lora_N65536_dist_s2,focal,1.0,2500,False,2500,2500,,,nan,-1,62.0,0
dynamic,C_dyn_maze_dense,65536,dist,scratch,0,2,scratch_N65536_dist_s0,astar,,2500,True,500,500,,,1.0161290322580645,63,62.0,0
dynamic,C_dyn_maze_dense,65536,dist,scratch,0,2,scratch_N65536_dist_s0,focal,1.0,2500,False,2500,2500,,,nan,-1,62.0,0
dynamic,C_dyn_maze_dense,65536,dist,scratch,1,2,scratch_N65536_dist_s1,astar,,2500,True,631,631,,,1.0,62,62.0,0
dynamic,C_dyn_maze_dense,65536,dist,scratch,1,2,scratch_N65536_dist_s1,focal,1.0,2500,False,2500,2500,,,nan,-1,62.0,0
dynamic,C_dyn_maze_dense,65536,dist,scratch,2,2,scratch_N65536_dist_s2,astar,,2500,True,606,606,,,1.0161290322580645,63,62.0,0
dynamic,C_dyn_maze_dense,65536,dist,scratch,2,2,scratch_N65536_dist_s2,focal,1.0,2500,False,2500,2500,,,nan,-1,62.0,0
dynamic,C_dyn_maze_dense,-1,,euclid,-1,3,euclid,astar,,2500,False,2500,2500,,,nan,-1,60.0,0
dynamic,C_dyn_maze_dense,-1,,euclid,-1,3,euclid,focal,1.0,2500,False,2500,2500,,,nan,-1,60.0,0
dynamic,C_dyn_maze_dense,-1,,oracle,-1,3,oracle,astar,,2500,True,181,181,,,1.0,60,60.0,0
dynamic,C_dyn_maze_dense,-1,,oracle,-1,3,oracle,focal,1.0,2500,False,2500,2500,,,nan,-1,60.0,0
dynamic,C_dyn_maze_dense,0,,zero_shot,-1,3,zeroshot_field_unet_blind,astar,,2500,True,485,485,,,1.0333333333333334,62,60.0,0
dynamic,C_dyn_maze_dense,0,,zero_shot,-1,3,zeroshot_field_unet_blind,focal,1.0,2500,False,2500,2500,,,nan,-1,60.0,0
dynamic,C_dyn_maze_dense,1024,conc,full_ft,0,3,full_ft_N1024_conc_s0,astar,,2500,True,376,376,,,1.0166666666666666,61,60.0,0
dynamic,C_dyn_maze_dense,1024,conc,full_ft,0,3,full_ft_N1024_conc_s0,focal,1.0,2500,False,2500,2500,,,nan,-1,60.0,0
dynamic,C_dyn_maze_dense,1024,conc,full_ft,1,3,full_ft_N1024_conc_s1,astar,,2500,True,367,367,,,1.0166666666666666,61,60.0,0
dynamic,C_dyn_maze_dense,1024,conc,full_ft,1,3,full_ft_N1024_conc_s1,focal,1.0,2500,False,2500,2500,,,nan,-1,60.0,0
dynamic,C_dyn_maze_dense,1024,conc,full_ft,2,3,full_ft_N1024_conc_s2,astar,,2500,True,520,520,,,1.0166666666666666,61,60.0,0
dynamic,C_dyn_maze_dense,1024,conc,full_ft,2,3,full_ft_N1024_conc_s2,focal,1.0,2500,False,2500,2500,,,nan,-1,60.0,0
dynamic,C_dyn_maze_dense,1024,conc,lora,0,3,lora_N1024_conc_s0,astar,,2500,True,296,296,,,1.05,63,60.0,0
dynamic,C_dyn_maze_dense,1024,conc,lora,0,3,lora_N1024_conc_s0,focal,1.0,2500,False,2500,2500,,,nan,-1,60.0,0
dynamic,C_dyn_maze_dense,1024,conc,lora,1,3,lora_N1024_conc_s1,astar,,2500,True,267,267,,,1.05,63,60.0,0
dynamic,C_dyn_maze_dense,1024,conc,lora,1,3,lora_N1024_conc_s1,focal,1.0,2500,False,2500,2500,,,nan,-1,60.0,0
dynamic,C_dyn_maze_dense,1024,conc,lora,2,3,lora_N1024_conc_s2,astar,,2500,True,335,335,,,1.05,63,60.0,0
dynamic,C_dyn_maze_dense,1024,conc,lora,2,3,lora_N1024_conc_s2,focal,1.0,2500,False,2500,2500,,,nan,-1,60.0,0
dynamic,C_dyn_maze_dense,1024,conc,scratch,0,3,scratch_N1024_conc_s0,astar,,2500,True,642,642,,,1.0166666666666666,61,60.0,0
dynamic,C_dyn_maze_dense,1024,conc,scratch,0,3,scratch_N1024_conc_s0,focal,1.0,2500,False,2500,2500,,,nan,-1,60.0,0
dynamic,C_dyn_maze_dense,1024,conc,scratch,1,3,scratch_N1024_conc_s1,astar,,2500,True,531,531,,,1.0333333333333334,62,60.0,0
dynamic,C_dyn_maze_dense,1024,conc,scratch,1,3,scratch_N1024_conc_s1,focal,1.0,2500,False,2500,2500,,,nan,-1,60.0,0
dynamic,C_dyn_maze_dense,1024,conc,scratch,2,3,scratch_N1024_conc_s2,astar,,2500,True,692,692,,,1.1,66,60.0,0
dynamic,C_dyn_maze_dense,1024,conc,scratch,2,3,scratch_N1024_conc_s2,focal,1.0,2500,False,2500,2500,,,nan,-1,60.0,0
dynamic,C_dyn_maze_dense,1024,dist,full_ft,0,3,full_ft_N1024_dist_s0,astar,,2500,True,171,171,,,1.0166666666666666,61,60.0,0
dynamic,C_dyn_maze_dense,1024,dist,full_ft,0,3,full_ft_N1024_dist_s0,focal,1.0,2500,False,2500,2500,,,nan,-1,60.0,0
dynamic,C_dyn_maze_dense,1024,dist,full_ft,1,3,full_ft_N1024_dist_s1,astar,,2500,True,283,283,,,1.0166666666666666,61,60.0,0
dynamic,C_dyn_maze_dense,1024,dist,full_ft,1,3,full_ft_N1024_dist_s1,focal,1.0,2500,False,2500,2500,,,nan,-1,60.0,0
dynamic,C_dyn_maze_dense,1024,dist,full_ft,2,3,full_ft_N1024_dist_s2,astar,,2500,True,234,234,,,1.0166666666666666,61,60.0,0
dynamic,C_dyn_maze_dense,1024,dist,full_ft,2,3,full_ft_N1024_dist_s2,focal,1.0,2500,False,2500,2500,,,nan,-1,60.0,0
dynamic,C_dyn_maze_dense,1024,dist,lora,0,3,lora_N1024_dist_s0,astar,,2500,True,230,230,,,1.0333333333333334,62,60.0,0
dynamic,C_dyn_maze_dense,1024,dist,lora,0,3,lora_N1024_dist_s0,focal,1.0,2500,False,2500,2500,,,nan,-1,60.0,0
dynamic,C_dyn_maze_dense,1024,dist,lora,1,3,lora_N1024_dist_s1,astar,,2500,True,189,189,,,1.05,63,60.0,0
dynamic,C_dyn_maze_dense,1024,dist,lora,1,3,lora_N1024_dist_s1,focal,1.0,2500,False,2500,2500,,,nan,-1,60.0,0
dynamic,C_dyn_maze_dense,1024,dist,lora,2,3,lora_N1024_dist_s2,astar,,2500,True,219,219,,,1.0333333333333334,62,60.0,0
dynamic,C_dyn_maze_dense,1024,dist,lora,2,3,lora_N1024_dist_s2,focal,1.0,2500,False,2500,2500,,,nan,-1,60.0,0
dynamic,C_dyn_maze_dense,1024,dist,scratch,0,3,scratch_N1024_dist_s0,astar,,2500,True,227,227,,,1.0333333333333334,62,60.0,0
dynamic,C_dyn_maze_dense,1024,dist,scratch,0,3,scratch_N1024_dist_s0,focal,1.0,2500,False,2500,2500,,,nan,-1,60.0,0
dynamic,C_dyn_maze_dense,1024,dist,scratch,1,3,scratch_N1024_dist_s1,astar,,2500,True,579,579,,,1.0166666666666666,61,60.0,0
dynamic,C_dyn_maze_dense,1024,dist,scratch,1,3,scratch_N1024_dist_s1,focal,1.0,2500,False,2500,2500,,,nan,-1,60.0,0
dynamic,C_dyn_maze_dense,1024,dist,scratch,2,3,scratch_N1024_dist_s2,astar,,2500,True,186,186,,,1.0333333333333334,62,60.0,0
dynamic,C_dyn_maze_dense,1024,dist,scratch,2,3,scratch_N1024_dist_s2,focal,1.0,2500,False,2500,2500,,,nan,-1,60.0,0
dynamic,C_dyn_maze_dense,16384,conc,full_ft,0,3,full_ft_N16384_conc_s0,astar,,2500,True,594,594,,,1.0,60,60.0,0
dynamic,C_dyn_maze_dense,16384,conc,full_ft,0,3,full_ft_N16384_conc_s0,focal,1.0,2500,False,2500,2500,,,nan,-1,60.0,0
dynamic,C_dyn_maze_dense,16384,conc,full_ft,1,3,full_ft_N16384_conc_s1,astar,,2500,True,450,450,,,1.0,60,60.0,0
dynamic,C_dyn_maze_dense,16384,conc,full_ft,1,3,full_ft_N16384_conc_s1,focal,1.0,2500,False,2500,2500,,,nan,-1,60.0,0
dynamic,C_dyn_maze_dense,16384,conc,full_ft,2,3,full_ft_N16384_conc_s2,astar,,2500,True,590,590,,,1.0,60,60.0,0
dynamic,C_dyn_maze_dense,16384,conc,full_ft,2,3,full_ft_N16384_conc_s2,focal,1.0,2500,False,2500,2500,,,nan,-1,60.0,0
dynamic,C_dyn_maze_dense,16384,conc,lora,0,3,lora_N16384_conc_s0,astar,,2500,True,475,475,,,1.05,63,60.0,0
dynamic,C_dyn_maze_dense,16384,conc,lora,0,3,lora_N16384_conc_s0,focal,1.0,2500,False,2500,2500,,,nan,-1,60.0,0
dynamic,C_dyn_maze_dense,16384,conc,lora,1,3,lora_N16384_conc_s1,astar,,2500,True,460,460,,,1.0666666666666667,64,60.0,0
dynamic,C_dyn_maze_dense,16384,conc,lora,1,3,lora_N16384_conc_s1,focal,1.0,2500,False,2500,2500,,,nan,-1,60.0,0
dynamic,C_dyn_maze_dense,16384,conc,lora,2,3,lora_N16384_conc_s2,astar,,2500,True,520,520,,,1.0166666666666666,61,60.0,0
dynamic,C_dyn_maze_dense,16384,conc,lora,2,3,lora_N16384_conc_s2,focal,1.0,2500,False,2500,2500,,,nan,-1,60.0,0
dynamic,C_dyn_maze_dense,16384,conc,scratch,0,3,scratch_N16384_conc_s0,astar,,2500,True,621,621,,,1.0333333333333334,62,60.0,0
dynamic,C_dyn_maze_dense,16384,conc,scratch,0,3,scratch_N16384_conc_s0,focal,1.0,2500,False,2500,2500,,,nan,-1,60.0,0
dynamic,C_dyn_maze_dense,16384,conc,scratch,1,3,scratch_N16384_conc_s1,astar,,2500,True,913,913,,,1.0666666666666667,64,60.0,0
dynamic,C_dyn_maze_dense,16384,conc,scratch,1,3,scratch_N16384_conc_s1,focal,1.0,2500,False,2500,2500,,,nan,-1,60.0,0
dynamic,C_dyn_maze_dense,16384,conc,scratch,2,3,scratch_N16384_conc_s2,astar,,2500,True,860,860,,,1.05,63,60.0,0
dynamic,C_dyn_maze_dense,16384,conc,scratch,2,3,scratch_N16384_conc_s2,focal,1.0,2500,False,2500,2500,,,nan,-1,60.0,0
dynamic,C_dyn_maze_dense,16384,dist,full_ft,0,3,full_ft_N16384_dist_s0,astar,,2500,True,510,510,,,1.05,63,60.0,0
dynamic,C_dyn_maze_dense,16384,dist,full_ft,0,3,full_ft_N16384_dist_s0,focal,1.0,2500,False,2500,2500,,,nan,-1,60.0,0
dynamic,C_dyn_maze_dense,16384,dist,full_ft,1,3,full_ft_N16384_dist_s1,astar,,2500,True,351,351,,,1.0333333333333334,62,60.0,0
dynamic,C_dyn_maze_dense,16384,dist,full_ft,1,3,full_ft_N16384_dist_s1,focal,1.0,2500,False,2500,2500,,,nan,-1,60.0,0
dynamic,C_dyn_maze_dense,16384,dist,full_ft,2,3,full_ft_N16384_dist_s2,astar,,2500,True,428,428,,,1.0333333333333334,62,60.0,0
dynamic,C_dyn_maze_dense,16384,dist,full_ft,2,3,full_ft_N16384_dist_s2,focal,1.0,2500,False,2500,2500,,,nan,-1,60.0,0
dynamic,C_dyn_maze_dense,16384,dist,lora,0,3,lora_N16384_dist_s0,astar,,2500,True,292,292,,,1.0333333333333334,62,60.0,0
dynamic,C_dyn_maze_dense,16384,dist,lora,0,3,lora_N16384_dist_s0,focal,1.0,2500,False,2500,2500,,,nan,-1,60.0,0
dynamic,C_dyn_maze_dense,16384,dist,lora,1,3,lora_N16384_dist_s1,astar,,2500,True,354,354,,,1.0333333333333334,62,60.0,0
dynamic,C_dyn_maze_dense,16384,dist,lora,1,3,lora_N16384_dist_s1,focal,1.0,2500,False,2500,2500,,,nan,-1,60.0,0
dynamic,C_dyn_maze_dense,16384,dist,lora,2,3,lora_N16384_dist_s2,astar,,2500,True,366,366,,,1.0333333333333334,62,60.0,0
dynamic,C_dyn_maze_dense,16384,dist,lora,2,3,lora_N16384_dist_s2,focal,1.0,2500,False,2500,2500,,,nan,-1,60.0,0
dynamic,C_dyn_maze_dense,16384,dist,scratch,0,3,scratch_N16384_dist_s0,astar,,2500,True,600,600,,,1.0166666666666666,61,60.0,0
dynamic,C_dyn_maze_dense,16384,dist,scratch,0,3,scratch_N16384_dist_s0,focal,1.0,2500,False,2500,2500,,,nan,-1,60.0,0
dynamic,C_dyn_maze_dense,16384,dist,scratch,1,3,scratch_N16384_dist_s1,astar,,2500,True,580,580,,,1.0166666666666666,61,60.0,0
dynamic,C_dyn_maze_dense,16384,dist,scratch,1,3,scratch_N16384_dist_s1,focal,1.0,2500,False,2500,2500,,,nan,-1,60.0,0
dynamic,C_dyn_maze_dense,16384,dist,scratch,2,3,scratch_N16384_dist_s2,astar,,2500,True,555,555,,,1.05,63,60.0,0
dynamic,C_dyn_maze_dense,16384,dist,scratch,2,3,scratch_N16384_dist_s2,focal,1.0,2500,False,2500,2500,,,nan,-1,60.0,0
dynamic,C_dyn_maze_dense,256,conc,full_ft,0,3,full_ft_N256_conc_s0,astar,,2500,True,367,367,,,1.0166666666666666,61,60.0,0
dynamic,C_dyn_maze_dense,256,conc,full_ft,0,3,full_ft_N256_conc_s0,focal,1.0,2500,False,2500,2500,,,nan,-1,60.0,0
dynamic,C_dyn_maze_dense,256,conc,full_ft,1,3,full_ft_N256_conc_s1,astar,,2500,True,438,438,,,1.0166666666666666,61,60.0,0
dynamic,C_dyn_maze_dense,256,conc,full_ft,1,3,full_ft_N256_conc_s1,focal,1.0,2500,False,2500,2500,,,nan,-1,60.0,0
dynamic,C_dyn_maze_dense,256,conc,full_ft,2,3,full_ft_N256_conc_s2,astar,,2500,True,415,415,,,1.0166666666666666,61,60.0,0
dynamic,C_dyn_maze_dense,256,conc,full_ft,2,3,full_ft_N256_conc_s2,focal,1.0,2500,False,2500,2500,,,nan,-1,60.0,0
dynamic,C_dyn_maze_dense,256,conc,lora,0,3,lora_N256_conc_s0,astar,,2500,True,581,581,,,1.05,63,60.0,0
dynamic,C_dyn_maze_dense,256,conc,lora,0,3,lora_N256_conc_s0,focal,1.0,2500,False,2500,2500,,,nan,-1,60.0,0
dynamic,C_dyn_maze_dense,256,conc,lora,1,3,lora_N256_conc_s1,astar,,2500,True,458,458,,,1.0,60,60.0,0
dynamic,C_dyn_maze_dense,256,conc,lora,1,3,lora_N256_conc_s1,focal,1.0,2500,False,2500,2500,,,nan,-1,60.0,0
dynamic,C_dyn_maze_dense,256,conc,lora,2,3,lora_N256_conc_s2,astar,,2500,True,486,486,,,1.0,60,60.0,0
dynamic,C_dyn_maze_dense,256,conc,lora,2,3,lora_N256_conc_s2,focal,1.0,2500,False,2500,2500,,,nan,-1,60.0,0
dynamic,C_dyn_maze_dense,256,conc,scratch,0,3,scratch_N256_conc_s0,astar,,2500,True,776,776,,,1.05,63,60.0,0
dynamic,C_dyn_maze_dense,256,conc,scratch,0,3,scratch_N256_conc_s0,focal,1.0,2500,False,2500,2500,,,nan,-1,60.0,0
dynamic,C_dyn_maze_dense,256,conc,scratch,1,3,scratch_N256_conc_s1,astar,,2500,True,760,760,,,1.0166666666666666,61,60.0,0
dynamic,C_dyn_maze_dense,256,conc,scratch,1,3,scratch_N256_conc_s1,focal,1.0,2500,False,2500,2500,,,nan,-1,60.0,0
dynamic,C_dyn_maze_dense,256,conc,scratch,2,3,scratch_N256_conc_s2,astar,,2500,True,842,842,,,1.0333333333333334,62,60.0,0
dynamic,C_dyn_maze_dense,256,conc,scratch,2,3,scratch_N256_conc_s2,focal,1.0,2500,False,2500,2500,,,nan,-1,60.0,0
dynamic,C_dyn_maze_dense,256,dist,full_ft,0,3,full_ft_N256_dist_s0,astar,,2500,True,222,222,,,1.0166666666666666,61,60.0,0
dynamic,C_dyn_maze_dense,256,dist,full_ft,0,3,full_ft_N256_dist_s0,focal,1.0,2500,False,2500,2500,,,nan,-1,60.0,0
dynamic,C_dyn_maze_dense,256,dist,full_ft,1,3,full_ft_N256_dist_s1,astar,,2500,True,314,314,,,1.0333333333333334,62,60.0,0
dynamic,C_dyn_maze_dense,256,dist,full_ft,1,3,full_ft_N256_dist_s1,focal,1.0,2500,False,2500,2500,,,nan,-1,60.0,0
dynamic,C_dyn_maze_dense,256,dist,full_ft,2,3,full_ft_N256_dist_s2,astar,,2500,True,296,296,,,1.0166666666666666,61,60.0,0
dynamic,C_dyn_maze_dense,256,dist,full_ft,2,3,full_ft_N256_dist_s2,focal,1.0,2500,False,2500,2500,,,nan,-1,60.0,0
dynamic,C_dyn_maze_dense,256,dist,lora,0,3,lora_N256_dist_s0,astar,,2500,True,320,320,,,1.05,63,60.0,0
dynamic,C_dyn_maze_dense,256,dist,lora,0,3,lora_N256_dist_s0,focal,1.0,2500,False,2500,2500,,,nan,-1,60.0,0
dynamic,C_dyn_maze_dense,256,dist,lora,1,3,lora_N256_dist_s1,astar,,2500,True,237,237,,,1.05,63,60.0,0
dynamic,C_dyn_maze_dense,256,dist,lora,1,3,lora_N256_dist_s1,focal,1.0,2500,False,2500,2500,,,nan,-1,60.0,0
dynamic,C_dyn_maze_dense,256,dist,lora,2,3,lora_N256_dist_s2,astar,,2500,True,308,308,,,1.05,63,60.0,0
dynamic,C_dyn_maze_dense,256,dist,lora,2,3,lora_N256_dist_s2,focal,1.0,2500,False,2500,2500,,,nan,-1,60.0,0
dynamic,C_dyn_maze_dense,256,dist,scratch,0,3,scratch_N256_dist_s0,astar,,2500,True,353,353,,,1.0,60,60.0,0
dynamic,C_dyn_maze_dense,256,dist,scratch,0,3,scratch_N256_dist_s0,focal,1.0,2500,False,2500,2500,,,nan,-1,60.0,0
dynamic,C_dyn_maze_dense,256,dist,scratch,1,3,scratch_N256_dist_s1,astar,,2500,True,306,306,,,1.0,60,60.0,0
dynamic,C_dyn_maze_dense,256,dist,scratch,1,3,scratch_N256_dist_s1,focal,1.0,2500,False,2500,2500,,,nan,-1,60.0,0
dynamic,C_dyn_maze_dense,256,dist,scratch,2,3,scratch_N256_dist_s2,astar,,2500,True,753,753,,,1.0,60,60.0,0
dynamic,C_dyn_maze_dense,256,dist,scratch,2,3,scratch_N256_dist_s2,focal,1.0,2500,False,2500,2500,,,nan,-1,60.0,0
dynamic,C_dyn_maze_dense,4096,conc,full_ft,0,3,full_ft_N4096_conc_s0,astar,,2500,True,384,384,,,1.0,60,60.0,0
dynamic,C_dyn_maze_dense,4096,conc,full_ft,0,3,full_ft_N4096_conc_s0,focal,1.0,2500,False,2500,2500,,,nan,-1,60.0,0
dynamic,C_dyn_maze_dense,4096,conc,full_ft,1,3,full_ft_N4096_conc_s1,astar,,2500,True,429,429,,,1.0,60,60.0,0
dynamic,C_dyn_maze_dense,4096,conc,full_ft,1,3,full_ft_N4096_conc_s1,focal,1.0,2500,False,2500,2500,,,nan,-1,60.0,0
dynamic,C_dyn_maze_dense,4096,conc,full_ft,2,3,full_ft_N4096_conc_s2,astar,,2500,True,456,456,,,1.0,60,60.0,0
dynamic,C_dyn_maze_dense,4096,conc,full_ft,2,3,full_ft_N4096_conc_s2,focal,1.0,2500,False,2500,2500,,,nan,-1,60.0,0
dynamic,C_dyn_maze_dense,4096,conc,lora,0,3,lora_N4096_conc_s0,astar,,2500,True,466,466,,,1.0666666666666667,64,60.0,0
dynamic,C_dyn_maze_dense,4096,conc,lora,0,3,lora_N4096_conc_s0,focal,1.0,2500,False,2500,2500,,,nan,-1,60.0,0
dynamic,C_dyn_maze_dense,4096,conc,lora,1,3,lora_N4096_conc_s1,astar,,2500,True,446,446,,,1.0666666666666667,64,60.0,0
dynamic,C_dyn_maze_dense,4096,conc,lora,1,3,lora_N4096_conc_s1,focal,1.0,2500,False,2500,2500,,,nan,-1,60.0,0
dynamic,C_dyn_maze_dense,4096,conc,lora,2,3,lora_N4096_conc_s2,astar,,2500,True,514,514,,,1.0333333333333334,62,60.0,0
dynamic,C_dyn_maze_dense,4096,conc,lora,2,3,lora_N4096_conc_s2,focal,1.0,2500,False,2500,2500,,,nan,-1,60.0,0
dynamic,C_dyn_maze_dense,4096,conc,scratch,0,3,scratch_N4096_conc_s0,astar,,2500,True,634,634,,,1.0166666666666666,61,60.0,0
dynamic,C_dyn_maze_dense,4096,conc,scratch,0,3,scratch_N4096_conc_s0,focal,1.0,2500,False,2500,2500,,,nan,-1,60.0,0
dynamic,C_dyn_maze_dense,4096,conc,scratch,1,3,scratch_N4096_conc_s1,astar,,2500,True,707,707,,,1.05,63,60.0,0
dynamic,C_dyn_maze_dense,4096,conc,scratch,1,3,scratch_N4096_conc_s1,focal,1.0,2500,False,2500,2500,,,nan,-1,60.0,0
dynamic,C_dyn_maze_dense,4096,conc,scratch,2,3,scratch_N4096_conc_s2,astar,,2500,True,611,611,,,1.05,63,60.0,0
dynamic,C_dyn_maze_dense,4096,conc,scratch,2,3,scratch_N4096_conc_s2,focal,1.0,2500,False,2500,2500,,,nan,-1,60.0,0
dynamic,C_dyn_maze_dense,4096,dist,full_ft,0,3,full_ft_N4096_dist_s0,astar,,2500,True,243,243,,,1.0166666666666666,61,60.0,0
dynamic,C_dyn_maze_dense,4096,dist,full_ft,0,3,full_ft_N4096_dist_s0,focal,1.0,2500,False,2500,2500,,,nan,-1,60.0,0
dynamic,C_dyn_maze_dense,4096,dist,full_ft,1,3,full_ft_N4096_dist_s1,astar,,2500,True,302,302,,,1.0166666666666666,61,60.0,0
dynamic,C_dyn_maze_dense,4096,dist,full_ft,1,3,full_ft_N4096_dist_s1,focal,1.0,2500,False,2500,2500,,,nan,-1,60.0,0
dynamic,C_dyn_maze_dense,4096,dist,full_ft,2,3,full_ft_N4096_dist_s2,astar,,2500,True,374,374,,,1.0,60,60.0,0
dynamic,C_dyn_maze_dense,4096,dist,full_ft,2,3,full_ft_N4096_dist_s2,focal,1.0,2500,False,2500,2500,,,nan,-1,60.0,0
dynamic,C_dyn_maze_dense,4096,dist,lora,0,3,lora_N4096_dist_s0,astar,,2500,True,352,352,,,1.0,60,60.0,0
dynamic,C_dyn_maze_dense,4096,dist,lora,0,3,lora_N4096_dist_s0,focal,1.0,2500,False,2500,2500,,,nan,-1,60.0,0
dynamic,C_dyn_maze_dense,4096,dist,lora,1,3,lora_N4096_dist_s1,astar,,2500,True,338,338,,,1.0,60,60.0,0
dynamic,C_dyn_maze_dense,4096,dist,lora,1,3,lora_N4096_dist_s1,focal,1.0,2500,False,2500,2500,,,nan,-1,60.0,0
dynamic,C_dyn_maze_dense,4096,dist,lora,2,3,lora_N4096_dist_s2,astar,,2500,True,331,331,,,1.0,60,60.0,0
dynamic,C_dyn_maze_dense,4096,dist,lora,2,3,lora_N4096_dist_s2,focal,1.0,2500,False,2500,2500,,,nan,-1,60.0,0
dynamic,C_dyn_maze_dense,4096,dist,scratch,0,3,scratch_N4096_dist_s0,astar,,2500,True,444,444,,,1.0,60,60.0,0
dynamic,C_dyn_maze_dense,4096,dist,scratch,0,3,scratch_N4096_dist_s0,focal,1.0,2500,False,2500,2500,,,nan,-1,60.0,0
dynamic,C_dyn_maze_dense,4096,dist,scratch,1,3,scratch_N4096_dist_s1,astar,,2500,True,316,316,,,1.0166666666666666,61,60.0,0
dynamic,C_dyn_maze_dense,4096,dist,scratch,1,3,scratch_N4096_dist_s1,focal,1.0,2500,False,2500,2500,,,nan,-1,60.0,0
dynamic,C_dyn_maze_dense,4096,dist,scratch,2,3,scratch_N4096_dist_s2,astar,,2500,True,293,293,,,1.1166666666666667,67,60.0,0
dynamic,C_dyn_maze_dense,4096,dist,scratch,2,3,scratch_N4096_dist_s2,focal,1.0,2500,False,2500,2500,,,nan,-1,60.0,0
dynamic,C_dyn_maze_dense,65536,conc,full_ft,0,3,full_ft_N65536_conc_s0,astar,,2500,True,501,501,,,1.0666666666666667,64,60.0,0
dynamic,C_dyn_maze_dense,65536,conc,full_ft,0,3,full_ft_N65536_conc_s0,focal,1.0,2500,False,2500,2500,,,nan,-1,60.0,0
dynamic,C_dyn_maze_dense,65536,conc,full_ft,1,3,full_ft_N65536_conc_s1,astar,,2500,True,449,449,,,1.0166666666666666,61,60.0,0
dynamic,C_dyn_maze_dense,65536,conc,full_ft,1,3,full_ft_N65536_conc_s1,focal,1.0,2500,False,2500,2500,,,nan,-1,60.0,0
dynamic,C_dyn_maze_dense,65536,conc,full_ft,2,3,full_ft_N65536_conc_s2,astar,,2500,True,240,240,,,1.05,63,60.0,0
dynamic,C_dyn_maze_dense,65536,conc,full_ft,2,3,full_ft_N65536_conc_s2,focal,1.0,2500,False,2500,2500,,,nan,-1,60.0,0
dynamic,C_dyn_maze_dense,65536,conc,lora,0,3,lora_N65536_conc_s0,astar,,2500,True,384,384,,,1.0,60,60.0,0
dynamic,C_dyn_maze_dense,65536,conc,lora,0,3,lora_N65536_conc_s0,focal,1.0,2500,False,2500,2500,,,nan,-1,60.0,0
dynamic,C_dyn_maze_dense,65536,conc,lora,1,3,lora_N65536_conc_s1,astar,,2500,True,350,350,,,1.0,60,60.0,0
dynamic,C_dyn_maze_dense,65536,conc,lora,1,3,lora_N65536_conc_s1,focal,1.0,2500,False,2500,2500,,,nan,-1,60.0,0
dynamic,C_dyn_maze_dense,65536,conc,lora,2,3,lora_N65536_conc_s2,astar,,2500,True,325,325,,,1.0,60,60.0,0
dynamic,C_dyn_maze_dense,65536,conc,lora,2,3,lora_N65536_conc_s2,focal,1.0,2500,False,2500,2500,,,nan,-1,60.0,0
dynamic,C_dyn_maze_dense,65536,conc,scratch,0,3,scratch_N65536_conc_s0,astar,,2500,True,309,309,,,1.0333333333333334,62,60.0,0
dynamic,C_dyn_maze_dense,65536,conc,scratch,0,3,scratch_N65536_conc_s0,focal,1.0,2500,False,2500,2500,,,nan,-1,60.0,0
dynamic,C_dyn_maze_dense,65536,conc,scratch,1,3,scratch_N65536_conc_s1,astar,,2500,True,418,418,,,1.05,63,60.0,0
dynamic,C_dyn_maze_dense,65536,conc,scratch,1,3,scratch_N65536_conc_s1,focal,1.0,2500,False,2500,2500,,,nan,-1,60.0,0
dynamic,C_dyn_maze_dense,65536,conc,scratch,2,3,scratch_N65536_conc_s2,astar,,2500,True,309,309,,,1.0166666666666666,61,60.0,0
dynamic,C_dyn_maze_dense,65536,conc,scratch,2,3,scratch_N65536_conc_s2,focal,1.0,2500,False,2500,2500,,,nan,-1,60.0,0
dynamic,C_dyn_maze_dense,65536,dist,full_ft,0,3,full_ft_N65536_dist_s0,astar,,2500,True,413,413,,,1.0333333333333334,62,60.0,0
dynamic,C_dyn_maze_dense,65536,dist,full_ft,0,3,full_ft_N65536_dist_s0,focal,1.0,2500,False,2500,2500,,,nan,-1,60.0,0
dynamic,C_dyn_maze_dense,65536,dist,full_ft,1,3,full_ft_N65536_dist_s1,astar,,2500,True,494,494,,,1.05,63,60.0,0
dynamic,C_dyn_maze_dense,65536,dist,full_ft,1,3,full_ft_N65536_dist_s1,focal,1.0,2500,False,2500,2500,,,nan,-1,60.0,0
dynamic,C_dyn_maze_dense,65536,dist,full_ft,2,3,full_ft_N65536_dist_s2,astar,,2500,True,302,302,,,1.05,63,60.0,0
dynamic,C_dyn_maze_dense,65536,dist,full_ft,2,3,full_ft_N65536_dist_s2,focal,1.0,2500,False,2500,2500,,,nan,-1,60.0,0
dynamic,C_dyn_maze_dense,65536,dist,lora,0,3,lora_N65536_dist_s0,astar,,2500,True,181,181,,,1.0666666666666667,64,60.0,0
dynamic,C_dyn_maze_dense,65536,dist,lora,0,3,lora_N65536_dist_s0,focal,1.0,2500,False,2500,2500,,,nan,-1,60.0,0
dynamic,C_dyn_maze_dense,65536,dist,lora,1,3,lora_N65536_dist_s1,astar,,2500,True,280,280,,,1.05,63,60.0,0
dynamic,C_dyn_maze_dense,65536,dist,lora,1,3,lora_N65536_dist_s1,focal,1.0,2500,False,2500,2500,,,nan,-1,60.0,0
dynamic,C_dyn_maze_dense,65536,dist,lora,2,3,lora_N65536_dist_s2,astar,,2500,True,192,192,,,1.05,63,60.0,0
dynamic,C_dyn_maze_dense,65536,dist,lora,2,3,lora_N65536_dist_s2,focal,1.0,2500,False,2500,2500,,,nan,-1,60.0,0
dynamic,C_dyn_maze_dense,65536,dist,scratch,0,3,scratch_N65536_dist_s0,astar,,2500,True,393,393,,,1.0666666666666667,64,60.0,0
dynamic,C_dyn_maze_dense,65536,dist,scratch,0,3,scratch_N65536_dist_s0,focal,1.0,2500,False,2500,2500,,,nan,-1,60.0,0
dynamic,C_dyn_maze_dense,65536,dist,scratch,1,3,scratch_N65536_dist_s1,astar,,2500,True,166,166,,,1.0166666666666666,61,60.0,0
dynamic,C_dyn_maze_dense,65536,dist,scratch,1,3,scratch_N65536_dist_s1,focal,1.0,2500,False,2500,2500,,,nan,-1,60.0,0
dynamic,C_dyn_maze_dense,65536,dist,scratch,2,3,scratch_N65536_dist_s2,astar,,2500,True,244,244,,,1.0,60,60.0,0
dynamic,C_dyn_maze_dense,65536,dist,scratch,2,3,scratch_N65536_dist_s2,focal,1.0,2500,False,2500,2500,,,nan,-1,60.0,0
dynamic,C_dyn_maze_dense,-1,,euclid,-1,4,euclid,astar,,2500,False,2500,2500,,,nan,-1,85.0,0
dynamic,C_dyn_maze_dense,-1,,euclid,-1,4,euclid,focal,1.0,2500,False,2500,2500,,,nan,-1,85.0,0
dynamic,C_dyn_maze_dense,-1,,oracle,-1,4,oracle,astar,,2500,True,817,817,,,1.0,85,85.0,0
dynamic,C_dyn_maze_dense,-1,,oracle,-1,4,oracle,focal,1.0,2500,False,2500,2500,,,nan,-1,85.0,0
dynamic,C_dyn_maze_dense,0,,zero_shot,-1,4,zeroshot_field_unet_blind,astar,,2500,False,2500,2500,,,nan,-1,85.0,0
dynamic,C_dyn_maze_dense,0,,zero_shot,-1,4,zeroshot_field_unet_blind,focal,1.0,2500,False,2500,2500,,,nan,-1,85.0,0
dynamic,C_dyn_maze_dense,1024,conc,full_ft,0,4,full_ft_N1024_conc_s0,astar,,2500,False,2500,2500,,,nan,-1,85.0,0
dynamic,C_dyn_maze_dense,1024,conc,full_ft,0,4,full_ft_N1024_conc_s0,focal,1.0,2500,False,2500,2500,,,nan,-1,85.0,0
dynamic,C_dyn_maze_dense,1024,conc,full_ft,1,4,full_ft_N1024_conc_s1,astar,,2500,False,2500,2500,,,nan,-1,85.0,0
dynamic,C_dyn_maze_dense,1024,conc,full_ft,1,4,full_ft_N1024_conc_s1,focal,1.0,2500,False,2500,2500,,,nan,-1,85.0,0
dynamic,C_dyn_maze_dense,1024,conc,full_ft,2,4,full_ft_N1024_conc_s2,astar,,2500,False,2500,2500,,,nan,-1,85.0,0
dynamic,C_dyn_maze_dense,1024,conc,full_ft,2,4,full_ft_N1024_conc_s2,focal,1.0,2500,False,2500,2500,,,nan,-1,85.0,0
dynamic,C_dyn_maze_dense,1024,conc,lora,0,4,lora_N1024_conc_s0,astar,,2500,True,2310,2310,,,1.0,85,85.0,0
dynamic,C_dyn_maze_dense,1024,conc,lora,0,4,lora_N1024_conc_s0,focal,1.0,2500,False,2500,2500,,,nan,-1,85.0,0
dynamic,C_dyn_maze_dense,1024,conc,lora,1,4,lora_N1024_conc_s1,astar,,2500,True,2092,2092,,,1.0,85,85.0,0
dynamic,C_dyn_maze_dense,1024,conc,lora,1,4,lora_N1024_conc_s1,focal,1.0,2500,False,2500,2500,,,nan,-1,85.0,0
dynamic,C_dyn_maze_dense,1024,conc,lora,2,4,lora_N1024_conc_s2,astar,,2500,True,2185,2185,,,1.0,85,85.0,0
dynamic,C_dyn_maze_dense,1024,conc,lora,2,4,lora_N1024_conc_s2,focal,1.0,2500,False,2500,2500,,,nan,-1,85.0,0
dynamic,C_dyn_maze_dense,1024,conc,scratch,0,4,scratch_N1024_conc_s0,astar,,2500,False,2500,2500,,,nan,-1,85.0,0
dynamic,C_dyn_maze_dense,1024,conc,scratch,0,4,scratch_N1024_conc_s0,focal,1.0,2500,False,2500,2500,,,nan,-1,85.0,0
dynamic,C_dyn_maze_dense,1024,conc,scratch,1,4,scratch_N1024_conc_s1,astar,,2500,False,2500,2500,,,nan,-1,85.0,0
dynamic,C_dyn_maze_dense,1024,conc,scratch,1,4,scratch_N1024_conc_s1,focal,1.0,2500,False,2500,2500,,,nan,-1,85.0,0
dynamic,C_dyn_maze_dense,1024,conc,scratch,2,4,scratch_N1024_conc_s2,astar,,2500,False,2500,2500,,,nan,-1,85.0,0
dynamic,C_dyn_maze_dense,1024,conc,scratch,2,4,scratch_N1024_conc_s2,focal,1.0,2500,False,2500,2500,,,nan,-1,85.0,0
dynamic,C_dyn_maze_dense,1024,dist,full_ft,0,4,full_ft_N1024_dist_s0,astar,,2500,True,1498,1498,,,1.0,85,85.0,0
dynamic,C_dyn_maze_dense,1024,dist,full_ft,0,4,full_ft_N1024_dist_s0,focal,1.0,2500,False,2500,2500,,,nan,-1,85.0,0
dynamic,C_dyn_maze_dense,1024,dist,full_ft,1,4,full_ft_N1024_dist_s1,astar,,2500,True,1379,1379,,,1.0,85,85.0,0
dynamic,C_dyn_maze_dense,1024,dist,full_ft,1,4,full_ft_N1024_dist_s1,focal,1.0,2500,False,2500,2500,,,nan,-1,85.0,0
dynamic,C_dyn_maze_dense,1024,dist,full_ft,2,4,full_ft_N1024_dist_s2,astar,,2500,True,1963,1963,,,1.0,85,85.0,0
dynamic,C_dyn_maze_dense,1024,dist,full_ft,2,4,full_ft_N1024_dist_s2,focal,1.0,2500,False,2500,2500,,,nan,-1,85.0,0
dynamic,C_dyn_maze_dense,1024,dist,lora,0,4,lora_N1024_dist_s0,astar,,2500,True,1739,1739,,,1.0,85,85.0,0
dynamic,C_dyn_maze_dense,1024,dist,lora,0,4,lora_N1024_dist_s0,focal,1.0,2500,False,2500,2500,,,nan,-1,85.0,0
dynamic,C_dyn_maze_dense,1024,dist,lora,1,4,lora_N1024_dist_s1,astar,,2500,True,1744,1744,,,1.0,85,85.0,0
dynamic,C_dyn_maze_dense,1024,dist,lora,1,4,lora_N1024_dist_s1,focal,1.0,2500,False,2500,2500,,,nan,-1,85.0,0
dynamic,C_dyn_maze_dense,1024,dist,lora,2,4,lora_N1024_dist_s2,astar,,2500,True,1864,1864,,,1.0,85,85.0,0
dynamic,C_dyn_maze_dense,1024,dist,lora,2,4,lora_N1024_dist_s2,focal,1.0,2500,False,2500,2500,,,nan,-1,85.0,0
dynamic,C_dyn_maze_dense,1024,dist,scratch,0,4,scratch_N1024_dist_s0,astar,,2500,True,1543,1543,,,1.0,85,85.0,0
dynamic,C_dyn_maze_dense,1024,dist,scratch,0,4,scratch_N1024_dist_s0,focal,1.0,2500,False,2500,2500,,,nan,-1,85.0,0
dynamic,C_dyn_maze_dense,1024,dist,scratch,1,4,scratch_N1024_dist_s1,astar,,2500,True,1730,1730,,,1.0,85,85.0,0
dynamic,C_dyn_maze_dense,1024,dist,scratch,1,4,scratch_N1024_dist_s1,focal,1.0,2500,False,2500,2500,,,nan,-1,85.0,0
dynamic,C_dyn_maze_dense,1024,dist,scratch,2,4,scratch_N1024_dist_s2,astar,,2500,True,1627,1627,,,1.0,85,85.0,0
dynamic,C_dyn_maze_dense,1024,dist,scratch,2,4,scratch_N1024_dist_s2,focal,1.0,2500,False,2500,2500,,,nan,-1,85.0,0
dynamic,C_dyn_maze_dense,16384,conc,full_ft,0,4,full_ft_N16384_conc_s0,astar,,2500,False,2500,2500,,,nan,-1,85.0,0
dynamic,C_dyn_maze_dense,16384,conc,full_ft,0,4,full_ft_N16384_conc_s0,focal,1.0,2500,False,2500,2500,,,nan,-1,85.0,0
dynamic,C_dyn_maze_dense,16384,conc,full_ft,1,4,full_ft_N16384_conc_s1,astar,,2500,False,2500,2500,,,nan,-1,85.0,0
dynamic,C_dyn_maze_dense,16384,conc,full_ft,1,4,full_ft_N16384_conc_s1,focal,1.0,2500,False,2500,2500,,,nan,-1,85.0,0
dynamic,C_dyn_maze_dense,16384,conc,full_ft,2,4,full_ft_N16384_conc_s2,astar,,2500,False,2500,2500,,,nan,-1,85.0,0
dynamic,C_dyn_maze_dense,16384,conc,full_ft,2,4,full_ft_N16384_conc_s2,focal,1.0,2500,False,2500,2500,,,nan,-1,85.0,0
dynamic,C_dyn_maze_dense,16384,conc,lora,0,4,lora_N16384_conc_s0,astar,,2500,True,1894,1894,,,1.0,85,85.0,0
dynamic,C_dyn_maze_dense,16384,conc,lora,0,4,lora_N16384_conc_s0,focal,1.0,2500,False,2500,2500,,,nan,-1,85.0,0
dynamic,C_dyn_maze_dense,16384,conc,lora,1,4,lora_N16384_conc_s1,astar,,2500,True,2014,2014,,,1.0,85,85.0,0
dynamic,C_dyn_maze_dense,16384,conc,lora,1,4,lora_N16384_conc_s1,focal,1.0,2500,False,2500,2500,,,nan,-1,85.0,0
dynamic,C_dyn_maze_dense,16384,conc,lora,2,4,lora_N16384_conc_s2,astar,,2500,True,1780,1780,,,1.0,85,85.0,0
dynamic,C_dyn_maze_dense,16384,conc,lora,2,4,lora_N16384_conc_s2,focal,1.0,2500,False,2500,2500,,,nan,-1,85.0,0
dynamic,C_dyn_maze_dense,16384,conc,scratch,0,4,scratch_N16384_conc_s0,astar,,2500,False,2500,2500,,,nan,-1,85.0,0
dynamic,C_dyn_maze_dense,16384,conc,scratch,0,4,scratch_N16384_conc_s0,focal,1.0,2500,False,2500,2500,,,nan,-1,85.0,0
dynamic,C_dyn_maze_dense,16384,conc,scratch,1,4,scratch_N16384_conc_s1,astar,,2500,False,2500,2500,,,nan,-1,85.0,0
dynamic,C_dyn_maze_dense,16384,conc,scratch,1,4,scratch_N16384_conc_s1,focal,1.0,2500,False,2500,2500,,,nan,-1,85.0,0
dynamic,C_dyn_maze_dense,16384,conc,scratch,2,4,scratch_N16384_conc_s2,astar,,2500,False,2500,2500,,,nan,-1,85.0,0
dynamic,C_dyn_maze_dense,16384,conc,scratch,2,4,scratch_N16384_conc_s2,focal,1.0,2500,False,2500,2500,,,nan,-1,85.0,0
dynamic,C_dyn_maze_dense,16384,dist,full_ft,0,4,full_ft_N16384_dist_s0,astar,,2500,True,1746,1746,,,1.0,85,85.0,0
dynamic,C_dyn_maze_dense,16384,dist,full_ft,0,4,full_ft_N16384_dist_s0,focal,1.0,2500,False,2500,2500,,,nan,-1,85.0,0
dynamic,C_dyn_maze_dense,16384,dist,full_ft,1,4,full_ft_N16384_dist_s1,astar,,2500,True,1803,1803,,,1.0,85,85.0,0
dynamic,C_dyn_maze_dense,16384,dist,full_ft,1,4,full_ft_N16384_dist_s1,focal,1.0,2500,False,2500,2500,,,nan,-1,85.0,0
dynamic,C_dyn_maze_dense,16384,dist,full_ft,2,4,full_ft_N16384_dist_s2,astar,,2500,True,2059,2059,,,1.0,85,85.0,0
dynamic,C_dyn_maze_dense,16384,dist,full_ft,2,4,full_ft_N16384_dist_s2,focal,1.0,2500,False,2500,2500,,,nan,-1,85.0,0
dynamic,C_dyn_maze_dense,16384,dist,lora,0,4,lora_N16384_dist_s0,astar,,2500,True,1670,1670,,,1.0,85,85.0,0
dynamic,C_dyn_maze_dense,16384,dist,lora,0,4,lora_N16384_dist_s0,focal,1.0,2500,False,2500,2500,,,nan,-1,85.0,0
dynamic,C_dyn_maze_dense,16384,dist,lora,1,4,lora_N16384_dist_s1,astar,,2500,True,1707,1707,,,1.0,85,85.0,0
dynamic,C_dyn_maze_dense,16384,dist,lora,1,4,lora_N16384_dist_s1,focal,1.0,2500,False,2500,2500,,,nan,-1,85.0,0
dynamic,C_dyn_maze_dense,16384,dist,lora,2,4,lora_N16384_dist_s2,astar,,2500,True,1729,1729,,,1.0,85,85.0,0
dynamic,C_dyn_maze_dense,16384,dist,lora,2,4,lora_N16384_dist_s2,focal,1.0,2500,False,2500,2500,,,nan,-1,85.0,0
dynamic,C_dyn_maze_dense,16384,dist,scratch,0,4,scratch_N16384_dist_s0,astar,,2500,True,1807,1807,,,1.0,85,85.0,0
dynamic,C_dyn_maze_dense,16384,dist,scratch,0,4,scratch_N16384_dist_s0,focal,1.0,2500,False,2500,2500,,,nan,-1,85.0,0
dynamic,C_dyn_maze_dense,16384,dist,scratch,1,4,scratch_N16384_dist_s1,astar,,2500,True,2239,2239,,,1.0,85,85.0,0
dynamic,C_dyn_maze_dense,16384,dist,scratch,1,4,scratch_N16384_dist_s1,focal,1.0,2500,False,2500,2500,,,nan,-1,85.0,0
dynamic,C_dyn_maze_dense,16384,dist,scratch,2,4,scratch_N16384_dist_s2,astar,,2500,True,2023,2023,,,1.0,85,85.0,0
dynamic,C_dyn_maze_dense,16384,dist,scratch,2,4,scratch_N16384_dist_s2,focal,1.0,2500,False,2500,2500,,,nan,-1,85.0,0
dynamic,C_dyn_maze_dense,256,conc,full_ft,0,4,full_ft_N256_conc_s0,astar,,2500,False,2500,2500,,,nan,-1,85.0,0
dynamic,C_dyn_maze_dense,256,conc,full_ft,0,4,full_ft_N256_conc_s0,focal,1.0,2500,False,2500,2500,,,nan,-1,85.0,0
dynamic,C_dyn_maze_dense,256,conc,full_ft,1,4,full_ft_N256_conc_s1,astar,,2500,False,2500,2500,,,nan,-1,85.0,0
dynamic,C_dyn_maze_dense,256,conc,full_ft,1,4,full_ft_N256_conc_s1,focal,1.0,2500,False,2500,2500,,,nan,-1,85.0,0
dynamic,C_dyn_maze_dense,256,conc,full_ft,2,4,full_ft_N256_conc_s2,astar,,2500,False,2500,2500,,,nan,-1,85.0,0
dynamic,C_dyn_maze_dense,256,conc,full_ft,2,4,full_ft_N256_conc_s2,focal,1.0,2500,False,2500,2500,,,nan,-1,85.0,0
dynamic,C_dyn_maze_dense,256,conc,lora,0,4,lora_N256_conc_s0,astar,,2500,True,2214,2214,,,1.0,85,85.0,0
dynamic,C_dyn_maze_dense,256,conc,lora,0,4,lora_N256_conc_s0,focal,1.0,2500,False,2500,2500,,,nan,-1,85.0,0
dynamic,C_dyn_maze_dense,256,conc,lora,1,4,lora_N256_conc_s1,astar,,2500,False,2500,2500,,,nan,-1,85.0,0
dynamic,C_dyn_maze_dense,256,conc,lora,1,4,lora_N256_conc_s1,focal,1.0,2500,False,2500,2500,,,nan,-1,85.0,0
dynamic,C_dyn_maze_dense,256,conc,lora,2,4,lora_N256_conc_s2,astar,,2500,True,2351,2351,,,1.0,85,85.0,0
dynamic,C_dyn_maze_dense,256,conc,lora,2,4,lora_N256_conc_s2,focal,1.0,2500,False,2500,2500,,,nan,-1,85.0,0
dynamic,C_dyn_maze_dense,256,conc,scratch,0,4,scratch_N256_conc_s0,astar,,2500,False,2500,2500,,,nan,-1,85.0,0
dynamic,C_dyn_maze_dense,256,conc,scratch,0,4,scratch_N256_conc_s0,focal,1.0,2500,False,2500,2500,,,nan,-1,85.0,0
dynamic,C_dyn_maze_dense,256,conc,scratch,1,4,scratch_N256_conc_s1,astar,,2500,False,2500,2500,,,nan,-1,85.0,0
dynamic,C_dyn_maze_dense,256,conc,scratch,1,4,scratch_N256_conc_s1,focal,1.0,2500,False,2500,2500,,,nan,-1,85.0,0
dynamic,C_dyn_maze_dense,256,conc,scratch,2,4,scratch_N256_conc_s2,astar,,2500,False,2500,2500,,,nan,-1,85.0,0
dynamic,C_dyn_maze_dense,256,conc,scratch,2,4,scratch_N256_conc_s2,focal,1.0,2500,False,2500,2500,,,nan,-1,85.0,0
dynamic,C_dyn_maze_dense,256,dist,full_ft,0,4,full_ft_N256_dist_s0,astar,,2500,True,1452,1452,,,1.0,85,85.0,0
dynamic,C_dyn_maze_dense,256,dist,full_ft,0,4,full_ft_N256_dist_s0,focal,1.0,2500,False,2500,2500,,,nan,-1,85.0,0
dynamic,C_dyn_maze_dense,256,dist,full_ft,1,4,full_ft_N256_dist_s1,astar,,2500,True,1392,1392,,,1.0,85,85.0,0
dynamic,C_dyn_maze_dense,256,dist,full_ft,1,4,full_ft_N256_dist_s1,focal,1.0,2500,False,2500,2500,,,nan,-1,85.0,0
dynamic,C_dyn_maze_dense,256,dist,full_ft,2,4,full_ft_N256_dist_s2,astar,,2500,True,1448,1448,,,1.0,85,85.0,0
dynamic,C_dyn_maze_dense,256,dist,full_ft,2,4,full_ft_N256_dist_s2,focal,1.0,2500,False,2500,2500,,,nan,-1,85.0,0
dynamic,C_dyn_maze_dense,256,dist,lora,0,4,lora_N256_dist_s0,astar,,2500,True,1651,1651,,,1.0,85,85.0,0
dynamic,C_dyn_maze_dense,256,dist,lora,0,4,lora_N256_dist_s0,focal,1.0,2500,False,2500,2500,,,nan,-1,85.0,0
dynamic,C_dyn_maze_dense,256,dist,lora,1,4,lora_N256_dist_s1,astar,,2500,True,1609,1609,,,1.0,85,85.0,0
dynamic,C_dyn_maze_dense,256,dist,lora,1,4,lora_N256_dist_s1,focal,1.0,2500,False,2500,2500,,,nan,-1,85.0,0
dynamic,C_dyn_maze_dense,256,dist,lora,2,4,lora_N256_dist_s2,astar,,2500,True,1559,1559,,,1.0,85,85.0,0
dynamic,C_dyn_maze_dense,256,dist,lora,2,4,lora_N256_dist_s2,focal,1.0,2500,False,2500,2500,,,nan,-1,85.0,0
dynamic,C_dyn_maze_dense,256,dist,scratch,0,4,scratch_N256_dist_s0,astar,,2500,True,1686,1686,,,1.0,85,85.0,0
dynamic,C_dyn_maze_dense,256,dist,scratch,0,4,scratch_N256_dist_s0,focal,1.0,2500,False,2500,2500,,,nan,-1,85.0,0
dynamic,C_dyn_maze_dense,256,dist,scratch,1,4,scratch_N256_dist_s1,astar,,2500,True,1699,1699,,,1.0,85,85.0,0
dynamic,C_dyn_maze_dense,256,dist,scratch,1,4,scratch_N256_dist_s1,focal,1.0,2500,False,2500,2500,,,nan,-1,85.0,0
dynamic,C_dyn_maze_dense,256,dist,scratch,2,4,scratch_N256_dist_s2,astar,,2500,True,1676,1676,,,1.0,85,85.0,0
dynamic,C_dyn_maze_dense,256,dist,scratch,2,4,scratch_N256_dist_s2,focal,1.0,2500,False,2500,2500,,,nan,-1,85.0,0
dynamic,C_dyn_maze_dense,4096,conc,full_ft,0,4,full_ft_N4096_conc_s0,astar,,2500,False,2500,2500,,,nan,-1,85.0,0
dynamic,C_dyn_maze_dense,4096,conc,full_ft,0,4,full_ft_N4096_conc_s0,focal,1.0,2500,False,2500,2500,,,nan,-1,85.0,0
dynamic,C_dyn_maze_dense,4096,conc,full_ft,1,4,full_ft_N4096_conc_s1,astar,,2500,False,2500,2500,,,nan,-1,85.0,0
dynamic,C_dyn_maze_dense,4096,conc,full_ft,1,4,full_ft_N4096_conc_s1,focal,1.0,2500,False,2500,2500,,,nan,-1,85.0,0
dynamic,C_dyn_maze_dense,4096,conc,full_ft,2,4,full_ft_N4096_conc_s2,astar,,2500,False,2500,2500,,,nan,-1,85.0,0
dynamic,C_dyn_maze_dense,4096,conc,full_ft,2,4,full_ft_N4096_conc_s2,focal,1.0,2500,False,2500,2500,,,nan,-1,85.0,0
dynamic,C_dyn_maze_dense,4096,conc,lora,0,4,lora_N4096_conc_s0,astar,,2500,True,2394,2394,,,1.0,85,85.0,0
dynamic,C_dyn_maze_dense,4096,conc,lora,0,4,lora_N4096_conc_s0,focal,1.0,2500,False,2500,2500,,,nan,-1,85.0,0
dynamic,C_dyn_maze_dense,4096,conc,lora,1,4,lora_N4096_conc_s1,astar,,2500,True,2301,2301,,,1.0,85,85.0,0
dynamic,C_dyn_maze_dense,4096,conc,lora,1,4,lora_N4096_conc_s1,focal,1.0,2500,False,2500,2500,,,nan,-1,85.0,0
dynamic,C_dyn_maze_dense,4096,conc,lora,2,4,lora_N4096_conc_s2,astar,,2500,False,2500,2500,,,nan,-1,85.0,0
dynamic,C_dyn_maze_dense,4096,conc,lora,2,4,lora_N4096_conc_s2,focal,1.0,2500,False,2500,2500,,,nan,-1,85.0,0
dynamic,C_dyn_maze_dense,4096,conc,scratch,0,4,scratch_N4096_conc_s0,astar,,2500,False,2500,2500,,,nan,-1,85.0,0
dynamic,C_dyn_maze_dense,4096,conc,scratch,0,4,scratch_N4096_conc_s0,focal,1.0,2500,False,2500,2500,,,nan,-1,85.0,0
dynamic,C_dyn_maze_dense,4096,conc,scratch,1,4,scratch_N4096_conc_s1,astar,,2500,False,2500,2500,,,nan,-1,85.0,0
dynamic,C_dyn_maze_dense,4096,conc,scratch,1,4,scratch_N4096_conc_s1,focal,1.0,2500,False,2500,2500,,,nan,-1,85.0,0
dynamic,C_dyn_maze_dense,4096,conc,scratch,2,4,scratch_N4096_conc_s2,astar,,2500,False,2500,2500,,,nan,-1,85.0,0
dynamic,C_dyn_maze_dense,4096,conc,scratch,2,4,scratch_N4096_conc_s2,focal,1.0,2500,False,2500,2500,,,nan,-1,85.0,0
dynamic,C_dyn_maze_dense,4096,dist,full_ft,0,4,full_ft_N4096_dist_s0,astar,,2500,True,1723,1723,,,1.0,85,85.0,0
dynamic,C_dyn_maze_dense,4096,dist,full_ft,0,4,full_ft_N4096_dist_s0,focal,1.0,2500,False,2500,2500,,,nan,-1,85.0,0
dynamic,C_dyn_maze_dense,4096,dist,full_ft,1,4,full_ft_N4096_dist_s1,astar,,2500,True,2258,2258,,,1.0,85,85.0,0
dynamic,C_dyn_maze_dense,4096,dist,full_ft,1,4,full_ft_N4096_dist_s1,focal,1.0,2500,False,2500,2500,,,nan,-1,85.0,0
dynamic,C_dyn_maze_dense,4096,dist,full_ft,2,4,full_ft_N4096_dist_s2,astar,,2500,True,2057,2057,,,1.0,85,85.0,0
dynamic,C_dyn_maze_dense,4096,dist,full_ft,2,4,full_ft_N4096_dist_s2,focal,1.0,2500,False,2500,2500,,,nan,-1,85.0,0
dynamic,C_dyn_maze_dense,4096,dist,lora,0,4,lora_N4096_dist_s0,astar,,2500,True,1682,1682,,,1.0,85,85.0,0
dynamic,C_dyn_maze_dense,4096,dist,lora,0,4,lora_N4096_dist_s0,focal,1.0,2500,False,2500,2500,,,nan,-1,85.0,0
dynamic,C_dyn_maze_dense,4096,dist,lora,1,4,lora_N4096_dist_s1,astar,,2500,True,1693,1693,,,1.0,85,85.0,0
dynamic,C_dyn_maze_dense,4096,dist,lora,1,4,lora_N4096_dist_s1,focal,1.0,2500,False,2500,2500,,,nan,-1,85.0,0
dynamic,C_dyn_maze_dense,4096,dist,lora,2,4,lora_N4096_dist_s2,astar,,2500,True,1815,1815,,,1.0,85,85.0,0
dynamic,C_dyn_maze_dense,4096,dist,lora,2,4,lora_N4096_dist_s2,focal,1.0,2500,False,2500,2500,,,nan,-1,85.0,0
dynamic,C_dyn_maze_dense,4096,dist,scratch,0,4,scratch_N4096_dist_s0,astar,,2500,True,1616,1616,,,1.0,85,85.0,0
dynamic,C_dyn_maze_dense,4096,dist,scratch,0,4,scratch_N4096_dist_s0,focal,1.0,2500,False,2500,2500,,,nan,-1,85.0,0
dynamic,C_dyn_maze_dense,4096,dist,scratch,1,4,scratch_N4096_dist_s1,astar,,2500,True,1661,1661,,,1.0,85,85.0,0
dynamic,C_dyn_maze_dense,4096,dist,scratch,1,4,scratch_N4096_dist_s1,focal,1.0,2500,False,2500,2500,,,nan,-1,85.0,0
dynamic,C_dyn_maze_dense,4096,dist,scratch,2,4,scratch_N4096_dist_s2,astar,,2500,True,1850,1850,,,1.0,85,85.0,0
dynamic,C_dyn_maze_dense,4096,dist,scratch,2,4,scratch_N4096_dist_s2,focal,1.0,2500,False,2500,2500,,,nan,-1,85.0,0
dynamic,C_dyn_maze_dense,65536,conc,full_ft,0,4,full_ft_N65536_conc_s0,astar,,2500,True,1617,1617,,,1.0,85,85.0,0
dynamic,C_dyn_maze_dense,65536,conc,full_ft,0,4,full_ft_N65536_conc_s0,focal,1.0,2500,False,2500,2500,,,nan,-1,85.0,0
dynamic,C_dyn_maze_dense,65536,conc,full_ft,1,4,full_ft_N65536_conc_s1,astar,,2500,True,1712,1712,,,1.0,85,85.0,0
dynamic,C_dyn_maze_dense,65536,conc,full_ft,1,4,full_ft_N65536_conc_s1,focal,1.0,2500,False,2500,2500,,,nan,-1,85.0,0
dynamic,C_dyn_maze_dense,65536,conc,full_ft,2,4,full_ft_N65536_conc_s2,astar,,2500,True,1699,1699,,,1.0,85,85.0,0
dynamic,C_dyn_maze_dense,65536,conc,full_ft,2,4,full_ft_N65536_conc_s2,focal,1.0,2500,False,2500,2500,,,nan,-1,85.0,0
dynamic,C_dyn_maze_dense,65536,conc,lora,0,4,lora_N65536_conc_s0,astar,,2500,True,1993,1993,,,1.0,85,85.0,0
dynamic,C_dyn_maze_dense,65536,conc,lora,0,4,lora_N65536_conc_s0,focal,1.0,2500,False,2500,2500,,,nan,-1,85.0,0
dynamic,C_dyn_maze_dense,65536,conc,lora,1,4,lora_N65536_conc_s1,astar,,2500,True,1854,1854,,,1.0,85,85.0,0
dynamic,C_dyn_maze_dense,65536,conc,lora,1,4,lora_N65536_conc_s1,focal,1.0,2500,False,2500,2500,,,nan,-1,85.0,0
dynamic,C_dyn_maze_dense,65536,conc,lora,2,4,lora_N65536_conc_s2,astar,,2500,True,1911,1911,,,1.0,85,85.0,0
dynamic,C_dyn_maze_dense,65536,conc,lora,2,4,lora_N65536_conc_s2,focal,1.0,2500,False,2500,2500,,,nan,-1,85.0,0
dynamic,C_dyn_maze_dense,65536,conc,scratch,0,4,scratch_N65536_conc_s0,astar,,2500,True,2214,2214,,,1.0,85,85.0,0
dynamic,C_dyn_maze_dense,65536,conc,scratch,0,4,scratch_N65536_conc_s0,focal,1.0,2500,False,2500,2500,,,nan,-1,85.0,0
dynamic,C_dyn_maze_dense,65536,conc,scratch,1,4,scratch_N65536_conc_s1,astar,,2500,True,1781,1781,,,1.0,85,85.0,0
dynamic,C_dyn_maze_dense,65536,conc,scratch,1,4,scratch_N65536_conc_s1,focal,1.0,2500,False,2500,2500,,,nan,-1,85.0,0
dynamic,C_dyn_maze_dense,65536,conc,scratch,2,4,scratch_N65536_conc_s2,astar,,2500,True,1931,1931,,,1.0,85,85.0,0
dynamic,C_dyn_maze_dense,65536,conc,scratch,2,4,scratch_N65536_conc_s2,focal,1.0,2500,False,2500,2500,,,nan,-1,85.0,0
dynamic,C_dyn_maze_dense,65536,dist,full_ft,0,4,full_ft_N65536_dist_s0,astar,,2500,True,2458,2458,,,1.0,85,85.0,0
dynamic,C_dyn_maze_dense,65536,dist,full_ft,0,4,full_ft_N65536_dist_s0,focal,1.0,2500,False,2500,2500,,,nan,-1,85.0,0
dynamic,C_dyn_maze_dense,65536,dist,full_ft,1,4,full_ft_N65536_dist_s1,astar,,2500,True,1656,1656,,,1.0,85,85.0,0
dynamic,C_dyn_maze_dense,65536,dist,full_ft,1,4,full_ft_N65536_dist_s1,focal,1.0,2500,False,2500,2500,,,nan,-1,85.0,0
dynamic,C_dyn_maze_dense,65536,dist,full_ft,2,4,full_ft_N65536_dist_s2,astar,,2500,True,2083,2083,,,1.0,85,85.0,0
dynamic,C_dyn_maze_dense,65536,dist,full_ft,2,4,full_ft_N65536_dist_s2,focal,1.0,2500,False,2500,2500,,,nan,-1,85.0,0
dynamic,C_dyn_maze_dense,65536,dist,lora,0,4,lora_N65536_dist_s0,astar,,2500,True,1628,1628,,,1.0,85,85.0,0
dynamic,C_dyn_maze_dense,65536,dist,lora,0,4,lora_N65536_dist_s0,focal,1.0,2500,False,2500,2500,,,nan,-1,85.0,0
dynamic,C_dyn_maze_dense,65536,dist,lora,1,4,lora_N65536_dist_s1,astar,,2500,True,1768,1768,,,1.0,85,85.0,0
dynamic,C_dyn_maze_dense,65536,dist,lora,1,4,lora_N65536_dist_s1,focal,1.0,2500,False,2500,2500,,,nan,-1,85.0,0
dynamic,C_dyn_maze_dense,65536,dist,lora,2,4,lora_N65536_dist_s2,astar,,2500,True,1708,1708,,,1.0,85,85.0,0
dynamic,C_dyn_maze_dense,65536,dist,lora,2,4,lora_N65536_dist_s2,focal,1.0,2500,False,2500,2500,,,nan,-1,85.0,0
dynamic,C_dyn_maze_dense,65536,dist,scratch,0,4,scratch_N65536_dist_s0,astar,,2500,True,1480,1480,,,1.0,85,85.0,0
dynamic,C_dyn_maze_dense,65536,dist,scratch,0,4,scratch_N65536_dist_s0,focal,1.0,2500,False,2500,2500,,,nan,-1,85.0,0
dynamic,C_dyn_maze_dense,65536,dist,scratch,1,4,scratch_N65536_dist_s1,astar,,2500,True,1346,1346,,,1.0,85,85.0,0
dynamic,C_dyn_maze_dense,65536,dist,scratch,1,4,scratch_N65536_dist_s1,focal,1.0,2500,False,2500,2500,,,nan,-1,85.0,0
dynamic,C_dyn_maze_dense,65536,dist,scratch,2,4,scratch_N65536_dist_s2,astar,,2500,True,1574,1574,,,1.0,85,85.0,0
dynamic,C_dyn_maze_dense,65536,dist,scratch,2,4,scratch_N65536_dist_s2,focal,1.0,2500,False,2500,2500,,,nan,-1,85.0,0
dynamic,C_dyn_maze_dense,-1,,euclid,-1,5,euclid,astar,,2500,False,2500,2500,,,nan,-1,82.0,0
dynamic,C_dyn_maze_dense,-1,,euclid,-1,5,euclid,focal,1.0,2500,False,2500,2500,,,nan,-1,82.0,0
dynamic,C_dyn_maze_dense,-1,,oracle,-1,5,oracle,astar,,2500,True,2221,2221,,,1.0,82,82.0,0
dynamic,C_dyn_maze_dense,-1,,oracle,-1,5,oracle,focal,1.0,2500,False,2500,2500,,,nan,-1,82.0,0
dynamic,C_dyn_maze_dense,0,,zero_shot,-1,5,zeroshot_field_unet_blind,astar,,2500,False,2500,2500,,,nan,-1,82.0,0
dynamic,C_dyn_maze_dense,0,,zero_shot,-1,5,zeroshot_field_unet_blind,focal,1.0,2500,False,2500,2500,,,nan,-1,82.0,0
dynamic,C_dyn_maze_dense,1024,conc,full_ft,0,5,full_ft_N1024_conc_s0,astar,,2500,False,2500,2500,,,nan,-1,82.0,0
dynamic,C_dyn_maze_dense,1024,conc,full_ft,0,5,full_ft_N1024_conc_s0,focal,1.0,2500,False,2500,2500,,,nan,-1,82.0,0
dynamic,C_dyn_maze_dense,1024,conc,full_ft,1,5,full_ft_N1024_conc_s1,astar,,2500,False,2500,2500,,,nan,-1,82.0,0
dynamic,C_dyn_maze_dense,1024,conc,full_ft,1,5,full_ft_N1024_conc_s1,focal,1.0,2500,False,2500,2500,,,nan,-1,82.0,0
dynamic,C_dyn_maze_dense,1024,conc,full_ft,2,5,full_ft_N1024_conc_s2,astar,,2500,False,2500,2500,,,nan,-1,82.0,0
dynamic,C_dyn_maze_dense,1024,conc,full_ft,2,5,full_ft_N1024_conc_s2,focal,1.0,2500,False,2500,2500,,,nan,-1,82.0,0
dynamic,C_dyn_maze_dense,1024,conc,lora,0,5,lora_N1024_conc_s0,astar,,2500,False,2500,2500,,,nan,-1,82.0,0
dynamic,C_dyn_maze_dense,1024,conc,lora,0,5,lora_N1024_conc_s0,focal,1.0,2500,False,2500,2500,,,nan,-1,82.0,0
dynamic,C_dyn_maze_dense,1024,conc,lora,1,5,lora_N1024_conc_s1,astar,,2500,False,2500,2500,,,nan,-1,82.0,0
dynamic,C_dyn_maze_dense,1024,conc,lora,1,5,lora_N1024_conc_s1,focal,1.0,2500,False,2500,2500,,,nan,-1,82.0,0
dynamic,C_dyn_maze_dense,1024,conc,lora,2,5,lora_N1024_conc_s2,astar,,2500,False,2500,2500,,,nan,-1,82.0,0
dynamic,C_dyn_maze_dense,1024,conc,lora,2,5,lora_N1024_conc_s2,focal,1.0,2500,False,2500,2500,,,nan,-1,82.0,0
dynamic,C_dyn_maze_dense,1024,conc,scratch,0,5,scratch_N1024_conc_s0,astar,,2500,False,2500,2500,,,nan,-1,82.0,0
dynamic,C_dyn_maze_dense,1024,conc,scratch,0,5,scratch_N1024_conc_s0,focal,1.0,2500,False,2500,2500,,,nan,-1,82.0,0
dynamic,C_dyn_maze_dense,1024,conc,scratch,1,5,scratch_N1024_conc_s1,astar,,2500,False,2500,2500,,,nan,-1,82.0,0
dynamic,C_dyn_maze_dense,1024,conc,scratch,1,5,scratch_N1024_conc_s1,focal,1.0,2500,False,2500,2500,,,nan,-1,82.0,0
dynamic,C_dyn_maze_dense,1024,conc,scratch,2,5,scratch_N1024_conc_s2,astar,,2500,False,2500,2500,,,nan,-1,82.0,0
dynamic,C_dyn_maze_dense,1024,conc,scratch,2,5,scratch_N1024_conc_s2,focal,1.0,2500,False,2500,2500,,,nan,-1,82.0,0
dynamic,C_dyn_maze_dense,1024,dist,full_ft,0,5,full_ft_N1024_dist_s0,astar,,2500,True,2108,2108,,,1.0,82,82.0,0
dynamic,C_dyn_maze_dense,1024,dist,full_ft,0,5,full_ft_N1024_dist_s0,focal,1.0,2500,False,2500,2500,,,nan,-1,82.0,0
dynamic,C_dyn_maze_dense,1024,dist,full_ft,1,5,full_ft_N1024_dist_s1,astar,,2500,True,1949,1949,,,1.0,82,82.0,0
dynamic,C_dyn_maze_dense,1024,dist,full_ft,1,5,full_ft_N1024_dist_s1,focal,1.0,2500,False,2500,2500,,,nan,-1,82.0,0
dynamic,C_dyn_maze_dense,1024,dist,full_ft,2,5,full_ft_N1024_dist_s2,astar,,2500,True,2327,2327,,,1.0,82,82.0,0
dynamic,C_dyn_maze_dense,1024,dist,full_ft,2,5,full_ft_N1024_dist_s2,focal,1.0,2500,False,2500,2500,,,nan,-1,82.0,0
dynamic,C_dyn_maze_dense,1024,dist,lora,0,5,lora_N1024_dist_s0,astar,,2500,True,2437,2437,,,1.0,82,82.0,0
dynamic,C_dyn_maze_dense,1024,dist,lora,0,5,lora_N1024_dist_s0,focal,1.0,2500,False,2500,2500,,,nan,-1,82.0,0
dynamic,C_dyn_maze_dense,1024,dist,lora,1,5,lora_N1024_dist_s1,astar,,2500,True,2477,2477,,,1.0,82,82.0,0
dynamic,C_dyn_maze_dense,1024,dist,lora,1,5,lora_N1024_dist_s1,focal,1.0,2500,False,2500,2500,,,nan,-1,82.0,0
dynamic,C_dyn_maze_dense,1024,dist,lora,2,5,lora_N1024_dist_s2,astar,,2500,False,2500,2500,,,nan,-1,82.0,0
dynamic,C_dyn_maze_dense,1024,dist,lora,2,5,lora_N1024_dist_s2,focal,1.0,2500,False,2500,2500,,,nan,-1,82.0,0
dynamic,C_dyn_maze_dense,1024,dist,scratch,0,5,scratch_N1024_dist_s0,astar,,2500,False,2500,2500,,,nan,-1,82.0,0
dynamic,C_dyn_maze_dense,1024,dist,scratch,0,5,scratch_N1024_dist_s0,focal,1.0,2500,False,2500,2500,,,nan,-1,82.0,0
dynamic,C_dyn_maze_dense,1024,dist,scratch,1,5,scratch_N1024_dist_s1,astar,,2500,False,2500,2500,,,nan,-1,82.0,0
dynamic,C_dyn_maze_dense,1024,dist,scratch,1,5,scratch_N1024_dist_s1,focal,1.0,2500,False,2500,2500,,,nan,-1,82.0,0
dynamic,C_dyn_maze_dense,1024,dist,scratch,2,5,scratch_N1024_dist_s2,astar,,2500,True,2207,2207,,,1.0121951219512195,83,82.0,0
dynamic,C_dyn_maze_dense,1024,dist,scratch,2,5,scratch_N1024_dist_s2,focal,1.0,2500,False,2500,2500,,,nan,-1,82.0,0
dynamic,C_dyn_maze_dense,16384,conc,full_ft,0,5,full_ft_N16384_conc_s0,astar,,2500,False,2500,2500,,,nan,-1,82.0,0
dynamic,C_dyn_maze_dense,16384,conc,full_ft,0,5,full_ft_N16384_conc_s0,focal,1.0,2500,False,2500,2500,,,nan,-1,82.0,0
dynamic,C_dyn_maze_dense,16384,conc,full_ft,1,5,full_ft_N16384_conc_s1,astar,,2500,False,2500,2500,,,nan,-1,82.0,0
dynamic,C_dyn_maze_dense,16384,conc,full_ft,1,5,full_ft_N16384_conc_s1,focal,1.0,2500,False,2500,2500,,,nan,-1,82.0,0
dynamic,C_dyn_maze_dense,16384,conc,full_ft,2,5,full_ft_N16384_conc_s2,astar,,2500,False,2500,2500,,,nan,-1,82.0,0
dynamic,C_dyn_maze_dense,16384,conc,full_ft,2,5,full_ft_N16384_conc_s2,focal,1.0,2500,False,2500,2500,,,nan,-1,82.0,0
dynamic,C_dyn_maze_dense,16384,conc,lora,0,5,lora_N16384_conc_s0,astar,,2500,False,2500,2500,,,nan,-1,82.0,0
dynamic,C_dyn_maze_dense,16384,conc,lora,0,5,lora_N16384_conc_s0,focal,1.0,2500,False,2500,2500,,,nan,-1,82.0,0
dynamic,C_dyn_maze_dense,16384,conc,lora,1,5,lora_N16384_conc_s1,astar,,2500,False,2500,2500,,,nan,-1,82.0,0
dynamic,C_dyn_maze_dense,16384,conc,lora,1,5,lora_N16384_conc_s1,focal,1.0,2500,False,2500,2500,,,nan,-1,82.0,0
dynamic,C_dyn_maze_dense,16384,conc,lora,2,5,lora_N16384_conc_s2,astar,,2500,False,2500,2500,,,nan,-1,82.0,0
dynamic,C_dyn_maze_dense,16384,conc,lora,2,5,lora_N16384_conc_s2,focal,1.0,2500,False,2500,2500,,,nan,-1,82.0,0
dynamic,C_dyn_maze_dense,16384,conc,scratch,0,5,scratch_N16384_conc_s0,astar,,2500,False,2500,2500,,,nan,-1,82.0,0
dynamic,C_dyn_maze_dense,16384,conc,scratch,0,5,scratch_N16384_conc_s0,focal,1.0,2500,False,2500,2500,,,nan,-1,82.0,0
dynamic,C_dyn_maze_dense,16384,conc,scratch,1,5,scratch_N16384_conc_s1,astar,,2500,False,2500,2500,,,nan,-1,82.0,0
dynamic,C_dyn_maze_dense,16384,conc,scratch,1,5,scratch_N16384_conc_s1,focal,1.0,2500,False,2500,2500,,,nan,-1,82.0,0
dynamic,C_dyn_maze_dense,16384,conc,scratch,2,5,scratch_N16384_conc_s2,astar,,2500,False,2500,2500,,,nan,-1,82.0,0
dynamic,C_dyn_maze_dense,16384,conc,scratch,2,5,scratch_N16384_conc_s2,focal,1.0,2500,False,2500,2500,,,nan,-1,82.0,0
dynamic,C_dyn_maze_dense,16384,dist,full_ft,0,5,full_ft_N16384_dist_s0,astar,,2500,True,2399,2399,,,1.024390243902439,84,82.0,0
dynamic,C_dyn_maze_dense,16384,dist,full_ft,0,5,full_ft_N16384_dist_s0,focal,1.0,2500,False,2500,2500,,,nan,-1,82.0,0
dynamic,C_dyn_maze_dense,16384,dist,full_ft,1,5,full_ft_N16384_dist_s1,astar,,2500,False,2500,2500,,,nan,-1,82.0,0
dynamic,C_dyn_maze_dense,16384,dist,full_ft,1,5,full_ft_N16384_dist_s1,focal,1.0,2500,False,2500,2500,,,nan,-1,82.0,0
dynamic,C_dyn_maze_dense,16384,dist,full_ft,2,5,full_ft_N16384_dist_s2,astar,,2500,False,2500,2500,,,nan,-1,82.0,0
dynamic,C_dyn_maze_dense,16384,dist,full_ft,2,5,full_ft_N16384_dist_s2,focal,1.0,2500,False,2500,2500,,,nan,-1,82.0,0
dynamic,C_dyn_maze_dense,16384,dist,lora,0,5,lora_N16384_dist_s0,astar,,2500,True,2282,2282,,,1.0,82,82.0,0
dynamic,C_dyn_maze_dense,16384,dist,lora,0,5,lora_N16384_dist_s0,focal,1.0,2500,False,2500,2500,,,nan,-1,82.0,0
dynamic,C_dyn_maze_dense,16384,dist,lora,1,5,lora_N16384_dist_s1,astar,,2500,True,2476,2476,,,1.0,82,82.0,0
dynamic,C_dyn_maze_dense,16384,dist,lora,1,5,lora_N16384_dist_s1,focal,1.0,2500,False,2500,2500,,,nan,-1,82.0,0
dynamic,C_dyn_maze_dense,16384,dist,lora,2,5,lora_N16384_dist_s2,astar,,2500,True,2487,2487,,,1.0,82,82.0,0
dynamic,C_dyn_maze_dense,16384,dist,lora,2,5,lora_N16384_dist_s2,focal,1.0,2500,False,2500,2500,,,nan,-1,82.0,0
dynamic,C_dyn_maze_dense,16384,dist,scratch,0,5,scratch_N16384_dist_s0,astar,,2500,True,2092,2092,,,1.0,82,82.0,0
dynamic,C_dyn_maze_dense,16384,dist,scratch,0,5,scratch_N16384_dist_s0,focal,1.0,2500,False,2500,2500,,,nan,-1,82.0,0
dynamic,C_dyn_maze_dense,16384,dist,scratch,1,5,scratch_N16384_dist_s1,astar,,2500,True,2078,2078,,,1.0121951219512195,83,82.0,0
dynamic,C_dyn_maze_dense,16384,dist,scratch,1,5,scratch_N16384_dist_s1,focal,1.0,2500,False,2500,2500,,,nan,-1,82.0,0
dynamic,C_dyn_maze_dense,16384,dist,scratch,2,5,scratch_N16384_dist_s2,astar,,2500,True,2134,2134,,,1.0,82,82.0,0
dynamic,C_dyn_maze_dense,16384,dist,scratch,2,5,scratch_N16384_dist_s2,focal,1.0,2500,False,2500,2500,,,nan,-1,82.0,0
dynamic,C_dyn_maze_dense,256,conc,full_ft,0,5,full_ft_N256_conc_s0,astar,,2500,False,2500,2500,,,nan,-1,82.0,0
dynamic,C_dyn_maze_dense,256,conc,full_ft,0,5,full_ft_N256_conc_s0,focal,1.0,2500,False,2500,2500,,,nan,-1,82.0,0
dynamic,C_dyn_maze_dense,256,conc,full_ft,1,5,full_ft_N256_conc_s1,astar,,2500,False,2500,2500,,,nan,-1,82.0,0
dynamic,C_dyn_maze_dense,256,conc,full_ft,1,5,full_ft_N256_conc_s1,focal,1.0,2500,False,2500,2500,,,nan,-1,82.0,0
dynamic,C_dyn_maze_dense,256,conc,full_ft,2,5,full_ft_N256_conc_s2,astar,,2500,False,2500,2500,,,nan,-1,82.0,0
dynamic,C_dyn_maze_dense,256,conc,full_ft,2,5,full_ft_N256_conc_s2,focal,1.0,2500,False,2500,2500,,,nan,-1,82.0,0
dynamic,C_dyn_maze_dense,256,conc,lora,0,5,lora_N256_conc_s0,astar,,2500,False,2500,2500,,,nan,-1,82.0,0
dynamic,C_dyn_maze_dense,256,conc,lora,0,5,lora_N256_conc_s0,focal,1.0,2500,False,2500,2500,,,nan,-1,82.0,0
dynamic,C_dyn_maze_dense,256,conc,lora,1,5,lora_N256_conc_s1,astar,,2500,False,2500,2500,,,nan,-1,82.0,0
dynamic,C_dyn_maze_dense,256,conc,lora,1,5,lora_N256_conc_s1,focal,1.0,2500,False,2500,2500,,,nan,-1,82.0,0
dynamic,C_dyn_maze_dense,256,conc,lora,2,5,lora_N256_conc_s2,astar,,2500,False,2500,2500,,,nan,-1,82.0,0
dynamic,C_dyn_maze_dense,256,conc,lora,2,5,lora_N256_conc_s2,focal,1.0,2500,False,2500,2500,,,nan,-1,82.0,0
dynamic,C_dyn_maze_dense,256,conc,scratch,0,5,scratch_N256_conc_s0,astar,,2500,False,2500,2500,,,nan,-1,82.0,0
dynamic,C_dyn_maze_dense,256,conc,scratch,0,5,scratch_N256_conc_s0,focal,1.0,2500,False,2500,2500,,,nan,-1,82.0,0
dynamic,C_dyn_maze_dense,256,conc,scratch,1,5,scratch_N256_conc_s1,astar,,2500,False,2500,2500,,,nan,-1,82.0,0
dynamic,C_dyn_maze_dense,256,conc,scratch,1,5,scratch_N256_conc_s1,focal,1.0,2500,False,2500,2500,,,nan,-1,82.0,0
dynamic,C_dyn_maze_dense,256,conc,scratch,2,5,scratch_N256_conc_s2,astar,,2500,False,2500,2500,,,nan,-1,82.0,0
dynamic,C_dyn_maze_dense,256,conc,scratch,2,5,scratch_N256_conc_s2,focal,1.0,2500,False,2500,2500,,,nan,-1,82.0,0
dynamic,C_dyn_maze_dense,256,dist,full_ft,0,5,full_ft_N256_dist_s0,astar,,2500,True,2341,2341,,,1.0,82,82.0,0
dynamic,C_dyn_maze_dense,256,dist,full_ft,0,5,full_ft_N256_dist_s0,focal,1.0,2500,False,2500,2500,,,nan,-1,82.0,0
dynamic,C_dyn_maze_dense,256,dist,full_ft,1,5,full_ft_N256_dist_s1,astar,,2500,True,2300,2300,,,1.0609756097560976,87,82.0,0
dynamic,C_dyn_maze_dense,256,dist,full_ft,1,5,full_ft_N256_dist_s1,focal,1.0,2500,False,2500,2500,,,nan,-1,82.0,0
dynamic,C_dyn_maze_dense,256,dist,full_ft,2,5,full_ft_N256_dist_s2,astar,,2500,True,2192,2192,,,1.0,82,82.0,0
dynamic,C_dyn_maze_dense,256,dist,full_ft,2,5,full_ft_N256_dist_s2,focal,1.0,2500,False,2500,2500,,,nan,-1,82.0,0
dynamic,C_dyn_maze_dense,256,dist,lora,0,5,lora_N256_dist_s0,astar,,2500,True,2466,2466,,,1.0731707317073171,88,82.0,0
dynamic,C_dyn_maze_dense,256,dist,lora,0,5,lora_N256_dist_s0,focal,1.0,2500,False,2500,2500,,,nan,-1,82.0,0
dynamic,C_dyn_maze_dense,256,dist,lora,1,5,lora_N256_dist_s1,astar,,2500,True,2420,2420,,,1.0,82,82.0,0
dynamic,C_dyn_maze_dense,256,dist,lora,1,5,lora_N256_dist_s1,focal,1.0,2500,False,2500,2500,,,nan,-1,82.0,0
dynamic,C_dyn_maze_dense,256,dist,lora,2,5,lora_N256_dist_s2,astar,,2500,True,2440,2440,,,1.0,82,82.0,0
dynamic,C_dyn_maze_dense,256,dist,lora,2,5,lora_N256_dist_s2,focal,1.0,2500,False,2500,2500,,,nan,-1,82.0,0
dynamic,C_dyn_maze_dense,256,dist,scratch,0,5,scratch_N256_dist_s0,astar,,2500,True,2104,2104,,,1.024390243902439,84,82.0,0
dynamic,C_dyn_maze_dense,256,dist,scratch,0,5,scratch_N256_dist_s0,focal,1.0,2500,False,2500,2500,,,nan,-1,82.0,0
dynamic,C_dyn_maze_dense,256,dist,scratch,1,5,scratch_N256_dist_s1,astar,,2500,True,2424,2424,,,1.0121951219512195,83,82.0,0
dynamic,C_dyn_maze_dense,256,dist,scratch,1,5,scratch_N256_dist_s1,focal,1.0,2500,False,2500,2500,,,nan,-1,82.0,0
dynamic,C_dyn_maze_dense,256,dist,scratch,2,5,scratch_N256_dist_s2,astar,,2500,True,2352,2352,,,1.0,82,82.0,0
dynamic,C_dyn_maze_dense,256,dist,scratch,2,5,scratch_N256_dist_s2,focal,1.0,2500,False,2500,2500,,,nan,-1,82.0,0
dynamic,C_dyn_maze_dense,4096,conc,full_ft,0,5,full_ft_N4096_conc_s0,astar,,2500,False,2500,2500,,,nan,-1,82.0,0
dynamic,C_dyn_maze_dense,4096,conc,full_ft,0,5,full_ft_N4096_conc_s0,focal,1.0,2500,False,2500,2500,,,nan,-1,82.0,0
dynamic,C_dyn_maze_dense,4096,conc,full_ft,1,5,full_ft_N4096_conc_s1,astar,,2500,False,2500,2500,,,nan,-1,82.0,0
dynamic,C_dyn_maze_dense,4096,conc,full_ft,1,5,full_ft_N4096_conc_s1,focal,1.0,2500,False,2500,2500,,,nan,-1,82.0,0
dynamic,C_dyn_maze_dense,4096,conc,full_ft,2,5,full_ft_N4096_conc_s2,astar,,2500,False,2500,2500,,,nan,-1,82.0,0
dynamic,C_dyn_maze_dense,4096,conc,full_ft,2,5,full_ft_N4096_conc_s2,focal,1.0,2500,False,2500,2500,,,nan,-1,82.0,0
dynamic,C_dyn_maze_dense,4096,conc,lora,0,5,lora_N4096_conc_s0,astar,,2500,False,2500,2500,,,nan,-1,82.0,0
dynamic,C_dyn_maze_dense,4096,conc,lora,0,5,lora_N4096_conc_s0,focal,1.0,2500,False,2500,2500,,,nan,-1,82.0,0
dynamic,C_dyn_maze_dense,4096,conc,lora,1,5,lora_N4096_conc_s1,astar,,2500,False,2500,2500,,,nan,-1,82.0,0
dynamic,C_dyn_maze_dense,4096,conc,lora,1,5,lora_N4096_conc_s1,focal,1.0,2500,False,2500,2500,,,nan,-1,82.0,0
dynamic,C_dyn_maze_dense,4096,conc,lora,2,5,lora_N4096_conc_s2,astar,,2500,False,2500,2500,,,nan,-1,82.0,0
dynamic,C_dyn_maze_dense,4096,conc,lora,2,5,lora_N4096_conc_s2,focal,1.0,2500,False,2500,2500,,,nan,-1,82.0,0
dynamic,C_dyn_maze_dense,4096,conc,scratch,0,5,scratch_N4096_conc_s0,astar,,2500,False,2500,2500,,,nan,-1,82.0,0
dynamic,C_dyn_maze_dense,4096,conc,scratch,0,5,scratch_N4096_conc_s0,focal,1.0,2500,False,2500,2500,,,nan,-1,82.0,0
dynamic,C_dyn_maze_dense,4096,conc,scratch,1,5,scratch_N4096_conc_s1,astar,,2500,False,2500,2500,,,nan,-1,82.0,0
dynamic,C_dyn_maze_dense,4096,conc,scratch,1,5,scratch_N4096_conc_s1,focal,1.0,2500,False,2500,2500,,,nan,-1,82.0,0
dynamic,C_dyn_maze_dense,4096,conc,scratch,2,5,scratch_N4096_conc_s2,astar,,2500,False,2500,2500,,,nan,-1,82.0,0
dynamic,C_dyn_maze_dense,4096,conc,scratch,2,5,scratch_N4096_conc_s2,focal,1.0,2500,False,2500,2500,,,nan,-1,82.0,0
dynamic,C_dyn_maze_dense,4096,dist,full_ft,0,5,full_ft_N4096_dist_s0,astar,,2500,True,2342,2342,,,1.0121951219512195,83,82.0,0
dynamic,C_dyn_maze_dense,4096,dist,full_ft,0,5,full_ft_N4096_dist_s0,focal,1.0,2500,False,2500,2500,,,nan,-1,82.0,0
dynamic,C_dyn_maze_dense,4096,dist,full_ft,1,5,full_ft_N4096_dist_s1,astar,,2500,False,2500,2500,,,nan,-1,82.0,0
dynamic,C_dyn_maze_dense,4096,dist,full_ft,1,5,full_ft_N4096_dist_s1,focal,1.0,2500,False,2500,2500,,,nan,-1,82.0,0
dynamic,C_dyn_maze_dense,4096,dist,full_ft,2,5,full_ft_N4096_dist_s2,astar,,2500,True,2460,2460,,,1.0,82,82.0,0
dynamic,C_dyn_maze_dense,4096,dist,full_ft,2,5,full_ft_N4096_dist_s2,focal,1.0,2500,False,2500,2500,,,nan,-1,82.0,0
dynamic,C_dyn_maze_dense,4096,dist,lora,0,5,lora_N4096_dist_s0,astar,,2500,True,2491,2491,,,1.0,82,82.0,0
dynamic,C_dyn_maze_dense,4096,dist,lora,0,5,lora_N4096_dist_s0,focal,1.0,2500,False,2500,2500,,,nan,-1,82.0,0
dynamic,C_dyn_maze_dense,4096,dist,lora,1,5,lora_N4096_dist_s1,astar,,2500,False,2500,2500,,,nan,-1,82.0,0
dynamic,C_dyn_maze_dense,4096,dist,lora,1,5,lora_N4096_dist_s1,focal,1.0,2500,False,2500,2500,,,nan,-1,82.0,0
dynamic,C_dyn_maze_dense,4096,dist,lora,2,5,lora_N4096_dist_s2,astar,,2500,False,2500,2500,,,nan,-1,82.0,0
dynamic,C_dyn_maze_dense,4096,dist,lora,2,5,lora_N4096_dist_s2,focal,1.0,2500,False,2500,2500,,,nan,-1,82.0,0
dynamic,C_dyn_maze_dense,4096,dist,scratch,0,5,scratch_N4096_dist_s0,astar,,2500,True,2364,2364,,,1.024390243902439,84,82.0,0
dynamic,C_dyn_maze_dense,4096,dist,scratch,0,5,scratch_N4096_dist_s0,focal,1.0,2500,False,2500,2500,,,nan,-1,82.0,0
dynamic,C_dyn_maze_dense,4096,dist,scratch,1,5,scratch_N4096_dist_s1,astar,,2500,True,1907,1907,,,1.0,82,82.0,0
dynamic,C_dyn_maze_dense,4096,dist,scratch,1,5,scratch_N4096_dist_s1,focal,1.0,2500,False,2500,2500,,,nan,-1,82.0,0
dynamic,C_dyn_maze_dense,4096,dist,scratch,2,5,scratch_N4096_dist_s2,astar,,2500,True,1918,1918,,,1.0,82,82.0,0
dynamic,C_dyn_maze_dense,4096,dist,scratch,2,5,scratch_N4096_dist_s2,focal,1.0,2500,False,2500,2500,,,nan,-1,82.0,0
dynamic,C_dyn_maze_dense,65536,conc,full_ft,0,5,full_ft_N65536_conc_s0,astar,,2500,False,2500,2500,,,nan,-1,82.0,0
dynamic,C_dyn_maze_dense,65536,conc,full_ft,0,5,full_ft_N65536_conc_s0,focal,1.0,2500,False,2500,2500,,,nan,-1,82.0,0
dynamic,C_dyn_maze_dense,65536,conc,full_ft,1,5,full_ft_N65536_conc_s1,astar,,2500,False,2500,2500,,,nan,-1,82.0,0
dynamic,C_dyn_maze_dense,65536,conc,full_ft,1,5,full_ft_N65536_conc_s1,focal,1.0,2500,False,2500,2500,,,nan,-1,82.0,0
dynamic,C_dyn_maze_dense,65536,conc,full_ft,2,5,full_ft_N65536_conc_s2,astar,,2500,False,2500,2500,,,nan,-1,82.0,0
dynamic,C_dyn_maze_dense,65536,conc,full_ft,2,5,full_ft_N65536_conc_s2,focal,1.0,2500,False,2500,2500,,,nan,-1,82.0,0
dynamic,C_dyn_maze_dense,65536,conc,lora,0,5,lora_N65536_conc_s0,astar,,2500,True,2422,2422,,,1.0,82,82.0,0
dynamic,C_dyn_maze_dense,65536,conc,lora,0,5,lora_N65536_conc_s0,focal,1.0,2500,False,2500,2500,,,nan,-1,82.0,0
dynamic,C_dyn_maze_dense,65536,conc,lora,1,5,lora_N65536_conc_s1,astar,,2500,False,2500,2500,,,nan,-1,82.0,0
dynamic,C_dyn_maze_dense,65536,conc,lora,1,5,lora_N65536_conc_s1,focal,1.0,2500,False,2500,2500,,,nan,-1,82.0,0
dynamic,C_dyn_maze_dense,65536,conc,lora,2,5,lora_N65536_conc_s2,astar,,2500,True,2377,2377,,,1.0,82,82.0,0
dynamic,C_dyn_maze_dense,65536,conc,lora,2,5,lora_N65536_conc_s2,focal,1.0,2500,False,2500,2500,,,nan,-1,82.0,0
dynamic,C_dyn_maze_dense,65536,conc,scratch,0,5,scratch_N65536_conc_s0,astar,,2500,False,2500,2500,,,nan,-1,82.0,0
dynamic,C_dyn_maze_dense,65536,conc,scratch,0,5,scratch_N65536_conc_s0,focal,1.0,2500,False,2500,2500,,,nan,-1,82.0,0
dynamic,C_dyn_maze_dense,65536,conc,scratch,1,5,scratch_N65536_conc_s1,astar,,2500,True,2339,2339,,,1.024390243902439,84,82.0,0
dynamic,C_dyn_maze_dense,65536,conc,scratch,1,5,scratch_N65536_conc_s1,focal,1.0,2500,False,2500,2500,,,nan,-1,82.0,0
dynamic,C_dyn_maze_dense,65536,conc,scratch,2,5,scratch_N65536_conc_s2,astar,,2500,False,2500,2500,,,nan,-1,82.0,0
dynamic,C_dyn_maze_dense,65536,conc,scratch,2,5,scratch_N65536_conc_s2,focal,1.0,2500,False,2500,2500,,,nan,-1,82.0,0
dynamic,C_dyn_maze_dense,65536,dist,full_ft,0,5,full_ft_N65536_dist_s0,astar,,2500,True,1901,1901,,,1.0,82,82.0,0
dynamic,C_dyn_maze_dense,65536,dist,full_ft,0,5,full_ft_N65536_dist_s0,focal,1.0,2500,False,2500,2500,,,nan,-1,82.0,0
dynamic,C_dyn_maze_dense,65536,dist,full_ft,1,5,full_ft_N65536_dist_s1,astar,,2500,True,2210,2210,,,1.0,82,82.0,0
dynamic,C_dyn_maze_dense,65536,dist,full_ft,1,5,full_ft_N65536_dist_s1,focal,1.0,2500,False,2500,2500,,,nan,-1,82.0,0
dynamic,C_dyn_maze_dense,65536,dist,full_ft,2,5,full_ft_N65536_dist_s2,astar,,2500,True,2049,2049,,,1.0,82,82.0,0
dynamic,C_dyn_maze_dense,65536,dist,full_ft,2,5,full_ft_N65536_dist_s2,focal,1.0,2500,False,2500,2500,,,nan,-1,82.0,0
dynamic,C_dyn_maze_dense,65536,dist,lora,0,5,lora_N65536_dist_s0,astar,,2500,True,2274,2274,,,1.0,82,82.0,0
dynamic,C_dyn_maze_dense,65536,dist,lora,0,5,lora_N65536_dist_s0,focal,1.0,2500,False,2500,2500,,,nan,-1,82.0,0
dynamic,C_dyn_maze_dense,65536,dist,lora,1,5,lora_N65536_dist_s1,astar,,2500,True,2366,2366,,,1.0121951219512195,83,82.0,0
dynamic,C_dyn_maze_dense,65536,dist,lora,1,5,lora_N65536_dist_s1,focal,1.0,2500,False,2500,2500,,,nan,-1,82.0,0
dynamic,C_dyn_maze_dense,65536,dist,lora,2,5,lora_N65536_dist_s2,astar,,2500,True,2326,2326,,,1.0121951219512195,83,82.0,0
dynamic,C_dyn_maze_dense,65536,dist,lora,2,5,lora_N65536_dist_s2,focal,1.0,2500,False,2500,2500,,,nan,-1,82.0,0
dynamic,C_dyn_maze_dense,65536,dist,scratch,0,5,scratch_N65536_dist_s0,astar,,2500,True,1847,1847,,,1.0,82,82.0,0
dynamic,C_dyn_maze_dense,65536,dist,scratch,0,5,scratch_N65536_dist_s0,focal,1.0,2500,False,2500,2500,,,nan,-1,82.0,0
dynamic,C_dyn_maze_dense,65536,dist,scratch,1,5,scratch_N65536_dist_s1,astar,,2500,True,1864,1864,,,1.0121951219512195,83,82.0,0
dynamic,C_dyn_maze_dense,65536,dist,scratch,1,5,scratch_N65536_dist_s1,focal,1.0,2500,False,2500,2500,,,nan,-1,82.0,0
dynamic,C_dyn_maze_dense,65536,dist,scratch,2,5,scratch_N65536_dist_s2,astar,,2500,True,1772,1772,,,1.024390243902439,84,82.0,0
dynamic,C_dyn_maze_dense,65536,dist,scratch,2,5,scratch_N65536_dist_s2,focal,1.0,2500,False,2500,2500,,,nan,-1,82.0,0
dynamic,C_dyn_maze_dense,-1,,euclid,-1,6,euclid,astar,,2500,False,2500,2500,,,nan,-1,70.0,0
dynamic,C_dyn_maze_dense,-1,,euclid,-1,6,euclid,focal,1.0,2500,False,2500,2500,,,nan,-1,70.0,0
dynamic,C_dyn_maze_dense,-1,,oracle,-1,6,oracle,astar,,2500,True,474,474,,,1.0,70,70.0,0
dynamic,C_dyn_maze_dense,-1,,oracle,-1,6,oracle,focal,1.0,2500,False,2500,2500,,,nan,-1,70.0,0
dynamic,C_dyn_maze_dense,0,,zero_shot,-1,6,zeroshot_field_unet_blind,astar,,2500,True,1748,1748,,,1.0,70,70.0,0
dynamic,C_dyn_maze_dense,0,,zero_shot,-1,6,zeroshot_field_unet_blind,focal,1.0,2500,False,2500,2500,,,nan,-1,70.0,0
dynamic,C_dyn_maze_dense,1024,conc,full_ft,0,6,full_ft_N1024_conc_s0,astar,,2500,False,2500,2500,,,nan,-1,70.0,0
dynamic,C_dyn_maze_dense,1024,conc,full_ft,0,6,full_ft_N1024_conc_s0,focal,1.0,2500,False,2500,2500,,,nan,-1,70.0,0
dynamic,C_dyn_maze_dense,1024,conc,full_ft,1,6,full_ft_N1024_conc_s1,astar,,2500,False,2500,2500,,,nan,-1,70.0,0
dynamic,C_dyn_maze_dense,1024,conc,full_ft,1,6,full_ft_N1024_conc_s1,focal,1.0,2500,False,2500,2500,,,nan,-1,70.0,0
dynamic,C_dyn_maze_dense,1024,conc,full_ft,2,6,full_ft_N1024_conc_s2,astar,,2500,False,2500,2500,,,nan,-1,70.0,0
dynamic,C_dyn_maze_dense,1024,conc,full_ft,2,6,full_ft_N1024_conc_s2,focal,1.0,2500,False,2500,2500,,,nan,-1,70.0,0
dynamic,C_dyn_maze_dense,1024,conc,lora,0,6,lora_N1024_conc_s0,astar,,2500,False,2500,2500,,,nan,-1,70.0,0
dynamic,C_dyn_maze_dense,1024,conc,lora,0,6,lora_N1024_conc_s0,focal,1.0,2500,False,2500,2500,,,nan,-1,70.0,0
dynamic,C_dyn_maze_dense,1024,conc,lora,1,6,lora_N1024_conc_s1,astar,,2500,False,2500,2500,,,nan,-1,70.0,0
dynamic,C_dyn_maze_dense,1024,conc,lora,1,6,lora_N1024_conc_s1,focal,1.0,2500,False,2500,2500,,,nan,-1,70.0,0
dynamic,C_dyn_maze_dense,1024,conc,lora,2,6,lora_N1024_conc_s2,astar,,2500,False,2500,2500,,,nan,-1,70.0,0
dynamic,C_dyn_maze_dense,1024,conc,lora,2,6,lora_N1024_conc_s2,focal,1.0,2500,False,2500,2500,,,nan,-1,70.0,0
dynamic,C_dyn_maze_dense,1024,conc,scratch,0,6,scratch_N1024_conc_s0,astar,,2500,False,2500,2500,,,nan,-1,70.0,0
dynamic,C_dyn_maze_dense,1024,conc,scratch,0,6,scratch_N1024_conc_s0,focal,1.0,2500,False,2500,2500,,,nan,-1,70.0,0
dynamic,C_dyn_maze_dense,1024,conc,scratch,1,6,scratch_N1024_conc_s1,astar,,2500,False,2500,2500,,,nan,-1,70.0,0
dynamic,C_dyn_maze_dense,1024,conc,scratch,1,6,scratch_N1024_conc_s1,focal,1.0,2500,False,2500,2500,,,nan,-1,70.0,0
dynamic,C_dyn_maze_dense,1024,conc,scratch,2,6,scratch_N1024_conc_s2,astar,,2500,False,2500,2500,,,nan,-1,70.0,0
dynamic,C_dyn_maze_dense,1024,conc,scratch,2,6,scratch_N1024_conc_s2,focal,1.0,2500,False,2500,2500,,,nan,-1,70.0,0
dynamic,C_dyn_maze_dense,1024,dist,full_ft,0,6,full_ft_N1024_dist_s0,astar,,2500,True,1114,1114,,,1.0,70,70.0,0
dynamic,C_dyn_maze_dense,1024,dist,full_ft,0,6,full_ft_N1024_dist_s0,focal,1.0,2500,False,2500,2500,,,nan,-1,70.0,0
dynamic,C_dyn_maze_dense,1024,dist,full_ft,1,6,full_ft_N1024_dist_s1,astar,,2500,True,798,798,,,1.0,70,70.0,0
dynamic,C_dyn_maze_dense,1024,dist,full_ft,1,6,full_ft_N1024_dist_s1,focal,1.0,2500,False,2500,2500,,,nan,-1,70.0,0
dynamic,C_dyn_maze_dense,1024,dist,full_ft,2,6,full_ft_N1024_dist_s2,astar,,2500,True,1392,1392,,,1.0,70,70.0,0
dynamic,C_dyn_maze_dense,1024,dist,full_ft,2,6,full_ft_N1024_dist_s2,focal,1.0,2500,False,2500,2500,,,nan,-1,70.0,0
dynamic,C_dyn_maze_dense,1024,dist,lora,0,6,lora_N1024_dist_s0,astar,,2500,True,1329,1329,,,1.1,77,70.0,0
dynamic,C_dyn_maze_dense,1024,dist,lora,0,6,lora_N1024_dist_s0,focal,1.0,2500,False,2500,2500,,,nan,-1,70.0,0
dynamic,C_dyn_maze_dense,1024,dist,lora,1,6,lora_N1024_dist_s1,astar,,2500,True,1340,1340,,,1.0,70,70.0,0
dynamic,C_dyn_maze_dense,1024,dist,lora,1,6,lora_N1024_dist_s1,focal,1.0,2500,False,2500,2500,,,nan,-1,70.0,0
dynamic,C_dyn_maze_dense,1024,dist,lora,2,6,lora_N1024_dist_s2,astar,,2500,True,1489,1489,,,1.0,70,70.0,0
dynamic,C_dyn_maze_dense,1024,dist,lora,2,6,lora_N1024_dist_s2,focal,1.0,2500,False,2500,2500,,,nan,-1,70.0,0
dynamic,C_dyn_maze_dense,1024,dist,scratch,0,6,scratch_N1024_dist_s0,astar,,2500,True,954,954,,,1.0,70,70.0,0
dynamic,C_dyn_maze_dense,1024,dist,scratch,0,6,scratch_N1024_dist_s0,focal,1.0,2500,False,2500,2500,,,nan,-1,70.0,0
dynamic,C_dyn_maze_dense,1024,dist,scratch,1,6,scratch_N1024_dist_s1,astar,,2500,True,1009,1009,,,1.0,70,70.0,0
dynamic,C_dyn_maze_dense,1024,dist,scratch,1,6,scratch_N1024_dist_s1,focal,1.0,2500,False,2500,2500,,,nan,-1,70.0,0
dynamic,C_dyn_maze_dense,1024,dist,scratch,2,6,scratch_N1024_dist_s2,astar,,2500,True,898,898,,,1.0,70,70.0,0
dynamic,C_dyn_maze_dense,1024,dist,scratch,2,6,scratch_N1024_dist_s2,focal,1.0,2500,False,2500,2500,,,nan,-1,70.0,0
dynamic,C_dyn_maze_dense,16384,conc,full_ft,0,6,full_ft_N16384_conc_s0,astar,,2500,True,2464,2464,,,1.0,70,70.0,0
dynamic,C_dyn_maze_dense,16384,conc,full_ft,0,6,full_ft_N16384_conc_s0,focal,1.0,2500,False,2500,2500,,,nan,-1,70.0,0
dynamic,C_dyn_maze_dense,16384,conc,full_ft,1,6,full_ft_N16384_conc_s1,astar,,2500,False,2500,2500,,,nan,-1,70.0,0
dynamic,C_dyn_maze_dense,16384,conc,full_ft,1,6,full_ft_N16384_conc_s1,focal,1.0,2500,False,2500,2500,,,nan,-1,70.0,0
dynamic,C_dyn_maze_dense,16384,conc,full_ft,2,6,full_ft_N16384_conc_s2,astar,,2500,False,2500,2500,,,nan,-1,70.0,0
dynamic,C_dyn_maze_dense,16384,conc,full_ft,2,6,full_ft_N16384_conc_s2,focal,1.0,2500,False,2500,2500,,,nan,-1,70.0,0
dynamic,C_dyn_maze_dense,16384,conc,lora,0,6,lora_N16384_conc_s0,astar,,2500,False,2500,2500,,,nan,-1,70.0,0
dynamic,C_dyn_maze_dense,16384,conc,lora,0,6,lora_N16384_conc_s0,focal,1.0,2500,False,2500,2500,,,nan,-1,70.0,0
dynamic,C_dyn_maze_dense,16384,conc,lora,1,6,lora_N16384_conc_s1,astar,,2500,False,2500,2500,,,nan,-1,70.0,0
dynamic,C_dyn_maze_dense,16384,conc,lora,1,6,lora_N16384_conc_s1,focal,1.0,2500,False,2500,2500,,,nan,-1,70.0,0
dynamic,C_dyn_maze_dense,16384,conc,lora,2,6,lora_N16384_conc_s2,astar,,2500,False,2500,2500,,,nan,-1,70.0,0
dynamic,C_dyn_maze_dense,16384,conc,lora,2,6,lora_N16384_conc_s2,focal,1.0,2500,False,2500,2500,,,nan,-1,70.0,0
dynamic,C_dyn_maze_dense,16384,conc,scratch,0,6,scratch_N16384_conc_s0,astar,,2500,False,2500,2500,,,nan,-1,70.0,0
dynamic,C_dyn_maze_dense,16384,conc,scratch,0,6,scratch_N16384_conc_s0,focal,1.0,2500,False,2500,2500,,,nan,-1,70.0,0
dynamic,C_dyn_maze_dense,16384,conc,scratch,1,6,scratch_N16384_conc_s1,astar,,2500,False,2500,2500,,,nan,-1,70.0,0
dynamic,C_dyn_maze_dense,16384,conc,scratch,1,6,scratch_N16384_conc_s1,focal,1.0,2500,False,2500,2500,,,nan,-1,70.0,0
dynamic,C_dyn_maze_dense,16384,conc,scratch,2,6,scratch_N16384_conc_s2,astar,,2500,False,2500,2500,,,nan,-1,70.0,0
dynamic,C_dyn_maze_dense,16384,conc,scratch,2,6,scratch_N16384_conc_s2,focal,1.0,2500,False,2500,2500,,,nan,-1,70.0,0
dynamic,C_dyn_maze_dense,16384,dist,full_ft,0,6,full_ft_N16384_dist_s0,astar,,2500,True,975,975,,,1.0,70,70.0,0
dynamic,C_dyn_maze_dense,16384,dist,full_ft,0,6,full_ft_N16384_dist_s0,focal,1.0,2500,False,2500,2500,,,nan,-1,70.0,0
dynamic,C_dyn_maze_dense,16384,dist,full_ft,1,6,full_ft_N16384_dist_s1,astar,,2500,True,1208,1208,,,1.1,77,70.0,0
dynamic,C_dyn_maze_dense,16384,dist,full_ft,1,6,full_ft_N16384_dist_s1,focal,1.0,2500,False,2500,2500,,,nan,-1,70.0,0
dynamic,C_dyn_maze_dense,16384,dist,full_ft,2,6,full_ft_N16384_dist_s2,astar,,2500,True,1408,1408,,,1.0,70,70.0,0
dynamic,C_dyn_maze_dense,16384,dist,full_ft,2,6,full_ft_N16384_dist_s2,focal,1.0,2500,False,2500,2500,,,nan,-1,70.0,0
dynamic,C_dyn_maze_dense,16384,dist,lora,0,6,lora_N16384_dist_s0,astar,,2500,True,1323,1323,,,1.1,77,70.0,0
dynamic,C_dyn_maze_dense,16384,dist,lora,0,6,lora_N16384_dist_s0,focal,1.0,2500,False,2500,2500,,,nan,-1,70.0,0
dynamic,C_dyn_maze_dense,16384,dist,lora,1,6,lora_N16384_dist_s1,astar,,2500,True,1373,1373,,,1.1,77,70.0,0
dynamic,C_dyn_maze_dense,16384,dist,lora,1,6,lora_N16384_dist_s1,focal,1.0,2500,False,2500,2500,,,nan,-1,70.0,0
dynamic,C_dyn_maze_dense,16384,dist,lora,2,6,lora_N16384_dist_s2,astar,,2500,True,1398,1398,,,1.1,77,70.0,0
dynamic,C_dyn_maze_dense,16384,dist,lora,2,6,lora_N16384_dist_s2,focal,1.0,2500,False,2500,2500,,,nan,-1,70.0,0
dynamic,C_dyn_maze_dense,16384,dist,scratch,0,6,scratch_N16384_dist_s0,astar,,2500,True,841,841,,,1.0,70,70.0,0
dynamic,C_dyn_maze_dense,16384,dist,scratch,0,6,scratch_N16384_dist_s0,focal,1.0,2500,False,2500,2500,,,nan,-1,70.0,0
dynamic,C_dyn_maze_dense,16384,dist,scratch,1,6,scratch_N16384_dist_s1,astar,,2500,True,1106,1106,,,1.0,70,70.0,0
dynamic,C_dyn_maze_dense,16384,dist,scratch,1,6,scratch_N16384_dist_s1,focal,1.0,2500,False,2500,2500,,,nan,-1,70.0,0
dynamic,C_dyn_maze_dense,16384,dist,scratch,2,6,scratch_N16384_dist_s2,astar,,2500,True,1160,1160,,,1.0,70,70.0,0
dynamic,C_dyn_maze_dense,16384,dist,scratch,2,6,scratch_N16384_dist_s2,focal,1.0,2500,False,2500,2500,,,nan,-1,70.0,0
dynamic,C_dyn_maze_dense,256,conc,full_ft,0,6,full_ft_N256_conc_s0,astar,,2500,False,2500,2500,,,nan,-1,70.0,0
dynamic,C_dyn_maze_dense,256,conc,full_ft,0,6,full_ft_N256_conc_s0,focal,1.0,2500,False,2500,2500,,,nan,-1,70.0,0
dynamic,C_dyn_maze_dense,256,conc,full_ft,1,6,full_ft_N256_conc_s1,astar,,2500,False,2500,2500,,,nan,-1,70.0,0
dynamic,C_dyn_maze_dense,256,conc,full_ft,1,6,full_ft_N256_conc_s1,focal,1.0,2500,False,2500,2500,,,nan,-1,70.0,0
dynamic,C_dyn_maze_dense,256,conc,full_ft,2,6,full_ft_N256_conc_s2,astar,,2500,False,2500,2500,,,nan,-1,70.0,0
dynamic,C_dyn_maze_dense,256,conc,full_ft,2,6,full_ft_N256_conc_s2,focal,1.0,2500,False,2500,2500,,,nan,-1,70.0,0
dynamic,C_dyn_maze_dense,256,conc,lora,0,6,lora_N256_conc_s0,astar,,2500,True,2092,2092,,,1.1142857142857143,78,70.0,0
dynamic,C_dyn_maze_dense,256,conc,lora,0,6,lora_N256_conc_s0,focal,1.0,2500,False,2500,2500,,,nan,-1,70.0,0
dynamic,C_dyn_maze_dense,256,conc,lora,1,6,lora_N256_conc_s1,astar,,2500,True,2351,2351,,,1.1,77,70.0,0
dynamic,C_dyn_maze_dense,256,conc,lora,1,6,lora_N256_conc_s1,focal,1.0,2500,False,2500,2500,,,nan,-1,70.0,0
dynamic,C_dyn_maze_dense,256,conc,lora,2,6,lora_N256_conc_s2,astar,,2500,True,2221,2221,,,1.1,77,70.0,0
dynamic,C_dyn_maze_dense,256,conc,lora,2,6,lora_N256_conc_s2,focal,1.0,2500,False,2500,2500,,,nan,-1,70.0,0
dynamic,C_dyn_maze_dense,256,conc,scratch,0,6,scratch_N256_conc_s0,astar,,2500,False,2500,2500,,,nan,-1,70.0,0
dynamic,C_dyn_maze_dense,256,conc,scratch,0,6,scratch_N256_conc_s0,focal,1.0,2500,False,2500,2500,,,nan,-1,70.0,0
dynamic,C_dyn_maze_dense,256,conc,scratch,1,6,scratch_N256_conc_s1,astar,,2500,False,2500,2500,,,nan,-1,70.0,0
dynamic,C_dyn_maze_dense,256,conc,scratch,1,6,scratch_N256_conc_s1,focal,1.0,2500,False,2500,2500,,,nan,-1,70.0,0
dynamic,C_dyn_maze_dense,256,conc,scratch,2,6,scratch_N256_conc_s2,astar,,2500,False,2500,2500,,,nan,-1,70.0,0
dynamic,C_dyn_maze_dense,256,conc,scratch,2,6,scratch_N256_conc_s2,focal,1.0,2500,False,2500,2500,,,nan,-1,70.0,0
dynamic,C_dyn_maze_dense,256,dist,full_ft,0,6,full_ft_N256_dist_s0,astar,,2500,True,629,629,,,1.0,70,70.0,0
dynamic,C_dyn_maze_dense,256,dist,full_ft,0,6,full_ft_N256_dist_s0,focal,1.0,2500,False,2500,2500,,,nan,-1,70.0,0
dynamic,C_dyn_maze_dense,256,dist,full_ft,1,6,full_ft_N256_dist_s1,astar,,2500,True,710,710,,,1.0,70,70.0,0
dynamic,C_dyn_maze_dense,256,dist,full_ft,1,6,full_ft_N256_dist_s1,focal,1.0,2500,False,2500,2500,,,nan,-1,70.0,0
dynamic,C_dyn_maze_dense,256,dist,full_ft,2,6,full_ft_N256_dist_s2,astar,,2500,True,673,673,,,1.0,70,70.0,0
dynamic,C_dyn_maze_dense,256,dist,full_ft,2,6,full_ft_N256_dist_s2,focal,1.0,2500,False,2500,2500,,,nan,-1,70.0,0
dynamic,C_dyn_maze_dense,256,dist,lora,0,6,lora_N256_dist_s0,astar,,2500,True,1068,1068,,,1.0,70,70.0,0
dynamic,C_dyn_maze_dense,256,dist,lora,0,6,lora_N256_dist_s0,focal,1.0,2500,False,2500,2500,,,nan,-1,70.0,0
dynamic,C_dyn_maze_dense,256,dist,lora,1,6,lora_N256_dist_s1,astar,,2500,True,1136,1136,,,1.0,70,70.0,0
dynamic,C_dyn_maze_dense,256,dist,lora,1,6,lora_N256_dist_s1,focal,1.0,2500,False,2500,2500,,,nan,-1,70.0,0
dynamic,C_dyn_maze_dense,256,dist,lora,2,6,lora_N256_dist_s2,astar,,2500,True,1094,1094,,,1.0,70,70.0,0
dynamic,C_dyn_maze_dense,256,dist,lora,2,6,lora_N256_dist_s2,focal,1.0,2500,False,2500,2500,,,nan,-1,70.0,0
dynamic,C_dyn_maze_dense,256,dist,scratch,0,6,scratch_N256_dist_s0,astar,,2500,True,1112,1112,,,1.0,70,70.0,0
dynamic,C_dyn_maze_dense,256,dist,scratch,0,6,scratch_N256_dist_s0,focal,1.0,2500,False,2500,2500,,,nan,-1,70.0,0
dynamic,C_dyn_maze_dense,256,dist,scratch,1,6,scratch_N256_dist_s1,astar,,2500,True,1321,1321,,,1.0,70,70.0,0
dynamic,C_dyn_maze_dense,256,dist,scratch,1,6,scratch_N256_dist_s1,focal,1.0,2500,False,2500,2500,,,nan,-1,70.0,0
dynamic,C_dyn_maze_dense,256,dist,scratch,2,6,scratch_N256_dist_s2,astar,,2500,True,1255,1255,,,1.0,70,70.0,0
dynamic,C_dyn_maze_dense,256,dist,scratch,2,6,scratch_N256_dist_s2,focal,1.0,2500,False,2500,2500,,,nan,-1,70.0,0
dynamic,C_dyn_maze_dense,4096,conc,full_ft,0,6,full_ft_N4096_conc_s0,astar,,2500,False,2500,2500,,,nan,-1,70.0,0
dynamic,C_dyn_maze_dense,4096,conc,full_ft,0,6,full_ft_N4096_conc_s0,focal,1.0,2500,False,2500,2500,,,nan,-1,70.0,0
dynamic,C_dyn_maze_dense,4096,conc,full_ft,1,6,full_ft_N4096_conc_s1,astar,,2500,False,2500,2500,,,nan,-1,70.0,0
dynamic,C_dyn_maze_dense,4096,conc,full_ft,1,6,full_ft_N4096_conc_s1,focal,1.0,2500,False,2500,2500,,,nan,-1,70.0,0
dynamic,C_dyn_maze_dense,4096,conc,full_ft,2,6,full_ft_N4096_conc_s2,astar,,2500,False,2500,2500,,,nan,-1,70.0,0
dynamic,C_dyn_maze_dense,4096,conc,full_ft,2,6,full_ft_N4096_conc_s2,focal,1.0,2500,False,2500,2500,,,nan,-1,70.0,0
dynamic,C_dyn_maze_dense,4096,conc,lora,0,6,lora_N4096_conc_s0,astar,,2500,False,2500,2500,,,nan,-1,70.0,0
dynamic,C_dyn_maze_dense,4096,conc,lora,0,6,lora_N4096_conc_s0,focal,1.0,2500,False,2500,2500,,,nan,-1,70.0,0
dynamic,C_dyn_maze_dense,4096,conc,lora,1,6,lora_N4096_conc_s1,astar,,2500,False,2500,2500,,,nan,-1,70.0,0
dynamic,C_dyn_maze_dense,4096,conc,lora,1,6,lora_N4096_conc_s1,focal,1.0,2500,False,2500,2500,,,nan,-1,70.0,0
dynamic,C_dyn_maze_dense,4096,conc,lora,2,6,lora_N4096_conc_s2,astar,,2500,True,2429,2429,,,1.0,70,70.0,0
dynamic,C_dyn_maze_dense,4096,conc,lora,2,6,lora_N4096_conc_s2,focal,1.0,2500,False,2500,2500,,,nan,-1,70.0,0
dynamic,C_dyn_maze_dense,4096,conc,scratch,0,6,scratch_N4096_conc_s0,astar,,2500,False,2500,2500,,,nan,-1,70.0,0
dynamic,C_dyn_maze_dense,4096,conc,scratch,0,6,scratch_N4096_conc_s0,focal,1.0,2500,False,2500,2500,,,nan,-1,70.0,0
dynamic,C_dyn_maze_dense,4096,conc,scratch,1,6,scratch_N4096_conc_s1,astar,,2500,False,2500,2500,,,nan,-1,70.0,0
dynamic,C_dyn_maze_dense,4096,conc,scratch,1,6,scratch_N4096_conc_s1,focal,1.0,2500,False,2500,2500,,,nan,-1,70.0,0
dynamic,C_dyn_maze_dense,4096,conc,scratch,2,6,scratch_N4096_conc_s2,astar,,2500,False,2500,2500,,,nan,-1,70.0,0
dynamic,C_dyn_maze_dense,4096,conc,scratch,2,6,scratch_N4096_conc_s2,focal,1.0,2500,False,2500,2500,,,nan,-1,70.0,0
dynamic,C_dyn_maze_dense,4096,dist,full_ft,0,6,full_ft_N4096_dist_s0,astar,,2500,True,1061,1061,,,1.0285714285714285,72,70.0,0
dynamic,C_dyn_maze_dense,4096,dist,full_ft,0,6,full_ft_N4096_dist_s0,focal,1.0,2500,False,2500,2500,,,nan,-1,70.0,0
dynamic,C_dyn_maze_dense,4096,dist,full_ft,1,6,full_ft_N4096_dist_s1,astar,,2500,True,1523,1523,,,1.0,70,70.0,0
dynamic,C_dyn_maze_dense,4096,dist,full_ft,1,6,full_ft_N4096_dist_s1,focal,1.0,2500,False,2500,2500,,,nan,-1,70.0,0
dynamic,C_dyn_maze_dense,4096,dist,full_ft,2,6,full_ft_N4096_dist_s2,astar,,2500,True,1746,1746,,,1.0,70,70.0,0
dynamic,C_dyn_maze_dense,4096,dist,full_ft,2,6,full_ft_N4096_dist_s2,focal,1.0,2500,False,2500,2500,,,nan,-1,70.0,0
dynamic,C_dyn_maze_dense,4096,dist,lora,0,6,lora_N4096_dist_s0,astar,,2500,True,1278,1278,,,1.1,77,70.0,0
dynamic,C_dyn_maze_dense,4096,dist,lora,0,6,lora_N4096_dist_s0,focal,1.0,2500,False,2500,2500,,,nan,-1,70.0,0
dynamic,C_dyn_maze_dense,4096,dist,lora,1,6,lora_N4096_dist_s1,astar,,2500,True,1385,1385,,,1.1,77,70.0,0
dynamic,C_dyn_maze_dense,4096,dist,lora,1,6,lora_N4096_dist_s1,focal,1.0,2500,False,2500,2500,,,nan,-1,70.0,0
dynamic,C_dyn_maze_dense,4096,dist,lora,2,6,lora_N4096_dist_s2,astar,,2500,True,1538,1538,,,1.1,77,70.0,0
dynamic,C_dyn_maze_dense,4096,dist,lora,2,6,lora_N4096_dist_s2,focal,1.0,2500,False,2500,2500,,,nan,-1,70.0,0
dynamic,C_dyn_maze_dense,4096,dist,scratch,0,6,scratch_N4096_dist_s0,astar,,2500,True,1467,1467,,,1.1,77,70.0,0
dynamic,C_dyn_maze_dense,4096,dist,scratch,0,6,scratch_N4096_dist_s0,focal,1.0,2500,False,2500,2500,,,nan,-1,70.0,0
dynamic,C_dyn_maze_dense,4096,dist,scratch,1,6,scratch_N4096_dist_s1,astar,,2500,True,1459,1459,,,1.1142857142857143,78,70.0,0
dynamic,C_dyn_maze_dense,4096,dist,scratch,1,6,scratch_N4096_dist_s1,focal,1.0,2500,False,2500,2500,,,nan,-1,70.0,0
dynamic,C_dyn_maze_dense,4096,dist,scratch,2,6,scratch_N4096_dist_s2,astar,,2500,True,1054,1054,,,1.1,77,70.0,0
dynamic,C_dyn_maze_dense,4096,dist,scratch,2,6,scratch_N4096_dist_s2,focal,1.0,2500,False,2500,2500,,,nan,-1,70.0,0
dynamic,C_dyn_maze_dense,65536,conc,full_ft,0,6,full_ft_N65536_conc_s0,astar,,2500,True,1202,1202,,,1.0,70,70.0,0
dynamic,C_dyn_maze_dense,65536,conc,full_ft,0,6,full_ft_N65536_conc_s0,focal,1.0,2500,False,2500,2500,,,nan,-1,70.0,0
dynamic,C_dyn_maze_dense,65536,conc,full_ft,1,6,full_ft_N65536_conc_s1,astar,,2500,True,1364,1364,,,1.0142857142857142,71,70.0,0
dynamic,C_dyn_maze_dense,65536,conc,full_ft,1,6,full_ft_N65536_conc_s1,focal,1.0,2500,False,2500,2500,,,nan,-1,70.0,0
dynamic,C_dyn_maze_dense,65536,conc,full_ft,2,6,full_ft_N65536_conc_s2,astar,,2500,True,1249,1249,,,1.0,70,70.0,0
dynamic,C_dyn_maze_dense,65536,conc,full_ft,2,6,full_ft_N65536_conc_s2,focal,1.0,2500,False,2500,2500,,,nan,-1,70.0,0
dynamic,C_dyn_maze_dense,65536,conc,lora,0,6,lora_N65536_conc_s0,astar,,2500,True,1656,1656,,,1.1,77,70.0,0
dynamic,C_dyn_maze_dense,65536,conc,lora,0,6,lora_N65536_conc_s0,focal,1.0,2500,False,2500,2500,,,nan,-1,70.0,0
dynamic,C_dyn_maze_dense,65536,conc,lora,1,6,lora_N65536_conc_s1,astar,,2500,True,1695,1695,,,1.1,77,70.0,0
dynamic,C_dyn_maze_dense,65536,conc,lora,1,6,lora_N65536_conc_s1,focal,1.0,2500,False,2500,2500,,,nan,-1,70.0,0
dynamic,C_dyn_maze_dense,65536,conc,lora,2,6,lora_N65536_conc_s2,astar,,2500,True,1745,1745,,,1.1,77,70.0,0
dynamic,C_dyn_maze_dense,65536,conc,lora,2,6,lora_N65536_conc_s2,focal,1.0,2500,False,2500,2500,,,nan,-1,70.0,0
dynamic,C_dyn_maze_dense,65536,conc,scratch,0,6,scratch_N65536_conc_s0,astar,,2500,True,1442,1442,,,1.1,77,70.0,0
dynamic,C_dyn_maze_dense,65536,conc,scratch,0,6,scratch_N65536_conc_s0,focal,1.0,2500,False,2500,2500,,,nan,-1,70.0,0
dynamic,C_dyn_maze_dense,65536,conc,scratch,1,6,scratch_N65536_conc_s1,astar,,2500,True,1387,1387,,,1.0,70,70.0,0
dynamic,C_dyn_maze_dense,65536,conc,scratch,1,6,scratch_N65536_conc_s1,focal,1.0,2500,False,2500,2500,,,nan,-1,70.0,0
dynamic,C_dyn_maze_dense,65536,conc,scratch,2,6,scratch_N65536_conc_s2,astar,,2500,True,1132,1132,,,1.0,70,70.0,0
dynamic,C_dyn_maze_dense,65536,conc,scratch,2,6,scratch_N65536_conc_s2,focal,1.0,2500,False,2500,2500,,,nan,-1,70.0,0
dynamic,C_dyn_maze_dense,65536,dist,full_ft,0,6,full_ft_N65536_dist_s0,astar,,2500,True,1206,1206,,,1.0,70,70.0,0
dynamic,C_dyn_maze_dense,65536,dist,full_ft,0,6,full_ft_N65536_dist_s0,focal,1.0,2500,False,2500,2500,,,nan,-1,70.0,0
dynamic,C_dyn_maze_dense,65536,dist,full_ft,1,6,full_ft_N65536_dist_s1,astar,,2500,True,1009,1009,,,1.0,70,70.0,0
dynamic,C_dyn_maze_dense,65536,dist,full_ft,1,6,full_ft_N65536_dist_s1,focal,1.0,2500,False,2500,2500,,,nan,-1,70.0,0
dynamic,C_dyn_maze_dense,65536,dist,full_ft,2,6,full_ft_N65536_dist_s2,astar,,2500,True,878,878,,,1.0285714285714285,72,70.0,0
dynamic,C_dyn_maze_dense,65536,dist,full_ft,2,6,full_ft_N65536_dist_s2,focal,1.0,2500,False,2500,2500,,,nan,-1,70.0,0
dynamic,C_dyn_maze_dense,65536,dist,lora,0,6,lora_N65536_dist_s0,astar,,2500,True,1210,1210,,,1.0,70,70.0,0
dynamic,C_dyn_maze_dense,65536,dist,lora,0,6,lora_N65536_dist_s0,focal,1.0,2500,False,2500,2500,,,nan,-1,70.0,0
dynamic,C_dyn_maze_dense,65536,dist,lora,1,6,lora_N65536_dist_s1,astar,,2500,True,1359,1359,,,1.0,70,70.0,0
dynamic,C_dyn_maze_dense,65536,dist,lora,1,6,lora_N65536_dist_s1,focal,1.0,2500,False,2500,2500,,,nan,-1,70.0,0
dynamic,C_dyn_maze_dense,65536,dist,lora,2,6,lora_N65536_dist_s2,astar,,2500,True,1342,1342,,,1.0,70,70.0,0
dynamic,C_dyn_maze_dense,65536,dist,lora,2,6,lora_N65536_dist_s2,focal,1.0,2500,False,2500,2500,,,nan,-1,70.0,0
dynamic,C_dyn_maze_dense,65536,dist,scratch,0,6,scratch_N65536_dist_s0,astar,,2500,True,1192,1192,,,1.0,70,70.0,0
dynamic,C_dyn_maze_dense,65536,dist,scratch,0,6,scratch_N65536_dist_s0,focal,1.0,2500,False,2500,2500,,,nan,-1,70.0,0
dynamic,C_dyn_maze_dense,65536,dist,scratch,1,6,scratch_N65536_dist_s1,astar,,2500,True,714,714,,,1.0,70,70.0,0
dynamic,C_dyn_maze_dense,65536,dist,scratch,1,6,scratch_N65536_dist_s1,focal,1.0,2500,False,2500,2500,,,nan,-1,70.0,0
dynamic,C_dyn_maze_dense,65536,dist,scratch,2,6,scratch_N65536_dist_s2,astar,,2500,True,948,948,,,1.0,70,70.0,0
dynamic,C_dyn_maze_dense,65536,dist,scratch,2,6,scratch_N65536_dist_s2,focal,1.0,2500,False,2500,2500,,,nan,-1,70.0,0
dynamic,C_dyn_maze_dense,-1,,euclid,-1,7,euclid,astar,,2500,False,2500,2500,,,nan,-1,58.0,0
dynamic,C_dyn_maze_dense,-1,,euclid,-1,7,euclid,focal,1.0,2500,False,2500,2500,,,nan,-1,58.0,0
dynamic,C_dyn_maze_dense,-1,,oracle,-1,7,oracle,astar,,2500,True,304,304,,,1.0,58,58.0,0
dynamic,C_dyn_maze_dense,-1,,oracle,-1,7,oracle,focal,1.0,2500,False,2500,2500,,,nan,-1,58.0,0
dynamic,C_dyn_maze_dense,0,,zero_shot,-1,7,zeroshot_field_unet_blind,astar,,2500,True,446,446,,,1.0,58,58.0,0
dynamic,C_dyn_maze_dense,0,,zero_shot,-1,7,zeroshot_field_unet_blind,focal,1.0,2500,False,2500,2500,,,nan,-1,58.0,0
dynamic,C_dyn_maze_dense,1024,conc,full_ft,0,7,full_ft_N1024_conc_s0,astar,,2500,True,349,349,,,1.1206896551724137,65,58.0,0
dynamic,C_dyn_maze_dense,1024,conc,full_ft,0,7,full_ft_N1024_conc_s0,focal,1.0,2500,False,2500,2500,,,nan,-1,58.0,0
dynamic,C_dyn_maze_dense,1024,conc,full_ft,1,7,full_ft_N1024_conc_s1,astar,,2500,True,265,265,,,1.1206896551724137,65,58.0,0
dynamic,C_dyn_maze_dense,1024,conc,full_ft,1,7,full_ft_N1024_conc_s1,focal,1.0,2500,False,2500,2500,,,nan,-1,58.0,0
dynamic,C_dyn_maze_dense,1024,conc,full_ft,2,7,full_ft_N1024_conc_s2,astar,,2500,True,283,283,,,1.0,58,58.0,0
dynamic,C_dyn_maze_dense,1024,conc,full_ft,2,7,full_ft_N1024_conc_s2,focal,1.0,2500,False,2500,2500,,,nan,-1,58.0,0
dynamic,C_dyn_maze_dense,1024,conc,lora,0,7,lora_N1024_conc_s0,astar,,2500,True,488,488,,,1.0,58,58.0,0
dynamic,C_dyn_maze_dense,1024,conc,lora,0,7,lora_N1024_conc_s0,focal,1.0,2500,False,2500,2500,,,nan,-1,58.0,0
dynamic,C_dyn_maze_dense,1024,conc,lora,1,7,lora_N1024_conc_s1,astar,,2500,True,478,478,,,1.0,58,58.0,0
dynamic,C_dyn_maze_dense,1024,conc,lora,1,7,lora_N1024_conc_s1,focal,1.0,2500,False,2500,2500,,,nan,-1,58.0,0
dynamic,C_dyn_maze_dense,1024,conc,lora,2,7,lora_N1024_conc_s2,astar,,2500,True,620,620,,,1.0172413793103448,59,58.0,0
dynamic,C_dyn_maze_dense,1024,conc,lora,2,7,lora_N1024_conc_s2,focal,1.0,2500,False,2500,2500,,,nan,-1,58.0,0
dynamic,C_dyn_maze_dense,1024,conc,scratch,0,7,scratch_N1024_conc_s0,astar,,2500,True,591,591,,,1.0,58,58.0,0
dynamic,C_dyn_maze_dense,1024,conc,scratch,0,7,scratch_N1024_conc_s0,focal,1.0,2500,False,2500,2500,,,nan,-1,58.0,0
dynamic,C_dyn_maze_dense,1024,conc,scratch,1,7,scratch_N1024_conc_s1,astar,,2500,True,446,446,,,1.0,58,58.0,0
dynamic,C_dyn_maze_dense,1024,conc,scratch,1,7,scratch_N1024_conc_s1,focal,1.0,2500,False,2500,2500,,,nan,-1,58.0,0
dynamic,C_dyn_maze_dense,1024,conc,scratch,2,7,scratch_N1024_conc_s2,astar,,2500,True,692,692,,,1.0,58,58.0,0
dynamic,C_dyn_maze_dense,1024,conc,scratch,2,7,scratch_N1024_conc_s2,focal,1.0,2500,False,2500,2500,,,nan,-1,58.0,0
dynamic,C_dyn_maze_dense,1024,dist,full_ft,0,7,full_ft_N1024_dist_s0,astar,,2500,True,432,432,,,1.0,58,58.0,0
dynamic,C_dyn_maze_dense,1024,dist,full_ft,0,7,full_ft_N1024_dist_s0,focal,1.0,2500,False,2500,2500,,,nan,-1,58.0,0
dynamic,C_dyn_maze_dense,1024,dist,full_ft,1,7,full_ft_N1024_dist_s1,astar,,2500,True,330,330,,,1.0,58,58.0,0
dynamic,C_dyn_maze_dense,1024,dist,full_ft,1,7,full_ft_N1024_dist_s1,focal,1.0,2500,False,2500,2500,,,nan,-1,58.0,0
dynamic,C_dyn_maze_dense,1024,dist,full_ft,2,7,full_ft_N1024_dist_s2,astar,,2500,True,328,328,,,1.0,58,58.0,0
dynamic,C_dyn_maze_dense,1024,dist,full_ft,2,7,full_ft_N1024_dist_s2,focal,1.0,2500,False,2500,2500,,,nan,-1,58.0,0
dynamic,C_dyn_maze_dense,1024,dist,lora,0,7,lora_N1024_dist_s0,astar,,2500,True,455,455,,,1.0,58,58.0,0
dynamic,C_dyn_maze_dense,1024,dist,lora,0,7,lora_N1024_dist_s0,focal,1.0,2500,False,2500,2500,,,nan,-1,58.0,0
dynamic,C_dyn_maze_dense,1024,dist,lora,1,7,lora_N1024_dist_s1,astar,,2500,True,394,394,,,1.0,58,58.0,0
dynamic,C_dyn_maze_dense,1024,dist,lora,1,7,lora_N1024_dist_s1,focal,1.0,2500,False,2500,2500,,,nan,-1,58.0,0
dynamic,C_dyn_maze_dense,1024,dist,lora,2,7,lora_N1024_dist_s2,astar,,2500,True,454,454,,,1.0,58,58.0,0
dynamic,C_dyn_maze_dense,1024,dist,lora,2,7,lora_N1024_dist_s2,focal,1.0,2500,False,2500,2500,,,nan,-1,58.0,0
dynamic,C_dyn_maze_dense,1024,dist,scratch,0,7,scratch_N1024_dist_s0,astar,,2500,True,263,263,,,1.0172413793103448,59,58.0,0
dynamic,C_dyn_maze_dense,1024,dist,scratch,0,7,scratch_N1024_dist_s0,focal,1.0,2500,False,2500,2500,,,nan,-1,58.0,0
dynamic,C_dyn_maze_dense,1024,dist,scratch,1,7,scratch_N1024_dist_s1,astar,,2500,True,300,300,,,1.0172413793103448,59,58.0,0
dynamic,C_dyn_maze_dense,1024,dist,scratch,1,7,scratch_N1024_dist_s1,focal,1.0,2500,False,2500,2500,,,nan,-1,58.0,0
dynamic,C_dyn_maze_dense,1024,dist,scratch,2,7,scratch_N1024_dist_s2,astar,,2500,True,303,303,,,1.0172413793103448,59,58.0,0
dynamic,C_dyn_maze_dense,1024,dist,scratch,2,7,scratch_N1024_dist_s2,focal,1.0,2500,False,2500,2500,,,nan,-1,58.0,0
dynamic,C_dyn_maze_dense,16384,conc,full_ft,0,7,full_ft_N16384_conc_s0,astar,,2500,True,369,369,,,1.0,58,58.0,0
dynamic,C_dyn_maze_dense,16384,conc,full_ft,0,7,full_ft_N16384_conc_s0,focal,1.0,2500,False,2500,2500,,,nan,-1,58.0,0
dynamic,C_dyn_maze_dense,16384,conc,full_ft,1,7,full_ft_N16384_conc_s1,astar,,2500,True,617,617,,,1.0,58,58.0,0
dynamic,C_dyn_maze_dense,16384,conc,full_ft,1,7,full_ft_N16384_conc_s1,focal,1.0,2500,False,2500,2500,,,nan,-1,58.0,0
dynamic,C_dyn_maze_dense,16384,conc,full_ft,2,7,full_ft_N16384_conc_s2,astar,,2500,True,325,325,,,1.0344827586206897,60,58.0,0
dynamic,C_dyn_maze_dense,16384,conc,full_ft,2,7,full_ft_N16384_conc_s2,focal,1.0,2500,False,2500,2500,,,nan,-1,58.0,0
dynamic,C_dyn_maze_dense,16384,conc,lora,0,7,lora_N16384_conc_s0,astar,,2500,True,397,397,,,1.0,58,58.0,0
dynamic,C_dyn_maze_dense,16384,conc,lora,0,7,lora_N16384_conc_s0,focal,1.0,2500,False,2500,2500,,,nan,-1,58.0,0
dynamic,C_dyn_maze_dense,16384,conc,lora,1,7,lora_N16384_conc_s1,astar,,2500,True,471,471,,,1.0,58,58.0,0
dynamic,C_dyn_maze_dense,16384,conc,lora,1,7,lora_N16384_conc_s1,focal,1.0,2500,False,2500,2500,,,nan,-1,58.0,0
dynamic,C_dyn_maze_dense,16384,conc,lora,2,7,lora_N16384_conc_s2,astar,,2500,True,395,395,,,1.0,58,58.0,0
dynamic,C_dyn_maze_dense,16384,conc,lora,2,7,lora_N16384_conc_s2,focal,1.0,2500,False,2500,2500,,,nan,-1,58.0,0
dynamic,C_dyn_maze_dense,16384,conc,scratch,0,7,scratch_N16384_conc_s0,astar,,2500,True,696,696,,,1.0172413793103448,59,58.0,0
dynamic,C_dyn_maze_dense,16384,conc,scratch,0,7,scratch_N16384_conc_s0,focal,1.0,2500,False,2500,2500,,,nan,-1,58.0,0
dynamic,C_dyn_maze_dense,16384,conc,scratch,1,7,scratch_N16384_conc_s1,astar,,2500,True,491,491,,,1.0,58,58.0,0
dynamic,C_dyn_maze_dense,16384,conc,scratch,1,7,scratch_N16384_conc_s1,focal,1.0,2500,False,2500,2500,,,nan,-1,58.0,0
dynamic,C_dyn_maze_dense,16384,conc,scratch,2,7,scratch_N16384_conc_s2,astar,,2500,True,597,597,,,1.0344827586206897,60,58.0,0
dynamic,C_dyn_maze_dense,16384,conc,scratch,2,7,scratch_N16384_conc_s2,focal,1.0,2500,False,2500,2500,,,nan,-1,58.0,0
dynamic,C_dyn_maze_dense,16384,dist,full_ft,0,7,full_ft_N16384_dist_s0,astar,,2500,True,363,363,,,1.0,58,58.0,0
dynamic,C_dyn_maze_dense,16384,dist,full_ft,0,7,full_ft_N16384_dist_s0,focal,1.0,2500,False,2500,2500,,,nan,-1,58.0,0
dynamic,C_dyn_maze_dense,16384,dist,full_ft,1,7,full_ft_N16384_dist_s1,astar,,2500,True,364,364,,,1.0,58,58.0,0
dynamic,C_dyn_maze_dense,16384,dist,full_ft,1,7,full_ft_N16384_dist_s1,focal,1.0,2500,False,2500,2500,,,nan,-1,58.0,0
dynamic,C_dyn_maze_dense,16384,dist,full_ft,2,7,full_ft_N16384_dist_s2,astar,,2500,True,305,305,,,1.103448275862069,64,58.0,0
dynamic,C_dyn_maze_dense,16384,dist,full_ft,2,7,full_ft_N16384_dist_s2,focal,1.0,2500,False,2500,2500,,,nan,-1,58.0,0
dynamic,C_dyn_maze_dense,16384,dist,lora,0,7,lora_N16384_dist_s0,astar,,2500,True,347,347,,,1.0,58,58.0,0
dynamic,C_dyn_maze_dense,16384,dist,lora,0,7,lora_N16384_dist_s0,focal,1.0,2500,False,2500,2500,,,nan,-1,58.0,0
dynamic,C_dyn_maze_dense,16384,dist,lora,1,7,lora_N16384_dist_s1,astar,,2500,True,333,333,,,1.0,58,58.0,0
dynamic,C_dyn_maze_dense,16384,dist,lora,1,7,lora_N16384_dist_s1,focal,1.0,2500,False,2500,2500,,,nan,-1,58.0,0
dynamic,C_dyn_maze_dense,16384,dist,lora,2,7,lora_N16384_dist_s2,astar,,2500,True,340,340,,,1.0,58,58.0,0
dynamic,C_dyn_maze_dense,16384,dist,lora,2,7,lora_N16384_dist_s2,focal,1.0,2500,False,2500,2500,,,nan,-1,58.0,0
dynamic,C_dyn_maze_dense,16384,dist,scratch,0,7,scratch_N16384_dist_s0,astar,,2500,True,264,264,,,1.0,58,58.0,0
dynamic,C_dyn_maze_dense,16384,dist,scratch,0,7,scratch_N16384_dist_s0,focal,1.0,2500,False,2500,2500,,,nan,-1,58.0,0
dynamic,C_dyn_maze_dense,16384,dist,scratch,1,7,scratch_N16384_dist_s1,astar,,2500,True,212,212,,,1.0862068965517242,63,58.0,0
dynamic,C_dyn_maze_dense,16384,dist,scratch,1,7,scratch_N16384_dist_s1,focal,1.0,2500,False,2500,2500,,,nan,-1,58.0,0
dynamic,C_dyn_maze_dense,16384,dist,scratch,2,7,scratch_N16384_dist_s2,astar,,2500,True,359,359,,,1.0862068965517242,63,58.0,0
dynamic,C_dyn_maze_dense,16384,dist,scratch,2,7,scratch_N16384_dist_s2,focal,1.0,2500,False,2500,2500,,,nan,-1,58.0,0
dynamic,C_dyn_maze_dense,256,conc,full_ft,0,7,full_ft_N256_conc_s0,astar,,2500,True,500,500,,,1.0,58,58.0,0
dynamic,C_dyn_maze_dense,256,conc,full_ft,0,7,full_ft_N256_conc_s0,focal,1.0,2500,False,2500,2500,,,nan,-1,58.0,0
dynamic,C_dyn_maze_dense,256,conc,full_ft,1,7,full_ft_N256_conc_s1,astar,,2500,True,494,494,,,1.0,58,58.0,0
dynamic,C_dyn_maze_dense,256,conc,full_ft,1,7,full_ft_N256_conc_s1,focal,1.0,2500,False,2500,2500,,,nan,-1,58.0,0
dynamic,C_dyn_maze_dense,256,conc,full_ft,2,7,full_ft_N256_conc_s2,astar,,2500,True,508,508,,,1.0,58,58.0,0
dynamic,C_dyn_maze_dense,256,conc,full_ft,2,7,full_ft_N256_conc_s2,focal,1.0,2500,False,2500,2500,,,nan,-1,58.0,0
dynamic,C_dyn_maze_dense,256,conc,lora,0,7,lora_N256_conc_s0,astar,,2500,True,326,326,,,1.0172413793103448,59,58.0,0
dynamic,C_dyn_maze_dense,256,conc,lora,0,7,lora_N256_conc_s0,focal,1.0,2500,False,2500,2500,,,nan,-1,58.0,0
dynamic,C_dyn_maze_dense,256,conc,lora,1,7,lora_N256_conc_s1,astar,,2500,True,368,368,,,1.0,58,58.0,0
dynamic,C_dyn_maze_dense,256,conc,lora,1,7,lora_N256_conc_s1,focal,1.0,2500,False,2500,2500,,,nan,-1,58.0,0
dynamic,C_dyn_maze_dense,256,conc,lora,2,7,lora_N256_conc_s2,astar,,2500,True,326,326,,,1.0,58,58.0,0
dynamic,C_dyn_maze_dense,256,conc,lora,2,7,lora_N256_conc_s2,focal,1.0,2500,False,2500,2500,,,nan,-1,58.0,0
dynamic,C_dyn_maze_dense,256,conc,scratch,0,7,scratch_N256_conc_s0,astar,,2500,True,637,637,,,1.0,58,58.0,0
dynamic,C_dyn_maze_dense,256,conc,scratch,0,7,scratch_N256_conc_s0,focal,1.0,2500,False,2500,2500,,,nan,-1,58.0,0
dynamic,C_dyn_maze_dense,256,conc,scratch,1,7,scratch_N256_conc_s1,astar,,2500,True,556,556,,,1.0,58,58.0,0
dynamic,C_dyn_maze_dense,256,conc,scratch,1,7,scratch_N256_conc_s1,focal,1.0,2500,False,2500,2500,,,nan,-1,58.0,0
dynamic,C_dyn_maze_dense,256,conc,scratch,2,7,scratch_N256_conc_s2,astar,,2500,True,456,456,,,1.0,58,58.0,0
dynamic,C_dyn_maze_dense,256,conc,scratch,2,7,scratch_N256_conc_s2,focal,1.0,2500,False,2500,2500,,,nan,-1,58.0,0
dynamic,C_dyn_maze_dense,256,dist,full_ft,0,7,full_ft_N256_dist_s0,astar,,2500,True,215,215,,,1.0,58,58.0,0
dynamic,C_dyn_maze_dense,256,dist,full_ft,0,7,full_ft_N256_dist_s0,focal,1.0,2500,False,2500,2500,,,nan,-1,58.0,0
dynamic,C_dyn_maze_dense,256,dist,full_ft,1,7,full_ft_N256_dist_s1,astar,,2500,True,242,242,,,1.0,58,58.0,0
dynamic,C_dyn_maze_dense,256,dist,full_ft,1,7,full_ft_N256_dist_s1,focal,1.0,2500,False,2500,2500,,,nan,-1,58.0,0
dynamic,C_dyn_maze_dense,256,dist,full_ft,2,7,full_ft_N256_dist_s2,astar,,2500,True,182,182,,,1.0862068965517242,63,58.0,0
dynamic,C_dyn_maze_dense,256,dist,full_ft,2,7,full_ft_N256_dist_s2,focal,1.0,2500,False,2500,2500,,,nan,-1,58.0,0
dynamic,C_dyn_maze_dense,256,dist,lora,0,7,lora_N256_dist_s0,astar,,2500,True,463,463,,,1.0,58,58.0,0
dynamic,C_dyn_maze_dense,256,dist,lora,0,7,lora_N256_dist_s0,focal,1.0,2500,False,2500,2500,,,nan,-1,58.0,0
dynamic,C_dyn_maze_dense,256,dist,lora,1,7,lora_N256_dist_s1,astar,,2500,True,426,426,,,1.0862068965517242,63,58.0,0
dynamic,C_dyn_maze_dense,256,dist,lora,1,7,lora_N256_dist_s1,focal,1.0,2500,False,2500,2500,,,nan,-1,58.0,0
dynamic,C_dyn_maze_dense,256,dist,lora,2,7,lora_N256_dist_s2,astar,,2500,True,406,406,,,1.0862068965517242,63,58.0,0
dynamic,C_dyn_maze_dense,256,dist,lora,2,7,lora_N256_dist_s2,focal,1.0,2500,False,2500,2500,,,nan,-1,58.0,0
dynamic,C_dyn_maze_dense,256,dist,scratch,0,7,scratch_N256_dist_s0,astar,,2500,True,339,339,,,1.0,58,58.0,0
dynamic,C_dyn_maze_dense,256,dist,scratch,0,7,scratch_N256_dist_s0,focal,1.0,2500,False,2500,2500,,,nan,-1,58.0,0
dynamic,C_dyn_maze_dense,256,dist,scratch,1,7,scratch_N256_dist_s1,astar,,2500,True,619,619,,,1.103448275862069,64,58.0,0
dynamic,C_dyn_maze_dense,256,dist,scratch,1,7,scratch_N256_dist_s1,focal,1.0,2500,False,2500,2500,,,nan,-1,58.0,0
dynamic,C_dyn_maze_dense,256,dist,scratch,2,7,scratch_N256_dist_s2,astar,,2500,True,315,315,,,1.0,58,58.0,0
dynamic,C_dyn_maze_dense,256,dist,scratch,2,7,scratch_N256_dist_s2,focal,1.0,2500,False,2500,2500,,,nan,-1,58.0,0
dynamic,C_dyn_maze_dense,4096,conc,full_ft,0,7,full_ft_N4096_conc_s0,astar,,2500,True,216,216,,,1.0,58,58.0,0
dynamic,C_dyn_maze_dense,4096,conc,full_ft,0,7,full_ft_N4096_conc_s0,focal,1.0,2500,False,2500,2500,,,nan,-1,58.0,0
dynamic,C_dyn_maze_dense,4096,conc,full_ft,1,7,full_ft_N4096_conc_s1,astar,,2500,True,424,424,,,1.103448275862069,64,58.0,0
dynamic,C_dyn_maze_dense,4096,conc,full_ft,1,7,full_ft_N4096_conc_s1,focal,1.0,2500,False,2500,2500,,,nan,-1,58.0,0
dynamic,C_dyn_maze_dense,4096,conc,full_ft,2,7,full_ft_N4096_conc_s2,astar,,2500,True,254,254,,,1.0,58,58.0,0
dynamic,C_dyn_maze_dense,4096,conc,full_ft,2,7,full_ft_N4096_conc_s2,focal,1.0,2500,False,2500,2500,,,nan,-1,58.0,0
dynamic,C_dyn_maze_dense,4096,conc,lora,0,7,lora_N4096_conc_s0,astar,,2500,True,502,502,,,1.103448275862069,64,58.0,0
dynamic,C_dyn_maze_dense,4096,conc,lora,0,7,lora_N4096_conc_s0,focal,1.0,2500,False,2500,2500,,,nan,-1,58.0,0
dynamic,C_dyn_maze_dense,4096,conc,lora,1,7,lora_N4096_conc_s1,astar,,2500,True,618,618,,,1.0,58,58.0,0
dynamic,C_dyn_maze_dense,4096,conc,lora,1,7,lora_N4096_conc_s1,focal,1.0,2500,False,2500,2500,,,nan,-1,58.0,0
dynamic,C_dyn_maze_dense,4096,conc,lora,2,7,lora_N4096_conc_s2,astar,,2500,True,398,398,,,1.0,58,58.0,0
dynamic,C_dyn_maze_dense,4096,conc,lora,2,7,lora_N4096_conc_s2,focal,1.0,2500,False,2500,2500,,,nan,-1,58.0,0
dynamic,C_dyn_maze_dense,4096,conc,scratch,0,7,scratch_N4096_conc_s0,astar,,2500,True,535,535,,,1.0,58,58.0,0
dynamic,C_dyn_maze_dense,4096,conc,scratch,0,7,scratch_N4096_conc_s0,focal,1.0,2500,False,2500,2500,,,nan,-1,58.0,0
dynamic,C_dyn_maze_dense,4096,conc,scratch,1,7,scratch_N4096_conc_s1,astar,,2500,True,665,665,,,1.0862068965517242,63,58.0,0
dynamic,C_dyn_maze_dense,4096,conc,scratch,1,7,scratch_N4096_conc_s1,focal,1.0,2500,False,2500,2500,,,nan,-1,58.0,0
dynamic,C_dyn_maze_dense,4096,conc,scratch,2,7,scratch_N4096_conc_s2,astar,,2500,True,400,400,,,1.0,58,58.0,0
dynamic,C_dyn_maze_dense,4096,conc,scratch,2,7,scratch_N4096_conc_s2,focal,1.0,2500,False,2500,2500,,,nan,-1,58.0,0
dynamic,C_dyn_maze_dense,4096,dist,full_ft,0,7,full_ft_N4096_dist_s0,astar,,2500,True,281,281,,,1.1206896551724137,65,58.0,0
dynamic,C_dyn_maze_dense,4096,dist,full_ft,0,7,full_ft_N4096_dist_s0,focal,1.0,2500,False,2500,2500,,,nan,-1,58.0,0
dynamic,C_dyn_maze_dense,4096,dist,full_ft,1,7,full_ft_N4096_dist_s1,astar,,2500,True,542,542,,,1.0,58,58.0,0
dynamic,C_dyn_maze_dense,4096,dist,full_ft,1,7,full_ft_N4096_dist_s1,focal,1.0,2500,False,2500,2500,,,nan,-1,58.0,0
dynamic,C_dyn_maze_dense,4096,dist,full_ft,2,7,full_ft_N4096_dist_s2,astar,,2500,True,293,293,,,1.103448275862069,64,58.0,0
dynamic,C_dyn_maze_dense,4096,dist,full_ft,2,7,full_ft_N4096_dist_s2,focal,1.0,2500,False,2500,2500,,,nan,-1,58.0,0
dynamic,C_dyn_maze_dense,4096,dist,lora,0,7,lora_N4096_dist_s0,astar,,2500,True,411,411,,,1.0,58,58.0,0
dynamic,C_dyn_maze_dense,4096,dist,lora,0,7,lora_N4096_dist_s0,focal,1.0,2500,False,2500,2500,,,nan,-1,58.0,0
dynamic,C_dyn_maze_dense,4096,dist,lora,1,7,lora_N4096_dist_s1,astar,,2500,True,394,394,,,1.0,58,58.0,0
dynamic,C_dyn_maze_dense,4096,dist,lora,1,7,lora_N4096_dist_s1,focal,1.0,2500,False,2500,2500,,,nan,-1,58.0,0
dynamic,C_dyn_maze_dense,4096,dist,lora,2,7,lora_N4096_dist_s2,astar,,2500,True,436,436,,,1.0,58,58.0,0
dynamic,C_dyn_maze_dense,4096,dist,lora,2,7,lora_N4096_dist_s2,focal,1.0,2500,False,2500,2500,,,nan,-1,58.0,0
dynamic,C_dyn_maze_dense,4096,dist,scratch,0,7,scratch_N4096_dist_s0,astar,,2500,True,385,385,,,1.0862068965517242,63,58.0,0
dynamic,C_dyn_maze_dense,4096,dist,scratch,0,7,scratch_N4096_dist_s0,focal,1.0,2500,False,2500,2500,,,nan,-1,58.0,0
dynamic,C_dyn_maze_dense,4096,dist,scratch,1,7,scratch_N4096_dist_s1,astar,,2500,True,324,324,,,1.0172413793103448,59,58.0,0
dynamic,C_dyn_maze_dense,4096,dist,scratch,1,7,scratch_N4096_dist_s1,focal,1.0,2500,False,2500,2500,,,nan,-1,58.0,0
dynamic,C_dyn_maze_dense,4096,dist,scratch,2,7,scratch_N4096_dist_s2,astar,,2500,True,378,378,,,1.0,58,58.0,0
dynamic,C_dyn_maze_dense,4096,dist,scratch,2,7,scratch_N4096_dist_s2,focal,1.0,2500,False,2500,2500,,,nan,-1,58.0,0
dynamic,C_dyn_maze_dense,65536,conc,full_ft,0,7,full_ft_N65536_conc_s0,astar,,2500,True,286,286,,,1.0172413793103448,59,58.0,0
dynamic,C_dyn_maze_dense,65536,conc,full_ft,0,7,full_ft_N65536_conc_s0,focal,1.0,2500,False,2500,2500,,,nan,-1,58.0,0
dynamic,C_dyn_maze_dense,65536,conc,full_ft,1,7,full_ft_N65536_conc_s1,astar,,2500,True,429,429,,,1.0,58,58.0,0
dynamic,C_dyn_maze_dense,65536,conc,full_ft,1,7,full_ft_N65536_conc_s1,focal,1.0,2500,False,2500,2500,,,nan,-1,58.0,0
dynamic,C_dyn_maze_dense,65536,conc,full_ft,2,7,full_ft_N65536_conc_s2,astar,,2500,True,360,360,,,1.0,58,58.0,0
dynamic,C_dyn_maze_dense,65536,conc,full_ft,2,7,full_ft_N65536_conc_s2,focal,1.0,2500,False,2500,2500,,,nan,-1,58.0,0
dynamic,C_dyn_maze_dense,65536,conc,lora,0,7,lora_N65536_conc_s0,astar,,2500,True,382,382,,,1.0,58,58.0,0
dynamic,C_dyn_maze_dense,65536,conc,lora,0,7,lora_N65536_conc_s0,focal,1.0,2500,False,2500,2500,,,nan,-1,58.0,0
dynamic,C_dyn_maze_dense,65536,conc,lora,1,7,lora_N65536_conc_s1,astar,,2500,True,361,361,,,1.0,58,58.0,0
dynamic,C_dyn_maze_dense,65536,conc,lora,1,7,lora_N65536_conc_s1,focal,1.0,2500,False,2500,2500,,,nan,-1,58.0,0
dynamic,C_dyn_maze_dense,65536,conc,lora,2,7,lora_N65536_conc_s2,astar,,2500,True,367,367,,,1.0,58,58.0,0
dynamic,C_dyn_maze_dense,65536,conc,lora,2,7,lora_N65536_conc_s2,focal,1.0,2500,False,2500,2500,,,nan,-1,58.0,0
dynamic,C_dyn_maze_dense,65536,conc,scratch,0,7,scratch_N65536_conc_s0,astar,,2500,True,296,296,,,1.0,58,58.0,0
dynamic,C_dyn_maze_dense,65536,conc,scratch,0,7,scratch_N65536_conc_s0,focal,1.0,2500,False,2500,2500,,,nan,-1,58.0,0
dynamic,C_dyn_maze_dense,65536,conc,scratch,1,7,scratch_N65536_conc_s1,astar,,2500,True,321,321,,,1.0172413793103448,59,58.0,0
dynamic,C_dyn_maze_dense,65536,conc,scratch,1,7,scratch_N65536_conc_s1,focal,1.0,2500,False,2500,2500,,,nan,-1,58.0,0
dynamic,C_dyn_maze_dense,65536,conc,scratch,2,7,scratch_N65536_conc_s2,astar,,2500,True,248,248,,,1.0,58,58.0,0
dynamic,C_dyn_maze_dense,65536,conc,scratch,2,7,scratch_N65536_conc_s2,focal,1.0,2500,False,2500,2500,,,nan,-1,58.0,0
dynamic,C_dyn_maze_dense,65536,dist,full_ft,0,7,full_ft_N65536_dist_s0,astar,,2500,True,232,232,,,1.0172413793103448,59,58.0,0
dynamic,C_dyn_maze_dense,65536,dist,full_ft,0,7,full_ft_N65536_dist_s0,focal,1.0,2500,False,2500,2500,,,nan,-1,58.0,0
dynamic,C_dyn_maze_dense,65536,dist,full_ft,1,7,full_ft_N65536_dist_s1,astar,,2500,True,192,192,,,1.0,58,58.0,0
dynamic,C_dyn_maze_dense,65536,dist,full_ft,1,7,full_ft_N65536_dist_s1,focal,1.0,2500,False,2500,2500,,,nan,-1,58.0,0
dynamic,C_dyn_maze_dense,65536,dist,full_ft,2,7,full_ft_N65536_dist_s2,astar,,2500,True,250,250,,,1.0172413793103448,59,58.0,0
dynamic,C_dyn_maze_dense,65536,dist,full_ft,2,7,full_ft_N65536_dist_s2,focal,1.0,2500,False,2500,2500,,,nan,-1,58.0,0
dynamic,C_dyn_maze_dense,65536,dist,lora,0,7,lora_N65536_dist_s0,astar,,2500,True,142,142,,,1.0,58,58.0,0
dynamic,C_dyn_maze_dense,65536,dist,lora,0,7,lora_N65536_dist_s0,focal,1.0,2500,False,2500,2500,,,nan,-1,58.0,0
dynamic,C_dyn_maze_dense,65536,dist,lora,1,7,lora_N65536_dist_s1,astar,,2500,True,141,141,,,1.0,58,58.0,0
dynamic,C_dyn_maze_dense,65536,dist,lora,1,7,lora_N65536_dist_s1,focal,1.0,2500,False,2500,2500,,,nan,-1,58.0,0
dynamic,C_dyn_maze_dense,65536,dist,lora,2,7,lora_N65536_dist_s2,astar,,2500,True,132,132,,,1.0,58,58.0,0
dynamic,C_dyn_maze_dense,65536,dist,lora,2,7,lora_N65536_dist_s2,focal,1.0,2500,False,2500,2500,,,nan,-1,58.0,0
dynamic,C_dyn_maze_dense,65536,dist,scratch,0,7,scratch_N65536_dist_s0,astar,,2500,True,225,225,,,1.0,58,58.0,0
dynamic,C_dyn_maze_dense,65536,dist,scratch,0,7,scratch_N65536_dist_s0,focal,1.0,2500,False,2500,2500,,,nan,-1,58.0,0
dynamic,C_dyn_maze_dense,65536,dist,scratch,1,7,scratch_N65536_dist_s1,astar,,2500,True,194,194,,,1.0,58,58.0,0
dynamic,C_dyn_maze_dense,65536,dist,scratch,1,7,scratch_N65536_dist_s1,focal,1.0,2500,False,2500,2500,,,nan,-1,58.0,0
dynamic,C_dyn_maze_dense,65536,dist,scratch,2,7,scratch_N65536_dist_s2,astar,,2500,True,249,249,,,1.0,58,58.0,0
dynamic,C_dyn_maze_dense,65536,dist,scratch,2,7,scratch_N65536_dist_s2,focal,1.0,2500,False,2500,2500,,,nan,-1,58.0,0
dynamic,C_dyn_maze_dense,-1,,euclid,-1,8,euclid,astar,,2500,False,2500,2500,,,nan,-1,67.0,0
dynamic,C_dyn_maze_dense,-1,,euclid,-1,8,euclid,focal,1.0,2500,False,2500,2500,,,nan,-1,67.0,0
dynamic,C_dyn_maze_dense,-1,,oracle,-1,8,oracle,astar,,2500,True,645,645,,,1.0,67,67.0,0
dynamic,C_dyn_maze_dense,-1,,oracle,-1,8,oracle,focal,1.0,2500,False,2500,2500,,,nan,-1,67.0,0
dynamic,C_dyn_maze_dense,0,,zero_shot,-1,8,zeroshot_field_unet_blind,astar,,2500,True,1351,1351,,,1.0,67,67.0,0
dynamic,C_dyn_maze_dense,0,,zero_shot,-1,8,zeroshot_field_unet_blind,focal,1.0,2500,False,2500,2500,,,nan,-1,67.0,0
dynamic,C_dyn_maze_dense,1024,conc,full_ft,0,8,full_ft_N1024_conc_s0,astar,,2500,False,2500,2500,,,nan,-1,67.0,0
dynamic,C_dyn_maze_dense,1024,conc,full_ft,0,8,full_ft_N1024_conc_s0,focal,1.0,2500,False,2500,2500,,,nan,-1,67.0,0
dynamic,C_dyn_maze_dense,1024,conc,full_ft,1,8,full_ft_N1024_conc_s1,astar,,2500,False,2500,2500,,,nan,-1,67.0,0
dynamic,C_dyn_maze_dense,1024,conc,full_ft,1,8,full_ft_N1024_conc_s1,focal,1.0,2500,False,2500,2500,,,nan,-1,67.0,0
dynamic,C_dyn_maze_dense,1024,conc,full_ft,2,8,full_ft_N1024_conc_s2,astar,,2500,False,2500,2500,,,nan,-1,67.0,0
dynamic,C_dyn_maze_dense,1024,conc,full_ft,2,8,full_ft_N1024_conc_s2,focal,1.0,2500,False,2500,2500,,,nan,-1,67.0,0
dynamic,C_dyn_maze_dense,1024,conc,lora,0,8,lora_N1024_conc_s0,astar,,2500,True,1522,1522,,,1.0149253731343284,68,67.0,0
dynamic,C_dyn_maze_dense,1024,conc,lora,0,8,lora_N1024_conc_s0,focal,1.0,2500,False,2500,2500,,,nan,-1,67.0,0
dynamic,C_dyn_maze_dense,1024,conc,lora,1,8,lora_N1024_conc_s1,astar,,2500,True,1367,1367,,,1.0149253731343284,68,67.0,0
dynamic,C_dyn_maze_dense,1024,conc,lora,1,8,lora_N1024_conc_s1,focal,1.0,2500,False,2500,2500,,,nan,-1,67.0,0
dynamic,C_dyn_maze_dense,1024,conc,lora,2,8,lora_N1024_conc_s2,astar,,2500,True,1418,1418,,,1.0298507462686568,69,67.0,0
dynamic,C_dyn_maze_dense,1024,conc,lora,2,8,lora_N1024_conc_s2,focal,1.0,2500,False,2500,2500,,,nan,-1,67.0,0
dynamic,C_dyn_maze_dense,1024,conc,scratch,0,8,scratch_N1024_conc_s0,astar,,2500,False,2500,2500,,,nan,-1,67.0,0
dynamic,C_dyn_maze_dense,1024,conc,scratch,0,8,scratch_N1024_conc_s0,focal,1.0,2500,False,2500,2500,,,nan,-1,67.0,0
dynamic,C_dyn_maze_dense,1024,conc,scratch,1,8,scratch_N1024_conc_s1,astar,,2500,False,2500,2500,,,nan,-1,67.0,0
dynamic,C_dyn_maze_dense,1024,conc,scratch,1,8,scratch_N1024_conc_s1,focal,1.0,2500,False,2500,2500,,,nan,-1,67.0,0
dynamic,C_dyn_maze_dense,1024,conc,scratch,2,8,scratch_N1024_conc_s2,astar,,2500,False,2500,2500,,,nan,-1,67.0,0
dynamic,C_dyn_maze_dense,1024,conc,scratch,2,8,scratch_N1024_conc_s2,focal,1.0,2500,False,2500,2500,,,nan,-1,67.0,0
dynamic,C_dyn_maze_dense,1024,dist,full_ft,0,8,full_ft_N1024_dist_s0,astar,,2500,True,1068,1068,,,1.0597014925373134,71,67.0,0
dynamic,C_dyn_maze_dense,1024,dist,full_ft,0,8,full_ft_N1024_dist_s0,focal,1.0,2500,False,2500,2500,,,nan,-1,67.0,0
dynamic,C_dyn_maze_dense,1024,dist,full_ft,1,8,full_ft_N1024_dist_s1,astar,,2500,True,860,860,,,1.0597014925373134,71,67.0,0
dynamic,C_dyn_maze_dense,1024,dist,full_ft,1,8,full_ft_N1024_dist_s1,focal,1.0,2500,False,2500,2500,,,nan,-1,67.0,0
dynamic,C_dyn_maze_dense,1024,dist,full_ft,2,8,full_ft_N1024_dist_s2,astar,,2500,True,967,967,,,1.0597014925373134,71,67.0,0
dynamic,C_dyn_maze_dense,1024,dist,full_ft,2,8,full_ft_N1024_dist_s2,focal,1.0,2500,False,2500,2500,,,nan,-1,67.0,0
dynamic,C_dyn_maze_dense,1024,dist,lora,0,8,lora_N1024_dist_s0,astar,,2500,True,1331,1331,,,1.0,67,67.0,0
dynamic,C_dyn_maze_dense,1024,dist,lora,0,8,lora_N1024_dist_s0,focal,1.0,2500,False,2500,2500,,,nan,-1,67.0,0
dynamic,C_dyn_maze_dense,1024,dist,lora,1,8,lora_N1024_dist_s1,astar,,2500,True,1272,1272,,,1.0,67,67.0,0
dynamic,C_dyn_maze_dense,1024,dist,lora,1,8,lora_N1024_dist_s1,focal,1.0,2500,False,2500,2500,,,nan,-1,67.0,0
dynamic,C_dyn_maze_dense,1024,dist,lora,2,8,lora_N1024_dist_s2,astar,,2500,True,1347,1347,,,1.0,67,67.0,0
dynamic,C_dyn_maze_dense,1024,dist,lora,2,8,lora_N1024_dist_s2,focal,1.0,2500,False,2500,2500,,,nan,-1,67.0,0
dynamic,C_dyn_maze_dense,1024,dist,scratch,0,8,scratch_N1024_dist_s0,astar,,2500,True,815,815,,,1.0,67,67.0,0
dynamic,C_dyn_maze_dense,1024,dist,scratch,0,8,scratch_N1024_dist_s0,focal,1.0,2500,False,2500,2500,,,nan,-1,67.0,0
dynamic,C_dyn_maze_dense,1024,dist,scratch,1,8,scratch_N1024_dist_s1,astar,,2500,True,908,908,,,1.0,67,67.0,0
dynamic,C_dyn_maze_dense,1024,dist,scratch,1,8,scratch_N1024_dist_s1,focal,1.0,2500,False,2500,2500,,,nan,-1,67.0,0
dynamic,C_dyn_maze_dense,1024,dist,scratch,2,8,scratch_N1024_dist_s2,astar,,2500,True,787,787,,,1.044776119402985,70,67.0,0
dynamic,C_dyn_maze_dense,1024,dist,scratch,2,8,scratch_N1024_dist_s2,focal,1.0,2500,False,2500,2500,,,nan,-1,67.0,0
dynamic,C_dyn_maze_dense,16384,conc,full_ft,0,8,full_ft_N16384_conc_s0,astar,,2500,True,2257,2257,,,1.0,67,67.0,0
dynamic,C_dyn_maze_dense,16384,conc,full_ft,0,8,full_ft_N16384_conc_s0,focal,1.0,2500,False,2500,2500,,,nan,-1,67.0,0
dynamic,C_dyn_maze_dense,16384,conc,full_ft,1,8,full_ft_N16384_conc_s1,astar,,2500,True,2127,2127,,,1.0,67,67.0,0
dynamic,C_dyn_maze_dense,16384,conc,full_ft,1,8,full_ft_N16384_conc_s1,focal,1.0,2500,False,2500,2500,,,nan,-1,67.0,0
dynamic,C_dyn_maze_dense,16384,conc,full_ft,2,8,full_ft_N16384_conc_s2,astar,,2500,False,2500,2500,,,nan,-1,67.0,0
dynamic,C_dyn_maze_dense,16384,conc,full_ft,2,8,full_ft_N16384_conc_s2,focal,1.0,2500,False,2500,2500,,,nan,-1,67.0,0
dynamic,C_dyn_maze_dense,16384,conc,lora,0,8,lora_N16384_conc_s0,astar,,2500,True,1137,1137,,,1.0,67,67.0,0
dynamic,C_dyn_maze_dense,16384,conc,lora,0,8,lora_N16384_conc_s0,focal,1.0,2500,False,2500,2500,,,nan,-1,67.0,0
dynamic,C_dyn_maze_dense,16384,conc,lora,1,8,lora_N16384_conc_s1,astar,,2500,True,1036,1036,,,1.0,67,67.0,0
dynamic,C_dyn_maze_dense,16384,conc,lora,1,8,lora_N16384_conc_s1,focal,1.0,2500,False,2500,2500,,,nan,-1,67.0,0
dynamic,C_dyn_maze_dense,16384,conc,lora,2,8,lora_N16384_conc_s2,astar,,2500,True,965,965,,,1.0,67,67.0,0
dynamic,C_dyn_maze_dense,16384,conc,lora,2,8,lora_N16384_conc_s2,focal,1.0,2500,False,2500,2500,,,nan,-1,67.0,0
dynamic,C_dyn_maze_dense,16384,conc,scratch,0,8,scratch_N16384_conc_s0,astar,,2500,False,2500,2500,,,nan,-1,67.0,0
dynamic,C_dyn_maze_dense,16384,conc,scratch,0,8,scratch_N16384_conc_s0,focal,1.0,2500,False,2500,2500,,,nan,-1,67.0,0
dynamic,C_dyn_maze_dense,16384,conc,scratch,1,8,scratch_N16384_conc_s1,astar,,2500,False,2500,2500,,,nan,-1,67.0,0
dynamic,C_dyn_maze_dense,16384,conc,scratch,1,8,scratch_N16384_conc_s1,focal,1.0,2500,False,2500,2500,,,nan,-1,67.0,0
dynamic,C_dyn_maze_dense,16384,conc,scratch,2,8,scratch_N16384_conc_s2,astar,,2500,False,2500,2500,,,nan,-1,67.0,0
dynamic,C_dyn_maze_dense,16384,conc,scratch,2,8,scratch_N16384_conc_s2,focal,1.0,2500,False,2500,2500,,,nan,-1,67.0,0
dynamic,C_dyn_maze_dense,16384,dist,full_ft,0,8,full_ft_N16384_dist_s0,astar,,2500,True,897,897,,,1.0597014925373134,71,67.0,0
dynamic,C_dyn_maze_dense,16384,dist,full_ft,0,8,full_ft_N16384_dist_s0,focal,1.0,2500,False,2500,2500,,,nan,-1,67.0,0
dynamic,C_dyn_maze_dense,16384,dist,full_ft,1,8,full_ft_N16384_dist_s1,astar,,2500,True,1226,1226,,,1.0597014925373134,71,67.0,0
dynamic,C_dyn_maze_dense,16384,dist,full_ft,1,8,full_ft_N16384_dist_s1,focal,1.0,2500,False,2500,2500,,,nan,-1,67.0,0
dynamic,C_dyn_maze_dense,16384,dist,full_ft,2,8,full_ft_N16384_dist_s2,astar,,2500,True,1420,1420,,,1.0298507462686568,69,67.0,0
dynamic,C_dyn_maze_dense,16384,dist,full_ft,2,8,full_ft_N16384_dist_s2,focal,1.0,2500,False,2500,2500,,,nan,-1,67.0,0
dynamic,C_dyn_maze_dense,16384,dist,lora,0,8,lora_N16384_dist_s0,astar,,2500,True,1113,1113,,,1.0,67,67.0,0
dynamic,C_dyn_maze_dense,16384,dist,lora,0,8,lora_N16384_dist_s0,focal,1.0,2500,False,2500,2500,,,nan,-1,67.0,0
dynamic,C_dyn_maze_dense,16384,dist,lora,1,8,lora_N16384_dist_s1,astar,,2500,True,1137,1137,,,1.0,67,67.0,0
dynamic,C_dyn_maze_dense,16384,dist,lora,1,8,lora_N16384_dist_s1,focal,1.0,2500,False,2500,2500,,,nan,-1,67.0,0
dynamic,C_dyn_maze_dense,16384,dist,lora,2,8,lora_N16384_dist_s2,astar,,2500,True,1145,1145,,,1.0,67,67.0,0
dynamic,C_dyn_maze_dense,16384,dist,lora,2,8,lora_N16384_dist_s2,focal,1.0,2500,False,2500,2500,,,nan,-1,67.0,0
dynamic,C_dyn_maze_dense,16384,dist,scratch,0,8,scratch_N16384_dist_s0,astar,,2500,True,1051,1051,,,1.0,67,67.0,0
dynamic,C_dyn_maze_dense,16384,dist,scratch,0,8,scratch_N16384_dist_s0,focal,1.0,2500,False,2500,2500,,,nan,-1,67.0,0
dynamic,C_dyn_maze_dense,16384,dist,scratch,1,8,scratch_N16384_dist_s1,astar,,2500,True,1083,1083,,,1.044776119402985,70,67.0,0
dynamic,C_dyn_maze_dense,16384,dist,scratch,1,8,scratch_N16384_dist_s1,focal,1.0,2500,False,2500,2500,,,nan,-1,67.0,0
dynamic,C_dyn_maze_dense,16384,dist,scratch,2,8,scratch_N16384_dist_s2,astar,,2500,True,1118,1118,,,1.0298507462686568,69,67.0,0
dynamic,C_dyn_maze_dense,16384,dist,scratch,2,8,scratch_N16384_dist_s2,focal,1.0,2500,False,2500,2500,,,nan,-1,67.0,0
dynamic,C_dyn_maze_dense,256,conc,full_ft,0,8,full_ft_N256_conc_s0,astar,,2500,False,2500,2500,,,nan,-1,67.0,0
dynamic,C_dyn_maze_dense,256,conc,full_ft,0,8,full_ft_N256_conc_s0,focal,1.0,2500,False,2500,2500,,,nan,-1,67.0,0
dynamic,C_dyn_maze_dense,256,conc,full_ft,1,8,full_ft_N256_conc_s1,astar,,2500,False,2500,2500,,,nan,-1,67.0,0
dynamic,C_dyn_maze_dense,256,conc,full_ft,1,8,full_ft_N256_conc_s1,focal,1.0,2500,False,2500,2500,,,nan,-1,67.0,0
dynamic,C_dyn_maze_dense,256,conc,full_ft,2,8,full_ft_N256_conc_s2,astar,,2500,False,2500,2500,,,nan,-1,67.0,0
dynamic,C_dyn_maze_dense,256,conc,full_ft,2,8,full_ft_N256_conc_s2,focal,1.0,2500,False,2500,2500,,,nan,-1,67.0,0
dynamic,C_dyn_maze_dense,256,conc,lora,0,8,lora_N256_conc_s0,astar,,2500,True,1167,1167,,,1.044776119402985,70,67.0,0
dynamic,C_dyn_maze_dense,256,conc,lora,0,8,lora_N256_conc_s0,focal,1.0,2500,False,2500,2500,,,nan,-1,67.0,0
dynamic,C_dyn_maze_dense,256,conc,lora,1,8,lora_N256_conc_s1,astar,,2500,True,1549,1549,,,1.0,67,67.0,0
dynamic,C_dyn_maze_dense,256,conc,lora,1,8,lora_N256_conc_s1,focal,1.0,2500,False,2500,2500,,,nan,-1,67.0,0
dynamic,C_dyn_maze_dense,256,conc,lora,2,8,lora_N256_conc_s2,astar,,2500,True,1520,1520,,,1.0149253731343284,68,67.0,0
dynamic,C_dyn_maze_dense,256,conc,lora,2,8,lora_N256_conc_s2,focal,1.0,2500,False,2500,2500,,,nan,-1,67.0,0
dynamic,C_dyn_maze_dense,256,conc,scratch,0,8,scratch_N256_conc_s0,astar,,2500,False,2500,2500,,,nan,-1,67.0,0
dynamic,C_dyn_maze_dense,256,conc,scratch,0,8,scratch_N256_conc_s0,focal,1.0,2500,False,2500,2500,,,nan,-1,67.0,0
dynamic,C_dyn_maze_dense,256,conc,scratch,1,8,scratch_N256_conc_s1,astar,,2500,False,2500,2500,,,nan,-1,67.0,0
dynamic,C_dyn_maze_dense,256,conc,scratch,1,8,scratch_N256_conc_s1,focal,1.0,2500,False,2500,2500,,,nan,-1,67.0,0
dynamic,C_dyn_maze_dense,256,conc,scratch,2,8,scratch_N256_conc_s2,astar,,2500,False,2500,2500,,,nan,-1,67.0,0
dynamic,C_dyn_maze_dense,256,conc,scratch,2,8,scratch_N256_conc_s2,focal,1.0,2500,False,2500,2500,,,nan,-1,67.0,0
dynamic,C_dyn_maze_dense,256,dist,full_ft,0,8,full_ft_N256_dist_s0,astar,,2500,True,965,965,,,1.044776119402985,70,67.0,0
dynamic,C_dyn_maze_dense,256,dist,full_ft,0,8,full_ft_N256_dist_s0,focal,1.0,2500,False,2500,2500,,,nan,-1,67.0,0
dynamic,C_dyn_maze_dense,256,dist,full_ft,1,8,full_ft_N256_dist_s1,astar,,2500,True,959,959,,,1.044776119402985,70,67.0,0
dynamic,C_dyn_maze_dense,256,dist,full_ft,1,8,full_ft_N256_dist_s1,focal,1.0,2500,False,2500,2500,,,nan,-1,67.0,0
dynamic,C_dyn_maze_dense,256,dist,full_ft,2,8,full_ft_N256_dist_s2,astar,,2500,True,1026,1026,,,1.0298507462686568,69,67.0,0
dynamic,C_dyn_maze_dense,256,dist,full_ft,2,8,full_ft_N256_dist_s2,focal,1.0,2500,False,2500,2500,,,nan,-1,67.0,0
dynamic,C_dyn_maze_dense,256,dist,lora,0,8,lora_N256_dist_s0,astar,,2500,True,1114,1114,,,1.0149253731343284,68,67.0,0
dynamic,C_dyn_maze_dense,256,dist,lora,0,8,lora_N256_dist_s0,focal,1.0,2500,False,2500,2500,,,nan,-1,67.0,0
dynamic,C_dyn_maze_dense,256,dist,lora,1,8,lora_N256_dist_s1,astar,,2500,True,1006,1006,,,1.0149253731343284,68,67.0,0
dynamic,C_dyn_maze_dense,256,dist,lora,1,8,lora_N256_dist_s1,focal,1.0,2500,False,2500,2500,,,nan,-1,67.0,0
dynamic,C_dyn_maze_dense,256,dist,lora,2,8,lora_N256_dist_s2,astar,,2500,True,934,934,,,1.0149253731343284,68,67.0,0
dynamic,C_dyn_maze_dense,256,dist,lora,2,8,lora_N256_dist_s2,focal,1.0,2500,False,2500,2500,,,nan,-1,67.0,0
dynamic,C_dyn_maze_dense,256,dist,scratch,0,8,scratch_N256_dist_s0,astar,,2500,True,771,771,,,1.0,67,67.0,0
dynamic,C_dyn_maze_dense,256,dist,scratch,0,8,scratch_N256_dist_s0,focal,1.0,2500,False,2500,2500,,,nan,-1,67.0,0
dynamic,C_dyn_maze_dense,256,dist,scratch,1,8,scratch_N256_dist_s1,astar,,2500,True,1019,1019,,,1.0298507462686568,69,67.0,0
dynamic,C_dyn_maze_dense,256,dist,scratch,1,8,scratch_N256_dist_s1,focal,1.0,2500,False,2500,2500,,,nan,-1,67.0,0
dynamic,C_dyn_maze_dense,256,dist,scratch,2,8,scratch_N256_dist_s2,astar,,2500,True,698,698,,,1.0,67,67.0,0
dynamic,C_dyn_maze_dense,256,dist,scratch,2,8,scratch_N256_dist_s2,focal,1.0,2500,False,2500,2500,,,nan,-1,67.0,0
dynamic,C_dyn_maze_dense,4096,conc,full_ft,0,8,full_ft_N4096_conc_s0,astar,,2500,True,1942,1942,,,1.0298507462686568,69,67.0,0
dynamic,C_dyn_maze_dense,4096,conc,full_ft,0,8,full_ft_N4096_conc_s0,focal,1.0,2500,False,2500,2500,,,nan,-1,67.0,0
dynamic,C_dyn_maze_dense,4096,conc,full_ft,1,8,full_ft_N4096_conc_s1,astar,,2500,False,2500,2500,,,nan,-1,67.0,0
dynamic,C_dyn_maze_dense,4096,conc,full_ft,1,8,full_ft_N4096_conc_s1,focal,1.0,2500,False,2500,2500,,,nan,-1,67.0,0
dynamic,C_dyn_maze_dense,4096,conc,full_ft,2,8,full_ft_N4096_conc_s2,astar,,2500,True,2405,2405,,,1.0597014925373134,71,67.0,0
dynamic,C_dyn_maze_dense,4096,conc,full_ft,2,8,full_ft_N4096_conc_s2,focal,1.0,2500,False,2500,2500,,,nan,-1,67.0,0
dynamic,C_dyn_maze_dense,4096,conc,lora,0,8,lora_N4096_conc_s0,astar,,2500,True,1149,1149,,,1.0,67,67.0,0
dynamic,C_dyn_maze_dense,4096,conc,lora,0,8,lora_N4096_conc_s0,focal,1.0,2500,False,2500,2500,,,nan,-1,67.0,0
dynamic,C_dyn_maze_dense,4096,conc,lora,1,8,lora_N4096_conc_s1,astar,,2500,True,965,965,,,1.044776119402985,70,67.0,0
dynamic,C_dyn_maze_dense,4096,conc,lora,1,8,lora_N4096_conc_s1,focal,1.0,2500,False,2500,2500,,,nan,-1,67.0,0
dynamic,C_dyn_maze_dense,4096,conc,lora,2,8,lora_N4096_conc_s2,astar,,2500,True,1045,1045,,,1.044776119402985,70,67.0,0
dynamic,C_dyn_maze_dense,4096,conc,lora,2,8,lora_N4096_conc_s2,focal,1.0,2500,False,2500,2500,,,nan,-1,67.0,0
dynamic,C_dyn_maze_dense,4096,conc,scratch,0,8,scratch_N4096_conc_s0,astar,,2500,False,2500,2500,,,nan,-1,67.0,0
dynamic,C_dyn_maze_dense,4096,conc,scratch,0,8,scratch_N4096_conc_s0,focal,1.0,2500,False,2500,2500,,,nan,-1,67.0,0
dynamic,C_dyn_maze_dense,4096,conc,scratch,1,8,scratch_N4096_conc_s1,astar,,2500,False,2500,2500,,,nan,-1,67.0,0
dynamic,C_dyn_maze_dense,4096,conc,scratch,1,8,scratch_N4096_conc_s1,focal,1.0,2500,False,2500,2500,,,nan,-1,67.0,0
dynamic,C_dyn_maze_dense,4096,conc,scratch,2,8,scratch_N4096_conc_s2,astar,,2500,False,2500,2500,,,nan,-1,67.0,0
dynamic,C_dyn_maze_dense,4096,conc,scratch,2,8,scratch_N4096_conc_s2,focal,1.0,2500,False,2500,2500,,,nan,-1,67.0,0
dynamic,C_dyn_maze_dense,4096,dist,full_ft,0,8,full_ft_N4096_dist_s0,astar,,2500,True,1068,1068,,,1.0597014925373134,71,67.0,0
dynamic,C_dyn_maze_dense,4096,dist,full_ft,0,8,full_ft_N4096_dist_s0,focal,1.0,2500,False,2500,2500,,,nan,-1,67.0,0
dynamic,C_dyn_maze_dense,4096,dist,full_ft,1,8,full_ft_N4096_dist_s1,astar,,2500,True,1007,1007,,,1.0597014925373134,71,67.0,0
dynamic,C_dyn_maze_dense,4096,dist,full_ft,1,8,full_ft_N4096_dist_s1,focal,1.0,2500,False,2500,2500,,,nan,-1,67.0,0
dynamic,C_dyn_maze_dense,4096,dist,full_ft,2,8,full_ft_N4096_dist_s2,astar,,2500,True,1173,1173,,,1.0597014925373134,71,67.0,0
dynamic,C_dyn_maze_dense,4096,dist,full_ft,2,8,full_ft_N4096_dist_s2,focal,1.0,2500,False,2500,2500,,,nan,-1,67.0,0
dynamic,C_dyn_maze_dense,4096,dist,lora,0,8,lora_N4096_dist_s0,astar,,2500,True,1214,1214,,,1.0,67,67.0,0
dynamic,C_dyn_maze_dense,4096,dist,lora,0,8,lora_N4096_dist_s0,focal,1.0,2500,False,2500,2500,,,nan,-1,67.0,0
dynamic,C_dyn_maze_dense,4096,dist,lora,1,8,lora_N4096_dist_s1,astar,,2500,True,1242,1242,,,1.0149253731343284,68,67.0,0
dynamic,C_dyn_maze_dense,4096,dist,lora,1,8,lora_N4096_dist_s1,focal,1.0,2500,False,2500,2500,,,nan,-1,67.0,0
dynamic,C_dyn_maze_dense,4096,dist,lora,2,8,lora_N4096_dist_s2,astar,,2500,True,1267,1267,,,1.0,67,67.0,0
dynamic,C_dyn_maze_dense,4096,dist,lora,2,8,lora_N4096_dist_s2,focal,1.0,2500,False,2500,2500,,,nan,-1,67.0,0
dynamic,C_dyn_maze_dense,4096,dist,scratch,0,8,scratch_N4096_dist_s0,astar,,2500,True,723,723,,,1.0298507462686568,69,67.0,0
dynamic,C_dyn_maze_dense,4096,dist,scratch,0,8,scratch_N4096_dist_s0,focal,1.0,2500,False,2500,2500,,,nan,-1,67.0,0
dynamic,C_dyn_maze_dense,4096,dist,scratch,1,8,scratch_N4096_dist_s1,astar,,2500,True,597,597,,,1.0149253731343284,68,67.0,0
dynamic,C_dyn_maze_dense,4096,dist,scratch,1,8,scratch_N4096_dist_s1,focal,1.0,2500,False,2500,2500,,,nan,-1,67.0,0
dynamic,C_dyn_maze_dense,4096,dist,scratch,2,8,scratch_N4096_dist_s2,astar,,2500,True,827,827,,,1.0298507462686568,69,67.0,0
dynamic,C_dyn_maze_dense,4096,dist,scratch,2,8,scratch_N4096_dist_s2,focal,1.0,2500,False,2500,2500,,,nan,-1,67.0,0
dynamic,C_dyn_maze_dense,65536,conc,full_ft,0,8,full_ft_N65536_conc_s0,astar,,2500,True,1171,1171,,,1.0597014925373134,71,67.0,0
dynamic,C_dyn_maze_dense,65536,conc,full_ft,0,8,full_ft_N65536_conc_s0,focal,1.0,2500,False,2500,2500,,,nan,-1,67.0,0
dynamic,C_dyn_maze_dense,65536,conc,full_ft,1,8,full_ft_N65536_conc_s1,astar,,2500,True,1221,1221,,,1.0597014925373134,71,67.0,0
dynamic,C_dyn_maze_dense,65536,conc,full_ft,1,8,full_ft_N65536_conc_s1,focal,1.0,2500,False,2500,2500,,,nan,-1,67.0,0
dynamic,C_dyn_maze_dense,65536,conc,full_ft,2,8,full_ft_N65536_conc_s2,astar,,2500,True,1069,1069,,,1.0746268656716418,72,67.0,0
dynamic,C_dyn_maze_dense,65536,conc,full_ft,2,8,full_ft_N65536_conc_s2,focal,1.0,2500,False,2500,2500,,,nan,-1,67.0,0
dynamic,C_dyn_maze_dense,65536,conc,lora,0,8,lora_N65536_conc_s0,astar,,2500,True,915,915,,,1.0149253731343284,68,67.0,0
dynamic,C_dyn_maze_dense,65536,conc,lora,0,8,lora_N65536_conc_s0,focal,1.0,2500,False,2500,2500,,,nan,-1,67.0,0
dynamic,C_dyn_maze_dense,65536,conc,lora,1,8,lora_N65536_conc_s1,astar,,2500,True,882,882,,,1.0298507462686568,69,67.0,0
dynamic,C_dyn_maze_dense,65536,conc,lora,1,8,lora_N65536_conc_s1,focal,1.0,2500,False,2500,2500,,,nan,-1,67.0,0
dynamic,C_dyn_maze_dense,65536,conc,lora,2,8,lora_N65536_conc_s2,astar,,2500,True,888,888,,,1.0597014925373134,71,67.0,0
dynamic,C_dyn_maze_dense,65536,conc,lora,2,8,lora_N65536_conc_s2,focal,1.0,2500,False,2500,2500,,,nan,-1,67.0,0
dynamic,C_dyn_maze_dense,65536,conc,scratch,0,8,scratch_N65536_conc_s0,astar,,2500,True,1195,1195,,,1.044776119402985,70,67.0,0
dynamic,C_dyn_maze_dense,65536,conc,scratch,0,8,scratch_N65536_conc_s0,focal,1.0,2500,False,2500,2500,,,nan,-1,67.0,0
dynamic,C_dyn_maze_dense,65536,conc,scratch,1,8,scratch_N65536_conc_s1,astar,,2500,True,1453,1453,,,1.0597014925373134,71,67.0,0
dynamic,C_dyn_maze_dense,65536,conc,scratch,1,8,scratch_N65536_conc_s1,focal,1.0,2500,False,2500,2500,,,nan,-1,67.0,0
dynamic,C_dyn_maze_dense,65536,conc,scratch,2,8,scratch_N65536_conc_s2,astar,,2500,True,1431,1431,,,1.044776119402985,70,67.0,0
dynamic,C_dyn_maze_dense,65536,conc,scratch,2,8,scratch_N65536_conc_s2,focal,1.0,2500,False,2500,2500,,,nan,-1,67.0,0
dynamic,C_dyn_maze_dense,65536,dist,full_ft,0,8,full_ft_N65536_dist_s0,astar,,2500,True,1513,1513,,,1.0149253731343284,68,67.0,0
dynamic,C_dyn_maze_dense,65536,dist,full_ft,0,8,full_ft_N65536_dist_s0,focal,1.0,2500,False,2500,2500,,,nan,-1,67.0,0
dynamic,C_dyn_maze_dense,65536,dist,full_ft,1,8,full_ft_N65536_dist_s1,astar,,2500,True,1003,1003,,,1.0149253731343284,68,67.0,0
dynamic,C_dyn_maze_dense,65536,dist,full_ft,1,8,full_ft_N65536_dist_s1,focal,1.0,2500,False,2500,2500,,,nan,-1,67.0,0
dynamic,C_dyn_maze_dense,65536,dist,full_ft,2,8,full_ft_N65536_dist_s2,astar,,2500,True,970,970,,,1.0149253731343284,68,67.0,0
dynamic,C_dyn_maze_dense,65536,dist,full_ft,2,8,full_ft_N65536_dist_s2,focal,1.0,2500,False,2500,2500,,,nan,-1,67.0,0
dynamic,C_dyn_maze_dense,65536,dist,lora,0,8,lora_N65536_dist_s0,astar,,2500,True,1224,1224,,,1.0,67,67.0,0
dynamic,C_dyn_maze_dense,65536,dist,lora,0,8,lora_N65536_dist_s0,focal,1.0,2500,False,2500,2500,,,nan,-1,67.0,0
dynamic,C_dyn_maze_dense,65536,dist,lora,1,8,lora_N65536_dist_s1,astar,,2500,True,1375,1375,,,1.0,67,67.0,0
dynamic,C_dyn_maze_dense,65536,dist,lora,1,8,lora_N65536_dist_s1,focal,1.0,2500,False,2500,2500,,,nan,-1,67.0,0
dynamic,C_dyn_maze_dense,65536,dist,lora,2,8,lora_N65536_dist_s2,astar,,2500,True,1333,1333,,,1.0,67,67.0,0
dynamic,C_dyn_maze_dense,65536,dist,lora,2,8,lora_N65536_dist_s2,focal,1.0,2500,False,2500,2500,,,nan,-1,67.0,0
dynamic,C_dyn_maze_dense,65536,dist,scratch,0,8,scratch_N65536_dist_s0,astar,,2500,True,1117,1117,,,1.0597014925373134,71,67.0,0
dynamic,C_dyn_maze_dense,65536,dist,scratch,0,8,scratch_N65536_dist_s0,focal,1.0,2500,False,2500,2500,,,nan,-1,67.0,0
dynamic,C_dyn_maze_dense,65536,dist,scratch,1,8,scratch_N65536_dist_s1,astar,,2500,True,1312,1312,,,1.0597014925373134,71,67.0,0
dynamic,C_dyn_maze_dense,65536,dist,scratch,1,8,scratch_N65536_dist_s1,focal,1.0,2500,False,2500,2500,,,nan,-1,67.0,0
dynamic,C_dyn_maze_dense,65536,dist,scratch,2,8,scratch_N65536_dist_s2,astar,,2500,True,1120,1120,,,1.0,67,67.0,0
dynamic,C_dyn_maze_dense,65536,dist,scratch,2,8,scratch_N65536_dist_s2,focal,1.0,2500,False,2500,2500,,,nan,-1,67.0,0
dynamic,C_dyn_maze_dense,-1,,euclid,-1,9,euclid,astar,,2500,False,2500,2500,,,nan,-1,67.0,0
dynamic,C_dyn_maze_dense,-1,,euclid,-1,9,euclid,focal,1.0,2500,False,2500,2500,,,nan,-1,67.0,0
dynamic,C_dyn_maze_dense,-1,,oracle,-1,9,oracle,astar,,2500,True,668,668,,,1.0,67,67.0,0
dynamic,C_dyn_maze_dense,-1,,oracle,-1,9,oracle,focal,1.0,2500,False,2500,2500,,,nan,-1,67.0,0
dynamic,C_dyn_maze_dense,0,,zero_shot,-1,9,zeroshot_field_unet_blind,astar,,2500,True,1290,1290,,,1.0,67,67.0,0
dynamic,C_dyn_maze_dense,0,,zero_shot,-1,9,zeroshot_field_unet_blind,focal,1.0,2500,False,2500,2500,,,nan,-1,67.0,0
dynamic,C_dyn_maze_dense,1024,conc,full_ft,0,9,full_ft_N1024_conc_s0,astar,,2500,True,1294,1294,,,1.0746268656716418,72,67.0,0
dynamic,C_dyn_maze_dense,1024,conc,full_ft,0,9,full_ft_N1024_conc_s0,focal,1.0,2500,False,2500,2500,,,nan,-1,67.0,0
dynamic,C_dyn_maze_dense,1024,conc,full_ft,1,9,full_ft_N1024_conc_s1,astar,,2500,True,1188,1188,,,1.0,67,67.0,0
dynamic,C_dyn_maze_dense,1024,conc,full_ft,1,9,full_ft_N1024_conc_s1,focal,1.0,2500,False,2500,2500,,,nan,-1,67.0,0
dynamic,C_dyn_maze_dense,1024,conc,full_ft,2,9,full_ft_N1024_conc_s2,astar,,2500,True,1236,1236,,,1.0,67,67.0,0
dynamic,C_dyn_maze_dense,1024,conc,full_ft,2,9,full_ft_N1024_conc_s2,focal,1.0,2500,False,2500,2500,,,nan,-1,67.0,0
dynamic,C_dyn_maze_dense,1024,conc,lora,0,9,lora_N1024_conc_s0,astar,,2500,True,758,758,,,1.0,67,67.0,0
dynamic,C_dyn_maze_dense,1024,conc,lora,0,9,lora_N1024_conc_s0,focal,1.0,2500,False,2500,2500,,,nan,-1,67.0,0
dynamic,C_dyn_maze_dense,1024,conc,lora,1,9,lora_N1024_conc_s1,astar,,2500,True,806,806,,,1.0,67,67.0,0
dynamic,C_dyn_maze_dense,1024,conc,lora,1,9,lora_N1024_conc_s1,focal,1.0,2500,False,2500,2500,,,nan,-1,67.0,0
dynamic,C_dyn_maze_dense,1024,conc,lora,2,9,lora_N1024_conc_s2,astar,,2500,True,784,784,,,1.0,67,67.0,0
dynamic,C_dyn_maze_dense,1024,conc,lora,2,9,lora_N1024_conc_s2,focal,1.0,2500,False,2500,2500,,,nan,-1,67.0,0
dynamic,C_dyn_maze_dense,1024,conc,scratch,0,9,scratch_N1024_conc_s0,astar,,2500,True,790,790,,,1.0,67,67.0,0
dynamic,C_dyn_maze_dense,1024,conc,scratch,0,9,scratch_N1024_conc_s0,focal,1.0,2500,False,2500,2500,,,nan,-1,67.0,0
dynamic,C_dyn_maze_dense,1024,conc,scratch,1,9,scratch_N1024_conc_s1,astar,,2500,True,941,941,,,1.0597014925373134,71,67.0,0
dynamic,C_dyn_maze_dense,1024,conc,scratch,1,9,scratch_N1024_conc_s1,focal,1.0,2500,False,2500,2500,,,nan,-1,67.0,0
dynamic,C_dyn_maze_dense,1024,conc,scratch,2,9,scratch_N1024_conc_s2,astar,,2500,True,766,766,,,1.0,67,67.0,0
dynamic,C_dyn_maze_dense,1024,conc,scratch,2,9,scratch_N1024_conc_s2,focal,1.0,2500,False,2500,2500,,,nan,-1,67.0,0
dynamic,C_dyn_maze_dense,1024,dist,full_ft,0,9,full_ft_N1024_dist_s0,astar,,2500,True,1023,1023,,,1.0,67,67.0,0
dynamic,C_dyn_maze_dense,1024,dist,full_ft,0,9,full_ft_N1024_dist_s0,focal,1.0,2500,False,2500,2500,,,nan,-1,67.0,0
dynamic,C_dyn_maze_dense,1024,dist,full_ft,1,9,full_ft_N1024_dist_s1,astar,,2500,True,1066,1066,,,1.0,67,67.0,0
dynamic,C_dyn_maze_dense,1024,dist,full_ft,1,9,full_ft_N1024_dist_s1,focal,1.0,2500,False,2500,2500,,,nan,-1,67.0,0
dynamic,C_dyn_maze_dense,1024,dist,full_ft,2,9,full_ft_N1024_dist_s2,astar,,2500,True,705,705,,,1.0,67,67.0,0
dynamic,C_dyn_maze_dense,1024,dist,full_ft,2,9,full_ft_N1024_dist_s2,focal,1.0,2500,False,2500,2500,,,nan,-1,67.0,0
dynamic,C_dyn_maze_dense,1024,dist,lora,0,9,lora_N1024_dist_s0,astar,,2500,True,501,501,,,1.0,67,67.0,0
dynamic,C_dyn_maze_dense,1024,dist,lora,0,9,lora_N1024_dist_s0,focal,1.0,2500,False,2500,2500,,,nan,-1,67.0,0
dynamic,C_dyn_maze_dense,1024,dist,lora,1,9,lora_N1024_dist_s1,astar,,2500,True,617,617,,,1.0,67,67.0,0
dynamic,C_dyn_maze_dense,1024,dist,lora,1,9,lora_N1024_dist_s1,focal,1.0,2500,False,2500,2500,,,nan,-1,67.0,0
dynamic,C_dyn_maze_dense,1024,dist,lora,2,9,lora_N1024_dist_s2,astar,,2500,True,664,664,,,1.0,67,67.0,0
dynamic,C_dyn_maze_dense,1024,dist,lora,2,9,lora_N1024_dist_s2,focal,1.0,2500,False,2500,2500,,,nan,-1,67.0,0
dynamic,C_dyn_maze_dense,1024,dist,scratch,0,9,scratch_N1024_dist_s0,astar,,2500,True,1076,1076,,,1.0,67,67.0,0
dynamic,C_dyn_maze_dense,1024,dist,scratch,0,9,scratch_N1024_dist_s0,focal,1.0,2500,False,2500,2500,,,nan,-1,67.0,0
dynamic,C_dyn_maze_dense,1024,dist,scratch,1,9,scratch_N1024_dist_s1,astar,,2500,True,1033,1033,,,1.0,67,67.0,0
dynamic,C_dyn_maze_dense,1024,dist,scratch,1,9,scratch_N1024_dist_s1,focal,1.0,2500,False,2500,2500,,,nan,-1,67.0,0
dynamic,C_dyn_maze_dense,1024,dist,scratch,2,9,scratch_N1024_dist_s2,astar,,2500,True,862,862,,,1.0,67,67.0,0
dynamic,C_dyn_maze_dense,1024,dist,scratch,2,9,scratch_N1024_dist_s2,focal,1.0,2500,False,2500,2500,,,nan,-1,67.0,0
dynamic,C_dyn_maze_dense,16384,conc,full_ft,0,9,full_ft_N16384_conc_s0,astar,,2500,True,480,480,,,1.0,67,67.0,0
dynamic,C_dyn_maze_dense,16384,conc,full_ft,0,9,full_ft_N16384_conc_s0,focal,1.0,2500,False,2500,2500,,,nan,-1,67.0,0
dynamic,C_dyn_maze_dense,16384,conc,full_ft,1,9,full_ft_N16384_conc_s1,astar,,2500,True,704,704,,,1.0,67,67.0,0
dynamic,C_dyn_maze_dense,16384,conc,full_ft,1,9,full_ft_N16384_conc_s1,focal,1.0,2500,False,2500,2500,,,nan,-1,67.0,0
dynamic,C_dyn_maze_dense,16384,conc,full_ft,2,9,full_ft_N16384_conc_s2,astar,,2500,True,972,972,,,1.044776119402985,70,67.0,0
dynamic,C_dyn_maze_dense,16384,conc,full_ft,2,9,full_ft_N16384_conc_s2,focal,1.0,2500,False,2500,2500,,,nan,-1,67.0,0
dynamic,C_dyn_maze_dense,16384,conc,lora,0,9,lora_N16384_conc_s0,astar,,2500,True,975,975,,,1.0,67,67.0,0
dynamic,C_dyn_maze_dense,16384,conc,lora,0,9,lora_N16384_conc_s0,focal,1.0,2500,False,2500,2500,,,nan,-1,67.0,0
dynamic,C_dyn_maze_dense,16384,conc,lora,1,9,lora_N16384_conc_s1,astar,,2500,True,1103,1103,,,1.0,67,67.0,0
dynamic,C_dyn_maze_dense,16384,conc,lora,1,9,lora_N16384_conc_s1,focal,1.0,2500,False,2500,2500,,,nan,-1,67.0,0
dynamic,C_dyn_maze_dense,16384,conc,lora,2,9,lora_N16384_conc_s2,astar,,2500,True,1084,1084,,,1.0,67,67.0,0
dynamic,C_dyn_maze_dense,16384,conc,lora,2,9,lora_N16384_conc_s2,focal,1.0,2500,False,2500,2500,,,nan,-1,67.0,0
dynamic,C_dyn_maze_dense,16384,conc,scratch,0,9,scratch_N16384_conc_s0,astar,,2500,True,910,910,,,1.0,67,67.0,0
dynamic,C_dyn_maze_dense,16384,conc,scratch,0,9,scratch_N16384_conc_s0,focal,1.0,2500,False,2500,2500,,,nan,-1,67.0,0
dynamic,C_dyn_maze_dense,16384,conc,scratch,1,9,scratch_N16384_conc_s1,astar,,2500,True,811,811,,,1.0,67,67.0,0
dynamic,C_dyn_maze_dense,16384,conc,scratch,1,9,scratch_N16384_conc_s1,focal,1.0,2500,False,2500,2500,,,nan,-1,67.0,0
dynamic,C_dyn_maze_dense,16384,conc,scratch,2,9,scratch_N16384_conc_s2,astar,,2500,True,1339,1339,,,1.0149253731343284,68,67.0,0
dynamic,C_dyn_maze_dense,16384,conc,scratch,2,9,scratch_N16384_conc_s2,focal,1.0,2500,False,2500,2500,,,nan,-1,67.0,0
dynamic,C_dyn_maze_dense,16384,dist,full_ft,0,9,full_ft_N16384_dist_s0,astar,,2500,True,846,846,,,1.0,67,67.0,0
dynamic,C_dyn_maze_dense,16384,dist,full_ft,0,9,full_ft_N16384_dist_s0,focal,1.0,2500,False,2500,2500,,,nan,-1,67.0,0
dynamic,C_dyn_maze_dense,16384,dist,full_ft,1,9,full_ft_N16384_dist_s1,astar,,2500,True,833,833,,,1.0597014925373134,71,67.0,0
dynamic,C_dyn_maze_dense,16384,dist,full_ft,1,9,full_ft_N16384_dist_s1,focal,1.0,2500,False,2500,2500,,,nan,-1,67.0,0
dynamic,C_dyn_maze_dense,16384,dist,full_ft,2,9,full_ft_N16384_dist_s2,astar,,2500,True,693,693,,,1.0,67,67.0,0
dynamic,C_dyn_maze_dense,16384,dist,full_ft,2,9,full_ft_N16384_dist_s2,focal,1.0,2500,False,2500,2500,,,nan,-1,67.0,0
dynamic,C_dyn_maze_dense,16384,dist,lora,0,9,lora_N16384_dist_s0,astar,,2500,True,569,569,,,1.0,67,67.0,0
dynamic,C_dyn_maze_dense,16384,dist,lora,0,9,lora_N16384_dist_s0,focal,1.0,2500,False,2500,2500,,,nan,-1,67.0,0
dynamic,C_dyn_maze_dense,16384,dist,lora,1,9,lora_N16384_dist_s1,astar,,2500,True,617,617,,,1.0,67,67.0,0
dynamic,C_dyn_maze_dense,16384,dist,lora,1,9,lora_N16384_dist_s1,focal,1.0,2500,False,2500,2500,,,nan,-1,67.0,0
dynamic,C_dyn_maze_dense,16384,dist,lora,2,9,lora_N16384_dist_s2,astar,,2500,True,589,589,,,1.0,67,67.0,0
dynamic,C_dyn_maze_dense,16384,dist,lora,2,9,lora_N16384_dist_s2,focal,1.0,2500,False,2500,2500,,,nan,-1,67.0,0
dynamic,C_dyn_maze_dense,16384,dist,scratch,0,9,scratch_N16384_dist_s0,astar,,2500,True,638,638,,,1.0,67,67.0,0
dynamic,C_dyn_maze_dense,16384,dist,scratch,0,9,scratch_N16384_dist_s0,focal,1.0,2500,False,2500,2500,,,nan,-1,67.0,0
dynamic,C_dyn_maze_dense,16384,dist,scratch,1,9,scratch_N16384_dist_s1,astar,,2500,True,830,830,,,1.0,67,67.0,0
dynamic,C_dyn_maze_dense,16384,dist,scratch,1,9,scratch_N16384_dist_s1,focal,1.0,2500,False,2500,2500,,,nan,-1,67.0,0
dynamic,C_dyn_maze_dense,16384,dist,scratch,2,9,scratch_N16384_dist_s2,astar,,2500,True,613,613,,,1.0,67,67.0,0
dynamic,C_dyn_maze_dense,16384,dist,scratch,2,9,scratch_N16384_dist_s2,focal,1.0,2500,False,2500,2500,,,nan,-1,67.0,0
dynamic,C_dyn_maze_dense,256,conc,full_ft,0,9,full_ft_N256_conc_s0,astar,,2500,True,1195,1195,,,1.0746268656716418,72,67.0,0
dynamic,C_dyn_maze_dense,256,conc,full_ft,0,9,full_ft_N256_conc_s0,focal,1.0,2500,False,2500,2500,,,nan,-1,67.0,0
dynamic,C_dyn_maze_dense,256,conc,full_ft,1,9,full_ft_N256_conc_s1,astar,,2500,True,1228,1228,,,1.0746268656716418,72,67.0,0
dynamic,C_dyn_maze_dense,256,conc,full_ft,1,9,full_ft_N256_conc_s1,focal,1.0,2500,False,2500,2500,,,nan,-1,67.0,0
dynamic,C_dyn_maze_dense,256,conc,full_ft,2,9,full_ft_N256_conc_s2,astar,,2500,True,1847,1847,,,1.0746268656716418,72,67.0,0
dynamic,C_dyn_maze_dense,256,conc,full_ft,2,9,full_ft_N256_conc_s2,focal,1.0,2500,False,2500,2500,,,nan,-1,67.0,0
dynamic,C_dyn_maze_dense,256,conc,lora,0,9,lora_N256_conc_s0,astar,,2500,True,986,986,,,1.0746268656716418,72,67.0,0
dynamic,C_dyn_maze_dense,256,conc,lora,0,9,lora_N256_conc_s0,focal,1.0,2500,False,2500,2500,,,nan,-1,67.0,0
dynamic,C_dyn_maze_dense,256,conc,lora,1,9,lora_N256_conc_s1,astar,,2500,True,885,885,,,1.0746268656716418,72,67.0,0
dynamic,C_dyn_maze_dense,256,conc,lora,1,9,lora_N256_conc_s1,focal,1.0,2500,False,2500,2500,,,nan,-1,67.0,0
dynamic,C_dyn_maze_dense,256,conc,lora,2,9,lora_N256_conc_s2,astar,,2500,True,776,776,,,1.0,67,67.0,0
dynamic,C_dyn_maze_dense,256,conc,lora,2,9,lora_N256_conc_s2,focal,1.0,2500,False,2500,2500,,,nan,-1,67.0,0
dynamic,C_dyn_maze_dense,256,conc,scratch,0,9,scratch_N256_conc_s0,astar,,2500,True,723,723,,,1.0149253731343284,68,67.0,0
dynamic,C_dyn_maze_dense,256,conc,scratch,0,9,scratch_N256_conc_s0,focal,1.0,2500,False,2500,2500,,,nan,-1,67.0,0
dynamic,C_dyn_maze_dense,256,conc,scratch,1,9,scratch_N256_conc_s1,astar,,2500,True,1018,1018,,,1.0,67,67.0,0
dynamic,C_dyn_maze_dense,256,conc,scratch,1,9,scratch_N256_conc_s1,focal,1.0,2500,False,2500,2500,,,nan,-1,67.0,0
dynamic,C_dyn_maze_dense,256,conc,scratch,2,9,scratch_N256_conc_s2,astar,,2500,True,701,701,,,1.0,67,67.0,0
dynamic,C_dyn_maze_dense,256,conc,scratch,2,9,scratch_N256_conc_s2,focal,1.0,2500,False,2500,2500,,,nan,-1,67.0,0
dynamic,C_dyn_maze_dense,256,dist,full_ft,0,9,full_ft_N256_dist_s0,astar,,2500,True,705,705,,,1.0,67,67.0,0
dynamic,C_dyn_maze_dense,256,dist,full_ft,0,9,full_ft_N256_dist_s0,focal,1.0,2500,False,2500,2500,,,nan,-1,67.0,0
dynamic,C_dyn_maze_dense,256,dist,full_ft,1,9,full_ft_N256_dist_s1,astar,,2500,True,733,733,,,1.0,67,67.0,0
dynamic,C_dyn_maze_dense,256,dist,full_ft,1,9,full_ft_N256_dist_s1,focal,1.0,2500,False,2500,2500,,,nan,-1,67.0,0
dynamic,C_dyn_maze_dense,256,dist,full_ft,2,9,full_ft_N256_dist_s2,astar,,2500,True,745,745,,,1.0,67,67.0,0
dynamic,C_dyn_maze_dense,256,dist,full_ft,2,9,full_ft_N256_dist_s2,focal,1.0,2500,False,2500,2500,,,nan,-1,67.0,0
dynamic,C_dyn_maze_dense,256,dist,lora,0,9,lora_N256_dist_s0,astar,,2500,True,896,896,,,1.0,67,67.0,0
dynamic,C_dyn_maze_dense,256,dist,lora,0,9,lora_N256_dist_s0,focal,1.0,2500,False,2500,2500,,,nan,-1,67.0,0
dynamic,C_dyn_maze_dense,256,dist,lora,1,9,lora_N256_dist_s1,astar,,2500,True,1264,1264,,,1.0,67,67.0,0
dynamic,C_dyn_maze_dense,256,dist,lora,1,9,lora_N256_dist_s1,focal,1.0,2500,False,2500,2500,,,nan,-1,67.0,0
dynamic,C_dyn_maze_dense,256,dist,lora,2,9,lora_N256_dist_s2,astar,,2500,True,1240,1240,,,1.0,67,67.0,0
dynamic,C_dyn_maze_dense,256,dist,lora,2,9,lora_N256_dist_s2,focal,1.0,2500,False,2500,2500,,,nan,-1,67.0,0
dynamic,C_dyn_maze_dense,256,dist,scratch,0,9,scratch_N256_dist_s0,astar,,2500,True,887,887,,,1.0,67,67.0,0
dynamic,C_dyn_maze_dense,256,dist,scratch,0,9,scratch_N256_dist_s0,focal,1.0,2500,False,2500,2500,,,nan,-1,67.0,0
dynamic,C_dyn_maze_dense,256,dist,scratch,1,9,scratch_N256_dist_s1,astar,,2500,True,1172,1172,,,1.0,67,67.0,0
dynamic,C_dyn_maze_dense,256,dist,scratch,1,9,scratch_N256_dist_s1,focal,1.0,2500,False,2500,2500,,,nan,-1,67.0,0
dynamic,C_dyn_maze_dense,256,dist,scratch,2,9,scratch_N256_dist_s2,astar,,2500,True,1067,1067,,,1.0,67,67.0,0
dynamic,C_dyn_maze_dense,256,dist,scratch,2,9,scratch_N256_dist_s2,focal,1.0,2500,False,2500,2500,,,nan,-1,67.0,0
dynamic,C_dyn_maze_dense,4096,conc,full_ft,0,9,full_ft_N4096_conc_s0,astar,,2500,True,1272,1272,,,1.0746268656716418,72,67.0,0
dynamic,C_dyn_maze_dense,4096,conc,full_ft,0,9,full_ft_N4096_conc_s0,focal,1.0,2500,False,2500,2500,,,nan,-1,67.0,0
dynamic,C_dyn_maze_dense,4096,conc,full_ft,1,9,full_ft_N4096_conc_s1,astar,,2500,True,1247,1247,,,1.0895522388059702,73,67.0,0
dynamic,C_dyn_maze_dense,4096,conc,full_ft,1,9,full_ft_N4096_conc_s1,focal,1.0,2500,False,2500,2500,,,nan,-1,67.0,0
dynamic,C_dyn_maze_dense,4096,conc,full_ft,2,9,full_ft_N4096_conc_s2,astar,,2500,True,1409,1409,,,1.0298507462686568,69,67.0,0
dynamic,C_dyn_maze_dense,4096,conc,full_ft,2,9,full_ft_N4096_conc_s2,focal,1.0,2500,False,2500,2500,,,nan,-1,67.0,0
dynamic,C_dyn_maze_dense,4096,conc,lora,0,9,lora_N4096_conc_s0,astar,,2500,True,958,958,,,1.0,67,67.0,0
dynamic,C_dyn_maze_dense,4096,conc,lora,0,9,lora_N4096_conc_s0,focal,1.0,2500,False,2500,2500,,,nan,-1,67.0,0
dynamic,C_dyn_maze_dense,4096,conc,lora,1,9,lora_N4096_conc_s1,astar,,2500,True,1031,1031,,,1.0746268656716418,72,67.0,0
dynamic,C_dyn_maze_dense,4096,conc,lora,1,9,lora_N4096_conc_s1,focal,1.0,2500,False,2500,2500,,,nan,-1,67.0,0
dynamic,C_dyn_maze_dense,4096,conc,lora,2,9,lora_N4096_conc_s2,astar,,2500,True,829,829,,,1.0,67,67.0,0
dynamic,C_dyn_maze_dense,4096,conc,lora,2,9,lora_N4096_conc_s2,focal,1.0,2500,False,2500,2500,,,nan,-1,67.0,0
dynamic,C_dyn_maze_dense,4096,conc,scratch,0,9,scratch_N4096_conc_s0,astar,,2500,True,565,565,,,1.0,67,67.0,0
dynamic,C_dyn_maze_dense,4096,conc,scratch,0,9,scratch_N4096_conc_s0,focal,1.0,2500,False,2500,2500,,,nan,-1,67.0,0
dynamic,C_dyn_maze_dense,4096,conc,scratch,1,9,scratch_N4096_conc_s1,astar,,2500,True,733,733,,,1.0,67,67.0,0
dynamic,C_dyn_maze_dense,4096,conc,scratch,1,9,scratch_N4096_conc_s1,focal,1.0,2500,False,2500,2500,,,nan,-1,67.0,0
dynamic,C_dyn_maze_dense,4096,conc,scratch,2,9,scratch_N4096_conc_s2,astar,,2500,True,392,392,,,1.0,67,67.0,0
dynamic,C_dyn_maze_dense,4096,conc,scratch,2,9,scratch_N4096_conc_s2,focal,1.0,2500,False,2500,2500,,,nan,-1,67.0,0
dynamic,C_dyn_maze_dense,4096,dist,full_ft,0,9,full_ft_N4096_dist_s0,astar,,2500,True,664,664,,,1.0,67,67.0,0
dynamic,C_dyn_maze_dense,4096,dist,full_ft,0,9,full_ft_N4096_dist_s0,focal,1.0,2500,False,2500,2500,,,nan,-1,67.0,0
dynamic,C_dyn_maze_dense,4096,dist,full_ft,1,9,full_ft_N4096_dist_s1,astar,,2500,True,816,816,,,1.0,67,67.0,0
dynamic,C_dyn_maze_dense,4096,dist,full_ft,1,9,full_ft_N4096_dist_s1,focal,1.0,2500,False,2500,2500,,,nan,-1,67.0,0
dynamic,C_dyn_maze_dense,4096,dist,full_ft,2,9,full_ft_N4096_dist_s2,astar,,2500,True,832,832,,,1.0,67,67.0,0
dynamic,C_dyn_maze_dense,4096,dist,full_ft,2,9,full_ft_N4096_dist_s2,focal,1.0,2500,False,2500,2500,,,nan,-1,67.0,0
dynamic,C_dyn_maze_dense,4096,dist,lora,0,9,lora_N4096_dist_s0,astar,,2500,True,643,643,,,1.0,67,67.0,0
dynamic,C_dyn_maze_dense,4096,dist,lora,0,9,lora_N4096_dist_s0,focal,1.0,2500,False,2500,2500,,,nan,-1,67.0,0
dynamic,C_dyn_maze_dense,4096,dist,lora,1,9,lora_N4096_dist_s1,astar,,2500,True,722,722,,,1.0,67,67.0,0
dynamic,C_dyn_maze_dense,4096,dist,lora,1,9,lora_N4096_dist_s1,focal,1.0,2500,False,2500,2500,,,nan,-1,67.0,0
dynamic,C_dyn_maze_dense,4096,dist,lora,2,9,lora_N4096_dist_s2,astar,,2500,True,652,652,,,1.0,67,67.0,0
dynamic,C_dyn_maze_dense,4096,dist,lora,2,9,lora_N4096_dist_s2,focal,1.0,2500,False,2500,2500,,,nan,-1,67.0,0
dynamic,C_dyn_maze_dense,4096,dist,scratch,0,9,scratch_N4096_dist_s0,astar,,2500,True,290,290,,,1.0,67,67.0,0
dynamic,C_dyn_maze_dense,4096,dist,scratch,0,9,scratch_N4096_dist_s0,focal,1.0,2500,False,2500,2500,,,nan,-1,67.0,0
dynamic,C_dyn_maze_dense,4096,dist,scratch,1,9,scratch_N4096_dist_s1,astar,,2500,True,723,723,,,1.0,67,67.0,0
dynamic,C_dyn_maze_dense,4096,dist,scratch,1,9,scratch_N4096_dist_s1,focal,1.0,2500,False,2500,2500,,,nan,-1,67.0,0
dynamic,C_dyn_maze_dense,4096,dist,scratch,2,9,scratch_N4096_dist_s2,astar,,2500,True,885,885,,,1.0597014925373134,71,67.0,0
dynamic,C_dyn_maze_dense,4096,dist,scratch,2,9,scratch_N4096_dist_s2,focal,1.0,2500,False,2500,2500,,,nan,-1,67.0,0
dynamic,C_dyn_maze_dense,65536,conc,full_ft,0,9,full_ft_N65536_conc_s0,astar,,2500,True,755,755,,,1.0,67,67.0,0
dynamic,C_dyn_maze_dense,65536,conc,full_ft,0,9,full_ft_N65536_conc_s0,focal,1.0,2500,False,2500,2500,,,nan,-1,67.0,0
dynamic,C_dyn_maze_dense,65536,conc,full_ft,1,9,full_ft_N65536_conc_s1,astar,,2500,True,651,651,,,1.0,67,67.0,0
dynamic,C_dyn_maze_dense,65536,conc,full_ft,1,9,full_ft_N65536_conc_s1,focal,1.0,2500,False,2500,2500,,,nan,-1,67.0,0
dynamic,C_dyn_maze_dense,65536,conc,full_ft,2,9,full_ft_N65536_conc_s2,astar,,2500,True,861,861,,,1.0597014925373134,71,67.0,0
dynamic,C_dyn_maze_dense,65536,conc,full_ft,2,9,full_ft_N65536_conc_s2,focal,1.0,2500,False,2500,2500,,,nan,-1,67.0,0
dynamic,C_dyn_maze_dense,65536,conc,lora,0,9,lora_N65536_conc_s0,astar,,2500,True,760,760,,,1.0,67,67.0,0
dynamic,C_dyn_maze_dense,65536,conc,lora,0,9,lora_N65536_conc_s0,focal,1.0,2500,False,2500,2500,,,nan,-1,67.0,0
dynamic,C_dyn_maze_dense,65536,conc,lora,1,9,lora_N65536_conc_s1,astar,,2500,True,629,629,,,1.0,67,67.0,0
dynamic,C_dyn_maze_dense,65536,conc,lora,1,9,lora_N65536_conc_s1,focal,1.0,2500,False,2500,2500,,,nan,-1,67.0,0
dynamic,C_dyn_maze_dense,65536,conc,lora,2,9,lora_N65536_conc_s2,astar,,2500,True,788,788,,,1.0,67,67.0,0
dynamic,C_dyn_maze_dense,65536,conc,lora,2,9,lora_N65536_conc_s2,focal,1.0,2500,False,2500,2500,,,nan,-1,67.0,0
dynamic,C_dyn_maze_dense,65536,conc,scratch,0,9,scratch_N65536_conc_s0,astar,,2500,True,1328,1328,,,1.0746268656716418,72,67.0,0
dynamic,C_dyn_maze_dense,65536,conc,scratch,0,9,scratch_N65536_conc_s0,focal,1.0,2500,False,2500,2500,,,nan,-1,67.0,0
dynamic,C_dyn_maze_dense,65536,conc,scratch,1,9,scratch_N65536_conc_s1,astar,,2500,True,781,781,,,1.0,67,67.0,0
dynamic,C_dyn_maze_dense,65536,conc,scratch,1,9,scratch_N65536_conc_s1,focal,1.0,2500,False,2500,2500,,,nan,-1,67.0,0
dynamic,C_dyn_maze_dense,65536,conc,scratch,2,9,scratch_N65536_conc_s2,astar,,2500,True,1079,1079,,,1.0,67,67.0,0
dynamic,C_dyn_maze_dense,65536,conc,scratch,2,9,scratch_N65536_conc_s2,focal,1.0,2500,False,2500,2500,,,nan,-1,67.0,0
dynamic,C_dyn_maze_dense,65536,dist,full_ft,0,9,full_ft_N65536_dist_s0,astar,,2500,True,271,271,,,1.0,67,67.0,0
dynamic,C_dyn_maze_dense,65536,dist,full_ft,0,9,full_ft_N65536_dist_s0,focal,1.0,2500,False,2500,2500,,,nan,-1,67.0,0
dynamic,C_dyn_maze_dense,65536,dist,full_ft,1,9,full_ft_N65536_dist_s1,astar,,2500,True,267,267,,,1.0,67,67.0,0
dynamic,C_dyn_maze_dense,65536,dist,full_ft,1,9,full_ft_N65536_dist_s1,focal,1.0,2500,False,2500,2500,,,nan,-1,67.0,0
dynamic,C_dyn_maze_dense,65536,dist,full_ft,2,9,full_ft_N65536_dist_s2,astar,,2500,True,369,369,,,1.0,67,67.0,0
dynamic,C_dyn_maze_dense,65536,dist,full_ft,2,9,full_ft_N65536_dist_s2,focal,1.0,2500,False,2500,2500,,,nan,-1,67.0,0
dynamic,C_dyn_maze_dense,65536,dist,lora,0,9,lora_N65536_dist_s0,astar,,2500,True,468,468,,,1.0,67,67.0,0
dynamic,C_dyn_maze_dense,65536,dist,lora,0,9,lora_N65536_dist_s0,focal,1.0,2500,False,2500,2500,,,nan,-1,67.0,0
dynamic,C_dyn_maze_dense,65536,dist,lora,1,9,lora_N65536_dist_s1,astar,,2500,True,527,527,,,1.0,67,67.0,0
dynamic,C_dyn_maze_dense,65536,dist,lora,1,9,lora_N65536_dist_s1,focal,1.0,2500,False,2500,2500,,,nan,-1,67.0,0
dynamic,C_dyn_maze_dense,65536,dist,lora,2,9,lora_N65536_dist_s2,astar,,2500,True,461,461,,,1.0,67,67.0,0
dynamic,C_dyn_maze_dense,65536,dist,lora,2,9,lora_N65536_dist_s2,focal,1.0,2500,False,2500,2500,,,nan,-1,67.0,0
dynamic,C_dyn_maze_dense,65536,dist,scratch,0,9,scratch_N65536_dist_s0,astar,,2500,True,408,408,,,1.0,67,67.0,0
dynamic,C_dyn_maze_dense,65536,dist,scratch,0,9,scratch_N65536_dist_s0,focal,1.0,2500,False,2500,2500,,,nan,-1,67.0,0
dynamic,C_dyn_maze_dense,65536,dist,scratch,1,9,scratch_N65536_dist_s1,astar,,2500,True,293,293,,,1.0,67,67.0,0
dynamic,C_dyn_maze_dense,65536,dist,scratch,1,9,scratch_N65536_dist_s1,focal,1.0,2500,False,2500,2500,,,nan,-1,67.0,0
dynamic,C_dyn_maze_dense,65536,dist,scratch,2,9,scratch_N65536_dist_s2,astar,,2500,True,432,432,,,1.0,67,67.0,0
dynamic,C_dyn_maze_dense,65536,dist,scratch,2,9,scratch_N65536_dist_s2,focal,1.0,2500,False,2500,2500,,,nan,-1,67.0,0
dynamic,C_dyn_maze_dense,-1,,euclid,-1,10,euclid,astar,,2500,False,2500,2500,,,nan,-1,78.0,0
dynamic,C_dyn_maze_dense,-1,,euclid,-1,10,euclid,focal,1.0,2500,False,2500,2500,,,nan,-1,78.0,0
dynamic,C_dyn_maze_dense,-1,,oracle,-1,10,oracle,astar,,2500,True,947,947,,,1.0,78,78.0,0
dynamic,C_dyn_maze_dense,-1,,oracle,-1,10,oracle,focal,1.0,2500,False,2500,2500,,,nan,-1,78.0,0
dynamic,C_dyn_maze_dense,0,,zero_shot,-1,10,zeroshot_field_unet_blind,astar,,2500,True,1865,1865,,,1.0384615384615385,81,78.0,0
dynamic,C_dyn_maze_dense,0,,zero_shot,-1,10,zeroshot_field_unet_blind,focal,1.0,2500,False,2500,2500,,,nan,-1,78.0,0
dynamic,C_dyn_maze_dense,1024,conc,full_ft,0,10,full_ft_N1024_conc_s0,astar,,2500,True,1157,1157,,,1.0,78,78.0,0
dynamic,C_dyn_maze_dense,1024,conc,full_ft,0,10,full_ft_N1024_conc_s0,focal,1.0,2500,False,2500,2500,,,nan,-1,78.0,0
dynamic,C_dyn_maze_dense,1024,conc,full_ft,1,10,full_ft_N1024_conc_s1,astar,,2500,True,1334,1334,,,1.0,78,78.0,0
dynamic,C_dyn_maze_dense,1024,conc,full_ft,1,10,full_ft_N1024_conc_s1,focal,1.0,2500,False,2500,2500,,,nan,-1,78.0,0
dynamic,C_dyn_maze_dense,1024,conc,full_ft,2,10,full_ft_N1024_conc_s2,astar,,2500,True,1379,1379,,,1.0512820512820513,82,78.0,0
dynamic,C_dyn_maze_dense,1024,conc,full_ft,2,10,full_ft_N1024_conc_s2,focal,1.0,2500,False,2500,2500,,,nan,-1,78.0,0
dynamic,C_dyn_maze_dense,1024,conc,lora,0,10,lora_N1024_conc_s0,astar,,2500,True,1429,1429,,,1.0512820512820513,82,78.0,0
dynamic,C_dyn_maze_dense,1024,conc,lora,0,10,lora_N1024_conc_s0,focal,1.0,2500,False,2500,2500,,,nan,-1,78.0,0
dynamic,C_dyn_maze_dense,1024,conc,lora,1,10,lora_N1024_conc_s1,astar,,2500,True,1377,1377,,,1.0384615384615385,81,78.0,0
dynamic,C_dyn_maze_dense,1024,conc,lora,1,10,lora_N1024_conc_s1,focal,1.0,2500,False,2500,2500,,,nan,-1,78.0,0
dynamic,C_dyn_maze_dense,1024,conc,lora,2,10,lora_N1024_conc_s2,astar,,2500,True,1520,1520,,,1.0512820512820513,82,78.0,0
dynamic,C_dyn_maze_dense,1024,conc,lora,2,10,lora_N1024_conc_s2,focal,1.0,2500,False,2500,2500,,,nan,-1,78.0,0
dynamic,C_dyn_maze_dense,1024,conc,scratch,0,10,scratch_N1024_conc_s0,astar,,2500,True,1547,1547,,,1.0128205128205128,79,78.0,0
dynamic,C_dyn_maze_dense,1024,conc,scratch,0,10,scratch_N1024_conc_s0,focal,1.0,2500,False,2500,2500,,,nan,-1,78.0,0
dynamic,C_dyn_maze_dense,1024,conc,scratch,1,10,scratch_N1024_conc_s1,astar,,2500,True,1439,1439,,,1.0256410256410255,80,78.0,0
dynamic,C_dyn_maze_dense,1024,conc,scratch,1,10,scratch_N1024_conc_s1,focal,1.0,2500,False,2500,2500,,,nan,-1,78.0,0
dynamic,C_dyn_maze_dense,1024,conc,scratch,2,10,scratch_N1024_conc_s2,astar,,2500,True,1737,1737,,,1.0128205128205128,79,78.0,0
dynamic,C_dyn_maze_dense,1024,conc,scratch,2,10,scratch_N1024_conc_s2,focal,1.0,2500,False,2500,2500,,,nan,-1,78.0,0
dynamic,C_dyn_maze_dense,1024,dist,full_ft,0,10,full_ft_N1024_dist_s0,astar,,2500,True,964,964,,,1.0,78,78.0,0
dynamic,C_dyn_maze_dense,1024,dist,full_ft,0,10,full_ft_N1024_dist_s0,focal,1.0,2500,False,2500,2500,,,nan,-1,78.0,0
dynamic,C_dyn_maze_dense,1024,dist,full_ft,1,10,full_ft_N1024_dist_s1,astar,,2500,True,1098,1098,,,1.0128205128205128,79,78.0,0
dynamic,C_dyn_maze_dense,1024,dist,full_ft,1,10,full_ft_N1024_dist_s1,focal,1.0,2500,False,2500,2500,,,nan,-1,78.0,0
dynamic,C_dyn_maze_dense,1024,dist,full_ft,2,10,full_ft_N1024_dist_s2,astar,,2500,True,1109,1109,,,1.0,78,78.0,0
dynamic,C_dyn_maze_dense,1024,dist,full_ft,2,10,full_ft_N1024_dist_s2,focal,1.0,2500,False,2500,2500,,,nan,-1,78.0,0
dynamic,C_dyn_maze_dense,1024,dist,lora,0,10,lora_N1024_dist_s0,astar,,2500,True,1097,1097,,,1.0128205128205128,79,78.0,0
dynamic,C_dyn_maze_dense,1024,dist,lora,0,10,lora_N1024_dist_s0,focal,1.0,2500,False,2500,2500,,,nan,-1,78.0,0
dynamic,C_dyn_maze_dense,1024,dist,lora,1,10,lora_N1024_dist_s1,astar,,2500,True,1070,1070,,,1.0128205128205128,79,78.0,0
dynamic,C_dyn_maze_dense,1024,dist,lora,1,10,lora_N1024_dist_s1,focal,1.0,2500,False,2500,2500,,,nan,-1,78.0,0
dynamic,C_dyn_maze_dense,1024,dist,lora,2,10,lora_N1024_dist_s2,astar,,2500,True,1058,1058,,,1.0128205128205128,79,78.0,0
dynamic,C_dyn_maze_dense,1024,dist,lora,2,10,lora_N1024_dist_s2,focal,1.0,2500,False,2500,2500,,,nan,-1,78.0,0
dynamic,C_dyn_maze_dense,1024,dist,scratch,0,10,scratch_N1024_dist_s0,astar,,2500,True,1426,1426,,,1.0128205128205128,79,78.0,0
dynamic,C_dyn_maze_dense,1024,dist,scratch,0,10,scratch_N1024_dist_s0,focal,1.0,2500,False,2500,2500,,,nan,-1,78.0,0
dynamic,C_dyn_maze_dense,1024,dist,scratch,1,10,scratch_N1024_dist_s1,astar,,2500,True,1638,1638,,,1.0256410256410255,80,78.0,0
dynamic,C_dyn_maze_dense,1024,dist,scratch,1,10,scratch_N1024_dist_s1,focal,1.0,2500,False,2500,2500,,,nan,-1,78.0,0
dynamic,C_dyn_maze_dense,1024,dist,scratch,2,10,scratch_N1024_dist_s2,astar,,2500,True,1505,1505,,,1.0,78,78.0,0
dynamic,C_dyn_maze_dense,1024,dist,scratch,2,10,scratch_N1024_dist_s2,focal,1.0,2500,False,2500,2500,,,nan,-1,78.0,0
dynamic,C_dyn_maze_dense,16384,conc,full_ft,0,10,full_ft_N16384_conc_s0,astar,,2500,True,1420,1420,,,1.0512820512820513,82,78.0,0
dynamic,C_dyn_maze_dense,16384,conc,full_ft,0,10,full_ft_N16384_conc_s0,focal,1.0,2500,False,2500,2500,,,nan,-1,78.0,0
dynamic,C_dyn_maze_dense,16384,conc,full_ft,1,10,full_ft_N16384_conc_s1,astar,,2500,True,1191,1191,,,1.0384615384615385,81,78.0,0
dynamic,C_dyn_maze_dense,16384,conc,full_ft,1,10,full_ft_N16384_conc_s1,focal,1.0,2500,False,2500,2500,,,nan,-1,78.0,0
dynamic,C_dyn_maze_dense,16384,conc,full_ft,2,10,full_ft_N16384_conc_s2,astar,,2500,True,1595,1595,,,1.0384615384615385,81,78.0,0
dynamic,C_dyn_maze_dense,16384,conc,full_ft,2,10,full_ft_N16384_conc_s2,focal,1.0,2500,False,2500,2500,,,nan,-1,78.0,0
dynamic,C_dyn_maze_dense,16384,conc,lora,0,10,lora_N16384_conc_s0,astar,,2500,True,1223,1223,,,1.0,78,78.0,0
dynamic,C_dyn_maze_dense,16384,conc,lora,0,10,lora_N16384_conc_s0,focal,1.0,2500,False,2500,2500,,,nan,-1,78.0,0
dynamic,C_dyn_maze_dense,16384,conc,lora,1,10,lora_N16384_conc_s1,astar,,2500,True,1252,1252,,,1.0769230769230769,84,78.0,0
dynamic,C_dyn_maze_dense,16384,conc,lora,1,10,lora_N16384_conc_s1,focal,1.0,2500,False,2500,2500,,,nan,-1,78.0,0
dynamic,C_dyn_maze_dense,16384,conc,lora,2,10,lora_N16384_conc_s2,astar,,2500,True,1350,1350,,,1.0,78,78.0,0
dynamic,C_dyn_maze_dense,16384,conc,lora,2,10,lora_N16384_conc_s2,focal,1.0,2500,False,2500,2500,,,nan,-1,78.0,0
dynamic,C_dyn_maze_dense,16384,conc,scratch,0,10,scratch_N16384_conc_s0,astar,,2500,True,1535,1535,,,1.0128205128205128,79,78.0,0
dynamic,C_dyn_maze_dense,16384,conc,scratch,0,10,scratch_N16384_conc_s0,focal,1.0,2500,False,2500,2500,,,nan,-1,78.0,0
dynamic,C_dyn_maze_dense,16384,conc,scratch,1,10,scratch_N16384_conc_s1,astar,,2500,True,1821,1821,,,1.0,78,78.0,0
dynamic,C_dyn_maze_dense,16384,conc,scratch,1,10,scratch_N16384_conc_s1,focal,1.0,2500,False,2500,2500,,,nan,-1,78.0,0
dynamic,C_dyn_maze_dense,16384,conc,scratch,2,10,scratch_N16384_conc_s2,astar,,2500,True,1955,1955,,,1.0,78,78.0,0
dynamic,C_dyn_maze_dense,16384,conc,scratch,2,10,scratch_N16384_conc_s2,focal,1.0,2500,False,2500,2500,,,nan,-1,78.0,0
dynamic,C_dyn_maze_dense,16384,dist,full_ft,0,10,full_ft_N16384_dist_s0,astar,,2500,True,1301,1301,,,1.0,78,78.0,0
dynamic,C_dyn_maze_dense,16384,dist,full_ft,0,10,full_ft_N16384_dist_s0,focal,1.0,2500,False,2500,2500,,,nan,-1,78.0,0
dynamic,C_dyn_maze_dense,16384,dist,full_ft,1,10,full_ft_N16384_dist_s1,astar,,2500,True,1372,1372,,,1.064102564102564,83,78.0,0
dynamic,C_dyn_maze_dense,16384,dist,full_ft,1,10,full_ft_N16384_dist_s1,focal,1.0,2500,False,2500,2500,,,nan,-1,78.0,0
dynamic,C_dyn_maze_dense,16384,dist,full_ft,2,10,full_ft_N16384_dist_s2,astar,,2500,True,802,802,,,1.0,78,78.0,0
dynamic,C_dyn_maze_dense,16384,dist,full_ft,2,10,full_ft_N16384_dist_s2,focal,1.0,2500,False,2500,2500,,,nan,-1,78.0,0
dynamic,C_dyn_maze_dense,16384,dist,lora,0,10,lora_N16384_dist_s0,astar,,2500,True,1009,1009,,,1.0128205128205128,79,78.0,0
dynamic,C_dyn_maze_dense,16384,dist,lora,0,10,lora_N16384_dist_s0,focal,1.0,2500,False,2500,2500,,,nan,-1,78.0,0
dynamic,C_dyn_maze_dense,16384,dist,lora,1,10,lora_N16384_dist_s1,astar,,2500,True,1050,1050,,,1.0,78,78.0,0
dynamic,C_dyn_maze_dense,16384,dist,lora,1,10,lora_N16384_dist_s1,focal,1.0,2500,False,2500,2500,,,nan,-1,78.0,0
dynamic,C_dyn_maze_dense,16384,dist,lora,2,10,lora_N16384_dist_s2,astar,,2500,True,1047,1047,,,1.0,78,78.0,0
dynamic,C_dyn_maze_dense,16384,dist,lora,2,10,lora_N16384_dist_s2,focal,1.0,2500,False,2500,2500,,,nan,-1,78.0,0
dynamic,C_dyn_maze_dense,16384,dist,scratch,0,10,scratch_N16384_dist_s0,astar,,2500,True,1068,1068,,,1.0128205128205128,79,78.0,0
dynamic,C_dyn_maze_dense,16384,dist,scratch,0,10,scratch_N16384_dist_s0,focal,1.0,2500,False,2500,2500,,,nan,-1,78.0,0
dynamic,C_dyn_maze_dense,16384,dist,scratch,1,10,scratch_N16384_dist_s1,astar,,2500,True,1086,1086,,,1.0512820512820513,82,78.0,0
dynamic,C_dyn_maze_dense,16384,dist,scratch,1,10,scratch_N16384_dist_s1,focal,1.0,2500,False,2500,2500,,,nan,-1,78.0,0
dynamic,C_dyn_maze_dense,16384,dist,scratch,2,10,scratch_N16384_dist_s2,astar,,2500,True,1442,1442,,,1.0128205128205128,79,78.0,0
dynamic,C_dyn_maze_dense,16384,dist,scratch,2,10,scratch_N16384_dist_s2,focal,1.0,2500,False,2500,2500,,,nan,-1,78.0,0
dynamic,C_dyn_maze_dense,256,conc,full_ft,0,10,full_ft_N256_conc_s0,astar,,2500,True,1386,1386,,,1.064102564102564,83,78.0,0
dynamic,C_dyn_maze_dense,256,conc,full_ft,0,10,full_ft_N256_conc_s0,focal,1.0,2500,False,2500,2500,,,nan,-1,78.0,0
dynamic,C_dyn_maze_dense,256,conc,full_ft,1,10,full_ft_N256_conc_s1,astar,,2500,True,1477,1477,,,1.064102564102564,83,78.0,0
dynamic,C_dyn_maze_dense,256,conc,full_ft,1,10,full_ft_N256_conc_s1,focal,1.0,2500,False,2500,2500,,,nan,-1,78.0,0
dynamic,C_dyn_maze_dense,256,conc,full_ft,2,10,full_ft_N256_conc_s2,astar,,2500,True,1371,1371,,,1.064102564102564,83,78.0,0
dynamic,C_dyn_maze_dense,256,conc,full_ft,2,10,full_ft_N256_conc_s2,focal,1.0,2500,False,2500,2500,,,nan,-1,78.0,0
dynamic,C_dyn_maze_dense,256,conc,lora,0,10,lora_N256_conc_s0,astar,,2500,True,1694,1694,,,1.0769230769230769,84,78.0,0
dynamic,C_dyn_maze_dense,256,conc,lora,0,10,lora_N256_conc_s0,focal,1.0,2500,False,2500,2500,,,nan,-1,78.0,0
dynamic,C_dyn_maze_dense,256,conc,lora,1,10,lora_N256_conc_s1,astar,,2500,True,1646,1646,,,1.0769230769230769,84,78.0,0
dynamic,C_dyn_maze_dense,256,conc,lora,1,10,lora_N256_conc_s1,focal,1.0,2500,False,2500,2500,,,nan,-1,78.0,0
dynamic,C_dyn_maze_dense,256,conc,lora,2,10,lora_N256_conc_s2,astar,,2500,True,1773,1773,,,1.0769230769230769,84,78.0,0
dynamic,C_dyn_maze_dense,256,conc,lora,2,10,lora_N256_conc_s2,focal,1.0,2500,False,2500,2500,,,nan,-1,78.0,0
dynamic,C_dyn_maze_dense,256,conc,scratch,0,10,scratch_N256_conc_s0,astar,,2500,True,1919,1919,,,1.0256410256410255,80,78.0,0
dynamic,C_dyn_maze_dense,256,conc,scratch,0,10,scratch_N256_conc_s0,focal,1.0,2500,False,2500,2500,,,nan,-1,78.0,0
dynamic,C_dyn_maze_dense,256,conc,scratch,1,10,scratch_N256_conc_s1,astar,,2500,True,1719,1719,,,1.0,78,78.0,0
dynamic,C_dyn_maze_dense,256,conc,scratch,1,10,scratch_N256_conc_s1,focal,1.0,2500,False,2500,2500,,,nan,-1,78.0,0
dynamic,C_dyn_maze_dense,256,conc,scratch,2,10,scratch_N256_conc_s2,astar,,2500,True,1480,1480,,,1.0128205128205128,79,78.0,0
dynamic,C_dyn_maze_dense,256,conc,scratch,2,10,scratch_N256_conc_s2,focal,1.0,2500,False,2500,2500,,,nan,-1,78.0,0
dynamic,C_dyn_maze_dense,256,dist,full_ft,0,10,full_ft_N256_dist_s0,astar,,2500,True,744,744,,,1.0,78,78.0,0
dynamic,C_dyn_maze_dense,256,dist,full_ft,0,10,full_ft_N256_dist_s0,focal,1.0,2500,False,2500,2500,,,nan,-1,78.0,0
dynamic,C_dyn_maze_dense,256,dist,full_ft,1,10,full_ft_N256_dist_s1,astar,,2500,True,858,858,,,1.0,78,78.0,0
dynamic,C_dyn_maze_dense,256,dist,full_ft,1,10,full_ft_N256_dist_s1,focal,1.0,2500,False,2500,2500,,,nan,-1,78.0,0
dynamic,C_dyn_maze_dense,256,dist,full_ft,2,10,full_ft_N256_dist_s2,astar,,2500,True,805,805,,,1.0,78,78.0,0
dynamic,C_dyn_maze_dense,256,dist,full_ft,2,10,full_ft_N256_dist_s2,focal,1.0,2500,False,2500,2500,,,nan,-1,78.0,0
dynamic,C_dyn_maze_dense,256,dist,lora,0,10,lora_N256_dist_s0,astar,,2500,True,934,934,,,1.0,78,78.0,0
dynamic,C_dyn_maze_dense,256,dist,lora,0,10,lora_N256_dist_s0,focal,1.0,2500,False,2500,2500,,,nan,-1,78.0,0
dynamic,C_dyn_maze_dense,256,dist,lora,1,10,lora_N256_dist_s1,astar,,2500,True,923,923,,,1.0,78,78.0,0
dynamic,C_dyn_maze_dense,256,dist,lora,1,10,lora_N256_dist_s1,focal,1.0,2500,False,2500,2500,,,nan,-1,78.0,0
dynamic,C_dyn_maze_dense,256,dist,lora,2,10,lora_N256_dist_s2,astar,,2500,True,953,953,,,1.0,78,78.0,0
dynamic,C_dyn_maze_dense,256,dist,lora,2,10,lora_N256_dist_s2,focal,1.0,2500,False,2500,2500,,,nan,-1,78.0,0
dynamic,C_dyn_maze_dense,256,dist,scratch,0,10,scratch_N256_dist_s0,astar,,2500,True,1706,1706,,,1.0,78,78.0,0
dynamic,C_dyn_maze_dense,256,dist,scratch,0,10,scratch_N256_dist_s0,focal,1.0,2500,False,2500,2500,,,nan,-1,78.0,0
dynamic,C_dyn_maze_dense,256,dist,scratch,1,10,scratch_N256_dist_s1,astar,,2500,True,1999,1999,,,1.0256410256410255,80,78.0,0
dynamic,C_dyn_maze_dense,256,dist,scratch,1,10,scratch_N256_dist_s1,focal,1.0,2500,False,2500,2500,,,nan,-1,78.0,0
dynamic,C_dyn_maze_dense,256,dist,scratch,2,10,scratch_N256_dist_s2,astar,,2500,True,1472,1472,,,1.0,78,78.0,0
dynamic,C_dyn_maze_dense,256,dist,scratch,2,10,scratch_N256_dist_s2,focal,1.0,2500,False,2500,2500,,,nan,-1,78.0,0
dynamic,C_dyn_maze_dense,4096,conc,full_ft,0,10,full_ft_N4096_conc_s0,astar,,2500,True,1400,1400,,,1.0,78,78.0,0
dynamic,C_dyn_maze_dense,4096,conc,full_ft,0,10,full_ft_N4096_conc_s0,focal,1.0,2500,False,2500,2500,,,nan,-1,78.0,0
dynamic,C_dyn_maze_dense,4096,conc,full_ft,1,10,full_ft_N4096_conc_s1,astar,,2500,True,1339,1339,,,1.0256410256410255,80,78.0,0
dynamic,C_dyn_maze_dense,4096,conc,full_ft,1,10,full_ft_N4096_conc_s1,focal,1.0,2500,False,2500,2500,,,nan,-1,78.0,0
dynamic,C_dyn_maze_dense,4096,conc,full_ft,2,10,full_ft_N4096_conc_s2,astar,,2500,True,1380,1380,,,1.0128205128205128,79,78.0,0
dynamic,C_dyn_maze_dense,4096,conc,full_ft,2,10,full_ft_N4096_conc_s2,focal,1.0,2500,False,2500,2500,,,nan,-1,78.0,0
dynamic,C_dyn_maze_dense,4096,conc,lora,0,10,lora_N4096_conc_s0,astar,,2500,True,1099,1099,,,1.0384615384615385,81,78.0,0
dynamic,C_dyn_maze_dense,4096,conc,lora,0,10,lora_N4096_conc_s0,focal,1.0,2500,False,2500,2500,,,nan,-1,78.0,0
dynamic,C_dyn_maze_dense,4096,conc,lora,1,10,lora_N4096_conc_s1,astar,,2500,True,922,922,,,1.0512820512820513,82,78.0,0
dynamic,C_dyn_maze_dense,4096,conc,lora,1,10,lora_N4096_conc_s1,focal,1.0,2500,False,2500,2500,,,nan,-1,78.0,0
dynamic,C_dyn_maze_dense,4096,conc,lora,2,10,lora_N4096_conc_s2,astar,,2500,True,990,990,,,1.0384615384615385,81,78.0,0
dynamic,C_dyn_maze_dense,4096,conc,lora,2,10,lora_N4096_conc_s2,focal,1.0,2500,False,2500,2500,,,nan,-1,78.0,0
dynamic,C_dyn_maze_dense,4096,conc,scratch,0,10,scratch_N4096_conc_s0,astar,,2500,True,1637,1637,,,1.0128205128205128,79,78.0,0
dynamic,C_dyn_maze_dense,4096,conc,scratch,0,10,scratch_N4096_conc_s0,focal,1.0,2500,False,2500,2500,,,nan,-1,78.0,0
dynamic,C_dyn_maze_dense,4096,conc,scratch,1,10,scratch_N4096_conc_s1,astar,,2500,True,1643,1643,,,1.0,78,78.0,0
dynamic,C_dyn_maze_dense,4096,conc,scratch,1,10,scratch_N4096_conc_s1,focal,1.0,2500,False,2500,2500,,,nan,-1,78.0,0
dynamic,C_dyn_maze_dense,4096,conc,scratch,2,10,scratch_N4096_conc_s2,astar,,2500,True,1691,1691,,,1.0128205128205128,79,78.0,0
dynamic,C_dyn_maze_dense,4096,conc,scratch,2,10,scratch_N4096_conc_s2,focal,1.0,2500,False,2500,2500,,,nan,-1,78.0,0
dynamic,C_dyn_maze_dense,4096,dist,full_ft,0,10,full_ft_N4096_dist_s0,astar,,2500,True,765,765,,,1.0128205128205128,79,78.0,0
dynamic,C_dyn_maze_dense,4096,dist,full_ft,0,10,full_ft_N4096_dist_s0,focal,1.0,2500,False,2500,2500,,,nan,-1,78.0,0
dynamic,C_dyn_maze_dense,4096,dist,full_ft,1,10,full_ft_N4096_dist_s1,astar,,2500,True,867,867,,,1.0384615384615385,81,78.0,0
dynamic,C_dyn_maze_dense,4096,dist,full_ft,1,10,full_ft_N4096_dist_s1,focal,1.0,2500,False,2500,2500,,,nan,-1,78.0,0
dynamic,C_dyn_maze_dense,4096,dist,full_ft,2,10,full_ft_N4096_dist_s2,astar,,2500,True,1000,1000,,,1.0384615384615385,81,78.0,0
dynamic,C_dyn_maze_dense,4096,dist,full_ft,2,10,full_ft_N4096_dist_s2,focal,1.0,2500,False,2500,2500,,,nan,-1,78.0,0
dynamic,C_dyn_maze_dense,4096,dist,lora,0,10,lora_N4096_dist_s0,astar,,2500,True,981,981,,,1.0256410256410255,80,78.0,0
dynamic,C_dyn_maze_dense,4096,dist,lora,0,10,lora_N4096_dist_s0,focal,1.0,2500,False,2500,2500,,,nan,-1,78.0,0
dynamic,C_dyn_maze_dense,4096,dist,lora,1,10,lora_N4096_dist_s1,astar,,2500,True,967,967,,,1.0256410256410255,80,78.0,0
dynamic,C_dyn_maze_dense,4096,dist,lora,1,10,lora_N4096_dist_s1,focal,1.0,2500,False,2500,2500,,,nan,-1,78.0,0
dynamic,C_dyn_maze_dense,4096,dist,lora,2,10,lora_N4096_dist_s2,astar,,2500,True,1015,1015,,,1.0256410256410255,80,78.0,0
dynamic,C_dyn_maze_dense,4096,dist,lora,2,10,lora_N4096_dist_s2,focal,1.0,2500,False,2500,2500,,,nan,-1,78.0,0
dynamic,C_dyn_maze_dense,4096,dist,scratch,0,10,scratch_N4096_dist_s0,astar,,2500,True,1224,1224,,,1.0,78,78.0,0
dynamic,C_dyn_maze_dense,4096,dist,scratch,0,10,scratch_N4096_dist_s0,focal,1.0,2500,False,2500,2500,,,nan,-1,78.0,0
dynamic,C_dyn_maze_dense,4096,dist,scratch,1,10,scratch_N4096_dist_s1,astar,,2500,True,1032,1032,,,1.0256410256410255,80,78.0,0
dynamic,C_dyn_maze_dense,4096,dist,scratch,1,10,scratch_N4096_dist_s1,focal,1.0,2500,False,2500,2500,,,nan,-1,78.0,0
dynamic,C_dyn_maze_dense,4096,dist,scratch,2,10,scratch_N4096_dist_s2,astar,,2500,True,1215,1215,,,1.1025641025641026,86,78.0,0
dynamic,C_dyn_maze_dense,4096,dist,scratch,2,10,scratch_N4096_dist_s2,focal,1.0,2500,False,2500,2500,,,nan,-1,78.0,0
dynamic,C_dyn_maze_dense,65536,conc,full_ft,0,10,full_ft_N65536_conc_s0,astar,,2500,True,965,965,,,1.0128205128205128,79,78.0,0
dynamic,C_dyn_maze_dense,65536,conc,full_ft,0,10,full_ft_N65536_conc_s0,focal,1.0,2500,False,2500,2500,,,nan,-1,78.0,0
dynamic,C_dyn_maze_dense,65536,conc,full_ft,1,10,full_ft_N65536_conc_s1,astar,,2500,True,1029,1029,,,1.0,78,78.0,0
dynamic,C_dyn_maze_dense,65536,conc,full_ft,1,10,full_ft_N65536_conc_s1,focal,1.0,2500,False,2500,2500,,,nan,-1,78.0,0
dynamic,C_dyn_maze_dense,65536,conc,full_ft,2,10,full_ft_N65536_conc_s2,astar,,2500,True,1029,1029,,,1.0,78,78.0,0
dynamic,C_dyn_maze_dense,65536,conc,full_ft,2,10,full_ft_N65536_conc_s2,focal,1.0,2500,False,2500,2500,,,nan,-1,78.0,0
dynamic,C_dyn_maze_dense,65536,conc,lora,0,10,lora_N65536_conc_s0,astar,,2500,True,927,927,,,1.0384615384615385,81,78.0,0
dynamic,C_dyn_maze_dense,65536,conc,lora,0,10,lora_N65536_conc_s0,focal,1.0,2500,False,2500,2500,,,nan,-1,78.0,0
dynamic,C_dyn_maze_dense,65536,conc,lora,1,10,lora_N65536_conc_s1,astar,,2500,True,873,873,,,1.0384615384615385,81,78.0,0
dynamic,C_dyn_maze_dense,65536,conc,lora,1,10,lora_N65536_conc_s1,focal,1.0,2500,False,2500,2500,,,nan,-1,78.0,0
dynamic,C_dyn_maze_dense,65536,conc,lora,2,10,lora_N65536_conc_s2,astar,,2500,True,918,918,,,1.0,78,78.0,0
dynamic,C_dyn_maze_dense,65536,conc,lora,2,10,lora_N65536_conc_s2,focal,1.0,2500,False,2500,2500,,,nan,-1,78.0,0
dynamic,C_dyn_maze_dense,65536,conc,scratch,0,10,scratch_N65536_conc_s0,astar,,2500,True,1666,1666,,,1.0512820512820513,82,78.0,0
dynamic,C_dyn_maze_dense,65536,conc,scratch,0,10,scratch_N65536_conc_s0,focal,1.0,2500,False,2500,2500,,,nan,-1,78.0,0
dynamic,C_dyn_maze_dense,65536,conc,scratch,1,10,scratch_N65536_conc_s1,astar,,2500,True,1542,1542,,,1.0256410256410255,80,78.0,0
dynamic,C_dyn_maze_dense,65536,conc,scratch,1,10,scratch_N65536_conc_s1,focal,1.0,2500,False,2500,2500,,,nan,-1,78.0,0
dynamic,C_dyn_maze_dense,65536,conc,scratch,2,10,scratch_N65536_conc_s2,astar,,2500,True,1367,1367,,,1.0128205128205128,79,78.0,0
dynamic,C_dyn_maze_dense,65536,conc,scratch,2,10,scratch_N65536_conc_s2,focal,1.0,2500,False,2500,2500,,,nan,-1,78.0,0
dynamic,C_dyn_maze_dense,65536,dist,full_ft,0,10,full_ft_N65536_dist_s0,astar,,2500,True,1065,1065,,,1.0128205128205128,79,78.0,0
dynamic,C_dyn_maze_dense,65536,dist,full_ft,0,10,full_ft_N65536_dist_s0,focal,1.0,2500,False,2500,2500,,,nan,-1,78.0,0
dynamic,C_dyn_maze_dense,65536,dist,full_ft,1,10,full_ft_N65536_dist_s1,astar,,2500,True,1323,1323,,,1.0,78,78.0,0
dynamic,C_dyn_maze_dense,65536,dist,full_ft,1,10,full_ft_N65536_dist_s1,focal,1.0,2500,False,2500,2500,,,nan,-1,78.0,0
dynamic,C_dyn_maze_dense,65536,dist,full_ft,2,10,full_ft_N65536_dist_s2,astar,,2500,True,1189,1189,,,1.0,78,78.0,0
dynamic,C_dyn_maze_dense,65536,dist,full_ft,2,10,full_ft_N65536_dist_s2,focal,1.0,2500,False,2500,2500,,,nan,-1,78.0,0
dynamic,C_dyn_maze_dense,65536,dist,lora,0,10,lora_N65536_dist_s0,astar,,2500,True,1229,1229,,,1.0,78,78.0,0
dynamic,C_dyn_maze_dense,65536,dist,lora,0,10,lora_N65536_dist_s0,focal,1.0,2500,False,2500,2500,,,nan,-1,78.0,0
dynamic,C_dyn_maze_dense,65536,dist,lora,1,10,lora_N65536_dist_s1,astar,,2500,True,1232,1232,,,1.0,78,78.0,0
dynamic,C_dyn_maze_dense,65536,dist,lora,1,10,lora_N65536_dist_s1,focal,1.0,2500,False,2500,2500,,,nan,-1,78.0,0
dynamic,C_dyn_maze_dense,65536,dist,lora,2,10,lora_N65536_dist_s2,astar,,2500,True,1213,1213,,,1.0,78,78.0,0
dynamic,C_dyn_maze_dense,65536,dist,lora,2,10,lora_N65536_dist_s2,focal,1.0,2500,False,2500,2500,,,nan,-1,78.0,0
dynamic,C_dyn_maze_dense,65536,dist,scratch,0,10,scratch_N65536_dist_s0,astar,,2500,True,1133,1133,,,1.0,78,78.0,0
dynamic,C_dyn_maze_dense,65536,dist,scratch,0,10,scratch_N65536_dist_s0,focal,1.0,2500,False,2500,2500,,,nan,-1,78.0,0
dynamic,C_dyn_maze_dense,65536,dist,scratch,1,10,scratch_N65536_dist_s1,astar,,2500,True,1159,1159,,,1.0,78,78.0,0
dynamic,C_dyn_maze_dense,65536,dist,scratch,1,10,scratch_N65536_dist_s1,focal,1.0,2500,False,2500,2500,,,nan,-1,78.0,0
dynamic,C_dyn_maze_dense,65536,dist,scratch,2,10,scratch_N65536_dist_s2,astar,,2500,True,1120,1120,,,1.0,78,78.0,0
dynamic,C_dyn_maze_dense,65536,dist,scratch,2,10,scratch_N65536_dist_s2,focal,1.0,2500,False,2500,2500,,,nan,-1,78.0,0
dynamic,C_dyn_maze_dense,-1,,euclid,-1,11,euclid,astar,,2500,False,2500,2500,,,nan,-1,71.0,0
dynamic,C_dyn_maze_dense,-1,,euclid,-1,11,euclid,focal,1.0,2500,False,2500,2500,,,nan,-1,71.0,0
dynamic,C_dyn_maze_dense,-1,,oracle,-1,11,oracle,astar,,2500,True,1109,1109,,,1.0,71,71.0,0
dynamic,C_dyn_maze_dense,-1,,oracle,-1,11,oracle,focal,1.0,2500,False,2500,2500,,,nan,-1,71.0,0
dynamic,C_dyn_maze_dense,0,,zero_shot,-1,11,zeroshot_field_unet_blind,astar,,2500,True,2254,2254,,,1.0,71,71.0,0
dynamic,C_dyn_maze_dense,0,,zero_shot,-1,11,zeroshot_field_unet_blind,focal,1.0,2500,False,2500,2500,,,nan,-1,71.0,0
dynamic,C_dyn_maze_dense,1024,conc,full_ft,0,11,full_ft_N1024_conc_s0,astar,,2500,False,2500,2500,,,nan,-1,71.0,0
dynamic,C_dyn_maze_dense,1024,conc,full_ft,0,11,full_ft_N1024_conc_s0,focal,1.0,2500,False,2500,2500,,,nan,-1,71.0,0
dynamic,C_dyn_maze_dense,1024,conc,full_ft,1,11,full_ft_N1024_conc_s1,astar,,2500,False,2500,2500,,,nan,-1,71.0,0
dynamic,C_dyn_maze_dense,1024,conc,full_ft,1,11,full_ft_N1024_conc_s1,focal,1.0,2500,False,2500,2500,,,nan,-1,71.0,0
dynamic,C_dyn_maze_dense,1024,conc,full_ft,2,11,full_ft_N1024_conc_s2,astar,,2500,False,2500,2500,,,nan,-1,71.0,0
dynamic,C_dyn_maze_dense,1024,conc,full_ft,2,11,full_ft_N1024_conc_s2,focal,1.0,2500,False,2500,2500,,,nan,-1,71.0,0
dynamic,C_dyn_maze_dense,1024,conc,lora,0,11,lora_N1024_conc_s0,astar,,2500,False,2500,2500,,,nan,-1,71.0,0
dynamic,C_dyn_maze_dense,1024,conc,lora,0,11,lora_N1024_conc_s0,focal,1.0,2500,False,2500,2500,,,nan,-1,71.0,0
dynamic,C_dyn_maze_dense,1024,conc,lora,1,11,lora_N1024_conc_s1,astar,,2500,True,2350,2350,,,1.0,71,71.0,0
dynamic,C_dyn_maze_dense,1024,conc,lora,1,11,lora_N1024_conc_s1,focal,1.0,2500,False,2500,2500,,,nan,-1,71.0,0
dynamic,C_dyn_maze_dense,1024,conc,lora,2,11,lora_N1024_conc_s2,astar,,2500,True,2221,2221,,,1.0,71,71.0,0
dynamic,C_dyn_maze_dense,1024,conc,lora,2,11,lora_N1024_conc_s2,focal,1.0,2500,False,2500,2500,,,nan,-1,71.0,0
dynamic,C_dyn_maze_dense,1024,conc,scratch,0,11,scratch_N1024_conc_s0,astar,,2500,False,2500,2500,,,nan,-1,71.0,0
dynamic,C_dyn_maze_dense,1024,conc,scratch,0,11,scratch_N1024_conc_s0,focal,1.0,2500,False,2500,2500,,,nan,-1,71.0,0
dynamic,C_dyn_maze_dense,1024,conc,scratch,1,11,scratch_N1024_conc_s1,astar,,2500,False,2500,2500,,,nan,-1,71.0,0
dynamic,C_dyn_maze_dense,1024,conc,scratch,1,11,scratch_N1024_conc_s1,focal,1.0,2500,False,2500,2500,,,nan,-1,71.0,0
dynamic,C_dyn_maze_dense,1024,conc,scratch,2,11,scratch_N1024_conc_s2,astar,,2500,False,2500,2500,,,nan,-1,71.0,0
dynamic,C_dyn_maze_dense,1024,conc,scratch,2,11,scratch_N1024_conc_s2,focal,1.0,2500,False,2500,2500,,,nan,-1,71.0,0
dynamic,C_dyn_maze_dense,1024,dist,full_ft,0,11,full_ft_N1024_dist_s0,astar,,2500,True,1106,1106,,,1.0,71,71.0,0
dynamic,C_dyn_maze_dense,1024,dist,full_ft,0,11,full_ft_N1024_dist_s0,focal,1.0,2500,False,2500,2500,,,nan,-1,71.0,0
dynamic,C_dyn_maze_dense,1024,dist,full_ft,1,11,full_ft_N1024_dist_s1,astar,,2500,True,1041,1041,,,1.0,71,71.0,0
dynamic,C_dyn_maze_dense,1024,dist,full_ft,1,11,full_ft_N1024_dist_s1,focal,1.0,2500,False,2500,2500,,,nan,-1,71.0,0
dynamic,C_dyn_maze_dense,1024,dist,full_ft,2,11,full_ft_N1024_dist_s2,astar,,2500,True,1000,1000,,,1.0,71,71.0,0
dynamic,C_dyn_maze_dense,1024,dist,full_ft,2,11,full_ft_N1024_dist_s2,focal,1.0,2500,False,2500,2500,,,nan,-1,71.0,0
dynamic,C_dyn_maze_dense,1024,dist,lora,0,11,lora_N1024_dist_s0,astar,,2500,True,1123,1123,,,1.0,71,71.0,0
dynamic,C_dyn_maze_dense,1024,dist,lora,0,11,lora_N1024_dist_s0,focal,1.0,2500,False,2500,2500,,,nan,-1,71.0,0
dynamic,C_dyn_maze_dense,1024,dist,lora,1,11,lora_N1024_dist_s1,astar,,2500,True,1151,1151,,,1.0,71,71.0,0
dynamic,C_dyn_maze_dense,1024,dist,lora,1,11,lora_N1024_dist_s1,focal,1.0,2500,False,2500,2500,,,nan,-1,71.0,0
dynamic,C_dyn_maze_dense,1024,dist,lora,2,11,lora_N1024_dist_s2,astar,,2500,True,1159,1159,,,1.0,71,71.0,0
dynamic,C_dyn_maze_dense,1024,dist,lora,2,11,lora_N1024_dist_s2,focal,1.0,2500,False,2500,2500,,,nan,-1,71.0,0
dynamic,C_dyn_maze_dense,1024,dist,scratch,0,11,scratch_N1024_dist_s0,astar,,2500,True,1110,1110,,,1.0,71,71.0,0
dynamic,C_dyn_maze_dense,1024,dist,scratch,0,11,scratch_N1024_dist_s0,focal,1.0,2500,False,2500,2500,,,nan,-1,71.0,0
dynamic,C_dyn_maze_dense,1024,dist,scratch,1,11,scratch_N1024_dist_s1,astar,,2500,True,1099,1099,,,1.0,71,71.0,0
dynamic,C_dyn_maze_dense,1024,dist,scratch,1,11,scratch_N1024_dist_s1,focal,1.0,2500,False,2500,2500,,,nan,-1,71.0,0
dynamic,C_dyn_maze_dense,1024,dist,scratch,2,11,scratch_N1024_dist_s2,astar,,2500,True,1093,1093,,,1.0,71,71.0,0
dynamic,C_dyn_maze_dense,1024,dist,scratch,2,11,scratch_N1024_dist_s2,focal,1.0,2500,False,2500,2500,,,nan,-1,71.0,0
dynamic,C_dyn_maze_dense,16384,conc,full_ft,0,11,full_ft_N16384_conc_s0,astar,,2500,False,2500,2500,,,nan,-1,71.0,0
dynamic,C_dyn_maze_dense,16384,conc,full_ft,0,11,full_ft_N16384_conc_s0,focal,1.0,2500,False,2500,2500,,,nan,-1,71.0,0
dynamic,C_dyn_maze_dense,16384,conc,full_ft,1,11,full_ft_N16384_conc_s1,astar,,2500,False,2500,2500,,,nan,-1,71.0,0
dynamic,C_dyn_maze_dense,16384,conc,full_ft,1,11,full_ft_N16384_conc_s1,focal,1.0,2500,False,2500,2500,,,nan,-1,71.0,0
dynamic,C_dyn_maze_dense,16384,conc,full_ft,2,11,full_ft_N16384_conc_s2,astar,,2500,False,2500,2500,,,nan,-1,71.0,0
dynamic,C_dyn_maze_dense,16384,conc,full_ft,2,11,full_ft_N16384_conc_s2,focal,1.0,2500,False,2500,2500,,,nan,-1,71.0,0
dynamic,C_dyn_maze_dense,16384,conc,lora,0,11,lora_N16384_conc_s0,astar,,2500,False,2500,2500,,,nan,-1,71.0,0
dynamic,C_dyn_maze_dense,16384,conc,lora,0,11,lora_N16384_conc_s0,focal,1.0,2500,False,2500,2500,,,nan,-1,71.0,0
dynamic,C_dyn_maze_dense,16384,conc,lora,1,11,lora_N16384_conc_s1,astar,,2500,False,2500,2500,,,nan,-1,71.0,0
dynamic,C_dyn_maze_dense,16384,conc,lora,1,11,lora_N16384_conc_s1,focal,1.0,2500,False,2500,2500,,,nan,-1,71.0,0
dynamic,C_dyn_maze_dense,16384,conc,lora,2,11,lora_N16384_conc_s2,astar,,2500,False,2500,2500,,,nan,-1,71.0,0
dynamic,C_dyn_maze_dense,16384,conc,lora,2,11,lora_N16384_conc_s2,focal,1.0,2500,False,2500,2500,,,nan,-1,71.0,0
dynamic,C_dyn_maze_dense,16384,conc,scratch,0,11,scratch_N16384_conc_s0,astar,,2500,False,2500,2500,,,nan,-1,71.0,0
dynamic,C_dyn_maze_dense,16384,conc,scratch,0,11,scratch_N16384_conc_s0,focal,1.0,2500,False,2500,2500,,,nan,-1,71.0,0
dynamic,C_dyn_maze_dense,16384,conc,scratch,1,11,scratch_N16384_conc_s1,astar,,2500,False,2500,2500,,,nan,-1,71.0,0
dynamic,C_dyn_maze_dense,16384,conc,scratch,1,11,scratch_N16384_conc_s1,focal,1.0,2500,False,2500,2500,,,nan,-1,71.0,0
dynamic,C_dyn_maze_dense,16384,conc,scratch,2,11,scratch_N16384_conc_s2,astar,,2500,False,2500,2500,,,nan,-1,71.0,0
dynamic,C_dyn_maze_dense,16384,conc,scratch,2,11,scratch_N16384_conc_s2,focal,1.0,2500,False,2500,2500,,,nan,-1,71.0,0
dynamic,C_dyn_maze_dense,16384,dist,full_ft,0,11,full_ft_N16384_dist_s0,astar,,2500,True,1234,1234,,,1.0,71,71.0,0
dynamic,C_dyn_maze_dense,16384,dist,full_ft,0,11,full_ft_N16384_dist_s0,focal,1.0,2500,False,2500,2500,,,nan,-1,71.0,0
dynamic,C_dyn_maze_dense,16384,dist,full_ft,1,11,full_ft_N16384_dist_s1,astar,,2500,True,1275,1275,,,1.0140845070422535,72,71.0,0
dynamic,C_dyn_maze_dense,16384,dist,full_ft,1,11,full_ft_N16384_dist_s1,focal,1.0,2500,False,2500,2500,,,nan,-1,71.0,0
dynamic,C_dyn_maze_dense,16384,dist,full_ft,2,11,full_ft_N16384_dist_s2,astar,,2500,True,1243,1243,,,1.0140845070422535,72,71.0,0
dynamic,C_dyn_maze_dense,16384,dist,full_ft,2,11,full_ft_N16384_dist_s2,focal,1.0,2500,False,2500,2500,,,nan,-1,71.0,0
dynamic,C_dyn_maze_dense,16384,dist,lora,0,11,lora_N16384_dist_s0,astar,,2500,True,1082,1082,,,1.0,71,71.0,0
dynamic,C_dyn_maze_dense,16384,dist,lora,0,11,lora_N16384_dist_s0,focal,1.0,2500,False,2500,2500,,,nan,-1,71.0,0
dynamic,C_dyn_maze_dense,16384,dist,lora,1,11,lora_N16384_dist_s1,astar,,2500,True,1089,1089,,,1.0,71,71.0,0
dynamic,C_dyn_maze_dense,16384,dist,lora,1,11,lora_N16384_dist_s1,focal,1.0,2500,False,2500,2500,,,nan,-1,71.0,0
dynamic,C_dyn_maze_dense,16384,dist,lora,2,11,lora_N16384_dist_s2,astar,,2500,True,1140,1140,,,1.0,71,71.0,0
dynamic,C_dyn_maze_dense,16384,dist,lora,2,11,lora_N16384_dist_s2,focal,1.0,2500,False,2500,2500,,,nan,-1,71.0,0
dynamic,C_dyn_maze_dense,16384,dist,scratch,0,11,scratch_N16384_dist_s0,astar,,2500,True,945,945,,,1.0,71,71.0,0
dynamic,C_dyn_maze_dense,16384,dist,scratch,0,11,scratch_N16384_dist_s0,focal,1.0,2500,False,2500,2500,,,nan,-1,71.0,0
dynamic,C_dyn_maze_dense,16384,dist,scratch,1,11,scratch_N16384_dist_s1,astar,,2500,True,1057,1057,,,1.0,71,71.0,0
dynamic,C_dyn_maze_dense,16384,dist,scratch,1,11,scratch_N16384_dist_s1,focal,1.0,2500,False,2500,2500,,,nan,-1,71.0,0
dynamic,C_dyn_maze_dense,16384,dist,scratch,2,11,scratch_N16384_dist_s2,astar,,2500,True,1087,1087,,,1.0,71,71.0,0
dynamic,C_dyn_maze_dense,16384,dist,scratch,2,11,scratch_N16384_dist_s2,focal,1.0,2500,False,2500,2500,,,nan,-1,71.0,0
dynamic,C_dyn_maze_dense,256,conc,full_ft,0,11,full_ft_N256_conc_s0,astar,,2500,False,2500,2500,,,nan,-1,71.0,0
dynamic,C_dyn_maze_dense,256,conc,full_ft,0,11,full_ft_N256_conc_s0,focal,1.0,2500,False,2500,2500,,,nan,-1,71.0,0
dynamic,C_dyn_maze_dense,256,conc,full_ft,1,11,full_ft_N256_conc_s1,astar,,2500,False,2500,2500,,,nan,-1,71.0,0
dynamic,C_dyn_maze_dense,256,conc,full_ft,1,11,full_ft_N256_conc_s1,focal,1.0,2500,False,2500,2500,,,nan,-1,71.0,0
dynamic,C_dyn_maze_dense,256,conc,full_ft,2,11,full_ft_N256_conc_s2,astar,,2500,False,2500,2500,,,nan,-1,71.0,0
dynamic,C_dyn_maze_dense,256,conc,full_ft,2,11,full_ft_N256_conc_s2,focal,1.0,2500,False,2500,2500,,,nan,-1,71.0,0
dynamic,C_dyn_maze_dense,256,conc,lora,0,11,lora_N256_conc_s0,astar,,2500,True,2131,2131,,,1.0,71,71.0,0
dynamic,C_dyn_maze_dense,256,conc,lora,0,11,lora_N256_conc_s0,focal,1.0,2500,False,2500,2500,,,nan,-1,71.0,0
dynamic,C_dyn_maze_dense,256,conc,lora,1,11,lora_N256_conc_s1,astar,,2500,True,2375,2375,,,1.0,71,71.0,0
dynamic,C_dyn_maze_dense,256,conc,lora,1,11,lora_N256_conc_s1,focal,1.0,2500,False,2500,2500,,,nan,-1,71.0,0
dynamic,C_dyn_maze_dense,256,conc,lora,2,11,lora_N256_conc_s2,astar,,2500,True,2152,2152,,,1.0,71,71.0,0
dynamic,C_dyn_maze_dense,256,conc,lora,2,11,lora_N256_conc_s2,focal,1.0,2500,False,2500,2500,,,nan,-1,71.0,0
dynamic,C_dyn_maze_dense,256,conc,scratch,0,11,scratch_N256_conc_s0,astar,,2500,False,2500,2500,,,nan,-1,71.0,0
dynamic,C_dyn_maze_dense,256,conc,scratch,0,11,scratch_N256_conc_s0,focal,1.0,2500,False,2500,2500,,,nan,-1,71.0,0
dynamic,C_dyn_maze_dense,256,conc,scratch,1,11,scratch_N256_conc_s1,astar,,2500,False,2500,2500,,,nan,-1,71.0,0
dynamic,C_dyn_maze_dense,256,conc,scratch,1,11,scratch_N256_conc_s1,focal,1.0,2500,False,2500,2500,,,nan,-1,71.0,0
dynamic,C_dyn_maze_dense,256,conc,scratch,2,11,scratch_N256_conc_s2,astar,,2500,False,2500,2500,,,nan,-1,71.0,0
dynamic,C_dyn_maze_dense,256,conc,scratch,2,11,scratch_N256_conc_s2,focal,1.0,2500,False,2500,2500,,,nan,-1,71.0,0
dynamic,C_dyn_maze_dense,256,dist,full_ft,0,11,full_ft_N256_dist_s0,astar,,2500,True,989,989,,,1.0,71,71.0,0
dynamic,C_dyn_maze_dense,256,dist,full_ft,0,11,full_ft_N256_dist_s0,focal,1.0,2500,False,2500,2500,,,nan,-1,71.0,0
dynamic,C_dyn_maze_dense,256,dist,full_ft,1,11,full_ft_N256_dist_s1,astar,,2500,True,913,913,,,1.0,71,71.0,0
dynamic,C_dyn_maze_dense,256,dist,full_ft,1,11,full_ft_N256_dist_s1,focal,1.0,2500,False,2500,2500,,,nan,-1,71.0,0
dynamic,C_dyn_maze_dense,256,dist,full_ft,2,11,full_ft_N256_dist_s2,astar,,2500,True,938,938,,,1.0,71,71.0,0
dynamic,C_dyn_maze_dense,256,dist,full_ft,2,11,full_ft_N256_dist_s2,focal,1.0,2500,False,2500,2500,,,nan,-1,71.0,0
dynamic,C_dyn_maze_dense,256,dist,lora,0,11,lora_N256_dist_s0,astar,,2500,True,1416,1416,,,1.0,71,71.0,0
dynamic,C_dyn_maze_dense,256,dist,lora,0,11,lora_N256_dist_s0,focal,1.0,2500,False,2500,2500,,,nan,-1,71.0,0
dynamic,C_dyn_maze_dense,256,dist,lora,1,11,lora_N256_dist_s1,astar,,2500,True,1406,1406,,,1.0,71,71.0,0
dynamic,C_dyn_maze_dense,256,dist,lora,1,11,lora_N256_dist_s1,focal,1.0,2500,False,2500,2500,,,nan,-1,71.0,0
dynamic,C_dyn_maze_dense,256,dist,lora,2,11,lora_N256_dist_s2,astar,,2500,True,1208,1208,,,1.0,71,71.0,0
dynamic,C_dyn_maze_dense,256,dist,lora,2,11,lora_N256_dist_s2,focal,1.0,2500,False,2500,2500,,,nan,-1,71.0,0
dynamic,C_dyn_maze_dense,256,dist,scratch,0,11,scratch_N256_dist_s0,astar,,2500,True,1145,1145,,,1.0,71,71.0,0
dynamic,C_dyn_maze_dense,256,dist,scratch,0,11,scratch_N256_dist_s0,focal,1.0,2500,False,2500,2500,,,nan,-1,71.0,0
dynamic,C_dyn_maze_dense,256,dist,scratch,1,11,scratch_N256_dist_s1,astar,,2500,True,1154,1154,,,1.0,71,71.0,0
dynamic,C_dyn_maze_dense,256,dist,scratch,1,11,scratch_N256_dist_s1,focal,1.0,2500,False,2500,2500,,,nan,-1,71.0,0
dynamic,C_dyn_maze_dense,256,dist,scratch,2,11,scratch_N256_dist_s2,astar,,2500,True,1729,1729,,,1.0,71,71.0,0
dynamic,C_dyn_maze_dense,256,dist,scratch,2,11,scratch_N256_dist_s2,focal,1.0,2500,False,2500,2500,,,nan,-1,71.0,0
dynamic,C_dyn_maze_dense,4096,conc,full_ft,0,11,full_ft_N4096_conc_s0,astar,,2500,False,2500,2500,,,nan,-1,71.0,0
dynamic,C_dyn_maze_dense,4096,conc,full_ft,0,11,full_ft_N4096_conc_s0,focal,1.0,2500,False,2500,2500,,,nan,-1,71.0,0
dynamic,C_dyn_maze_dense,4096,conc,full_ft,1,11,full_ft_N4096_conc_s1,astar,,2500,False,2500,2500,,,nan,-1,71.0,0
dynamic,C_dyn_maze_dense,4096,conc,full_ft,1,11,full_ft_N4096_conc_s1,focal,1.0,2500,False,2500,2500,,,nan,-1,71.0,0
dynamic,C_dyn_maze_dense,4096,conc,full_ft,2,11,full_ft_N4096_conc_s2,astar,,2500,False,2500,2500,,,nan,-1,71.0,0
dynamic,C_dyn_maze_dense,4096,conc,full_ft,2,11,full_ft_N4096_conc_s2,focal,1.0,2500,False,2500,2500,,,nan,-1,71.0,0
dynamic,C_dyn_maze_dense,4096,conc,lora,0,11,lora_N4096_conc_s0,astar,,2500,False,2500,2500,,,nan,-1,71.0,0
dynamic,C_dyn_maze_dense,4096,conc,lora,0,11,lora_N4096_conc_s0,focal,1.0,2500,False,2500,2500,,,nan,-1,71.0,0
dynamic,C_dyn_maze_dense,4096,conc,lora,1,11,lora_N4096_conc_s1,astar,,2500,False,2500,2500,,,nan,-1,71.0,0
dynamic,C_dyn_maze_dense,4096,conc,lora,1,11,lora_N4096_conc_s1,focal,1.0,2500,False,2500,2500,,,nan,-1,71.0,0
dynamic,C_dyn_maze_dense,4096,conc,lora,2,11,lora_N4096_conc_s2,astar,,2500,False,2500,2500,,,nan,-1,71.0,0
dynamic,C_dyn_maze_dense,4096,conc,lora,2,11,lora_N4096_conc_s2,focal,1.0,2500,False,2500,2500,,,nan,-1,71.0,0
dynamic,C_dyn_maze_dense,4096,conc,scratch,0,11,scratch_N4096_conc_s0,astar,,2500,False,2500,2500,,,nan,-1,71.0,0
dynamic,C_dyn_maze_dense,4096,conc,scratch,0,11,scratch_N4096_conc_s0,focal,1.0,2500,False,2500,2500,,,nan,-1,71.0,0
dynamic,C_dyn_maze_dense,4096,conc,scratch,1,11,scratch_N4096_conc_s1,astar,,2500,False,2500,2500,,,nan,-1,71.0,0
dynamic,C_dyn_maze_dense,4096,conc,scratch,1,11,scratch_N4096_conc_s1,focal,1.0,2500,False,2500,2500,,,nan,-1,71.0,0
dynamic,C_dyn_maze_dense,4096,conc,scratch,2,11,scratch_N4096_conc_s2,astar,,2500,False,2500,2500,,,nan,-1,71.0,0
dynamic,C_dyn_maze_dense,4096,conc,scratch,2,11,scratch_N4096_conc_s2,focal,1.0,2500,False,2500,2500,,,nan,-1,71.0,0
dynamic,C_dyn_maze_dense,4096,dist,full_ft,0,11,full_ft_N4096_dist_s0,astar,,2500,True,1201,1201,,,1.0,71,71.0,0
dynamic,C_dyn_maze_dense,4096,dist,full_ft,0,11,full_ft_N4096_dist_s0,focal,1.0,2500,False,2500,2500,,,nan,-1,71.0,0
dynamic,C_dyn_maze_dense,4096,dist,full_ft,1,11,full_ft_N4096_dist_s1,astar,,2500,True,1303,1303,,,1.028169014084507,73,71.0,0
dynamic,C_dyn_maze_dense,4096,dist,full_ft,1,11,full_ft_N4096_dist_s1,focal,1.0,2500,False,2500,2500,,,nan,-1,71.0,0
dynamic,C_dyn_maze_dense,4096,dist,full_ft,2,11,full_ft_N4096_dist_s2,astar,,2500,True,1292,1292,,,1.028169014084507,73,71.0,0
dynamic,C_dyn_maze_dense,4096,dist,full_ft,2,11,full_ft_N4096_dist_s2,focal,1.0,2500,False,2500,2500,,,nan,-1,71.0,0
dynamic,C_dyn_maze_dense,4096,dist,lora,0,11,lora_N4096_dist_s0,astar,,2500,True,1179,1179,,,1.0,71,71.0,0
dynamic,C_dyn_maze_dense,4096,dist,lora,0,11,lora_N4096_dist_s0,focal,1.0,2500,False,2500,2500,,,nan,-1,71.0,0
dynamic,C_dyn_maze_dense,4096,dist,lora,1,11,lora_N4096_dist_s1,astar,,2500,True,1132,1132,,,1.0,71,71.0,0
dynamic,C_dyn_maze_dense,4096,dist,lora,1,11,lora_N4096_dist_s1,focal,1.0,2500,False,2500,2500,,,nan,-1,71.0,0
dynamic,C_dyn_maze_dense,4096,dist,lora,2,11,lora_N4096_dist_s2,astar,,2500,True,1120,1120,,,1.0,71,71.0,0
dynamic,C_dyn_maze_dense,4096,dist,lora,2,11,lora_N4096_dist_s2,focal,1.0,2500,False,2500,2500,,,nan,-1,71.0,0
dynamic,C_dyn_maze_dense,4096,dist,scratch,0,11,scratch_N4096_dist_s0,astar,,2500,True,1058,1058,,,1.0,71,71.0,0
dynamic,C_dyn_maze_dense,4096,dist,scratch,0,11,scratch_N4096_dist_s0,focal,1.0,2500,False,2500,2500,,,nan,-1,71.0,0
dynamic,C_dyn_maze_dense,4096,dist,scratch,1,11,scratch_N4096_dist_s1,astar,,2500,True,1172,1172,,,1.0,71,71.0,0
dynamic,C_dyn_maze_dense,4096,dist,scratch,1,11,scratch_N4096_dist_s1,focal,1.0,2500,False,2500,2500,,,nan,-1,71.0,0
dynamic,C_dyn_maze_dense,4096,dist,scratch,2,11,scratch_N4096_dist_s2,astar,,2500,True,1051,1051,,,1.0,71,71.0,0
dynamic,C_dyn_maze_dense,4096,dist,scratch,2,11,scratch_N4096_dist_s2,focal,1.0,2500,False,2500,2500,,,nan,-1,71.0,0
dynamic,C_dyn_maze_dense,65536,conc,full_ft,0,11,full_ft_N65536_conc_s0,astar,,2500,True,1157,1157,,,1.0,71,71.0,0
dynamic,C_dyn_maze_dense,65536,conc,full_ft,0,11,full_ft_N65536_conc_s0,focal,1.0,2500,False,2500,2500,,,nan,-1,71.0,0
dynamic,C_dyn_maze_dense,65536,conc,full_ft,1,11,full_ft_N65536_conc_s1,astar,,2500,True,1233,1233,,,1.0140845070422535,72,71.0,0
dynamic,C_dyn_maze_dense,65536,conc,full_ft,1,11,full_ft_N65536_conc_s1,focal,1.0,2500,False,2500,2500,,,nan,-1,71.0,0
dynamic,C_dyn_maze_dense,65536,conc,full_ft,2,11,full_ft_N65536_conc_s2,astar,,2500,True,1237,1237,,,1.0,71,71.0,0
dynamic,C_dyn_maze_dense,65536,conc,full_ft,2,11,full_ft_N65536_conc_s2,focal,1.0,2500,False,2500,2500,,,nan,-1,71.0,0
dynamic,C_dyn_maze_dense,65536,conc,lora,0,11,lora_N65536_conc_s0,astar,,2500,True,1404,1404,,,1.0140845070422535,72,71.0,0
dynamic,C_dyn_maze_dense,65536,conc,lora,0,11,lora_N65536_conc_s0,focal,1.0,2500,False,2500,2500,,,nan,-1,71.0,0
dynamic,C_dyn_maze_dense,65536,conc,lora,1,11,lora_N65536_conc_s1,astar,,2500,True,1298,1298,,,1.0140845070422535,72,71.0,0
dynamic,C_dyn_maze_dense,65536,conc,lora,1,11,lora_N65536_conc_s1,focal,1.0,2500,False,2500,2500,,,nan,-1,71.0,0
dynamic,C_dyn_maze_dense,65536,conc,lora,2,11,lora_N65536_conc_s2,astar,,2500,True,1369,1369,,,1.0140845070422535,72,71.0,0
dynamic,C_dyn_maze_dense,65536,conc,lora,2,11,lora_N65536_conc_s2,focal,1.0,2500,False,2500,2500,,,nan,-1,71.0,0
dynamic,C_dyn_maze_dense,65536,conc,scratch,0,11,scratch_N65536_conc_s0,astar,,2500,True,934,934,,,1.0,71,71.0,0
dynamic,C_dyn_maze_dense,65536,conc,scratch,0,11,scratch_N65536_conc_s0,focal,1.0,2500,False,2500,2500,,,nan,-1,71.0,0
dynamic,C_dyn_maze_dense,65536,conc,scratch,1,11,scratch_N65536_conc_s1,astar,,2500,True,1217,1217,,,1.0,71,71.0,0
dynamic,C_dyn_maze_dense,65536,conc,scratch,1,11,scratch_N65536_conc_s1,focal,1.0,2500,False,2500,2500,,,nan,-1,71.0,0
dynamic,C_dyn_maze_dense,65536,conc,scratch,2,11,scratch_N65536_conc_s2,astar,,2500,True,1297,1297,,,1.0,71,71.0,0
dynamic,C_dyn_maze_dense,65536,conc,scratch,2,11,scratch_N65536_conc_s2,focal,1.0,2500,False,2500,2500,,,nan,-1,71.0,0
dynamic,C_dyn_maze_dense,65536,dist,full_ft,0,11,full_ft_N65536_dist_s0,astar,,2500,True,1025,1025,,,1.0,71,71.0,0
dynamic,C_dyn_maze_dense,65536,dist,full_ft,0,11,full_ft_N65536_dist_s0,focal,1.0,2500,False,2500,2500,,,nan,-1,71.0,0
dynamic,C_dyn_maze_dense,65536,dist,full_ft,1,11,full_ft_N65536_dist_s1,astar,,2500,True,1242,1242,,,1.0,71,71.0,0
dynamic,C_dyn_maze_dense,65536,dist,full_ft,1,11,full_ft_N65536_dist_s1,focal,1.0,2500,False,2500,2500,,,nan,-1,71.0,0
dynamic,C_dyn_maze_dense,65536,dist,full_ft,2,11,full_ft_N65536_dist_s2,astar,,2500,True,946,946,,,1.0,71,71.0,0
dynamic,C_dyn_maze_dense,65536,dist,full_ft,2,11,full_ft_N65536_dist_s2,focal,1.0,2500,False,2500,2500,,,nan,-1,71.0,0
dynamic,C_dyn_maze_dense,65536,dist,lora,0,11,lora_N65536_dist_s0,astar,,2500,True,1093,1093,,,1.0,71,71.0,0
dynamic,C_dyn_maze_dense,65536,dist,lora,0,11,lora_N65536_dist_s0,focal,1.0,2500,False,2500,2500,,,nan,-1,71.0,0
dynamic,C_dyn_maze_dense,65536,dist,lora,1,11,lora_N65536_dist_s1,astar,,2500,True,1040,1040,,,1.0,71,71.0,0
dynamic,C_dyn_maze_dense,65536,dist,lora,1,11,lora_N65536_dist_s1,focal,1.0,2500,False,2500,2500,,,nan,-1,71.0,0
dynamic,C_dyn_maze_dense,65536,dist,lora,2,11,lora_N65536_dist_s2,astar,,2500,True,914,914,,,1.0,71,71.0,0
dynamic,C_dyn_maze_dense,65536,dist,lora,2,11,lora_N65536_dist_s2,focal,1.0,2500,False,2500,2500,,,nan,-1,71.0,0
dynamic,C_dyn_maze_dense,65536,dist,scratch,0,11,scratch_N65536_dist_s0,astar,,2500,True,952,952,,,1.0,71,71.0,0
dynamic,C_dyn_maze_dense,65536,dist,scratch,0,11,scratch_N65536_dist_s0,focal,1.0,2500,False,2500,2500,,,nan,-1,71.0,0
dynamic,C_dyn_maze_dense,65536,dist,scratch,1,11,scratch_N65536_dist_s1,astar,,2500,True,998,998,,,1.0,71,71.0,0
dynamic,C_dyn_maze_dense,65536,dist,scratch,1,11,scratch_N65536_dist_s1,focal,1.0,2500,False,2500,2500,,,nan,-1,71.0,0
dynamic,C_dyn_maze_dense,65536,dist,scratch,2,11,scratch_N65536_dist_s2,astar,,2500,True,1113,1113,,,1.0,71,71.0,0
dynamic,C_dyn_maze_dense,65536,dist,scratch,2,11,scratch_N65536_dist_s2,focal,1.0,2500,False,2500,2500,,,nan,-1,71.0,0
dynamic,C_dyn_maze_dense,-1,,euclid,-1,12,euclid,astar,,2500,False,2500,2500,,,nan,-1,62.0,0
dynamic,C_dyn_maze_dense,-1,,euclid,-1,12,euclid,focal,1.0,2500,False,2500,2500,,,nan,-1,62.0,0
dynamic,C_dyn_maze_dense,-1,,oracle,-1,12,oracle,astar,,2500,True,207,207,,,1.0,62,62.0,0
dynamic,C_dyn_maze_dense,-1,,oracle,-1,12,oracle,focal,1.0,2500,False,2500,2500,,,nan,-1,62.0,0
dynamic,C_dyn_maze_dense,0,,zero_shot,-1,12,zeroshot_field_unet_blind,astar,,2500,True,688,688,,,1.0,62,62.0,0
dynamic,C_dyn_maze_dense,0,,zero_shot,-1,12,zeroshot_field_unet_blind,focal,1.0,2500,False,2500,2500,,,nan,-1,62.0,0
dynamic,C_dyn_maze_dense,1024,conc,full_ft,0,12,full_ft_N1024_conc_s0,astar,,2500,True,383,383,,,1.0,62,62.0,0
dynamic,C_dyn_maze_dense,1024,conc,full_ft,0,12,full_ft_N1024_conc_s0,focal,1.0,2500,False,2500,2500,,,nan,-1,62.0,0
dynamic,C_dyn_maze_dense,1024,conc,full_ft,1,12,full_ft_N1024_conc_s1,astar,,2500,True,359,359,,,1.0,62,62.0,0
dynamic,C_dyn_maze_dense,1024,conc,full_ft,1,12,full_ft_N1024_conc_s1,focal,1.0,2500,False,2500,2500,,,nan,-1,62.0,0
dynamic,C_dyn_maze_dense,1024,conc,full_ft,2,12,full_ft_N1024_conc_s2,astar,,2500,True,478,478,,,1.032258064516129,64,62.0,0
dynamic,C_dyn_maze_dense,1024,conc,full_ft,2,12,full_ft_N1024_conc_s2,focal,1.0,2500,False,2500,2500,,,nan,-1,62.0,0
dynamic,C_dyn_maze_dense,1024,conc,lora,0,12,lora_N1024_conc_s0,astar,,2500,True,695,695,,,1.0483870967741935,65,62.0,0
dynamic,C_dyn_maze_dense,1024,conc,lora,0,12,lora_N1024_conc_s0,focal,1.0,2500,False,2500,2500,,,nan,-1,62.0,0
dynamic,C_dyn_maze_dense,1024,conc,lora,1,12,lora_N1024_conc_s1,astar,,2500,True,534,534,,,1.0161290322580645,63,62.0,0
dynamic,C_dyn_maze_dense,1024,conc,lora,1,12,lora_N1024_conc_s1,focal,1.0,2500,False,2500,2500,,,nan,-1,62.0,0
dynamic,C_dyn_maze_dense,1024,conc,lora,2,12,lora_N1024_conc_s2,astar,,2500,True,533,533,,,1.0483870967741935,65,62.0,0
dynamic,C_dyn_maze_dense,1024,conc,lora,2,12,lora_N1024_conc_s2,focal,1.0,2500,False,2500,2500,,,nan,-1,62.0,0
dynamic,C_dyn_maze_dense,1024,conc,scratch,0,12,scratch_N1024_conc_s0,astar,,2500,True,633,633,,,1.0,62,62.0,0
dynamic,C_dyn_maze_dense,1024,conc,scratch,0,12,scratch_N1024_conc_s0,focal,1.0,2500,False,2500,2500,,,nan,-1,62.0,0
dynamic,C_dyn_maze_dense,1024,conc,scratch,1,12,scratch_N1024_conc_s1,astar,,2500,True,505,505,,,1.0,62,62.0,0
dynamic,C_dyn_maze_dense,1024,conc,scratch,1,12,scratch_N1024_conc_s1,focal,1.0,2500,False,2500,2500,,,nan,-1,62.0,0
dynamic,C_dyn_maze_dense,1024,conc,scratch,2,12,scratch_N1024_conc_s2,astar,,2500,True,504,504,,,1.0,62,62.0,0
dynamic,C_dyn_maze_dense,1024,conc,scratch,2,12,scratch_N1024_conc_s2,focal,1.0,2500,False,2500,2500,,,nan,-1,62.0,0
dynamic,C_dyn_maze_dense,1024,dist,full_ft,0,12,full_ft_N1024_dist_s0,astar,,2500,True,406,406,,,1.0,62,62.0,0
dynamic,C_dyn_maze_dense,1024,dist,full_ft,0,12,full_ft_N1024_dist_s0,focal,1.0,2500,False,2500,2500,,,nan,-1,62.0,0
dynamic,C_dyn_maze_dense,1024,dist,full_ft,1,12,full_ft_N1024_dist_s1,astar,,2500,True,347,347,,,1.0,62,62.0,0
dynamic,C_dyn_maze_dense,1024,dist,full_ft,1,12,full_ft_N1024_dist_s1,focal,1.0,2500,False,2500,2500,,,nan,-1,62.0,0
dynamic,C_dyn_maze_dense,1024,dist,full_ft,2,12,full_ft_N1024_dist_s2,astar,,2500,True,438,438,,,1.0,62,62.0,0
dynamic,C_dyn_maze_dense,1024,dist,full_ft,2,12,full_ft_N1024_dist_s2,focal,1.0,2500,False,2500,2500,,,nan,-1,62.0,0
dynamic,C_dyn_maze_dense,1024,dist,lora,0,12,lora_N1024_dist_s0,astar,,2500,True,501,501,,,1.0483870967741935,65,62.0,0
dynamic,C_dyn_maze_dense,1024,dist,lora,0,12,lora_N1024_dist_s0,focal,1.0,2500,False,2500,2500,,,nan,-1,62.0,0
dynamic,C_dyn_maze_dense,1024,dist,lora,1,12,lora_N1024_dist_s1,astar,,2500,True,547,547,,,1.0483870967741935,65,62.0,0
dynamic,C_dyn_maze_dense,1024,dist,lora,1,12,lora_N1024_dist_s1,focal,1.0,2500,False,2500,2500,,,nan,-1,62.0,0
dynamic,C_dyn_maze_dense,1024,dist,lora,2,12,lora_N1024_dist_s2,astar,,2500,True,583,583,,,1.0483870967741935,65,62.0,0
dynamic,C_dyn_maze_dense,1024,dist,lora,2,12,lora_N1024_dist_s2,focal,1.0,2500,False,2500,2500,,,nan,-1,62.0,0
dynamic,C_dyn_maze_dense,1024,dist,scratch,0,12,scratch_N1024_dist_s0,astar,,2500,True,727,727,,,1.0,62,62.0,0
dynamic,C_dyn_maze_dense,1024,dist,scratch,0,12,scratch_N1024_dist_s0,focal,1.0,2500,False,2500,2500,,,nan,-1,62.0,0
dynamic,C_dyn_maze_dense,1024,dist,scratch,1,12,scratch_N1024_dist_s1,astar,,2500,True,967,967,,,1.0,62,62.0,0
dynamic,C_dyn_maze_dense,1024,dist,scratch,1,12,scratch_N1024_dist_s1,focal,1.0,2500,False,2500,2500,,,nan,-1,62.0,0
dynamic,C_dyn_maze_dense,1024,dist,scratch,2,12,scratch_N1024_dist_s2,astar,,2500,True,529,529,,,1.0,62,62.0,0
dynamic,C_dyn_maze_dense,1024,dist,scratch,2,12,scratch_N1024_dist_s2,focal,1.0,2500,False,2500,2500,,,nan,-1,62.0,0
dynamic,C_dyn_maze_dense,16384,conc,full_ft,0,12,full_ft_N16384_conc_s0,astar,,2500,True,388,388,,,1.0483870967741935,65,62.0,0
dynamic,C_dyn_maze_dense,16384,conc,full_ft,0,12,full_ft_N16384_conc_s0,focal,1.0,2500,False,2500,2500,,,nan,-1,62.0,0
dynamic,C_dyn_maze_dense,16384,conc,full_ft,1,12,full_ft_N16384_conc_s1,astar,,2500,True,521,521,,,1.0483870967741935,65,62.0,0
dynamic,C_dyn_maze_dense,16384,conc,full_ft,1,12,full_ft_N16384_conc_s1,focal,1.0,2500,False,2500,2500,,,nan,-1,62.0,0
dynamic,C_dyn_maze_dense,16384,conc,full_ft,2,12,full_ft_N16384_conc_s2,astar,,2500,True,465,465,,,1.0483870967741935,65,62.0,0
dynamic,C_dyn_maze_dense,16384,conc,full_ft,2,12,full_ft_N16384_conc_s2,focal,1.0,2500,False,2500,2500,,,nan,-1,62.0,0
dynamic,C_dyn_maze_dense,16384,conc,lora,0,12,lora_N16384_conc_s0,astar,,2500,True,294,294,,,1.0,62,62.0,0
dynamic,C_dyn_maze_dense,16384,conc,lora,0,12,lora_N16384_conc_s0,focal,1.0,2500,False,2500,2500,,,nan,-1,62.0,0
dynamic,C_dyn_maze_dense,16384,conc,lora,1,12,lora_N16384_conc_s1,astar,,2500,True,378,378,,,1.0161290322580645,63,62.0,0
dynamic,C_dyn_maze_dense,16384,conc,lora,1,12,lora_N16384_conc_s1,focal,1.0,2500,False,2500,2500,,,nan,-1,62.0,0
dynamic,C_dyn_maze_dense,16384,conc,lora,2,12,lora_N16384_conc_s2,astar,,2500,True,391,391,,,1.0161290322580645,63,62.0,0
dynamic,C_dyn_maze_dense,16384,conc,lora,2,12,lora_N16384_conc_s2,focal,1.0,2500,False,2500,2500,,,nan,-1,62.0,0
dynamic,C_dyn_maze_dense,16384,conc,scratch,0,12,scratch_N16384_conc_s0,astar,,2500,True,539,539,,,1.0483870967741935,65,62.0,0
dynamic,C_dyn_maze_dense,16384,conc,scratch,0,12,scratch_N16384_conc_s0,focal,1.0,2500,False,2500,2500,,,nan,-1,62.0,0
dynamic,C_dyn_maze_dense,16384,conc,scratch,1,12,scratch_N16384_conc_s1,astar,,2500,True,673,673,,,1.0,62,62.0,0
dynamic,C_dyn_maze_dense,16384,conc,scratch,1,12,scratch_N16384_conc_s1,focal,1.0,2500,False,2500,2500,,,nan,-1,62.0,0
dynamic,C_dyn_maze_dense,16384,conc,scratch,2,12,scratch_N16384_conc_s2,astar,,2500,True,628,628,,,1.0,62,62.0,0
dynamic,C_dyn_maze_dense,16384,conc,scratch,2,12,scratch_N16384_conc_s2,focal,1.0,2500,False,2500,2500,,,nan,-1,62.0,0
dynamic,C_dyn_maze_dense,16384,dist,full_ft,0,12,full_ft_N16384_dist_s0,astar,,2500,True,487,487,,,1.0,62,62.0,0
dynamic,C_dyn_maze_dense,16384,dist,full_ft,0,12,full_ft_N16384_dist_s0,focal,1.0,2500,False,2500,2500,,,nan,-1,62.0,0
dynamic,C_dyn_maze_dense,16384,dist,full_ft,1,12,full_ft_N16384_dist_s1,astar,,2500,True,373,373,,,1.0,62,62.0,0
dynamic,C_dyn_maze_dense,16384,dist,full_ft,1,12,full_ft_N16384_dist_s1,focal,1.0,2500,False,2500,2500,,,nan,-1,62.0,0
dynamic,C_dyn_maze_dense,16384,dist,full_ft,2,12,full_ft_N16384_dist_s2,astar,,2500,True,390,390,,,1.0,62,62.0,0
dynamic,C_dyn_maze_dense,16384,dist,full_ft,2,12,full_ft_N16384_dist_s2,focal,1.0,2500,False,2500,2500,,,nan,-1,62.0,0
dynamic,C_dyn_maze_dense,16384,dist,lora,0,12,lora_N16384_dist_s0,astar,,2500,True,370,370,,,1.0,62,62.0,0
dynamic,C_dyn_maze_dense,16384,dist,lora,0,12,lora_N16384_dist_s0,focal,1.0,2500,False,2500,2500,,,nan,-1,62.0,0
dynamic,C_dyn_maze_dense,16384,dist,lora,1,12,lora_N16384_dist_s1,astar,,2500,True,376,376,,,1.0,62,62.0,0
dynamic,C_dyn_maze_dense,16384,dist,lora,1,12,lora_N16384_dist_s1,focal,1.0,2500,False,2500,2500,,,nan,-1,62.0,0
dynamic,C_dyn_maze_dense,16384,dist,lora,2,12,lora_N16384_dist_s2,astar,,2500,True,338,338,,,1.0,62,62.0,0
dynamic,C_dyn_maze_dense,16384,dist,lora,2,12,lora_N16384_dist_s2,focal,1.0,2500,False,2500,2500,,,nan,-1,62.0,0
dynamic,C_dyn_maze_dense,16384,dist,scratch,0,12,scratch_N16384_dist_s0,astar,,2500,True,582,582,,,1.0,62,62.0,0
dynamic,C_dyn_maze_dense,16384,dist,scratch,0,12,scratch_N16384_dist_s0,focal,1.0,2500,False,2500,2500,,,nan,-1,62.0,0
dynamic,C_dyn_maze_dense,16384,dist,scratch,1,12,scratch_N16384_dist_s1,astar,,2500,True,475,475,,,1.0,62,62.0,0
dynamic,C_dyn_maze_dense,16384,dist,scratch,1,12,scratch_N16384_dist_s1,focal,1.0,2500,False,2500,2500,,,nan,-1,62.0,0
dynamic,C_dyn_maze_dense,16384,dist,scratch,2,12,scratch_N16384_dist_s2,astar,,2500,True,494,494,,,1.0,62,62.0,0
dynamic,C_dyn_maze_dense,16384,dist,scratch,2,12,scratch_N16384_dist_s2,focal,1.0,2500,False,2500,2500,,,nan,-1,62.0,0
dynamic,C_dyn_maze_dense,256,conc,full_ft,0,12,full_ft_N256_conc_s0,astar,,2500,True,544,544,,,1.0161290322580645,63,62.0,0
dynamic,C_dyn_maze_dense,256,conc,full_ft,0,12,full_ft_N256_conc_s0,focal,1.0,2500,False,2500,2500,,,nan,-1,62.0,0
dynamic,C_dyn_maze_dense,256,conc,full_ft,1,12,full_ft_N256_conc_s1,astar,,2500,True,634,634,,,1.0161290322580645,63,62.0,0
dynamic,C_dyn_maze_dense,256,conc,full_ft,1,12,full_ft_N256_conc_s1,focal,1.0,2500,False,2500,2500,,,nan,-1,62.0,0
dynamic,C_dyn_maze_dense,256,conc,full_ft,2,12,full_ft_N256_conc_s2,astar,,2500,True,701,701,,,1.0,62,62.0,0
dynamic,C_dyn_maze_dense,256,conc,full_ft,2,12,full_ft_N256_conc_s2,focal,1.0,2500,False,2500,2500,,,nan,-1,62.0,0
dynamic,C_dyn_maze_dense,256,conc,lora,0,12,lora_N256_conc_s0,astar,,2500,True,911,911,,,1.0,62,62.0,0
dynamic,C_dyn_maze_dense,256,conc,lora,0,12,lora_N256_conc_s0,focal,1.0,2500,False,2500,2500,,,nan,-1,62.0,0
dynamic,C_dyn_maze_dense,256,conc,lora,1,12,lora_N256_conc_s1,astar,,2500,True,779,779,,,1.0,62,62.0,0
dynamic,C_dyn_maze_dense,256,conc,lora,1,12,lora_N256_conc_s1,focal,1.0,2500,False,2500,2500,,,nan,-1,62.0,0
dynamic,C_dyn_maze_dense,256,conc,lora,2,12,lora_N256_conc_s2,astar,,2500,True,596,596,,,1.0,62,62.0,0
dynamic,C_dyn_maze_dense,256,conc,lora,2,12,lora_N256_conc_s2,focal,1.0,2500,False,2500,2500,,,nan,-1,62.0,0
dynamic,C_dyn_maze_dense,256,conc,scratch,0,12,scratch_N256_conc_s0,astar,,2500,True,893,893,,,1.0161290322580645,63,62.0,0
dynamic,C_dyn_maze_dense,256,conc,scratch,0,12,scratch_N256_conc_s0,focal,1.0,2500,False,2500,2500,,,nan,-1,62.0,0
dynamic,C_dyn_maze_dense,256,conc,scratch,1,12,scratch_N256_conc_s1,astar,,2500,True,865,865,,,1.032258064516129,64,62.0,0
dynamic,C_dyn_maze_dense,256,conc,scratch,1,12,scratch_N256_conc_s1,focal,1.0,2500,False,2500,2500,,,nan,-1,62.0,0
dynamic,C_dyn_maze_dense,256,conc,scratch,2,12,scratch_N256_conc_s2,astar,,2500,True,722,722,,,1.0,62,62.0,0
dynamic,C_dyn_maze_dense,256,conc,scratch,2,12,scratch_N256_conc_s2,focal,1.0,2500,False,2500,2500,,,nan,-1,62.0,0
dynamic,C_dyn_maze_dense,256,dist,full_ft,0,12,full_ft_N256_dist_s0,astar,,2500,True,420,420,,,1.0,62,62.0,0
dynamic,C_dyn_maze_dense,256,dist,full_ft,0,12,full_ft_N256_dist_s0,focal,1.0,2500,False,2500,2500,,,nan,-1,62.0,0
dynamic,C_dyn_maze_dense,256,dist,full_ft,1,12,full_ft_N256_dist_s1,astar,,2500,True,455,455,,,1.0,62,62.0,0
dynamic,C_dyn_maze_dense,256,dist,full_ft,1,12,full_ft_N256_dist_s1,focal,1.0,2500,False,2500,2500,,,nan,-1,62.0,0
dynamic,C_dyn_maze_dense,256,dist,full_ft,2,12,full_ft_N256_dist_s2,astar,,2500,True,409,409,,,1.0,62,62.0,0
dynamic,C_dyn_maze_dense,256,dist,full_ft,2,12,full_ft_N256_dist_s2,focal,1.0,2500,False,2500,2500,,,nan,-1,62.0,0
dynamic,C_dyn_maze_dense,256,dist,lora,0,12,lora_N256_dist_s0,astar,,2500,True,558,558,,,1.0483870967741935,65,62.0,0
dynamic,C_dyn_maze_dense,256,dist,lora,0,12,lora_N256_dist_s0,focal,1.0,2500,False,2500,2500,,,nan,-1,62.0,0
dynamic,C_dyn_maze_dense,256,dist,lora,1,12,lora_N256_dist_s1,astar,,2500,True,562,562,,,1.032258064516129,64,62.0,0
dynamic,C_dyn_maze_dense,256,dist,lora,1,12,lora_N256_dist_s1,focal,1.0,2500,False,2500,2500,,,nan,-1,62.0,0
dynamic,C_dyn_maze_dense,256,dist,lora,2,12,lora_N256_dist_s2,astar,,2500,True,553,553,,,1.032258064516129,64,62.0,0
dynamic,C_dyn_maze_dense,256,dist,lora,2,12,lora_N256_dist_s2,focal,1.0,2500,False,2500,2500,,,nan,-1,62.0,0
dynamic,C_dyn_maze_dense,256,dist,scratch,0,12,scratch_N256_dist_s0,astar,,2500,True,908,908,,,1.0,62,62.0,0
dynamic,C_dyn_maze_dense,256,dist,scratch,0,12,scratch_N256_dist_s0,focal,1.0,2500,False,2500,2500,,,nan,-1,62.0,0
dynamic,C_dyn_maze_dense,256,dist,scratch,1,12,scratch_N256_dist_s1,astar,,2500,True,916,916,,,1.0,62,62.0,0
dynamic,C_dyn_maze_dense,256,dist,scratch,1,12,scratch_N256_dist_s1,focal,1.0,2500,False,2500,2500,,,nan,-1,62.0,0
dynamic,C_dyn_maze_dense,256,dist,scratch,2,12,scratch_N256_dist_s2,astar,,2500,True,797,797,,,1.0,62,62.0,0
dynamic,C_dyn_maze_dense,256,dist,scratch,2,12,scratch_N256_dist_s2,focal,1.0,2500,False,2500,2500,,,nan,-1,62.0,0
dynamic,C_dyn_maze_dense,4096,conc,full_ft,0,12,full_ft_N4096_conc_s0,astar,,2500,True,222,222,,,1.0,62,62.0,0
dynamic,C_dyn_maze_dense,4096,conc,full_ft,0,12,full_ft_N4096_conc_s0,focal,1.0,2500,False,2500,2500,,,nan,-1,62.0,0
dynamic,C_dyn_maze_dense,4096,conc,full_ft,1,12,full_ft_N4096_conc_s1,astar,,2500,True,281,281,,,1.032258064516129,64,62.0,0
dynamic,C_dyn_maze_dense,4096,conc,full_ft,1,12,full_ft_N4096_conc_s1,focal,1.0,2500,False,2500,2500,,,nan,-1,62.0,0
dynamic,C_dyn_maze_dense,4096,conc,full_ft,2,12,full_ft_N4096_conc_s2,astar,,2500,True,259,259,,,1.032258064516129,64,62.0,0
dynamic,C_dyn_maze_dense,4096,conc,full_ft,2,12,full_ft_N4096_conc_s2,focal,1.0,2500,False,2500,2500,,,nan,-1,62.0,0
dynamic,C_dyn_maze_dense,4096,conc,lora,0,12,lora_N4096_conc_s0,astar,,2500,True,404,404,,,1.0,62,62.0,0
dynamic,C_dyn_maze_dense,4096,conc,lora,0,12,lora_N4096_conc_s0,focal,1.0,2500,False,2500,2500,,,nan,-1,62.0,0
dynamic,C_dyn_maze_dense,4096,conc,lora,1,12,lora_N4096_conc_s1,astar,,2500,True,363,363,,,1.032258064516129,64,62.0,0
dynamic,C_dyn_maze_dense,4096,conc,lora,1,12,lora_N4096_conc_s1,focal,1.0,2500,False,2500,2500,,,nan,-1,62.0,0
dynamic,C_dyn_maze_dense,4096,conc,lora,2,12,lora_N4096_conc_s2,astar,,2500,True,374,374,,,1.0,62,62.0,0
dynamic,C_dyn_maze_dense,4096,conc,lora,2,12,lora_N4096_conc_s2,focal,1.0,2500,False,2500,2500,,,nan,-1,62.0,0
dynamic,C_dyn_maze_dense,4096,conc,scratch,0,12,scratch_N4096_conc_s0,astar,,2500,True,537,537,,,1.0,62,62.0,0
dynamic,C_dyn_maze_dense,4096,conc,scratch,0,12,scratch_N4096_conc_s0,focal,1.0,2500,False,2500,2500,,,nan,-1,62.0,0
dynamic,C_dyn_maze_dense,4096,conc,scratch,1,12,scratch_N4096_conc_s1,astar,,2500,True,435,435,,,1.0,62,62.0,0
dynamic,C_dyn_maze_dense,4096,conc,scratch,1,12,scratch_N4096_conc_s1,focal,1.0,2500,False,2500,2500,,,nan,-1,62.0,0
dynamic,C_dyn_maze_dense,4096,conc,scratch,2,12,scratch_N4096_conc_s2,astar,,2500,True,476,476,,,1.0,62,62.0,0
dynamic,C_dyn_maze_dense,4096,conc,scratch,2,12,scratch_N4096_conc_s2,focal,1.0,2500,False,2500,2500,,,nan,-1,62.0,0
dynamic,C_dyn_maze_dense,4096,dist,full_ft,0,12,full_ft_N4096_dist_s0,astar,,2500,True,356,356,,,1.0,62,62.0,0
dynamic,C_dyn_maze_dense,4096,dist,full_ft,0,12,full_ft_N4096_dist_s0,focal,1.0,2500,False,2500,2500,,,nan,-1,62.0,0
dynamic,C_dyn_maze_dense,4096,dist,full_ft,1,12,full_ft_N4096_dist_s1,astar,,2500,True,344,344,,,1.0,62,62.0,0
dynamic,C_dyn_maze_dense,4096,dist,full_ft,1,12,full_ft_N4096_dist_s1,focal,1.0,2500,False,2500,2500,,,nan,-1,62.0,0
dynamic,C_dyn_maze_dense,4096,dist,full_ft,2,12,full_ft_N4096_dist_s2,astar,,2500,True,291,291,,,1.0,62,62.0,0
dynamic,C_dyn_maze_dense,4096,dist,full_ft,2,12,full_ft_N4096_dist_s2,focal,1.0,2500,False,2500,2500,,,nan,-1,62.0,0
dynamic,C_dyn_maze_dense,4096,dist,lora,0,12,lora_N4096_dist_s0,astar,,2500,True,342,342,,,1.0,62,62.0,0
dynamic,C_dyn_maze_dense,4096,dist,lora,0,12,lora_N4096_dist_s0,focal,1.0,2500,False,2500,2500,,,nan,-1,62.0,0
dynamic,C_dyn_maze_dense,4096,dist,lora,1,12,lora_N4096_dist_s1,astar,,2500,True,325,325,,,1.0,62,62.0,0
dynamic,C_dyn_maze_dense,4096,dist,lora,1,12,lora_N4096_dist_s1,focal,1.0,2500,False,2500,2500,,,nan,-1,62.0,0
dynamic,C_dyn_maze_dense,4096,dist,lora,2,12,lora_N4096_dist_s2,astar,,2500,True,361,361,,,1.0,62,62.0,0
dynamic,C_dyn_maze_dense,4096,dist,lora,2,12,lora_N4096_dist_s2,focal,1.0,2500,False,2500,2500,,,nan,-1,62.0,0
dynamic,C_dyn_maze_dense,4096,dist,scratch,0,12,scratch_N4096_dist_s0,astar,,2500,True,579,579,,,1.0,62,62.0,0
dynamic,C_dyn_maze_dense,4096,dist,scratch,0,12,scratch_N4096_dist_s0,focal,1.0,2500,False,2500,2500,,,nan,-1,62.0,0
dynamic,C_dyn_maze_dense,4096,dist,scratch,1,12,scratch_N4096_dist_s1,astar,,2500,True,449,449,,,1.0,62,62.0,0
dynamic,C_dyn_maze_dense,4096,dist,scratch,1,12,scratch_N4096_dist_s1,focal,1.0,2500,False,2500,2500,,,nan,-1,62.0,0
dynamic,C_dyn_maze_dense,4096,dist,scratch,2,12,scratch_N4096_dist_s2,astar,,2500,True,555,555,,,1.0,62,62.0,0
dynamic,C_dyn_maze_dense,4096,dist,scratch,2,12,scratch_N4096_dist_s2,focal,1.0,2500,False,2500,2500,,,nan,-1,62.0,0
dynamic,C_dyn_maze_dense,65536,conc,full_ft,0,12,full_ft_N65536_conc_s0,astar,,2500,True,338,338,,,1.0,62,62.0,0
dynamic,C_dyn_maze_dense,65536,conc,full_ft,0,12,full_ft_N65536_conc_s0,focal,1.0,2500,False,2500,2500,,,nan,-1,62.0,0
dynamic,C_dyn_maze_dense,65536,conc,full_ft,1,12,full_ft_N65536_conc_s1,astar,,2500,True,346,346,,,1.0161290322580645,63,62.0,0
dynamic,C_dyn_maze_dense,65536,conc,full_ft,1,12,full_ft_N65536_conc_s1,focal,1.0,2500,False,2500,2500,,,nan,-1,62.0,0
dynamic,C_dyn_maze_dense,65536,conc,full_ft,2,12,full_ft_N65536_conc_s2,astar,,2500,True,311,311,,,1.0,62,62.0,0
dynamic,C_dyn_maze_dense,65536,conc,full_ft,2,12,full_ft_N65536_conc_s2,focal,1.0,2500,False,2500,2500,,,nan,-1,62.0,0
dynamic,C_dyn_maze_dense,65536,conc,lora,0,12,lora_N65536_conc_s0,astar,,2500,True,345,345,,,1.0,62,62.0,0
dynamic,C_dyn_maze_dense,65536,conc,lora,0,12,lora_N65536_conc_s0,focal,1.0,2500,False,2500,2500,,,nan,-1,62.0,0
dynamic,C_dyn_maze_dense,65536,conc,lora,1,12,lora_N65536_conc_s1,astar,,2500,True,333,333,,,1.0,62,62.0,0
dynamic,C_dyn_maze_dense,65536,conc,lora,1,12,lora_N65536_conc_s1,focal,1.0,2500,False,2500,2500,,,nan,-1,62.0,0
dynamic,C_dyn_maze_dense,65536,conc,lora,2,12,lora_N65536_conc_s2,astar,,2500,True,314,314,,,1.0,62,62.0,0
dynamic,C_dyn_maze_dense,65536,conc,lora,2,12,lora_N65536_conc_s2,focal,1.0,2500,False,2500,2500,,,nan,-1,62.0,0
dynamic,C_dyn_maze_dense,65536,conc,scratch,0,12,scratch_N65536_conc_s0,astar,,2500,True,461,461,,,1.0,62,62.0,0
dynamic,C_dyn_maze_dense,65536,conc,scratch,0,12,scratch_N65536_conc_s0,focal,1.0,2500,False,2500,2500,,,nan,-1,62.0,0
dynamic,C_dyn_maze_dense,65536,conc,scratch,1,12,scratch_N65536_conc_s1,astar,,2500,True,439,439,,,1.0,62,62.0,0
dynamic,C_dyn_maze_dense,65536,conc,scratch,1,12,scratch_N65536_conc_s1,focal,1.0,2500,False,2500,2500,,,nan,-1,62.0,0
dynamic,C_dyn_maze_dense,65536,conc,scratch,2,12,scratch_N65536_conc_s2,astar,,2500,True,539,539,,,1.0,62,62.0,0
dynamic,C_dyn_maze_dense,65536,conc,scratch,2,12,scratch_N65536_conc_s2,focal,1.0,2500,False,2500,2500,,,nan,-1,62.0,0
dynamic,C_dyn_maze_dense,65536,dist,full_ft,0,12,full_ft_N65536_dist_s0,astar,,2500,True,253,253,,,1.0,62,62.0,0
dynamic,C_dyn_maze_dense,65536,dist,full_ft,0,12,full_ft_N65536_dist_s0,focal,1.0,2500,False,2500,2500,,,nan,-1,62.0,0
dynamic,C_dyn_maze_dense,65536,dist,full_ft,1,12,full_ft_N65536_dist_s1,astar,,2500,True,313,313,,,1.0,62,62.0,0
dynamic,C_dyn_maze_dense,65536,dist,full_ft,1,12,full_ft_N65536_dist_s1,focal,1.0,2500,False,2500,2500,,,nan,-1,62.0,0
dynamic,C_dyn_maze_dense,65536,dist,full_ft,2,12,full_ft_N65536_dist_s2,astar,,2500,True,357,357,,,1.0,62,62.0,0
dynamic,C_dyn_maze_dense,65536,dist,full_ft,2,12,full_ft_N65536_dist_s2,focal,1.0,2500,False,2500,2500,,,nan,-1,62.0,0
dynamic,C_dyn_maze_dense,65536,dist,lora,0,12,lora_N65536_dist_s0,astar,,2500,True,318,318,,,1.0,62,62.0,0
dynamic,C_dyn_maze_dense,65536,dist,lora,0,12,lora_N65536_dist_s0,focal,1.0,2500,False,2500,2500,,,nan,-1,62.0,0
dynamic,C_dyn_maze_dense,65536,dist,lora,1,12,lora_N65536_dist_s1,astar,,2500,True,278,278,,,1.0,62,62.0,0
dynamic,C_dyn_maze_dense,65536,dist,lora,1,12,lora_N65536_dist_s1,focal,1.0,2500,False,2500,2500,,,nan,-1,62.0,0
dynamic,C_dyn_maze_dense,65536,dist,lora,2,12,lora_N65536_dist_s2,astar,,2500,True,270,270,,,1.0,62,62.0,0
dynamic,C_dyn_maze_dense,65536,dist,lora,2,12,lora_N65536_dist_s2,focal,1.0,2500,False,2500,2500,,,nan,-1,62.0,0
dynamic,C_dyn_maze_dense,65536,dist,scratch,0,12,scratch_N65536_dist_s0,astar,,2500,True,523,523,,,1.0,62,62.0,0
dynamic,C_dyn_maze_dense,65536,dist,scratch,0,12,scratch_N65536_dist_s0,focal,1.0,2500,False,2500,2500,,,nan,-1,62.0,0
dynamic,C_dyn_maze_dense,65536,dist,scratch,1,12,scratch_N65536_dist_s1,astar,,2500,True,425,425,,,1.0,62,62.0,0
dynamic,C_dyn_maze_dense,65536,dist,scratch,1,12,scratch_N65536_dist_s1,focal,1.0,2500,False,2500,2500,,,nan,-1,62.0,0
dynamic,C_dyn_maze_dense,65536,dist,scratch,2,12,scratch_N65536_dist_s2,astar,,2500,True,485,485,,,1.0,62,62.0,0
dynamic,C_dyn_maze_dense,65536,dist,scratch,2,12,scratch_N65536_dist_s2,focal,1.0,2500,False,2500,2500,,,nan,-1,62.0,0
dynamic,C_dyn_maze_dense,-1,,euclid,-1,13,euclid,astar,,2500,False,2500,2500,,,nan,-1,62.0,0
dynamic,C_dyn_maze_dense,-1,,euclid,-1,13,euclid,focal,1.0,2500,False,2500,2500,,,nan,-1,62.0,0
dynamic,C_dyn_maze_dense,-1,,oracle,-1,13,oracle,astar,,2500,True,86,86,,,1.0,62,62.0,0
dynamic,C_dyn_maze_dense,-1,,oracle,-1,13,oracle,focal,1.0,2500,False,2500,2500,,,nan,-1,62.0,0
dynamic,C_dyn_maze_dense,0,,zero_shot,-1,13,zeroshot_field_unet_blind,astar,,2500,True,680,680,,,1.0,62,62.0,0
dynamic,C_dyn_maze_dense,0,,zero_shot,-1,13,zeroshot_field_unet_blind,focal,1.0,2500,False,2500,2500,,,nan,-1,62.0,0
dynamic,C_dyn_maze_dense,1024,conc,full_ft,0,13,full_ft_N1024_conc_s0,astar,,2500,False,2500,2500,,,nan,-1,62.0,0
dynamic,C_dyn_maze_dense,1024,conc,full_ft,0,13,full_ft_N1024_conc_s0,focal,1.0,2500,False,2500,2500,,,nan,-1,62.0,0
dynamic,C_dyn_maze_dense,1024,conc,full_ft,1,13,full_ft_N1024_conc_s1,astar,,2500,False,2500,2500,,,nan,-1,62.0,0
dynamic,C_dyn_maze_dense,1024,conc,full_ft,1,13,full_ft_N1024_conc_s1,focal,1.0,2500,False,2500,2500,,,nan,-1,62.0,0
dynamic,C_dyn_maze_dense,1024,conc,full_ft,2,13,full_ft_N1024_conc_s2,astar,,2500,False,2500,2500,,,nan,-1,62.0,0
dynamic,C_dyn_maze_dense,1024,conc,full_ft,2,13,full_ft_N1024_conc_s2,focal,1.0,2500,False,2500,2500,,,nan,-1,62.0,0
dynamic,C_dyn_maze_dense,1024,conc,lora,0,13,lora_N1024_conc_s0,astar,,2500,True,508,508,,,1.0161290322580645,63,62.0,0
dynamic,C_dyn_maze_dense,1024,conc,lora,0,13,lora_N1024_conc_s0,focal,1.0,2500,False,2500,2500,,,nan,-1,62.0,0
dynamic,C_dyn_maze_dense,1024,conc,lora,1,13,lora_N1024_conc_s1,astar,,2500,True,515,515,,,1.032258064516129,64,62.0,0
dynamic,C_dyn_maze_dense,1024,conc,lora,1,13,lora_N1024_conc_s1,focal,1.0,2500,False,2500,2500,,,nan,-1,62.0,0
dynamic,C_dyn_maze_dense,1024,conc,lora,2,13,lora_N1024_conc_s2,astar,,2500,True,586,586,,,1.0161290322580645,63,62.0,0
dynamic,C_dyn_maze_dense,1024,conc,lora,2,13,lora_N1024_conc_s2,focal,1.0,2500,False,2500,2500,,,nan,-1,62.0,0
dynamic,C_dyn_maze_dense,1024,conc,scratch,0,13,scratch_N1024_conc_s0,astar,,2500,False,2500,2500,,,nan,-1,62.0,0
dynamic,C_dyn_maze_dense,1024,conc,scratch,0,13,scratch_N1024_conc_s0,focal,1.0,2500,False,2500,2500,,,nan,-1,62.0,0
dynamic,C_dyn_maze_dense,1024,conc,scratch,1,13,scratch_N1024_conc_s1,astar,,2500,False,2500,2500,,,nan,-1,62.0,0
dynamic,C_dyn_maze_dense,1024,conc,scratch,1,13,scratch_N1024_conc_s1,focal,1.0,2500,False,2500,2500,,,nan,-1,62.0,0
dynamic,C_dyn_maze_dense,1024,conc,scratch,2,13,scratch_N1024_conc_s2,astar,,2500,False,2500,2500,,,nan,-1,62.0,0
dynamic,C_dyn_maze_dense,1024,conc,scratch,2,13,scratch_N1024_conc_s2,focal,1.0,2500,False,2500,2500,,,nan,-1,62.0,0
dynamic,C_dyn_maze_dense,1024,dist,full_ft,0,13,full_ft_N1024_dist_s0,astar,,2500,True,563,563,,,1.0,62,62.0,0
dynamic,C_dyn_maze_dense,1024,dist,full_ft,0,13,full_ft_N1024_dist_s0,focal,1.0,2500,False,2500,2500,,,nan,-1,62.0,0
dynamic,C_dyn_maze_dense,1024,dist,full_ft,1,13,full_ft_N1024_dist_s1,astar,,2500,True,667,667,,,1.0,62,62.0,0
dynamic,C_dyn_maze_dense,1024,dist,full_ft,1,13,full_ft_N1024_dist_s1,focal,1.0,2500,False,2500,2500,,,nan,-1,62.0,0
dynamic,C_dyn_maze_dense,1024,dist,full_ft,2,13,full_ft_N1024_dist_s2,astar,,2500,True,545,545,,,1.0,62,62.0,0
dynamic,C_dyn_maze_dense,1024,dist,full_ft,2,13,full_ft_N1024_dist_s2,focal,1.0,2500,False,2500,2500,,,nan,-1,62.0,0
dynamic,C_dyn_maze_dense,1024,dist,lora,0,13,lora_N1024_dist_s0,astar,,2500,True,695,695,,,1.0,62,62.0,0
dynamic,C_dyn_maze_dense,1024,dist,lora,0,13,lora_N1024_dist_s0,focal,1.0,2500,False,2500,2500,,,nan,-1,62.0,0
dynamic,C_dyn_maze_dense,1024,dist,lora,1,13,lora_N1024_dist_s1,astar,,2500,True,691,691,,,1.0,62,62.0,0
dynamic,C_dyn_maze_dense,1024,dist,lora,1,13,lora_N1024_dist_s1,focal,1.0,2500,False,2500,2500,,,nan,-1,62.0,0
dynamic,C_dyn_maze_dense,1024,dist,lora,2,13,lora_N1024_dist_s2,astar,,2500,True,596,596,,,1.0,62,62.0,0
dynamic,C_dyn_maze_dense,1024,dist,lora,2,13,lora_N1024_dist_s2,focal,1.0,2500,False,2500,2500,,,nan,-1,62.0,0
dynamic,C_dyn_maze_dense,1024,dist,scratch,0,13,scratch_N1024_dist_s0,astar,,2500,True,597,597,,,1.0,62,62.0,0
dynamic,C_dyn_maze_dense,1024,dist,scratch,0,13,scratch_N1024_dist_s0,focal,1.0,2500,False,2500,2500,,,nan,-1,62.0,0
dynamic,C_dyn_maze_dense,1024,dist,scratch,1,13,scratch_N1024_dist_s1,astar,,2500,True,584,584,,,1.0,62,62.0,0
dynamic,C_dyn_maze_dense,1024,dist,scratch,1,13,scratch_N1024_dist_s1,focal,1.0,2500,False,2500,2500,,,nan,-1,62.0,0
dynamic,C_dyn_maze_dense,1024,dist,scratch,2,13,scratch_N1024_dist_s2,astar,,2500,True,955,955,,,1.0,62,62.0,0
dynamic,C_dyn_maze_dense,1024,dist,scratch,2,13,scratch_N1024_dist_s2,focal,1.0,2500,False,2500,2500,,,nan,-1,62.0,0
dynamic,C_dyn_maze_dense,16384,conc,full_ft,0,13,full_ft_N16384_conc_s0,astar,,2500,True,1853,1853,,,1.1774193548387097,73,62.0,0
dynamic,C_dyn_maze_dense,16384,conc,full_ft,0,13,full_ft_N16384_conc_s0,focal,1.0,2500,False,2500,2500,,,nan,-1,62.0,0
dynamic,C_dyn_maze_dense,16384,conc,full_ft,1,13,full_ft_N16384_conc_s1,astar,,2500,True,2339,2339,,,1.1774193548387097,73,62.0,0
dynamic,C_dyn_maze_dense,16384,conc,full_ft,1,13,full_ft_N16384_conc_s1,focal,1.0,2500,False,2500,2500,,,nan,-1,62.0,0
dynamic,C_dyn_maze_dense,16384,conc,full_ft,2,13,full_ft_N16384_conc_s2,astar,,2500,False,2500,2500,,,nan,-1,62.0,0
dynamic,C_dyn_maze_dense,16384,conc,full_ft,2,13,full_ft_N16384_conc_s2,focal,1.0,2500,False,2500,2500,,,nan,-1,62.0,0
dynamic,C_dyn_maze_dense,16384,conc,lora,0,13,lora_N16384_conc_s0,astar,,2500,True,581,581,,,1.0,62,62.0,0
dynamic,C_dyn_maze_dense,16384,conc,lora,0,13,lora_N16384_conc_s0,focal,1.0,2500,False,2500,2500,,,nan,-1,62.0,0
dynamic,C_dyn_maze_dense,16384,conc,lora,1,13,lora_N16384_conc_s1,astar,,2500,True,593,593,,,1.0161290322580645,63,62.0,0
dynamic,C_dyn_maze_dense,16384,conc,lora,1,13,lora_N16384_conc_s1,focal,1.0,2500,False,2500,2500,,,nan,-1,62.0,0
dynamic,C_dyn_maze_dense,16384,conc,lora,2,13,lora_N16384_conc_s2,astar,,2500,True,583,583,,,1.0,62,62.0,0
dynamic,C_dyn_maze_dense,16384,conc,lora,2,13,lora_N16384_conc_s2,focal,1.0,2500,False,2500,2500,,,nan,-1,62.0,0
dynamic,C_dyn_maze_dense,16384,conc,scratch,0,13,scratch_N16384_conc_s0,astar,,2500,False,2500,2500,,,nan,-1,62.0,0
dynamic,C_dyn_maze_dense,16384,conc,scratch,0,13,scratch_N16384_conc_s0,focal,1.0,2500,False,2500,2500,,,nan,-1,62.0,0
dynamic,C_dyn_maze_dense,16384,conc,scratch,1,13,scratch_N16384_conc_s1,astar,,2500,False,2500,2500,,,nan,-1,62.0,0
dynamic,C_dyn_maze_dense,16384,conc,scratch,1,13,scratch_N16384_conc_s1,focal,1.0,2500,False,2500,2500,,,nan,-1,62.0,0
dynamic,C_dyn_maze_dense,16384,conc,scratch,2,13,scratch_N16384_conc_s2,astar,,2500,False,2500,2500,,,nan,-1,62.0,0
dynamic,C_dyn_maze_dense,16384,conc,scratch,2,13,scratch_N16384_conc_s2,focal,1.0,2500,False,2500,2500,,,nan,-1,62.0,0
dynamic,C_dyn_maze_dense,16384,dist,full_ft,0,13,full_ft_N16384_dist_s0,astar,,2500,True,791,791,,,1.0,62,62.0,0
dynamic,C_dyn_maze_dense,16384,dist,full_ft,0,13,full_ft_N16384_dist_s0,focal,1.0,2500,False,2500,2500,,,nan,-1,62.0,0
dynamic,C_dyn_maze_dense,16384,dist,full_ft,1,13,full_ft_N16384_dist_s1,astar,,2500,True,736,736,,,1.0,62,62.0,0
dynamic,C_dyn_maze_dense,16384,dist,full_ft,1,13,full_ft_N16384_dist_s1,focal,1.0,2500,False,2500,2500,,,nan,-1,62.0,0
dynamic,C_dyn_maze_dense,16384,dist,full_ft,2,13,full_ft_N16384_dist_s2,astar,,2500,True,700,700,,,1.0,62,62.0,0
dynamic,C_dyn_maze_dense,16384,dist,full_ft,2,13,full_ft_N16384_dist_s2,focal,1.0,2500,False,2500,2500,,,nan,-1,62.0,0
dynamic,C_dyn_maze_dense,16384,dist,lora,0,13,lora_N16384_dist_s0,astar,,2500,True,352,352,,,1.0,62,62.0,0
dynamic,C_dyn_maze_dense,16384,dist,lora,0,13,lora_N16384_dist_s0,focal,1.0,2500,False,2500,2500,,,nan,-1,62.0,0
dynamic,C_dyn_maze_dense,16384,dist,lora,1,13,lora_N16384_dist_s1,astar,,2500,True,379,379,,,1.0,62,62.0,0
dynamic,C_dyn_maze_dense,16384,dist,lora,1,13,lora_N16384_dist_s1,focal,1.0,2500,False,2500,2500,,,nan,-1,62.0,0
dynamic,C_dyn_maze_dense,16384,dist,lora,2,13,lora_N16384_dist_s2,astar,,2500,True,386,386,,,1.0,62,62.0,0
dynamic,C_dyn_maze_dense,16384,dist,lora,2,13,lora_N16384_dist_s2,focal,1.0,2500,False,2500,2500,,,nan,-1,62.0,0
dynamic,C_dyn_maze_dense,16384,dist,scratch,0,13,scratch_N16384_dist_s0,astar,,2500,True,655,655,,,1.0,62,62.0,0
dynamic,C_dyn_maze_dense,16384,dist,scratch,0,13,scratch_N16384_dist_s0,focal,1.0,2500,False,2500,2500,,,nan,-1,62.0,0
dynamic,C_dyn_maze_dense,16384,dist,scratch,1,13,scratch_N16384_dist_s1,astar,,2500,True,677,677,,,1.0,62,62.0,0
dynamic,C_dyn_maze_dense,16384,dist,scratch,1,13,scratch_N16384_dist_s1,focal,1.0,2500,False,2500,2500,,,nan,-1,62.0,0
dynamic,C_dyn_maze_dense,16384,dist,scratch,2,13,scratch_N16384_dist_s2,astar,,2500,True,968,968,,,1.0,62,62.0,0
dynamic,C_dyn_maze_dense,16384,dist,scratch,2,13,scratch_N16384_dist_s2,focal,1.0,2500,False,2500,2500,,,nan,-1,62.0,0
dynamic,C_dyn_maze_dense,256,conc,full_ft,0,13,full_ft_N256_conc_s0,astar,,2500,False,2500,2500,,,nan,-1,62.0,0
dynamic,C_dyn_maze_dense,256,conc,full_ft,0,13,full_ft_N256_conc_s0,focal,1.0,2500,False,2500,2500,,,nan,-1,62.0,0
dynamic,C_dyn_maze_dense,256,conc,full_ft,1,13,full_ft_N256_conc_s1,astar,,2500,False,2500,2500,,,nan,-1,62.0,0
dynamic,C_dyn_maze_dense,256,conc,full_ft,1,13,full_ft_N256_conc_s1,focal,1.0,2500,False,2500,2500,,,nan,-1,62.0,0
dynamic,C_dyn_maze_dense,256,conc,full_ft,2,13,full_ft_N256_conc_s2,astar,,2500,False,2500,2500,,,nan,-1,62.0,0
dynamic,C_dyn_maze_dense,256,conc,full_ft,2,13,full_ft_N256_conc_s2,focal,1.0,2500,False,2500,2500,,,nan,-1,62.0,0
dynamic,C_dyn_maze_dense,256,conc,lora,0,13,lora_N256_conc_s0,astar,,2500,True,623,623,,,1.0,62,62.0,0
dynamic,C_dyn_maze_dense,256,conc,lora,0,13,lora_N256_conc_s0,focal,1.0,2500,False,2500,2500,,,nan,-1,62.0,0
dynamic,C_dyn_maze_dense,256,conc,lora,1,13,lora_N256_conc_s1,astar,,2500,True,616,616,,,1.0161290322580645,63,62.0,0
dynamic,C_dyn_maze_dense,256,conc,lora,1,13,lora_N256_conc_s1,focal,1.0,2500,False,2500,2500,,,nan,-1,62.0,0
dynamic,C_dyn_maze_dense,256,conc,lora,2,13,lora_N256_conc_s2,astar,,2500,True,632,632,,,1.0161290322580645,63,62.0,0
dynamic,C_dyn_maze_dense,256,conc,lora,2,13,lora_N256_conc_s2,focal,1.0,2500,False,2500,2500,,,nan,-1,62.0,0
dynamic,C_dyn_maze_dense,256,conc,scratch,0,13,scratch_N256_conc_s0,astar,,2500,False,2500,2500,,,nan,-1,62.0,0
dynamic,C_dyn_maze_dense,256,conc,scratch,0,13,scratch_N256_conc_s0,focal,1.0,2500,False,2500,2500,,,nan,-1,62.0,0
dynamic,C_dyn_maze_dense,256,conc,scratch,1,13,scratch_N256_conc_s1,astar,,2500,False,2500,2500,,,nan,-1,62.0,0
dynamic,C_dyn_maze_dense,256,conc,scratch,1,13,scratch_N256_conc_s1,focal,1.0,2500,False,2500,2500,,,nan,-1,62.0,0
dynamic,C_dyn_maze_dense,256,conc,scratch,2,13,scratch_N256_conc_s2,astar,,2500,False,2500,2500,,,nan,-1,62.0,0
dynamic,C_dyn_maze_dense,256,conc,scratch,2,13,scratch_N256_conc_s2,focal,1.0,2500,False,2500,2500,,,nan,-1,62.0,0
dynamic,C_dyn_maze_dense,256,dist,full_ft,0,13,full_ft_N256_dist_s0,astar,,2500,True,1570,1570,,,1.0,62,62.0,0
dynamic,C_dyn_maze_dense,256,dist,full_ft,0,13,full_ft_N256_dist_s0,focal,1.0,2500,False,2500,2500,,,nan,-1,62.0,0
dynamic,C_dyn_maze_dense,256,dist,full_ft,1,13,full_ft_N256_dist_s1,astar,,2500,True,1263,1263,,,1.0,62,62.0,0
dynamic,C_dyn_maze_dense,256,dist,full_ft,1,13,full_ft_N256_dist_s1,focal,1.0,2500,False,2500,2500,,,nan,-1,62.0,0
dynamic,C_dyn_maze_dense,256,dist,full_ft,2,13,full_ft_N256_dist_s2,astar,,2500,True,1290,1290,,,1.0,62,62.0,0
dynamic,C_dyn_maze_dense,256,dist,full_ft,2,13,full_ft_N256_dist_s2,focal,1.0,2500,False,2500,2500,,,nan,-1,62.0,0
dynamic,C_dyn_maze_dense,256,dist,lora,0,13,lora_N256_dist_s0,astar,,2500,True,815,815,,,1.0,62,62.0,0
dynamic,C_dyn_maze_dense,256,dist,lora,0,13,lora_N256_dist_s0,focal,1.0,2500,False,2500,2500,,,nan,-1,62.0,0
dynamic,C_dyn_maze_dense,256,dist,lora,1,13,lora_N256_dist_s1,astar,,2500,True,818,818,,,1.0,62,62.0,0
dynamic,C_dyn_maze_dense,256,dist,lora,1,13,lora_N256_dist_s1,focal,1.0,2500,False,2500,2500,,,nan,-1,62.0,0
dynamic,C_dyn_maze_dense,256,dist,lora,2,13,lora_N256_dist_s2,astar,,2500,True,836,836,,,1.0161290322580645,63,62.0,0
dynamic,C_dyn_maze_dense,256,dist,lora,2,13,lora_N256_dist_s2,focal,1.0,2500,False,2500,2500,,,nan,-1,62.0,0
dynamic,C_dyn_maze_dense,256,dist,scratch,0,13,scratch_N256_dist_s0,astar,,2500,True,1537,1537,,,1.3064516129032258,81,62.0,0
dynamic,C_dyn_maze_dense,256,dist,scratch,0,13,scratch_N256_dist_s0,focal,1.0,2500,False,2500,2500,,,nan,-1,62.0,0
dynamic,C_dyn_maze_dense,256,dist,scratch,1,13,scratch_N256_dist_s1,astar,,2500,True,1120,1120,,,1.3064516129032258,81,62.0,0
dynamic,C_dyn_maze_dense,256,dist,scratch,1,13,scratch_N256_dist_s1,focal,1.0,2500,False,2500,2500,,,nan,-1,62.0,0
dynamic,C_dyn_maze_dense,256,dist,scratch,2,13,scratch_N256_dist_s2,astar,,2500,True,1140,1140,,,1.3064516129032258,81,62.0,0
dynamic,C_dyn_maze_dense,256,dist,scratch,2,13,scratch_N256_dist_s2,focal,1.0,2500,False,2500,2500,,,nan,-1,62.0,0
dynamic,C_dyn_maze_dense,4096,conc,full_ft,0,13,full_ft_N4096_conc_s0,astar,,2500,True,2118,2118,,,1.1451612903225807,71,62.0,0
dynamic,C_dyn_maze_dense,4096,conc,full_ft,0,13,full_ft_N4096_conc_s0,focal,1.0,2500,False,2500,2500,,,nan,-1,62.0,0
dynamic,C_dyn_maze_dense,4096,conc,full_ft,1,13,full_ft_N4096_conc_s1,astar,,2500,False,2500,2500,,,nan,-1,62.0,0
dynamic,C_dyn_maze_dense,4096,conc,full_ft,1,13,full_ft_N4096_conc_s1,focal,1.0,2500,False,2500,2500,,,nan,-1,62.0,0
dynamic,C_dyn_maze_dense,4096,conc,full_ft,2,13,full_ft_N4096_conc_s2,astar,,2500,True,1995,1995,,,1.1451612903225807,71,62.0,0
dynamic,C_dyn_maze_dense,4096,conc,full_ft,2,13,full_ft_N4096_conc_s2,focal,1.0,2500,False,2500,2500,,,nan,-1,62.0,0
dynamic,C_dyn_maze_dense,4096,conc,lora,0,13,lora_N4096_conc_s0,astar,,2500,True,565,565,,,1.0161290322580645,63,62.0,0
dynamic,C_dyn_maze_dense,4096,conc,lora,0,13,lora_N4096_conc_s0,focal,1.0,2500,False,2500,2500,,,nan,-1,62.0,0
dynamic,C_dyn_maze_dense,4096,conc,lora,1,13,lora_N4096_conc_s1,astar,,2500,True,608,608,,,1.0,62,62.0,0
dynamic,C_dyn_maze_dense,4096,conc,lora,1,13,lora_N4096_conc_s1,focal,1.0,2500,False,2500,2500,,,nan,-1,62.0,0
dynamic,C_dyn_maze_dense,4096,conc,lora,2,13,lora_N4096_conc_s2,astar,,2500,True,555,555,,,1.0,62,62.0,0
dynamic,C_dyn_maze_dense,4096,conc,lora,2,13,lora_N4096_conc_s2,focal,1.0,2500,False,2500,2500,,,nan,-1,62.0,0
dynamic,C_dyn_maze_dense,4096,conc,scratch,0,13,scratch_N4096_conc_s0,astar,,2500,False,2500,2500,,,nan,-1,62.0,0
dynamic,C_dyn_maze_dense,4096,conc,scratch,0,13,scratch_N4096_conc_s0,focal,1.0,2500,False,2500,2500,,,nan,-1,62.0,0
dynamic,C_dyn_maze_dense,4096,conc,scratch,1,13,scratch_N4096_conc_s1,astar,,2500,False,2500,2500,,,nan,-1,62.0,0
dynamic,C_dyn_maze_dense,4096,conc,scratch,1,13,scratch_N4096_conc_s1,focal,1.0,2500,False,2500,2500,,,nan,-1,62.0,0
dynamic,C_dyn_maze_dense,4096,conc,scratch,2,13,scratch_N4096_conc_s2,astar,,2500,False,2500,2500,,,nan,-1,62.0,0
dynamic,C_dyn_maze_dense,4096,conc,scratch,2,13,scratch_N4096_conc_s2,focal,1.0,2500,False,2500,2500,,,nan,-1,62.0,0
dynamic,C_dyn_maze_dense,4096,dist,full_ft,0,13,full_ft_N4096_dist_s0,astar,,2500,True,471,471,,,1.0,62,62.0,0
dynamic,C_dyn_maze_dense,4096,dist,full_ft,0,13,full_ft_N4096_dist_s0,focal,1.0,2500,False,2500,2500,,,nan,-1,62.0,0
dynamic,C_dyn_maze_dense,4096,dist,full_ft,1,13,full_ft_N4096_dist_s1,astar,,2500,True,738,738,,,1.0,62,62.0,0
dynamic,C_dyn_maze_dense,4096,dist,full_ft,1,13,full_ft_N4096_dist_s1,focal,1.0,2500,False,2500,2500,,,nan,-1,62.0,0
dynamic,C_dyn_maze_dense,4096,dist,full_ft,2,13,full_ft_N4096_dist_s2,astar,,2500,True,531,531,,,1.0,62,62.0,0
dynamic,C_dyn_maze_dense,4096,dist,full_ft,2,13,full_ft_N4096_dist_s2,focal,1.0,2500,False,2500,2500,,,nan,-1,62.0,0
dynamic,C_dyn_maze_dense,4096,dist,lora,0,13,lora_N4096_dist_s0,astar,,2500,True,392,392,,,1.0,62,62.0,0
dynamic,C_dyn_maze_dense,4096,dist,lora,0,13,lora_N4096_dist_s0,focal,1.0,2500,False,2500,2500,,,nan,-1,62.0,0
dynamic,C_dyn_maze_dense,4096,dist,lora,1,13,lora_N4096_dist_s1,astar,,2500,True,373,373,,,1.0,62,62.0,0
dynamic,C_dyn_maze_dense,4096,dist,lora,1,13,lora_N4096_dist_s1,focal,1.0,2500,False,2500,2500,,,nan,-1,62.0,0
dynamic,C_dyn_maze_dense,4096,dist,lora,2,13,lora_N4096_dist_s2,astar,,2500,True,417,417,,,1.0,62,62.0,0
dynamic,C_dyn_maze_dense,4096,dist,lora,2,13,lora_N4096_dist_s2,focal,1.0,2500,False,2500,2500,,,nan,-1,62.0,0
dynamic,C_dyn_maze_dense,4096,dist,scratch,0,13,scratch_N4096_dist_s0,astar,,2500,True,432,432,,,1.0,62,62.0,0
dynamic,C_dyn_maze_dense,4096,dist,scratch,0,13,scratch_N4096_dist_s0,focal,1.0,2500,False,2500,2500,,,nan,-1,62.0,0
dynamic,C_dyn_maze_dense,4096,dist,scratch,1,13,scratch_N4096_dist_s1,astar,,2500,True,758,758,,,1.0,62,62.0,0
dynamic,C_dyn_maze_dense,4096,dist,scratch,1,13,scratch_N4096_dist_s1,focal,1.0,2500,False,2500,2500,,,nan,-1,62.0,0
dynamic,C_dyn_maze_dense,4096,dist,scratch,2,13,scratch_N4096_dist_s2,astar,,2500,True,691,691,,,1.0,62,62.0,0
dynamic,C_dyn_maze_dense,4096,dist,scratch,2,13,scratch_N4096_dist_s2,focal,1.0,2500,False,2500,2500,,,nan,-1,62.0,0
dynamic,C_dyn_maze_dense,65536,conc,full_ft,0,13,full_ft_N65536_conc_s0,astar,,2500,True,500,500,,,1.0,62,62.0,0
dynamic,C_dyn_maze_dense,65536,conc,full_ft,0,13,full_ft_N65536_conc_s0,focal,1.0,2500,False,2500,2500,,,nan,-1,62.0,0
dynamic,C_dyn_maze_dense,65536,conc,full_ft,1,13,full_ft_N65536_conc_s1,astar,,2500,True,878,878,,,1.0161290322580645,63,62.0,0
dynamic,C_dyn_maze_dense,65536,conc,full_ft,1,13,full_ft_N65536_conc_s1,focal,1.0,2500,False,2500,2500,,,nan,-1,62.0,0
dynamic,C_dyn_maze_dense,65536,conc,full_ft,2,13,full_ft_N65536_conc_s2,astar,,2500,True,809,809,,,1.0,62,62.0,0
dynamic,C_dyn_maze_dense,65536,conc,full_ft,2,13,full_ft_N65536_conc_s2,focal,1.0,2500,False,2500,2500,,,nan,-1,62.0,0
dynamic,C_dyn_maze_dense,65536,conc,lora,0,13,lora_N65536_conc_s0,astar,,2500,True,492,492,,,1.0161290322580645,63,62.0,0
dynamic,C_dyn_maze_dense,65536,conc,lora,0,13,lora_N65536_conc_s0,focal,1.0,2500,False,2500,2500,,,nan,-1,62.0,0
dynamic,C_dyn_maze_dense,65536,conc,lora,1,13,lora_N65536_conc_s1,astar,,2500,True,544,544,,,1.0,62,62.0,0
dynamic,C_dyn_maze_dense,65536,conc,lora,1,13,lora_N65536_conc_s1,focal,1.0,2500,False,2500,2500,,,nan,-1,62.0,0
dynamic,C_dyn_maze_dense,65536,conc,lora,2,13,lora_N65536_conc_s2,astar,,2500,True,482,482,,,1.0,62,62.0,0
dynamic,C_dyn_maze_dense,65536,conc,lora,2,13,lora_N65536_conc_s2,focal,1.0,2500,False,2500,2500,,,nan,-1,62.0,0
dynamic,C_dyn_maze_dense,65536,conc,scratch,0,13,scratch_N65536_conc_s0,astar,,2500,True,487,487,,,1.0161290322580645,63,62.0,0
dynamic,C_dyn_maze_dense,65536,conc,scratch,0,13,scratch_N65536_conc_s0,focal,1.0,2500,False,2500,2500,,,nan,-1,62.0,0
dynamic,C_dyn_maze_dense,65536,conc,scratch,1,13,scratch_N65536_conc_s1,astar,,2500,True,430,430,,,1.0,62,62.0,0
dynamic,C_dyn_maze_dense,65536,conc,scratch,1,13,scratch_N65536_conc_s1,focal,1.0,2500,False,2500,2500,,,nan,-1,62.0,0
dynamic,C_dyn_maze_dense,65536,conc,scratch,2,13,scratch_N65536_conc_s2,astar,,2500,True,539,539,,,1.0,62,62.0,0
dynamic,C_dyn_maze_dense,65536,conc,scratch,2,13,scratch_N65536_conc_s2,focal,1.0,2500,False,2500,2500,,,nan,-1,62.0,0
dynamic,C_dyn_maze_dense,65536,dist,full_ft,0,13,full_ft_N65536_dist_s0,astar,,2500,True,310,310,,,1.0,62,62.0,0
dynamic,C_dyn_maze_dense,65536,dist,full_ft,0,13,full_ft_N65536_dist_s0,focal,1.0,2500,False,2500,2500,,,nan,-1,62.0,0
dynamic,C_dyn_maze_dense,65536,dist,full_ft,1,13,full_ft_N65536_dist_s1,astar,,2500,True,260,260,,,1.0,62,62.0,0
dynamic,C_dyn_maze_dense,65536,dist,full_ft,1,13,full_ft_N65536_dist_s1,focal,1.0,2500,False,2500,2500,,,nan,-1,62.0,0
dynamic,C_dyn_maze_dense,65536,dist,full_ft,2,13,full_ft_N65536_dist_s2,astar,,2500,True,363,363,,,1.0,62,62.0,0
dynamic,C_dyn_maze_dense,65536,dist,full_ft,2,13,full_ft_N65536_dist_s2,focal,1.0,2500,False,2500,2500,,,nan,-1,62.0,0
dynamic,C_dyn_maze_dense,65536,dist,lora,0,13,lora_N65536_dist_s0,astar,,2500,True,229,229,,,1.0,62,62.0,0
dynamic,C_dyn_maze_dense,65536,dist,lora,0,13,lora_N65536_dist_s0,focal,1.0,2500,False,2500,2500,,,nan,-1,62.0,0
dynamic,C_dyn_maze_dense,65536,dist,lora,1,13,lora_N65536_dist_s1,astar,,2500,True,194,194,,,1.0,62,62.0,0
dynamic,C_dyn_maze_dense,65536,dist,lora,1,13,lora_N65536_dist_s1,focal,1.0,2500,False,2500,2500,,,nan,-1,62.0,0
dynamic,C_dyn_maze_dense,65536,dist,lora,2,13,lora_N65536_dist_s2,astar,,2500,True,178,178,,,1.0,62,62.0,0
dynamic,C_dyn_maze_dense,65536,dist,lora,2,13,lora_N65536_dist_s2,focal,1.0,2500,False,2500,2500,,,nan,-1,62.0,0
dynamic,C_dyn_maze_dense,65536,dist,scratch,0,13,scratch_N65536_dist_s0,astar,,2500,True,233,233,,,1.0,62,62.0,0
dynamic,C_dyn_maze_dense,65536,dist,scratch,0,13,scratch_N65536_dist_s0,focal,1.0,2500,False,2500,2500,,,nan,-1,62.0,0
dynamic,C_dyn_maze_dense,65536,dist,scratch,1,13,scratch_N65536_dist_s1,astar,,2500,True,334,334,,,1.0,62,62.0,0
dynamic,C_dyn_maze_dense,65536,dist,scratch,1,13,scratch_N65536_dist_s1,focal,1.0,2500,False,2500,2500,,,nan,-1,62.0,0
dynamic,C_dyn_maze_dense,65536,dist,scratch,2,13,scratch_N65536_dist_s2,astar,,2500,True,296,296,,,1.0,62,62.0,0
dynamic,C_dyn_maze_dense,65536,dist,scratch,2,13,scratch_N65536_dist_s2,focal,1.0,2500,False,2500,2500,,,nan,-1,62.0,0
dynamic,C_dyn_maze_dense,-1,,euclid,-1,14,euclid,astar,,2500,False,2500,2500,,,nan,-1,58.0,0
dynamic,C_dyn_maze_dense,-1,,euclid,-1,14,euclid,focal,1.0,2500,False,2500,2500,,,nan,-1,58.0,0
dynamic,C_dyn_maze_dense,-1,,oracle,-1,14,oracle,astar,,2500,True,541,541,,,1.0,58,58.0,0
dynamic,C_dyn_maze_dense,-1,,oracle,-1,14,oracle,focal,1.0,2500,False,2500,2500,,,nan,-1,58.0,0
dynamic,C_dyn_maze_dense,0,,zero_shot,-1,14,zeroshot_field_unet_blind,astar,,2500,True,599,599,,,1.0,58,58.0,0
dynamic,C_dyn_maze_dense,0,,zero_shot,-1,14,zeroshot_field_unet_blind,focal,1.0,2500,False,2500,2500,,,nan,-1,58.0,0
dynamic,C_dyn_maze_dense,1024,conc,full_ft,0,14,full_ft_N1024_conc_s0,astar,,2500,True,429,429,,,1.0172413793103448,59,58.0,0
dynamic,C_dyn_maze_dense,1024,conc,full_ft,0,14,full_ft_N1024_conc_s0,focal,1.0,2500,False,2500,2500,,,nan,-1,58.0,0
dynamic,C_dyn_maze_dense,1024,conc,full_ft,1,14,full_ft_N1024_conc_s1,astar,,2500,True,448,448,,,1.0172413793103448,59,58.0,0
dynamic,C_dyn_maze_dense,1024,conc,full_ft,1,14,full_ft_N1024_conc_s1,focal,1.0,2500,False,2500,2500,,,nan,-1,58.0,0
dynamic,C_dyn_maze_dense,1024,conc,full_ft,2,14,full_ft_N1024_conc_s2,astar,,2500,True,465,465,,,1.0172413793103448,59,58.0,0
dynamic,C_dyn_maze_dense,1024,conc,full_ft,2,14,full_ft_N1024_conc_s2,focal,1.0,2500,False,2500,2500,,,nan,-1,58.0,0
dynamic,C_dyn_maze_dense,1024,conc,lora,0,14,lora_N1024_conc_s0,astar,,2500,True,736,736,,,1.0,58,58.0,0
dynamic,C_dyn_maze_dense,1024,conc,lora,0,14,lora_N1024_conc_s0,focal,1.0,2500,False,2500,2500,,,nan,-1,58.0,0
dynamic,C_dyn_maze_dense,1024,conc,lora,1,14,lora_N1024_conc_s1,astar,,2500,True,707,707,,,1.0,58,58.0,0
dynamic,C_dyn_maze_dense,1024,conc,lora,1,14,lora_N1024_conc_s1,focal,1.0,2500,False,2500,2500,,,nan,-1,58.0,0
dynamic,C_dyn_maze_dense,1024,conc,lora,2,14,lora_N1024_conc_s2,astar,,2500,True,666,666,,,1.0,58,58.0,0
dynamic,C_dyn_maze_dense,1024,conc,lora,2,14,lora_N1024_conc_s2,focal,1.0,2500,False,2500,2500,,,nan,-1,58.0,0
dynamic,C_dyn_maze_dense,1024,conc,scratch,0,14,scratch_N1024_conc_s0,astar,,2500,True,481,481,,,1.0172413793103448,59,58.0,0
dynamic,C_dyn_maze_dense,1024,conc,scratch,0,14,scratch_N1024_conc_s0,focal,1.0,2500,False,2500,2500,,,nan,-1,58.0,0
dynamic,C_dyn_maze_dense,1024,conc,scratch,1,14,scratch_N1024_conc_s1,astar,,2500,True,543,543,,,1.0172413793103448,59,58.0,0
dynamic,C_dyn_maze_dense,1024,conc,scratch,1,14,scratch_N1024_conc_s1,focal,1.0,2500,False,2500,2500,,,nan,-1,58.0,0
dynamic,C_dyn_maze_dense,1024,conc,scratch,2,14,scratch_N1024_conc_s2,astar,,2500,True,701,701,,,1.0172413793103448,59,58.0,0
dynamic,C_dyn_maze_dense,1024,conc,scratch,2,14,scratch_N1024_conc_s2,focal,1.0,2500,False,2500,2500,,,nan,-1,58.0,0
dynamic,C_dyn_maze_dense,1024,dist,full_ft,0,14,full_ft_N1024_dist_s0,astar,,2500,True,716,716,,,1.0,58,58.0,0
dynamic,C_dyn_maze_dense,1024,dist,full_ft,0,14,full_ft_N1024_dist_s0,focal,1.0,2500,False,2500,2500,,,nan,-1,58.0,0
dynamic,C_dyn_maze_dense,1024,dist,full_ft,1,14,full_ft_N1024_dist_s1,astar,,2500,True,644,644,,,1.0,58,58.0,0
dynamic,C_dyn_maze_dense,1024,dist,full_ft,1,14,full_ft_N1024_dist_s1,focal,1.0,2500,False,2500,2500,,,nan,-1,58.0,0
dynamic,C_dyn_maze_dense,1024,dist,full_ft,2,14,full_ft_N1024_dist_s2,astar,,2500,True,709,709,,,1.0172413793103448,59,58.0,0
dynamic,C_dyn_maze_dense,1024,dist,full_ft,2,14,full_ft_N1024_dist_s2,focal,1.0,2500,False,2500,2500,,,nan,-1,58.0,0
dynamic,C_dyn_maze_dense,1024,dist,lora,0,14,lora_N1024_dist_s0,astar,,2500,True,457,457,,,1.0344827586206897,60,58.0,0
dynamic,C_dyn_maze_dense,1024,dist,lora,0,14,lora_N1024_dist_s0,focal,1.0,2500,False,2500,2500,,,nan,-1,58.0,0
dynamic,C_dyn_maze_dense,1024,dist,lora,1,14,lora_N1024_dist_s1,astar,,2500,True,382,382,,,1.0344827586206897,60,58.0,0
dynamic,C_dyn_maze_dense,1024,dist,lora,1,14,lora_N1024_dist_s1,focal,1.0,2500,False,2500,2500,,,nan,-1,58.0,0
dynamic,C_dyn_maze_dense,1024,dist,lora,2,14,lora_N1024_dist_s2,astar,,2500,True,387,387,,,1.0344827586206897,60,58.0,0
dynamic,C_dyn_maze_dense,1024,dist,lora,2,14,lora_N1024_dist_s2,focal,1.0,2500,False,2500,2500,,,nan,-1,58.0,0
dynamic,C_dyn_maze_dense,1024,dist,scratch,0,14,scratch_N1024_dist_s0,astar,,2500,True,665,665,,,1.0,58,58.0,0
dynamic,C_dyn_maze_dense,1024,dist,scratch,0,14,scratch_N1024_dist_s0,focal,1.0,2500,False,2500,2500,,,nan,-1,58.0,0
dynamic,C_dyn_maze_dense,1024,dist,scratch,1,14,scratch_N1024_dist_s1,astar,,2500,True,983,983,,,1.0172413793103448,59,58.0,0
dynamic,C_dyn_maze_dense,1024,dist,scratch,1,14,scratch_N1024_dist_s1,focal,1.0,2500,False,2500,2500,,,nan,-1,58.0,0
dynamic,C_dyn_maze_dense,1024,dist,scratch,2,14,scratch_N1024_dist_s2,astar,,2500,True,782,782,,,1.0172413793103448,59,58.0,0
dynamic,C_dyn_maze_dense,1024,dist,scratch,2,14,scratch_N1024_dist_s2,focal,1.0,2500,False,2500,2500,,,nan,-1,58.0,0
dynamic,C_dyn_maze_dense,16384,conc,full_ft,0,14,full_ft_N16384_conc_s0,astar,,2500,True,446,446,,,1.0,58,58.0,0
dynamic,C_dyn_maze_dense,16384,conc,full_ft,0,14,full_ft_N16384_conc_s0,focal,1.0,2500,False,2500,2500,,,nan,-1,58.0,0
dynamic,C_dyn_maze_dense,16384,conc,full_ft,1,14,full_ft_N16384_conc_s1,astar,,2500,True,395,395,,,1.0344827586206897,60,58.0,0
dynamic,C_dyn_maze_dense,16384,conc,full_ft,1,14,full_ft_N16384_conc_s1,focal,1.0,2500,False,2500,2500,,,nan,-1,58.0,0
dynamic,C_dyn_maze_dense,16384,conc,full_ft,2,14,full_ft_N16384_conc_s2,astar,,2500,True,475,475,,,1.0172413793103448,59,58.0,0
dynamic,C_dyn_maze_dense,16384,conc,full_ft,2,14,full_ft_N16384_conc_s2,focal,1.0,2500,False,2500,2500,,,nan,-1,58.0,0
dynamic,C_dyn_maze_dense,16384,conc,lora,0,14,lora_N16384_conc_s0,astar,,2500,True,770,770,,,1.0344827586206897,60,58.0,0
dynamic,C_dyn_maze_dense,16384,conc,lora,0,14,lora_N16384_conc_s0,focal,1.0,2500,False,2500,2500,,,nan,-1,58.0,0
dynamic,C_dyn_maze_dense,16384,conc,lora,1,14,lora_N16384_conc_s1,astar,,2500,True,768,768,,,1.0344827586206897,60,58.0,0
dynamic,C_dyn_maze_dense,16384,conc,lora,1,14,lora_N16384_conc_s1,focal,1.0,2500,False,2500,2500,,,nan,-1,58.0,0
dynamic,C_dyn_maze_dense,16384,conc,lora,2,14,lora_N16384_conc_s2,astar,,2500,True,782,782,,,1.0344827586206897,60,58.0,0
dynamic,C_dyn_maze_dense,16384,conc,lora,2,14,lora_N16384_conc_s2,focal,1.0,2500,False,2500,2500,,,nan,-1,58.0,0
dynamic,C_dyn_maze_dense,16384,conc,scratch,0,14,scratch_N16384_conc_s0,astar,,2500,True,640,640,,,1.0172413793103448,59,58.0,0
dynamic,C_dyn_maze_dense,16384,conc,scratch,0,14,scratch_N16384_conc_s0,focal,1.0,2500,False,2500,2500,,,nan,-1,58.0,0
dynamic,C_dyn_maze_dense,16384,conc,scratch,1,14,scratch_N16384_conc_s1,astar,,2500,True,788,788,,,1.0172413793103448,59,58.0,0
dynamic,C_dyn_maze_dense,16384,conc,scratch,1,14,scratch_N16384_conc_s1,focal,1.0,2500,False,2500,2500,,,nan,-1,58.0,0
dynamic,C_dyn_maze_dense,16384,conc,scratch,2,14,scratch_N16384_conc_s2,astar,,2500,True,798,798,,,1.0172413793103448,59,58.0,0
dynamic,C_dyn_maze_dense,16384,conc,scratch,2,14,scratch_N16384_conc_s2,focal,1.0,2500,False,2500,2500,,,nan,-1,58.0,0
dynamic,C_dyn_maze_dense,16384,dist,full_ft,0,14,full_ft_N16384_dist_s0,astar,,2500,True,470,470,,,1.0517241379310345,61,58.0,0
dynamic,C_dyn_maze_dense,16384,dist,full_ft,0,14,full_ft_N16384_dist_s0,focal,1.0,2500,False,2500,2500,,,nan,-1,58.0,0
dynamic,C_dyn_maze_dense,16384,dist,full_ft,1,14,full_ft_N16384_dist_s1,astar,,2500,True,484,484,,,1.0344827586206897,60,58.0,0
dynamic,C_dyn_maze_dense,16384,dist,full_ft,1,14,full_ft_N16384_dist_s1,focal,1.0,2500,False,2500,2500,,,nan,-1,58.0,0
dynamic,C_dyn_maze_dense,16384,dist,full_ft,2,14,full_ft_N16384_dist_s2,astar,,2500,True,355,355,,,1.0172413793103448,59,58.0,0
dynamic,C_dyn_maze_dense,16384,dist,full_ft,2,14,full_ft_N16384_dist_s2,focal,1.0,2500,False,2500,2500,,,nan,-1,58.0,0
dynamic,C_dyn_maze_dense,16384,dist,lora,0,14,lora_N16384_dist_s0,astar,,2500,True,357,357,,,1.0689655172413792,62,58.0,0
dynamic,C_dyn_maze_dense,16384,dist,lora,0,14,lora_N16384_dist_s0,focal,1.0,2500,False,2500,2500,,,nan,-1,58.0,0
dynamic,C_dyn_maze_dense,16384,dist,lora,1,14,lora_N16384_dist_s1,astar,,2500,True,382,382,,,1.0344827586206897,60,58.0,0
dynamic,C_dyn_maze_dense,16384,dist,lora,1,14,lora_N16384_dist_s1,focal,1.0,2500,False,2500,2500,,,nan,-1,58.0,0
dynamic,C_dyn_maze_dense,16384,dist,lora,2,14,lora_N16384_dist_s2,astar,,2500,True,323,323,,,1.0689655172413792,62,58.0,0
dynamic,C_dyn_maze_dense,16384,dist,lora,2,14,lora_N16384_dist_s2,focal,1.0,2500,False,2500,2500,,,nan,-1,58.0,0
dynamic,C_dyn_maze_dense,16384,dist,scratch,0,14,scratch_N16384_dist_s0,astar,,2500,True,510,510,,,1.0172413793103448,59,58.0,0
dynamic,C_dyn_maze_dense,16384,dist,scratch,0,14,scratch_N16384_dist_s0,focal,1.0,2500,False,2500,2500,,,nan,-1,58.0,0
dynamic,C_dyn_maze_dense,16384,dist,scratch,1,14,scratch_N16384_dist_s1,astar,,2500,True,582,582,,,1.0172413793103448,59,58.0,0
dynamic,C_dyn_maze_dense,16384,dist,scratch,1,14,scratch_N16384_dist_s1,focal,1.0,2500,False,2500,2500,,,nan,-1,58.0,0
dynamic,C_dyn_maze_dense,16384,dist,scratch,2,14,scratch_N16384_dist_s2,astar,,2500,True,565,565,,,1.0,58,58.0,0
dynamic,C_dyn_maze_dense,16384,dist,scratch,2,14,scratch_N16384_dist_s2,focal,1.0,2500,False,2500,2500,,,nan,-1,58.0,0
dynamic,C_dyn_maze_dense,256,conc,full_ft,0,14,full_ft_N256_conc_s0,astar,,2500,True,662,662,,,1.0172413793103448,59,58.0,0
dynamic,C_dyn_maze_dense,256,conc,full_ft,0,14,full_ft_N256_conc_s0,focal,1.0,2500,False,2500,2500,,,nan,-1,58.0,0
dynamic,C_dyn_maze_dense,256,conc,full_ft,1,14,full_ft_N256_conc_s1,astar,,2500,True,912,912,,,1.0172413793103448,59,58.0,0
dynamic,C_dyn_maze_dense,256,conc,full_ft,1,14,full_ft_N256_conc_s1,focal,1.0,2500,False,2500,2500,,,nan,-1,58.0,0
dynamic,C_dyn_maze_dense,256,conc,full_ft,2,14,full_ft_N256_conc_s2,astar,,2500,True,1264,1264,,,1.0172413793103448,59,58.0,0
dynamic,C_dyn_maze_dense,256,conc,full_ft,2,14,full_ft_N256_conc_s2,focal,1.0,2500,False,2500,2500,,,nan,-1,58.0,0
dynamic,C_dyn_maze_dense,256,conc,lora,0,14,lora_N256_conc_s0,astar,,2500,True,972,972,,,1.0,58,58.0,0
dynamic,C_dyn_maze_dense,256,conc,lora,0,14,lora_N256_conc_s0,focal,1.0,2500,False,2500,2500,,,nan,-1,58.0,0
dynamic,C_dyn_maze_dense,256,conc,lora,1,14,lora_N256_conc_s1,astar,,2500,True,806,806,,,1.0172413793103448,59,58.0,0
dynamic,C_dyn_maze_dense,256,conc,lora,1,14,lora_N256_conc_s1,focal,1.0,2500,False,2500,2500,,,nan,-1,58.0,0
dynamic,C_dyn_maze_dense,256,conc,lora,2,14,lora_N256_conc_s2,astar,,2500,True,873,873,,,1.0,58,58.0,0
dynamic,C_dyn_maze_dense,256,conc,lora,2,14,lora_N256_conc_s2,focal,1.0,2500,False,2500,2500,,,nan,-1,58.0,0
dynamic,C_dyn_maze_dense,256,conc,scratch,0,14,scratch_N256_conc_s0,astar,,2500,True,827,827,,,1.0,58,58.0,0
dynamic,C_dyn_maze_dense,256,conc,scratch,0,14,scratch_N256_conc_s0,focal,1.0,2500,False,2500,2500,,,nan,-1,58.0,0
dynamic,C_dyn_maze_dense,256,conc,scratch,1,14,scratch_N256_conc_s1,astar,,2500,True,776,776,,,1.0517241379310345,61,58.0,0
dynamic,C_dyn_maze_dense,256,conc,scratch,1,14,scratch_N256_conc_s1,focal,1.0,2500,False,2500,2500,,,nan,-1,58.0,0
dynamic,C_dyn_maze_dense,256,conc,scratch,2,14,scratch_N256_conc_s2,astar,,2500,True,753,753,,,1.0,58,58.0,0
dynamic,C_dyn_maze_dense,256,conc,scratch,2,14,scratch_N256_conc_s2,focal,1.0,2500,False,2500,2500,,,nan,-1,58.0,0
dynamic,C_dyn_maze_dense,256,dist,full_ft,0,14,full_ft_N256_dist_s0,astar,,2500,True,350,350,,,1.0172413793103448,59,58.0,0
dynamic,C_dyn_maze_dense,256,dist,full_ft,0,14,full_ft_N256_dist_s0,focal,1.0,2500,False,2500,2500,,,nan,-1,58.0,0
dynamic,C_dyn_maze_dense,256,dist,full_ft,1,14,full_ft_N256_dist_s1,astar,,2500,True,325,325,,,1.0172413793103448,59,58.0,0
dynamic,C_dyn_maze_dense,256,dist,full_ft,1,14,full_ft_N256_dist_s1,focal,1.0,2500,False,2500,2500,,,nan,-1,58.0,0
dynamic,C_dyn_maze_dense,256,dist,full_ft,2,14,full_ft_N256_dist_s2,astar,,2500,True,307,307,,,1.0172413793103448,59,58.0,0
dynamic,C_dyn_maze_dense,256,dist,full_ft,2,14,full_ft_N256_dist_s2,focal,1.0,2500,False,2500,2500,,,nan,-1,58.0,0
dynamic,C_dyn_maze_dense,256,dist,lora,0,14,lora_N256_dist_s0,astar,,2500,True,503,503,,,1.0,58,58.0,0
dynamic,C_dyn_maze_dense,256,dist,lora,0,14,lora_N256_dist_s0,focal,1.0,2500,False,2500,2500,,,nan,-1,58.0,0
dynamic,C_dyn_maze_dense,256,dist,lora,1,14,lora_N256_dist_s1,astar,,2500,True,531,531,,,1.0,58,58.0,0
dynamic,C_dyn_maze_dense,256,dist,lora,1,14,lora_N256_dist_s1,focal,1.0,2500,False,2500,2500,,,nan,-1,58.0,0
dynamic,C_dyn_maze_dense,256,dist,lora,2,14,lora_N256_dist_s2,astar,,2500,True,521,521,,,1.0,58,58.0,0
dynamic,C_dyn_maze_dense,256,dist,lora,2,14,lora_N256_dist_s2,focal,1.0,2500,False,2500,2500,,,nan,-1,58.0,0
dynamic,C_dyn_maze_dense,256,dist,scratch,0,14,scratch_N256_dist_s0,astar,,2500,True,588,588,,,1.0172413793103448,59,58.0,0
dynamic,C_dyn_maze_dense,256,dist,scratch,0,14,scratch_N256_dist_s0,focal,1.0,2500,False,2500,2500,,,nan,-1,58.0,0
dynamic,C_dyn_maze_dense,256,dist,scratch,1,14,scratch_N256_dist_s1,astar,,2500,True,763,763,,,1.0172413793103448,59,58.0,0
dynamic,C_dyn_maze_dense,256,dist,scratch,1,14,scratch_N256_dist_s1,focal,1.0,2500,False,2500,2500,,,nan,-1,58.0,0
dynamic,C_dyn_maze_dense,256,dist,scratch,2,14,scratch_N256_dist_s2,astar,,2500,True,841,841,,,1.0172413793103448,59,58.0,0
dynamic,C_dyn_maze_dense,256,dist,scratch,2,14,scratch_N256_dist_s2,focal,1.0,2500,False,2500,2500,,,nan,-1,58.0,0
dynamic,C_dyn_maze_dense,4096,conc,full_ft,0,14,full_ft_N4096_conc_s0,astar,,2500,True,368,368,,,1.0172413793103448,59,58.0,0
dynamic,C_dyn_maze_dense,4096,conc,full_ft,0,14,full_ft_N4096_conc_s0,focal,1.0,2500,False,2500,2500,,,nan,-1,58.0,0
dynamic,C_dyn_maze_dense,4096,conc,full_ft,1,14,full_ft_N4096_conc_s1,astar,,2500,True,535,535,,,1.0172413793103448,59,58.0,0
dynamic,C_dyn_maze_dense,4096,conc,full_ft,1,14,full_ft_N4096_conc_s1,focal,1.0,2500,False,2500,2500,,,nan,-1,58.0,0
dynamic,C_dyn_maze_dense,4096,conc,full_ft,2,14,full_ft_N4096_conc_s2,astar,,2500,True,553,553,,,1.0172413793103448,59,58.0,0
dynamic,C_dyn_maze_dense,4096,conc,full_ft,2,14,full_ft_N4096_conc_s2,focal,1.0,2500,False,2500,2500,,,nan,-1,58.0,0
dynamic,C_dyn_maze_dense,4096,conc,lora,0,14,lora_N4096_conc_s0,astar,,2500,True,965,965,,,1.0172413793103448,59,58.0,0
dynamic,C_dyn_maze_dense,4096,conc,lora,0,14,lora_N4096_conc_s0,focal,1.0,2500,False,2500,2500,,,nan,-1,58.0,0
dynamic,C_dyn_maze_dense,4096,conc,lora,1,14,lora_N4096_conc_s1,astar,,2500,True,971,971,,,1.0172413793103448,59,58.0,0
dynamic,C_dyn_maze_dense,4096,conc,lora,1,14,lora_N4096_conc_s1,focal,1.0,2500,False,2500,2500,,,nan,-1,58.0,0
dynamic,C_dyn_maze_dense,4096,conc,lora,2,14,lora_N4096_conc_s2,astar,,2500,True,932,932,,,1.0172413793103448,59,58.0,0
dynamic,C_dyn_maze_dense,4096,conc,lora,2,14,lora_N4096_conc_s2,focal,1.0,2500,False,2500,2500,,,nan,-1,58.0,0
dynamic,C_dyn_maze_dense,4096,conc,scratch,0,14,scratch_N4096_conc_s0,astar,,2500,True,619,619,,,1.0,58,58.0,0
dynamic,C_dyn_maze_dense,4096,conc,scratch,0,14,scratch_N4096_conc_s0,focal,1.0,2500,False,2500,2500,,,nan,-1,58.0,0
dynamic,C_dyn_maze_dense,4096,conc,scratch,1,14,scratch_N4096_conc_s1,astar,,2500,True,638,638,,,1.0,58,58.0,0
dynamic,C_dyn_maze_dense,4096,conc,scratch,1,14,scratch_N4096_conc_s1,focal,1.0,2500,False,2500,2500,,,nan,-1,58.0,0
dynamic,C_dyn_maze_dense,4096,conc,scratch,2,14,scratch_N4096_conc_s2,astar,,2500,True,648,648,,,1.0,58,58.0,0
dynamic,C_dyn_maze_dense,4096,conc,scratch,2,14,scratch_N4096_conc_s2,focal,1.0,2500,False,2500,2500,,,nan,-1,58.0,0
dynamic,C_dyn_maze_dense,4096,dist,full_ft,0,14,full_ft_N4096_dist_s0,astar,,2500,True,626,626,,,1.0344827586206897,60,58.0,0
dynamic,C_dyn_maze_dense,4096,dist,full_ft,0,14,full_ft_N4096_dist_s0,focal,1.0,2500,False,2500,2500,,,nan,-1,58.0,0
dynamic,C_dyn_maze_dense,4096,dist,full_ft,1,14,full_ft_N4096_dist_s1,astar,,2500,True,788,788,,,1.0172413793103448,59,58.0,0
dynamic,C_dyn_maze_dense,4096,dist,full_ft,1,14,full_ft_N4096_dist_s1,focal,1.0,2500,False,2500,2500,,,nan,-1,58.0,0
dynamic,C_dyn_maze_dense,4096,dist,full_ft,2,14,full_ft_N4096_dist_s2,astar,,2500,True,500,500,,,1.0344827586206897,60,58.0,0
dynamic,C_dyn_maze_dense,4096,dist,full_ft,2,14,full_ft_N4096_dist_s2,focal,1.0,2500,False,2500,2500,,,nan,-1,58.0,0
dynamic,C_dyn_maze_dense,4096,dist,lora,0,14,lora_N4096_dist_s0,astar,,2500,True,440,440,,,1.0344827586206897,60,58.0,0
dynamic,C_dyn_maze_dense,4096,dist,lora,0,14,lora_N4096_dist_s0,focal,1.0,2500,False,2500,2500,,,nan,-1,58.0,0
dynamic,C_dyn_maze_dense,4096,dist,lora,1,14,lora_N4096_dist_s1,astar,,2500,True,421,421,,,1.0,58,58.0,0
dynamic,C_dyn_maze_dense,4096,dist,lora,1,14,lora_N4096_dist_s1,focal,1.0,2500,False,2500,2500,,,nan,-1,58.0,0
dynamic,C_dyn_maze_dense,4096,dist,lora,2,14,lora_N4096_dist_s2,astar,,2500,True,432,432,,,1.0344827586206897,60,58.0,0
dynamic,C_dyn_maze_dense,4096,dist,lora,2,14,lora_N4096_dist_s2,focal,1.0,2500,False,2500,2500,,,nan,-1,58.0,0
dynamic,C_dyn_maze_dense,4096,dist,scratch,0,14,scratch_N4096_dist_s0,astar,,2500,True,780,780,,,1.0344827586206897,60,58.0,0
dynamic,C_dyn_maze_dense,4096,dist,scratch,0,14,scratch_N4096_dist_s0,focal,1.0,2500,False,2500,2500,,,nan,-1,58.0,0
dynamic,C_dyn_maze_dense,4096,dist,scratch,1,14,scratch_N4096_dist_s1,astar,,2500,True,701,701,,,1.0,58,58.0,0
dynamic,C_dyn_maze_dense,4096,dist,scratch,1,14,scratch_N4096_dist_s1,focal,1.0,2500,False,2500,2500,,,nan,-1,58.0,0
dynamic,C_dyn_maze_dense,4096,dist,scratch,2,14,scratch_N4096_dist_s2,astar,,2500,True,611,611,,,1.0,58,58.0,0
dynamic,C_dyn_maze_dense,4096,dist,scratch,2,14,scratch_N4096_dist_s2,focal,1.0,2500,False,2500,2500,,,nan,-1,58.0,0
dynamic,C_dyn_maze_dense,65536,conc,full_ft,0,14,full_ft_N65536_conc_s0,astar,,2500,True,388,388,,,1.0,58,58.0,0
dynamic,C_dyn_maze_dense,65536,conc,full_ft,0,14,full_ft_N65536_conc_s0,focal,1.0,2500,False,2500,2500,,,nan,-1,58.0,0
dynamic,C_dyn_maze_dense,65536,conc,full_ft,1,14,full_ft_N65536_conc_s1,astar,,2500,True,400,400,,,1.0172413793103448,59,58.0,0
dynamic,C_dyn_maze_dense,65536,conc,full_ft,1,14,full_ft_N65536_conc_s1,focal,1.0,2500,False,2500,2500,,,nan,-1,58.0,0
dynamic,C_dyn_maze_dense,65536,conc,full_ft,2,14,full_ft_N65536_conc_s2,astar,,2500,True,358,358,,,1.0172413793103448,59,58.0,0
dynamic,C_dyn_maze_dense,65536,conc,full_ft,2,14,full_ft_N65536_conc_s2,focal,1.0,2500,False,2500,2500,,,nan,-1,58.0,0
dynamic,C_dyn_maze_dense,65536,conc,lora,0,14,lora_N65536_conc_s0,astar,,2500,True,334,334,,,1.0344827586206897,60,58.0,0
dynamic,C_dyn_maze_dense,65536,conc,lora,0,14,lora_N65536_conc_s0,focal,1.0,2500,False,2500,2500,,,nan,-1,58.0,0
dynamic,C_dyn_maze_dense,65536,conc,lora,1,14,lora_N65536_conc_s1,astar,,2500,True,354,354,,,1.0344827586206897,60,58.0,0
dynamic,C_dyn_maze_dense,65536,conc,lora,1,14,lora_N65536_conc_s1,focal,1.0,2500,False,2500,2500,,,nan,-1,58.0,0
dynamic,C_dyn_maze_dense,65536,conc,lora,2,14,lora_N65536_conc_s2,astar,,2500,True,305,305,,,1.0344827586206897,60,58.0,0
dynamic,C_dyn_maze_dense,65536,conc,lora,2,14,lora_N65536_conc_s2,focal,1.0,2500,False,2500,2500,,,nan,-1,58.0,0
dynamic,C_dyn_maze_dense,65536,conc,scratch,0,14,scratch_N65536_conc_s0,astar,,2500,True,336,336,,,1.0172413793103448,59,58.0,0
dynamic,C_dyn_maze_dense,65536,conc,scratch,0,14,scratch_N65536_conc_s0,focal,1.0,2500,False,2500,2500,,,nan,-1,58.0,0
dynamic,C_dyn_maze_dense,65536,conc,scratch,1,14,scratch_N65536_conc_s1,astar,,2500,True,289,289,,,1.0,58,58.0,0
dynamic,C_dyn_maze_dense,65536,conc,scratch,1,14,scratch_N65536_conc_s1,focal,1.0,2500,False,2500,2500,,,nan,-1,58.0,0
dynamic,C_dyn_maze_dense,65536,conc,scratch,2,14,scratch_N65536_conc_s2,astar,,2500,True,407,407,,,1.0,58,58.0,0
dynamic,C_dyn_maze_dense,65536,conc,scratch,2,14,scratch_N65536_conc_s2,focal,1.0,2500,False,2500,2500,,,nan,-1,58.0,0
dynamic,C_dyn_maze_dense,65536,dist,full_ft,0,14,full_ft_N65536_dist_s0,astar,,2500,True,593,593,,,1.0,58,58.0,0
dynamic,C_dyn_maze_dense,65536,dist,full_ft,0,14,full_ft_N65536_dist_s0,focal,1.0,2500,False,2500,2500,,,nan,-1,58.0,0
dynamic,C_dyn_maze_dense,65536,dist,full_ft,1,14,full_ft_N65536_dist_s1,astar,,2500,True,511,511,,,1.0172413793103448,59,58.0,0
dynamic,C_dyn_maze_dense,65536,dist,full_ft,1,14,full_ft_N65536_dist_s1,focal,1.0,2500,False,2500,2500,,,nan,-1,58.0,0
dynamic,C_dyn_maze_dense,65536,dist,full_ft,2,14,full_ft_N65536_dist_s2,astar,,2500,True,334,334,,,1.0172413793103448,59,58.0,0
dynamic,C_dyn_maze_dense,65536,dist,full_ft,2,14,full_ft_N65536_dist_s2,focal,1.0,2500,False,2500,2500,,,nan,-1,58.0,0
dynamic,C_dyn_maze_dense,65536,dist,lora,0,14,lora_N65536_dist_s0,astar,,2500,True,156,156,,,1.0172413793103448,59,58.0,0
dynamic,C_dyn_maze_dense,65536,dist,lora,0,14,lora_N65536_dist_s0,focal,1.0,2500,False,2500,2500,,,nan,-1,58.0,0
dynamic,C_dyn_maze_dense,65536,dist,lora,1,14,lora_N65536_dist_s1,astar,,2500,True,210,210,,,1.0,58,58.0,0
dynamic,C_dyn_maze_dense,65536,dist,lora,1,14,lora_N65536_dist_s1,focal,1.0,2500,False,2500,2500,,,nan,-1,58.0,0
dynamic,C_dyn_maze_dense,65536,dist,lora,2,14,lora_N65536_dist_s2,astar,,2500,True,156,156,,,1.0172413793103448,59,58.0,0
dynamic,C_dyn_maze_dense,65536,dist,lora,2,14,lora_N65536_dist_s2,focal,1.0,2500,False,2500,2500,,,nan,-1,58.0,0
dynamic,C_dyn_maze_dense,65536,dist,scratch,0,14,scratch_N65536_dist_s0,astar,,2500,True,522,522,,,1.0172413793103448,59,58.0,0
dynamic,C_dyn_maze_dense,65536,dist,scratch,0,14,scratch_N65536_dist_s0,focal,1.0,2500,False,2500,2500,,,nan,-1,58.0,0
dynamic,C_dyn_maze_dense,65536,dist,scratch,1,14,scratch_N65536_dist_s1,astar,,2500,True,151,151,,,1.0,58,58.0,0
dynamic,C_dyn_maze_dense,65536,dist,scratch,1,14,scratch_N65536_dist_s1,focal,1.0,2500,False,2500,2500,,,nan,-1,58.0,0
dynamic,C_dyn_maze_dense,65536,dist,scratch,2,14,scratch_N65536_dist_s2,astar,,2500,True,343,343,,,1.0,58,58.0,0
dynamic,C_dyn_maze_dense,65536,dist,scratch,2,14,scratch_N65536_dist_s2,focal,1.0,2500,False,2500,2500,,,nan,-1,58.0,0
dynamic,C_dyn_maze_dense,-1,,euclid,-1,15,euclid,astar,,2500,False,2500,2500,,,nan,-1,59.0,0
dynamic,C_dyn_maze_dense,-1,,euclid,-1,15,euclid,focal,1.0,2500,False,2500,2500,,,nan,-1,59.0,0
dynamic,C_dyn_maze_dense,-1,,oracle,-1,15,oracle,astar,,2500,True,97,97,,,1.0,59,59.0,0
dynamic,C_dyn_maze_dense,-1,,oracle,-1,15,oracle,focal,1.0,2500,False,2500,2500,,,nan,-1,59.0,0
dynamic,C_dyn_maze_dense,0,,zero_shot,-1,15,zeroshot_field_unet_blind,astar,,2500,True,1043,1043,,,1.0,59,59.0,0
dynamic,C_dyn_maze_dense,0,,zero_shot,-1,15,zeroshot_field_unet_blind,focal,1.0,2500,False,2500,2500,,,nan,-1,59.0,0
dynamic,C_dyn_maze_dense,1024,conc,full_ft,0,15,full_ft_N1024_conc_s0,astar,,2500,False,2500,2500,,,nan,-1,59.0,0
dynamic,C_dyn_maze_dense,1024,conc,full_ft,0,15,full_ft_N1024_conc_s0,focal,1.0,2500,False,2500,2500,,,nan,-1,59.0,0
dynamic,C_dyn_maze_dense,1024,conc,full_ft,1,15,full_ft_N1024_conc_s1,astar,,2500,False,2500,2500,,,nan,-1,59.0,0
dynamic,C_dyn_maze_dense,1024,conc,full_ft,1,15,full_ft_N1024_conc_s1,focal,1.0,2500,False,2500,2500,,,nan,-1,59.0,0
dynamic,C_dyn_maze_dense,1024,conc,full_ft,2,15,full_ft_N1024_conc_s2,astar,,2500,False,2500,2500,,,nan,-1,59.0,0
dynamic,C_dyn_maze_dense,1024,conc,full_ft,2,15,full_ft_N1024_conc_s2,focal,1.0,2500,False,2500,2500,,,nan,-1,59.0,0
dynamic,C_dyn_maze_dense,1024,conc,lora,0,15,lora_N1024_conc_s0,astar,,2500,True,1413,1413,,,1.1355932203389831,67,59.0,0
dynamic,C_dyn_maze_dense,1024,conc,lora,0,15,lora_N1024_conc_s0,focal,1.0,2500,False,2500,2500,,,nan,-1,59.0,0
dynamic,C_dyn_maze_dense,1024,conc,lora,1,15,lora_N1024_conc_s1,astar,,2500,True,1474,1474,,,1.0,59,59.0,0
dynamic,C_dyn_maze_dense,1024,conc,lora,1,15,lora_N1024_conc_s1,focal,1.0,2500,False,2500,2500,,,nan,-1,59.0,0
dynamic,C_dyn_maze_dense,1024,conc,lora,2,15,lora_N1024_conc_s2,astar,,2500,True,1514,1514,,,1.1355932203389831,67,59.0,0
dynamic,C_dyn_maze_dense,1024,conc,lora,2,15,lora_N1024_conc_s2,focal,1.0,2500,False,2500,2500,,,nan,-1,59.0,0
dynamic,C_dyn_maze_dense,1024,conc,scratch,0,15,scratch_N1024_conc_s0,astar,,2500,False,2500,2500,,,nan,-1,59.0,0
dynamic,C_dyn_maze_dense,1024,conc,scratch,0,15,scratch_N1024_conc_s0,focal,1.0,2500,False,2500,2500,,,nan,-1,59.0,0
dynamic,C_dyn_maze_dense,1024,conc,scratch,1,15,scratch_N1024_conc_s1,astar,,2500,False,2500,2500,,,nan,-1,59.0,0
dynamic,C_dyn_maze_dense,1024,conc,scratch,1,15,scratch_N1024_conc_s1,focal,1.0,2500,False,2500,2500,,,nan,-1,59.0,0
dynamic,C_dyn_maze_dense,1024,conc,scratch,2,15,scratch_N1024_conc_s2,astar,,2500,False,2500,2500,,,nan,-1,59.0,0
dynamic,C_dyn_maze_dense,1024,conc,scratch,2,15,scratch_N1024_conc_s2,focal,1.0,2500,False,2500,2500,,,nan,-1,59.0,0
dynamic,C_dyn_maze_dense,1024,dist,full_ft,0,15,full_ft_N1024_dist_s0,astar,,2500,True,417,417,,,1.0,59,59.0,0
dynamic,C_dyn_maze_dense,1024,dist,full_ft,0,15,full_ft_N1024_dist_s0,focal,1.0,2500,False,2500,2500,,,nan,-1,59.0,0
dynamic,C_dyn_maze_dense,1024,dist,full_ft,1,15,full_ft_N1024_dist_s1,astar,,2500,True,453,453,,,1.0,59,59.0,0
dynamic,C_dyn_maze_dense,1024,dist,full_ft,1,15,full_ft_N1024_dist_s1,focal,1.0,2500,False,2500,2500,,,nan,-1,59.0,0
dynamic,C_dyn_maze_dense,1024,dist,full_ft,2,15,full_ft_N1024_dist_s2,astar,,2500,True,446,446,,,1.0,59,59.0,0
dynamic,C_dyn_maze_dense,1024,dist,full_ft,2,15,full_ft_N1024_dist_s2,focal,1.0,2500,False,2500,2500,,,nan,-1,59.0,0
dynamic,C_dyn_maze_dense,1024,dist,lora,0,15,lora_N1024_dist_s0,astar,,2500,True,699,699,,,1.0169491525423728,60,59.0,0
dynamic,C_dyn_maze_dense,1024,dist,lora,0,15,lora_N1024_dist_s0,focal,1.0,2500,False,2500,2500,,,nan,-1,59.0,0
dynamic,C_dyn_maze_dense,1024,dist,lora,1,15,lora_N1024_dist_s1,astar,,2500,True,681,681,,,1.0169491525423728,60,59.0,0
dynamic,C_dyn_maze_dense,1024,dist,lora,1,15,lora_N1024_dist_s1,focal,1.0,2500,False,2500,2500,,,nan,-1,59.0,0
dynamic,C_dyn_maze_dense,1024,dist,lora,2,15,lora_N1024_dist_s2,astar,,2500,True,827,827,,,1.0,59,59.0,0
dynamic,C_dyn_maze_dense,1024,dist,lora,2,15,lora_N1024_dist_s2,focal,1.0,2500,False,2500,2500,,,nan,-1,59.0,0
dynamic,C_dyn_maze_dense,1024,dist,scratch,0,15,scratch_N1024_dist_s0,astar,,2500,True,620,620,,,1.0,59,59.0,0
dynamic,C_dyn_maze_dense,1024,dist,scratch,0,15,scratch_N1024_dist_s0,focal,1.0,2500,False,2500,2500,,,nan,-1,59.0,0
dynamic,C_dyn_maze_dense,1024,dist,scratch,1,15,scratch_N1024_dist_s1,astar,,2500,True,565,565,,,1.0,59,59.0,0
dynamic,C_dyn_maze_dense,1024,dist,scratch,1,15,scratch_N1024_dist_s1,focal,1.0,2500,False,2500,2500,,,nan,-1,59.0,0
dynamic,C_dyn_maze_dense,1024,dist,scratch,2,15,scratch_N1024_dist_s2,astar,,2500,True,943,943,,,1.1355932203389831,67,59.0,0
dynamic,C_dyn_maze_dense,1024,dist,scratch,2,15,scratch_N1024_dist_s2,focal,1.0,2500,False,2500,2500,,,nan,-1,59.0,0
dynamic,C_dyn_maze_dense,16384,conc,full_ft,0,15,full_ft_N16384_conc_s0,astar,,2500,False,2500,2500,,,nan,-1,59.0,0
dynamic,C_dyn_maze_dense,16384,conc,full_ft,0,15,full_ft_N16384_conc_s0,focal,1.0,2500,False,2500,2500,,,nan,-1,59.0,0
dynamic,C_dyn_maze_dense,16384,conc,full_ft,1,15,full_ft_N16384_conc_s1,astar,,2500,False,2500,2500,,,nan,-1,59.0,0
dynamic,C_dyn_maze_dense,16384,conc,full_ft,1,15,full_ft_N16384_conc_s1,focal,1.0,2500,False,2500,2500,,,nan,-1,59.0,0
dynamic,C_dyn_maze_dense,16384,conc,full_ft,2,15,full_ft_N16384_conc_s2,astar,,2500,False,2500,2500,,,nan,-1,59.0,0
dynamic,C_dyn_maze_dense,16384,conc,full_ft,2,15,full_ft_N16384_conc_s2,focal,1.0,2500,False,2500,2500,,,nan,-1,59.0,0
dynamic,C_dyn_maze_dense,16384,conc,lora,0,15,lora_N16384_conc_s0,astar,,2500,True,1377,1377,,,1.0,59,59.0,0
dynamic,C_dyn_maze_dense,16384,conc,lora,0,15,lora_N16384_conc_s0,focal,1.0,2500,False,2500,2500,,,nan,-1,59.0,0
dynamic,C_dyn_maze_dense,16384,conc,lora,1,15,lora_N16384_conc_s1,astar,,2500,True,1611,1611,,,1.152542372881356,68,59.0,0
dynamic,C_dyn_maze_dense,16384,conc,lora,1,15,lora_N16384_conc_s1,focal,1.0,2500,False,2500,2500,,,nan,-1,59.0,0
dynamic,C_dyn_maze_dense,16384,conc,lora,2,15,lora_N16384_conc_s2,astar,,2500,True,1264,1264,,,1.0,59,59.0,0
dynamic,C_dyn_maze_dense,16384,conc,lora,2,15,lora_N16384_conc_s2,focal,1.0,2500,False,2500,2500,,,nan,-1,59.0,0
dynamic,C_dyn_maze_dense,16384,conc,scratch,0,15,scratch_N16384_conc_s0,astar,,2500,False,2500,2500,,,nan,-1,59.0,0
dynamic,C_dyn_maze_dense,16384,conc,scratch,0,15,scratch_N16384_conc_s0,focal,1.0,2500,False,2500,2500,,,nan,-1,59.0,0
dynamic,C_dyn_maze_dense,16384,conc,scratch,1,15,scratch_N16384_conc_s1,astar,,2500,False,2500,2500,,,nan,-1,59.0,0
dynamic,C_dyn_maze_dense,16384,conc,scratch,1,15,scratch_N16384_conc_s1,focal,1.0,2500,False,2500,2500,,,nan,-1,59.0,0
dynamic,C_dyn_maze_dense,16384,conc,scratch,2,15,scratch_N16384_conc_s2,astar,,2500,False,2500,2500,,,nan,-1,59.0,0
dynamic,C_dyn_maze_dense,16384,conc,scratch,2,15,scratch_N16384_conc_s2,focal,1.0,2500,False,2500,2500,,,nan,-1,59.0,0
dynamic,C_dyn_maze_dense,16384,dist,full_ft,0,15,full_ft_N16384_dist_s0,astar,,2500,True,275,275,,,1.0169491525423728,60,59.0,0
dynamic,C_dyn_maze_dense,16384,dist,full_ft,0,15,full_ft_N16384_dist_s0,focal,1.0,2500,False,2500,2500,,,nan,-1,59.0,0
dynamic,C_dyn_maze_dense,16384,dist,full_ft,1,15,full_ft_N16384_dist_s1,astar,,2500,True,441,441,,,1.0,59,59.0,0
dynamic,C_dyn_maze_dense,16384,dist,full_ft,1,15,full_ft_N16384_dist_s1,focal,1.0,2500,False,2500,2500,,,nan,-1,59.0,0
dynamic,C_dyn_maze_dense,16384,dist,full_ft,2,15,full_ft_N16384_dist_s2,astar,,2500,True,331,331,,,1.0169491525423728,60,59.0,0
dynamic,C_dyn_maze_dense,16384,dist,full_ft,2,15,full_ft_N16384_dist_s2,focal,1.0,2500,False,2500,2500,,,nan,-1,59.0,0
dynamic,C_dyn_maze_dense,16384,dist,lora,0,15,lora_N16384_dist_s0,astar,,2500,True,677,677,,,1.0,59,59.0,0
dynamic,C_dyn_maze_dense,16384,dist,lora,0,15,lora_N16384_dist_s0,focal,1.0,2500,False,2500,2500,,,nan,-1,59.0,0
dynamic,C_dyn_maze_dense,16384,dist,lora,1,15,lora_N16384_dist_s1,astar,,2500,True,773,773,,,1.0,59,59.0,0
dynamic,C_dyn_maze_dense,16384,dist,lora,1,15,lora_N16384_dist_s1,focal,1.0,2500,False,2500,2500,,,nan,-1,59.0,0
dynamic,C_dyn_maze_dense,16384,dist,lora,2,15,lora_N16384_dist_s2,astar,,2500,True,741,741,,,1.0,59,59.0,0
dynamic,C_dyn_maze_dense,16384,dist,lora,2,15,lora_N16384_dist_s2,focal,1.0,2500,False,2500,2500,,,nan,-1,59.0,0
dynamic,C_dyn_maze_dense,16384,dist,scratch,0,15,scratch_N16384_dist_s0,astar,,2500,True,290,290,,,1.0,59,59.0,0
dynamic,C_dyn_maze_dense,16384,dist,scratch,0,15,scratch_N16384_dist_s0,focal,1.0,2500,False,2500,2500,,,nan,-1,59.0,0
dynamic,C_dyn_maze_dense,16384,dist,scratch,1,15,scratch_N16384_dist_s1,astar,,2500,True,612,612,,,1.0,59,59.0,0
dynamic,C_dyn_maze_dense,16384,dist,scratch,1,15,scratch_N16384_dist_s1,focal,1.0,2500,False,2500,2500,,,nan,-1,59.0,0
dynamic,C_dyn_maze_dense,16384,dist,scratch,2,15,scratch_N16384_dist_s2,astar,,2500,True,648,648,,,1.0169491525423728,60,59.0,0
dynamic,C_dyn_maze_dense,16384,dist,scratch,2,15,scratch_N16384_dist_s2,focal,1.0,2500,False,2500,2500,,,nan,-1,59.0,0
dynamic,C_dyn_maze_dense,256,conc,full_ft,0,15,full_ft_N256_conc_s0,astar,,2500,False,2500,2500,,,nan,-1,59.0,0
dynamic,C_dyn_maze_dense,256,conc,full_ft,0,15,full_ft_N256_conc_s0,focal,1.0,2500,False,2500,2500,,,nan,-1,59.0,0
dynamic,C_dyn_maze_dense,256,conc,full_ft,1,15,full_ft_N256_conc_s1,astar,,2500,False,2500,2500,,,nan,-1,59.0,0
dynamic,C_dyn_maze_dense,256,conc,full_ft,1,15,full_ft_N256_conc_s1,focal,1.0,2500,False,2500,2500,,,nan,-1,59.0,0
dynamic,C_dyn_maze_dense,256,conc,full_ft,2,15,full_ft_N256_conc_s2,astar,,2500,False,2500,2500,,,nan,-1,59.0,0
dynamic,C_dyn_maze_dense,256,conc,full_ft,2,15,full_ft_N256_conc_s2,focal,1.0,2500,False,2500,2500,,,nan,-1,59.0,0
dynamic,C_dyn_maze_dense,256,conc,lora,0,15,lora_N256_conc_s0,astar,,2500,True,1169,1169,,,1.152542372881356,68,59.0,0
dynamic,C_dyn_maze_dense,256,conc,lora,0,15,lora_N256_conc_s0,focal,1.0,2500,False,2500,2500,,,nan,-1,59.0,0
dynamic,C_dyn_maze_dense,256,conc,lora,1,15,lora_N256_conc_s1,astar,,2500,True,1058,1058,,,1.152542372881356,68,59.0,0
dynamic,C_dyn_maze_dense,256,conc,lora,1,15,lora_N256_conc_s1,focal,1.0,2500,False,2500,2500,,,nan,-1,59.0,0
dynamic,C_dyn_maze_dense,256,conc,lora,2,15,lora_N256_conc_s2,astar,,2500,True,1027,1027,,,1.152542372881356,68,59.0,0
dynamic,C_dyn_maze_dense,256,conc,lora,2,15,lora_N256_conc_s2,focal,1.0,2500,False,2500,2500,,,nan,-1,59.0,0
dynamic,C_dyn_maze_dense,256,conc,scratch,0,15,scratch_N256_conc_s0,astar,,2500,False,2500,2500,,,nan,-1,59.0,0
dynamic,C_dyn_maze_dense,256,conc,scratch,0,15,scratch_N256_conc_s0,focal,1.0,2500,False,2500,2500,,,nan,-1,59.0,0
dynamic,C_dyn_maze_dense,256,conc,scratch,1,15,scratch_N256_conc_s1,astar,,2500,False,2500,2500,,,nan,-1,59.0,0
dynamic,C_dyn_maze_dense,256,conc,scratch,1,15,scratch_N256_conc_s1,focal,1.0,2500,False,2500,2500,,,nan,-1,59.0,0
dynamic,C_dyn_maze_dense,256,conc,scratch,2,15,scratch_N256_conc_s2,astar,,2500,False,2500,2500,,,nan,-1,59.0,0
dynamic,C_dyn_maze_dense,256,conc,scratch,2,15,scratch_N256_conc_s2,focal,1.0,2500,False,2500,2500,,,nan,-1,59.0,0
dynamic,C_dyn_maze_dense,256,dist,full_ft,0,15,full_ft_N256_dist_s0,astar,,2500,True,515,515,,,1.0,59,59.0,0
dynamic,C_dyn_maze_dense,256,dist,full_ft,0,15,full_ft_N256_dist_s0,focal,1.0,2500,False,2500,2500,,,nan,-1,59.0,0
dynamic,C_dyn_maze_dense,256,dist,full_ft,1,15,full_ft_N256_dist_s1,astar,,2500,True,337,337,,,1.0,59,59.0,0
dynamic,C_dyn_maze_dense,256,dist,full_ft,1,15,full_ft_N256_dist_s1,focal,1.0,2500,False,2500,2500,,,nan,-1,59.0,0
dynamic,C_dyn_maze_dense,256,dist,full_ft,2,15,full_ft_N256_dist_s2,astar,,2500,True,320,320,,,1.0,59,59.0,0
dynamic,C_dyn_maze_dense,256,dist,full_ft,2,15,full_ft_N256_dist_s2,focal,1.0,2500,False,2500,2500,,,nan,-1,59.0,0
dynamic,C_dyn_maze_dense,256,dist,lora,0,15,lora_N256_dist_s0,astar,,2500,True,703,703,,,1.0,59,59.0,0
dynamic,C_dyn_maze_dense,256,dist,lora,0,15,lora_N256_dist_s0,focal,1.0,2500,False,2500,2500,,,nan,-1,59.0,0
dynamic,C_dyn_maze_dense,256,dist,lora,1,15,lora_N256_dist_s1,astar,,2500,True,635,635,,,1.0,59,59.0,0
dynamic,C_dyn_maze_dense,256,dist,lora,1,15,lora_N256_dist_s1,focal,1.0,2500,False,2500,2500,,,nan,-1,59.0,0
dynamic,C_dyn_maze_dense,256,dist,lora,2,15,lora_N256_dist_s2,astar,,2500,True,673,673,,,1.0,59,59.0,0
dynamic,C_dyn_maze_dense,256,dist,lora,2,15,lora_N256_dist_s2,focal,1.0,2500,False,2500,2500,,,nan,-1,59.0,0
dynamic,C_dyn_maze_dense,256,dist,scratch,0,15,scratch_N256_dist_s0,astar,,2500,True,996,996,,,1.1355932203389831,67,59.0,0
dynamic,C_dyn_maze_dense,256,dist,scratch,0,15,scratch_N256_dist_s0,focal,1.0,2500,False,2500,2500,,,nan,-1,59.0,0
dynamic,C_dyn_maze_dense,256,dist,scratch,1,15,scratch_N256_dist_s1,astar,,2500,True,767,767,,,1.0,59,59.0,0
dynamic,C_dyn_maze_dense,256,dist,scratch,1,15,scratch_N256_dist_s1,focal,1.0,2500,False,2500,2500,,,nan,-1,59.0,0
dynamic,C_dyn_maze_dense,256,dist,scratch,2,15,scratch_N256_dist_s2,astar,,2500,True,923,923,,,1.0169491525423728,60,59.0,0
dynamic,C_dyn_maze_dense,256,dist,scratch,2,15,scratch_N256_dist_s2,focal,1.0,2500,False,2500,2500,,,nan,-1,59.0,0
dynamic,C_dyn_maze_dense,4096,conc,full_ft,0,15,full_ft_N4096_conc_s0,astar,,2500,True,1857,1857,,,1.1694915254237288,69,59.0,0
dynamic,C_dyn_maze_dense,4096,conc,full_ft,0,15,full_ft_N4096_conc_s0,focal,1.0,2500,False,2500,2500,,,nan,-1,59.0,0
dynamic,C_dyn_maze_dense,4096,conc,full_ft,1,15,full_ft_N4096_conc_s1,astar,,2500,False,2500,2500,,,nan,-1,59.0,0
dynamic,C_dyn_maze_dense,4096,conc,full_ft,1,15,full_ft_N4096_conc_s1,focal,1.0,2500,False,2500,2500,,,nan,-1,59.0,0
dynamic,C_dyn_maze_dense,4096,conc,full_ft,2,15,full_ft_N4096_conc_s2,astar,,2500,False,2500,2500,,,nan,-1,59.0,0
dynamic,C_dyn_maze_dense,4096,conc,full_ft,2,15,full_ft_N4096_conc_s2,focal,1.0,2500,False,2500,2500,,,nan,-1,59.0,0
dynamic,C_dyn_maze_dense,4096,conc,lora,0,15,lora_N4096_conc_s0,astar,,2500,True,1263,1263,,,1.0,59,59.0,0
dynamic,C_dyn_maze_dense,4096,conc,lora,0,15,lora_N4096_conc_s0,focal,1.0,2500,False,2500,2500,,,nan,-1,59.0,0
dynamic,C_dyn_maze_dense,4096,conc,lora,1,15,lora_N4096_conc_s1,astar,,2500,True,1238,1238,,,1.0,59,59.0,0
dynamic,C_dyn_maze_dense,4096,conc,lora,1,15,lora_N4096_conc_s1,focal,1.0,2500,False,2500,2500,,,nan,-1,59.0,0
dynamic,C_dyn_maze_dense,4096,conc,lora,2,15,lora_N4096_conc_s2,astar,,2500,True,1252,1252,,,1.0,59,59.0,0
dynamic,C_dyn_maze_dense,4096,conc,lora,2,15,lora_N4096_conc_s2,focal,1.0,2500,False,2500,2500,,,nan,-1,59.0,0
dynamic,C_dyn_maze_dense,4096,conc,scratch,0,15,scratch_N4096_conc_s0,astar,,2500,False,2500,2500,,,nan,-1,59.0,0
dynamic,C_dyn_maze_dense,4096,conc,scratch,0,15,scratch_N4096_conc_s0,focal,1.0,2500,False,2500,2500,,,nan,-1,59.0,0
dynamic,C_dyn_maze_dense,4096,conc,scratch,1,15,scratch_N4096_conc_s1,astar,,2500,False,2500,2500,,,nan,-1,59.0,0
dynamic,C_dyn_maze_dense,4096,conc,scratch,1,15,scratch_N4096_conc_s1,focal,1.0,2500,False,2500,2500,,,nan,-1,59.0,0
dynamic,C_dyn_maze_dense,4096,conc,scratch,2,15,scratch_N4096_conc_s2,astar,,2500,False,2500,2500,,,nan,-1,59.0,0
dynamic,C_dyn_maze_dense,4096,conc,scratch,2,15,scratch_N4096_conc_s2,focal,1.0,2500,False,2500,2500,,,nan,-1,59.0,0
dynamic,C_dyn_maze_dense,4096,dist,full_ft,0,15,full_ft_N4096_dist_s0,astar,,2500,True,885,885,,,1.0,59,59.0,0
dynamic,C_dyn_maze_dense,4096,dist,full_ft,0,15,full_ft_N4096_dist_s0,focal,1.0,2500,False,2500,2500,,,nan,-1,59.0,0
dynamic,C_dyn_maze_dense,4096,dist,full_ft,1,15,full_ft_N4096_dist_s1,astar,,2500,True,889,889,,,1.1864406779661016,70,59.0,0
dynamic,C_dyn_maze_dense,4096,dist,full_ft,1,15,full_ft_N4096_dist_s1,focal,1.0,2500,False,2500,2500,,,nan,-1,59.0,0
dynamic,C_dyn_maze_dense,4096,dist,full_ft,2,15,full_ft_N4096_dist_s2,astar,,2500,True,555,555,,,1.0,59,59.0,0
dynamic,C_dyn_maze_dense,4096,dist,full_ft,2,15,full_ft_N4096_dist_s2,focal,1.0,2500,False,2500,2500,,,nan,-1,59.0,0
dynamic,C_dyn_maze_dense,4096,dist,lora,0,15,lora_N4096_dist_s0,astar,,2500,True,918,918,,,1.0,59,59.0,0
dynamic,C_dyn_maze_dense,4096,dist,lora,0,15,lora_N4096_dist_s0,focal,1.0,2500,False,2500,2500,,,nan,-1,59.0,0
dynamic,C_dyn_maze_dense,4096,dist,lora,1,15,lora_N4096_dist_s1,astar,,2500,True,938,938,,,1.0,59,59.0,0
dynamic,C_dyn_maze_dense,4096,dist,lora,1,15,lora_N4096_dist_s1,focal,1.0,2500,False,2500,2500,,,nan,-1,59.0,0
dynamic,C_dyn_maze_dense,4096,dist,lora,2,15,lora_N4096_dist_s2,astar,,2500,True,982,982,,,1.0,59,59.0,0
dynamic,C_dyn_maze_dense,4096,dist,lora,2,15,lora_N4096_dist_s2,focal,1.0,2500,False,2500,2500,,,nan,-1,59.0,0
dynamic,C_dyn_maze_dense,4096,dist,scratch,0,15,scratch_N4096_dist_s0,astar,,2500,True,464,464,,,1.0,59,59.0,0
dynamic,C_dyn_maze_dense,4096,dist,scratch,0,15,scratch_N4096_dist_s0,focal,1.0,2500,False,2500,2500,,,nan,-1,59.0,0
dynamic,C_dyn_maze_dense,4096,dist,scratch,1,15,scratch_N4096_dist_s1,astar,,2500,True,357,357,,,1.0,59,59.0,0
dynamic,C_dyn_maze_dense,4096,dist,scratch,1,15,scratch_N4096_dist_s1,focal,1.0,2500,False,2500,2500,,,nan,-1,59.0,0
dynamic,C_dyn_maze_dense,4096,dist,scratch,2,15,scratch_N4096_dist_s2,astar,,2500,True,601,601,,,1.0169491525423728,60,59.0,0
dynamic,C_dyn_maze_dense,4096,dist,scratch,2,15,scratch_N4096_dist_s2,focal,1.0,2500,False,2500,2500,,,nan,-1,59.0,0
dynamic,C_dyn_maze_dense,65536,conc,full_ft,0,15,full_ft_N65536_conc_s0,astar,,2500,True,521,521,,,1.0,59,59.0,0
dynamic,C_dyn_maze_dense,65536,conc,full_ft,0,15,full_ft_N65536_conc_s0,focal,1.0,2500,False,2500,2500,,,nan,-1,59.0,0
dynamic,C_dyn_maze_dense,65536,conc,full_ft,1,15,full_ft_N65536_conc_s1,astar,,2500,True,435,435,,,1.0,59,59.0,0
dynamic,C_dyn_maze_dense,65536,conc,full_ft,1,15,full_ft_N65536_conc_s1,focal,1.0,2500,False,2500,2500,,,nan,-1,59.0,0
dynamic,C_dyn_maze_dense,65536,conc,full_ft,2,15,full_ft_N65536_conc_s2,astar,,2500,True,633,633,,,1.0169491525423728,60,59.0,0
dynamic,C_dyn_maze_dense,65536,conc,full_ft,2,15,full_ft_N65536_conc_s2,focal,1.0,2500,False,2500,2500,,,nan,-1,59.0,0
dynamic,C_dyn_maze_dense,65536,conc,lora,0,15,lora_N65536_conc_s0,astar,,2500,True,519,519,,,1.0,59,59.0,0
dynamic,C_dyn_maze_dense,65536,conc,lora,0,15,lora_N65536_conc_s0,focal,1.0,2500,False,2500,2500,,,nan,-1,59.0,0
dynamic,C_dyn_maze_dense,65536,conc,lora,1,15,lora_N65536_conc_s1,astar,,2500,True,550,550,,,1.0,59,59.0,0
dynamic,C_dyn_maze_dense,65536,conc,lora,1,15,lora_N65536_conc_s1,focal,1.0,2500,False,2500,2500,,,nan,-1,59.0,0
dynamic,C_dyn_maze_dense,65536,conc,lora,2,15,lora_N65536_conc_s2,astar,,2500,True,572,572,,,1.0,59,59.0,0
dynamic,C_dyn_maze_dense,65536,conc,lora,2,15,lora_N65536_conc_s2,focal,1.0,2500,False,2500,2500,,,nan,-1,59.0,0
dynamic,C_dyn_maze_dense,65536,conc,scratch,0,15,scratch_N65536_conc_s0,astar,,2500,True,736,736,,,1.0,59,59.0,0
dynamic,C_dyn_maze_dense,65536,conc,scratch,0,15,scratch_N65536_conc_s0,focal,1.0,2500,False,2500,2500,,,nan,-1,59.0,0
dynamic,C_dyn_maze_dense,65536,conc,scratch,1,15,scratch_N65536_conc_s1,astar,,2500,True,513,513,,,1.0,59,59.0,0
dynamic,C_dyn_maze_dense,65536,conc,scratch,1,15,scratch_N65536_conc_s1,focal,1.0,2500,False,2500,2500,,,nan,-1,59.0,0
dynamic,C_dyn_maze_dense,65536,conc,scratch,2,15,scratch_N65536_conc_s2,astar,,2500,True,1199,1199,,,1.0,59,59.0,0
dynamic,C_dyn_maze_dense,65536,conc,scratch,2,15,scratch_N65536_conc_s2,focal,1.0,2500,False,2500,2500,,,nan,-1,59.0,0
dynamic,C_dyn_maze_dense,65536,dist,full_ft,0,15,full_ft_N65536_dist_s0,astar,,2500,True,367,367,,,1.0,59,59.0,0
dynamic,C_dyn_maze_dense,65536,dist,full_ft,0,15,full_ft_N65536_dist_s0,focal,1.0,2500,False,2500,2500,,,nan,-1,59.0,0
dynamic,C_dyn_maze_dense,65536,dist,full_ft,1,15,full_ft_N65536_dist_s1,astar,,2500,True,419,419,,,1.0,59,59.0,0
dynamic,C_dyn_maze_dense,65536,dist,full_ft,1,15,full_ft_N65536_dist_s1,focal,1.0,2500,False,2500,2500,,,nan,-1,59.0,0
dynamic,C_dyn_maze_dense,65536,dist,full_ft,2,15,full_ft_N65536_dist_s2,astar,,2500,True,273,273,,,1.0,59,59.0,0
dynamic,C_dyn_maze_dense,65536,dist,full_ft,2,15,full_ft_N65536_dist_s2,focal,1.0,2500,False,2500,2500,,,nan,-1,59.0,0
dynamic,C_dyn_maze_dense,65536,dist,lora,0,15,lora_N65536_dist_s0,astar,,2500,True,518,518,,,1.0,59,59.0,0
dynamic,C_dyn_maze_dense,65536,dist,lora,0,15,lora_N65536_dist_s0,focal,1.0,2500,False,2500,2500,,,nan,-1,59.0,0
dynamic,C_dyn_maze_dense,65536,dist,lora,1,15,lora_N65536_dist_s1,astar,,2500,True,463,463,,,1.0,59,59.0,0
dynamic,C_dyn_maze_dense,65536,dist,lora,1,15,lora_N65536_dist_s1,focal,1.0,2500,False,2500,2500,,,nan,-1,59.0,0
dynamic,C_dyn_maze_dense,65536,dist,lora,2,15,lora_N65536_dist_s2,astar,,2500,True,435,435,,,1.0,59,59.0,0
dynamic,C_dyn_maze_dense,65536,dist,lora,2,15,lora_N65536_dist_s2,focal,1.0,2500,False,2500,2500,,,nan,-1,59.0,0
dynamic,C_dyn_maze_dense,65536,dist,scratch,0,15,scratch_N65536_dist_s0,astar,,2500,True,434,434,,,1.0,59,59.0,0
dynamic,C_dyn_maze_dense,65536,dist,scratch,0,15,scratch_N65536_dist_s0,focal,1.0,2500,False,2500,2500,,,nan,-1,59.0,0
dynamic,C_dyn_maze_dense,65536,dist,scratch,1,15,scratch_N65536_dist_s1,astar,,2500,True,194,194,,,1.0,59,59.0,0
dynamic,C_dyn_maze_dense,65536,dist,scratch,1,15,scratch_N65536_dist_s1,focal,1.0,2500,False,2500,2500,,,nan,-1,59.0,0
dynamic,C_dyn_maze_dense,65536,dist,scratch,2,15,scratch_N65536_dist_s2,astar,,2500,True,236,236,,,1.0169491525423728,60,59.0,0
dynamic,C_dyn_maze_dense,65536,dist,scratch,2,15,scratch_N65536_dist_s2,focal,1.0,2500,False,2500,2500,,,nan,-1,59.0,0
dynamic,C_dyn_maze_dense,-1,,euclid,-1,16,euclid,astar,,2500,False,2500,2500,,,nan,-1,58.0,0
dynamic,C_dyn_maze_dense,-1,,euclid,-1,16,euclid,focal,1.0,2500,False,2500,2500,,,nan,-1,58.0,0
dynamic,C_dyn_maze_dense,-1,,oracle,-1,16,oracle,astar,,2500,True,46,46,,,1.0,58,58.0,0
dynamic,C_dyn_maze_dense,-1,,oracle,-1,16,oracle,focal,1.0,2500,False,2500,2500,,,nan,-1,58.0,0
dynamic,C_dyn_maze_dense,0,,zero_shot,-1,16,zeroshot_field_unet_blind,astar,,2500,True,1710,1710,,,1.0,58,58.0,0
dynamic,C_dyn_maze_dense,0,,zero_shot,-1,16,zeroshot_field_unet_blind,focal,1.0,2500,False,2500,2500,,,nan,-1,58.0,0
dynamic,C_dyn_maze_dense,1024,conc,full_ft,0,16,full_ft_N1024_conc_s0,astar,,2500,False,2500,2500,,,nan,-1,58.0,0
dynamic,C_dyn_maze_dense,1024,conc,full_ft,0,16,full_ft_N1024_conc_s0,focal,1.0,2500,False,2500,2500,,,nan,-1,58.0,0
dynamic,C_dyn_maze_dense,1024,conc,full_ft,1,16,full_ft_N1024_conc_s1,astar,,2500,False,2500,2500,,,nan,-1,58.0,0
dynamic,C_dyn_maze_dense,1024,conc,full_ft,1,16,full_ft_N1024_conc_s1,focal,1.0,2500,False,2500,2500,,,nan,-1,58.0,0
dynamic,C_dyn_maze_dense,1024,conc,full_ft,2,16,full_ft_N1024_conc_s2,astar,,2500,False,2500,2500,,,nan,-1,58.0,0
dynamic,C_dyn_maze_dense,1024,conc,full_ft,2,16,full_ft_N1024_conc_s2,focal,1.0,2500,False,2500,2500,,,nan,-1,58.0,0
dynamic,C_dyn_maze_dense,1024,conc,lora,0,16,lora_N1024_conc_s0,astar,,2500,True,1025,1025,,,1.0172413793103448,59,58.0,0
dynamic,C_dyn_maze_dense,1024,conc,lora,0,16,lora_N1024_conc_s0,focal,1.0,2500,False,2500,2500,,,nan,-1,58.0,0
dynamic,C_dyn_maze_dense,1024,conc,lora,1,16,lora_N1024_conc_s1,astar,,2500,True,997,997,,,1.0172413793103448,59,58.0,0
dynamic,C_dyn_maze_dense,1024,conc,lora,1,16,lora_N1024_conc_s1,focal,1.0,2500,False,2500,2500,,,nan,-1,58.0,0
dynamic,C_dyn_maze_dense,1024,conc,lora,2,16,lora_N1024_conc_s2,astar,,2500,True,1049,1049,,,1.0172413793103448,59,58.0,0
dynamic,C_dyn_maze_dense,1024,conc,lora,2,16,lora_N1024_conc_s2,focal,1.0,2500,False,2500,2500,,,nan,-1,58.0,0
dynamic,C_dyn_maze_dense,1024,conc,scratch,0,16,scratch_N1024_conc_s0,astar,,2500,False,2500,2500,,,nan,-1,58.0,0
dynamic,C_dyn_maze_dense,1024,conc,scratch,0,16,scratch_N1024_conc_s0,focal,1.0,2500,False,2500,2500,,,nan,-1,58.0,0
dynamic,C_dyn_maze_dense,1024,conc,scratch,1,16,scratch_N1024_conc_s1,astar,,2500,False,2500,2500,,,nan,-1,58.0,0
dynamic,C_dyn_maze_dense,1024,conc,scratch,1,16,scratch_N1024_conc_s1,focal,1.0,2500,False,2500,2500,,,nan,-1,58.0,0
dynamic,C_dyn_maze_dense,1024,conc,scratch,2,16,scratch_N1024_conc_s2,astar,,2500,False,2500,2500,,,nan,-1,58.0,0
dynamic,C_dyn_maze_dense,1024,conc,scratch,2,16,scratch_N1024_conc_s2,focal,1.0,2500,False,2500,2500,,,nan,-1,58.0,0
dynamic,C_dyn_maze_dense,1024,dist,full_ft,0,16,full_ft_N1024_dist_s0,astar,,2500,True,818,818,,,1.1551724137931034,67,58.0,0
dynamic,C_dyn_maze_dense,1024,dist,full_ft,0,16,full_ft_N1024_dist_s0,focal,1.0,2500,False,2500,2500,,,nan,-1,58.0,0
dynamic,C_dyn_maze_dense,1024,dist,full_ft,1,16,full_ft_N1024_dist_s1,astar,,2500,True,803,803,,,1.1551724137931034,67,58.0,0
dynamic,C_dyn_maze_dense,1024,dist,full_ft,1,16,full_ft_N1024_dist_s1,focal,1.0,2500,False,2500,2500,,,nan,-1,58.0,0
dynamic,C_dyn_maze_dense,1024,dist,full_ft,2,16,full_ft_N1024_dist_s2,astar,,2500,True,718,718,,,1.1551724137931034,67,58.0,0
dynamic,C_dyn_maze_dense,1024,dist,full_ft,2,16,full_ft_N1024_dist_s2,focal,1.0,2500,False,2500,2500,,,nan,-1,58.0,0
dynamic,C_dyn_maze_dense,1024,dist,lora,0,16,lora_N1024_dist_s0,astar,,2500,True,795,795,,,1.1551724137931034,67,58.0,0
dynamic,C_dyn_maze_dense,1024,dist,lora,0,16,lora_N1024_dist_s0,focal,1.0,2500,False,2500,2500,,,nan,-1,58.0,0
dynamic,C_dyn_maze_dense,1024,dist,lora,1,16,lora_N1024_dist_s1,astar,,2500,True,914,914,,,1.0172413793103448,59,58.0,0
dynamic,C_dyn_maze_dense,1024,dist,lora,1,16,lora_N1024_dist_s1,focal,1.0,2500,False,2500,2500,,,nan,-1,58.0,0
dynamic,C_dyn_maze_dense,1024,dist,lora,2,16,lora_N1024_dist_s2,astar,,2500,True,809,809,,,1.1551724137931034,67,58.0,0
dynamic,C_dyn_maze_dense,1024,dist,lora,2,16,lora_N1024_dist_s2,focal,1.0,2500,False,2500,2500,,,nan,-1,58.0,0
dynamic,C_dyn_maze_dense,1024,dist,scratch,0,16,scratch_N1024_dist_s0,astar,,2500,True,910,910,,,1.1551724137931034,67,58.0,0
dynamic,C_dyn_maze_dense,1024,dist,scratch,0,16,scratch_N1024_dist_s0,focal,1.0,2500,False,2500,2500,,,nan,-1,58.0,0
dynamic,C_dyn_maze_dense,1024,dist,scratch,1,16,scratch_N1024_dist_s1,astar,,2500,True,652,652,,,1.0172413793103448,59,58.0,0
dynamic,C_dyn_maze_dense,1024,dist,scratch,1,16,scratch_N1024_dist_s1,focal,1.0,2500,False,2500,2500,,,nan,-1,58.0,0
dynamic,C_dyn_maze_dense,1024,dist,scratch,2,16,scratch_N1024_dist_s2,astar,,2500,True,595,595,,,1.0172413793103448,59,58.0,0
dynamic,C_dyn_maze_dense,1024,dist,scratch,2,16,scratch_N1024_dist_s2,focal,1.0,2500,False,2500,2500,,,nan,-1,58.0,0
dynamic,C_dyn_maze_dense,16384,conc,full_ft,0,16,full_ft_N16384_conc_s0,astar,,2500,True,1469,1469,,,1.0172413793103448,59,58.0,0
dynamic,C_dyn_maze_dense,16384,conc,full_ft,0,16,full_ft_N16384_conc_s0,focal,1.0,2500,False,2500,2500,,,nan,-1,58.0,0
dynamic,C_dyn_maze_dense,16384,conc,full_ft,1,16,full_ft_N16384_conc_s1,astar,,2500,True,1956,1956,,,1.0517241379310345,61,58.0,0
dynamic,C_dyn_maze_dense,16384,conc,full_ft,1,16,full_ft_N16384_conc_s1,focal,1.0,2500,False,2500,2500,,,nan,-1,58.0,0
dynamic,C_dyn_maze_dense,16384,conc,full_ft,2,16,full_ft_N16384_conc_s2,astar,,2500,False,2500,2500,,,nan,-1,58.0,0
dynamic,C_dyn_maze_dense,16384,conc,full_ft,2,16,full_ft_N16384_conc_s2,focal,1.0,2500,False,2500,2500,,,nan,-1,58.0,0
dynamic,C_dyn_maze_dense,16384,conc,lora,0,16,lora_N16384_conc_s0,astar,,2500,True,1326,1326,,,1.0172413793103448,59,58.0,0
dynamic,C_dyn_maze_dense,16384,conc,lora,0,16,lora_N16384_conc_s0,focal,1.0,2500,False,2500,2500,,,nan,-1,58.0,0
dynamic,C_dyn_maze_dense,16384,conc,lora,1,16,lora_N16384_conc_s1,astar,,2500,True,2405,2405,,,1.0172413793103448,59,58.0,0
dynamic,C_dyn_maze_dense,16384,conc,lora,1,16,lora_N16384_conc_s1,focal,1.0,2500,False,2500,2500,,,nan,-1,58.0,0
dynamic,C_dyn_maze_dense,16384,conc,lora,2,16,lora_N16384_conc_s2,astar,,2500,True,869,869,,,1.0172413793103448,59,58.0,0
dynamic,C_dyn_maze_dense,16384,conc,lora,2,16,lora_N16384_conc_s2,focal,1.0,2500,False,2500,2500,,,nan,-1,58.0,0
dynamic,C_dyn_maze_dense,16384,conc,scratch,0,16,scratch_N16384_conc_s0,astar,,2500,False,2500,2500,,,nan,-1,58.0,0
dynamic,C_dyn_maze_dense,16384,conc,scratch,0,16,scratch_N16384_conc_s0,focal,1.0,2500,False,2500,2500,,,nan,-1,58.0,0
dynamic,C_dyn_maze_dense,16384,conc,scratch,1,16,scratch_N16384_conc_s1,astar,,2500,False,2500,2500,,,nan,-1,58.0,0
dynamic,C_dyn_maze_dense,16384,conc,scratch,1,16,scratch_N16384_conc_s1,focal,1.0,2500,False,2500,2500,,,nan,-1,58.0,0
dynamic,C_dyn_maze_dense,16384,conc,scratch,2,16,scratch_N16384_conc_s2,astar,,2500,False,2500,2500,,,nan,-1,58.0,0
dynamic,C_dyn_maze_dense,16384,conc,scratch,2,16,scratch_N16384_conc_s2,focal,1.0,2500,False,2500,2500,,,nan,-1,58.0,0
dynamic,C_dyn_maze_dense,16384,dist,full_ft,0,16,full_ft_N16384_dist_s0,astar,,2500,True,915,915,,,1.1896551724137931,69,58.0,0
dynamic,C_dyn_maze_dense,16384,dist,full_ft,0,16,full_ft_N16384_dist_s0,focal,1.0,2500,False,2500,2500,,,nan,-1,58.0,0
dynamic,C_dyn_maze_dense,16384,dist,full_ft,1,16,full_ft_N16384_dist_s1,astar,,2500,True,847,847,,,1.1896551724137931,69,58.0,0
dynamic,C_dyn_maze_dense,16384,dist,full_ft,1,16,full_ft_N16384_dist_s1,focal,1.0,2500,False,2500,2500,,,nan,-1,58.0,0
dynamic,C_dyn_maze_dense,16384,dist,full_ft,2,16,full_ft_N16384_dist_s2,astar,,2500,True,739,739,,,1.1551724137931034,67,58.0,0
dynamic,C_dyn_maze_dense,16384,dist,full_ft,2,16,full_ft_N16384_dist_s2,focal,1.0,2500,False,2500,2500,,,nan,-1,58.0,0
dynamic,C_dyn_maze_dense,16384,dist,lora,0,16,lora_N16384_dist_s0,astar,,2500,True,729,729,,,1.0172413793103448,59,58.0,0
dynamic,C_dyn_maze_dense,16384,dist,lora,0,16,lora_N16384_dist_s0,focal,1.0,2500,False,2500,2500,,,nan,-1,58.0,0
dynamic,C_dyn_maze_dense,16384,dist,lora,1,16,lora_N16384_dist_s1,astar,,2500,True,949,949,,,1.0172413793103448,59,58.0,0
dynamic,C_dyn_maze_dense,16384,dist,lora,1,16,lora_N16384_dist_s1,focal,1.0,2500,False,2500,2500,,,nan,-1,58.0,0
dynamic,C_dyn_maze_dense,16384,dist,lora,2,16,lora_N16384_dist_s2,astar,,2500,True,855,855,,,1.0172413793103448,59,58.0,0
dynamic,C_dyn_maze_dense,16384,dist,lora,2,16,lora_N16384_dist_s2,focal,1.0,2500,False,2500,2500,,,nan,-1,58.0,0
dynamic,C_dyn_maze_dense,16384,dist,scratch,0,16,scratch_N16384_dist_s0,astar,,2500,True,474,474,,,1.0172413793103448,59,58.0,0
dynamic,C_dyn_maze_dense,16384,dist,scratch,0,16,scratch_N16384_dist_s0,focal,1.0,2500,False,2500,2500,,,nan,-1,58.0,0
dynamic,C_dyn_maze_dense,16384,dist,scratch,1,16,scratch_N16384_dist_s1,astar,,2500,True,435,435,,,1.0,58,58.0,0
dynamic,C_dyn_maze_dense,16384,dist,scratch,1,16,scratch_N16384_dist_s1,focal,1.0,2500,False,2500,2500,,,nan,-1,58.0,0
dynamic,C_dyn_maze_dense,16384,dist,scratch,2,16,scratch_N16384_dist_s2,astar,,2500,True,338,338,,,1.0172413793103448,59,58.0,0
dynamic,C_dyn_maze_dense,16384,dist,scratch,2,16,scratch_N16384_dist_s2,focal,1.0,2500,False,2500,2500,,,nan,-1,58.0,0
dynamic,C_dyn_maze_dense,256,conc,full_ft,0,16,full_ft_N256_conc_s0,astar,,2500,False,2500,2500,,,nan,-1,58.0,0
dynamic,C_dyn_maze_dense,256,conc,full_ft,0,16,full_ft_N256_conc_s0,focal,1.0,2500,False,2500,2500,,,nan,-1,58.0,0
dynamic,C_dyn_maze_dense,256,conc,full_ft,1,16,full_ft_N256_conc_s1,astar,,2500,False,2500,2500,,,nan,-1,58.0,0
dynamic,C_dyn_maze_dense,256,conc,full_ft,1,16,full_ft_N256_conc_s1,focal,1.0,2500,False,2500,2500,,,nan,-1,58.0,0
dynamic,C_dyn_maze_dense,256,conc,full_ft,2,16,full_ft_N256_conc_s2,astar,,2500,False,2500,2500,,,nan,-1,58.0,0
dynamic,C_dyn_maze_dense,256,conc,full_ft,2,16,full_ft_N256_conc_s2,focal,1.0,2500,False,2500,2500,,,nan,-1,58.0,0
dynamic,C_dyn_maze_dense,256,conc,lora,0,16,lora_N256_conc_s0,astar,,2500,True,1270,1270,,,1.0172413793103448,59,58.0,0
dynamic,C_dyn_maze_dense,256,conc,lora,0,16,lora_N256_conc_s0,focal,1.0,2500,False,2500,2500,,,nan,-1,58.0,0
dynamic,C_dyn_maze_dense,256,conc,lora,1,16,lora_N256_conc_s1,astar,,2500,True,1172,1172,,,1.0,58,58.0,0
dynamic,C_dyn_maze_dense,256,conc,lora,1,16,lora_N256_conc_s1,focal,1.0,2500,False,2500,2500,,,nan,-1,58.0,0
dynamic,C_dyn_maze_dense,256,conc,lora,2,16,lora_N256_conc_s2,astar,,2500,True,1525,1525,,,1.0172413793103448,59,58.0,0
dynamic,C_dyn_maze_dense,256,conc,lora,2,16,lora_N256_conc_s2,focal,1.0,2500,False,2500,2500,,,nan,-1,58.0,0
dynamic,C_dyn_maze_dense,256,conc,scratch,0,16,scratch_N256_conc_s0,astar,,2500,False,2500,2500,,,nan,-1,58.0,0
dynamic,C_dyn_maze_dense,256,conc,scratch,0,16,scratch_N256_conc_s0,focal,1.0,2500,False,2500,2500,,,nan,-1,58.0,0
dynamic,C_dyn_maze_dense,256,conc,scratch,1,16,scratch_N256_conc_s1,astar,,2500,False,2500,2500,,,nan,-1,58.0,0
dynamic,C_dyn_maze_dense,256,conc,scratch,1,16,scratch_N256_conc_s1,focal,1.0,2500,False,2500,2500,,,nan,-1,58.0,0
dynamic,C_dyn_maze_dense,256,conc,scratch,2,16,scratch_N256_conc_s2,astar,,2500,False,2500,2500,,,nan,-1,58.0,0
dynamic,C_dyn_maze_dense,256,conc,scratch,2,16,scratch_N256_conc_s2,focal,1.0,2500,False,2500,2500,,,nan,-1,58.0,0
dynamic,C_dyn_maze_dense,256,dist,full_ft,0,16,full_ft_N256_dist_s0,astar,,2500,True,277,277,,,1.0344827586206897,60,58.0,0
dynamic,C_dyn_maze_dense,256,dist,full_ft,0,16,full_ft_N256_dist_s0,focal,1.0,2500,False,2500,2500,,,nan,-1,58.0,0
dynamic,C_dyn_maze_dense,256,dist,full_ft,1,16,full_ft_N256_dist_s1,astar,,2500,True,372,372,,,1.0344827586206897,60,58.0,0
dynamic,C_dyn_maze_dense,256,dist,full_ft,1,16,full_ft_N256_dist_s1,focal,1.0,2500,False,2500,2500,,,nan,-1,58.0,0
dynamic,C_dyn_maze_dense,256,dist,full_ft,2,16,full_ft_N256_dist_s2,astar,,2500,True,634,634,,,1.1379310344827587,66,58.0,0
dynamic,C_dyn_maze_dense,256,dist,full_ft,2,16,full_ft_N256_dist_s2,focal,1.0,2500,False,2500,2500,,,nan,-1,58.0,0
dynamic,C_dyn_maze_dense,256,dist,lora,0,16,lora_N256_dist_s0,astar,,2500,True,1129,1129,,,1.0172413793103448,59,58.0,0
dynamic,C_dyn_maze_dense,256,dist,lora,0,16,lora_N256_dist_s0,focal,1.0,2500,False,2500,2500,,,nan,-1,58.0,0
dynamic,C_dyn_maze_dense,256,dist,lora,1,16,lora_N256_dist_s1,astar,,2500,True,1150,1150,,,1.1896551724137931,69,58.0,0
dynamic,C_dyn_maze_dense,256,dist,lora,1,16,lora_N256_dist_s1,focal,1.0,2500,False,2500,2500,,,nan,-1,58.0,0
dynamic,C_dyn_maze_dense,256,dist,lora,2,16,lora_N256_dist_s2,astar,,2500,True,961,961,,,1.1896551724137931,69,58.0,0
dynamic,C_dyn_maze_dense,256,dist,lora,2,16,lora_N256_dist_s2,focal,1.0,2500,False,2500,2500,,,nan,-1,58.0,0
dynamic,C_dyn_maze_dense,256,dist,scratch,0,16,scratch_N256_dist_s0,astar,,2500,True,585,585,,,1.1551724137931034,67,58.0,0
dynamic,C_dyn_maze_dense,256,dist,scratch,0,16,scratch_N256_dist_s0,focal,1.0,2500,False,2500,2500,,,nan,-1,58.0,0
dynamic,C_dyn_maze_dense,256,dist,scratch,1,16,scratch_N256_dist_s1,astar,,2500,True,587,587,,,1.0172413793103448,59,58.0,0
dynamic,C_dyn_maze_dense,256,dist,scratch,1,16,scratch_N256_dist_s1,focal,1.0,2500,False,2500,2500,,,nan,-1,58.0,0
dynamic,C_dyn_maze_dense,256,dist,scratch,2,16,scratch_N256_dist_s2,astar,,2500,True,584,584,,,1.0172413793103448,59,58.0,0
dynamic,C_dyn_maze_dense,256,dist,scratch,2,16,scratch_N256_dist_s2,focal,1.0,2500,False,2500,2500,,,nan,-1,58.0,0
dynamic,C_dyn_maze_dense,4096,conc,full_ft,0,16,full_ft_N4096_conc_s0,astar,,2500,True,1310,1310,,,1.0517241379310345,61,58.0,0
dynamic,C_dyn_maze_dense,4096,conc,full_ft,0,16,full_ft_N4096_conc_s0,focal,1.0,2500,False,2500,2500,,,nan,-1,58.0,0
dynamic,C_dyn_maze_dense,4096,conc,full_ft,1,16,full_ft_N4096_conc_s1,astar,,2500,True,1617,1617,,,1.0172413793103448,59,58.0,0
dynamic,C_dyn_maze_dense,4096,conc,full_ft,1,16,full_ft_N4096_conc_s1,focal,1.0,2500,False,2500,2500,,,nan,-1,58.0,0
dynamic,C_dyn_maze_dense,4096,conc,full_ft,2,16,full_ft_N4096_conc_s2,astar,,2500,True,1424,1424,,,1.0344827586206897,60,58.0,0
dynamic,C_dyn_maze_dense,4096,conc,full_ft,2,16,full_ft_N4096_conc_s2,focal,1.0,2500,False,2500,2500,,,nan,-1,58.0,0
dynamic,C_dyn_maze_dense,4096,conc,lora,0,16,lora_N4096_conc_s0,astar,,2500,True,521,521,,,1.0344827586206897,60,58.0,0
dynamic,C_dyn_maze_dense,4096,conc,lora,0,16,lora_N4096_conc_s0,focal,1.0,2500,False,2500,2500,,,nan,-1,58.0,0
dynamic,C_dyn_maze_dense,4096,conc,lora,1,16,lora_N4096_conc_s1,astar,,2500,True,430,430,,,1.0172413793103448,59,58.0,0
dynamic,C_dyn_maze_dense,4096,conc,lora,1,16,lora_N4096_conc_s1,focal,1.0,2500,False,2500,2500,,,nan,-1,58.0,0
dynamic,C_dyn_maze_dense,4096,conc,lora,2,16,lora_N4096_conc_s2,astar,,2500,True,669,669,,,1.0172413793103448,59,58.0,0
dynamic,C_dyn_maze_dense,4096,conc,lora,2,16,lora_N4096_conc_s2,focal,1.0,2500,False,2500,2500,,,nan,-1,58.0,0
dynamic,C_dyn_maze_dense,4096,conc,scratch,0,16,scratch_N4096_conc_s0,astar,,2500,False,2500,2500,,,nan,-1,58.0,0
dynamic,C_dyn_maze_dense,4096,conc,scratch,0,16,scratch_N4096_conc_s0,focal,1.0,2500,False,2500,2500,,,nan,-1,58.0,0
dynamic,C_dyn_maze_dense,4096,conc,scratch,1,16,scratch_N4096_conc_s1,astar,,2500,False,2500,2500,,,nan,-1,58.0,0
dynamic,C_dyn_maze_dense,4096,conc,scratch,1,16,scratch_N4096_conc_s1,focal,1.0,2500,False,2500,2500,,,nan,-1,58.0,0
dynamic,C_dyn_maze_dense,4096,conc,scratch,2,16,scratch_N4096_conc_s2,astar,,2500,False,2500,2500,,,nan,-1,58.0,0
dynamic,C_dyn_maze_dense,4096,conc,scratch,2,16,scratch_N4096_conc_s2,focal,1.0,2500,False,2500,2500,,,nan,-1,58.0,0
dynamic,C_dyn_maze_dense,4096,dist,full_ft,0,16,full_ft_N4096_dist_s0,astar,,2500,True,714,714,,,1.0172413793103448,59,58.0,0
dynamic,C_dyn_maze_dense,4096,dist,full_ft,0,16,full_ft_N4096_dist_s0,focal,1.0,2500,False,2500,2500,,,nan,-1,58.0,0
dynamic,C_dyn_maze_dense,4096,dist,full_ft,1,16,full_ft_N4096_dist_s1,astar,,2500,True,751,751,,,1.0344827586206897,60,58.0,0
dynamic,C_dyn_maze_dense,4096,dist,full_ft,1,16,full_ft_N4096_dist_s1,focal,1.0,2500,False,2500,2500,,,nan,-1,58.0,0
dynamic,C_dyn_maze_dense,4096,dist,full_ft,2,16,full_ft_N4096_dist_s2,astar,,2500,True,726,726,,,1.0,58,58.0,0
dynamic,C_dyn_maze_dense,4096,dist,full_ft,2,16,full_ft_N4096_dist_s2,focal,1.0,2500,False,2500,2500,,,nan,-1,58.0,0
dynamic,C_dyn_maze_dense,4096,dist,lora,0,16,lora_N4096_dist_s0,astar,,2500,True,1016,1016,,,1.0172413793103448,59,58.0,0
dynamic,C_dyn_maze_dense,4096,dist,lora,0,16,lora_N4096_dist_s0,focal,1.0,2500,False,2500,2500,,,nan,-1,58.0,0
dynamic,C_dyn_maze_dense,4096,dist,lora,1,16,lora_N4096_dist_s1,astar,,2500,True,1139,1139,,,1.0172413793103448,59,58.0,0
dynamic,C_dyn_maze_dense,4096,dist,lora,1,16,lora_N4096_dist_s1,focal,1.0,2500,False,2500,2500,,,nan,-1,58.0,0
dynamic,C_dyn_maze_dense,4096,dist,lora,2,16,lora_N4096_dist_s2,astar,,2500,True,1110,1110,,,1.0172413793103448,59,58.0,0
dynamic,C_dyn_maze_dense,4096,dist,lora,2,16,lora_N4096_dist_s2,focal,1.0,2500,False,2500,2500,,,nan,-1,58.0,0
dynamic,C_dyn_maze_dense,4096,dist,scratch,0,16,scratch_N4096_dist_s0,astar,,2500,True,170,170,,,1.0172413793103448,59,58.0,0
dynamic,C_dyn_maze_dense,4096,dist,scratch,0,16,scratch_N4096_dist_s0,focal,1.0,2500,False,2500,2500,,,nan,-1,58.0,0
dynamic,C_dyn_maze_dense,4096,dist,scratch,1,16,scratch_N4096_dist_s1,astar,,2500,True,258,258,,,1.0,58,58.0,0
dynamic,C_dyn_maze_dense,4096,dist,scratch,1,16,scratch_N4096_dist_s1,focal,1.0,2500,False,2500,2500,,,nan,-1,58.0,0
dynamic,C_dyn_maze_dense,4096,dist,scratch,2,16,scratch_N4096_dist_s2,astar,,2500,True,458,458,,,1.0172413793103448,59,58.0,0
dynamic,C_dyn_maze_dense,4096,dist,scratch,2,16,scratch_N4096_dist_s2,focal,1.0,2500,False,2500,2500,,,nan,-1,58.0,0
dynamic,C_dyn_maze_dense,65536,conc,full_ft,0,16,full_ft_N65536_conc_s0,astar,,2500,True,405,405,,,1.0172413793103448,59,58.0,0
dynamic,C_dyn_maze_dense,65536,conc,full_ft,0,16,full_ft_N65536_conc_s0,focal,1.0,2500,False,2500,2500,,,nan,-1,58.0,0
dynamic,C_dyn_maze_dense,65536,conc,full_ft,1,16,full_ft_N65536_conc_s1,astar,,2500,True,646,646,,,1.0172413793103448,59,58.0,0
dynamic,C_dyn_maze_dense,65536,conc,full_ft,1,16,full_ft_N65536_conc_s1,focal,1.0,2500,False,2500,2500,,,nan,-1,58.0,0
dynamic,C_dyn_maze_dense,65536,conc,full_ft,2,16,full_ft_N65536_conc_s2,astar,,2500,True,766,766,,,1.1551724137931034,67,58.0,0
dynamic,C_dyn_maze_dense,65536,conc,full_ft,2,16,full_ft_N65536_conc_s2,focal,1.0,2500,False,2500,2500,,,nan,-1,58.0,0
dynamic,C_dyn_maze_dense,65536,conc,lora,0,16,lora_N65536_conc_s0,astar,,2500,True,667,667,,,1.0172413793103448,59,58.0,0
dynamic,C_dyn_maze_dense,65536,conc,lora,0,16,lora_N65536_conc_s0,focal,1.0,2500,False,2500,2500,,,nan,-1,58.0,0
dynamic,C_dyn_maze_dense,65536,conc,lora,1,16,lora_N65536_conc_s1,astar,,2500,True,838,838,,,1.1551724137931034,67,58.0,0
dynamic,C_dyn_maze_dense,65536,conc,lora,1,16,lora_N65536_conc_s1,focal,1.0,2500,False,2500,2500,,,nan,-1,58.0,0
dynamic,C_dyn_maze_dense,65536,conc,lora,2,16,lora_N65536_conc_s2,astar,,2500,True,678,678,,,1.1379310344827587,66,58.0,0
dynamic,C_dyn_maze_dense,65536,conc,lora,2,16,lora_N65536_conc_s2,focal,1.0,2500,False,2500,2500,,,nan,-1,58.0,0
dynamic,C_dyn_maze_dense,65536,conc,scratch,0,16,scratch_N65536_conc_s0,astar,,2500,True,739,739,,,1.0172413793103448,59,58.0,0
dynamic,C_dyn_maze_dense,65536,conc,scratch,0,16,scratch_N65536_conc_s0,focal,1.0,2500,False,2500,2500,,,nan,-1,58.0,0
dynamic,C_dyn_maze_dense,65536,conc,scratch,1,16,scratch_N65536_conc_s1,astar,,2500,True,552,552,,,1.0,58,58.0,0
dynamic,C_dyn_maze_dense,65536,conc,scratch,1,16,scratch_N65536_conc_s1,focal,1.0,2500,False,2500,2500,,,nan,-1,58.0,0
dynamic,C_dyn_maze_dense,65536,conc,scratch,2,16,scratch_N65536_conc_s2,astar,,2500,True,1279,1279,,,1.0172413793103448,59,58.0,0
dynamic,C_dyn_maze_dense,65536,conc,scratch,2,16,scratch_N65536_conc_s2,focal,1.0,2500,False,2500,2500,,,nan,-1,58.0,0
dynamic,C_dyn_maze_dense,65536,dist,full_ft,0,16,full_ft_N65536_dist_s0,astar,,2500,True,626,626,,,1.0172413793103448,59,58.0,0
dynamic,C_dyn_maze_dense,65536,dist,full_ft,0,16,full_ft_N65536_dist_s0,focal,1.0,2500,False,2500,2500,,,nan,-1,58.0,0
dynamic,C_dyn_maze_dense,65536,dist,full_ft,1,16,full_ft_N65536_dist_s1,astar,,2500,True,338,338,,,1.0,58,58.0,0
dynamic,C_dyn_maze_dense,65536,dist,full_ft,1,16,full_ft_N65536_dist_s1,focal,1.0,2500,False,2500,2500,,,nan,-1,58.0,0
dynamic,C_dyn_maze_dense,65536,dist,full_ft,2,16,full_ft_N65536_dist_s2,astar,,2500,True,408,408,,,1.0172413793103448,59,58.0,0
dynamic,C_dyn_maze_dense,65536,dist,full_ft,2,16,full_ft_N65536_dist_s2,focal,1.0,2500,False,2500,2500,,,nan,-1,58.0,0
dynamic,C_dyn_maze_dense,65536,dist,lora,0,16,lora_N65536_dist_s0,astar,,2500,True,700,700,,,1.0172413793103448,59,58.0,0
dynamic,C_dyn_maze_dense,65536,dist,lora,0,16,lora_N65536_dist_s0,focal,1.0,2500,False,2500,2500,,,nan,-1,58.0,0
dynamic,C_dyn_maze_dense,65536,dist,lora,1,16,lora_N65536_dist_s1,astar,,2500,True,667,667,,,1.1379310344827587,66,58.0,0
dynamic,C_dyn_maze_dense,65536,dist,lora,1,16,lora_N65536_dist_s1,focal,1.0,2500,False,2500,2500,,,nan,-1,58.0,0
dynamic,C_dyn_maze_dense,65536,dist,lora,2,16,lora_N65536_dist_s2,astar,,2500,True,608,608,,,1.0344827586206897,60,58.0,0
dynamic,C_dyn_maze_dense,65536,dist,lora,2,16,lora_N65536_dist_s2,focal,1.0,2500,False,2500,2500,,,nan,-1,58.0,0
dynamic,C_dyn_maze_dense,65536,dist,scratch,0,16,scratch_N65536_dist_s0,astar,,2500,True,340,340,,,1.0172413793103448,59,58.0,0
dynamic,C_dyn_maze_dense,65536,dist,scratch,0,16,scratch_N65536_dist_s0,focal,1.0,2500,False,2500,2500,,,nan,-1,58.0,0
dynamic,C_dyn_maze_dense,65536,dist,scratch,1,16,scratch_N65536_dist_s1,astar,,2500,True,392,392,,,1.0,58,58.0,0
dynamic,C_dyn_maze_dense,65536,dist,scratch,1,16,scratch_N65536_dist_s1,focal,1.0,2500,False,2500,2500,,,nan,-1,58.0,0
dynamic,C_dyn_maze_dense,65536,dist,scratch,2,16,scratch_N65536_dist_s2,astar,,2500,True,144,144,,,1.0172413793103448,59,58.0,0
dynamic,C_dyn_maze_dense,65536,dist,scratch,2,16,scratch_N65536_dist_s2,focal,1.0,2500,False,2500,2500,,,nan,-1,58.0,0
dynamic,C_dyn_maze_dense,-1,,euclid,-1,17,euclid,astar,,2500,True,2478,2478,,,1.0,46,46.0,0
dynamic,C_dyn_maze_dense,-1,,euclid,-1,17,euclid,focal,1.0,2500,True,2478,2478,,,1.0,46,46.0,0
dynamic,C_dyn_maze_dense,-1,,oracle,-1,17,oracle,astar,,2500,True,45,45,,,1.0,46,46.0,0
dynamic,C_dyn_maze_dense,-1,,oracle,-1,17,oracle,focal,1.0,2500,True,2478,2478,,,1.0,46,46.0,0
dynamic,C_dyn_maze_dense,0,,zero_shot,-1,17,zeroshot_field_unet_blind,astar,,2500,True,520,520,,,1.108695652173913,51,46.0,0
dynamic,C_dyn_maze_dense,0,,zero_shot,-1,17,zeroshot_field_unet_blind,focal,1.0,2500,True,2478,2478,,,1.0,46,46.0,0
dynamic,C_dyn_maze_dense,1024,conc,full_ft,0,17,full_ft_N1024_conc_s0,astar,,2500,True,176,176,,,1.108695652173913,51,46.0,0
dynamic,C_dyn_maze_dense,1024,conc,full_ft,0,17,full_ft_N1024_conc_s0,focal,1.0,2500,True,2478,2478,,,1.0,46,46.0,0
dynamic,C_dyn_maze_dense,1024,conc,full_ft,1,17,full_ft_N1024_conc_s1,astar,,2500,True,227,227,,,1.0434782608695652,48,46.0,0
dynamic,C_dyn_maze_dense,1024,conc,full_ft,1,17,full_ft_N1024_conc_s1,focal,1.0,2500,True,2478,2478,,,1.0,46,46.0,0
dynamic,C_dyn_maze_dense,1024,conc,full_ft,2,17,full_ft_N1024_conc_s2,astar,,2500,True,219,219,,,1.0869565217391304,50,46.0,0
dynamic,C_dyn_maze_dense,1024,conc,full_ft,2,17,full_ft_N1024_conc_s2,focal,1.0,2500,True,2478,2478,,,1.0,46,46.0,0
dynamic,C_dyn_maze_dense,1024,conc,lora,0,17,lora_N1024_conc_s0,astar,,2500,True,523,523,,,1.0869565217391304,50,46.0,0
dynamic,C_dyn_maze_dense,1024,conc,lora,0,17,lora_N1024_conc_s0,focal,1.0,2500,True,2478,2478,,,1.0,46,46.0,0
dynamic,C_dyn_maze_dense,1024,conc,lora,1,17,lora_N1024_conc_s1,astar,,2500,True,434,434,,,1.0869565217391304,50,46.0,0
dynamic,C_dyn_maze_dense,1024,conc,lora,1,17,lora_N1024_conc_s1,focal,1.0,2500,True,2478,2478,,,1.0,46,46.0,0
dynamic,C_dyn_maze_dense,1024,conc,lora,2,17,lora_N1024_conc_s2,astar,,2500,True,539,539,,,1.0869565217391304,50,46.0,0
dynamic,C_dyn_maze_dense,1024,conc,lora,2,17,lora_N1024_conc_s2,focal,1.0,2500,True,2478,2478,,,1.0,46,46.0,0
dynamic,C_dyn_maze_dense,1024,conc,scratch,0,17,scratch_N1024_conc_s0,astar,,2500,True,261,261,,,1.0434782608695652,48,46.0,0
dynamic,C_dyn_maze_dense,1024,conc,scratch,0,17,scratch_N1024_conc_s0,focal,1.0,2500,True,2478,2478,,,1.0,46,46.0,0
dynamic,C_dyn_maze_dense,1024,conc,scratch,1,17,scratch_N1024_conc_s1,astar,,2500,True,332,332,,,1.0434782608695652,48,46.0,0
dynamic,C_dyn_maze_dense,1024,conc,scratch,1,17,scratch_N1024_conc_s1,focal,1.0,2500,True,2478,2478,,,1.0,46,46.0,0
dynamic,C_dyn_maze_dense,1024,conc,scratch,2,17,scratch_N1024_conc_s2,astar,,2500,True,292,292,,,1.108695652173913,51,46.0,0
dynamic,C_dyn_maze_dense,1024,conc,scratch,2,17,scratch_N1024_conc_s2,focal,1.0,2500,True,2478,2478,,,1.0,46,46.0,0
dynamic,C_dyn_maze_dense,1024,dist,full_ft,0,17,full_ft_N1024_dist_s0,astar,,2500,True,151,151,,,1.108695652173913,51,46.0,0
dynamic,C_dyn_maze_dense,1024,dist,full_ft,0,17,full_ft_N1024_dist_s0,focal,1.0,2500,True,2478,2478,,,1.0,46,46.0,0
dynamic,C_dyn_maze_dense,1024,dist,full_ft,1,17,full_ft_N1024_dist_s1,astar,,2500,True,327,327,,,1.0217391304347827,47,46.0,0
dynamic,C_dyn_maze_dense,1024,dist,full_ft,1,17,full_ft_N1024_dist_s1,focal,1.0,2500,True,2478,2478,,,1.0,46,46.0,0
dynamic,C_dyn_maze_dense,1024,dist,full_ft,2,17,full_ft_N1024_dist_s2,astar,,2500,True,299,299,,,1.0217391304347827,47,46.0,0
dynamic,C_dyn_maze_dense,1024,dist,full_ft,2,17,full_ft_N1024_dist_s2,focal,1.0,2500,True,2478,2478,,,1.0,46,46.0,0
dynamic,C_dyn_maze_dense,1024,dist,lora,0,17,lora_N1024_dist_s0,astar,,2500,True,248,248,,,1.108695652173913,51,46.0,0
dynamic,C_dyn_maze_dense,1024,dist,lora,0,17,lora_N1024_dist_s0,focal,1.0,2500,True,2478,2478,,,1.0,46,46.0,0
dynamic,C_dyn_maze_dense,1024,dist,lora,1,17,lora_N1024_dist_s1,astar,,2500,True,225,225,,,1.108695652173913,51,46.0,0
dynamic,C_dyn_maze_dense,1024,dist,lora,1,17,lora_N1024_dist_s1,focal,1.0,2500,True,2478,2478,,,1.0,46,46.0,0
dynamic,C_dyn_maze_dense,1024,dist,lora,2,17,lora_N1024_dist_s2,astar,,2500,True,347,347,,,1.108695652173913,51,46.0,0
dynamic,C_dyn_maze_dense,1024,dist,lora,2,17,lora_N1024_dist_s2,focal,1.0,2500,True,2478,2478,,,1.0,46,46.0,0
dynamic,C_dyn_maze_dense,1024,dist,scratch,0,17,scratch_N1024_dist_s0,astar,,2500,True,531,531,,,1.065217391304348,49,46.0,0
dynamic,C_dyn_maze_dense,1024,dist,scratch,0,17,scratch_N1024_dist_s0,focal,1.0,2500,True,2478,2478,,,1.0,46,46.0,0
dynamic,C_dyn_maze_dense,1024,dist,scratch,1,17,scratch_N1024_dist_s1,astar,,2500,True,394,394,,,1.0217391304347827,47,46.0,0
dynamic,C_dyn_maze_dense,1024,dist,scratch,1,17,scratch_N1024_dist_s1,focal,1.0,2500,True,2478,2478,,,1.0,46,46.0,0
dynamic,C_dyn_maze_dense,1024,dist,scratch,2,17,scratch_N1024_dist_s2,astar,,2500,True,372,372,,,1.0434782608695652,48,46.0,0
dynamic,C_dyn_maze_dense,1024,dist,scratch,2,17,scratch_N1024_dist_s2,focal,1.0,2500,True,2478,2478,,,1.0,46,46.0,0
dynamic,C_dyn_maze_dense,16384,conc,full_ft,0,17,full_ft_N16384_conc_s0,astar,,2500,True,257,257,,,1.065217391304348,49,46.0,0
dynamic,C_dyn_maze_dense,16384,conc,full_ft,0,17,full_ft_N16384_conc_s0,focal,1.0,2500,True,2478,2478,,,1.0,46,46.0,0
dynamic,C_dyn_maze_dense,16384,conc,full_ft,1,17,full_ft_N16384_conc_s1,astar,,2500,True,148,148,,,1.065217391304348,49,46.0,0
dynamic,C_dyn_maze_dense,16384,conc,full_ft,1,17,full_ft_N16384_conc_s1,focal,1.0,2500,True,2478,2478,,,1.0,46,46.0,0
dynamic,C_dyn_maze_dense,16384,conc,full_ft,2,17,full_ft_N16384_conc_s2,astar,,2500,True,279,279,,,1.0217391304347827,47,46.0,0
dynamic,C_dyn_maze_dense,16384,conc,full_ft,2,17,full_ft_N16384_conc_s2,focal,1.0,2500,True,2478,2478,,,1.0,46,46.0,0
dynamic,C_dyn_maze_dense,16384,conc,lora,0,17,lora_N16384_conc_s0,astar,,2500,True,447,447,,,1.0217391304347827,47,46.0,0
dynamic,C_dyn_maze_dense,16384,conc,lora,0,17,lora_N16384_conc_s0,focal,1.0,2500,True,2478,2478,,,1.0,46,46.0,0
dynamic,C_dyn_maze_dense,16384,conc,lora,1,17,lora_N16384_conc_s1,astar,,2500,True,455,455,,,1.108695652173913,51,46.0,0
dynamic,C_dyn_maze_dense,16384,conc,lora,1,17,lora_N16384_conc_s1,focal,1.0,2500,True,2478,2478,,,1.0,46,46.0,0
dynamic,C_dyn_maze_dense,16384,conc,lora,2,17,lora_N16384_conc_s2,astar,,2500,True,446,446,,,1.0869565217391304,50,46.0,0
dynamic,C_dyn_maze_dense,16384,conc,lora,2,17,lora_N16384_conc_s2,focal,1.0,2500,True,2478,2478,,,1.0,46,46.0,0
dynamic,C_dyn_maze_dense,16384,conc,scratch,0,17,scratch_N16384_conc_s0,astar,,2500,True,326,326,,,1.0869565217391304,50,46.0,0
dynamic,C_dyn_maze_dense,16384,conc,scratch,0,17,scratch_N16384_conc_s0,focal,1.0,2500,True,2478,2478,,,1.0,46,46.0,0
dynamic,C_dyn_maze_dense,16384,conc,scratch,1,17,scratch_N16384_conc_s1,astar,,2500,True,371,371,,,1.0434782608695652,48,46.0,0
dynamic,C_dyn_maze_dense,16384,conc,scratch,1,17,scratch_N16384_conc_s1,focal,1.0,2500,True,2478,2478,,,1.0,46,46.0,0
dynamic,C_dyn_maze_dense,16384,conc,scratch,2,17,scratch_N16384_conc_s2,astar,,2500,True,363,363,,,1.065217391304348,49,46.0,0
dynamic,C_dyn_maze_dense,16384,conc,scratch,2,17,scratch_N16384_conc_s2,focal,1.0,2500,True,2478,2478,,,1.0,46,46.0,0
dynamic,C_dyn_maze_dense,16384,dist,full_ft,0,17,full_ft_N16384_dist_s0,astar,,2500,True,187,187,,,1.108695652173913,51,46.0,0
dynamic,C_dyn_maze_dense,16384,dist,full_ft,0,17,full_ft_N16384_dist_s0,focal,1.0,2500,True,2478,2478,,,1.0,46,46.0,0
dynamic,C_dyn_maze_dense,16384,dist,full_ft,1,17,full_ft_N16384_dist_s1,astar,,2500,True,190,190,,,1.108695652173913,51,46.0,0
dynamic,C_dyn_maze_dense,16384,dist,full_ft,1,17,full_ft_N16384_dist_s1,focal,1.0,2500,True,2478,2478,,,1.0,46,46.0,0
dynamic,C_dyn_maze_dense,16384,dist,full_ft,2,17,full_ft_N16384_dist_s2,astar,,2500,True,167,167,,,1.2173913043478262,56,46.0,0
dynamic,C_dyn_maze_dense,16384,dist,full_ft,2,17,full_ft_N16384_dist_s2,focal,1.0,2500,True,2478,2478,,,1.0,46,46.0,0
dynamic,C_dyn_maze_dense,16384,dist,lora,0,17,lora_N16384_dist_s0,astar,,2500,True,320,320,,,1.0217391304347827,47,46.0,0
dynamic,C_dyn_maze_dense,16384,dist,lora,0,17,lora_N16384_dist_s0,focal,1.0,2500,True,2478,2478,,,1.0,46,46.0,0
dynamic,C_dyn_maze_dense,16384,dist,lora,1,17,lora_N16384_dist_s1,astar,,2500,True,284,284,,,1.108695652173913,51,46.0,0
dynamic,C_dyn_maze_dense,16384,dist,lora,1,17,lora_N16384_dist_s1,focal,1.0,2500,True,2478,2478,,,1.0,46,46.0,0
dynamic,C_dyn_maze_dense,16384,dist,lora,2,17,lora_N16384_dist_s2,astar,,2500,True,272,272,,,1.0869565217391304,50,46.0,0
dynamic,C_dyn_maze_dense,16384,dist,lora,2,17,lora_N16384_dist_s2,focal,1.0,2500,True,2478,2478,,,1.0,46,46.0,0
dynamic,C_dyn_maze_dense,16384,dist,scratch,0,17,scratch_N16384_dist_s0,astar,,2500,True,267,267,,,1.0869565217391304,50,46.0,0
dynamic,C_dyn_maze_dense,16384,dist,scratch,0,17,scratch_N16384_dist_s0,focal,1.0,2500,True,2478,2478,,,1.0,46,46.0,0
dynamic,C_dyn_maze_dense,16384,dist,scratch,1,17,scratch_N16384_dist_s1,astar,,2500,True,250,250,,,1.0217391304347827,47,46.0,0
dynamic,C_dyn_maze_dense,16384,dist,scratch,1,17,scratch_N16384_dist_s1,focal,1.0,2500,True,2478,2478,,,1.0,46,46.0,0
dynamic,C_dyn_maze_dense,16384,dist,scratch,2,17,scratch_N16384_dist_s2,astar,,2500,True,179,179,,,1.065217391304348,49,46.0,0
dynamic,C_dyn_maze_dense,16384,dist,scratch,2,17,scratch_N16384_dist_s2,focal,1.0,2500,True,2478,2478,,,1.0,46,46.0,0
dynamic,C_dyn_maze_dense,256,conc,full_ft,0,17,full_ft_N256_conc_s0,astar,,2500,True,214,214,,,1.065217391304348,49,46.0,0
dynamic,C_dyn_maze_dense,256,conc,full_ft,0,17,full_ft_N256_conc_s0,focal,1.0,2500,True,2478,2478,,,1.0,46,46.0,0
dynamic,C_dyn_maze_dense,256,conc,full_ft,1,17,full_ft_N256_conc_s1,astar,,2500,True,249,249,,,1.0869565217391304,50,46.0,0
dynamic,C_dyn_maze_dense,256,conc,full_ft,1,17,full_ft_N256_conc_s1,focal,1.0,2500,True,2478,2478,,,1.0,46,46.0,0
dynamic,C_dyn_maze_dense,256,conc,full_ft,2,17,full_ft_N256_conc_s2,astar,,2500,True,284,284,,,1.1304347826086956,52,46.0,0
dynamic,C_dyn_maze_dense,256,conc,full_ft,2,17,full_ft_N256_conc_s2,focal,1.0,2500,True,2478,2478,,,1.0,46,46.0,0
dynamic,C_dyn_maze_dense,256,conc,lora,0,17,lora_N256_conc_s0,astar,,2500,True,627,627,,,1.2173913043478262,56,46.0,0
dynamic,C_dyn_maze_dense,256,conc,lora,0,17,lora_N256_conc_s0,focal,1.0,2500,True,2478,2478,,,1.0,46,46.0,0
dynamic,C_dyn_maze_dense,256,conc,lora,1,17,lora_N256_conc_s1,astar,,2500,True,635,635,,,1.1304347826086956,52,46.0,0
dynamic,C_dyn_maze_dense,256,conc,lora,1,17,lora_N256_conc_s1,focal,1.0,2500,True,2478,2478,,,1.0,46,46.0,0
dynamic,C_dyn_maze_dense,256,conc,lora,2,17,lora_N256_conc_s2,astar,,2500,True,672,672,,,1.1304347826086956,52,46.0,0
dynamic,C_dyn_maze_dense,256,conc,lora,2,17,lora_N256_conc_s2,focal,1.0,2500,True,2478,2478,,,1.0,46,46.0,0
dynamic,C_dyn_maze_dense,256,conc,scratch,0,17,scratch_N256_conc_s0,astar,,2500,True,319,319,,,1.108695652173913,51,46.0,0
dynamic,C_dyn_maze_dense,256,conc,scratch,0,17,scratch_N256_conc_s0,focal,1.0,2500,True,2478,2478,,,1.0,46,46.0,0
dynamic,C_dyn_maze_dense,256,conc,scratch,1,17,scratch_N256_conc_s1,astar,,2500,True,460,460,,,1.0434782608695652,48,46.0,0
dynamic,C_dyn_maze_dense,256,conc,scratch,1,17,scratch_N256_conc_s1,focal,1.0,2500,True,2478,2478,,,1.0,46,46.0,0
dynamic,C_dyn_maze_dense,256,conc,scratch,2,17,scratch_N256_conc_s2,astar,,2500,True,407,407,,,1.0869565217391304,50,46.0,0
dynamic,C_dyn_maze_dense,256,conc,scratch,2,17,scratch_N256_conc_s2,focal,1.0,2500,True,2478,2478,,,1.0,46,46.0,0
dynamic,C_dyn_maze_dense,256,dist,full_ft,0,17,full_ft_N256_dist_s0,astar,,2500,True,154,154,,,1.0434782608695652,48,46.0,0
dynamic,C_dyn_maze_dense,256,dist,full_ft,0,17,full_ft_N256_dist_s0,focal,1.0,2500,True,2478,2478,,,1.0,46,46.0,0
dynamic,C_dyn_maze_dense,256,dist,full_ft,1,17,full_ft_N256_dist_s1,astar,,2500,True,210,210,,,1.0434782608695652,48,46.0,0
dynamic,C_dyn_maze_dense,256,dist,full_ft,1,17,full_ft_N256_dist_s1,focal,1.0,2500,True,2478,2478,,,1.0,46,46.0,0
dynamic,C_dyn_maze_dense,256,dist,full_ft,2,17,full_ft_N256_dist_s2,astar,,2500,True,261,261,,,1.065217391304348,49,46.0,0
dynamic,C_dyn_maze_dense,256,dist,full_ft,2,17,full_ft_N256_dist_s2,focal,1.0,2500,True,2478,2478,,,1.0,46,46.0,0
dynamic,C_dyn_maze_dense,256,dist,lora,0,17,lora_N256_dist_s0,astar,,2500,True,441,441,,,1.0434782608695652,48,46.0,0
dynamic,C_dyn_maze_dense,256,dist,lora,0,17,lora_N256_dist_s0,focal,1.0,2500,True,2478,2478,,,1.0,46,46.0,0
dynamic,C_dyn_maze_dense,256,dist,lora,1,17,lora_N256_dist_s1,astar,,2500,True,509,509,,,1.0217391304347827,47,46.0,0
dynamic,C_dyn_maze_dense,256,dist,lora,1,17,lora_N256_dist_s1,focal,1.0,2500,True,2478,2478,,,1.0,46,46.0,0
dynamic,C_dyn_maze_dense,256,dist,lora,2,17,lora_N256_dist_s2,astar,,2500,True,449,449,,,1.0434782608695652,48,46.0,0
dynamic,C_dyn_maze_dense,256,dist,lora,2,17,lora_N256_dist_s2,focal,1.0,2500,True,2478,2478,,,1.0,46,46.0,0
dynamic,C_dyn_maze_dense,256,dist,scratch,0,17,scratch_N256_dist_s0,astar,,2500,True,368,368,,,1.173913043478261,54,46.0,0
dynamic,C_dyn_maze_dense,256,dist,scratch,0,17,scratch_N256_dist_s0,focal,1.0,2500,True,2478,2478,,,1.0,46,46.0,0
dynamic,C_dyn_maze_dense,256,dist,scratch,1,17,scratch_N256_dist_s1,astar,,2500,True,376,376,,,1.2173913043478262,56,46.0,0
dynamic,C_dyn_maze_dense,256,dist,scratch,1,17,scratch_N256_dist_s1,focal,1.0,2500,True,2478,2478,,,1.0,46,46.0,0
dynamic,C_dyn_maze_dense,256,dist,scratch,2,17,scratch_N256_dist_s2,astar,,2500,True,515,515,,,1.108695652173913,51,46.0,0
dynamic,C_dyn_maze_dense,256,dist,scratch,2,17,scratch_N256_dist_s2,focal,1.0,2500,True,2478,2478,,,1.0,46,46.0,0
dynamic,C_dyn_maze_dense,4096,conc,full_ft,0,17,full_ft_N4096_conc_s0,astar,,2500,True,164,164,,,1.065217391304348,49,46.0,0
dynamic,C_dyn_maze_dense,4096,conc,full_ft,0,17,full_ft_N4096_conc_s0,focal,1.0,2500,True,2478,2478,,,1.0,46,46.0,0
dynamic,C_dyn_maze_dense,4096,conc,full_ft,1,17,full_ft_N4096_conc_s1,astar,,2500,True,245,245,,,1.0869565217391304,50,46.0,0
dynamic,C_dyn_maze_dense,4096,conc,full_ft,1,17,full_ft_N4096_conc_s1,focal,1.0,2500,True,2478,2478,,,1.0,46,46.0,0
dynamic,C_dyn_maze_dense,4096,conc,full_ft,2,17,full_ft_N4096_conc_s2,astar,,2500,True,133,133,,,1.0869565217391304,50,46.0,0
dynamic,C_dyn_maze_dense,4096,conc,full_ft,2,17,full_ft_N4096_conc_s2,focal,1.0,2500,True,2478,2478,,,1.0,46,46.0,0
dynamic,C_dyn_maze_dense,4096,conc,lora,0,17,lora_N4096_conc_s0,astar,,2500,True,507,507,,,1.2391304347826086,57,46.0,0
dynamic,C_dyn_maze_dense,4096,conc,lora,0,17,lora_N4096_conc_s0,focal,1.0,2500,True,2478,2478,,,1.0,46,46.0,0
dynamic,C_dyn_maze_dense,4096,conc,lora,1,17,lora_N4096_conc_s1,astar,,2500,True,472,472,,,1.1304347826086956,52,46.0,0
dynamic,C_dyn_maze_dense,4096,conc,lora,1,17,lora_N4096_conc_s1,focal,1.0,2500,True,2478,2478,,,1.0,46,46.0,0
dynamic,C_dyn_maze_dense,4096,conc,lora,2,17,lora_N4096_conc_s2,astar,,2500,True,505,505,,,1.1956521739130435,55,46.0,0
dynamic,C_dyn_maze_dense,4096,conc,lora,2,17,lora_N4096_conc_s2,focal,1.0,2500,True,2478,2478,,,1.0,46,46.0,0
dynamic,C_dyn_maze_dense,4096,conc,scratch,0,17,scratch_N4096_conc_s0,astar,,2500,True,316,316,,,1.1304347826086956,52,46.0,0
dynamic,C_dyn_maze_dense,4096,conc,scratch,0,17,scratch_N4096_conc_s0,focal,1.0,2500,True,2478,2478,,,1.0,46,46.0,0
dynamic,C_dyn_maze_dense,4096,conc,scratch,1,17,scratch_N4096_conc_s1,astar,,2500,True,229,229,,,1.108695652173913,51,46.0,0
dynamic,C_dyn_maze_dense,4096,conc,scratch,1,17,scratch_N4096_conc_s1,focal,1.0,2500,True,2478,2478,,,1.0,46,46.0,0
dynamic,C_dyn_maze_dense,4096,conc,scratch,2,17,scratch_N4096_conc_s2,astar,,2500,True,221,221,,,1.065217391304348,49,46.0,0
dynamic,C_dyn_maze_dense,4096,conc,scratch,2,17,scratch_N4096_conc_s2,focal,1.0,2500,True,2478,2478,,,1.0,46,46.0,0
dynamic,C_dyn_maze_dense,4096,dist,full_ft,0,17,full_ft_N4096_dist_s0,astar,,2500,True,241,241,,,1.0869565217391304,50,46.0,0
dynamic,C_dyn_maze_dense,4096,dist,full_ft,0,17,full_ft_N4096_dist_s0,focal,1.0,2500,True,2478,2478,,,1.0,46,46.0,0
dynamic,C_dyn_maze_dense,4096,dist,full_ft,1,17,full_ft_N4096_dist_s1,astar,,2500,True,251,251,,,1.173913043478261,54,46.0,0
dynamic,C_dyn_maze_dense,4096,dist,full_ft,1,17,full_ft_N4096_dist_s1,focal,1.0,2500,True,2478,2478,,,1.0,46,46.0,0
dynamic,C_dyn_maze_dense,4096,dist,full_ft,2,17,full_ft_N4096_dist_s2,astar,,2500,True,110,110,,,1.1304347826086956,52,46.0,0
dynamic,C_dyn_maze_dense,4096,dist,full_ft,2,17,full_ft_N4096_dist_s2,focal,1.0,2500,True,2478,2478,,,1.0,46,46.0,0
dynamic,C_dyn_maze_dense,4096,dist,lora,0,17,lora_N4096_dist_s0,astar,,2500,True,339,339,,,1.108695652173913,51,46.0,0
dynamic,C_dyn_maze_dense,4096,dist,lora,0,17,lora_N4096_dist_s0,focal,1.0,2500,True,2478,2478,,,1.0,46,46.0,0
dynamic,C_dyn_maze_dense,4096,dist,lora,1,17,lora_N4096_dist_s1,astar,,2500,True,339,339,,,1.108695652173913,51,46.0,0
dynamic,C_dyn_maze_dense,4096,dist,lora,1,17,lora_N4096_dist_s1,focal,1.0,2500,True,2478,2478,,,1.0,46,46.0,0
dynamic,C_dyn_maze_dense,4096,dist,lora,2,17,lora_N4096_dist_s2,astar,,2500,True,317,317,,,1.108695652173913,51,46.0,0
dynamic,C_dyn_maze_dense,4096,dist,lora,2,17,lora_N4096_dist_s2,focal,1.0,2500,True,2478,2478,,,1.0,46,46.0,0
dynamic,C_dyn_maze_dense,4096,dist,scratch,0,17,scratch_N4096_dist_s0,astar,,2500,True,383,383,,,1.1521739130434783,53,46.0,0
dynamic,C_dyn_maze_dense,4096,dist,scratch,0,17,scratch_N4096_dist_s0,focal,1.0,2500,True,2478,2478,,,1.0,46,46.0,0
dynamic,C_dyn_maze_dense,4096,dist,scratch,1,17,scratch_N4096_dist_s1,astar,,2500,True,266,266,,,1.2391304347826086,57,46.0,0
dynamic,C_dyn_maze_dense,4096,dist,scratch,1,17,scratch_N4096_dist_s1,focal,1.0,2500,True,2478,2478,,,1.0,46,46.0,0
dynamic,C_dyn_maze_dense,4096,dist,scratch,2,17,scratch_N4096_dist_s2,astar,,2500,True,276,276,,,1.0869565217391304,50,46.0,0
dynamic,C_dyn_maze_dense,4096,dist,scratch,2,17,scratch_N4096_dist_s2,focal,1.0,2500,True,2478,2478,,,1.0,46,46.0,0
dynamic,C_dyn_maze_dense,65536,conc,full_ft,0,17,full_ft_N65536_conc_s0,astar,,2500,True,163,163,,,1.0434782608695652,48,46.0,0
dynamic,C_dyn_maze_dense,65536,conc,full_ft,0,17,full_ft_N65536_conc_s0,focal,1.0,2500,True,2478,2478,,,1.0,46,46.0,0
dynamic,C_dyn_maze_dense,65536,conc,full_ft,1,17,full_ft_N65536_conc_s1,astar,,2500,True,182,182,,,1.0869565217391304,50,46.0,0
dynamic,C_dyn_maze_dense,65536,conc,full_ft,1,17,full_ft_N65536_conc_s1,focal,1.0,2500,True,2478,2478,,,1.0,46,46.0,0
dynamic,C_dyn_maze_dense,65536,conc,full_ft,2,17,full_ft_N65536_conc_s2,astar,,2500,True,88,88,,,1.173913043478261,54,46.0,0
dynamic,C_dyn_maze_dense,65536,conc,full_ft,2,17,full_ft_N65536_conc_s2,focal,1.0,2500,True,2478,2478,,,1.0,46,46.0,0
dynamic,C_dyn_maze_dense,65536,conc,lora,0,17,lora_N65536_conc_s0,astar,,2500,True,223,223,,,1.0,46,46.0,0
dynamic,C_dyn_maze_dense,65536,conc,lora,0,17,lora_N65536_conc_s0,focal,1.0,2500,True,2478,2478,,,1.0,46,46.0,0
dynamic,C_dyn_maze_dense,65536,conc,lora,1,17,lora_N65536_conc_s1,astar,,2500,True,274,274,,,1.0217391304347827,47,46.0,0
dynamic,C_dyn_maze_dense,65536,conc,lora,1,17,lora_N65536_conc_s1,focal,1.0,2500,True,2478,2478,,,1.0,46,46.0,0
dynamic,C_dyn_maze_dense,65536,conc,lora,2,17,lora_N65536_conc_s2,astar,,2500,True,249,249,,,1.0,46,46.0,0
dynamic,C_dyn_maze_dense,65536,conc,lora,2,17,lora_N65536_conc_s2,focal,1.0,2500,True,2478,2478,,,1.0,46,46.0,0
dynamic,C_dyn_maze_dense,65536,conc,scratch,0,17,scratch_N65536_conc_s0,astar,,2500,True,122,122,,,1.1521739130434783,53,46.0,0
dynamic,C_dyn_maze_dense,65536,conc,scratch,0,17,scratch_N65536_conc_s0,focal,1.0,2500,True,2478,2478,,,1.0,46,46.0,0
dynamic,C_dyn_maze_dense,65536,conc,scratch,1,17,scratch_N65536_conc_s1,astar,,2500,True,172,172,,,1.108695652173913,51,46.0,0
dynamic,C_dyn_maze_dense,65536,conc,scratch,1,17,scratch_N65536_conc_s1,focal,1.0,2500,True,2478,2478,,,1.0,46,46.0,0
dynamic,C_dyn_maze_dense,65536,conc,scratch,2,17,scratch_N65536_conc_s2,astar,,2500,True,313,313,,,1.108695652173913,51,46.0,0
dynamic,C_dyn_maze_dense,65536,conc,scratch,2,17,scratch_N65536_conc_s2,focal,1.0,2500,True,2478,2478,,,1.0,46,46.0,0
dynamic,C_dyn_maze_dense,65536,dist,full_ft,0,17,full_ft_N65536_dist_s0,astar,,2500,True,155,155,,,1.065217391304348,49,46.0,0
dynamic,C_dyn_maze_dense,65536,dist,full_ft,0,17,full_ft_N65536_dist_s0,focal,1.0,2500,True,2478,2478,,,1.0,46,46.0,0
dynamic,C_dyn_maze_dense,65536,dist,full_ft,1,17,full_ft_N65536_dist_s1,astar,,2500,True,116,116,,,1.0217391304347827,47,46.0,0
dynamic,C_dyn_maze_dense,65536,dist,full_ft,1,17,full_ft_N65536_dist_s1,focal,1.0,2500,True,2478,2478,,,1.0,46,46.0,0
dynamic,C_dyn_maze_dense,65536,dist,full_ft,2,17,full_ft_N65536_dist_s2,astar,,2500,True,148,148,,,1.0869565217391304,50,46.0,0
dynamic,C_dyn_maze_dense,65536,dist,full_ft,2,17,full_ft_N65536_dist_s2,focal,1.0,2500,True,2478,2478,,,1.0,46,46.0,0
dynamic,C_dyn_maze_dense,65536,dist,lora,0,17,lora_N65536_dist_s0,astar,,2500,True,122,122,,,1.0217391304347827,47,46.0,0
dynamic,C_dyn_maze_dense,65536,dist,lora,0,17,lora_N65536_dist_s0,focal,1.0,2500,True,2478,2478,,,1.0,46,46.0,0
dynamic,C_dyn_maze_dense,65536,dist,lora,1,17,lora_N65536_dist_s1,astar,,2500,True,117,117,,,1.0217391304347827,47,46.0,0
dynamic,C_dyn_maze_dense,65536,dist,lora,1,17,lora_N65536_dist_s1,focal,1.0,2500,True,2478,2478,,,1.0,46,46.0,0
dynamic,C_dyn_maze_dense,65536,dist,lora,2,17,lora_N65536_dist_s2,astar,,2500,True,121,121,,,1.0217391304347827,47,46.0,0
dynamic,C_dyn_maze_dense,65536,dist,lora,2,17,lora_N65536_dist_s2,focal,1.0,2500,True,2478,2478,,,1.0,46,46.0,0
dynamic,C_dyn_maze_dense,65536,dist,scratch,0,17,scratch_N65536_dist_s0,astar,,2500,True,173,173,,,1.065217391304348,49,46.0,0
dynamic,C_dyn_maze_dense,65536,dist,scratch,0,17,scratch_N65536_dist_s0,focal,1.0,2500,True,2478,2478,,,1.0,46,46.0,0
dynamic,C_dyn_maze_dense,65536,dist,scratch,1,17,scratch_N65536_dist_s1,astar,,2500,True,121,121,,,1.0869565217391304,50,46.0,0
dynamic,C_dyn_maze_dense,65536,dist,scratch,1,17,scratch_N65536_dist_s1,focal,1.0,2500,True,2478,2478,,,1.0,46,46.0,0
dynamic,C_dyn_maze_dense,65536,dist,scratch,2,17,scratch_N65536_dist_s2,astar,,2500,True,98,98,,,1.0,46,46.0,0
dynamic,C_dyn_maze_dense,65536,dist,scratch,2,17,scratch_N65536_dist_s2,focal,1.0,2500,True,2478,2478,,,1.0,46,46.0,0
dynamic,C_dyn_maze_dense,-1,,euclid,-1,18,euclid,astar,,2500,False,2500,2500,,,nan,-1,88.0,0
dynamic,C_dyn_maze_dense,-1,,euclid,-1,18,euclid,focal,1.0,2500,False,2500,2500,,,nan,-1,88.0,0
dynamic,C_dyn_maze_dense,-1,,oracle,-1,18,oracle,astar,,2500,False,2500,2500,,,nan,-1,88.0,0
dynamic,C_dyn_maze_dense,-1,,oracle,-1,18,oracle,focal,1.0,2500,False,2500,2500,,,nan,-1,88.0,0
dynamic,C_dyn_maze_dense,0,,zero_shot,-1,18,zeroshot_field_unet_blind,astar,,2500,False,2500,2500,,,nan,-1,88.0,0
dynamic,C_dyn_maze_dense,0,,zero_shot,-1,18,zeroshot_field_unet_blind,focal,1.0,2500,False,2500,2500,,,nan,-1,88.0,0
dynamic,C_dyn_maze_dense,1024,conc,full_ft,0,18,full_ft_N1024_conc_s0,astar,,2500,False,2500,2500,,,nan,-1,88.0,0
dynamic,C_dyn_maze_dense,1024,conc,full_ft,0,18,full_ft_N1024_conc_s0,focal,1.0,2500,False,2500,2500,,,nan,-1,88.0,0
dynamic,C_dyn_maze_dense,1024,conc,full_ft,1,18,full_ft_N1024_conc_s1,astar,,2500,False,2500,2500,,,nan,-1,88.0,0
dynamic,C_dyn_maze_dense,1024,conc,full_ft,1,18,full_ft_N1024_conc_s1,focal,1.0,2500,False,2500,2500,,,nan,-1,88.0,0
dynamic,C_dyn_maze_dense,1024,conc,full_ft,2,18,full_ft_N1024_conc_s2,astar,,2500,False,2500,2500,,,nan,-1,88.0,0
dynamic,C_dyn_maze_dense,1024,conc,full_ft,2,18,full_ft_N1024_conc_s2,focal,1.0,2500,False,2500,2500,,,nan,-1,88.0,0
dynamic,C_dyn_maze_dense,1024,conc,lora,0,18,lora_N1024_conc_s0,astar,,2500,True,2497,2497,,,1.0,88,88.0,0
dynamic,C_dyn_maze_dense,1024,conc,lora,0,18,lora_N1024_conc_s0,focal,1.0,2500,False,2500,2500,,,nan,-1,88.0,0
dynamic,C_dyn_maze_dense,1024,conc,lora,1,18,lora_N1024_conc_s1,astar,,2500,False,2500,2500,,,nan,-1,88.0,0
dynamic,C_dyn_maze_dense,1024,conc,lora,1,18,lora_N1024_conc_s1,focal,1.0,2500,False,2500,2500,,,nan,-1,88.0,0
dynamic,C_dyn_maze_dense,1024,conc,lora,2,18,lora_N1024_conc_s2,astar,,2500,False,2500,2500,,,nan,-1,88.0,0
dynamic,C_dyn_maze_dense,1024,conc,lora,2,18,lora_N1024_conc_s2,focal,1.0,2500,False,2500,2500,,,nan,-1,88.0,0
dynamic,C_dyn_maze_dense,1024,conc,scratch,0,18,scratch_N1024_conc_s0,astar,,2500,False,2500,2500,,,nan,-1,88.0,0
dynamic,C_dyn_maze_dense,1024,conc,scratch,0,18,scratch_N1024_conc_s0,focal,1.0,2500,False,2500,2500,,,nan,-1,88.0,0
dynamic,C_dyn_maze_dense,1024,conc,scratch,1,18,scratch_N1024_conc_s1,astar,,2500,False,2500,2500,,,nan,-1,88.0,0
dynamic,C_dyn_maze_dense,1024,conc,scratch,1,18,scratch_N1024_conc_s1,focal,1.0,2500,False,2500,2500,,,nan,-1,88.0,0
dynamic,C_dyn_maze_dense,1024,conc,scratch,2,18,scratch_N1024_conc_s2,astar,,2500,False,2500,2500,,,nan,-1,88.0,0
dynamic,C_dyn_maze_dense,1024,conc,scratch,2,18,scratch_N1024_conc_s2,focal,1.0,2500,False,2500,2500,,,nan,-1,88.0,0
dynamic,C_dyn_maze_dense,1024,dist,full_ft,0,18,full_ft_N1024_dist_s0,astar,,2500,False,2500,2500,,,nan,-1,88.0,0
dynamic,C_dyn_maze_dense,1024,dist,full_ft,0,18,full_ft_N1024_dist_s0,focal,1.0,2500,False,2500,2500,,,nan,-1,88.0,0
dynamic,C_dyn_maze_dense,1024,dist,full_ft,1,18,full_ft_N1024_dist_s1,astar,,2500,False,2500,2500,,,nan,-1,88.0,0
dynamic,C_dyn_maze_dense,1024,dist,full_ft,1,18,full_ft_N1024_dist_s1,focal,1.0,2500,False,2500,2500,,,nan,-1,88.0,0
dynamic,C_dyn_maze_dense,1024,dist,full_ft,2,18,full_ft_N1024_dist_s2,astar,,2500,False,2500,2500,,,nan,-1,88.0,0
dynamic,C_dyn_maze_dense,1024,dist,full_ft,2,18,full_ft_N1024_dist_s2,focal,1.0,2500,False,2500,2500,,,nan,-1,88.0,0
dynamic,C_dyn_maze_dense,1024,dist,lora,0,18,lora_N1024_dist_s0,astar,,2500,True,2451,2451,,,1.0,88,88.0,0
dynamic,C_dyn_maze_dense,1024,dist,lora,0,18,lora_N1024_dist_s0,focal,1.0,2500,False,2500,2500,,,nan,-1,88.0,0
dynamic,C_dyn_maze_dense,1024,dist,lora,1,18,lora_N1024_dist_s1,astar,,2500,True,2444,2444,,,1.0,88,88.0,0
dynamic,C_dyn_maze_dense,1024,dist,lora,1,18,lora_N1024_dist_s1,focal,1.0,2500,False,2500,2500,,,nan,-1,88.0,0
dynamic,C_dyn_maze_dense,1024,dist,lora,2,18,lora_N1024_dist_s2,astar,,2500,False,2500,2500,,,nan,-1,88.0,0
dynamic,C_dyn_maze_dense,1024,dist,lora,2,18,lora_N1024_dist_s2,focal,1.0,2500,False,2500,2500,,,nan,-1,88.0,0
dynamic,C_dyn_maze_dense,1024,dist,scratch,0,18,scratch_N1024_dist_s0,astar,,2500,False,2500,2500,,,nan,-1,88.0,0
dynamic,C_dyn_maze_dense,1024,dist,scratch,0,18,scratch_N1024_dist_s0,focal,1.0,2500,False,2500,2500,,,nan,-1,88.0,0
dynamic,C_dyn_maze_dense,1024,dist,scratch,1,18,scratch_N1024_dist_s1,astar,,2500,False,2500,2500,,,nan,-1,88.0,0
dynamic,C_dyn_maze_dense,1024,dist,scratch,1,18,scratch_N1024_dist_s1,focal,1.0,2500,False,2500,2500,,,nan,-1,88.0,0
dynamic,C_dyn_maze_dense,1024,dist,scratch,2,18,scratch_N1024_dist_s2,astar,,2500,False,2500,2500,,,nan,-1,88.0,0
dynamic,C_dyn_maze_dense,1024,dist,scratch,2,18,scratch_N1024_dist_s2,focal,1.0,2500,False,2500,2500,,,nan,-1,88.0,0
dynamic,C_dyn_maze_dense,16384,conc,full_ft,0,18,full_ft_N16384_conc_s0,astar,,2500,False,2500,2500,,,nan,-1,88.0,0
dynamic,C_dyn_maze_dense,16384,conc,full_ft,0,18,full_ft_N16384_conc_s0,focal,1.0,2500,False,2500,2500,,,nan,-1,88.0,0
dynamic,C_dyn_maze_dense,16384,conc,full_ft,1,18,full_ft_N16384_conc_s1,astar,,2500,False,2500,2500,,,nan,-1,88.0,0
dynamic,C_dyn_maze_dense,16384,conc,full_ft,1,18,full_ft_N16384_conc_s1,focal,1.0,2500,False,2500,2500,,,nan,-1,88.0,0
dynamic,C_dyn_maze_dense,16384,conc,full_ft,2,18,full_ft_N16384_conc_s2,astar,,2500,False,2500,2500,,,nan,-1,88.0,0
dynamic,C_dyn_maze_dense,16384,conc,full_ft,2,18,full_ft_N16384_conc_s2,focal,1.0,2500,False,2500,2500,,,nan,-1,88.0,0
dynamic,C_dyn_maze_dense,16384,conc,lora,0,18,lora_N16384_conc_s0,astar,,2500,False,2500,2500,,,nan,-1,88.0,0
dynamic,C_dyn_maze_dense,16384,conc,lora,0,18,lora_N16384_conc_s0,focal,1.0,2500,False,2500,2500,,,nan,-1,88.0,0
dynamic,C_dyn_maze_dense,16384,conc,lora,1,18,lora_N16384_conc_s1,astar,,2500,False,2500,2500,,,nan,-1,88.0,0
dynamic,C_dyn_maze_dense,16384,conc,lora,1,18,lora_N16384_conc_s1,focal,1.0,2500,False,2500,2500,,,nan,-1,88.0,0
dynamic,C_dyn_maze_dense,16384,conc,lora,2,18,lora_N16384_conc_s2,astar,,2500,False,2500,2500,,,nan,-1,88.0,0
dynamic,C_dyn_maze_dense,16384,conc,lora,2,18,lora_N16384_conc_s2,focal,1.0,2500,False,2500,2500,,,nan,-1,88.0,0
dynamic,C_dyn_maze_dense,16384,conc,scratch,0,18,scratch_N16384_conc_s0,astar,,2500,False,2500,2500,,,nan,-1,88.0,0
dynamic,C_dyn_maze_dense,16384,conc,scratch,0,18,scratch_N16384_conc_s0,focal,1.0,2500,False,2500,2500,,,nan,-1,88.0,0
dynamic,C_dyn_maze_dense,16384,conc,scratch,1,18,scratch_N16384_conc_s1,astar,,2500,False,2500,2500,,,nan,-1,88.0,0
dynamic,C_dyn_maze_dense,16384,conc,scratch,1,18,scratch_N16384_conc_s1,focal,1.0,2500,False,2500,2500,,,nan,-1,88.0,0
dynamic,C_dyn_maze_dense,16384,conc,scratch,2,18,scratch_N16384_conc_s2,astar,,2500,False,2500,2500,,,nan,-1,88.0,0
dynamic,C_dyn_maze_dense,16384,conc,scratch,2,18,scratch_N16384_conc_s2,focal,1.0,2500,False,2500,2500,,,nan,-1,88.0,0
dynamic,C_dyn_maze_dense,16384,dist,full_ft,0,18,full_ft_N16384_dist_s0,astar,,2500,True,2023,2023,,,1.0113636363636365,89,88.0,0
dynamic,C_dyn_maze_dense,16384,dist,full_ft,0,18,full_ft_N16384_dist_s0,focal,1.0,2500,False,2500,2500,,,nan,-1,88.0,0
dynamic,C_dyn_maze_dense,16384,dist,full_ft,1,18,full_ft_N16384_dist_s1,astar,,2500,True,2247,2247,,,1.0113636363636365,89,88.0,0
dynamic,C_dyn_maze_dense,16384,dist,full_ft,1,18,full_ft_N16384_dist_s1,focal,1.0,2500,False,2500,2500,,,nan,-1,88.0,0
dynamic,C_dyn_maze_dense,16384,dist,full_ft,2,18,full_ft_N16384_dist_s2,astar,,2500,True,2091,2091,,,1.0113636363636365,89,88.0,0
dynamic,C_dyn_maze_dense,16384,dist,full_ft,2,18,full_ft_N16384_dist_s2,focal,1.0,2500,False,2500,2500,,,nan,-1,88.0,0
dynamic,C_dyn_maze_dense,16384,dist,lora,0,18,lora_N16384_dist_s0,astar,,2500,False,2500,2500,,,nan,-1,88.0,0
dynamic,C_dyn_maze_dense,16384,dist,lora,0,18,lora_N16384_dist_s0,focal,1.0,2500,False,2500,2500,,,nan,-1,88.0,0
dynamic,C_dyn_maze_dense,16384,dist,lora,1,18,lora_N16384_dist_s1,astar,,2500,False,2500,2500,,,nan,-1,88.0,0
dynamic,C_dyn_maze_dense,16384,dist,lora,1,18,lora_N16384_dist_s1,focal,1.0,2500,False,2500,2500,,,nan,-1,88.0,0
dynamic,C_dyn_maze_dense,16384,dist,lora,2,18,lora_N16384_dist_s2,astar,,2500,False,2500,2500,,,nan,-1,88.0,0
dynamic,C_dyn_maze_dense,16384,dist,lora,2,18,lora_N16384_dist_s2,focal,1.0,2500,False,2500,2500,,,nan,-1,88.0,0
dynamic,C_dyn_maze_dense,16384,dist,scratch,0,18,scratch_N16384_dist_s0,astar,,2500,True,2472,2472,,,1.0,88,88.0,0
dynamic,C_dyn_maze_dense,16384,dist,scratch,0,18,scratch_N16384_dist_s0,focal,1.0,2500,False,2500,2500,,,nan,-1,88.0,0
dynamic,C_dyn_maze_dense,16384,dist,scratch,1,18,scratch_N16384_dist_s1,astar,,2500,True,2469,2469,,,1.0,88,88.0,0
dynamic,C_dyn_maze_dense,16384,dist,scratch,1,18,scratch_N16384_dist_s1,focal,1.0,2500,False,2500,2500,,,nan,-1,88.0,0
dynamic,C_dyn_maze_dense,16384,dist,scratch,2,18,scratch_N16384_dist_s2,astar,,2500,False,2500,2500,,,nan,-1,88.0,0
dynamic,C_dyn_maze_dense,16384,dist,scratch,2,18,scratch_N16384_dist_s2,focal,1.0,2500,False,2500,2500,,,nan,-1,88.0,0
dynamic,C_dyn_maze_dense,256,conc,full_ft,0,18,full_ft_N256_conc_s0,astar,,2500,False,2500,2500,,,nan,-1,88.0,0
dynamic,C_dyn_maze_dense,256,conc,full_ft,0,18,full_ft_N256_conc_s0,focal,1.0,2500,False,2500,2500,,,nan,-1,88.0,0
dynamic,C_dyn_maze_dense,256,conc,full_ft,1,18,full_ft_N256_conc_s1,astar,,2500,False,2500,2500,,,nan,-1,88.0,0
dynamic,C_dyn_maze_dense,256,conc,full_ft,1,18,full_ft_N256_conc_s1,focal,1.0,2500,False,2500,2500,,,nan,-1,88.0,0
dynamic,C_dyn_maze_dense,256,conc,full_ft,2,18,full_ft_N256_conc_s2,astar,,2500,False,2500,2500,,,nan,-1,88.0,0
dynamic,C_dyn_maze_dense,256,conc,full_ft,2,18,full_ft_N256_conc_s2,focal,1.0,2500,False,2500,2500,,,nan,-1,88.0,0
dynamic,C_dyn_maze_dense,256,conc,lora,0,18,lora_N256_conc_s0,astar,,2500,False,2500,2500,,,nan,-1,88.0,0
dynamic,C_dyn_maze_dense,256,conc,lora,0,18,lora_N256_conc_s0,focal,1.0,2500,False,2500,2500,,,nan,-1,88.0,0
dynamic,C_dyn_maze_dense,256,conc,lora,1,18,lora_N256_conc_s1,astar,,2500,False,2500,2500,,,nan,-1,88.0,0
dynamic,C_dyn_maze_dense,256,conc,lora,1,18,lora_N256_conc_s1,focal,1.0,2500,False,2500,2500,,,nan,-1,88.0,0
dynamic,C_dyn_maze_dense,256,conc,lora,2,18,lora_N256_conc_s2,astar,,2500,False,2500,2500,,,nan,-1,88.0,0
dynamic,C_dyn_maze_dense,256,conc,lora,2,18,lora_N256_conc_s2,focal,1.0,2500,False,2500,2500,,,nan,-1,88.0,0
dynamic,C_dyn_maze_dense,256,conc,scratch,0,18,scratch_N256_conc_s0,astar,,2500,False,2500,2500,,,nan,-1,88.0,0
dynamic,C_dyn_maze_dense,256,conc,scratch,0,18,scratch_N256_conc_s0,focal,1.0,2500,False,2500,2500,,,nan,-1,88.0,0
dynamic,C_dyn_maze_dense,256,conc,scratch,1,18,scratch_N256_conc_s1,astar,,2500,False,2500,2500,,,nan,-1,88.0,0
dynamic,C_dyn_maze_dense,256,conc,scratch,1,18,scratch_N256_conc_s1,focal,1.0,2500,False,2500,2500,,,nan,-1,88.0,0
dynamic,C_dyn_maze_dense,256,conc,scratch,2,18,scratch_N256_conc_s2,astar,,2500,False,2500,2500,,,nan,-1,88.0,0
dynamic,C_dyn_maze_dense,256,conc,scratch,2,18,scratch_N256_conc_s2,focal,1.0,2500,False,2500,2500,,,nan,-1,88.0,0
dynamic,C_dyn_maze_dense,256,dist,full_ft,0,18,full_ft_N256_dist_s0,astar,,2500,True,2476,2476,,,1.0113636363636365,89,88.0,0
dynamic,C_dyn_maze_dense,256,dist,full_ft,0,18,full_ft_N256_dist_s0,focal,1.0,2500,False,2500,2500,,,nan,-1,88.0,0
dynamic,C_dyn_maze_dense,256,dist,full_ft,1,18,full_ft_N256_dist_s1,astar,,2500,True,2387,2387,,,1.0,88,88.0,0
dynamic,C_dyn_maze_dense,256,dist,full_ft,1,18,full_ft_N256_dist_s1,focal,1.0,2500,False,2500,2500,,,nan,-1,88.0,0
dynamic,C_dyn_maze_dense,256,dist,full_ft,2,18,full_ft_N256_dist_s2,astar,,2500,False,2500,2500,,,nan,-1,88.0,0
dynamic,C_dyn_maze_dense,256,dist,full_ft,2,18,full_ft_N256_dist_s2,focal,1.0,2500,False,2500,2500,,,nan,-1,88.0,0
dynamic,C_dyn_maze_dense,256,dist,lora,0,18,lora_N256_dist_s0,astar,,2500,True,2396,2396,,,1.0,88,88.0,0
dynamic,C_dyn_maze_dense,256,dist,lora,0,18,lora_N256_dist_s0,focal,1.0,2500,False,2500,2500,,,nan,-1,88.0,0
dynamic,C_dyn_maze_dense,256,dist,lora,1,18,lora_N256_dist_s1,astar,,2500,True,2299,2299,,,1.0,88,88.0,0
dynamic,C_dyn_maze_dense,256,dist,lora,1,18,lora_N256_dist_s1,focal,1.0,2500,False,2500,2500,,,nan,-1,88.0,0
dynamic,C_dyn_maze_dense,256,dist,lora,2,18,lora_N256_dist_s2,astar,,2500,True,2333,2333,,,1.0,88,88.0,0
dynamic,C_dyn_maze_dense,256,dist,lora,2,18,lora_N256_dist_s2,focal,1.0,2500,False,2500,2500,,,nan,-1,88.0,0
dynamic,C_dyn_maze_dense,256,dist,scratch,0,18,scratch_N256_dist_s0,astar,,2500,True,2471,2471,,,1.0,88,88.0,0
dynamic,C_dyn_maze_dense,256,dist,scratch,0,18,scratch_N256_dist_s0,focal,1.0,2500,False,2500,2500,,,nan,-1,88.0,0
dynamic,C_dyn_maze_dense,256,dist,scratch,1,18,scratch_N256_dist_s1,astar,,2500,False,2500,2500,,,nan,-1,88.0,0
dynamic,C_dyn_maze_dense,256,dist,scratch,1,18,scratch_N256_dist_s1,focal,1.0,2500,False,2500,2500,,,nan,-1,88.0,0
dynamic,C_dyn_maze_dense,256,dist,scratch,2,18,scratch_N256_dist_s2,astar,,2500,False,2500,2500,,,nan,-1,88.0,0
dynamic,C_dyn_maze_dense,256,dist,scratch,2,18,scratch_N256_dist_s2,focal,1.0,2500,False,2500,2500,,,nan,-1,88.0,0
dynamic,C_dyn_maze_dense,4096,conc,full_ft,0,18,full_ft_N4096_conc_s0,astar,,2500,False,2500,2500,,,nan,-1,88.0,0
dynamic,C_dyn_maze_dense,4096,conc,full_ft,0,18,full_ft_N4096_conc_s0,focal,1.0,2500,False,2500,2500,,,nan,-1,88.0,0
dynamic,C_dyn_maze_dense,4096,conc,full_ft,1,18,full_ft_N4096_conc_s1,astar,,2500,False,2500,2500,,,nan,-1,88.0,0
dynamic,C_dyn_maze_dense,4096,conc,full_ft,1,18,full_ft_N4096_conc_s1,focal,1.0,2500,False,2500,2500,,,nan,-1,88.0,0
dynamic,C_dyn_maze_dense,4096,conc,full_ft,2,18,full_ft_N4096_conc_s2,astar,,2500,False,2500,2500,,,nan,-1,88.0,0
dynamic,C_dyn_maze_dense,4096,conc,full_ft,2,18,full_ft_N4096_conc_s2,focal,1.0,2500,False,2500,2500,,,nan,-1,88.0,0
dynamic,C_dyn_maze_dense,4096,conc,lora,0,18,lora_N4096_conc_s0,astar,,2500,False,2500,2500,,,nan,-1,88.0,0
dynamic,C_dyn_maze_dense,4096,conc,lora,0,18,lora_N4096_conc_s0,focal,1.0,2500,False,2500,2500,,,nan,-1,88.0,0
dynamic,C_dyn_maze_dense,4096,conc,lora,1,18,lora_N4096_conc_s1,astar,,2500,False,2500,2500,,,nan,-1,88.0,0
dynamic,C_dyn_maze_dense,4096,conc,lora,1,18,lora_N4096_conc_s1,focal,1.0,2500,False,2500,2500,,,nan,-1,88.0,0
dynamic,C_dyn_maze_dense,4096,conc,lora,2,18,lora_N4096_conc_s2,astar,,2500,False,2500,2500,,,nan,-1,88.0,0
dynamic,C_dyn_maze_dense,4096,conc,lora,2,18,lora_N4096_conc_s2,focal,1.0,2500,False,2500,2500,,,nan,-1,88.0,0
dynamic,C_dyn_maze_dense,4096,conc,scratch,0,18,scratch_N4096_conc_s0,astar,,2500,False,2500,2500,,,nan,-1,88.0,0
dynamic,C_dyn_maze_dense,4096,conc,scratch,0,18,scratch_N4096_conc_s0,focal,1.0,2500,False,2500,2500,,,nan,-1,88.0,0
dynamic,C_dyn_maze_dense,4096,conc,scratch,1,18,scratch_N4096_conc_s1,astar,,2500,False,2500,2500,,,nan,-1,88.0,0
dynamic,C_dyn_maze_dense,4096,conc,scratch,1,18,scratch_N4096_conc_s1,focal,1.0,2500,False,2500,2500,,,nan,-1,88.0,0
dynamic,C_dyn_maze_dense,4096,conc,scratch,2,18,scratch_N4096_conc_s2,astar,,2500,False,2500,2500,,,nan,-1,88.0,0
dynamic,C_dyn_maze_dense,4096,conc,scratch,2,18,scratch_N4096_conc_s2,focal,1.0,2500,False,2500,2500,,,nan,-1,88.0,0
dynamic,C_dyn_maze_dense,4096,dist,full_ft,0,18,full_ft_N4096_dist_s0,astar,,2500,False,2500,2500,,,nan,-1,88.0,0
dynamic,C_dyn_maze_dense,4096,dist,full_ft,0,18,full_ft_N4096_dist_s0,focal,1.0,2500,False,2500,2500,,,nan,-1,88.0,0
dynamic,C_dyn_maze_dense,4096,dist,full_ft,1,18,full_ft_N4096_dist_s1,astar,,2500,False,2500,2500,,,nan,-1,88.0,0
dynamic,C_dyn_maze_dense,4096,dist,full_ft,1,18,full_ft_N4096_dist_s1,focal,1.0,2500,False,2500,2500,,,nan,-1,88.0,0
dynamic,C_dyn_maze_dense,4096,dist,full_ft,2,18,full_ft_N4096_dist_s2,astar,,2500,False,2500,2500,,,nan,-1,88.0,0
dynamic,C_dyn_maze_dense,4096,dist,full_ft,2,18,full_ft_N4096_dist_s2,focal,1.0,2500,False,2500,2500,,,nan,-1,88.0,0
dynamic,C_dyn_maze_dense,4096,dist,lora,0,18,lora_N4096_dist_s0,astar,,2500,False,2500,2500,,,nan,-1,88.0,0
dynamic,C_dyn_maze_dense,4096,dist,lora,0,18,lora_N4096_dist_s0,focal,1.0,2500,False,2500,2500,,,nan,-1,88.0,0
dynamic,C_dyn_maze_dense,4096,dist,lora,1,18,lora_N4096_dist_s1,astar,,2500,False,2500,2500,,,nan,-1,88.0,0
dynamic,C_dyn_maze_dense,4096,dist,lora,1,18,lora_N4096_dist_s1,focal,1.0,2500,False,2500,2500,,,nan,-1,88.0,0
dynamic,C_dyn_maze_dense,4096,dist,lora,2,18,lora_N4096_dist_s2,astar,,2500,False,2500,2500,,,nan,-1,88.0,0
dynamic,C_dyn_maze_dense,4096,dist,lora,2,18,lora_N4096_dist_s2,focal,1.0,2500,False,2500,2500,,,nan,-1,88.0,0
dynamic,C_dyn_maze_dense,4096,dist,scratch,0,18,scratch_N4096_dist_s0,astar,,2500,False,2500,2500,,,nan,-1,88.0,0
dynamic,C_dyn_maze_dense,4096,dist,scratch,0,18,scratch_N4096_dist_s0,focal,1.0,2500,False,2500,2500,,,nan,-1,88.0,0
dynamic,C_dyn_maze_dense,4096,dist,scratch,1,18,scratch_N4096_dist_s1,astar,,2500,False,2500,2500,,,nan,-1,88.0,0
dynamic,C_dyn_maze_dense,4096,dist,scratch,1,18,scratch_N4096_dist_s1,focal,1.0,2500,False,2500,2500,,,nan,-1,88.0,0
dynamic,C_dyn_maze_dense,4096,dist,scratch,2,18,scratch_N4096_dist_s2,astar,,2500,False,2500,2500,,,nan,-1,88.0,0
dynamic,C_dyn_maze_dense,4096,dist,scratch,2,18,scratch_N4096_dist_s2,focal,1.0,2500,False,2500,2500,,,nan,-1,88.0,0
dynamic,C_dyn_maze_dense,65536,conc,full_ft,0,18,full_ft_N65536_conc_s0,astar,,2500,False,2500,2500,,,nan,-1,88.0,0
dynamic,C_dyn_maze_dense,65536,conc,full_ft,0,18,full_ft_N65536_conc_s0,focal,1.0,2500,False,2500,2500,,,nan,-1,88.0,0
dynamic,C_dyn_maze_dense,65536,conc,full_ft,1,18,full_ft_N65536_conc_s1,astar,,2500,False,2500,2500,,,nan,-1,88.0,0
dynamic,C_dyn_maze_dense,65536,conc,full_ft,1,18,full_ft_N65536_conc_s1,focal,1.0,2500,False,2500,2500,,,nan,-1,88.0,0
dynamic,C_dyn_maze_dense,65536,conc,full_ft,2,18,full_ft_N65536_conc_s2,astar,,2500,False,2500,2500,,,nan,-1,88.0,0
dynamic,C_dyn_maze_dense,65536,conc,full_ft,2,18,full_ft_N65536_conc_s2,focal,1.0,2500,False,2500,2500,,,nan,-1,88.0,0
dynamic,C_dyn_maze_dense,65536,conc,lora,0,18,lora_N65536_conc_s0,astar,,2500,False,2500,2500,,,nan,-1,88.0,0
dynamic,C_dyn_maze_dense,65536,conc,lora,0,18,lora_N65536_conc_s0,focal,1.0,2500,False,2500,2500,,,nan,-1,88.0,0
dynamic,C_dyn_maze_dense,65536,conc,lora,1,18,lora_N65536_conc_s1,astar,,2500,False,2500,2500,,,nan,-1,88.0,0
dynamic,C_dyn_maze_dense,65536,conc,lora,1,18,lora_N65536_conc_s1,focal,1.0,2500,False,2500,2500,,,nan,-1,88.0,0
dynamic,C_dyn_maze_dense,65536,conc,lora,2,18,lora_N65536_conc_s2,astar,,2500,False,2500,2500,,,nan,-1,88.0,0
dynamic,C_dyn_maze_dense,65536,conc,lora,2,18,lora_N65536_conc_s2,focal,1.0,2500,False,2500,2500,,,nan,-1,88.0,0
dynamic,C_dyn_maze_dense,65536,conc,scratch,0,18,scratch_N65536_conc_s0,astar,,2500,False,2500,2500,,,nan,-1,88.0,0
dynamic,C_dyn_maze_dense,65536,conc,scratch,0,18,scratch_N65536_conc_s0,focal,1.0,2500,False,2500,2500,,,nan,-1,88.0,0
dynamic,C_dyn_maze_dense,65536,conc,scratch,1,18,scratch_N65536_conc_s1,astar,,2500,False,2500,2500,,,nan,-1,88.0,0
dynamic,C_dyn_maze_dense,65536,conc,scratch,1,18,scratch_N65536_conc_s1,focal,1.0,2500,False,2500,2500,,,nan,-1,88.0,0
dynamic,C_dyn_maze_dense,65536,conc,scratch,2,18,scratch_N65536_conc_s2,astar,,2500,False,2500,2500,,,nan,-1,88.0,0
dynamic,C_dyn_maze_dense,65536,conc,scratch,2,18,scratch_N65536_conc_s2,focal,1.0,2500,False,2500,2500,,,nan,-1,88.0,0
dynamic,C_dyn_maze_dense,65536,dist,full_ft,0,18,full_ft_N65536_dist_s0,astar,,2500,True,2412,2412,,,1.0,88,88.0,0
dynamic,C_dyn_maze_dense,65536,dist,full_ft,0,18,full_ft_N65536_dist_s0,focal,1.0,2500,False,2500,2500,,,nan,-1,88.0,0
dynamic,C_dyn_maze_dense,65536,dist,full_ft,1,18,full_ft_N65536_dist_s1,astar,,2500,False,2500,2500,,,nan,-1,88.0,0
dynamic,C_dyn_maze_dense,65536,dist,full_ft,1,18,full_ft_N65536_dist_s1,focal,1.0,2500,False,2500,2500,,,nan,-1,88.0,0
dynamic,C_dyn_maze_dense,65536,dist,full_ft,2,18,full_ft_N65536_dist_s2,astar,,2500,False,2500,2500,,,nan,-1,88.0,0
dynamic,C_dyn_maze_dense,65536,dist,full_ft,2,18,full_ft_N65536_dist_s2,focal,1.0,2500,False,2500,2500,,,nan,-1,88.0,0
dynamic,C_dyn_maze_dense,65536,dist,lora,0,18,lora_N65536_dist_s0,astar,,2500,True,2285,2285,,,1.0,88,88.0,0
dynamic,C_dyn_maze_dense,65536,dist,lora,0,18,lora_N65536_dist_s0,focal,1.0,2500,False,2500,2500,,,nan,-1,88.0,0
dynamic,C_dyn_maze_dense,65536,dist,lora,1,18,lora_N65536_dist_s1,astar,,2500,True,2358,2358,,,1.0,88,88.0,0
dynamic,C_dyn_maze_dense,65536,dist,lora,1,18,lora_N65536_dist_s1,focal,1.0,2500,False,2500,2500,,,nan,-1,88.0,0
dynamic,C_dyn_maze_dense,65536,dist,lora,2,18,lora_N65536_dist_s2,astar,,2500,True,2168,2168,,,1.0,88,88.0,0
dynamic,C_dyn_maze_dense,65536,dist,lora,2,18,lora_N65536_dist_s2,focal,1.0,2500,False,2500,2500,,,nan,-1,88.0,0
dynamic,C_dyn_maze_dense,65536,dist,scratch,0,18,scratch_N65536_dist_s0,astar,,2500,True,2163,2163,,,1.0113636363636365,89,88.0,0
dynamic,C_dyn_maze_dense,65536,dist,scratch,0,18,scratch_N65536_dist_s0,focal,1.0,2500,False,2500,2500,,,nan,-1,88.0,0
dynamic,C_dyn_maze_dense,65536,dist,scratch,1,18,scratch_N65536_dist_s1,astar,,2500,False,2500,2500,,,nan,-1,88.0,0
dynamic,C_dyn_maze_dense,65536,dist,scratch,1,18,scratch_N65536_dist_s1,focal,1.0,2500,False,2500,2500,,,nan,-1,88.0,0
dynamic,C_dyn_maze_dense,65536,dist,scratch,2,18,scratch_N65536_dist_s2,astar,,2500,False,2500,2500,,,nan,-1,88.0,0
dynamic,C_dyn_maze_dense,65536,dist,scratch,2,18,scratch_N65536_dist_s2,focal,1.0,2500,False,2500,2500,,,nan,-1,88.0,0
dynamic,C_dyn_maze_dense,-1,,euclid,-1,19,euclid,astar,,2500,False,2500,2500,,,nan,-1,61.0,0
dynamic,C_dyn_maze_dense,-1,,euclid,-1,19,euclid,focal,1.0,2500,False,2500,2500,,,nan,-1,61.0,0
dynamic,C_dyn_maze_dense,-1,,oracle,-1,19,oracle,astar,,2500,True,260,260,,,1.0,61,61.0,0
dynamic,C_dyn_maze_dense,-1,,oracle,-1,19,oracle,focal,1.0,2500,False,2500,2500,,,nan,-1,61.0,0
dynamic,C_dyn_maze_dense,0,,zero_shot,-1,19,zeroshot_field_unet_blind,astar,,2500,True,872,872,,,1.0,61,61.0,0
dynamic,C_dyn_maze_dense,0,,zero_shot,-1,19,zeroshot_field_unet_blind,focal,1.0,2500,False,2500,2500,,,nan,-1,61.0,0
dynamic,C_dyn_maze_dense,1024,conc,full_ft,0,19,full_ft_N1024_conc_s0,astar,,2500,True,192,192,,,1.0327868852459017,63,61.0,0
dynamic,C_dyn_maze_dense,1024,conc,full_ft,0,19,full_ft_N1024_conc_s0,focal,1.0,2500,False,2500,2500,,,nan,-1,61.0,0
dynamic,C_dyn_maze_dense,1024,conc,full_ft,1,19,full_ft_N1024_conc_s1,astar,,2500,True,193,193,,,1.0327868852459017,63,61.0,0
dynamic,C_dyn_maze_dense,1024,conc,full_ft,1,19,full_ft_N1024_conc_s1,focal,1.0,2500,False,2500,2500,,,nan,-1,61.0,0
dynamic,C_dyn_maze_dense,1024,conc,full_ft,2,19,full_ft_N1024_conc_s2,astar,,2500,True,216,216,,,1.0327868852459017,63,61.0,0
dynamic,C_dyn_maze_dense,1024,conc,full_ft,2,19,full_ft_N1024_conc_s2,focal,1.0,2500,False,2500,2500,,,nan,-1,61.0,0
dynamic,C_dyn_maze_dense,1024,conc,lora,0,19,lora_N1024_conc_s0,astar,,2500,True,540,540,,,1.0327868852459017,63,61.0,0
dynamic,C_dyn_maze_dense,1024,conc,lora,0,19,lora_N1024_conc_s0,focal,1.0,2500,False,2500,2500,,,nan,-1,61.0,0
dynamic,C_dyn_maze_dense,1024,conc,lora,1,19,lora_N1024_conc_s1,astar,,2500,True,381,381,,,1.0327868852459017,63,61.0,0
dynamic,C_dyn_maze_dense,1024,conc,lora,1,19,lora_N1024_conc_s1,focal,1.0,2500,False,2500,2500,,,nan,-1,61.0,0
dynamic,C_dyn_maze_dense,1024,conc,lora,2,19,lora_N1024_conc_s2,astar,,2500,True,365,365,,,1.0327868852459017,63,61.0,0
dynamic,C_dyn_maze_dense,1024,conc,lora,2,19,lora_N1024_conc_s2,focal,1.0,2500,False,2500,2500,,,nan,-1,61.0,0
dynamic,C_dyn_maze_dense,1024,conc,scratch,0,19,scratch_N1024_conc_s0,astar,,2500,True,344,344,,,1.0,61,61.0,0
dynamic,C_dyn_maze_dense,1024,conc,scratch,0,19,scratch_N1024_conc_s0,focal,1.0,2500,False,2500,2500,,,nan,-1,61.0,0
dynamic,C_dyn_maze_dense,1024,conc,scratch,1,19,scratch_N1024_conc_s1,astar,,2500,True,399,399,,,1.0,61,61.0,0
dynamic,C_dyn_maze_dense,1024,conc,scratch,1,19,scratch_N1024_conc_s1,focal,1.0,2500,False,2500,2500,,,nan,-1,61.0,0
dynamic,C_dyn_maze_dense,1024,conc,scratch,2,19,scratch_N1024_conc_s2,astar,,2500,True,446,446,,,1.0327868852459017,63,61.0,0
dynamic,C_dyn_maze_dense,1024,conc,scratch,2,19,scratch_N1024_conc_s2,focal,1.0,2500,False,2500,2500,,,nan,-1,61.0,0
dynamic,C_dyn_maze_dense,1024,dist,full_ft,0,19,full_ft_N1024_dist_s0,astar,,2500,True,235,235,,,1.0,61,61.0,0
dynamic,C_dyn_maze_dense,1024,dist,full_ft,0,19,full_ft_N1024_dist_s0,focal,1.0,2500,False,2500,2500,,,nan,-1,61.0,0
dynamic,C_dyn_maze_dense,1024,dist,full_ft,1,19,full_ft_N1024_dist_s1,astar,,2500,True,243,243,,,1.0,61,61.0,0
dynamic,C_dyn_maze_dense,1024,dist,full_ft,1,19,full_ft_N1024_dist_s1,focal,1.0,2500,False,2500,2500,,,nan,-1,61.0,0
dynamic,C_dyn_maze_dense,1024,dist,full_ft,2,19,full_ft_N1024_dist_s2,astar,,2500,True,244,244,,,1.0,61,61.0,0
dynamic,C_dyn_maze_dense,1024,dist,full_ft,2,19,full_ft_N1024_dist_s2,focal,1.0,2500,False,2500,2500,,,nan,-1,61.0,0
dynamic,C_dyn_maze_dense,1024,dist,lora,0,19,lora_N1024_dist_s0,astar,,2500,True,307,307,,,1.0,61,61.0,0
dynamic,C_dyn_maze_dense,1024,dist,lora,0,19,lora_N1024_dist_s0,focal,1.0,2500,False,2500,2500,,,nan,-1,61.0,0
dynamic,C_dyn_maze_dense,1024,dist,lora,1,19,lora_N1024_dist_s1,astar,,2500,True,396,396,,,1.0,61,61.0,0
dynamic,C_dyn_maze_dense,1024,dist,lora,1,19,lora_N1024_dist_s1,focal,1.0,2500,False,2500,2500,,,nan,-1,61.0,0
dynamic,C_dyn_maze_dense,1024,dist,lora,2,19,lora_N1024_dist_s2,astar,,2500,True,414,414,,,1.0,61,61.0,0
dynamic,C_dyn_maze_dense,1024,dist,lora,2,19,lora_N1024_dist_s2,focal,1.0,2500,False,2500,2500,,,nan,-1,61.0,0
dynamic,C_dyn_maze_dense,1024,dist,scratch,0,19,scratch_N1024_dist_s0,astar,,2500,True,465,465,,,1.0819672131147542,66,61.0,0
dynamic,C_dyn_maze_dense,1024,dist,scratch,0,19,scratch_N1024_dist_s0,focal,1.0,2500,False,2500,2500,,,nan,-1,61.0,0
dynamic,C_dyn_maze_dense,1024,dist,scratch,1,19,scratch_N1024_dist_s1,astar,,2500,True,347,347,,,1.0327868852459017,63,61.0,0
dynamic,C_dyn_maze_dense,1024,dist,scratch,1,19,scratch_N1024_dist_s1,focal,1.0,2500,False,2500,2500,,,nan,-1,61.0,0
dynamic,C_dyn_maze_dense,1024,dist,scratch,2,19,scratch_N1024_dist_s2,astar,,2500,True,512,512,,,1.0655737704918034,65,61.0,0
dynamic,C_dyn_maze_dense,1024,dist,scratch,2,19,scratch_N1024_dist_s2,focal,1.0,2500,False,2500,2500,,,nan,-1,61.0,0
dynamic,C_dyn_maze_dense,16384,conc,full_ft,0,19,full_ft_N16384_conc_s0,astar,,2500,True,466,466,,,1.0327868852459017,63,61.0,0
dynamic,C_dyn_maze_dense,16384,conc,full_ft,0,19,full_ft_N16384_conc_s0,focal,1.0,2500,False,2500,2500,,,nan,-1,61.0,0
dynamic,C_dyn_maze_dense,16384,conc,full_ft,1,19,full_ft_N16384_conc_s1,astar,,2500,True,358,358,,,1.0327868852459017,63,61.0,0
dynamic,C_dyn_maze_dense,16384,conc,full_ft,1,19,full_ft_N16384_conc_s1,focal,1.0,2500,False,2500,2500,,,nan,-1,61.0,0
dynamic,C_dyn_maze_dense,16384,conc,full_ft,2,19,full_ft_N16384_conc_s2,astar,,2500,True,270,270,,,1.0,61,61.0,0
dynamic,C_dyn_maze_dense,16384,conc,full_ft,2,19,full_ft_N16384_conc_s2,focal,1.0,2500,False,2500,2500,,,nan,-1,61.0,0
dynamic,C_dyn_maze_dense,16384,conc,lora,0,19,lora_N16384_conc_s0,astar,,2500,True,733,733,,,1.0,61,61.0,0
dynamic,C_dyn_maze_dense,16384,conc,lora,0,19,lora_N16384_conc_s0,focal,1.0,2500,False,2500,2500,,,nan,-1,61.0,0
dynamic,C_dyn_maze_dense,16384,conc,lora,1,19,lora_N16384_conc_s1,astar,,2500,True,698,698,,,1.0,61,61.0,0
dynamic,C_dyn_maze_dense,16384,conc,lora,1,19,lora_N16384_conc_s1,focal,1.0,2500,False,2500,2500,,,nan,-1,61.0,0
dynamic,C_dyn_maze_dense,16384,conc,lora,2,19,lora_N16384_conc_s2,astar,,2500,True,693,693,,,1.0,61,61.0,0
dynamic,C_dyn_maze_dense,16384,conc,lora,2,19,lora_N16384_conc_s2,focal,1.0,2500,False,2500,2500,,,nan,-1,61.0,0
dynamic,C_dyn_maze_dense,16384,conc,scratch,0,19,scratch_N16384_conc_s0,astar,,2500,True,328,328,,,1.0,61,61.0,0
dynamic,C_dyn_maze_dense,16384,conc,scratch,0,19,scratch_N16384_conc_s0,focal,1.0,2500,False,2500,2500,,,nan,-1,61.0,0
dynamic,C_dyn_maze_dense,16384,conc,scratch,1,19,scratch_N16384_conc_s1,astar,,2500,True,420,420,,,1.0,61,61.0,0
dynamic,C_dyn_maze_dense,16384,conc,scratch,1,19,scratch_N16384_conc_s1,focal,1.0,2500,False,2500,2500,,,nan,-1,61.0,0
dynamic,C_dyn_maze_dense,16384,conc,scratch,2,19,scratch_N16384_conc_s2,astar,,2500,True,530,530,,,1.0,61,61.0,0
dynamic,C_dyn_maze_dense,16384,conc,scratch,2,19,scratch_N16384_conc_s2,focal,1.0,2500,False,2500,2500,,,nan,-1,61.0,0
dynamic,C_dyn_maze_dense,16384,dist,full_ft,0,19,full_ft_N16384_dist_s0,astar,,2500,True,274,274,,,1.0491803278688525,64,61.0,0
dynamic,C_dyn_maze_dense,16384,dist,full_ft,0,19,full_ft_N16384_dist_s0,focal,1.0,2500,False,2500,2500,,,nan,-1,61.0,0
dynamic,C_dyn_maze_dense,16384,dist,full_ft,1,19,full_ft_N16384_dist_s1,astar,,2500,True,279,279,,,1.0,61,61.0,0
dynamic,C_dyn_maze_dense,16384,dist,full_ft,1,19,full_ft_N16384_dist_s1,focal,1.0,2500,False,2500,2500,,,nan,-1,61.0,0
dynamic,C_dyn_maze_dense,16384,dist,full_ft,2,19,full_ft_N16384_dist_s2,astar,,2500,True,207,207,,,1.0,61,61.0,0
dynamic,C_dyn_maze_dense,16384,dist,full_ft,2,19,full_ft_N16384_dist_s2,focal,1.0,2500,False,2500,2500,,,nan,-1,61.0,0
dynamic,C_dyn_maze_dense,16384,dist,lora,0,19,lora_N16384_dist_s0,astar,,2500,True,348,348,,,1.0,61,61.0,0
dynamic,C_dyn_maze_dense,16384,dist,lora,0,19,lora_N16384_dist_s0,focal,1.0,2500,False,2500,2500,,,nan,-1,61.0,0
dynamic,C_dyn_maze_dense,16384,dist,lora,1,19,lora_N16384_dist_s1,astar,,2500,True,375,375,,,1.0,61,61.0,0
dynamic,C_dyn_maze_dense,16384,dist,lora,1,19,lora_N16384_dist_s1,focal,1.0,2500,False,2500,2500,,,nan,-1,61.0,0
dynamic,C_dyn_maze_dense,16384,dist,lora,2,19,lora_N16384_dist_s2,astar,,2500,True,404,404,,,1.0,61,61.0,0
dynamic,C_dyn_maze_dense,16384,dist,lora,2,19,lora_N16384_dist_s2,focal,1.0,2500,False,2500,2500,,,nan,-1,61.0,0
dynamic,C_dyn_maze_dense,16384,dist,scratch,0,19,scratch_N16384_dist_s0,astar,,2500,True,288,288,,,1.0,61,61.0,0
dynamic,C_dyn_maze_dense,16384,dist,scratch,0,19,scratch_N16384_dist_s0,focal,1.0,2500,False,2500,2500,,,nan,-1,61.0,0
dynamic,C_dyn_maze_dense,16384,dist,scratch,1,19,scratch_N16384_dist_s1,astar,,2500,True,288,288,,,1.0,61,61.0,0
dynamic,C_dyn_maze_dense,16384,dist,scratch,1,19,scratch_N16384_dist_s1,focal,1.0,2500,False,2500,2500,,,nan,-1,61.0,0
dynamic,C_dyn_maze_dense,16384,dist,scratch,2,19,scratch_N16384_dist_s2,astar,,2500,True,241,241,,,1.0327868852459017,63,61.0,0
dynamic,C_dyn_maze_dense,16384,dist,scratch,2,19,scratch_N16384_dist_s2,focal,1.0,2500,False,2500,2500,,,nan,-1,61.0,0
dynamic,C_dyn_maze_dense,256,conc,full_ft,0,19,full_ft_N256_conc_s0,astar,,2500,True,304,304,,,1.0327868852459017,63,61.0,0
dynamic,C_dyn_maze_dense,256,conc,full_ft,0,19,full_ft_N256_conc_s0,focal,1.0,2500,False,2500,2500,,,nan,-1,61.0,0
dynamic,C_dyn_maze_dense,256,conc,full_ft,1,19,full_ft_N256_conc_s1,astar,,2500,True,264,264,,,1.0327868852459017,63,61.0,0
dynamic,C_dyn_maze_dense,256,conc,full_ft,1,19,full_ft_N256_conc_s1,focal,1.0,2500,False,2500,2500,,,nan,-1,61.0,0
dynamic,C_dyn_maze_dense,256,conc,full_ft,2,19,full_ft_N256_conc_s2,astar,,2500,True,332,332,,,1.0327868852459017,63,61.0,0
dynamic,C_dyn_maze_dense,256,conc,full_ft,2,19,full_ft_N256_conc_s2,focal,1.0,2500,False,2500,2500,,,nan,-1,61.0,0
dynamic,C_dyn_maze_dense,256,conc,lora,0,19,lora_N256_conc_s0,astar,,2500,True,745,745,,,1.0,61,61.0,0
dynamic,C_dyn_maze_dense,256,conc,lora,0,19,lora_N256_conc_s0,focal,1.0,2500,False,2500,2500,,,nan,-1,61.0,0
dynamic,C_dyn_maze_dense,256,conc,lora,1,19,lora_N256_conc_s1,astar,,2500,True,645,645,,,1.0,61,61.0,0
dynamic,C_dyn_maze_dense,256,conc,lora,1,19,lora_N256_conc_s1,focal,1.0,2500,False,2500,2500,,,nan,-1,61.0,0
dynamic,C_dyn_maze_dense,256,conc,lora,2,19,lora_N256_conc_s2,astar,,2500,True,538,538,,,1.0,61,61.0,0
dynamic,C_dyn_maze_dense,256,conc,lora,2,19,lora_N256_conc_s2,focal,1.0,2500,False,2500,2500,,,nan,-1,61.0,0
dynamic,C_dyn_maze_dense,256,conc,scratch,0,19,scratch_N256_conc_s0,astar,,2500,True,483,483,,,1.0,61,61.0,0
dynamic,C_dyn_maze_dense,256,conc,scratch,0,19,scratch_N256_conc_s0,focal,1.0,2500,False,2500,2500,,,nan,-1,61.0,0
dynamic,C_dyn_maze_dense,256,conc,scratch,1,19,scratch_N256_conc_s1,astar,,2500,True,426,426,,,1.0163934426229508,62,61.0,0
dynamic,C_dyn_maze_dense,256,conc,scratch,1,19,scratch_N256_conc_s1,focal,1.0,2500,False,2500,2500,,,nan,-1,61.0,0
dynamic,C_dyn_maze_dense,256,conc,scratch,2,19,scratch_N256_conc_s2,astar,,2500,True,512,512,,,1.0327868852459017,63,61.0,0
dynamic,C_dyn_maze_dense,256,conc,scratch,2,19,scratch_N256_conc_s2,focal,1.0,2500,False,2500,2500,,,nan,-1,61.0,0
dynamic,C_dyn_maze_dense,256,dist,full_ft,0,19,full_ft_N256_dist_s0,astar,,2500,True,304,304,,,1.0,61,61.0,0
dynamic,C_dyn_maze_dense,256,dist,full_ft,0,19,full_ft_N256_dist_s0,focal,1.0,2500,False,2500,2500,,,nan,-1,61.0,0
dynamic,C_dyn_maze_dense,256,dist,full_ft,1,19,full_ft_N256_dist_s1,astar,,2500,True,302,302,,,1.0,61,61.0,0
dynamic,C_dyn_maze_dense,256,dist,full_ft,1,19,full_ft_N256_dist_s1,focal,1.0,2500,False,2500,2500,,,nan,-1,61.0,0
dynamic,C_dyn_maze_dense,256,dist,full_ft,2,19,full_ft_N256_dist_s2,astar,,2500,True,257,257,,,1.0,61,61.0,0
dynamic,C_dyn_maze_dense,256,dist,full_ft,2,19,full_ft_N256_dist_s2,focal,1.0,2500,False,2500,2500,,,nan,-1,61.0,0
dynamic,C_dyn_maze_dense,256,dist,lora,0,19,lora_N256_dist_s0,astar,,2500,True,633,633,,,1.0327868852459017,63,61.0,0
dynamic,C_dyn_maze_dense,256,dist,lora,0,19,lora_N256_dist_s0,focal,1.0,2500,False,2500,2500,,,nan,-1,61.0,0
dynamic,C_dyn_maze_dense,256,dist,lora,1,19,lora_N256_dist_s1,astar,,2500,True,752,752,,,1.0327868852459017,63,61.0,0
dynamic,C_dyn_maze_dense,256,dist,lora,1,19,lora_N256_dist_s1,focal,1.0,2500,False,2500,2500,,,nan,-1,61.0,0
dynamic,C_dyn_maze_dense,256,dist,lora,2,19,lora_N256_dist_s2,astar,,2500,True,894,894,,,1.180327868852459,72,61.0,0
dynamic,C_dyn_maze_dense,256,dist,lora,2,19,lora_N256_dist_s2,focal,1.0,2500,False,2500,2500,,,nan,-1,61.0,0
dynamic,C_dyn_maze_dense,256,dist,scratch,0,19,scratch_N256_dist_s0,astar,,2500,True,498,498,,,1.0,61,61.0,0
dynamic,C_dyn_maze_dense,256,dist,scratch,0,19,scratch_N256_dist_s0,focal,1.0,2500,False,2500,2500,,,nan,-1,61.0,0
dynamic,C_dyn_maze_dense,256,dist,scratch,1,19,scratch_N256_dist_s1,astar,,2500,True,569,569,,,1.0327868852459017,63,61.0,0
dynamic,C_dyn_maze_dense,256,dist,scratch,1,19,scratch_N256_dist_s1,focal,1.0,2500,False,2500,2500,,,nan,-1,61.0,0
dynamic,C_dyn_maze_dense,256,dist,scratch,2,19,scratch_N256_dist_s2,astar,,2500,True,394,394,,,1.0,61,61.0,0
dynamic,C_dyn_maze_dense,256,dist,scratch,2,19,scratch_N256_dist_s2,focal,1.0,2500,False,2500,2500,,,nan,-1,61.0,0
dynamic,C_dyn_maze_dense,4096,conc,full_ft,0,19,full_ft_N4096_conc_s0,astar,,2500,True,295,295,,,1.0327868852459017,63,61.0,0
dynamic,C_dyn_maze_dense,4096,conc,full_ft,0,19,full_ft_N4096_conc_s0,focal,1.0,2500,False,2500,2500,,,nan,-1,61.0,0
dynamic,C_dyn_maze_dense,4096,conc,full_ft,1,19,full_ft_N4096_conc_s1,astar,,2500,True,296,296,,,1.0327868852459017,63,61.0,0
dynamic,C_dyn_maze_dense,4096,conc,full_ft,1,19,full_ft_N4096_conc_s1,focal,1.0,2500,False,2500,2500,,,nan,-1,61.0,0
dynamic,C_dyn_maze_dense,4096,conc,full_ft,2,19,full_ft_N4096_conc_s2,astar,,2500,True,289,289,,,1.0327868852459017,63,61.0,0
dynamic,C_dyn_maze_dense,4096,conc,full_ft,2,19,full_ft_N4096_conc_s2,focal,1.0,2500,False,2500,2500,,,nan,-1,61.0,0
dynamic,C_dyn_maze_dense,4096,conc,lora,0,19,lora_N4096_conc_s0,astar,,2500,True,792,792,,,1.0327868852459017,63,61.0,0
dynamic,C_dyn_maze_dense,4096,conc,lora,0,19,lora_N4096_conc_s0,focal,1.0,2500,False,2500,2500,,,nan,-1,61.0,0
dynamic,C_dyn_maze_dense,4096,conc,lora,1,19,lora_N4096_conc_s1,astar,,2500,True,428,428,,,1.0491803278688525,64,61.0,0
dynamic,C_dyn_maze_dense,4096,conc,lora,1,19,lora_N4096_conc_s1,focal,1.0,2500,False,2500,2500,,,nan,-1,61.0,0
dynamic,C_dyn_maze_dense,4096,conc,lora,2,19,lora_N4096_conc_s2,astar,,2500,True,568,568,,,1.0491803278688525,64,61.0,0
dynamic,C_dyn_maze_dense,4096,conc,lora,2,19,lora_N4096_conc_s2,focal,1.0,2500,False,2500,2500,,,nan,-1,61.0,0
dynamic,C_dyn_maze_dense,4096,conc,scratch,0,19,scratch_N4096_conc_s0,astar,,2500,True,394,394,,,1.0,61,61.0,0
dynamic,C_dyn_maze_dense,4096,conc,scratch,0,19,scratch_N4096_conc_s0,focal,1.0,2500,False,2500,2500,,,nan,-1,61.0,0
dynamic,C_dyn_maze_dense,4096,conc,scratch,1,19,scratch_N4096_conc_s1,astar,,2500,True,287,287,,,1.0,61,61.0,0
dynamic,C_dyn_maze_dense,4096,conc,scratch,1,19,scratch_N4096_conc_s1,focal,1.0,2500,False,2500,2500,,,nan,-1,61.0,0
dynamic,C_dyn_maze_dense,4096,conc,scratch,2,19,scratch_N4096_conc_s2,astar,,2500,True,337,337,,,1.0,61,61.0,0
dynamic,C_dyn_maze_dense,4096,conc,scratch,2,19,scratch_N4096_conc_s2,focal,1.0,2500,False,2500,2500,,,nan,-1,61.0,0
dynamic,C_dyn_maze_dense,4096,dist,full_ft,0,19,full_ft_N4096_dist_s0,astar,,2500,True,215,215,,,1.0,61,61.0,0
dynamic,C_dyn_maze_dense,4096,dist,full_ft,0,19,full_ft_N4096_dist_s0,focal,1.0,2500,False,2500,2500,,,nan,-1,61.0,0
dynamic,C_dyn_maze_dense,4096,dist,full_ft,1,19,full_ft_N4096_dist_s1,astar,,2500,True,358,358,,,1.0,61,61.0,0
dynamic,C_dyn_maze_dense,4096,dist,full_ft,1,19,full_ft_N4096_dist_s1,focal,1.0,2500,False,2500,2500,,,nan,-1,61.0,0
dynamic,C_dyn_maze_dense,4096,dist,full_ft,2,19,full_ft_N4096_dist_s2,astar,,2500,True,239,239,,,1.0,61,61.0,0
dynamic,C_dyn_maze_dense,4096,dist,full_ft,2,19,full_ft_N4096_dist_s2,focal,1.0,2500,False,2500,2500,,,nan,-1,61.0,0
dynamic,C_dyn_maze_dense,4096,dist,lora,0,19,lora_N4096_dist_s0,astar,,2500,True,293,293,,,1.0327868852459017,63,61.0,0
dynamic,C_dyn_maze_dense,4096,dist,lora,0,19,lora_N4096_dist_s0,focal,1.0,2500,False,2500,2500,,,nan,-1,61.0,0
dynamic,C_dyn_maze_dense,4096,dist,lora,1,19,lora_N4096_dist_s1,astar,,2500,True,343,343,,,1.0327868852459017,63,61.0,0
dynamic,C_dyn_maze_dense,4096,dist,lora,1,19,lora_N4096_dist_s1,focal,1.0,2500,False,2500,2500,,,nan,-1,61.0,0
dynamic,C_dyn_maze_dense,4096,dist,lora,2,19,lora_N4096_dist_s2,astar,,2500,True,346,346,,,1.0327868852459017,63,61.0,0
dynamic,C_dyn_maze_dense,4096,dist,lora,2,19,lora_N4096_dist_s2,focal,1.0,2500,False,2500,2500,,,nan,-1,61.0,0
dynamic,C_dyn_maze_dense,4096,dist,scratch,0,19,scratch_N4096_dist_s0,astar,,2500,True,351,351,,,1.0491803278688525,64,61.0,0
dynamic,C_dyn_maze_dense,4096,dist,scratch,0,19,scratch_N4096_dist_s0,focal,1.0,2500,False,2500,2500,,,nan,-1,61.0,0
dynamic,C_dyn_maze_dense,4096,dist,scratch,1,19,scratch_N4096_dist_s1,astar,,2500,True,256,256,,,1.0,61,61.0,0
dynamic,C_dyn_maze_dense,4096,dist,scratch,1,19,scratch_N4096_dist_s1,focal,1.0,2500,False,2500,2500,,,nan,-1,61.0,0
dynamic,C_dyn_maze_dense,4096,dist,scratch,2,19,scratch_N4096_dist_s2,astar,,2500,True,302,302,,,1.0327868852459017,63,61.0,0
dynamic,C_dyn_maze_dense,4096,dist,scratch,2,19,scratch_N4096_dist_s2,focal,1.0,2500,False,2500,2500,,,nan,-1,61.0,0
dynamic,C_dyn_maze_dense,65536,conc,full_ft,0,19,full_ft_N65536_conc_s0,astar,,2500,True,223,223,,,1.0,61,61.0,0
dynamic,C_dyn_maze_dense,65536,conc,full_ft,0,19,full_ft_N65536_conc_s0,focal,1.0,2500,False,2500,2500,,,nan,-1,61.0,0
dynamic,C_dyn_maze_dense,65536,conc,full_ft,1,19,full_ft_N65536_conc_s1,astar,,2500,True,234,234,,,1.0655737704918034,65,61.0,0
dynamic,C_dyn_maze_dense,65536,conc,full_ft,1,19,full_ft_N65536_conc_s1,focal,1.0,2500,False,2500,2500,,,nan,-1,61.0,0
dynamic,C_dyn_maze_dense,65536,conc,full_ft,2,19,full_ft_N65536_conc_s2,astar,,2500,True,209,209,,,1.0,61,61.0,0
dynamic,C_dyn_maze_dense,65536,conc,full_ft,2,19,full_ft_N65536_conc_s2,focal,1.0,2500,False,2500,2500,,,nan,-1,61.0,0
dynamic,C_dyn_maze_dense,65536,conc,lora,0,19,lora_N65536_conc_s0,astar,,2500,True,215,215,,,1.0,61,61.0,0
dynamic,C_dyn_maze_dense,65536,conc,lora,0,19,lora_N65536_conc_s0,focal,1.0,2500,False,2500,2500,,,nan,-1,61.0,0
dynamic,C_dyn_maze_dense,65536,conc,lora,1,19,lora_N65536_conc_s1,astar,,2500,True,215,215,,,1.0,61,61.0,0
dynamic,C_dyn_maze_dense,65536,conc,lora,1,19,lora_N65536_conc_s1,focal,1.0,2500,False,2500,2500,,,nan,-1,61.0,0
dynamic,C_dyn_maze_dense,65536,conc,lora,2,19,lora_N65536_conc_s2,astar,,2500,True,204,204,,,1.0,61,61.0,0
dynamic,C_dyn_maze_dense,65536,conc,lora,2,19,lora_N65536_conc_s2,focal,1.0,2500,False,2500,2500,,,nan,-1,61.0,0
dynamic,C_dyn_maze_dense,65536,conc,scratch,0,19,scratch_N65536_conc_s0,astar,,2500,True,223,223,,,1.0,61,61.0,0
dynamic,C_dyn_maze_dense,65536,conc,scratch,0,19,scratch_N65536_conc_s0,focal,1.0,2500,False,2500,2500,,,nan,-1,61.0,0
dynamic,C_dyn_maze_dense,65536,conc,scratch,1,19,scratch_N65536_conc_s1,astar,,2500,True,265,265,,,1.0,61,61.0,0
dynamic,C_dyn_maze_dense,65536,conc,scratch,1,19,scratch_N65536_conc_s1,focal,1.0,2500,False,2500,2500,,,nan,-1,61.0,0
dynamic,C_dyn_maze_dense,65536,conc,scratch,2,19,scratch_N65536_conc_s2,astar,,2500,True,377,377,,,1.0,61,61.0,0
dynamic,C_dyn_maze_dense,65536,conc,scratch,2,19,scratch_N65536_conc_s2,focal,1.0,2500,False,2500,2500,,,nan,-1,61.0,0
dynamic,C_dyn_maze_dense,65536,dist,full_ft,0,19,full_ft_N65536_dist_s0,astar,,2500,True,280,280,,,1.0,61,61.0,0
dynamic,C_dyn_maze_dense,65536,dist,full_ft,0,19,full_ft_N65536_dist_s0,focal,1.0,2500,False,2500,2500,,,nan,-1,61.0,0
dynamic,C_dyn_maze_dense,65536,dist,full_ft,1,19,full_ft_N65536_dist_s1,astar,,2500,True,208,208,,,1.0,61,61.0,0
dynamic,C_dyn_maze_dense,65536,dist,full_ft,1,19,full_ft_N65536_dist_s1,focal,1.0,2500,False,2500,2500,,,nan,-1,61.0,0
dynamic,C_dyn_maze_dense,65536,dist,full_ft,2,19,full_ft_N65536_dist_s2,astar,,2500,True,279,279,,,1.0327868852459017,63,61.0,0
dynamic,C_dyn_maze_dense,65536,dist,full_ft,2,19,full_ft_N65536_dist_s2,focal,1.0,2500,False,2500,2500,,,nan,-1,61.0,0
dynamic,C_dyn_maze_dense,65536,dist,lora,0,19,lora_N65536_dist_s0,astar,,2500,True,200,200,,,1.0,61,61.0,0
dynamic,C_dyn_maze_dense,65536,dist,lora,0,19,lora_N65536_dist_s0,focal,1.0,2500,False,2500,2500,,,nan,-1,61.0,0
dynamic,C_dyn_maze_dense,65536,dist,lora,1,19,lora_N65536_dist_s1,astar,,2500,True,195,195,,,1.0,61,61.0,0
dynamic,C_dyn_maze_dense,65536,dist,lora,1,19,lora_N65536_dist_s1,focal,1.0,2500,False,2500,2500,,,nan,-1,61.0,0
dynamic,C_dyn_maze_dense,65536,dist,lora,2,19,lora_N65536_dist_s2,astar,,2500,True,202,202,,,1.0,61,61.0,0
dynamic,C_dyn_maze_dense,65536,dist,lora,2,19,lora_N65536_dist_s2,focal,1.0,2500,False,2500,2500,,,nan,-1,61.0,0
dynamic,C_dyn_maze_dense,65536,dist,scratch,0,19,scratch_N65536_dist_s0,astar,,2500,True,193,193,,,1.0,61,61.0,0
dynamic,C_dyn_maze_dense,65536,dist,scratch,0,19,scratch_N65536_dist_s0,focal,1.0,2500,False,2500,2500,,,nan,-1,61.0,0
dynamic,C_dyn_maze_dense,65536,dist,scratch,1,19,scratch_N65536_dist_s1,astar,,2500,True,198,198,,,1.0,61,61.0,0
dynamic,C_dyn_maze_dense,65536,dist,scratch,1,19,scratch_N65536_dist_s1,focal,1.0,2500,False,2500,2500,,,nan,-1,61.0,0
dynamic,C_dyn_maze_dense,65536,dist,scratch,2,19,scratch_N65536_dist_s2,astar,,2500,True,210,210,,,1.0,61,61.0,0
dynamic,C_dyn_maze_dense,65536,dist,scratch,2,19,scratch_N65536_dist_s2,focal,1.0,2500,False,2500,2500,,,nan,-1,61.0,0
