stage,suite,world_index,method,backbone,expert_task,alpha,budget,found,cost,cost_ratio,oracle_cost,expansions,closed,roadmap_nodes,roadmap_edges,obstacle_count,side_len,heuristic_max,heuristic_min,heuristic_mean,heuristic_std,spearman_to_prm_oracle,heatmap_min,heatmap_max,heatmap_mean,heatmap_std,nonfinite_heuristic
c6,C_hard_maze_dense,0,euclidean,,,0.0,128,0,nan,nan,2.670567826291199,128,128,192,625,26,1.0,0.9533841183074395,0.0,0.49601310901949347,0.23665366132224655,0.9156742533163335,0.0,0.9533841183074395,0.49601310901949347,0.23665366132224655,0
c6,C_hard_maze_dense,0,euclidean,,,0.0,144,0,nan,nan,2.670567826291199,144,144,192,625,26,1.0,0.9533841183074395,0.0,0.49601310901949347,0.23665366132224655,0.9156742533163335,0.0,0.9533841183074395,0.49601310901949347,0.23665366132224655,0
c6,C_hard_maze_dense,0,euclidean,,,0.0,168,1,2.6705678262911996,1.0000000000000002,2.670567826291199,156,156,192,625,26,1.0,0.9533841183074395,0.0,0.49601310901949347,0.23665366132224655,0.9156742533163335,0.0,0.9533841183074395,0.49601310901949347,0.23665366132224655,0
c6,C_hard_maze_dense,0,grid_oracle,,,0.0,128,1,2.670653927346653,1.0000322407297078,2.670567826291199,125,125,192,625,26,1.0,2.570641497673698,0.005354848961907299,1.147929381759903,0.7079303773632275,0.9864871280145405,0.0,2.6128968241315027,1.1050443994562835,0.7009867297578815,0
c6,C_hard_maze_dense,0,grid_oracle,,,0.0,144,1,2.670653927346653,1.0000322407297078,2.670567826291199,125,125,192,625,26,1.0,2.570641497673698,0.005354848961907299,1.147929381759903,0.7079303773632275,0.9864871280145405,0.0,2.6128968241315027,1.1050443994562835,0.7009867297578815,0
c6,C_hard_maze_dense,0,grid_oracle,,,0.0,168,1,2.670653927346653,1.0000322407297078,2.670567826291199,125,125,192,625,26,1.0,2.570641497673698,0.005354848961907299,1.147929381759903,0.7079303773632275,0.9864871280145405,0.0,2.6128968241315027,1.1050443994562835,0.7009867297578815,0
c6,C_hard_maze_dense,0,unet,unet,,0.0,128,0,nan,nan,2.670567826291199,128,128,192,625,26,1.0,2.124903023114013,0.04645613974902574,1.0119623274533063,0.5567551391087809,0.9310996120771506,0.024168476462364197,1.5732008218765259,0.4963428885421308,0.3444648877086536,0
c6,C_hard_maze_dense,0,unet,unet,,0.0,144,1,2.670653927346653,1.0000322407297078,2.670567826291199,136,136,192,625,26,1.0,2.124903023114013,0.04645613974902574,1.0119623274533063,0.5567551391087809,0.9310996120771506,0.024168476462364197,1.5732008218765259,0.4963428885421308,0.3444648877086536,0
c6,C_hard_maze_dense,0,unet,unet,,0.0,168,1,2.670653927346653,1.0000322407297078,2.670567826291199,136,136,192,625,26,1.0,2.124903023114013,0.04645613974902574,1.0119623274533063,0.5567551391087809,0.9310996120771506,0.024168476462364197,1.5732008218765259,0.4963428885421308,0.3444648877086536,0
c6,C_hard_maze_dense,0,onlstm,onlstm,,0.0,128,0,nan,nan,2.670567826291199,128,128,192,625,26,1.0,1.90756196420678,0.023108471986690266,0.9398499803743668,0.5629819111761429,0.9320795920028214,0.01563008315861225,1.0527693033218384,0.4115447330104871,0.31966270531248675,0
c6,C_hard_maze_dense,0,onlstm,onlstm,,0.0,144,0,nan,nan,2.670567826291199,144,144,192,625,26,1.0,1.90756196420678,0.023108471986690266,0.9398499803743668,0.5629819111761429,0.9320795920028214,0.01563008315861225,1.0527693033218384,0.4115447330104871,0.31966270531248675,0
c6,C_hard_maze_dense,0,onlstm,onlstm,,0.0,168,1,2.7310923245606507,1.0226635315806625,2.670567826291199,151,151,192,625,26,1.0,1.90756196420678,0.023108471986690266,0.9398499803743668,0.5629819111761429,0.9320795920028214,0.01563008315861225,1.0527693033218384,0.4115447330104871,0.31966270531248675,0
c6,C_hard_maze_dense,0,hrm,hrm,,0.0,128,0,nan,nan,2.670567826291199,128,128,192,625,26,1.0,2.2956673804179686,0.0011285702084611036,0.9839141045224998,0.5893097048655848,0.9158268453462822,0.0007588242297060788,1.4151052236557007,0.4551193611612945,0.3624592311637481,0
c6,C_hard_maze_dense,0,hrm,hrm,,0.0,144,1,2.7598226454930344,1.033421663484125,2.670567826291199,132,132,192,625,26,1.0,2.2956673804179686,0.0011285702084611036,0.9839141045224998,0.5893097048655848,0.9158268453462822,0.0007588242297060788,1.4151052236557007,0.4551193611612945,0.3624592311637481,0
c6,C_hard_maze_dense,0,hrm,hrm,,0.0,168,1,2.7598226454930344,1.033421663484125,2.670567826291199,132,132,192,625,26,1.0,2.2956673804179686,0.0011285702084611036,0.9839141045224998,0.5893097048655848,0.9158268453462822,0.0007588242297060788,1.4151052236557007,0.4551193611612945,0.3624592311637481,0
c6,C_hard_maze_dense,1,euclidean,,,0.0,128,0,nan,nan,2.5891858669724774,128,128,192,629,39,1.0,0.9980025707426443,0.0,0.49500246346073856,0.2496158084602876,0.9325577136966609,0.0,0.9980025707426443,0.49500246346073856,0.2496158084602876,0
c6,C_hard_maze_dense,1,euclidean,,,0.0,144,1,2.589185866972478,1.0000000000000002,2.5891858669724774,140,140,192,629,39,1.0,0.9980025707426443,0.0,0.49500246346073856,0.2496158084602876,0.9325577136966609,0.0,0.9980025707426443,0.49500246346073856,0.2496158084602876,0
c6,C_hard_maze_dense,1,euclidean,,,0.0,168,1,2.589185866972478,1.0000000000000002,2.5891858669724774,140,140,192,629,39,1.0,0.9980025707426443,0.0,0.49500246346073856,0.2496158084602876,0.9325577136966609,0.0,0.9980025707426443,0.49500246346073856,0.2496158084602876,0
c6,C_hard_maze_dense,1,grid_oracle,,,0.0,128,1,2.589776806368936,1.0002282336714396,2.5891858669724774,85,85,192,629,39,1.0,2.9372305633952642,0.010167923977576442,1.2559005604165396,0.8730161644056609,0.994708447494778,0.0,3.028299737219424,1.2228004834624004,0.8381953279745682,0
c6,C_hard_maze_dense,1,grid_oracle,,,0.0,144,1,2.589776806368936,1.0002282336714396,2.5891858669724774,85,85,192,629,39,1.0,2.9372305633952642,0.010167923977576442,1.2559005604165396,0.8730161644056609,0.994708447494778,0.0,3.028299737219424,1.2228004834624004,0.8381953279745682,0
c6,C_hard_maze_dense,1,grid_oracle,,,0.0,168,1,2.589776806368936,1.0002282336714396,2.5891858669724774,85,85,192,629,39,1.0,2.9372305633952642,0.010167923977576442,1.2559005604165396,0.8730161644056609,0.994708447494778,0.0,3.028299737219424,1.2228004834624004,0.8381953279745682,0
c6,C_hard_maze_dense,1,unet,unet,,0.0,128,1,2.628944042738641,1.0153554738087043,2.5891858669724774,127,127,192,629,39,1.0,2.3251585749535946,0.05380903361790695,0.9609912789612092,0.5867721782979685,0.9403653392290374,0.024048352614045143,1.4857585430145264,0.48573536980575227,0.3463485699308954,0
c6,C_hard_maze_dense,1,unet,unet,,0.0,144,1,2.628944042738641,1.0153554738087043,2.5891858669724774,127,127,192,629,39,1.0,2.3251585749535946,0.05380903361790695,0.9609912789612092,0.5867721782979685,0.9403653392290374,0.024048352614045143,1.4857585430145264,0.48573536980575227,0.3463485699308954,0
c6,C_hard_maze_dense,1,unet,unet,,0.0,168,1,2.628944042738641,1.0153554738087043,2.5891858669724774,127,127,192,629,39,1.0,2.3251585749535946,0.05380903361790695,0.9609912789612092,0.5867721782979685,0.9403653392290374,0.024048352614045143,1.4857585430145264,0.48573536980575227,0.3463485699308954,0
c6,C_hard_maze_dense,1,onlstm,onlstm,,0.0,128,0,nan,nan,2.5891858669724774,128,128,192,629,39,1.0,1.9556689107150858,0.016524980850993062,0.9158747500902219,0.5755420890519021,0.9440275479478069,0.010785775259137154,1.0086133480072021,0.4222194001749813,0.3228644525344756,0
c6,C_hard_maze_dense,1,onlstm,onlstm,,0.0,144,1,2.6550888241643547,1.0254531580882362,2.5891858669724774,136,136,192,629,39,1.0,1.9556689107150858,0.016524980850993062,0.9158747500902219,0.5755420890519021,0.9440275479478069,0.010785775259137154,1.0086133480072021,0.4222194001749813,0.3228644525344756,0
c6,C_hard_maze_dense,1,onlstm,onlstm,,0.0,168,1,2.6550888241643547,1.0254531580882362,2.5891858669724774,136,136,192,629,39,1.0,1.9556689107150858,0.016524980850993062,0.9158747500902219,0.5755420890519021,0.9440275479478069,0.010785775259137154,1.0086133480072021,0.4222194001749813,0.3228644525344756,0
c6,C_hard_maze_dense,1,hrm,hrm,,0.0,128,1,2.6763856595046636,1.0336784599531854,2.5891858669724774,119,119,192,629,39,1.0,2.4034496558553884,0.0008930782344464032,0.9477292985320259,0.6217851527142259,0.942833939180208,0.0005625184858217835,1.4569770097732544,0.46243477700022595,0.3645640940546659,0
c6,C_hard_maze_dense,1,hrm,hrm,,0.0,144,1,2.6763856595046636,1.0336784599531854,2.5891858669724774,119,119,192,629,39,1.0,2.4034496558553884,0.0008930782344464032,0.9477292985320259,0.6217851527142259,0.942833939180208,0.0005625184858217835,1.4569770097732544,0.46243477700022595,0.3645640940546659,0
c6,C_hard_maze_dense,1,hrm,hrm,,0.0,168,1,2.6763856595046636,1.0336784599531854,2.5891858669724774,119,119,192,629,39,1.0,2.4034496558553884,0.0008930782344464032,0.9477292985320259,0.6217851527142259,0.942833939180208,0.0005625184858217835,1.4569770097732544,0.46243477700022595,0.3645640940546659,0
c6,C_hard_maze_dense,2,euclidean,,,0.0,128,0,nan,nan,2.5150504596973637,128,128,192,624,26,1.0,1.0257126870835365,0.0,0.5450263104767488,0.2602996818489572,0.9259080921248949,0.0,1.0257126870835365,0.5450263104767488,0.2602996818489572,0
c6,C_hard_maze_dense,2,euclidean,,,0.0,144,0,nan,nan,2.5150504596973637,144,144,192,624,26,1.0,1.0257126870835365,0.0,0.5450263104767488,0.2602996818489572,0.9259080921248949,0.0,1.0257126870835365,0.5450263104767488,0.2602996818489572,0
c6,C_hard_maze_dense,2,euclidean,,,0.0,168,1,2.5150504596973637,1.0,2.5150504596973637,148,148,192,624,26,1.0,1.0257126870835365,0.0,0.5450263104767488,0.2602996818489572,0.9259080921248949,0.0,1.0257126870835365,0.5450263104767488,0.2602996818489572,0
c6,C_hard_maze_dense,2,grid_oracle,,,0.0,128,1,2.5215311983618918,1.0025767827597811,2.5150504596973637,89,89,192,624,26,1.0,2.8133409979556623,0.009083218488611287,1.2823155939125634,0.827381650450746,0.9976483872717903,0.0,2.8445909979556623,1.2464631689847656,0.7940985446342399,0
c6,C_hard_maze_dense,2,grid_oracle,,,0.0,144,1,2.5215311983618918,1.0025767827597811,2.5150504596973637,89,89,192,624,26,1.0,2.8133409979556623,0.009083218488611287,1.2823155939125634,0.827381650450746,0.9976483872717903,0.0,2.8445909979556623,1.2464631689847656,0.7940985446342399,0
c6,C_hard_maze_dense,2,grid_oracle,,,0.0,168,1,2.5215311983618918,1.0025767827597811,2.5150504596973637,89,89,192,624,26,1.0,2.8133409979556623,0.009083218488611287,1.2823155939125634,0.827381650450746,0.9976483872717903,0.0,2.8445909979556623,1.2464631689847656,0.7940985446342399,0
c6,C_hard_maze_dense,2,unet,unet,,0.0,128,0,nan,nan,2.5150504596973637,128,128,192,624,26,1.0,2.217330133672972,0.044656558067695674,1.0257264267854709,0.5921624521499793,0.9359028700865367,0.018222348764538765,1.4189326763153076,0.4755804546480249,0.3321377001538987,0
c6,C_hard_maze_dense,2,unet,unet,,0.0,144,1,2.5150504596973637,1.0,2.5150504596973637,136,136,192,624,26,1.0,2.217330133672972,0.044656558067695674,1.0257264267854709,0.5921624521499793,0.9359028700865367,0.018222348764538765,1.4189326763153076,0.4755804546480249,0.3321377001538987,0
c6,C_hard_maze_dense,2,unet,unet,,0.0,168,1,2.5150504596973637,1.0,2.5150504596973637,136,136,192,624,26,1.0,2.217330133672972,0.044656558067695674,1.0257264267854709,0.5921624521499793,0.9359028700865367,0.018222348764538765,1.4189326763153076,0.4755804546480249,0.3321377001538987,0
c6,C_hard_maze_dense,2,onlstm,onlstm,,0.0,128,0,nan,nan,2.5150504596973637,128,128,192,624,26,1.0,1.9426210569469187,0.03299265990675041,1.0408568853770241,0.5907571235720276,0.949449651411985,0.0176407340914011,1.1044650077819824,0.4952586421381966,0.32254375476825514,0
c6,C_hard_maze_dense,2,onlstm,onlstm,,0.0,144,1,2.518574135455152,1.0014010358099186,2.5150504596973637,140,140,192,624,26,1.0,1.9426210569469187,0.03299265990675041,1.0408568853770241,0.5907571235720276,0.949449651411985,0.0176407340914011,1.1044650077819824,0.4952586421381966,0.32254375476825514,0
c6,C_hard_maze_dense,2,onlstm,onlstm,,0.0,168,1,2.518574135455152,1.0014010358099186,2.5150504596973637,140,140,192,624,26,1.0,1.9426210569469187,0.03299265990675041,1.0408568853770241,0.5907571235720276,0.949449651411985,0.0176407340914011,1.1044650077819824,0.4952586421381966,0.32254375476825514,0
c6,C_hard_maze_dense,2,hrm,hrm,,0.0,128,0,nan,nan,2.5150504596973637,128,128,192,624,26,1.0,2.3112688516337965,0.000650791042690266,1.037694443312177,0.6435099266895485,0.9557957843908527,0.00046304005081765354,1.4629104137420654,0.4772001232112544,0.3756529722258067,0
c6,C_hard_maze_dense,2,hrm,hrm,,0.0,144,1,2.5327909538786377,1.0070537329033982,2.5150504596973637,134,134,192,624,26,1.0,2.3112688516337965,0.000650791042690266,1.037694443312177,0.6435099266895485,0.9557957843908527,0.00046304005081765354,1.4629104137420654,0.4772001232112544,0.3756529722258067,0
c6,C_hard_maze_dense,2,hrm,hrm,,0.0,168,1,2.5327909538786377,1.0070537329033982,2.5150504596973637,134,134,192,624,26,1.0,2.3112688516337965,0.000650791042690266,1.037694443312177,0.6435099266895485,0.9557957843908527,0.00046304005081765354,1.4629104137420654,0.4772001232112544,0.3756529722258067,0
c6,C_hard_maze_dense,3,euclidean,,,0.0,128,0,nan,nan,2.5485188856301453,128,128,192,623,31,1.0,1.0703028346917698,0.0,0.5490694733495621,0.2666380335658062,0.8721329653039634,0.0,1.0703028346917698,0.5490694733495621,0.2666380335658062,0
c6,C_hard_maze_dense,3,euclidean,,,0.0,144,0,nan,nan,2.5485188856301453,144,144,192,623,31,1.0,1.0703028346917698,0.0,0.5490694733495621,0.2666380335658062,0.8721329653039634,0.0,1.0703028346917698,0.5490694733495621,0.2666380335658062,0
c6,C_hard_maze_dense,3,euclidean,,,0.0,168,1,2.548518885630145,0.9999999999999998,2.5485188856301453,145,145,192,623,31,1.0,1.0703028346917698,0.0,0.5490694733495621,0.2666380335658062,0.8721329653039634,0.0,1.0703028346917698,0.5490694733495621,0.2666380335658062,0
c6,C_hard_maze_dense,3,grid_oracle,,,0.0,128,1,2.548710641900256,1.0000752422401857,2.5485188856301453,92,92,192,623,31,1.0,2.7395207859502246,0.009058229824625438,1.3337099946517086,0.8129324119083691,0.8894657244391396,0.0,2.779410171779822,1.3244664622237883,0.7943855288425394,0
c6,C_hard_maze_dense,3,grid_oracle,,,0.0,144,1,2.548710641900256,1.0000752422401857,2.5485188856301453,92,92,192,623,31,1.0,2.7395207859502246,0.009058229824625438,1.3337099946517086,0.8129324119083691,0.8894657244391396,0.0,2.779410171779822,1.3244664622237883,0.7943855288425394,0
c6,C_hard_maze_dense,3,grid_oracle,,,0.0,168,1,2.548710641900256,1.0000752422401857,2.5485188856301453,92,92,192,623,31,1.0,2.7395207859502246,0.009058229824625438,1.3337099946517086,0.8129324119083691,0.8894657244391396,0.0,2.779410171779822,1.3244664622237883,0.7943855288425394,0
c6,C_hard_maze_dense,3,unet,unet,,0.0,128,0,nan,nan,2.5485188856301453,128,128,192,623,31,1.0,2.164930462906341,0.042805694664922,1.0027655661410733,0.5776377439352561,0.8589049317744081,0.0214249100536108,1.3003709316253662,0.4748917214906214,0.3281722989470469,0
c6,C_hard_maze_dense,3,unet,unet,,0.0,144,1,2.573157945440961,1.0096679918480274,2.5485188856301453,144,144,192,623,31,1.0,2.164930462906341,0.042805694664922,1.0027655661410733,0.5776377439352561,0.8589049317744081,0.0214249100536108,1.3003709316253662,0.4748917214906214,0.3281722989470469,0
c6,C_hard_maze_dense,3,unet,unet,,0.0,168,1,2.573157945440961,1.0096679918480274,2.5485188856301453,144,144,192,623,31,1.0,2.164930462906341,0.042805694664922,1.0027655661410733,0.5776377439352561,0.8589049317744081,0.0214249100536108,1.3003709316253662,0.4748917214906214,0.3281722989470469,0
c6,C_hard_maze_dense,3,onlstm,onlstm,,0.0,128,0,nan,nan,2.5485188856301453,128,128,192,623,31,1.0,2.0127675176451705,0.024433848162082182,1.0516088914920936,0.5933607099093229,0.8627434690611183,0.01667874865233898,1.1310346126556396,0.5056637560646777,0.3220819401892232,0
c6,C_hard_maze_dense,3,onlstm,onlstm,,0.0,144,1,2.617112772863784,1.026915196752281,2.5485188856301453,142,142,192,623,31,1.0,2.0127675176451705,0.024433848162082182,1.0516088914920936,0.5933607099093229,0.8627434690611183,0.01667874865233898,1.1310346126556396,0.5056637560646777,0.3220819401892232,0
c6,C_hard_maze_dense,3,onlstm,onlstm,,0.0,168,1,2.617112772863784,1.026915196752281,2.5485188856301453,142,142,192,623,31,1.0,2.0127675176451705,0.024433848162082182,1.0516088914920936,0.5933607099093229,0.8627434690611183,0.01667874865233898,1.1310346126556396,0.5056637560646777,0.3220819401892232,0
c6,C_hard_maze_dense,3,hrm,hrm,,0.0,128,0,nan,nan,2.5485188856301453,128,128,192,623,31,1.0,2.337592940201497,0.0005649883671263935,1.0226474456442256,0.651203544202079,0.8734791661015111,0.0004148512380197644,1.5159411430358887,0.4710002263154536,0.3760443967261704,0
c6,C_hard_maze_dense,3,hrm,hrm,,0.0,144,1,2.6276755732858366,1.0310598787797953,2.5485188856301453,138,138,192,623,31,1.0,2.337592940201497,0.0005649883671263935,1.0226474456442256,0.651203544202079,0.8734791661015111,0.0004148512380197644,1.5159411430358887,0.4710002263154536,0.3760443967261704,0
c6,C_hard_maze_dense,3,hrm,hrm,,0.0,168,1,2.6276755732858366,1.0310598787797953,2.5485188856301453,138,138,192,623,31,1.0,2.337592940201497,0.0005649883671263935,1.0226474456442256,0.651203544202079,0.8734791661015111,0.0004148512380197644,1.5159411430358887,0.4710002263154536,0.3760443967261704,0
c6,C_hard_maze_dense,4,euclidean,,,0.0,128,0,nan,nan,2.238188697385586,128,128,192,629,32,1.0,0.9938683887479799,0.0,0.5238279179333434,0.24497993775324453,0.6856688956406154,0.0,0.9938683887479799,0.5238279179333434,0.24497993775324453,0
c6,C_hard_maze_dense,4,euclidean,,,0.0,144,1,2.2381886973855862,1.0000000000000002,2.238188697385586,131,131,192,629,32,1.0,0.9938683887479799,0.0,0.5238279179333434,0.24497993775324453,0.6856688956406154,0.0,0.9938683887479799,0.5238279179333434,0.24497993775324453,0
c6,C_hard_maze_dense,4,euclidean,,,0.0,168,1,2.2381886973855862,1.0000000000000002,2.238188697385586,131,131,192,629,32,1.0,0.9938683887479799,0.0,0.5238279179333434,0.24497993775324453,0.6856688956406154,0.0,0.9938683887479799,0.5238279179333434,0.24497993775324453,0
c6,C_hard_maze_dense,4,grid_oracle,,,0.0,128,1,2.240247830016831,1.0009199995664577,2.238188697385586,92,92,192,629,32,1.0,2.413916365785124,0.00687059432953194,1.0804311914752103,0.6925781511436332,0.6742363616634567,0.0,2.4410218241315014,1.0795655296447204,0.6833145857248852,0
c6,C_hard_maze_dense,4,grid_oracle,,,0.0,144,1,2.240247830016831,1.0009199995664577,2.238188697385586,92,92,192,629,32,1.0,2.413916365785124,0.00687059432953194,1.0804311914752103,0.6925781511436332,0.6742363616634567,0.0,2.4410218241315014,1.0795655296447204,0.6833145857248852,0
c6,C_hard_maze_dense,4,grid_oracle,,,0.0,168,1,2.240247830016831,1.0009199995664577,2.238188697385586,92,92,192,629,32,1.0,2.413916365785124,0.00687059432953194,1.0804311914752103,0.6925781511436332,0.6742363616634567,0.0,2.4410218241315014,1.0795655296447204,0.6833145857248852,0
c6,C_hard_maze_dense,4,unet,unet,,0.0,128,1,2.242004918343765,1.0017050488024701,2.238188697385586,101,101,192,629,32,1.0,2.1894537969265753,0.0636141086839397,1.007648037341925,0.5717080178620939,0.6181587906572987,0.02461027167737484,1.512898325920105,0.48882150434428695,0.34740746570984643,0
c6,C_hard_maze_dense,4,unet,unet,,0.0,144,1,2.242004918343765,1.0017050488024701,2.238188697385586,101,101,192,629,32,1.0,2.1894537969265753,0.0636141086839397,1.007648037341925,0.5717080178620939,0.6181587906572987,0.02461027167737484,1.512898325920105,0.48882150434428695,0.34740746570984643,0
c6,C_hard_maze_dense,4,unet,unet,,0.0,168,1,2.242004918343765,1.0017050488024701,2.238188697385586,101,101,192,629,32,1.0,2.1894537969265753,0.0636141086839397,1.007648037341925,0.5717080178620939,0.6181587906572987,0.02461027167737484,1.512898325920105,0.48882150434428695,0.34740746570984643,0
c6,C_hard_maze_dense,4,onlstm,onlstm,,0.0,128,1,2.240270492265153,1.0009301248290632,2.238188697385586,110,110,192,629,32,1.0,1.9707549807275184,0.013639910657243959,0.9835449285466303,0.588119341357879,0.6425345197081085,0.008205791004002094,1.0894664525985718,0.45401382955878944,0.33667356474732135,0
c6,C_hard_maze_dense,4,onlstm,onlstm,,0.0,144,1,2.240270492265153,1.0009301248290632,2.238188697385586,110,110,192,629,32,1.0,1.9707549807275184,0.013639910657243959,0.9835449285466303,0.588119341357879,0.6425345197081085,0.008205791004002094,1.0894664525985718,0.45401382955878944,0.33667356474732135,0
c6,C_hard_maze_dense,4,onlstm,onlstm,,0.0,168,1,2.240270492265153,1.0009301248290632,2.238188697385586,110,110,192,629,32,1.0,1.9707549807275184,0.013639910657243959,0.9835449285466303,0.588119341357879,0.6425345197081085,0.008205791004002094,1.0894664525985718,0.45401382955878944,0.33667356474732135,0
c6,C_hard_maze_dense,4,hrm,hrm,,0.0,128,1,2.240270492265153,1.0009301248290632,2.238188697385586,111,111,192,629,32,1.0,2.2509595858608558,0.0005387802305023725,0.9957223300931579,0.5956844089684331,0.6447420177413667,0.00039673541323281825,1.4996339082717896,0.47871338468787883,0.3564275572565405,0
c6,C_hard_maze_dense,4,hrm,hrm,,0.0,144,1,2.240270492265153,1.0009301248290632,2.238188697385586,111,111,192,629,32,1.0,2.2509595858608558,0.0005387802305023725,0.9957223300931579,0.5956844089684331,0.6447420177413667,0.00039673541323281825,1.4996339082717896,0.47871338468787883,0.3564275572565405,0
c6,C_hard_maze_dense,4,hrm,hrm,,0.0,168,1,2.240270492265153,1.0009301248290632,2.238188697385586,111,111,192,629,32,1.0,2.2509595858608558,0.0005387802305023725,0.9957223300931579,0.5956844089684331,0.6447420177413667,0.00039673541323281825,1.4996339082717896,0.47871338468787883,0.3564275572565405,0
c6,C_hard_maze_dense,5,euclidean,,,0.0,128,0,nan,nan,2.427441231190759,128,128,192,632,33,1.0,1.0181364017989336,0.0,0.5108383682161127,0.2574983224141592,0.8433507175216343,0.0,1.0181364017989336,0.5108383682161127,0.2574983224141592,0
c6,C_hard_maze_dense,5,euclidean,,,0.0,144,1,2.4274412311907594,1.0000000000000002,2.427441231190759,132,132,192,632,33,1.0,1.0181364017989336,0.0,0.5108383682161127,0.2574983224141592,0.8433507175216343,0.0,1.0181364017989336,0.5108383682161127,0.2574983224141592,0
c6,C_hard_maze_dense,5,euclidean,,,0.0,168,1,2.4274412311907594,1.0000000000000002,2.427441231190759,132,132,192,632,33,1.0,1.0181364017989336,0.0,0.5108383682161127,0.2574983224141592,0.8433507175216343,0.0,1.0181364017989336,0.5108383682161127,0.2574983224141592,0
c6,C_hard_maze_dense,5,grid_oracle,,,0.0,128,1,2.4274412311907594,1.0000000000000002,2.427441231190759,92,92,192,632,33,1.0,2.600159427235254,0.008223827284025891,1.1396380481486295,0.7531057023370424,0.9172323874888101,0.0,2.619368911043581,1.1408493688075647,0.7143115365319248,0
c6,C_hard_maze_dense,5,grid_oracle,,,0.0,144,1,2.4274412311907594,1.0000000000000002,2.427441231190759,92,92,192,632,33,1.0,2.600159427235254,0.008223827284025891,1.1396380481486295,0.7531057023370424,0.9172323874888101,0.0,2.619368911043581,1.1408493688075647,0.7143115365319248,0
c6,C_hard_maze_dense,5,grid_oracle,,,0.0,168,1,2.4274412311907594,1.0000000000000002,2.427441231190759,92,92,192,632,33,1.0,2.600159427235254,0.008223827284025891,1.1396380481486295,0.7531057023370424,0.9172323874888101,0.0,2.619368911043581,1.1408493688075647,0.7143115365319248,0
c6,C_hard_maze_dense,5,unet,unet,,0.0,128,1,2.5611229709434387,1.0550710509630354,2.427441231190759,127,127,192,632,33,1.0,2.182613249882049,0.039498193191651515,0.9682067426884245,0.58359802090501,0.8502614410113122,0.018321147188544273,1.362970232963562,0.4671556585194594,0.3196838353455652,0
c6,C_hard_maze_dense,5,unet,unet,,0.0,144,1,2.5611229709434387,1.0550710509630354,2.427441231190759,127,127,192,632,33,1.0,2.182613249882049,0.039498193191651515,0.9682067426884245,0.58359802090501,0.8502614410113122,0.018321147188544273,1.362970232963562,0.4671556585194594,0.3196838353455652,0
c6,C_hard_maze_dense,5,unet,unet,,0.0,168,1,2.5611229709434387,1.0550710509630354,2.427441231190759,127,127,192,632,33,1.0,2.182613249882049,0.039498193191651515,0.9682067426884245,0.58359802090501,0.8502614410113122,0.018321147188544273,1.362970232963562,0.4671556585194594,0.3196838353455652,0
c6,C_hard_maze_dense,5,onlstm,onlstm,,0.0,128,1,2.4560936273767098,1.0118035385647197,2.427441231190759,119,119,192,632,33,1.0,1.9701489392108071,0.022183247292022083,0.9608890366791711,0.572503266165984,0.8746948159401027,0.014705290086567402,1.070435643196106,0.45777214779718634,0.3148630355575371,0
c6,C_hard_maze_dense,5,onlstm,onlstm,,0.0,144,1,2.4560936273767098,1.0118035385647197,2.427441231190759,119,119,192,632,33,1.0,1.9701489392108071,0.022183247292022083,0.9608890366791711,0.572503266165984,0.8746948159401027,0.014705290086567402,1.070435643196106,0.45777214779718634,0.3148630355575371,0
c6,C_hard_maze_dense,5,onlstm,onlstm,,0.0,168,1,2.4560936273767098,1.0118035385647197,2.427441231190759,119,119,192,632,33,1.0,1.9701489392108071,0.022183247292022083,0.9608890366791711,0.572503266165984,0.8746948159401027,0.014705290086567402,1.070435643196106,0.45777214779718634,0.3148630355575371,0
c6,C_hard_maze_dense,5,hrm,hrm,,0.0,128,1,2.5158239215721157,1.0364098167427112,2.427441231190759,115,115,192,632,33,1.0,2.397169041047345,0.0007003824788010173,0.9708194109826781,0.6433087954573857,0.8503529962292815,0.000465291814180091,1.4629521369934082,0.46276308933367005,0.3821293084991422,0
c6,C_hard_maze_dense,5,hrm,hrm,,0.0,144,1,2.5158239215721157,1.0364098167427112,2.427441231190759,115,115,192,632,33,1.0,2.397169041047345,0.0007003824788010173,0.9708194109826781,0.6433087954573857,0.8503529962292815,0.000465291814180091,1.4629521369934082,0.46276308933367005,0.3821293084991422,0
c6,C_hard_maze_dense,5,hrm,hrm,,0.0,168,1,2.5158239215721157,1.0364098167427112,2.427441231190759,115,115,192,632,33,1.0,2.397169041047345,0.0007003824788010173,0.9708194109826781,0.6433087954573857,0.8503529962292815,0.000465291814180091,1.4629521369934082,0.46276308933367005,0.3821293084991422,0
c6,C_hard_maze_dense,6,euclidean,,,0.0,128,0,nan,nan,2.5354024361231056,128,128,192,625,28,1.0,1.0009712753963096,0.0,0.4959018354284961,0.2362738717836572,0.9071290996392049,0.0,1.0009712753963096,0.4959018354284961,0.2362738717836572,0
c6,C_hard_maze_dense,6,euclidean,,,0.0,144,0,nan,nan,2.5354024361231056,144,144,192,625,28,1.0,1.0009712753963096,0.0,0.4959018354284961,0.2362738717836572,0.9071290996392049,0.0,1.0009712753963096,0.4959018354284961,0.2362738717836572,0
c6,C_hard_maze_dense,6,euclidean,,,0.0,168,1,2.535402436123105,0.9999999999999998,2.5354024361231056,149,149,192,625,28,1.0,1.0009712753963096,0.0,0.4959018354284961,0.2362738717836572,0.9071290996392049,0.0,1.0009712753963096,0.4959018354284961,0.2362738717836572,0
c6,C_hard_maze_dense,6,grid_oracle,,,0.0,128,1,2.535434174275713,1.000012517994049,2.5354024361231056,97,97,192,625,28,1.0,2.615975734455177,0.004947739142866275,1.2551095113005502,0.7391416548847431,0.9987385725524239,0.0,2.6296322586919008,1.2813722392418376,0.7282491648812013,0
c6,C_hard_maze_dense,6,grid_oracle,,,0.0,144,1,2.535434174275713,1.000012517994049,2.5354024361231056,97,97,192,625,28,1.0,2.615975734455177,0.004947739142866275,1.2551095113005502,0.7391416548847431,0.9987385725524239,0.0,2.6296322586919008,1.2813722392418376,0.7282491648812013,0
c6,C_hard_maze_dense,6,grid_oracle,,,0.0,168,1,2.535434174275713,1.000012517994049,2.5354024361231056,97,97,192,625,28,1.0,2.615975734455177,0.004947739142866275,1.2551095113005502,0.7391416548847431,0.9987385725524239,0.0,2.6296322586919008,1.2813722392418376,0.7282491648812013,0
c6,C_hard_maze_dense,6,unet,unet,,0.0,128,0,nan,nan,2.5354024361231056,128,128,192,625,28,1.0,2.1339354031296702,0.04700062419097624,0.9585783198315383,0.5489971790340855,0.9216728155603182,0.01786368526518345,1.384940505027771,0.47161047921781574,0.32311159808033546,0
c6,C_hard_maze_dense,6,unet,unet,,0.0,144,1,2.676687062103547,1.0557247338597973,2.5354024361231056,144,144,192,625,28,1.0,2.1339354031296702,0.04700062419097624,0.9585783198315383,0.5489971790340855,0.9216728155603182,0.01786368526518345,1.384940505027771,0.47161047921781574,0.32311159808033546,0
c6,C_hard_maze_dense,6,unet,unet,,0.0,168,1,2.676687062103547,1.0557247338597973,2.5354024361231056,144,144,192,625,28,1.0,2.1339354031296702,0.04700062419097624,0.9585783198315383,0.5489971790340855,0.9216728155603182,0.01786368526518345,1.384940505027771,0.47161047921781574,0.32311159808033546,0
c6,C_hard_maze_dense,6,onlstm,onlstm,,0.0,128,0,nan,nan,2.5354024361231056,128,128,192,625,28,1.0,1.899316051844003,0.021555119773198267,0.9397086301760024,0.5509832553132595,0.9331409543444649,0.017378956079483032,1.0813041925430298,0.45357567078099237,0.3117636047346903,0
c6,C_hard_maze_dense,6,onlstm,onlstm,,0.0,144,1,2.5410803401154176,1.0022394488194126,2.5354024361231056,140,140,192,625,28,1.0,1.899316051844003,0.021555119773198267,0.9397086301760024,0.5509832553132595,0.9331409543444649,0.017378956079483032,1.0813041925430298,0.45357567078099237,0.3117636047346903,0
c6,C_hard_maze_dense,6,onlstm,onlstm,,0.0,168,1,2.5410803401154176,1.0022394488194126,2.5354024361231056,140,140,192,625,28,1.0,1.899316051844003,0.021555119773198267,0.9397086301760024,0.5509832553132595,0.9331409543444649,0.017378956079483032,1.0813041925430298,0.45357567078099237,0.3117636047346903,0
c6,C_hard_maze_dense,6,hrm,hrm,,0.0,128,0,nan,nan,2.5354024361231056,128,128,192,625,28,1.0,2.1653360806263406,0.0005382377383694307,0.9571742084423427,0.6080473895872138,0.9358333559395602,0.0004727075283881277,1.4359395503997803,0.46914857223345763,0.36954689731071744,0
c6,C_hard_maze_dense,6,hrm,hrm,,0.0,144,1,2.6300925262920156,1.0373471638347485,2.5354024361231056,138,138,192,625,28,1.0,2.1653360806263406,0.0005382377383694307,0.9571742084423427,0.6080473895872138,0.9358333559395602,0.0004727075283881277,1.4359395503997803,0.46914857223345763,0.36954689731071744,0
c6,C_hard_maze_dense,6,hrm,hrm,,0.0,168,1,2.6300925262920156,1.0373471638347485,2.5354024361231056,138,138,192,625,28,1.0,2.1653360806263406,0.0005382377383694307,0.9571742084423427,0.6080473895872138,0.9358333559395602,0.0004727075283881277,1.4359395503997803,0.46914857223345763,0.36954689731071744,0
c6,C_hard_maze_dense,7,euclidean,,,0.0,128,0,nan,nan,2.633941647330359,128,128,192,675,26,1.0,1.0015707777914393,0.0,0.4881612661130473,0.2192116246104646,0.9025106475327566,0.0,1.0015707777914393,0.4881612661130473,0.2192116246104646,0
c6,C_hard_maze_dense,7,euclidean,,,0.0,144,1,2.6339416473303596,1.0000000000000002,2.633941647330359,140,140,192,675,26,1.0,1.0015707777914393,0.0,0.4881612661130473,0.2192116246104646,0.9025106475327566,0.0,1.0015707777914393,0.4881612661130473,0.2192116246104646,0
c6,C_hard_maze_dense,7,euclidean,,,0.0,168,1,2.6339416473303596,1.0000000000000002,2.633941647330359,140,140,192,675,26,1.0,1.0015707777914393,0.0,0.4881612661130473,0.2192116246104646,0.9025106475327566,0.0,1.0015707777914393,0.4881612661130473,0.2192116246104646,0
c6,C_hard_maze_dense,7,grid_oracle,,,0.0,128,1,2.6339416473303596,1.0000000000000002,2.633941647330359,84,84,192,675,26,1.0,2.6887695342237943,0.001510393799430831,1.1780903952228636,0.7285888124225148,0.9982604508585846,0.0,2.706646824131503,1.2401513446376695,0.7616257221539134,0
c6,C_hard_maze_dense,7,grid_oracle,,,0.0,144,1,2.6339416473303596,1.0000000000000002,2.633941647330359,84,84,192,675,26,1.0,2.6887695342237943,0.001510393799430831,1.1780903952228636,0.7285888124225148,0.9982604508585846,0.0,2.706646824131503,1.2401513446376695,0.7616257221539134,0
c6,C_hard_maze_dense,7,grid_oracle,,,0.0,168,1,2.6339416473303596,1.0000000000000002,2.633941647330359,84,84,192,675,26,1.0,2.6887695342237943,0.001510393799430831,1.1780903952228636,0.7285888124225148,0.9982604508585846,0.0,2.706646824131503,1.2401513446376695,0.7616257221539134,0
c6,C_hard_maze_dense,7,unet,unet,,0.0,128,1,2.667757676639235,1.0128385643406908,2.633941647330359,121,121,192,675,26,1.0,2.216524845635721,0.04896397846065611,0.9534980223824633,0.5402668793245207,0.9416945853565907,0.022440316155552864,1.4120383262634277,0.49971046740120073,0.34684512293182496,0
c6,C_hard_maze_dense,7,unet,unet,,0.0,144,1,2.667757676639235,1.0128385643406908,2.633941647330359,121,121,192,675,26,1.0,2.216524845635721,0.04896397846065611,0.9534980223824633,0.5402668793245207,0.9416945853565907,0.022440316155552864,1.4120383262634277,0.49971046740120073,0.34684512293182496,0
c6,C_hard_maze_dense,7,unet,unet,,0.0,168,1,2.667757676639235,1.0128385643406908,2.633941647330359,121,121,192,675,26,1.0,2.216524845635721,0.04896397846065611,0.9534980223824633,0.5402668793245207,0.9416945853565907,0.022440316155552864,1.4120383262634277,0.49971046740120073,0.34684512293182496,0
c6,C_hard_maze_dense,7,onlstm,onlstm,,0.0,128,0,nan,nan,2.633941647330359,128,128,192,675,26,1.0,1.9222204084419792,0.019931414705812014,0.8816337298147842,0.5261329336941791,0.9364403331253562,0.011728637851774693,1.0156598091125488,0.42147034833874386,0.3227849021979641,0
c6,C_hard_maze_dense,7,onlstm,onlstm,,0.0,144,1,2.68176771011442,1.018157601491489,2.633941647330359,132,132,192,675,26,1.0,1.9222204084419792,0.019931414705812014,0.8816337298147842,0.5261329336941791,0.9364403331253562,0.011728637851774693,1.0156598091125488,0.42147034833874386,0.3227849021979641,0
c6,C_hard_maze_dense,7,onlstm,onlstm,,0.0,168,1,2.68176771011442,1.018157601491489,2.633941647330359,132,132,192,675,26,1.0,1.9222204084419792,0.019931414705812014,0.8816337298147842,0.5261329336941791,0.9364403331253562,0.011728637851774693,1.0156598091125488,0.42147034833874386,0.3227849021979641,0
c6,C_hard_maze_dense,7,hrm,hrm,,0.0,128,1,2.68176771011442,1.018157601491489,2.633941647330359,115,115,192,675,26,1.0,2.3281796841800135,0.0005881576163443894,0.9233929495784038,0.5714395901224046,0.9323830805957194,0.000555387232452631,1.4984205961227417,0.4625095866746278,0.3725796796672832,0
c6,C_hard_maze_dense,7,hrm,hrm,,0.0,144,1,2.68176771011442,1.018157601491489,2.633941647330359,115,115,192,675,26,1.0,2.3281796841800135,0.0005881576163443894,0.9233929495784038,0.5714395901224046,0.9323830805957194,0.000555387232452631,1.4984205961227417,0.4625095866746278,0.3725796796672832,0
c6,C_hard_maze_dense,7,hrm,hrm,,0.0,168,1,2.68176771011442,1.018157601491489,2.633941647330359,115,115,192,675,26,1.0,2.3281796841800135,0.0005881576163443894,0.9233929495784038,0.5714395901224046,0.9323830805957194,0.000555387232452631,1.4984205961227417,0.4625095866746278,0.3725796796672832,0
c6,C_hard_maze_dense,8,euclidean,,,0.0,128,0,nan,nan,2.815059362522908,128,128,192,680,37,1.0,1.025357614398168,0.0,0.5523659907844215,0.2606908399844979,0.906598418468383,0.0,1.025357614398168,0.5523659907844215,0.2606908399844979,0
c6,C_hard_maze_dense,8,euclidean,,,0.0,144,0,nan,nan,2.815059362522908,144,144,192,680,37,1.0,1.025357614398168,0.0,0.5523659907844215,0.2606908399844979,0.906598418468383,0.0,1.025357614398168,0.5523659907844215,0.2606908399844979,0
c6,C_hard_maze_dense,8,euclidean,,,0.0,168,1,2.815059362522908,1.0,2.815059362522908,151,151,192,680,37,1.0,1.025357614398168,0.0,0.5523659907844215,0.2606908399844979,0.906598418468383,0.0,1.025357614398168,0.5523659907844215,0.2606908399844979,0
c6,C_hard_maze_dense,8,grid_oracle,,,0.0,128,1,2.8193210440836283,1.0015138869245375,2.815059362522908,124,124,192,680,37,1.0,2.862896824131502,0.008024867392814715,1.2363376923323008,0.8124483184263903,0.9484510213493207,0.0,2.91467351942814,1.2589823013658905,0.783434681690126,0
c6,C_hard_maze_dense,8,grid_oracle,,,0.0,144,1,2.8193210440836283,1.0015138869245375,2.815059362522908,124,124,192,680,37,1.0,2.862896824131502,0.008024867392814715,1.2363376923323008,0.8124483184263903,0.9484510213493207,0.0,2.91467351942814,1.2589823013658905,0.783434681690126,0
c6,C_hard_maze_dense,8,grid_oracle,,,0.0,168,1,2.8193210440836283,1.0015138869245375,2.815059362522908,124,124,192,680,37,1.0,2.862896824131502,0.008024867392814715,1.2363376923323008,0.8124483184263903,0.9484510213493207,0.0,2.91467351942814,1.2589823013658905,0.783434681690126,0
c6,C_hard_maze_dense,8,unet,unet,,0.0,128,0,nan,nan,2.815059362522908,128,128,192,680,37,1.0,2.594404200324684,0.06803601001761327,1.0411562718166476,0.6135384620464704,0.8951201068822399,0.02624346688389778,1.615172266960144,0.5013265894644974,0.35804180841232763,0
c6,C_hard_maze_dense,8,unet,unet,,0.0,144,1,2.824421896144988,1.0033258743125364,2.815059362522908,141,141,192,680,37,1.0,2.594404200324684,0.06803601001761327,1.0411562718166476,0.6135384620464704,0.8951201068822399,0.02624346688389778,1.615172266960144,0.5013265894644974,0.35804180841232763,0
c6,C_hard_maze_dense,8,unet,unet,,0.0,168,1,2.824421896144988,1.0033258743125364,2.815059362522908,141,141,192,680,37,1.0,2.594404200324684,0.06803601001761327,1.0411562718166476,0.6135384620464704,0.8951201068822399,0.02624346688389778,1.615172266960144,0.5013265894644974,0.35804180841232763,0
c6,C_hard_maze_dense,8,onlstm,onlstm,,0.0,128,0,nan,nan,2.815059362522908,128,128,192,680,37,1.0,2.058218028852427,0.0348054403419322,1.041149261252958,0.606893298854507,0.9205232889347044,0.013585992157459259,1.1552238464355469,0.49818366569024874,0.3406819298300254,0
c6,C_hard_maze_dense,8,onlstm,onlstm,,0.0,144,1,2.830493358495105,1.0054826538216817,2.815059362522908,139,139,192,680,37,1.0,2.058218028852427,0.0348054403419322,1.041149261252958,0.606893298854507,0.9205232889347044,0.013585992157459259,1.1552238464355469,0.49818366569024874,0.3406819298300254,0
c6,C_hard_maze_dense,8,onlstm,onlstm,,0.0,168,1,2.830493358495105,1.0054826538216817,2.815059362522908,139,139,192,680,37,1.0,2.058218028852427,0.0348054403419322,1.041149261252958,0.606893298854507,0.9205232889347044,0.013585992157459259,1.1552238464355469,0.49818366569024874,0.3406819298300254,0
c6,C_hard_maze_dense,8,hrm,hrm,,0.0,128,0,nan,nan,2.815059362522908,128,128,192,680,37,1.0,2.3775678693562083,0.0009203040795700188,1.0358452595740302,0.6374781000425782,0.9007744893253398,0.0006235826876945794,1.4962270259857178,0.4959684806190552,0.3650214215584511,0
c6,C_hard_maze_dense,8,hrm,hrm,,0.0,144,1,2.883164350770776,1.0241930913267956,2.815059362522908,142,142,192,680,37,1.0,2.3775678693562083,0.0009203040795700188,1.0358452595740302,0.6374781000425782,0.9007744893253398,0.0006235826876945794,1.4962270259857178,0.4959684806190552,0.3650214215584511,0
c6,C_hard_maze_dense,8,hrm,hrm,,0.0,168,1,2.883164350770776,1.0241930913267956,2.815059362522908,142,142,192,680,37,1.0,2.3775678693562083,0.0009203040795700188,1.0358452595740302,0.6374781000425782,0.9007744893253398,0.0006235826876945794,1.4962270259857178,0.4959684806190552,0.3650214215584511,0
c6,C_hard_maze_dense,9,euclidean,,,0.0,128,0,nan,nan,2.5301437179553625,128,128,192,650,34,1.0,1.0161803540615995,0.0,0.5092109400271686,0.2535887788650063,0.9164372134660772,0.0,1.0161803540615995,0.5092109400271686,0.2535887788650063,0
c6,C_hard_maze_dense,9,euclidean,,,0.0,144,1,2.530143717955363,1.0000000000000002,2.5301437179553625,143,143,192,650,34,1.0,1.0161803540615995,0.0,0.5092109400271686,0.2535887788650063,0.9164372134660772,0.0,1.0161803540615995,0.5092109400271686,0.2535887788650063,0
c6,C_hard_maze_dense,9,euclidean,,,0.0,168,1,2.530143717955363,1.0000000000000002,2.5301437179553625,143,143,192,650,34,1.0,1.0161803540615995,0.0,0.5092109400271686,0.2535887788650063,0.9164372134660772,0.0,1.0161803540615995,0.5092109400271686,0.2535887788650063,0
c6,C_hard_maze_dense,9,grid_oracle,,,0.0,128,1,2.530154071066567,1.000004091906373,2.5301437179553625,80,80,192,650,34,1.0,2.707757258691901,0.0074795199255549265,1.1848813428276974,0.7878626798278764,0.9730047744350706,0.0,2.707757258691901,1.173592883664653,0.7565313556372427,0
c6,C_hard_maze_dense,9,grid_oracle,,,0.0,144,1,2.530154071066567,1.000004091906373,2.5301437179553625,80,80,192,650,34,1.0,2.707757258691901,0.0074795199255549265,1.1848813428276974,0.7878626798278764,0.9730047744350706,0.0,2.707757258691901,1.173592883664653,0.7565313556372427,0
c6,C_hard_maze_dense,9,grid_oracle,,,0.0,168,1,2.530154071066567,1.000004091906373,2.5301437179553625,80,80,192,650,34,1.0,2.707757258691901,0.0074795199255549265,1.1848813428276974,0.7878626798278764,0.9730047744350706,0.0,2.707757258691901,1.173592883664653,0.7565313556372427,0
c6,C_hard_maze_dense,9,unet,unet,,0.0,128,0,nan,nan,2.5301437179553625,128,128,192,650,34,1.0,2.0704980038730287,0.039516682951779306,0.9585972418208134,0.575019112827535,0.9075682255920572,0.016424361616373062,1.24132239818573,0.4769879523682903,0.3275071217474466,0
c6,C_hard_maze_dense,9,unet,unet,,0.0,144,1,2.606755589209852,1.0302796519860937,2.5301437179553625,142,142,192,650,34,1.0,2.0704980038730287,0.039516682951779306,0.9585972418208134,0.575019112827535,0.9075682255920572,0.016424361616373062,1.24132239818573,0.4769879523682903,0.3275071217474466,0
c6,C_hard_maze_dense,9,unet,unet,,0.0,168,1,2.606755589209852,1.0302796519860937,2.5301437179553625,142,142,192,650,34,1.0,2.0704980038730287,0.039516682951779306,0.9585972418208134,0.575019112827535,0.9075682255920572,0.016424361616373062,1.24132239818573,0.4769879523682903,0.3275071217474466,0
c6,C_hard_maze_dense,9,onlstm,onlstm,,0.0,128,0,nan,nan,2.5301437179553625,128,128,192,650,34,1.0,1.9291837097757716,0.02402785578034916,0.9719765247025687,0.5771498780670116,0.9377119333749289,0.020542500540614128,1.0284193754196167,0.4750362294721526,0.31310166784103244,0
c6,C_hard_maze_dense,9,onlstm,onlstm,,0.0,144,1,2.5826556309815496,1.0207545178771988,2.5301437179553625,138,138,192,650,34,1.0,1.9291837097757716,0.02402785578034916,0.9719765247025687,0.5771498780670116,0.9377119333749289,0.020542500540614128,1.0284193754196167,0.4750362294721526,0.31310166784103244,0
c6,C_hard_maze_dense,9,onlstm,onlstm,,0.0,168,1,2.5826556309815496,1.0207545178771988,2.5301437179553625,138,138,192,650,34,1.0,1.9291837097757716,0.02402785578034916,0.9719765247025687,0.5771498780670116,0.9377119333749289,0.020542500540614128,1.0284193754196167,0.4750362294721526,0.31310166784103244,0
c6,C_hard_maze_dense,9,hrm,hrm,,0.0,128,0,nan,nan,2.5301437179553625,128,128,192,650,34,1.0,2.258268576424369,0.0005323311302723366,0.9611730889381297,0.6417540905297586,0.917417193391748,0.0004711838555522263,1.4566277265548706,0.4779721409565809,0.38124746745875104,0
c6,C_hard_maze_dense,9,hrm,hrm,,0.0,144,1,2.581917139780946,1.0204626407022532,2.5301437179553625,132,132,192,650,34,1.0,2.258268576424369,0.0005323311302723366,0.9611730889381297,0.6417540905297586,0.917417193391748,0.0004711838555522263,1.4566277265548706,0.4779721409565809,0.38124746745875104,0
c6,C_hard_maze_dense,9,hrm,hrm,,0.0,168,1,2.581917139780946,1.0204626407022532,2.5301437179553625,132,132,192,650,34,1.0,2.258268576424369,0.0005323311302723366,0.9611730889381297,0.6417540905297586,0.917417193391748,0.0004711838555522263,1.4566277265548706,0.4779721409565809,0.38124746745875104,0
c6,C_hard_maze_dense,10,euclidean,,,0.0,128,0,nan,nan,2.521185457600597,128,128,192,664,27,1.0,1.0276307918399472,0.0,0.5064949422889533,0.2601903725574957,0.9437647505628952,0.0,1.0276307918399472,0.5064949422889533,0.2601903725574957,0
c6,C_hard_maze_dense,10,euclidean,,,0.0,144,1,2.521185457600597,1.0,2.521185457600597,144,144,192,664,27,1.0,1.0276307918399472,0.0,0.5064949422889533,0.2601903725574957,0.9437647505628952,0.0,1.0276307918399472,0.5064949422889533,0.2601903725574957,0
c6,C_hard_maze_dense,10,euclidean,,,0.0,168,1,2.521185457600597,1.0,2.521185457600597,144,144,192,664,27,1.0,1.0276307918399472,0.0,0.5064949422889533,0.2601903725574957,0.9437647505628952,0.0,1.0276307918399472,0.5064949422889533,0.2601903725574957,0
c6,C_hard_maze_dense,10,grid_oracle,,,0.0,128,1,2.536858968960243,1.0062167228961263,2.521185457600597,88,88,192,664,27,1.0,2.694593375386989,0.008008898838152943,1.1512994195631598,0.7963961029518626,0.9986673629384478,0.0,2.888785171779822,1.2153613042091345,0.7731162084841636,0
c6,C_hard_maze_dense,10,grid_oracle,,,0.0,144,1,2.536858968960243,1.0062167228961263,2.521185457600597,88,88,192,664,27,1.0,2.694593375386989,0.008008898838152943,1.1512994195631598,0.7963961029518626,0.9986673629384478,0.0,2.888785171779822,1.2153613042091345,0.7731162084841636,0
c6,C_hard_maze_dense,10,grid_oracle,,,0.0,168,1,2.536858968960243,1.0062167228961263,2.521185457600597,88,88,192,664,27,1.0,2.694593375386989,0.008008898838152943,1.1512994195631598,0.7963961029518626,0.9986673629384478,0.0,2.888785171779822,1.2153613042091345,0.7731162084841636,0
c6,C_hard_maze_dense,10,unet,unet,,0.0,128,0,nan,nan,2.521185457600597,128,128,192,664,27,1.0,2.1620410824844605,0.04541017160065684,0.9425368131535644,0.5793824713615143,0.9478559124325205,0.022424284368753433,1.3600183725357056,0.4748024229879775,0.329524668311058,0
c6,C_hard_maze_dense,10,unet,unet,,0.0,144,1,2.524447208669552,1.0012937370629051,2.521185457600597,137,137,192,664,27,1.0,2.1620410824844605,0.04541017160065684,0.9425368131535644,0.5793824713615143,0.9478559124325205,0.022424284368753433,1.3600183725357056,0.4748024229879775,0.329524668311058,0
c6,C_hard_maze_dense,10,unet,unet,,0.0,168,1,2.524447208669552,1.0012937370629051,2.521185457600597,137,137,192,664,27,1.0,2.1620410824844605,0.04541017160065684,0.9425368131535644,0.5793824713615143,0.9478559124325205,0.022424284368753433,1.3600183725357056,0.4748024229879775,0.329524668311058,0
c6,C_hard_maze_dense,10,onlstm,onlstm,,0.0,128,1,2.522400525481736,1.0004819430785927,2.521185457600597,124,124,192,664,27,1.0,1.9913904089163945,0.0239116538160163,0.9642753180963993,0.5908567001944202,0.9605430919892576,0.014934945851564407,1.0907068252563477,0.4863256827420628,0.32355617022346095,0
c6,C_hard_maze_dense,10,onlstm,onlstm,,0.0,144,1,2.522400525481736,1.0004819430785927,2.521185457600597,124,124,192,664,27,1.0,1.9913904089163945,0.0239116538160163,0.9642753180963993,0.5908567001944202,0.9605430919892576,0.014934945851564407,1.0907068252563477,0.4863256827420628,0.32355617022346095,0
c6,C_hard_maze_dense,10,onlstm,onlstm,,0.0,168,1,2.522400525481736,1.0004819430785927,2.521185457600597,124,124,192,664,27,1.0,1.9913904089163945,0.0239116538160163,0.9642753180963993,0.5908567001944202,0.9605430919892576,0.014934945851564407,1.0907068252563477,0.4863256827420628,0.32355617022346095,0
c6,C_hard_maze_dense,10,hrm,hrm,,0.0,128,0,nan,nan,2.521185457600597,128,128,192,664,27,1.0,2.353622117598203,0.0005390148755642728,0.9422652803892548,0.6332518435616226,0.9563908933076528,0.00046151396236382425,1.4885737895965576,0.4729950119812827,0.37138555343760377,0
c6,C_hard_maze_dense,10,hrm,hrm,,0.0,144,1,2.5353489323939162,1.0056177837892173,2.521185457600597,133,133,192,664,27,1.0,2.353622117598203,0.0005390148755642728,0.9422652803892548,0.6332518435616226,0.9563908933076528,0.00046151396236382425,1.4885737895965576,0.4729950119812827,0.37138555343760377,0
c6,C_hard_maze_dense,10,hrm,hrm,,0.0,168,1,2.5353489323939162,1.0056177837892173,2.521185457600597,133,133,192,664,27,1.0,2.353622117598203,0.0005390148755642728,0.9422652803892548,0.6332518435616226,0.9563908933076528,0.00046151396236382425,1.4885737895965576,0.4729950119812827,0.37138555343760377,0
c6,C_hard_maze_dense,11,euclidean,,,0.0,128,0,nan,nan,2.4561294446420896,128,128,192,613,37,1.0,1.0256998514993394,0.0,0.517390728194207,0.24329875046317348,0.7417973306567561,0.0,1.0256998514993394,0.517390728194207,0.24329875046317348,0
c6,C_hard_maze_dense,11,euclidean,,,0.0,144,1,2.45612944464209,1.0000000000000002,2.4561294446420896,139,139,192,613,37,1.0,1.0256998514993394,0.0,0.517390728194207,0.24329875046317348,0.7417973306567561,0.0,1.0256998514993394,0.517390728194207,0.24329875046317348,0
c6,C_hard_maze_dense,11,euclidean,,,0.0,168,1,2.45612944464209,1.0000000000000002,2.4561294446420896,139,139,192,613,37,1.0,1.0256998514993394,0.0,0.517390728194207,0.24329875046317348,0.7417973306567561,0.0,1.0256998514993394,0.517390728194207,0.24329875046317348,0
c6,C_hard_maze_dense,11,grid_oracle,,,0.0,128,1,2.45612944464209,1.0000000000000002,2.4561294446420896,93,93,192,613,37,1.0,2.6221989687580147,0.007592219302096982,1.1453941120300108,0.735304231183157,0.7440217833600088,0.0,2.6349939110435825,1.2006997741932703,0.7267501100638479,0
c6,C_hard_maze_dense,11,grid_oracle,,,0.0,144,1,2.45612944464209,1.0000000000000002,2.4561294446420896,93,93,192,613,37,1.0,2.6221989687580147,0.007592219302096982,1.1453941120300108,0.735304231183157,0.7440217833600088,0.0,2.6349939110435825,1.2006997741932703,0.7267501100638479,0
c6,C_hard_maze_dense,11,grid_oracle,,,0.0,168,1,2.45612944464209,1.0000000000000002,2.4561294446420896,93,93,192,613,37,1.0,2.6221989687580147,0.007592219302096982,1.1453941120300108,0.735304231183157,0.7440217833600088,0.0,2.6349939110435825,1.2006997741932703,0.7267501100638479,0
c6,C_hard_maze_dense,11,unet,unet,,0.0,128,1,2.5261997540412895,1.0285287526486253,2.4561294446420896,125,125,192,613,37,1.0,2.1753625422736307,0.05798655114116448,0.989969883770823,0.5726770459917506,0.6745568049263491,0.024190735071897507,1.5116653442382812,0.5063012646351126,0.3565014231410554,0
c6,C_hard_maze_dense,11,unet,unet,,0.0,144,1,2.5261997540412895,1.0285287526486253,2.4561294446420896,125,125,192,613,37,1.0,2.1753625422736307,0.05798655114116448,0.989969883770823,0.5726770459917506,0.6745568049263491,0.024190735071897507,1.5116653442382812,0.5063012646351126,0.3565014231410554,0
c6,C_hard_maze_dense,11,unet,unet,,0.0,168,1,2.5261997540412895,1.0285287526486253,2.4561294446420896,125,125,192,613,37,1.0,2.1753625422736307,0.05798655114116448,0.989969883770823,0.5726770459917506,0.6745568049263491,0.024190735071897507,1.5116653442382812,0.5063012646351126,0.3565014231410554,0
c6,C_hard_maze_dense,11,onlstm,onlstm,,0.0,128,1,2.512633060408962,1.023005145714177,2.4561294446420896,122,122,192,613,37,1.0,2.0062381997177465,0.023239037567343163,0.9532236678196702,0.5577548174740111,0.7172639231749993,0.013526985421776772,1.1379224061965942,0.44895910800892125,0.3282462756140195,0
c6,C_hard_maze_dense,11,onlstm,onlstm,,0.0,144,1,2.512633060408962,1.023005145714177,2.4561294446420896,122,122,192,613,37,1.0,2.0062381997177465,0.023239037567343163,0.9532236678196702,0.5577548174740111,0.7172639231749993,0.013526985421776772,1.1379224061965942,0.44895910800892125,0.3282462756140195,0
c6,C_hard_maze_dense,11,onlstm,onlstm,,0.0,168,1,2.512633060408962,1.023005145714177,2.4561294446420896,122,122,192,613,37,1.0,2.0062381997177465,0.023239037567343163,0.9532236678196702,0.5577548174740111,0.7172639231749993,0.013526985421776772,1.1379224061965942,0.44895910800892125,0.3282462756140195,0
c6,C_hard_maze_dense,11,hrm,hrm,,0.0,128,1,2.501819471756521,1.0186024507845473,2.4561294446420896,117,117,192,613,37,1.0,2.204162686002627,0.000965037209138784,0.97837328452801,0.597168925710245,0.6788700729728998,0.0006932959659025073,1.4505701065063477,0.4893078526008594,0.37400486334740657,0
c6,C_hard_maze_dense,11,hrm,hrm,,0.0,144,1,2.501819471756521,1.0186024507845473,2.4561294446420896,117,117,192,613,37,1.0,2.204162686002627,0.000965037209138784,0.97837328452801,0.597168925710245,0.6788700729728998,0.0006932959659025073,1.4505701065063477,0.4893078526008594,0.37400486334740657,0
c6,C_hard_maze_dense,11,hrm,hrm,,0.0,168,1,2.501819471756521,1.0186024507845473,2.4561294446420896,117,117,192,613,37,1.0,2.204162686002627,0.000965037209138784,0.97837328452801,0.597168925710245,0.6788700729728998,0.0006932959659025073,1.4505701065063477,0.4893078526008594,0.37400486334740657,0
c6,C_hard_maze_dense,12,euclidean,,,0.0,128,0,nan,nan,2.1758087861506197,128,128,192,651,27,1.0,0.9931735749880927,0.0,0.4551616534776685,0.2252618782167677,0.8874599869788136,0.0,0.9931735749880927,0.4551616534776685,0.2252618782167677,0
c6,C_hard_maze_dense,12,euclidean,,,0.0,144,1,2.1758087861506192,0.9999999999999998,2.1758087861506197,139,139,192,651,27,1.0,0.9931735749880927,0.0,0.4551616534776685,0.2252618782167677,0.8874599869788136,0.0,0.9931735749880927,0.4551616534776685,0.2252618782167677,0
c6,C_hard_maze_dense,12,euclidean,,,0.0,168,1,2.1758087861506192,0.9999999999999998,2.1758087861506197,139,139,192,651,27,1.0,0.9931735749880927,0.0,0.4551616534776685,0.2252618782167677,0.8874599869788136,0.0,0.9931735749880927,0.4551616534776685,0.2252618782167677,0
c6,C_hard_maze_dense,12,grid_oracle,,,0.0,128,1,2.176523766780647,1.0003286045329802,2.1758087861506197,75,75,192,651,27,1.0,2.554036128920723,0.003671036141276467,1.0387656704301718,0.6898813584996163,0.9636034099232293,0.0,2.575174737219423,1.1395453305865704,0.7170613581824811,0
c6,C_hard_maze_dense,12,grid_oracle,,,0.0,144,1,2.176523766780647,1.0003286045329802,2.1758087861506197,75,75,192,651,27,1.0,2.554036128920723,0.003671036141276467,1.0387656704301718,0.6898813584996163,0.9636034099232293,0.0,2.575174737219423,1.1395453305865704,0.7170613581824811,0
c6,C_hard_maze_dense,12,grid_oracle,,,0.0,168,1,2.176523766780647,1.0003286045329802,2.1758087861506197,75,75,192,651,27,1.0,2.554036128920723,0.003671036141276467,1.0387656704301718,0.6898813584996163,0.9636034099232293,0.0,2.575174737219423,1.1395453305865704,0.7170613581824811,0
c6,C_hard_maze_dense,12,unet,unet,,0.0,128,1,2.2091438045606364,1.0153207481384392,2.1758087861506197,122,122,192,651,27,1.0,2.01816527631674,0.04304050428879214,0.8607917294764222,0.515256171346072,0.8761207036866236,0.020212791860103607,1.2946817874908447,0.46583328224869547,0.3230708324721095,0
c6,C_hard_maze_dense,12,unet,unet,,0.0,144,1,2.2091438045606364,1.0153207481384392,2.1758087861506197,122,122,192,651,27,1.0,2.01816527631674,0.04304050428879214,0.8607917294764222,0.515256171346072,0.8761207036866236,0.020212791860103607,1.2946817874908447,0.46583328224869547,0.3230708324721095,0
c6,C_hard_maze_dense,12,unet,unet,,0.0,168,1,2.2091438045606364,1.0153207481384392,2.1758087861506197,122,122,192,651,27,1.0,2.01816527631674,0.04304050428879214,0.8607917294764222,0.515256171346072,0.8761207036866236,0.020212791860103607,1.2946817874908447,0.46583328224869547,0.3230708324721095,0
c6,C_hard_maze_dense,12,onlstm,onlstm,,0.0,128,1,2.213900581640187,1.017506959128039,2.1758087861506197,115,115,192,651,27,1.0,1.8917519357724824,0.03110114219787072,0.8409662706813265,0.5211353696802169,0.9122934921194695,0.015109249390661716,1.0393644571304321,0.4356035299622363,0.30721813393854513,0
c6,C_hard_maze_dense,12,onlstm,onlstm,,0.0,144,1,2.213900581640187,1.017506959128039,2.1758087861506197,115,115,192,651,27,1.0,1.8917519357724824,0.03110114219787072,0.8409662706813265,0.5211353696802169,0.9122934921194695,0.015109249390661716,1.0393644571304321,0.4356035299622363,0.30721813393854513,0
c6,C_hard_maze_dense,12,onlstm,onlstm,,0.0,168,1,2.213900581640187,1.017506959128039,2.1758087861506197,115,115,192,651,27,1.0,1.8917519357724824,0.03110114219787072,0.8409662706813265,0.5211353696802169,0.9122934921194695,0.015109249390661716,1.0393644571304321,0.4356035299622363,0.30721813393854513,0
c6,C_hard_maze_dense,12,hrm,hrm,,0.0,128,1,2.2091438045606364,1.0153207481384392,2.1758087861506197,116,116,192,651,27,1.0,2.325990398012002,0.0006136167899050864,0.8493368436309031,0.5789259903335984,0.8900845698939317,0.0005396360065788031,1.4897891283035278,0.4588369694188117,0.37570906903021156,0
c6,C_hard_maze_dense,12,hrm,hrm,,0.0,144,1,2.2091438045606364,1.0153207481384392,2.1758087861506197,116,116,192,651,27,1.0,2.325990398012002,0.0006136167899050864,0.8493368436309031,0.5789259903335984,0.8900845698939317,0.0005396360065788031,1.4897891283035278,0.4588369694188117,0.37570906903021156,0
c6,C_hard_maze_dense,12,hrm,hrm,,0.0,168,1,2.2091438045606364,1.0153207481384392,2.1758087861506197,116,116,192,651,27,1.0,2.325990398012002,0.0006136167899050864,0.8493368436309031,0.5789259903335984,0.8900845698939317,0.0005396360065788031,1.4897891283035278,0.4588369694188117,0.37570906903021156,0
c6,C_hard_maze_dense,13,euclidean,,,0.0,128,0,nan,nan,2.5082636236595572,128,128,192,629,29,1.0,0.9660365389133799,0.0,0.4604819673316179,0.21734839796435698,0.902583552613732,0.0,0.9660365389133799,0.4604819673316179,0.21734839796435698,0
c6,C_hard_maze_dense,13,euclidean,,,0.0,144,1,2.5082636236595577,1.0000000000000002,2.5082636236595572,143,143,192,629,29,1.0,0.9660365389133799,0.0,0.4604819673316179,0.21734839796435698,0.902583552613732,0.0,0.9660365389133799,0.4604819673316179,0.21734839796435698,0
c6,C_hard_maze_dense,13,euclidean,,,0.0,168,1,2.5082636236595577,1.0000000000000002,2.5082636236595572,143,143,192,629,29,1.0,0.9660365389133799,0.0,0.4604819673316179,0.21734839796435698,0.902583552613732,0.0,0.9660365389133799,0.4604819673316179,0.21734839796435698,0
c6,C_hard_maze_dense,13,grid_oracle,,,0.0,128,1,2.5082636236595577,1.0000000000000002,2.5082636236595572,96,96,192,629,29,1.0,2.4522743598297705,0.006629211369727268,0.9868504514526094,0.6188419501940108,0.9965921113311452,0.0,2.5088834764831835,1.0977156354204671,0.6863529429371228,0
c6,C_hard_maze_dense,13,grid_oracle,,,0.0,144,1,2.5082636236595577,1.0000000000000002,2.5082636236595572,96,96,192,629,29,1.0,2.4522743598297705,0.006629211369727268,0.9868504514526094,0.6188419501940108,0.9965921113311452,0.0,2.5088834764831835,1.0977156354204671,0.6863529429371228,0
c6,C_hard_maze_dense,13,grid_oracle,,,0.0,168,1,2.5082636236595577,1.0000000000000002,2.5082636236595572,96,96,192,629,29,1.0,2.4522743598297705,0.006629211369727268,0.9868504514526094,0.6188419501940108,0.9965921113311452,0.0,2.5088834764831835,1.0977156354204671,0.6863529429371228,0
c6,C_hard_maze_dense,13,unet,unet,,0.0,128,0,nan,nan,2.5082636236595572,128,128,192,629,29,1.0,2.148370151075123,0.04982607089097848,0.8507586282879765,0.4899270489141614,0.9310775710061581,0.018773140385746956,1.3051313161849976,0.46967104777786517,0.32389327202696183,0
c6,C_hard_maze_dense,13,unet,unet,,0.0,144,1,2.5082636236595577,1.0000000000000002,2.5082636236595572,144,144,192,629,29,1.0,2.148370151075123,0.04982607089097848,0.8507586282879765,0.4899270489141614,0.9310775710061581,0.018773140385746956,1.3051313161849976,0.46967104777786517,0.32389327202696183,0
c6,C_hard_maze_dense,13,unet,unet,,0.0,168,1,2.5082636236595577,1.0000000000000002,2.5082636236595572,144,144,192,629,29,1.0,2.148370151075123,0.04982607089097848,0.8507586282879765,0.4899270489141614,0.9310775710061581,0.018773140385746956,1.3051313161849976,0.46967104777786517,0.32389327202696183,0
c6,C_hard_maze_dense,13,onlstm,onlstm,,0.0,128,1,2.5770125935320576,1.0274089889212663,2.5082636236595572,120,120,192,629,29,1.0,1.8316314285231359,0.02801780257573319,0.853144455734245,0.5010891033389909,0.9357587553915853,0.019610825926065445,1.033265233039856,0.4409586715578371,0.30667775815977144,0
c6,C_hard_maze_dense,13,onlstm,onlstm,,0.0,144,1,2.5770125935320576,1.0274089889212663,2.5082636236595572,120,120,192,629,29,1.0,1.8316314285231359,0.02801780257573319,0.853144455734245,0.5010891033389909,0.9357587553915853,0.019610825926065445,1.033265233039856,0.4409586715578371,0.30667775815977144,0
c6,C_hard_maze_dense,13,onlstm,onlstm,,0.0,168,1,2.5770125935320576,1.0274089889212663,2.5082636236595572,120,120,192,629,29,1.0,1.8316314285231359,0.02801780257573319,0.853144455734245,0.5010891033389909,0.9357587553915853,0.019610825926065445,1.033265233039856,0.4409586715578371,0.30667775815977144,0
c6,C_hard_maze_dense,13,hrm,hrm,,0.0,128,0,nan,nan,2.5082636236595572,128,128,192,629,29,1.0,2.2352050189894133,0.0007066492501518396,0.8397411822223013,0.5479142425067204,0.9365166291403305,0.0006047270726412535,1.4783809185028076,0.4537168191668002,0.38174636155569186,0
c6,C_hard_maze_dense,13,hrm,hrm,,0.0,144,1,2.593256390718007,1.033885101333346,2.5082636236595572,131,131,192,629,29,1.0,2.2352050189894133,0.0007066492501518396,0.8397411822223013,0.5479142425067204,0.9365166291403305,0.0006047270726412535,1.4783809185028076,0.4537168191668002,0.38174636155569186,0
c6,C_hard_maze_dense,13,hrm,hrm,,0.0,168,1,2.593256390718007,1.033885101333346,2.5082636236595572,131,131,192,629,29,1.0,2.2352050189894133,0.0007066492501518396,0.8397411822223013,0.5479142425067204,0.9365166291403305,0.0006047270726412535,1.4783809185028076,0.4537168191668002,0.38174636155569186,0
c6,C_hard_maze_dense,14,euclidean,,,0.0,128,0,nan,nan,2.505226002554069,128,128,192,609,27,1.0,0.9560943837659901,0.0,0.5047949268390024,0.23643459023539873,0.9263336543417521,0.0,0.9560943837659901,0.5047949268390024,0.23643459023539873,0
c6,C_hard_maze_dense,14,euclidean,,,0.0,144,0,nan,nan,2.505226002554069,144,144,192,609,27,1.0,0.9560943837659901,0.0,0.5047949268390024,0.23643459023539873,0.9263336543417521,0.0,0.9560943837659901,0.5047949268390024,0.23643459023539873,0
c6,C_hard_maze_dense,14,euclidean,,,0.0,168,1,2.505226002554068,0.9999999999999997,2.505226002554069,148,148,192,609,27,1.0,0.9560943837659901,0.0,0.5047949268390024,0.23643459023539873,0.9263336543417521,0.0,0.9560943837659901,0.5047949268390024,0.23643459023539873,0
c6,C_hard_maze_dense,14,grid_oracle,,,0.0,128,1,2.5134517145478976,1.0032834211306456,2.505226002554069,115,115,192,609,27,1.0,2.515564000227636,0.006340879627748501,1.1108526125648446,0.6893425982140011,0.996732835092098,0.0,2.5881189110435825,1.1000061671636625,0.7000937050436383,0
c6,C_hard_maze_dense,14,grid_oracle,,,0.0,144,1,2.5134517145478976,1.0032834211306456,2.505226002554069,115,115,192,609,27,1.0,2.515564000227636,0.006340879627748501,1.1108526125648446,0.6893425982140011,0.996732835092098,0.0,2.5881189110435825,1.1000061671636625,0.7000937050436383,0
c6,C_hard_maze_dense,14,grid_oracle,,,0.0,168,1,2.5134517145478976,1.0032834211306456,2.505226002554069,115,115,192,609,27,1.0,2.515564000227636,0.006340879627748501,1.1108526125648446,0.6893425982140011,0.996732835092098,0.0,2.5881189110435825,1.1000061671636625,0.7000937050436383,0
c6,C_hard_maze_dense,14,unet,unet,,0.0,128,0,nan,nan,2.505226002554069,128,128,192,609,27,1.0,2.1468518403000507,0.043101268973425574,0.9547956024327302,0.5407107478298262,0.939158166725443,0.02033400721848011,1.3048832416534424,0.46671275740254714,0.3258170618860694,0
c6,C_hard_maze_dense,14,unet,unet,,0.0,144,1,2.53928798836187,1.0135963724522559,2.505226002554069,138,138,192,609,27,1.0,2.1468518403000507,0.043101268973425574,0.9547956024327302,0.5407107478298262,0.939158166725443,0.02033400721848011,1.3048832416534424,0.46671275740254714,0.3258170618860694,0
c6,C_hard_maze_dense,14,unet,unet,,0.0,168,1,2.53928798836187,1.0135963724522559,2.505226002554069,138,138,192,609,27,1.0,2.1468518403000507,0.043101268973425574,0.9547956024327302,0.5407107478298262,0.939158166725443,0.02033400721848011,1.3048832416534424,0.46671275740254714,0.3258170618860694,0
c6,C_hard_maze_dense,14,onlstm,onlstm,,0.0,128,0,nan,nan,2.505226002554069,128,128,192,609,27,1.0,1.8733601819515642,0.020634746712165367,0.9503720758843293,0.5409632717806967,0.9516724086482382,0.016440456733107567,1.0509181022644043,0.4410905543059016,0.31128009281543334,0
c6,C_hard_maze_dense,14,onlstm,onlstm,,0.0,144,1,2.53928798836187,1.0135963724522559,2.505226002554069,132,132,192,609,27,1.0,1.8733601819515642,0.020634746712165367,0.9503720758843293,0.5409632717806967,0.9516724086482382,0.016440456733107567,1.0509181022644043,0.4410905543059016,0.31128009281543334,0
c6,C_hard_maze_dense,14,onlstm,onlstm,,0.0,168,1,2.53928798836187,1.0135963724522559,2.505226002554069,132,132,192,609,27,1.0,1.8733601819515642,0.020634746712165367,0.9503720758843293,0.5409632717806967,0.9516724086482382,0.016440456733107567,1.0509181022644043,0.4410905543059016,0.31128009281543334,0
c6,C_hard_maze_dense,14,hrm,hrm,,0.0,128,0,nan,nan,2.505226002554069,128,128,192,609,27,1.0,2.2321221782449645,0.0005673838930713018,0.9506106985827354,0.5877051672861215,0.9589154436698046,0.0004365844652056694,1.455322504043579,0.4628935872110844,0.3712870376272805,0
c6,C_hard_maze_dense,14,hrm,hrm,,0.0,144,1,2.5378891943627977,1.0130380220289223,2.505226002554069,136,136,192,609,27,1.0,2.2321221782449645,0.0005673838930713018,0.9506106985827354,0.5877051672861215,0.9589154436698046,0.0004365844652056694,1.455322504043579,0.4628935872110844,0.3712870376272805,0
c6,C_hard_maze_dense,14,hrm,hrm,,0.0,168,1,2.5378891943627977,1.0130380220289223,2.505226002554069,136,136,192,609,27,1.0,2.2321221782449645,0.0005673838930713018,0.9506106985827354,0.5877051672861215,0.9589154436698046,0.0004365844652056694,1.455322504043579,0.4628935872110844,0.3712870376272805,0
c6,C_hard_maze_dense,15,euclidean,,,0.0,128,0,nan,nan,2.660403382187584,128,128,192,623,33,1.0,1.0416460112154882,0.0,0.5687753808019845,0.25000278015665645,0.9269847136695333,0.0,1.0416460112154882,0.5687753808019845,0.25000278015665645,0
c6,C_hard_maze_dense,15,euclidean,,,0.0,144,0,nan,nan,2.660403382187584,144,144,192,623,33,1.0,1.0416460112154882,0.0,0.5687753808019845,0.25000278015665645,0.9269847136695333,0.0,1.0416460112154882,0.5687753808019845,0.25000278015665645,0
c6,C_hard_maze_dense,15,euclidean,,,0.0,168,1,2.660403382187585,1.0000000000000004,2.660403382187584,147,147,192,623,33,1.0,1.0416460112154882,0.0,0.5687753808019845,0.25000278015665645,0.9269847136695333,0.0,1.0416460112154882,0.5687753808019845,0.25000278015665645,0
c6,C_hard_maze_dense,15,grid_oracle,,,0.0,128,1,2.660932645827865,1.0001989411244268,2.660403382187584,111,111,192,623,33,1.0,2.527465041673632,0.0059939836401274845,1.1378626523304678,0.6751262871035707,0.9184751647993925,0.0,2.5671322586919,1.1366279287474237,0.6889986496876283,0
c6,C_hard_maze_dense,15,grid_oracle,,,0.0,144,1,2.660932645827865,1.0001989411244268,2.660403382187584,111,111,192,623,33,1.0,2.527465041673632,0.0059939836401274845,1.1378626523304678,0.6751262871035707,0.9184751647993925,0.0,2.5671322586919,1.1366279287474237,0.6889986496876283,0
c6,C_hard_maze_dense,15,grid_oracle,,,0.0,168,1,2.660932645827865,1.0001989411244268,2.660403382187584,111,111,192,623,33,1.0,2.527465041673632,0.0059939836401274845,1.1378626523304678,0.6751262871035707,0.9184751647993925,0.0,2.5671322586919,1.1366279287474237,0.6889986496876283,0
c6,C_hard_maze_dense,15,unet,unet,,0.0,128,0,nan,nan,2.660403382187584,128,128,192,623,33,1.0,2.285448238771948,0.036401909354424986,1.0567338741163474,0.5605673221158819,0.908366790548789,0.015136265195906162,1.3698413372039795,0.4792579768179621,0.33330757271586453,0
c6,C_hard_maze_dense,15,unet,unet,,0.0,144,1,2.6945233462430678,1.0128251092612233,2.660403382187584,134,134,192,623,33,1.0,2.285448238771948,0.036401909354424986,1.0567338741163474,0.5605673221158819,0.908366790548789,0.015136265195906162,1.3698413372039795,0.4792579768179621,0.33330757271586453,0
c6,C_hard_maze_dense,15,unet,unet,,0.0,168,1,2.6945233462430678,1.0128251092612233,2.660403382187584,134,134,192,623,33,1.0,2.285448238771948,0.036401909354424986,1.0567338741163474,0.5605673221158819,0.908366790548789,0.015136265195906162,1.3698413372039795,0.4792579768179621,0.33330757271586453,0
c6,C_hard_maze_dense,15,onlstm,onlstm,,0.0,128,1,2.6777437861268476,1.0065179604173429,2.660403382187584,119,119,192,623,33,1.0,2.059479918732194,0.021212002702481914,1.0976918623600616,0.5650208912415567,0.9229698478148822,0.015539011918008327,1.1296799182891846,0.5217450738707612,0.32565345097929727,0
c6,C_hard_maze_dense,15,onlstm,onlstm,,0.0,144,1,2.6777437861268476,1.0065179604173429,2.660403382187584,119,119,192,623,33,1.0,2.059479918732194,0.021212002702481914,1.0976918623600616,0.5650208912415567,0.9229698478148822,0.015539011918008327,1.1296799182891846,0.5217450738707612,0.32565345097929727,0
c6,C_hard_maze_dense,15,onlstm,onlstm,,0.0,168,1,2.6777437861268476,1.0065179604173429,2.660403382187584,119,119,192,623,33,1.0,2.059479918732194,0.021212002702481914,1.0976918623600616,0.5650208912415567,0.9229698478148822,0.015539011918008327,1.1296799182891846,0.5217450738707612,0.32565345097929727,0
c6,C_hard_maze_dense,15,hrm,hrm,,0.0,128,0,nan,nan,2.660403382187584,128,128,192,623,33,1.0,2.4092089542363664,0.0004081698613574061,1.0563746464778605,0.607894537674668,0.9218067574532731,0.00035887674312107265,1.466418981552124,0.4791863719188072,0.3690647333037892,0
c6,C_hard_maze_dense,15,hrm,hrm,,0.0,144,1,2.724829304985139,1.024216599343134,2.660403382187584,134,134,192,623,33,1.0,2.4092089542363664,0.0004081698613574061,1.0563746464778605,0.607894537674668,0.9218067574532731,0.00035887674312107265,1.466418981552124,0.4791863719188072,0.3690647333037892,0
c6,C_hard_maze_dense,15,hrm,hrm,,0.0,168,1,2.724829304985139,1.024216599343134,2.660403382187584,134,134,192,623,33,1.0,2.4092089542363664,0.0004081698613574061,1.0563746464778605,0.607894537674668,0.9218067574532731,0.00035887674312107265,1.466418981552124,0.4791863719188072,0.3690647333037892,0
c6,C_hard_maze_dense,16,euclidean,,,0.0,128,0,nan,nan,2.688387761310852,128,128,192,612,32,1.0,1.0486528981840904,0.0,0.5829887607304142,0.24722793766038142,0.9506619103165777,0.0,1.0486528981840904,0.5829887607304142,0.24722793766038142,0
c6,C_hard_maze_dense,16,euclidean,,,0.0,144,0,nan,nan,2.688387761310852,144,144,192,612,32,1.0,1.0486528981840904,0.0,0.5829887607304142,0.24722793766038142,0.9506619103165777,0.0,1.0486528981840904,0.5829887607304142,0.24722793766038142,0
c6,C_hard_maze_dense,16,euclidean,,,0.0,168,1,2.6883877613108518,0.9999999999999999,2.688387761310852,150,150,192,612,32,1.0,1.0486528981840904,0.0,0.5829887607304142,0.24722793766038142,0.9506619103165777,0.0,1.0486528981840904,0.5829887607304142,0.24722793766038142,0
c6,C_hard_maze_dense,16,grid_oracle,,,0.0,128,1,2.69411234413191,1.0021293739331214,2.688387761310852,105,105,192,612,32,1.0,3.062674671169145,0.00921081983559699,1.3863433481201526,0.9810651804948541,0.9899187532213874,0.0,2.117148041922786,0.889100364036634,0.5398437436417101,0
c6,C_hard_maze_dense,16,grid_oracle,,,0.0,144,1,2.69411234413191,1.0021293739331214,2.688387761310852,105,105,192,612,32,1.0,3.062674671169145,0.00921081983559699,1.3863433481201526,0.9810651804948541,0.9899187532213874,0.0,2.117148041922786,0.889100364036634,0.5398437436417101,0
c6,C_hard_maze_dense,16,grid_oracle,,,0.0,168,1,2.69411234413191,1.0021293739331214,2.688387761310852,105,105,192,612,32,1.0,3.062674671169145,0.00921081983559699,1.3863433481201526,0.9810651804948541,0.9899187532213874,0.0,2.117148041922786,0.889100364036634,0.5398437436417101,0
c6,C_hard_maze_dense,16,unet,unet,,0.0,128,1,2.694897297373422,1.0024213531084503,2.688387761310852,126,126,192,612,32,1.0,2.47552914018625,0.046874873495917874,1.0853241765668533,0.6117288879324136,0.9393090632883923,0.019866416230797768,1.6459972858428955,0.49214290516283654,0.36776615723141964,0
c6,C_hard_maze_dense,16,unet,unet,,0.0,144,1,2.694897297373422,1.0024213531084503,2.688387761310852,126,126,192,612,32,1.0,2.47552914018625,0.046874873495917874,1.0853241765668533,0.6117288879324136,0.9393090632883923,0.019866416230797768,1.6459972858428955,0.49214290516283654,0.36776615723141964,0
c6,C_hard_maze_dense,16,unet,unet,,0.0,168,1,2.694897297373422,1.0024213531084503,2.688387761310852,126,126,192,612,32,1.0,2.47552914018625,0.046874873495917874,1.0853241765668533,0.6117288879324136,0.9393090632883923,0.019866416230797768,1.6459972858428955,0.49214290516283654,0.36776615723141964,0
c6,C_hard_maze_dense,16,onlstm,onlstm,,0.0,128,1,2.7313596768386152,1.0159842698833037,2.688387761310852,119,119,192,612,32,1.0,2.112262443352021,0.021369053440556583,1.1658202221268494,0.5954824443476957,0.958050755500095,0.017040878534317017,1.207758903503418,0.5533687060037664,0.3570242820242508,0
c6,C_hard_maze_dense,16,onlstm,onlstm,,0.0,144,1,2.7313596768386152,1.0159842698833037,2.688387761310852,119,119,192,612,32,1.0,2.112262443352021,0.021369053440556583,1.1658202221268494,0.5954824443476957,0.958050755500095,0.017040878534317017,1.207758903503418,0.5533687060037664,0.3570242820242508,0
c6,C_hard_maze_dense,16,onlstm,onlstm,,0.0,168,1,2.7313596768386152,1.0159842698833037,2.688387761310852,119,119,192,612,32,1.0,2.112262443352021,0.021369053440556583,1.1658202221268494,0.5954824443476957,0.958050755500095,0.017040878534317017,1.207758903503418,0.5533687060037664,0.3570242820242508,0
c6,C_hard_maze_dense,16,hrm,hrm,,0.0,128,1,2.6883877613108518,0.9999999999999999,2.688387761310852,119,119,192,612,32,1.0,2.3870421078942154,0.00043297864059182794,1.0866481406653703,0.6178572959352583,0.9528270216748503,0.0003796577802859247,1.4314484596252441,0.4792624743309588,0.36859588629925955,0
c6,C_hard_maze_dense,16,hrm,hrm,,0.0,144,1,2.6883877613108518,0.9999999999999999,2.688387761310852,119,119,192,612,32,1.0,2.3870421078942154,0.00043297864059182794,1.0866481406653703,0.6178572959352583,0.9528270216748503,0.0003796577802859247,1.4314484596252441,0.4792624743309588,0.36859588629925955,0
c6,C_hard_maze_dense,16,hrm,hrm,,0.0,168,1,2.6883877613108518,0.9999999999999999,2.688387761310852,119,119,192,612,32,1.0,2.3870421078942154,0.00043297864059182794,1.0866481406653703,0.6178572959352583,0.9528270216748503,0.0003796577802859247,1.4314484596252441,0.4792624743309588,0.36859588629925955,0
c6,C_hard_maze_dense,17,euclidean,,,0.0,128,0,nan,nan,2.7049011564462537,128,128,192,623,33,1.0,1.0257952469096532,0.0,0.5291077247130102,0.2473950560699032,0.9149621571765728,0.0,1.0257952469096532,0.5291077247130102,0.2473950560699032,0
c6,C_hard_maze_dense,17,euclidean,,,0.0,144,0,nan,nan,2.7049011564462537,144,144,192,623,33,1.0,1.0257952469096532,0.0,0.5291077247130102,0.2473950560699032,0.9149621571765728,0.0,1.0257952469096532,0.5291077247130102,0.2473950560699032,0
c6,C_hard_maze_dense,17,euclidean,,,0.0,168,1,2.704901156446254,1.0000000000000002,2.7049011564462537,147,147,192,623,33,1.0,1.0257952469096532,0.0,0.5291077247130102,0.2473950560699032,0.9149621571765728,0.0,1.0257952469096532,0.5291077247130102,0.2473950560699032,0
c6,C_hard_maze_dense,17,grid_oracle,,,0.0,128,1,2.7049274908710235,1.000009735817779,2.7049011564462537,97,97,192,623,33,1.0,2.852853655280421,0.005816673232624687,1.3047616416682346,0.8263257004971283,0.9712262295526681,0.0,2.8849939110435834,1.3133159527988683,0.839160871101816,0
c6,C_hard_maze_dense,17,grid_oracle,,,0.0,144,1,2.7049274908710235,1.000009735817779,2.7049011564462537,97,97,192,623,33,1.0,2.852853655280421,0.005816673232624687,1.3047616416682346,0.8263257004971283,0.9712262295526681,0.0,2.8849939110435834,1.3133159527988683,0.839160871101816,0
c6,C_hard_maze_dense,17,grid_oracle,,,0.0,168,1,2.7049274908710235,1.000009735817779,2.7049011564462537,97,97,192,623,33,1.0,2.852853655280421,0.005816673232624687,1.3047616416682346,0.8263257004971283,0.9712262295526681,0.0,2.8849939110435834,1.3133159527988683,0.839160871101816,0
c6,C_hard_maze_dense,17,unet,unet,,0.0,128,0,nan,nan,2.7049011564462537,128,128,192,623,33,1.0,2.301710625407533,0.06801625085362843,1.0128425903185785,0.5756269116446102,0.9175850446246915,0.025879940018057823,1.6249300241470337,0.4889504373518321,0.3525492054142005,0
c6,C_hard_maze_dense,17,unet,unet,,0.0,144,1,2.8108554827986674,1.0391712377732938,2.7049011564462537,142,142,192,623,33,1.0,2.301710625407533,0.06801625085362843,1.0128425903185785,0.5756269116446102,0.9175850446246915,0.025879940018057823,1.6249300241470337,0.4889504373518321,0.3525492054142005,0
c6,C_hard_maze_dense,17,unet,unet,,0.0,168,1,2.8108554827986674,1.0391712377732938,2.7049011564462537,142,142,192,623,33,1.0,2.301710625407533,0.06801625085362843,1.0128425903185785,0.5756269116446102,0.9175850446246915,0.025879940018057823,1.6249300241470337,0.4889504373518321,0.3525492054142005,0
c6,C_hard_maze_dense,17,onlstm,onlstm,,0.0,128,0,nan,nan,2.7049011564462537,128,128,192,623,33,1.0,1.998094324173283,0.012692586831855838,0.9886014984421035,0.5807231393996707,0.9296601605946343,0.009444775059819221,1.1065536737442017,0.4604939265111625,0.33779032182808144,0
c6,C_hard_maze_dense,17,onlstm,onlstm,,0.0,144,1,2.7363789992307543,1.0116373356969008,2.7049011564462537,136,136,192,623,33,1.0,1.998094324173283,0.012692586831855838,0.9886014984421035,0.5807231393996707,0.9296601605946343,0.009444775059819221,1.1065536737442017,0.4604939265111625,0.33779032182808144,0
c6,C_hard_maze_dense,17,onlstm,onlstm,,0.0,168,1,2.7363789992307543,1.0116373356969008,2.7049011564462537,136,136,192,623,33,1.0,1.998094324173283,0.012692586831855838,0.9886014984421035,0.5807231393996707,0.9296601605946343,0.009444775059819221,1.1065536737442017,0.4604939265111625,0.33779032182808144,0
c6,C_hard_maze_dense,17,hrm,hrm,,0.0,128,1,2.76374281758047,1.0217537195375832,2.7049011564462537,128,128,192,623,33,1.0,2.3610017689116405,0.0005991013883376746,1.0108769382169445,0.6064452273323004,0.9210505791715271,0.0004342560132499784,1.5193753242492676,0.4761487512679352,0.37196469450901753,0
c6,C_hard_maze_dense,17,hrm,hrm,,0.0,144,1,2.76374281758047,1.0217537195375832,2.7049011564462537,128,128,192,623,33,1.0,2.3610017689116405,0.0005991013883376746,1.0108769382169445,0.6064452273323004,0.9210505791715271,0.0004342560132499784,1.5193753242492676,0.4761487512679352,0.37196469450901753,0
c6,C_hard_maze_dense,17,hrm,hrm,,0.0,168,1,2.76374281758047,1.0217537195375832,2.7049011564462537,128,128,192,623,33,1.0,2.3610017689116405,0.0005991013883376746,1.0108769382169445,0.6064452273323004,0.9210505791715271,0.0004342560132499784,1.5193753242492676,0.4761487512679352,0.37196469450901753,0
c6,C_hard_maze_dense,18,euclidean,,,0.0,128,1,2.25850542498396,0.9999999999999998,2.2585054249839605,126,126,192,649,30,1.0,1.0115622122431582,0.0,0.5156262387580091,0.24886222114286208,0.9144772536147358,0.0,1.0115622122431582,0.5156262387580091,0.24886222114286208,0
c6,C_hard_maze_dense,18,euclidean,,,0.0,144,1,2.25850542498396,0.9999999999999998,2.2585054249839605,126,126,192,649,30,1.0,1.0115622122431582,0.0,0.5156262387580091,0.24886222114286208,0.9144772536147358,0.0,1.0115622122431582,0.5156262387580091,0.24886222114286208,0
c6,C_hard_maze_dense,18,euclidean,,,0.0,168,1,2.25850542498396,0.9999999999999998,2.2585054249839605,126,126,192,649,30,1.0,1.0115622122431582,0.0,0.5156262387580091,0.24886222114286208,0.9144772536147358,0.0,1.0115622122431582,0.5156262387580091,0.24886222114286208,0
c6,C_hard_maze_dense,18,grid_oracle,,,0.0,128,1,2.264786999728023,1.002781297168727,2.2585054249839605,71,71,192,649,30,1.0,3.1967011878881877,0.004536842291201726,1.3725814391532654,0.9724694008315287,0.9866973659224699,0.0,2.2265230419227855,1.0625877898741514,0.6318813980803982,0
c6,C_hard_maze_dense,18,grid_oracle,,,0.0,144,1,2.264786999728023,1.002781297168727,2.2585054249839605,71,71,192,649,30,1.0,3.1967011878881877,0.004536842291201726,1.3725814391532654,0.9724694008315287,0.9866973659224699,0.0,2.2265230419227855,1.0625877898741514,0.6318813980803982,0
c6,C_hard_maze_dense,18,grid_oracle,,,0.0,168,1,2.264786999728023,1.002781297168727,2.2585054249839605,71,71,192,649,30,1.0,3.1967011878881877,0.004536842291201726,1.3725814391532654,0.9724694008315287,0.9866973659224699,0.0,2.2265230419227855,1.0625877898741514,0.6318813980803982,0
c6,C_hard_maze_dense,18,unet,unet,,0.0,128,1,2.282617227170546,1.0106759992337662,2.2585054249839605,109,109,192,649,30,1.0,2.394508341670148,0.07692753960479086,0.9912844016798056,0.5815988654377868,0.9370439193771534,0.024082031100988388,1.457472562789917,0.5139497175505312,0.3584353438411565,0
c6,C_hard_maze_dense,18,unet,unet,,0.0,144,1,2.282617227170546,1.0106759992337662,2.2585054249839605,109,109,192,649,30,1.0,2.394508341670148,0.07692753960479086,0.9912844016798056,0.5815988654377868,0.9370439193771534,0.024082031100988388,1.457472562789917,0.5139497175505312,0.3584353438411565,0
c6,C_hard_maze_dense,18,unet,unet,,0.0,168,1,2.282617227170546,1.0106759992337662,2.2585054249839605,109,109,192,649,30,1.0,2.394508341670148,0.07692753960479086,0.9912844016798056,0.5815988654377868,0.9370439193771534,0.024082031100988388,1.457472562789917,0.5139497175505312,0.3584353438411565,0
c6,C_hard_maze_dense,18,onlstm,onlstm,,0.0,128,1,2.3086903691478713,1.0222204222353228,2.2585054249839605,119,119,192,649,30,1.0,2.1612364848234678,0.015076932192458101,0.975493414720578,0.6026033536385124,0.9329239345685376,0.011674501933157444,1.1984150409698486,0.49282076784515993,0.3707804847588209,0
c6,C_hard_maze_dense,18,onlstm,onlstm,,0.0,144,1,2.3086903691478713,1.0222204222353228,2.2585054249839605,119,119,192,649,30,1.0,2.1612364848234678,0.015076932192458101,0.975493414720578,0.6026033536385124,0.9329239345685376,0.011674501933157444,1.1984150409698486,0.49282076784515993,0.3707804847588209,0
c6,C_hard_maze_dense,18,onlstm,onlstm,,0.0,168,1,2.3086903691478713,1.0222204222353228,2.2585054249839605,119,119,192,649,30,1.0,2.1612364848234678,0.015076932192458101,0.975493414720578,0.6026033536385124,0.9329239345685376,0.011674501933157444,1.1984150409698486,0.49282076784515993,0.3707804847588209,0
c6,C_hard_maze_dense,18,hrm,hrm,,0.0,128,1,2.3008374108293097,1.0187433624808095,2.2585054249839605,102,102,192,649,30,1.0,2.380616459370132,0.0007566140210771311,0.9566357773483057,0.6046837962757627,0.9268083851015925,0.0005594156682491302,1.4222947359085083,0.45649010640717336,0.3648680814909261,0
c6,C_hard_maze_dense,18,hrm,hrm,,0.0,144,1,2.3008374108293097,1.0187433624808095,2.2585054249839605,102,102,192,649,30,1.0,2.380616459370132,0.0007566140210771311,0.9566357773483057,0.6046837962757627,0.9268083851015925,0.0005594156682491302,1.4222947359085083,0.45649010640717336,0.3648680814909261,0
c6,C_hard_maze_dense,18,hrm,hrm,,0.0,168,1,2.3008374108293097,1.0187433624808095,2.2585054249839605,102,102,192,649,30,1.0,2.380616459370132,0.0007566140210771311,0.9566357773483057,0.6046837962757627,0.9268083851015925,0.0005594156682491302,1.4222947359085083,0.45649010640717336,0.3648680814909261,0
c6,C_hard_maze_dense,19,euclidean,,,0.0,128,0,nan,nan,2.3936869081346126,128,128,192,643,32,1.0,0.9960917245243257,0.0,0.5220289243967519,0.24898305278673302,0.9497327944008899,0.0,0.9960917245243257,0.5220289243967519,0.24898305278673302,0
c6,C_hard_maze_dense,19,euclidean,,,0.0,144,1,2.3936869081346126,1.0,2.3936869081346126,140,140,192,643,32,1.0,0.9960917245243257,0.0,0.5220289243967519,0.24898305278673302,0.9497327944008899,0.0,0.9960917245243257,0.5220289243967519,0.24898305278673302,0
c6,C_hard_maze_dense,19,euclidean,,,0.0,168,1,2.3936869081346126,1.0,2.3936869081346126,140,140,192,643,32,1.0,0.9960917245243257,0.0,0.5220289243967519,0.24898305278673302,0.9497327944008899,0.0,0.9960917245243257,0.5220289243967519,0.24898305278673302,0
c6,C_hard_maze_dense,19,grid_oracle,,,0.0,128,1,2.3936869081346126,1.0,2.3936869081346126,59,59,192,643,32,1.0,2.7311782534697864,0.0033257652849951512,1.288195348837487,0.775041675792899,0.9958003282424113,0.0,2.757313084867742,1.2744298836762773,0.7575492810521091,0
c6,C_hard_maze_dense,19,grid_oracle,,,0.0,144,1,2.3936869081346126,1.0,2.3936869081346126,59,59,192,643,32,1.0,2.7311782534697864,0.0033257652849951512,1.288195348837487,0.775041675792899,0.9958003282424113,0.0,2.757313084867742,1.2744298836762773,0.7575492810521091,0
c6,C_hard_maze_dense,19,grid_oracle,,,0.0,168,1,2.3936869081346126,1.0,2.3936869081346126,59,59,192,643,32,1.0,2.7311782534697864,0.0033257652849951512,1.288195348837487,0.775041675792899,0.9958003282424113,0.0,2.757313084867742,1.2744298836762773,0.7575492810521091,0
c6,C_hard_maze_dense,19,unet,unet,,0.0,128,0,nan,nan,2.3936869081346126,128,128,192,643,32,1.0,2.162016828007237,0.036231864990942664,0.9931426323284246,0.5703022244552457,0.9474235683476658,0.01685400679707527,1.3186008930206299,0.4754684484341851,0.3280836543184925,0
c6,C_hard_maze_dense,19,unet,unet,,0.0,144,1,2.422675066461524,1.0121102547824443,2.3936869081346126,136,136,192,643,32,1.0,2.162016828007237,0.036231864990942664,0.9931426323284246,0.5703022244552457,0.9474235683476658,0.01685400679707527,1.3186008930206299,0.4754684484341851,0.3280836543184925,0
c6,C_hard_maze_dense,19,unet,unet,,0.0,168,1,2.422675066461524,1.0121102547824443,2.3936869081346126,136,136,192,643,32,1.0,2.162016828007237,0.036231864990942664,0.9931426323284246,0.5703022244552457,0.9474235683476658,0.01685400679707527,1.3186008930206299,0.4754684484341851,0.3280836543184925,0
c6,C_hard_maze_dense,19,onlstm,onlstm,,0.0,128,1,2.4155822127758926,1.009147104647175,2.3936869081346126,125,125,192,643,32,1.0,1.9914849004578086,0.020299603091741735,0.9968909472131825,0.5636011105465091,0.9616010633969022,0.01618429832160473,1.0855789184570312,0.4696327503179418,0.31696762499392556,0
c6,C_hard_maze_dense,19,onlstm,onlstm,,0.0,144,1,2.4155822127758926,1.009147104647175,2.3936869081346126,125,125,192,643,32,1.0,1.9914849004578086,0.020299603091741735,0.9968909472131825,0.5636011105465091,0.9616010633969022,0.01618429832160473,1.0855789184570312,0.4696327503179418,0.31696762499392556,0
c6,C_hard_maze_dense,19,onlstm,onlstm,,0.0,168,1,2.4155822127758926,1.009147104647175,2.3936869081346126,125,125,192,643,32,1.0,1.9914849004578086,0.020299603091741735,0.9968909472131825,0.5636011105465091,0.9616010633969022,0.01618429832160473,1.0855789184570312,0.4696327503179418,0.31696762499392556,0
c6,C_hard_maze_dense,19,hrm,hrm,,0.0,128,1,2.4155822127758926,1.009147104647175,2.3936869081346126,128,128,192,643,32,1.0,2.374998967116026,0.0005377607705909167,1.0080574074618271,0.624220509586583,0.9555668963459296,0.0004385898064356297,1.4636236429214478,0.47564252226190007,0.3781269596305148,0
c6,C_hard_maze_dense,19,hrm,hrm,,0.0,144,1,2.4155822127758926,1.009147104647175,2.3936869081346126,128,128,192,643,32,1.0,2.374998967116026,0.0005377607705909167,1.0080574074618271,0.624220509586583,0.9555668963459296,0.0004385898064356297,1.4636236429214478,0.47564252226190007,0.3781269596305148,0
c6,C_hard_maze_dense,19,hrm,hrm,,0.0,168,1,2.4155822127758926,1.009147104647175,2.3936869081346126,128,128,192,643,32,1.0,2.374998967116026,0.0005377607705909167,1.0080574074618271,0.624220509586583,0.9555668963459296,0.0004385898064356297,1.4636236429214478,0.47564252226190007,0.3781269596305148,0
c6,C_hard_maze_dense,20,euclidean,,,0.0,128,0,nan,nan,2.539923100743557,128,128,192,625,32,1.0,0.9575202832188401,0.0,0.4896124404470528,0.22397144111285147,0.9096027859913736,0.0,0.9575202832188401,0.4896124404470528,0.22397144111285147,0
c6,C_hard_maze_dense,20,euclidean,,,0.0,144,0,nan,nan,2.539923100743557,144,144,192,625,32,1.0,0.9575202832188401,0.0,0.4896124404470528,0.22397144111285147,0.9096027859913736,0.0,0.9575202832188401,0.4896124404470528,0.22397144111285147,0
c6,C_hard_maze_dense,20,euclidean,,,0.0,168,1,2.5399231007435574,1.0000000000000002,2.539923100743557,153,153,192,625,32,1.0,0.9575202832188401,0.0,0.4896124404470528,0.22397144111285147,0.9096027859913736,0.0,0.9575202832188401,0.4896124404470528,0.22397144111285147,0
c6,C_hard_maze_dense,20,grid_oracle,,,0.0,128,1,2.5406258478420263,1.0002766804625949,2.539923100743557,77,77,192,625,32,1.0,2.7548558937249883,0.013057874948038763,1.300307164073282,0.7730825395181257,0.9632965303963325,0.0,2.809549737219424,1.3321445638820133,0.8116743830457066,0
c6,C_hard_maze_dense,20,grid_oracle,,,0.0,144,1,2.5406258478420263,1.0002766804625949,2.539923100743557,77,77,192,625,32,1.0,2.7548558937249883,0.013057874948038763,1.300307164073282,0.7730825395181257,0.9632965303963325,0.0,2.809549737219424,1.3321445638820133,0.8116743830457066,0
c6,C_hard_maze_dense,20,grid_oracle,,,0.0,168,1,2.5406258478420263,1.0002766804625949,2.539923100743557,77,77,192,625,32,1.0,2.7548558937249883,0.013057874948038763,1.300307164073282,0.7730825395181257,0.9632965303963325,0.0,2.809549737219424,1.3321445638820133,0.8116743830457066,0
c6,C_hard_maze_dense,20,unet,unet,,0.0,128,0,nan,nan,2.539923100743557,128,128,192,625,32,1.0,2.192496729450145,0.04977890909261988,0.9624644688608116,0.5304813028757717,0.910825217697963,0.022746840491890907,1.429232120513916,0.49523135570052546,0.34931152002640414,0
c6,C_hard_maze_dense,20,unet,unet,,0.0,144,0,nan,nan,2.539923100743557,144,144,192,625,32,1.0,2.192496729450145,0.04977890909261988,0.9624644688608116,0.5304813028757717,0.910825217697963,0.022746840491890907,1.429232120513916,0.49523135570052546,0.34931152002640414,0
c6,C_hard_maze_dense,20,unet,unet,,0.0,168,1,2.552644160003023,1.0050084426791277,2.539923100743557,147,147,192,625,32,1.0,2.192496729450145,0.04977890909261988,0.9624644688608116,0.5304813028757717,0.910825217697963,0.022746840491890907,1.429232120513916,0.49523135570052546,0.34931152002640414,0
c6,C_hard_maze_dense,20,onlstm,onlstm,,0.0,128,0,nan,nan,2.539923100743557,128,128,192,625,32,1.0,1.9232926895513005,0.017983906886441834,0.896056747333784,0.5336321686479263,0.9200197352358735,0.012208206579089165,1.1078908443450928,0.42344602965545164,0.32382166599684714,0
c6,C_hard_maze_dense,20,onlstm,onlstm,,0.0,144,0,nan,nan,2.539923100743557,144,144,192,625,32,1.0,1.9232926895513005,0.017983906886441834,0.896056747333784,0.5336321686479263,0.9200197352358735,0.012208206579089165,1.1078908443450928,0.42344602965545164,0.32382166599684714,0
c6,C_hard_maze_dense,20,onlstm,onlstm,,0.0,168,1,2.603570626087911,1.0250588395080626,2.539923100743557,148,148,192,625,32,1.0,1.9232926895513005,0.017983906886441834,0.896056747333784,0.5336321686479263,0.9200197352358735,0.012208206579089165,1.1078908443450928,0.42344602965545164,0.32382166599684714,0
c6,C_hard_maze_dense,20,hrm,hrm,,0.0,128,0,nan,nan,2.539923100743557,128,128,192,625,32,1.0,2.2698411517673143,0.0009347834711234802,0.9449934630363915,0.5623040891531198,0.9153436372514446,0.0005625968333333731,1.5008435249328613,0.47339524706301006,0.3754925977856004,0
c6,C_hard_maze_dense,20,hrm,hrm,,0.0,144,0,nan,nan,2.539923100743557,144,144,192,625,32,1.0,2.2698411517673143,0.0009347834711234802,0.9449934630363915,0.5623040891531198,0.9153436372514446,0.0005625968333333731,1.5008435249328613,0.47339524706301006,0.3754925977856004,0
c6,C_hard_maze_dense,20,hrm,hrm,,0.0,168,1,2.609718852543841,1.0274794743903275,2.539923100743557,145,145,192,625,32,1.0,2.2698411517673143,0.0009347834711234802,0.9449934630363915,0.5623040891531198,0.9153436372514446,0.0005625968333333731,1.5008435249328613,0.47339524706301006,0.3754925977856004,0
c6,C_hard_maze_dense,21,euclidean,,,0.0,128,0,nan,nan,2.0718881933967124,128,128,192,627,39,1.0,1.081115997924266,0.0,0.5286964662087815,0.2690847639008049,0.9211760437294849,0.0,1.081115997924266,0.5286964662087815,0.2690847639008049,0
c6,C_hard_maze_dense,21,euclidean,,,0.0,144,1,2.0718881933967133,1.0000000000000004,2.0718881933967124,143,143,192,627,39,1.0,1.081115997924266,0.0,0.5286964662087815,0.2690847639008049,0.9211760437294849,0.0,1.081115997924266,0.5286964662087815,0.2690847639008049,0
c6,C_hard_maze_dense,21,euclidean,,,0.0,168,1,2.0718881933967133,1.0000000000000004,2.0718881933967124,143,143,192,627,39,1.0,1.081115997924266,0.0,0.5286964662087815,0.2690847639008049,0.9211760437294849,0.0,1.081115997924266,0.5286964662087815,0.2690847639008049,0
c6,C_hard_maze_dense,21,grid_oracle,,,0.0,128,1,2.0718881933967133,1.0000000000000004,2.0718881933967124,70,70,192,627,39,1.0,2.4612737942490566,0.007947024668750666,1.0900821580115483,0.685345078698925,0.9666111683802187,0.0,2.4733822586919,1.1639915889616963,0.6729244411022663,0
c6,C_hard_maze_dense,21,grid_oracle,,,0.0,144,1,2.0718881933967133,1.0000000000000004,2.0718881933967124,70,70,192,627,39,1.0,2.4612737942490566,0.007947024668750666,1.0900821580115483,0.685345078698925,0.9666111683802187,0.0,2.4733822586919,1.1639915889616963,0.6729244411022663,0
c6,C_hard_maze_dense,21,grid_oracle,,,0.0,168,1,2.0718881933967133,1.0000000000000004,2.0718881933967124,70,70,192,627,39,1.0,2.4612737942490566,0.007947024668750666,1.0900821580115483,0.685345078698925,0.9666111683802187,0.0,2.4733822586919,1.1639915889616963,0.6729244411022663,0
c6,C_hard_maze_dense,21,unet,unet,,0.0,128,1,2.1430280659049092,1.0343357680858098,2.0718881933967124,99,99,192,627,39,1.0,2.3639478738425153,0.06266885722901909,1.0187366438112482,0.6148635492335783,0.933925955565201,0.02139218896627426,1.6014710664749146,0.5121122752484553,0.3572088398092064,0
c6,C_hard_maze_dense,21,unet,unet,,0.0,144,1,2.1430280659049092,1.0343357680858098,2.0718881933967124,99,99,192,627,39,1.0,2.3639478738425153,0.06266885722901909,1.0187366438112482,0.6148635492335783,0.933925955565201,0.02139218896627426,1.6014710664749146,0.5121122752484553,0.3572088398092064,0
c6,C_hard_maze_dense,21,unet,unet,,0.0,168,1,2.1430280659049092,1.0343357680858098,2.0718881933967124,99,99,192,627,39,1.0,2.3639478738425153,0.06266885722901909,1.0187366438112482,0.6148635492335783,0.933925955565201,0.02139218896627426,1.6014710664749146,0.5121122752484553,0.3572088398092064,0
c6,C_hard_maze_dense,21,onlstm,onlstm,,0.0,128,1,2.1664760668361414,1.0456529815367879,2.0718881933967124,112,112,192,627,39,1.0,2.0127820922254696,0.029971556562988895,1.0056125736148773,0.611669420116655,0.9347821663999133,0.018472619354724884,1.0892244577407837,0.5067020377277913,0.3389377641270082,0
c6,C_hard_maze_dense,21,onlstm,onlstm,,0.0,144,1,2.1664760668361414,1.0456529815367879,2.0718881933967124,112,112,192,627,39,1.0,2.0127820922254696,0.029971556562988895,1.0056125736148773,0.611669420116655,0.9347821663999133,0.018472619354724884,1.0892244577407837,0.5067020377277913,0.3389377641270082,0
c6,C_hard_maze_dense,21,onlstm,onlstm,,0.0,168,1,2.1664760668361414,1.0456529815367879,2.0718881933967124,112,112,192,627,39,1.0,2.0127820922254696,0.029971556562988895,1.0056125736148773,0.611669420116655,0.9347821663999133,0.018472619354724884,1.0892244577407837,0.5067020377277913,0.3389377641270082,0
c6,C_hard_maze_dense,21,hrm,hrm,,0.0,128,1,2.1355074259047573,1.0307059197068669,2.0718881933967124,99,99,192,627,39,1.0,2.385259425710271,0.0007836649763311955,0.9966996095165112,0.6336185699076118,0.9311538670211323,0.0006134963477961719,1.513271689414978,0.4881924521576053,0.3747909482709753,0
c6,C_hard_maze_dense,21,hrm,hrm,,0.0,144,1,2.1355074259047573,1.0307059197068669,2.0718881933967124,99,99,192,627,39,1.0,2.385259425710271,0.0007836649763311955,0.9966996095165112,0.6336185699076118,0.9311538670211323,0.0006134963477961719,1.513271689414978,0.4881924521576053,0.3747909482709753,0
c6,C_hard_maze_dense,21,hrm,hrm,,0.0,168,1,2.1355074259047573,1.0307059197068669,2.0718881933967124,99,99,192,627,39,1.0,2.385259425710271,0.0007836649763311955,0.9966996095165112,0.6336185699076118,0.9311538670211323,0.0006134963477961719,1.513271689414978,0.4881924521576053,0.3747909482709753,0
c6,C_hard_maze_dense,22,euclidean,,,0.0,128,0,nan,nan,2.7783266853998767,128,128,192,640,30,1.0,1.019787868550115,0.0,0.5360060232414544,0.258060841531091,0.9150587987955403,0.0,1.019787868550115,0.5360060232414544,0.258060841531091,0
c6,C_hard_maze_dense,22,euclidean,,,0.0,144,0,nan,nan,2.7783266853998767,144,144,192,640,30,1.0,1.019787868550115,0.0,0.5360060232414544,0.258060841531091,0.9150587987955403,0.0,1.019787868550115,0.5360060232414544,0.258060841531091,0
c6,C_hard_maze_dense,22,euclidean,,,0.0,168,1,2.7783266853998785,1.0000000000000007,2.7783266853998767,158,158,192,640,30,1.0,1.019787868550115,0.0,0.5360060232414544,0.258060841531091,0.9150587987955403,0.0,1.019787868550115,0.5360060232414544,0.258060841531091,0
c6,C_hard_maze_dense,22,grid_oracle,,,0.0,128,1,2.7807808659538913,1.0008833304473916,2.7783266853998767,97,97,192,640,30,1.0,3.086213200769896,0.009179618769942208,1.528526653440182,0.9002050001005945,0.9952221739956055,0.0,3.131202650307344,1.4831798561810736,0.8975930757157126,0
c6,C_hard_maze_dense,22,grid_oracle,,,0.0,144,1,2.7807808659538913,1.0008833304473916,2.7783266853998767,97,97,192,640,30,1.0,3.086213200769896,0.009179618769942208,1.528526653440182,0.9002050001005945,0.9952221739956055,0.0,3.131202650307344,1.4831798561810736,0.8975930757157126,0
c6,C_hard_maze_dense,22,grid_oracle,,,0.0,168,1,2.7807808659538913,1.0008833304473916,2.7783266853998767,97,97,192,640,30,1.0,3.086213200769896,0.009179618769942208,1.528526653440182,0.9002050001005945,0.9952221739956055,0.0,3.131202650307344,1.4831798561810736,0.8975930757157126,0
c6,C_hard_maze_dense,22,unet,unet,,0.0,128,0,nan,nan,2.7783266853998767,128,128,192,640,30,1.0,2.215677172538518,0.04077308925423157,1.0180886955169364,0.5849835467773844,0.9323169573827416,0.018060805276036263,1.2554757595062256,0.4673251453245939,0.3206693577158984,0
c6,C_hard_maze_dense,22,unet,unet,,0.0,144,0,nan,nan,2.7783266853998767,144,144,192,640,30,1.0,2.215677172538518,0.04077308925423157,1.0180886955169364,0.5849835467773844,0.9323169573827416,0.018060805276036263,1.2554757595062256,0.4673251453245939,0.3206693577158984,0
c6,C_hard_maze_dense,22,unet,unet,,0.0,168,1,2.9172361124450235,1.049997513890327,2.7783266853998767,155,155,192,640,30,1.0,2.215677172538518,0.04077308925423157,1.0180886955169364,0.5849835467773844,0.9323169573827416,0.018060805276036263,1.2554757595062256,0.4673251453245939,0.3206693577158984,0
c6,C_hard_maze_dense,22,onlstm,onlstm,,0.0,128,0,nan,nan,2.7783266853998767,128,128,192,640,30,1.0,2.0502768142276113,0.020016228833329406,1.0313330188162062,0.5907528918472921,0.9402313973360824,0.013101871125400066,1.0933939218521118,0.47037741776830444,0.3181043950727248,0
c6,C_hard_maze_dense,22,onlstm,onlstm,,0.0,144,0,nan,nan,2.7783266853998767,144,144,192,640,30,1.0,2.0502768142276113,0.020016228833329406,1.0313330188162062,0.5907528918472921,0.9402313973360824,0.013101871125400066,1.0933939218521118,0.47037741776830444,0.3181043950727248,0
c6,C_hard_maze_dense,22,onlstm,onlstm,,0.0,168,1,2.780453370397154,1.0007654553398824,2.7783266853998767,153,153,192,640,30,1.0,2.0502768142276113,0.020016228833329406,1.0313330188162062,0.5907528918472921,0.9402313973360824,0.013101871125400066,1.0933939218521118,0.47037741776830444,0.3181043950727248,0
c6,C_hard_maze_dense,22,hrm,hrm,,0.0,128,0,nan,nan,2.7783266853998767,128,128,192,640,30,1.0,2.4039622785018895,0.0006526704923606006,1.0312269357780053,0.6595661192482148,0.9404602853810055,0.0004424173093866557,1.463653802871704,0.46586275445502423,0.3814121072254366,0
c6,C_hard_maze_dense,22,hrm,hrm,,0.0,144,0,nan,nan,2.7783266853998767,144,144,192,640,30,1.0,2.4039622785018895,0.0006526704923606006,1.0312269357780053,0.6595661192482148,0.9404602853810055,0.0004424173093866557,1.463653802871704,0.46586275445502423,0.3814121072254366,0
c6,C_hard_maze_dense,22,hrm,hrm,,0.0,168,1,2.9172361124450235,1.049997513890327,2.7783266853998767,154,154,192,640,30,1.0,2.4039622785018895,0.0006526704923606006,1.0312269357780053,0.6595661192482148,0.9404602853810055,0.0004424173093866557,1.463653802871704,0.46586275445502423,0.3814121072254366,0
c6,C_hard_maze_dense,23,euclidean,,,0.0,128,0,nan,nan,2.27616111994759,128,128,192,639,32,1.0,1.0476167860553565,0.0,0.575653942144203,0.24679990614265607,0.9045825082060603,0.0,1.0476167860553565,0.575653942144203,0.24679990614265607,0
c6,C_hard_maze_dense,23,euclidean,,,0.0,144,0,nan,nan,2.27616111994759,144,144,192,639,32,1.0,1.0476167860553565,0.0,0.575653942144203,0.24679990614265607,0.9045825082060603,0.0,1.0476167860553565,0.575653942144203,0.24679990614265607,0
c6,C_hard_maze_dense,23,euclidean,,,0.0,168,1,2.276161119947591,1.0000000000000004,2.27616111994759,149,149,192,639,32,1.0,1.0476167860553565,0.0,0.575653942144203,0.24679990614265607,0.9045825082060603,0.0,1.0476167860553565,0.575653942144203,0.24679990614265607,0
c6,C_hard_maze_dense,23,grid_oracle,,,0.0,128,1,2.277787017729348,1.0007143157694371,2.27616111994759,97,97,192,639,32,1.0,3.5858361110830823,0.006807256505791008,1.244976331622034,0.716160257555009,0.9730980251200393,0.0,2.6231601717798205,1.1787651097514038,0.7050805659925855,0
c6,C_hard_maze_dense,23,grid_oracle,,,0.0,144,1,2.277787017729348,1.0007143157694371,2.27616111994759,97,97,192,639,32,1.0,3.5858361110830823,0.006807256505791008,1.244976331622034,0.716160257555009,0.9730980251200393,0.0,2.6231601717798205,1.1787651097514038,0.7050805659925855,0
c6,C_hard_maze_dense,23,grid_oracle,,,0.0,168,1,2.277787017729348,1.0007143157694371,2.27616111994759,97,97,192,639,32,1.0,3.5858361110830823,0.006807256505791008,1.244976331622034,0.716160257555009,0.9730980251200393,0.0,2.6231601717798205,1.1787651097514038,0.7050805659925855,0
c6,C_hard_maze_dense,23,unet,unet,,0.0,128,1,2.2851541034032445,1.003950943268841,2.27616111994759,122,122,192,639,32,1.0,2.380221311624622,0.06329819926426355,1.090821601382031,0.5783640266000266,0.8963628841928222,0.024483831599354744,1.4883075952529907,0.49256769280509616,0.3566627204800722,0
c6,C_hard_maze_dense,23,unet,unet,,0.0,144,1,2.2851541034032445,1.003950943268841,2.27616111994759,122,122,192,639,32,1.0,2.380221311624622,0.06329819926426355,1.090821601382031,0.5783640266000266,0.8963628841928222,0.024483831599354744,1.4883075952529907,0.49256769280509616,0.3566627204800722,0
c6,C_hard_maze_dense,23,unet,unet,,0.0,168,1,2.2851541034032445,1.003950943268841,2.27616111994759,122,122,192,639,32,1.0,2.380221311624622,0.06329819926426355,1.090821601382031,0.5783640266000266,0.8963628841928222,0.024483831599354744,1.4883075952529907,0.49256769280509616,0.3566627204800722,0
c6,C_hard_maze_dense,23,onlstm,onlstm,,0.0,128,0,nan,nan,2.27616111994759,128,128,192,639,32,1.0,2.098111893840455,0.0252042459613738,1.0921839795072155,0.5838612869618657,0.9032278300735155,0.011580616235733032,1.1297823190689087,0.48958518451672717,0.34368171775863116,0
c6,C_hard_maze_dense,23,onlstm,onlstm,,0.0,144,1,2.276161119947591,1.0000000000000004,2.27616111994759,129,129,192,639,32,1.0,2.098111893840455,0.0252042459613738,1.0921839795072155,0.5838612869618657,0.9032278300735155,0.011580616235733032,1.1297823190689087,0.48958518451672717,0.34368171775863116,0
c6,C_hard_maze_dense,23,onlstm,onlstm,,0.0,168,1,2.276161119947591,1.0000000000000004,2.27616111994759,129,129,192,639,32,1.0,2.098111893840455,0.0252042459613738,1.0921839795072155,0.5838612869618657,0.9032278300735155,0.011580616235733032,1.1297823190689087,0.48958518451672717,0.34368171775863116,0
c6,C_hard_maze_dense,23,hrm,hrm,,0.0,128,1,2.2977361966503747,1.0094787124310785,2.27616111994759,122,122,192,639,32,1.0,2.4037989360655225,0.0008757262408491708,1.0903538577165885,0.5948838928223582,0.9055963974717197,0.00056526466505602,1.4560918807983398,0.49017465264286386,0.3661697904616818,0
c6,C_hard_maze_dense,23,hrm,hrm,,0.0,144,1,2.2977361966503747,1.0094787124310785,2.27616111994759,122,122,192,639,32,1.0,2.4037989360655225,0.0008757262408491708,1.0903538577165885,0.5948838928223582,0.9055963974717197,0.00056526466505602,1.4560918807983398,0.49017465264286386,0.3661697904616818,0
c6,C_hard_maze_dense,23,hrm,hrm,,0.0,168,1,2.2977361966503747,1.0094787124310785,2.27616111994759,122,122,192,639,32,1.0,2.4037989360655225,0.0008757262408491708,1.0903538577165885,0.5948838928223582,0.9055963974717197,0.00056526466505602,1.4560918807983398,0.49017465264286386,0.3661697904616818,0
c6,C_hard_maze_dense,24,euclidean,,,0.0,128,0,nan,nan,2.7285595375700713,128,128,192,649,35,1.0,0.9776614628742383,0.0,0.5004357990523917,0.24530018304416654,0.8525774489325342,0.0,0.9776614628742383,0.5004357990523917,0.24530018304416654,0
c6,C_hard_maze_dense,24,euclidean,,,0.0,144,0,nan,nan,2.7285595375700713,144,144,192,649,35,1.0,0.9776614628742383,0.0,0.5004357990523917,0.24530018304416654,0.8525774489325342,0.0,0.9776614628742383,0.5004357990523917,0.24530018304416654,0
c6,C_hard_maze_dense,24,euclidean,,,0.0,168,1,2.728559537570071,0.9999999999999999,2.7285595375700713,154,154,192,649,35,1.0,0.9776614628742383,0.0,0.5004357990523917,0.24530018304416654,0.8525774489325342,0.0,0.9776614628742383,0.5004357990523917,0.24530018304416654,0
c6,C_hard_maze_dense,24,grid_oracle,,,0.0,128,1,2.7286834304068246,1.000045405949567,2.7285595375700713,118,118,192,649,35,1.0,2.760492942319289,0.007944612402522217,1.2747020410888545,0.7894981342476693,0.9794475490329058,0.0,2.795035171779822,1.2911449712081609,0.7711867466948329,0
c6,C_hard_maze_dense,24,grid_oracle,,,0.0,144,1,2.7286834304068246,1.000045405949567,2.7285595375700713,118,118,192,649,35,1.0,2.760492942319289,0.007944612402522217,1.2747020410888545,0.7894981342476693,0.9794475490329058,0.0,2.795035171779822,1.2911449712081609,0.7711867466948329,0
c6,C_hard_maze_dense,24,grid_oracle,,,0.0,168,1,2.7286834304068246,1.000045405949567,2.7285595375700713,118,118,192,649,35,1.0,2.760492942319289,0.007944612402522217,1.2747020410888545,0.7894981342476693,0.9794475490329058,0.0,2.795035171779822,1.2911449712081609,0.7711867466948329,0
c6,C_hard_maze_dense,24,unet,unet,,0.0,128,0,nan,nan,2.7285595375700713,128,128,192,649,35,1.0,2.178605821759482,0.04613118786755177,0.9724684644406137,0.5724620773152007,0.9356332908336275,0.021877937018871307,1.495816946029663,0.5033551826772964,0.35330559274661427,0
c6,C_hard_maze_dense,24,unet,unet,,0.0,144,0,nan,nan,2.7285595375700713,144,144,192,649,35,1.0,2.178605821759482,0.04613118786755177,0.9724684644406137,0.5724620773152007,0.9356332908336275,0.021877937018871307,1.495816946029663,0.5033551826772964,0.35330559274661427,0
c6,C_hard_maze_dense,24,unet,unet,,0.0,168,1,2.7481301990488767,1.0071725249932548,2.7285595375700713,147,147,192,649,35,1.0,2.178605821759482,0.04613118786755177,0.9724684644406137,0.5724620773152007,0.9356332908336275,0.021877937018871307,1.495816946029663,0.5033551826772964,0.35330559274661427,0
c6,C_hard_maze_dense,24,onlstm,onlstm,,0.0,128,0,nan,nan,2.7285595375700713,128,128,192,649,35,1.0,1.9723991460983794,0.03504559078150236,0.9329879970208982,0.5844233557222243,0.86633955456691,0.015870464965701103,1.0865709781646729,0.44388652433099196,0.3308332286436278,0
c6,C_hard_maze_dense,24,onlstm,onlstm,,0.0,144,0,nan,nan,2.7285595375700713,144,144,192,649,35,1.0,1.9723991460983794,0.03504559078150236,0.9329879970208982,0.5844233557222243,0.86633955456691,0.015870464965701103,1.0865709781646729,0.44388652433099196,0.3308332286436278,0
c6,C_hard_maze_dense,24,onlstm,onlstm,,0.0,168,1,2.781356602554476,1.0193497940057497,2.7285595375700713,152,152,192,649,35,1.0,1.9723991460983794,0.03504559078150236,0.9329879970208982,0.5844233557222243,0.86633955456691,0.015870464965701103,1.0865709781646729,0.44388652433099196,0.3308332286436278,0
c6,C_hard_maze_dense,24,hrm,hrm,,0.0,128,0,nan,nan,2.7285595375700713,128,128,192,649,35,1.0,2.3245043689939378,0.0011186674416087299,0.934749890599893,0.610985417629901,0.9171967826818219,0.0008094942313618958,1.4936009645462036,0.471252809743234,0.3763261387850005,0
c6,C_hard_maze_dense,24,hrm,hrm,,0.0,144,0,nan,nan,2.7285595375700713,144,144,192,649,35,1.0,2.3245043689939378,0.0011186674416087299,0.934749890599893,0.610985417629901,0.9171967826818219,0.0008094942313618958,1.4936009645462036,0.471252809743234,0.3763261387850005,0
c6,C_hard_maze_dense,24,hrm,hrm,,0.0,168,1,2.7371939207176057,1.0031644474048105,2.7285595375700713,145,145,192,649,35,1.0,2.3245043689939378,0.0011186674416087299,0.934749890599893,0.610985417629901,0.9171967826818219,0.0008094942313618958,1.4936009645462036,0.471252809743234,0.3763261387850005,0
c6,C_hard_maze_dense,25,euclidean,,,0.0,128,0,nan,nan,2.655187039488402,128,128,192,636,29,1.0,1.0517554021045457,0.0,0.5371573401234869,0.2603980543595726,0.9423354718823754,0.0,1.0517554021045457,0.5371573401234869,0.2603980543595726,0
c6,C_hard_maze_dense,25,euclidean,,,0.0,144,0,nan,nan,2.655187039488402,144,144,192,636,29,1.0,1.0517554021045457,0.0,0.5371573401234869,0.2603980543595726,0.9423354718823754,0.0,1.0517554021045457,0.5371573401234869,0.2603980543595726,0
c6,C_hard_maze_dense,25,euclidean,,,0.0,168,1,2.6551870394884025,1.0000000000000002,2.655187039488402,152,152,192,636,29,1.0,1.0517554021045457,0.0,0.5371573401234869,0.2603980543595726,0.9423354718823754,0.0,1.0517554021045457,0.5371573401234869,0.2603980543595726,0
c6,C_hard_maze_dense,25,grid_oracle,,,0.0,128,1,2.6658568710732027,1.0040184858641281,2.655187039488402,110,110,192,636,29,1.0,2.726045009616588,0.010055851716895705,1.2045517453648726,0.7830800988738451,0.9978060657027373,0.0,2.757313084867742,1.2568633018538422,0.7693964298164976,0
c6,C_hard_maze_dense,25,grid_oracle,,,0.0,144,1,2.6658568710732027,1.0040184858641281,2.655187039488402,110,110,192,636,29,1.0,2.726045009616588,0.010055851716895705,1.2045517453648726,0.7830800988738451,0.9978060657027373,0.0,2.757313084867742,1.2568633018538422,0.7693964298164976,0
c6,C_hard_maze_dense,25,grid_oracle,,,0.0,168,1,2.6658568710732027,1.0040184858641281,2.655187039488402,110,110,192,636,29,1.0,2.726045009616588,0.010055851716895705,1.2045517453648726,0.7830800988738451,0.9978060657027373,0.0,2.757313084867742,1.2568633018538422,0.7693964298164976,0
c6,C_hard_maze_dense,25,unet,unet,,0.0,128,0,nan,nan,2.655187039488402,128,128,192,636,29,1.0,2.2031648785824594,0.030097466550870772,0.9965767728576362,0.5809152095656229,0.9447209939505739,0.01582396775484085,1.2653367519378662,0.48265291209600036,0.33271501190359154,0
c6,C_hard_maze_dense,25,unet,unet,,0.0,144,1,2.718810213846039,1.0239618427671655,2.655187039488402,141,141,192,636,29,1.0,2.2031648785824594,0.030097466550870772,0.9965767728576362,0.5809152095656229,0.9447209939505739,0.01582396775484085,1.2653367519378662,0.48265291209600036,0.33271501190359154,0
c6,C_hard_maze_dense,25,unet,unet,,0.0,168,1,2.718810213846039,1.0239618427671655,2.655187039488402,141,141,192,636,29,1.0,2.2031648785824594,0.030097466550870772,0.9965767728576362,0.5809152095656229,0.9447209939505739,0.01582396775484085,1.2653367519378662,0.48265291209600036,0.33271501190359154,0
c6,C_hard_maze_dense,25,onlstm,onlstm,,0.0,128,0,nan,nan,2.655187039488402,128,128,192,636,29,1.0,1.9935820221342682,0.02696573807507635,1.0558595740860162,0.5771513853198578,0.9574115644413098,0.02184581756591797,1.1300837993621826,0.53937106993817,0.3192222195892201,0
c6,C_hard_maze_dense,25,onlstm,onlstm,,0.0,144,1,2.798600711627532,1.054012643932897,2.655187039488402,137,137,192,636,29,1.0,1.9935820221342682,0.02696573807507635,1.0558595740860162,0.5771513853198578,0.9574115644413098,0.02184581756591797,1.1300837993621826,0.53937106993817,0.3192222195892201,0
c6,C_hard_maze_dense,25,onlstm,onlstm,,0.0,168,1,2.798600711627532,1.054012643932897,2.655187039488402,137,137,192,636,29,1.0,1.9935820221342682,0.02696573807507635,1.0558595740860162,0.5771513853198578,0.9574115644413098,0.02184581756591797,1.1300837993621826,0.53937106993817,0.3192222195892201,0
c6,C_hard_maze_dense,25,hrm,hrm,,0.0,128,0,nan,nan,2.655187039488402,128,128,192,636,29,1.0,2.4025364590887435,0.0005446482081424558,1.017940895317783,0.6210490446996725,0.9563688522366602,0.0004380477766972035,1.465174913406372,0.4849958753313999,0.3732886949558359,0
c6,C_hard_maze_dense,25,hrm,hrm,,0.0,144,1,2.7119597105131366,1.021381797282226,2.655187039488402,136,136,192,636,29,1.0,2.4025364590887435,0.0005446482081424558,1.017940895317783,0.6210490446996725,0.9563688522366602,0.0004380477766972035,1.465174913406372,0.4849958753313999,0.3732886949558359,0
c6,C_hard_maze_dense,25,hrm,hrm,,0.0,168,1,2.7119597105131366,1.021381797282226,2.655187039488402,136,136,192,636,29,1.0,2.4025364590887435,0.0005446482081424558,1.017940895317783,0.6210490446996725,0.9563688522366602,0.0004380477766972035,1.465174913406372,0.4849958753313999,0.3732886949558359,0
c6,C_hard_maze_dense,26,euclidean,,,0.0,128,0,nan,nan,2.7512918110397058,128,128,192,627,26,1.0,1.0609292408862772,0.0,0.5323525977302287,0.24749988588039734,0.9059982231505848,0.0,1.0609292408862772,0.5323525977302287,0.24749988588039734,0
c6,C_hard_maze_dense,26,euclidean,,,0.0,144,0,nan,nan,2.7512918110397058,144,144,192,627,26,1.0,1.0609292408862772,0.0,0.5323525977302287,0.24749988588039734,0.9059982231505848,0.0,1.0609292408862772,0.5323525977302287,0.24749988588039734,0
c6,C_hard_maze_dense,26,euclidean,,,0.0,168,1,2.7512918110397053,0.9999999999999999,2.7512918110397058,150,150,192,627,26,1.0,1.0609292408862772,0.0,0.5323525977302287,0.24749988588039734,0.9059982231505848,0.0,1.0609292408862772,0.5323525977302287,0.24749988588039734,0
c6,C_hard_maze_dense,26,grid_oracle,,,0.0,128,1,2.7512918110397053,0.9999999999999999,2.7512918110397058,107,107,192,627,26,1.0,2.700495526759642,0.011040749100947033,1.2561597299252931,0.7427043029174594,0.8995808805577409,0.0,2.779410171779822,1.2552338239567657,0.7651471301047713,0
c6,C_hard_maze_dense,26,grid_oracle,,,0.0,144,1,2.7512918110397053,0.9999999999999999,2.7512918110397058,107,107,192,627,26,1.0,2.700495526759642,0.011040749100947033,1.2561597299252931,0.7427043029174594,0.8995808805577409,0.0,2.779410171779822,1.2552338239567657,0.7651471301047713,0
c6,C_hard_maze_dense,26,grid_oracle,,,0.0,168,1,2.7512918110397053,0.9999999999999999,2.7512918110397058,107,107,192,627,26,1.0,2.700495526759642,0.011040749100947033,1.2561597299252931,0.7427043029174594,0.8995808805577409,0.0,2.779410171779822,1.2552338239567657,0.7651471301047713,0
c6,C_hard_maze_dense,26,unet,unet,,0.0,128,0,nan,nan,2.7512918110397058,128,128,192,627,26,1.0,2.081654169130643,0.04300503434921097,0.9883379714823176,0.5590993441686296,0.8730179990776661,0.01579642854630947,1.252587914466858,0.48234669726844004,0.3337032599365742,0
c6,C_hard_maze_dense,26,unet,unet,,0.0,144,0,nan,nan,2.7512918110397058,144,144,192,627,26,1.0,2.081654169130643,0.04300503434921097,0.9883379714823176,0.5590993441686296,0.8730179990776661,0.01579642854630947,1.252587914466858,0.48234669726844004,0.3337032599365742,0
c6,C_hard_maze_dense,26,unet,unet,,0.0,168,1,2.7800098947254184,1.0104380362600869,2.7512918110397058,149,149,192,627,26,1.0,2.081654169130643,0.04300503434921097,0.9883379714823176,0.5590993441686296,0.8730179990776661,0.01579642854630947,1.252587914466858,0.48234669726844004,0.3337032599365742,0
c6,C_hard_maze_dense,26,onlstm,onlstm,,0.0,128,0,nan,nan,2.7512918110397058,128,128,192,627,26,1.0,1.9220977740956786,0.03244723517094274,1.0256980826382385,0.5550416107765181,0.8966867183897134,0.021869832649827003,1.0689899921417236,0.5079746769547455,0.3156044925287127,0
c6,C_hard_maze_dense,26,onlstm,onlstm,,0.0,144,1,2.7847813750643433,1.012172305347713,2.7512918110397058,144,144,192,627,26,1.0,1.9220977740956786,0.03244723517094274,1.0256980826382385,0.5550416107765181,0.8966867183897134,0.021869832649827003,1.0689899921417236,0.5079746769547455,0.3156044925287127,0
c6,C_hard_maze_dense,26,onlstm,onlstm,,0.0,168,1,2.7847813750643433,1.012172305347713,2.7512918110397058,144,144,192,627,26,1.0,1.9220977740956786,0.03244723517094274,1.0256980826382385,0.5550416107765181,0.8966867183897134,0.021869832649827003,1.0689899921417236,0.5079746769547455,0.3156044925287127,0
c6,C_hard_maze_dense,26,hrm,hrm,,0.0,128,0,nan,nan,2.7512918110397058,128,128,192,627,26,1.0,2.2144939274254787,0.0007527782227528177,0.9754163400059207,0.6043375891900916,0.8624552396712151,0.0006624744855798781,1.4699994325637817,0.4631288832981113,0.38622687472901646,0
c6,C_hard_maze_dense,26,hrm,hrm,,0.0,144,0,nan,nan,2.7512918110397058,144,144,192,627,26,1.0,2.2144939274254787,0.0007527782227528177,0.9754163400059207,0.6043375891900916,0.8624552396712151,0.0006624744855798781,1.4699994325637817,0.4631288832981113,0.38622687472901646,0
c6,C_hard_maze_dense,26,hrm,hrm,,0.0,168,1,2.755720092737116,1.0016095281785964,2.7512918110397058,146,146,192,627,26,1.0,2.2144939274254787,0.0007527782227528177,0.9754163400059207,0.6043375891900916,0.8624552396712151,0.0006624744855798781,1.4699994325637817,0.4631288832981113,0.38622687472901646,0
c6,C_hard_maze_dense,27,euclidean,,,0.0,128,0,nan,nan,2.4036463454698023,128,128,192,634,32,1.0,1.0627686801204286,0.0,0.5456095262258519,0.2749629471735029,0.9188413856712694,0.0,1.0627686801204286,0.5456095262258519,0.2749629471735029,0
c6,C_hard_maze_dense,27,euclidean,,,0.0,144,0,nan,nan,2.4036463454698023,144,144,192,634,32,1.0,1.0627686801204286,0.0,0.5456095262258519,0.2749629471735029,0.9188413856712694,0.0,1.0627686801204286,0.5456095262258519,0.2749629471735029,0
c6,C_hard_maze_dense,27,euclidean,,,0.0,168,1,2.403646345469802,0.9999999999999998,2.4036463454698023,149,149,192,634,32,1.0,1.0627686801204286,0.0,0.5456095262258519,0.2749629471735029,0.9188413856712694,0.0,1.0627686801204286,0.5456095262258519,0.2749629471735029,0
c6,C_hard_maze_dense,27,grid_oracle,,,0.0,128,1,2.403646345469802,0.9999999999999998,2.4036463454698023,83,83,192,634,32,1.0,3.9265072586919016,0.007826396647328891,1.3344681275820927,0.9038708954889257,0.9717348696524973,0.0,2.9329793456039814,1.33111481980116,0.8087551110902013,0
c6,C_hard_maze_dense,27,grid_oracle,,,0.0,144,1,2.403646345469802,0.9999999999999998,2.4036463454698023,83,83,192,634,32,1.0,3.9265072586919016,0.007826396647328891,1.3344681275820927,0.9038708954889257,0.9717348696524973,0.0,2.9329793456039814,1.33111481980116,0.8087551110902013,0
c6,C_hard_maze_dense,27,grid_oracle,,,0.0,168,1,2.403646345469802,0.9999999999999998,2.4036463454698023,83,83,192,634,32,1.0,3.9265072586919016,0.007826396647328891,1.3344681275820927,0.9038708954889257,0.9717348696524973,0.0,2.9329793456039814,1.33111481980116,0.8087551110902013,0
c6,C_hard_maze_dense,27,unet,unet,,0.0,128,0,nan,nan,2.4036463454698023,128,128,192,634,32,1.0,2.351713728200899,0.06730778431843487,1.0310750279230436,0.6188448762336212,0.9323101755147438,0.02646411769092083,1.5658981800079346,0.5171912474474993,0.3591995343865514,0
c6,C_hard_maze_dense,27,unet,unet,,0.0,144,1,2.4560424995868484,1.0217986120195253,2.4036463454698023,132,132,192,634,32,1.0,2.351713728200899,0.06730778431843487,1.0310750279230436,0.6188448762336212,0.9323101755147438,0.02646411769092083,1.5658981800079346,0.5171912474474993,0.3591995343865514,0
c6,C_hard_maze_dense,27,unet,unet,,0.0,168,1,2.4560424995868484,1.0217986120195253,2.4036463454698023,132,132,192,634,32,1.0,2.351713728200899,0.06730778431843487,1.0310750279230436,0.6188448762336212,0.9323101755147438,0.02646411769092083,1.5658981800079346,0.5171912474474993,0.3591995343865514,0
c6,C_hard_maze_dense,27,onlstm,onlstm,,0.0,128,0,nan,nan,2.4036463454698023,128,128,192,634,32,1.0,2.084497031967545,0.023595076550966466,1.048864551074706,0.6160423795449721,0.9300179041315141,0.01449451595544815,1.1018550395965576,0.5241151944178455,0.33319991602161225,0
c6,C_hard_maze_dense,27,onlstm,onlstm,,0.0,144,1,2.422302974617542,1.0077618028887245,2.4036463454698023,137,137,192,634,32,1.0,2.084497031967545,0.023595076550966466,1.048864551074706,0.6160423795449721,0.9300179041315141,0.01449451595544815,1.1018550395965576,0.5241151944178455,0.33319991602161225,0
c6,C_hard_maze_dense,27,onlstm,onlstm,,0.0,168,1,2.422302974617542,1.0077618028887245,2.4036463454698023,137,137,192,634,32,1.0,2.084497031967545,0.023595076550966466,1.048864551074706,0.6160423795449721,0.9300179041315141,0.01449451595544815,1.1018550395965576,0.5241151944178455,0.33319991602161225,0
c6,C_hard_maze_dense,27,hrm,hrm,,0.0,128,1,2.403646345469802,0.9999999999999998,2.4036463454698023,122,122,192,634,32,1.0,2.4416017303039332,0.0005255870285120177,1.0292677047753171,0.6530254958133962,0.9213761088354178,0.0004932295414619148,1.5064473152160645,0.49889260944036096,0.36602909742236267,0
c6,C_hard_maze_dense,27,hrm,hrm,,0.0,144,1,2.403646345469802,0.9999999999999998,2.4036463454698023,122,122,192,634,32,1.0,2.4416017303039332,0.0005255870285120177,1.0292677047753171,0.6530254958133962,0.9213761088354178,0.0004932295414619148,1.5064473152160645,0.49889260944036096,0.36602909742236267,0
c6,C_hard_maze_dense,27,hrm,hrm,,0.0,168,1,2.403646345469802,0.9999999999999998,2.4036463454698023,122,122,192,634,32,1.0,2.4416017303039332,0.0005255870285120177,1.0292677047753171,0.6530254958133962,0.9213761088354178,0.0004932295414619148,1.5064473152160645,0.49889260944036096,0.36602909742236267,0
c6,C_hard_maze_dense,28,euclidean,,,0.0,128,0,nan,nan,2.4622958786329843,128,128,192,657,33,1.0,1.0157811421676062,0.0,0.5306886196009505,0.25589636155774464,0.9191516561321652,0.0,1.0157811421676062,0.5306886196009505,0.25589636155774464,0
c6,C_hard_maze_dense,28,euclidean,,,0.0,144,1,2.4622958786329843,1.0,2.4622958786329843,142,142,192,657,33,1.0,1.0157811421676062,0.0,0.5306886196009505,0.25589636155774464,0.9191516561321652,0.0,1.0157811421676062,0.5306886196009505,0.25589636155774464,0
c6,C_hard_maze_dense,28,euclidean,,,0.0,168,1,2.4622958786329843,1.0,2.4622958786329843,142,142,192,657,33,1.0,1.0157811421676062,0.0,0.5306886196009505,0.25589636155774464,0.9191516561321652,0.0,1.0157811421676062,0.5306886196009505,0.25589636155774464,0
c6,C_hard_maze_dense,28,grid_oracle,,,0.0,128,1,2.4622958786329843,1.0,2.4622958786329843,81,81,192,657,33,1.0,2.7154549808166726,0.009536989096158181,1.2425211728846992,0.7789935604320749,0.9881181672679924,0.0,2.878521824131503,1.2662839648435251,0.7579914768950309,0
c6,C_hard_maze_dense,28,grid_oracle,,,0.0,144,1,2.4622958786329843,1.0,2.4622958786329843,81,81,192,657,33,1.0,2.7154549808166726,0.009536989096158181,1.2425211728846992,0.7789935604320749,0.9881181672679924,0.0,2.878521824131503,1.2662839648435251,0.7579914768950309,0
c6,C_hard_maze_dense,28,grid_oracle,,,0.0,168,1,2.4622958786329843,1.0,2.4622958786329843,81,81,192,657,33,1.0,2.7154549808166726,0.009536989096158181,1.2425211728846992,0.7789935604320749,0.9881181672679924,0.0,2.878521824131503,1.2662839648435251,0.7579914768950309,0
c6,C_hard_maze_dense,28,unet,unet,,0.0,128,1,2.4657398731369993,1.0013986923886364,2.4622958786329843,123,123,192,657,33,1.0,2.3469725826255714,0.05803825212266633,1.0120840066823302,0.6102434296635038,0.9333613650543908,0.022707421332597733,1.4690464735031128,0.5027041176836065,0.35661960143303656,0
c6,C_hard_maze_dense,28,unet,unet,,0.0,144,1,2.4657398731369993,1.0013986923886364,2.4622958786329843,123,123,192,657,33,1.0,2.3469725826255714,0.05803825212266633,1.0120840066823302,0.6102434296635038,0.9333613650543908,0.022707421332597733,1.4690464735031128,0.5027041176836065,0.35661960143303656,0
c6,C_hard_maze_dense,28,unet,unet,,0.0,168,1,2.4657398731369993,1.0013986923886364,2.4622958786329843,123,123,192,657,33,1.0,2.3469725826255714,0.05803825212266633,1.0120840066823302,0.6102434296635038,0.9333613650543908,0.022707421332597733,1.4690464735031128,0.5027041176836065,0.35661960143303656,0
c6,C_hard_maze_dense,28,onlstm,onlstm,,0.0,128,0,nan,nan,2.4622958786329843,128,128,192,657,33,1.0,2.03277470404346,0.018858522634951348,1.0024963238258466,0.6050231426945669,0.9272932886634296,0.011992615647614002,1.1521286964416504,0.4641173926779629,0.33507611896058626,0
c6,C_hard_maze_dense,28,onlstm,onlstm,,0.0,144,1,2.6053002544569903,1.058077657143056,2.4622958786329843,135,135,192,657,33,1.0,2.03277470404346,0.018858522634951348,1.0024963238258466,0.6050231426945669,0.9272932886634296,0.011992615647614002,1.1521286964416504,0.4641173926779629,0.33507611896058626,0
c6,C_hard_maze_dense,28,onlstm,onlstm,,0.0,168,1,2.6053002544569903,1.058077657143056,2.4622958786329843,135,135,192,657,33,1.0,2.03277470404346,0.018858522634951348,1.0024963238258466,0.6050231426945669,0.9272932886634296,0.011992615647614002,1.1521286964416504,0.4641173926779629,0.33507611896058626,0
c6,C_hard_maze_dense,28,hrm,hrm,,0.0,128,1,2.472210049949232,1.0040263931732492,2.4622958786329843,116,116,192,657,33,1.0,2.3816058257539843,0.0007431868286823959,1.0111584924150492,0.6445784296100926,0.9333766242573855,0.0004785008786711842,1.5426232814788818,0.4959460391218826,0.37664468199667606,0
c6,C_hard_maze_dense,28,hrm,hrm,,0.0,144,1,2.472210049949232,1.0040263931732492,2.4622958786329843,116,116,192,657,33,1.0,2.3816058257539843,0.0007431868286823959,1.0111584924150492,0.6445784296100926,0.9333766242573855,0.0004785008786711842,1.5426232814788818,0.4959460391218826,0.37664468199667606,0
c6,C_hard_maze_dense,28,hrm,hrm,,0.0,168,1,2.472210049949232,1.0040263931732492,2.4622958786329843,116,116,192,657,33,1.0,2.3816058257539843,0.0007431868286823959,1.0111584924150492,0.6445784296100926,0.9333766242573855,0.0004785008786711842,1.5426232814788818,0.4959460391218826,0.37664468199667606,0
c6,C_hard_maze_dense,29,euclidean,,,0.0,128,0,nan,nan,2.913925628029932,128,128,192,646,34,1.0,1.0498694789817236,0.0,0.5434366939148051,0.24905469377090794,0.8862782464802107,0.0,1.0498694789817236,0.5434366939148051,0.24905469377090794,0
c6,C_hard_maze_dense,29,euclidean,,,0.0,144,0,nan,nan,2.913925628029932,144,144,192,646,34,1.0,1.0498694789817236,0.0,0.5434366939148051,0.24905469377090794,0.8862782464802107,0.0,1.0498694789817236,0.5434366939148051,0.24905469377090794,0
c6,C_hard_maze_dense,29,euclidean,,,0.0,168,1,2.913925628029931,0.9999999999999997,2.913925628029932,148,148,192,646,34,1.0,1.0498694789817236,0.0,0.5434366939148051,0.24905469377090794,0.8862782464802107,0.0,1.0498694789817236,0.5434366939148051,0.24905469377090794,0
c6,C_hard_maze_dense,29,grid_oracle,,,0.0,128,1,2.9196136120339067,1.0019520004042863,2.913925628029932,107,107,192,646,34,1.0,3.0150474113727825,0.008026333404849123,1.3263255977384032,0.8336212705426902,0.89303637793994,0.0,3.029410171779822,1.3835513756905946,0.8731673102919948,0
c6,C_hard_maze_dense,29,grid_oracle,,,0.0,144,1,2.9196136120339067,1.0019520004042863,2.913925628029932,107,107,192,646,34,1.0,3.0150474113727825,0.008026333404849123,1.3263255977384032,0.8336212705426902,0.89303637793994,0.0,3.029410171779822,1.3835513756905946,0.8731673102919948,0
c6,C_hard_maze_dense,29,grid_oracle,,,0.0,168,1,2.9196136120339067,1.0019520004042863,2.913925628029932,107,107,192,646,34,1.0,3.0150474113727825,0.008026333404849123,1.3263255977384032,0.8336212705426902,0.89303637793994,0.0,3.029410171779822,1.3835513756905946,0.8731673102919948,0
c6,C_hard_maze_dense,29,unet,unet,,0.0,128,0,nan,nan,2.913925628029932,128,128,192,646,34,1.0,2.259171633046761,0.03977635392340226,0.9757614993124198,0.555907405720064,0.8556716762064944,0.020075159147381783,1.2984998226165771,0.4750196825857529,0.33083298754261786,0
c6,C_hard_maze_dense,29,unet,unet,,0.0,144,1,2.934932192119765,1.0072090254767536,2.913925628029932,143,143,192,646,34,1.0,2.259171633046761,0.03977635392340226,0.9757614993124198,0.555907405720064,0.8556716762064944,0.020075159147381783,1.2984998226165771,0.4750196825857529,0.33083298754261786,0
c6,C_hard_maze_dense,29,unet,unet,,0.0,168,1,2.934932192119765,1.0072090254767536,2.913925628029932,143,143,192,646,34,1.0,2.259171633046761,0.03977635392340226,0.9757614993124198,0.555907405720064,0.8556716762064944,0.020075159147381783,1.2984998226165771,0.4750196825857529,0.33083298754261786,0
c6,C_hard_maze_dense,29,onlstm,onlstm,,0.0,128,0,nan,nan,2.913925628029932,128,128,192,646,34,1.0,2.0322385599781083,0.02312267704207046,1.0471061224592315,0.5628700224746314,0.8691099476439791,0.016918960958719254,1.1021727323532104,0.5148522839904217,0.3232396852981865,0
c6,C_hard_maze_dense,29,onlstm,onlstm,,0.0,144,0,nan,nan,2.913925628029932,144,144,192,646,34,1.0,2.0322385599781083,0.02312267704207046,1.0471061224592315,0.5628700224746314,0.8691099476439791,0.016918960958719254,1.1021727323532104,0.5148522839904217,0.3232396852981865,0
c6,C_hard_maze_dense,29,onlstm,onlstm,,0.0,168,1,2.9216453129616418,1.0026492388335007,2.913925628029932,145,145,192,646,34,1.0,2.0322385599781083,0.02312267704207046,1.0471061224592315,0.5628700224746314,0.8691099476439791,0.016918960958719254,1.1021727323532104,0.5148522839904217,0.3232396852981865,0
c6,C_hard_maze_dense,29,hrm,hrm,,0.0,128,0,nan,nan,2.913925628029932,128,128,192,646,34,1.0,2.4487088774923405,0.0005010226608755659,0.989124483878869,0.6161288269022281,0.8844691831918184,0.00039849107270129025,1.5030429363250732,0.47340165335754847,0.3840874507425774,0
c6,C_hard_maze_dense,29,hrm,hrm,,0.0,144,0,nan,nan,2.913925628029932,144,144,192,646,34,1.0,2.4487088774923405,0.0005010226608755659,0.989124483878869,0.6161288269022281,0.8844691831918184,0.00039849107270129025,1.5030429363250732,0.47340165335754847,0.3840874507425774,0
c6,C_hard_maze_dense,29,hrm,hrm,,0.0,168,1,2.9226361508802863,1.0029892742513966,2.913925628029932,145,145,192,646,34,1.0,2.4487088774923405,0.0005010226608755659,0.989124483878869,0.6161288269022281,0.8844691831918184,0.00039849107270129025,1.5030429363250732,0.47340165335754847,0.3840874507425774,0
c6,C_hard_maze_dense,30,euclidean,,,0.0,128,1,2.1431490710576746,1.0000000000000002,2.143149071057674,124,124,192,631,31,1.0,0.9903918715261152,0.0,0.4684504124249261,0.24798748349781075,0.9338157502102381,0.0,0.9903918715261152,0.4684504124249261,0.24798748349781075,0
c6,C_hard_maze_dense,30,euclidean,,,0.0,144,1,2.1431490710576746,1.0000000000000002,2.143149071057674,124,124,192,631,31,1.0,0.9903918715261152,0.0,0.4684504124249261,0.24798748349781075,0.9338157502102381,0.0,0.9903918715261152,0.4684504124249261,0.24798748349781075,0
c6,C_hard_maze_dense,30,euclidean,,,0.0,168,1,2.1431490710576746,1.0000000000000002,2.143149071057674,124,124,192,631,31,1.0,0.9903918715261152,0.0,0.4684504124249261,0.24798748349781075,0.9338157502102381,0.0,0.9903918715261152,0.4684504124249261,0.24798748349781075,0
c6,C_hard_maze_dense,30,grid_oracle,,,0.0,128,1,2.1449358003654346,1.000833693433597,2.143149071057674,53,53,192,631,31,1.0,2.4318391339946532,0.005904269528795035,0.9553352151428472,0.6709688741076837,0.9880198301820254,0.0,2.4437026503073422,1.0206518205111241,0.6515390473257334,0
c6,C_hard_maze_dense,30,grid_oracle,,,0.0,144,1,2.1449358003654346,1.000833693433597,2.143149071057674,53,53,192,631,31,1.0,2.4318391339946532,0.005904269528795035,0.9553352151428472,0.6709688741076837,0.9880198301820254,0.0,2.4437026503073422,1.0206518205111241,0.6515390473257334,0
c6,C_hard_maze_dense,30,grid_oracle,,,0.0,168,1,2.1449358003654346,1.000833693433597,2.143149071057674,53,53,192,631,31,1.0,2.4318391339946532,0.005904269528795035,0.9553352151428472,0.6709688741076837,0.9880198301820254,0.0,2.4437026503073422,1.0206518205111241,0.6515390473257334,0
c6,C_hard_maze_dense,30,unet,unet,,0.0,128,1,2.192309244627295,1.0229382893768373,2.143149071057674,77,77,192,631,31,1.0,2.2561751963458594,0.03634032046740958,0.9223902232627799,0.5953941750058775,0.9582440387380302,0.02433241717517376,1.4241840839385986,0.48352975493844497,0.34245339329410857,0
c6,C_hard_maze_dense,30,unet,unet,,0.0,144,1,2.192309244627295,1.0229382893768373,2.143149071057674,77,77,192,631,31,1.0,2.2561751963458594,0.03634032046740958,0.9223902232627799,0.5953941750058775,0.9582440387380302,0.02433241717517376,1.4241840839385986,0.48352975493844497,0.34245339329410857,0
c6,C_hard_maze_dense,30,unet,unet,,0.0,168,1,2.192309244627295,1.0229382893768373,2.143149071057674,77,77,192,631,31,1.0,2.2561751963458594,0.03634032046740958,0.9223902232627799,0.5953941750058775,0.9582440387380302,0.02433241717517376,1.4241840839385986,0.48352975493844497,0.34245339329410857,0
c6,C_hard_maze_dense,30,onlstm,onlstm,,0.0,128,1,2.2003169795451365,1.0266747233122935,2.143149071057674,83,83,192,631,31,1.0,1.9348987054254105,0.012142011552821845,0.8350195996866999,0.5766215919373995,0.9336614627132899,0.00948313158005476,1.0794141292572021,0.39842341721464436,0.3154322652180155,0
c6,C_hard_maze_dense,30,onlstm,onlstm,,0.0,144,1,2.2003169795451365,1.0266747233122935,2.143149071057674,83,83,192,631,31,1.0,1.9348987054254105,0.012142011552821845,0.8350195996866999,0.5766215919373995,0.9336614627132899,0.00948313158005476,1.0794141292572021,0.39842341721464436,0.3154322652180155,0
c6,C_hard_maze_dense,30,onlstm,onlstm,,0.0,168,1,2.2003169795451365,1.0266747233122935,2.143149071057674,83,83,192,631,31,1.0,1.9348987054254105,0.012142011552821845,0.8350195996866999,0.5766215919373995,0.9336614627132899,0.00948313158005476,1.0794141292572021,0.39842341721464436,0.3154322652180155,0
c6,C_hard_maze_dense,30,hrm,hrm,,0.0,128,1,2.1940830636031605,1.023765958809552,2.143149071057674,84,84,192,631,31,1.0,2.3461050482582815,0.0007030937488977449,0.9006641493372035,0.6454681119583763,0.9517843094702005,0.0005565432948060334,1.4904723167419434,0.45808251122099364,0.36747129059903033,0
c6,C_hard_maze_dense,30,hrm,hrm,,0.0,144,1,2.1940830636031605,1.023765958809552,2.143149071057674,84,84,192,631,31,1.0,2.3461050482582815,0.0007030937488977449,0.9006641493372035,0.6454681119583763,0.9517843094702005,0.0005565432948060334,1.4904723167419434,0.45808251122099364,0.36747129059903033,0
c6,C_hard_maze_dense,30,hrm,hrm,,0.0,168,1,2.1940830636031605,1.023765958809552,2.143149071057674,84,84,192,631,31,1.0,2.3461050482582815,0.0007030937488977449,0.9006641493372035,0.6454681119583763,0.9517843094702005,0.0005565432948060334,1.4904723167419434,0.45808251122099364,0.36747129059903033,0
c6,C_hard_maze_dense,31,euclidean,,,0.0,128,1,2.170696471772277,0.9999999999999998,2.1706964717722776,125,125,192,624,26,1.0,1.0233582722791708,0.0,0.5261285647905677,0.24817869423909122,0.9092670835254865,0.0,1.0233582722791708,0.5261285647905677,0.24817869423909122,0
c6,C_hard_maze_dense,31,euclidean,,,0.0,144,1,2.170696471772277,0.9999999999999998,2.1706964717722776,125,125,192,624,26,1.0,1.0233582722791708,0.0,0.5261285647905677,0.24817869423909122,0.9092670835254865,0.0,1.0233582722791708,0.5261285647905677,0.24817869423909122,0
c6,C_hard_maze_dense,31,euclidean,,,0.0,168,1,2.170696471772277,0.9999999999999998,2.1706964717722776,125,125,192,624,26,1.0,1.0233582722791708,0.0,0.5261285647905677,0.24817869423909122,0.9092670835254865,0.0,1.0233582722791708,0.5261285647905677,0.24817869423909122,0
c6,C_hard_maze_dense,31,grid_oracle,,,0.0,128,1,2.173971793333892,1.0015088804926007,2.1706964717722776,64,64,192,624,26,1.0,2.396299430686921,0.009729964845648762,1.038061599442457,0.6777286343676496,0.9138838401649352,0.0,2.481424737219423,1.0590750956326345,0.7007906722112607,0
c6,C_hard_maze_dense,31,grid_oracle,,,0.0,144,1,2.173971793333892,1.0015088804926007,2.1706964717722776,64,64,192,624,26,1.0,2.396299430686921,0.009729964845648762,1.038061599442457,0.6777286343676496,0.9138838401649352,0.0,2.481424737219423,1.0590750956326345,0.7007906722112607,0
c6,C_hard_maze_dense,31,grid_oracle,,,0.0,168,1,2.173971793333892,1.0015088804926007,2.1706964717722776,64,64,192,624,26,1.0,2.396299430686921,0.009729964845648762,1.038061599442457,0.6777286343676496,0.9138838401649352,0.0,2.481424737219423,1.0590750956326345,0.7007906722112607,0
c6,C_hard_maze_dense,31,unet,unet,,0.0,128,1,2.261661126685295,1.0419057459649108,2.1706964717722776,107,107,192,624,26,1.0,2.017646838420309,0.04476905730651794,0.9880709267230191,0.5468939355192948,0.9041026910452216,0.016000919044017792,1.2391854524612427,0.47973066675740483,0.3279739238348298,0
c6,C_hard_maze_dense,31,unet,unet,,0.0,144,1,2.261661126685295,1.0419057459649108,2.1706964717722776,107,107,192,624,26,1.0,2.017646838420309,0.04476905730651794,0.9880709267230191,0.5468939355192948,0.9041026910452216,0.016000919044017792,1.2391854524612427,0.47973066675740483,0.3279739238348298,0
c6,C_hard_maze_dense,31,unet,unet,,0.0,168,1,2.261661126685295,1.0419057459649108,2.1706964717722776,107,107,192,624,26,1.0,2.017646838420309,0.04476905730651794,0.9880709267230191,0.5468939355192948,0.9041026910452216,0.016000919044017792,1.2391854524612427,0.47973066675740483,0.3279739238348298,0
c6,C_hard_maze_dense,31,onlstm,onlstm,,0.0,128,1,2.2073252556132106,1.016874208032884,2.1706964717722776,97,97,192,624,26,1.0,1.9443112902502817,0.03291625422292821,1.0177341548460521,0.5535702037849886,0.9239752597455444,0.02082778885960579,1.0650651454925537,0.49380786972460555,0.31278438701325195,0
c6,C_hard_maze_dense,31,onlstm,onlstm,,0.0,144,1,2.2073252556132106,1.016874208032884,2.1706964717722776,97,97,192,624,26,1.0,1.9443112902502817,0.03291625422292821,1.0177341548460521,0.5535702037849886,0.9239752597455444,0.02082778885960579,1.0650651454925537,0.49380786972460555,0.31278438701325195,0
c6,C_hard_maze_dense,31,onlstm,onlstm,,0.0,168,1,2.2073252556132106,1.016874208032884,2.1706964717722776,97,97,192,624,26,1.0,1.9443112902502817,0.03291625422292821,1.0177341548460521,0.5535702037849886,0.9239752597455444,0.02082778885960579,1.0650651454925537,0.49380786972460555,0.31278438701325195,0
c6,C_hard_maze_dense,31,hrm,hrm,,0.0,128,1,2.2543179147048313,1.0385228630626007,2.1706964717722776,82,82,192,624,26,1.0,2.2316170511598004,0.0007191336112158956,0.989441259043954,0.594029120055644,0.905538751593739,0.0006630902644246817,1.4444011449813843,0.47319809808234936,0.37910503504428444,0
c6,C_hard_maze_dense,31,hrm,hrm,,0.0,144,1,2.2543179147048313,1.0385228630626007,2.1706964717722776,82,82,192,624,26,1.0,2.2316170511598004,0.0007191336112158956,0.989441259043954,0.594029120055644,0.905538751593739,0.0006630902644246817,1.4444011449813843,0.47319809808234936,0.37910503504428444,0
c6,C_hard_maze_dense,31,hrm,hrm,,0.0,168,1,2.2543179147048313,1.0385228630626007,2.1706964717722776,82,82,192,624,26,1.0,2.2316170511598004,0.0007191336112158956,0.989441259043954,0.594029120055644,0.905538751593739,0.0006630902644246817,1.4444011449813843,0.47319809808234936,0.37910503504428444,0
c6,C_hard_maze_dense,32,euclidean,,,0.0,128,0,nan,nan,2.770177988950607,128,128,192,672,27,1.0,1.0548063615879086,0.0,0.5065833062223889,0.2427808961083131,0.908134511569867,0.0,1.0548063615879086,0.5065833062223889,0.2427808961083131,0
c6,C_hard_maze_dense,32,euclidean,,,0.0,144,0,nan,nan,2.770177988950607,144,144,192,672,27,1.0,1.0548063615879086,0.0,0.5065833062223889,0.2427808961083131,0.908134511569867,0.0,1.0548063615879086,0.5065833062223889,0.2427808961083131,0
c6,C_hard_maze_dense,32,euclidean,,,0.0,168,1,2.770177988950607,1.0,2.770177988950607,153,153,192,672,27,1.0,1.0548063615879086,0.0,0.5065833062223889,0.2427808961083131,0.908134511569867,0.0,1.0548063615879086,0.5065833062223889,0.2427808961083131,0
c6,C_hard_maze_dense,32,grid_oracle,,,0.0,128,1,2.770177988950607,1.0,2.770177988950607,108,108,192,672,27,1.0,2.8323083458258984,0.009894153439064074,1.2719892000895665,0.8092572552039987,0.996887122589046,0.0,2.884993911043583,1.3624290032645667,0.8280333317818944,0
c6,C_hard_maze_dense,32,grid_oracle,,,0.0,144,1,2.770177988950607,1.0,2.770177988950607,108,108,192,672,27,1.0,2.8323083458258984,0.009894153439064074,1.2719892000895665,0.8092572552039987,0.996887122589046,0.0,2.884993911043583,1.3624290032645667,0.8280333317818944,0
c6,C_hard_maze_dense,32,grid_oracle,,,0.0,168,1,2.770177988950607,1.0,2.770177988950607,108,108,192,672,27,1.0,2.8323083458258984,0.009894153439064074,1.2719892000895665,0.8092572552039987,0.996887122589046,0.0,2.884993911043583,1.3624290032645667,0.8280333317818944,0
c6,C_hard_maze_dense,32,unet,unet,,0.0,128,0,nan,nan,2.770177988950607,128,128,192,672,27,1.0,2.0270076464226374,0.03665142324390938,0.9370391257399809,0.5384621198830881,0.9345278463499987,0.015088618732988834,1.4010835886001587,0.4770074522716641,0.32843863195973416,0
c6,C_hard_maze_dense,32,unet,unet,,0.0,144,0,nan,nan,2.770177988950607,144,144,192,672,27,1.0,2.0270076464226374,0.03665142324390938,0.9370391257399809,0.5384621198830881,0.9345278463499987,0.015088618732988834,1.4010835886001587,0.4770074522716641,0.32843863195973416,0
c6,C_hard_maze_dense,32,unet,unet,,0.0,168,1,2.7809824862598767,1.0039002899280716,2.770177988950607,147,147,192,672,27,1.0,2.0270076464226374,0.03665142324390938,0.9370391257399809,0.5384621198830881,0.9345278463499987,0.015088618732988834,1.4010835886001587,0.4770074522716641,0.32843863195973416,0
c6,C_hard_maze_dense,32,onlstm,onlstm,,0.0,128,0,nan,nan,2.770177988950607,128,128,192,672,27,1.0,2.003675572494423,0.03188175176458768,0.9594394874843419,0.5496848784056126,0.9372948484930691,0.018318453803658485,1.1049233675003052,0.48565014566929676,0.31498869469118523,0
c6,C_hard_maze_dense,32,onlstm,onlstm,,0.0,144,1,2.770177988950607,1.0,2.770177988950607,141,141,192,672,27,1.0,2.003675572494423,0.03188175176458768,0.9594394874843419,0.5496848784056126,0.9372948484930691,0.018318453803658485,1.1049233675003052,0.48565014566929676,0.31498869469118523,0
c6,C_hard_maze_dense,32,onlstm,onlstm,,0.0,168,1,2.770177988950607,1.0,2.770177988950607,141,141,192,672,27,1.0,2.003675572494423,0.03188175176458768,0.9594394874843419,0.5496848784056126,0.9372948484930691,0.018318453803658485,1.1049233675003052,0.48565014566929676,0.31498869469118523,0
c6,C_hard_maze_dense,32,hrm,hrm,,0.0,128,0,nan,nan,2.770177988950607,128,128,192,672,27,1.0,2.17677599313864,0.0008512022342605926,0.9307816122888456,0.5921548774859695,0.9304773756883599,0.00063050736207515,1.4626283645629883,0.46488500405038735,0.3739503118742555,0
c6,C_hard_maze_dense,32,hrm,hrm,,0.0,144,0,nan,nan,2.770177988950607,144,144,192,672,27,1.0,2.17677599313864,0.0008512022342605926,0.9307816122888456,0.5921548774859695,0.9304773756883599,0.00063050736207515,1.4626283645629883,0.46488500405038735,0.3739503118742555,0
c6,C_hard_maze_dense,32,hrm,hrm,,0.0,168,1,2.775599706097921,1.0019571728491599,2.770177988950607,146,146,192,672,27,1.0,2.17677599313864,0.0008512022342605926,0.9307816122888456,0.5921548774859695,0.9304773756883599,0.00063050736207515,1.4626283645629883,0.46488500405038735,0.3739503118742555,0
c6,C_hard_maze_dense,33,euclidean,,,0.0,128,0,nan,nan,2.1766749877196676,128,128,192,659,27,1.0,0.9954640713346895,0.0,0.5287901635280471,0.23995000665348012,0.9316947209939507,0.0,0.9954640713346895,0.5287901635280471,0.23995000665348012,0
c6,C_hard_maze_dense,33,euclidean,,,0.0,144,0,nan,nan,2.1766749877196676,144,144,192,659,27,1.0,0.9954640713346895,0.0,0.5287901635280471,0.23995000665348012,0.9316947209939507,0.0,0.9954640713346895,0.5287901635280471,0.23995000665348012,0
c6,C_hard_maze_dense,33,euclidean,,,0.0,168,1,2.1766749877196676,1.0,2.1766749877196676,159,159,192,659,27,1.0,0.9954640713346895,0.0,0.5287901635280471,0.23995000665348012,0.9316947209939507,0.0,0.9954640713346895,0.5287901635280471,0.23995000665348012,0
c6,C_hard_maze_dense,33,grid_oracle,,,0.0,128,1,2.1766749877196676,1.0,2.1766749877196676,117,117,192,659,27,1.0,2.2826036848801468,0.004231383507862295,1.0944156003843155,0.6218171406201467,0.9771451048476795,0.0,2.3407997372194216,1.0513728429621976,0.6120168029588734,0
c6,C_hard_maze_dense,33,grid_oracle,,,0.0,144,1,2.1766749877196676,1.0,2.1766749877196676,117,117,192,659,27,1.0,2.2826036848801468,0.004231383507862295,1.0944156003843155,0.6218171406201467,0.9771451048476795,0.0,2.3407997372194216,1.0513728429621976,0.6120168029588734,0
c6,C_hard_maze_dense,33,grid_oracle,,,0.0,168,1,2.1766749877196676,1.0,2.1766749877196676,117,117,192,659,27,1.0,2.2826036848801468,0.004231383507862295,1.0944156003843155,0.6218171406201467,0.9771451048476795,0.0,2.3407997372194216,1.0513728429621976,0.6120168029588734,0
c6,C_hard_maze_dense,33,unet,unet,,0.0,128,0,nan,nan,2.1766749877196676,128,128,192,659,27,1.0,2.2345821823518106,0.05418748972465517,1.0410372817323879,0.5795213589909275,0.9173137699047826,0.023528549820184708,1.4722727537155151,0.4919166721952024,0.348174320710277,0
c6,C_hard_maze_dense,33,unet,unet,,0.0,144,1,2.2283412005138925,1.023736301048946,2.1766749877196676,130,130,192,659,27,1.0,2.2345821823518106,0.05418748972465517,1.0410372817323879,0.5795213589909275,0.9173137699047826,0.023528549820184708,1.4722727537155151,0.4919166721952024,0.348174320710277,0
c6,C_hard_maze_dense,33,unet,unet,,0.0,168,1,2.2283412005138925,1.023736301048946,2.1766749877196676,130,130,192,659,27,1.0,2.2345821823518106,0.05418748972465517,1.0410372817323879,0.5795213589909275,0.9173137699047826,0.023528549820184708,1.4722727537155151,0.4919166721952024,0.348174320710277,0
c6,C_hard_maze_dense,33,onlstm,onlstm,,0.0,128,0,nan,nan,2.1766749877196676,128,128,192,659,27,1.0,1.9819007310812662,0.02860163857301569,0.9888925207683693,0.5670654093197244,0.9393819683693678,0.011965588666498661,1.1105130910873413,0.4361397131119702,0.32933288977184677,0
c6,C_hard_maze_dense,33,onlstm,onlstm,,0.0,144,1,2.2283412005138925,1.023736301048946,2.1766749877196676,140,140,192,659,27,1.0,1.9819007310812662,0.02860163857301569,0.9888925207683693,0.5670654093197244,0.9393819683693678,0.011965588666498661,1.1105130910873413,0.4361397131119702,0.32933288977184677,0
c6,C_hard_maze_dense,33,onlstm,onlstm,,0.0,168,1,2.2283412005138925,1.023736301048946,2.1766749877196676,140,140,192,659,27,1.0,1.9819007310812662,0.02860163857301569,0.9888925207683693,0.5670654093197244,0.9393819683693678,0.011965588666498661,1.1105130910873413,0.4361397131119702,0.32933288977184677,0
c6,C_hard_maze_dense,33,hrm,hrm,,0.0,128,1,2.2283412005138925,1.023736301048946,2.1766749877196676,114,114,192,659,27,1.0,2.2628818498874783,0.0012332351113465826,1.0346204916723536,0.6003589491134981,0.9271712150394705,0.0008054053178057075,1.4470950365066528,0.47835688169432444,0.35893629737062055,0
c6,C_hard_maze_dense,33,hrm,hrm,,0.0,144,1,2.2283412005138925,1.023736301048946,2.1766749877196676,114,114,192,659,27,1.0,2.2628818498874783,0.0012332351113465826,1.0346204916723536,0.6003589491134981,0.9271712150394705,0.0008054053178057075,1.4470950365066528,0.47835688169432444,0.35893629737062055,0
c6,C_hard_maze_dense,33,hrm,hrm,,0.0,168,1,2.2283412005138925,1.023736301048946,2.1766749877196676,114,114,192,659,27,1.0,2.2628818498874783,0.0012332351113465826,1.0346204916723536,0.6003589491134981,0.9271712150394705,0.0008054053178057075,1.4470950365066528,0.47835688169432444,0.35893629737062055,0
c6,C_hard_maze_dense,34,euclidean,,,0.0,128,0,nan,nan,2.748688570525314,128,128,192,581,34,1.0,0.9454287700789125,0.0,0.4651613743676779,0.22069411335156552,0.880184738084258,0.0,0.9454287700789125,0.4651613743676779,0.22069411335156552,0
c6,C_hard_maze_dense,34,euclidean,,,0.0,144,1,2.748688570525315,1.0000000000000002,2.748688570525314,138,138,192,581,34,1.0,0.9454287700789125,0.0,0.4651613743676779,0.22069411335156552,0.880184738084258,0.0,0.9454287700789125,0.4651613743676779,0.22069411335156552,0
c6,C_hard_maze_dense,34,euclidean,,,0.0,168,1,2.748688570525315,1.0000000000000002,2.748688570525314,138,138,192,581,34,1.0,0.9454287700789125,0.0,0.4651613743676779,0.22069411335156552,0.880184738084258,0.0,0.9454287700789125,0.4651613743676779,0.22069411335156552,0
c6,C_hard_maze_dense,34,grid_oracle,,,0.0,128,1,2.748688570525315,1.0000000000000002,2.748688570525314,100,100,192,581,34,1.0,2.7626229421404185,0.007526285208142859,1.0936536571151005,0.6916665522802273,0.8630198301820254,0.0,2.774508476483184,1.2027007527913838,0.7379026298500538,0
c6,C_hard_maze_dense,34,grid_oracle,,,0.0,144,1,2.748688570525315,1.0000000000000002,2.748688570525314,100,100,192,581,34,1.0,2.7626229421404185,0.007526285208142859,1.0936536571151005,0.6916665522802273,0.8630198301820254,0.0,2.774508476483184,1.2027007527913838,0.7379026298500538,0
c6,C_hard_maze_dense,34,grid_oracle,,,0.0,168,1,2.748688570525315,1.0000000000000002,2.748688570525314,100,100,192,581,34,1.0,2.7626229421404185,0.007526285208142859,1.0936536571151005,0.6916665522802273,0.8630198301820254,0.0,2.774508476483184,1.2027007527913838,0.7379026298500538,0
c6,C_hard_maze_dense,34,unet,unet,,0.0,128,1,2.7491090533260616,1.0001529757882563,2.748688570525314,127,127,192,581,34,1.0,2.148558349203184,0.04943889180954463,0.8729576595843617,0.5081426890253329,0.8371249626997261,0.020717263221740723,1.2575469017028809,0.46049431207393354,0.3193810769267351,0
c6,C_hard_maze_dense,34,unet,unet,,0.0,144,1,2.7491090533260616,1.0001529757882563,2.748688570525314,127,127,192,581,34,1.0,2.148558349203184,0.04943889180954463,0.8729576595843617,0.5081426890253329,0.8371249626997261,0.020717263221740723,1.2575469017028809,0.46049431207393354,0.3193810769267351,0
c6,C_hard_maze_dense,34,unet,unet,,0.0,168,1,2.7491090533260616,1.0001529757882563,2.748688570525314,127,127,192,581,34,1.0,2.148558349203184,0.04943889180954463,0.8729576595843617,0.5081426890253329,0.8371249626997261,0.020717263221740723,1.2575469017028809,0.46049431207393354,0.3193810769267351,0
c6,C_hard_maze_dense,34,onlstm,onlstm,,0.0,128,0,nan,nan,2.748688570525314,128,128,192,581,34,1.0,1.8545443067031764,0.03044191603251816,0.8500979014947347,0.4982377912577311,0.8615261237555273,0.013029268011450768,1.0073028802871704,0.42572215136738123,0.30558353311616687,0
c6,C_hard_maze_dense,34,onlstm,onlstm,,0.0,144,1,2.8186223743992067,1.0254426072941858,2.748688570525314,130,130,192,581,34,1.0,1.8545443067031764,0.03044191603251816,0.8500979014947347,0.4982377912577311,0.8615261237555273,0.013029268011450768,1.0073028802871704,0.42572215136738123,0.30558353311616687,0
c6,C_hard_maze_dense,34,onlstm,onlstm,,0.0,168,1,2.8186223743992067,1.0254426072941858,2.748688570525314,130,130,192,581,34,1.0,1.8545443067031764,0.03044191603251816,0.8500979014947347,0.4982377912577311,0.8615261237555273,0.013029268011450768,1.0073028802871704,0.42572215136738123,0.30558353311616687,0
c6,C_hard_maze_dense,34,hrm,hrm,,0.0,128,0,nan,nan,2.748688570525314,128,128,192,581,34,1.0,2.216517649480199,0.0006793142353560965,0.8721780523785286,0.5656623357305554,0.8580792393456855,0.0004947040579281747,1.4777032136917114,0.46201531957991904,0.3845571754193123,0
c6,C_hard_maze_dense,34,hrm,hrm,,0.0,144,1,2.748688570525315,1.0000000000000002,2.748688570525314,131,131,192,581,34,1.0,2.216517649480199,0.0006793142353560965,0.8721780523785286,0.5656623357305554,0.8580792393456855,0.0004947040579281747,1.4777032136917114,0.46201531957991904,0.3845571754193123,0
c6,C_hard_maze_dense,34,hrm,hrm,,0.0,168,1,2.748688570525315,1.0000000000000002,2.748688570525314,131,131,192,581,34,1.0,2.216517649480199,0.0006793142353560965,0.8721780523785286,0.5656623357305554,0.8580792393456855,0.0004947040579281747,1.4777032136917114,0.46201531957991904,0.3845571754193123,0
c6,C_hard_maze_dense,35,euclidean,,,0.0,128,0,nan,nan,2.406173563014335,128,128,192,607,35,1.0,1.0000484932564129,0.0,0.5500482075427059,0.25227242193362004,0.8898726365190031,0.0,1.0000484932564129,0.5500482075427059,0.25227242193362004,0
c6,C_hard_maze_dense,35,euclidean,,,0.0,144,1,2.4061735630143364,1.0000000000000004,2.406173563014335,130,130,192,607,35,1.0,1.0000484932564129,0.0,0.5500482075427059,0.25227242193362004,0.8898726365190031,0.0,1.0000484932564129,0.5500482075427059,0.25227242193362004,0
c6,C_hard_maze_dense,35,euclidean,,,0.0,168,1,2.4061735630143364,1.0000000000000004,2.406173563014335,130,130,192,607,35,1.0,1.0000484932564129,0.0,0.5500482075427059,0.25227242193362004,0.8898726365190031,0.0,1.0000484932564129,0.5500482075427059,0.25227242193362004,0
c6,C_hard_maze_dense,35,grid_oracle,,,0.0,128,1,2.4100693568110287,1.0016190826200473,2.406173563014335,95,95,192,607,35,1.0,2.4833250147572077,0.006450096779564998,1.052993534254932,0.6588163269403968,0.9436308086699403,0.0,2.5541880848677403,1.092173050912325,0.6855091781885666,0
c6,C_hard_maze_dense,35,grid_oracle,,,0.0,144,1,2.4100693568110287,1.0016190826200473,2.406173563014335,95,95,192,607,35,1.0,2.4833250147572077,0.006450096779564998,1.052993534254932,0.6588163269403968,0.9436308086699403,0.0,2.5541880848677403,1.092173050912325,0.6855091781885666,0
c6,C_hard_maze_dense,35,grid_oracle,,,0.0,168,1,2.4100693568110287,1.0016190826200473,2.406173563014335,95,95,192,607,35,1.0,2.4833250147572077,0.006450096779564998,1.052993534254932,0.6588163269403968,0.9436308086699403,0.0,2.5541880848677403,1.092173050912325,0.6855091781885666,0
c6,C_hard_maze_dense,35,unet,unet,,0.0,128,1,2.4061735630143364,1.0000000000000004,2.406173563014335,122,122,192,607,35,1.0,2.045221101595605,0.053104940147210566,0.9919717688720375,0.5551999888306938,0.8782010416949245,0.01448029838502407,1.3027435541152954,0.4748754280471985,0.32752931855885986,0
c6,C_hard_maze_dense,35,unet,unet,,0.0,144,1,2.4061735630143364,1.0000000000000004,2.406173563014335,122,122,192,607,35,1.0,2.045221101595605,0.053104940147210566,0.9919717688720375,0.5551999888306938,0.8782010416949245,0.01448029838502407,1.3027435541152954,0.4748754280471985,0.32752931855885986,0
c6,C_hard_maze_dense,35,unet,unet,,0.0,168,1,2.4061735630143364,1.0000000000000004,2.406173563014335,122,122,192,607,35,1.0,2.045221101595605,0.053104940147210566,0.9919717688720375,0.5551999888306938,0.8782010416949245,0.01448029838502407,1.3027435541152954,0.4748754280471985,0.32752931855885986,0
c6,C_hard_maze_dense,35,onlstm,onlstm,,0.0,128,1,2.470322236822077,1.0266600359981428,2.406173563014335,101,101,192,607,35,1.0,1.9666309360580834,0.020045201906941687,1.063086634394044,0.5743045963150695,0.9053302091528092,0.016746293753385544,1.1369760036468506,0.5175220454261762,0.3237950971229292,0
c6,C_hard_maze_dense,35,onlstm,onlstm,,0.0,144,1,2.470322236822077,1.0266600359981428,2.406173563014335,101,101,192,607,35,1.0,1.9666309360580834,0.020045201906941687,1.063086634394044,0.5743045963150695,0.9053302091528092,0.016746293753385544,1.1369760036468506,0.5175220454261762,0.3237950971229292,0
c6,C_hard_maze_dense,35,onlstm,onlstm,,0.0,168,1,2.470322236822077,1.0266600359981428,2.406173563014335,101,101,192,607,35,1.0,1.9666309360580834,0.020045201906941687,1.063086634394044,0.5743045963150695,0.9053302091528092,0.016746293753385544,1.1369760036468506,0.5175220454261762,0.3237950971229292,0
c6,C_hard_maze_dense,35,hrm,hrm,,0.0,128,1,2.4119770307716433,1.0024119073729818,2.406173563014335,111,111,192,607,35,1.0,2.247293213376014,0.0005582546050368812,1.0006095527346297,0.6054739153236252,0.8774618180831729,0.00040942372288554907,1.4922938346862793,0.47172447242869,0.3755990189529527,0
c6,C_hard_maze_dense,35,hrm,hrm,,0.0,144,1,2.4119770307716433,1.0024119073729818,2.406173563014335,111,111,192,607,35,1.0,2.247293213376014,0.0005582546050368812,1.0006095527346297,0.6054739153236252,0.8774618180831729,0.00040942372288554907,1.4922938346862793,0.47172447242869,0.3755990189529527,0
c6,C_hard_maze_dense,35,hrm,hrm,,0.0,168,1,2.4119770307716433,1.0024119073729818,2.406173563014335,111,111,192,607,35,1.0,2.247293213376014,0.0005582546050368812,1.0006095527346297,0.6054739153236252,0.8774618180831729,0.00040942372288554907,1.4922938346862793,0.47172447242869,0.3755990189529527,0
c6,C_hard_maze_dense,36,euclidean,,,0.0,128,0,nan,nan,3.007411938959389,128,128,192,654,27,1.0,1.0262163965416378,0.0,0.5269885528816934,0.2508320260204463,0.8938569839676642,0.0,1.0262163965416378,0.5269885528816934,0.2508320260204463,0
c6,C_hard_maze_dense,36,euclidean,,,0.0,144,1,3.0074119389593883,0.9999999999999997,3.007411938959389,137,137,192,654,27,1.0,1.0262163965416378,0.0,0.5269885528816934,0.2508320260204463,0.8938569839676642,0.0,1.0262163965416378,0.5269885528816934,0.2508320260204463,0
c6,C_hard_maze_dense,36,euclidean,,,0.0,168,1,3.0074119389593883,0.9999999999999997,3.007411938959389,137,137,192,654,27,1.0,1.0262163965416378,0.0,0.5269885528816934,0.2508320260204463,0.8938569839676642,0.0,1.0262163965416378,0.5269885528816934,0.2508320260204463,0
c6,C_hard_maze_dense,36,grid_oracle,,,0.0,128,0,nan,nan,3.007411938959389,128,128,192,654,27,1.0,2.608579620118541,0.005231303684105414,1.1281642035921975,0.7512937841218502,0.948279779182378,0.0,2.6856601717798214,1.2011079021213051,0.7422508498295077,0
c6,C_hard_maze_dense,36,grid_oracle,,,0.0,144,1,3.007970903710819,1.000185862383596,3.007411938959389,129,129,192,654,27,1.0,2.608579620118541,0.005231303684105414,1.1281642035921975,0.7512937841218502,0.948279779182378,0.0,2.6856601717798214,1.2011079021213051,0.7422508498295077,0
c6,C_hard_maze_dense,36,grid_oracle,,,0.0,168,1,3.007970903710819,1.000185862383596,3.007411938959389,129,129,192,654,27,1.0,2.608579620118541,0.005231303684105414,1.1281642035921975,0.7512937841218502,0.948279779182378,0.0,2.6856601717798214,1.2011079021213051,0.7422508498295077,0
c6,C_hard_maze_dense,36,unet,unet,,0.0,128,0,nan,nan,3.007411938959389,128,128,192,654,27,1.0,2.294770267104877,0.06715166964334982,0.9917889600399589,0.5729384339467498,0.9218610123972548,0.025748834013938904,1.5768510103225708,0.5070225238000603,0.3528477850424628,0
c6,C_hard_maze_dense,36,unet,unet,,0.0,144,1,3.039239515461641,1.0105830452057276,3.007411938959389,134,134,192,654,27,1.0,2.294770267104877,0.06715166964334982,0.9917889600399589,0.5729384339467498,0.9218610123972548,0.025748834013938904,1.5768510103225708,0.5070225238000603,0.3528477850424628,0
c6,C_hard_maze_dense,36,unet,unet,,0.0,168,1,3.039239515461641,1.0105830452057276,3.007411938959389,134,134,192,654,27,1.0,2.294770267104877,0.06715166964334982,0.9917889600399589,0.5729384339467498,0.9218610123972548,0.025748834013938904,1.5768510103225708,0.5070225238000603,0.3528477850424628,0
c6,C_hard_maze_dense,36,onlstm,onlstm,,0.0,128,0,nan,nan,3.007411938959389,128,128,192,654,27,1.0,2.0509093928108917,0.02259521607324374,0.9777046092303808,0.5873839567746465,0.9256452947399832,0.013872506096959114,1.1044362783432007,0.4824251778914004,0.3395556375845507,0
c6,C_hard_maze_dense,36,onlstm,onlstm,,0.0,144,1,3.0602145548058326,1.0175574935918867,3.007411938959389,137,137,192,654,27,1.0,2.0509093928108917,0.02259521607324374,0.9777046092303808,0.5873839567746465,0.9256452947399832,0.013872506096959114,1.1044362783432007,0.4824251778914004,0.3395556375845507,0
c6,C_hard_maze_dense,36,onlstm,onlstm,,0.0,168,1,3.0602145548058326,1.0175574935918867,3.007411938959389,137,137,192,654,27,1.0,2.0509093928108917,0.02259521607324374,0.9777046092303808,0.5873839567746465,0.9256452947399832,0.013872506096959114,1.1044362783432007,0.4824251778914004,0.3395556375845507,0
c6,C_hard_maze_dense,36,hrm,hrm,,0.0,128,0,nan,nan,3.007411938959389,128,128,192,654,27,1.0,2.4366102028711554,0.0008880407888545727,0.9848316310599022,0.6179151808576652,0.9245076363833655,0.0006142999627627432,1.5070816278457642,0.492970044025725,0.37050265651769543,0
c6,C_hard_maze_dense,36,hrm,hrm,,0.0,144,1,3.041744150138937,1.0114158658262915,3.007411938959389,135,135,192,654,27,1.0,2.4366102028711554,0.0008880407888545727,0.9848316310599022,0.6179151808576652,0.9245076363833655,0.0006142999627627432,1.5070816278457642,0.492970044025725,0.37050265651769543,0
c6,C_hard_maze_dense,36,hrm,hrm,,0.0,168,1,3.041744150138937,1.0114158658262915,3.007411938959389,135,135,192,654,27,1.0,2.4366102028711554,0.0008880407888545727,0.9848316310599022,0.6179151808576652,0.9245076363833655,0.0006142999627627432,1.5070816278457642,0.492970044025725,0.37050265651769543,0
c6,C_hard_maze_dense,37,euclidean,,,0.0,128,0,nan,nan,2.5548422462397524,128,128,192,636,26,1.0,1.0488112256945443,0.0,0.5558077397561049,0.264328257831237,0.8966188997097362,0.0,1.0488112256945443,0.5558077397561049,0.264328257831237,0
c6,C_hard_maze_dense,37,euclidean,,,0.0,144,0,nan,nan,2.5548422462397524,144,144,192,636,26,1.0,1.0488112256945443,0.0,0.5558077397561049,0.264328257831237,0.8966188997097362,0.0,1.0488112256945443,0.5558077397561049,0.264328257831237,0
c6,C_hard_maze_dense,37,euclidean,,,0.0,168,1,2.5548422462397524,1.0,2.5548422462397524,158,158,192,636,26,1.0,1.0488112256945443,0.0,0.5558077397561049,0.264328257831237,0.8966188997097362,0.0,1.0488112256945443,0.5558077397561049,0.264328257831237,0
c6,C_hard_maze_dense,37,grid_oracle,,,0.0,128,1,2.5548422462397524,1.0,2.5548422462397524,122,122,192,636,26,1.0,2.6533419847347686,0.0037392628405653796,1.329142094800884,0.7553629207018545,0.9524879282749641,0.0,2.6872305633952633,1.306688691923219,0.7353078385726913,0
c6,C_hard_maze_dense,37,grid_oracle,,,0.0,144,1,2.5548422462397524,1.0,2.5548422462397524,122,122,192,636,26,1.0,2.6533419847347686,0.0037392628405653796,1.329142094800884,0.7553629207018545,0.9524879282749641,0.0,2.6872305633952633,1.306688691923219,0.7353078385726913,0
c6,C_hard_maze_dense,37,grid_oracle,,,0.0,168,1,2.5548422462397524,1.0,2.5548422462397524,122,122,192,636,26,1.0,2.6533419847347686,0.0037392628405653796,1.329142094800884,0.7553629207018545,0.9524879282749641,0.0,2.6872305633952633,1.306688691923219,0.7353078385726913,0
c6,C_hard_maze_dense,37,unet,unet,,0.0,128,0,nan,nan,2.5548422462397524,128,128,192,636,26,1.0,2.254216290496146,0.043788350538503766,1.047509516479745,0.6060937246415634,0.8931211512899114,0.020021770149469376,1.2883108854293823,0.47729600324646526,0.32877180803505807,0
c6,C_hard_maze_dense,37,unet,unet,,0.0,144,0,nan,nan,2.5548422462397524,144,144,192,636,26,1.0,2.254216290496146,0.043788350538503766,1.047509516479745,0.6060937246415634,0.8931211512899114,0.020021770149469376,1.2883108854293823,0.47729600324646526,0.32877180803505807,0
c6,C_hard_maze_dense,37,unet,unet,,0.0,168,1,2.5711026231533682,1.006364532658542,2.5548422462397524,150,150,192,636,26,1.0,2.254216290496146,0.043788350538503766,1.047509516479745,0.6060937246415634,0.8931211512899114,0.020021770149469376,1.2883108854293823,0.47729600324646526,0.32877180803505807,0
c6,C_hard_maze_dense,37,onlstm,onlstm,,0.0,128,0,nan,nan,2.5548422462397524,128,128,192,636,26,1.0,2.079730668883764,0.029618753555747557,1.0790419907319329,0.6040278780046061,0.9089754632015844,0.017814423888921738,1.1103789806365967,0.5104958068736778,0.32273307713800964,0
c6,C_hard_maze_dense,37,onlstm,onlstm,,0.0,144,0,nan,nan,2.5548422462397524,144,144,192,636,26,1.0,2.079730668883764,0.029618753555747557,1.0790419907319329,0.6040278780046061,0.9089754632015844,0.017814423888921738,1.1103789806365967,0.5104958068736778,0.32273307713800964,0
c6,C_hard_maze_dense,37,onlstm,onlstm,,0.0,168,1,2.574068731352232,1.00752550774545,2.5548422462397524,157,157,192,636,26,1.0,2.079730668883764,0.029618753555747557,1.0790419907319329,0.6040278780046061,0.9089754632015844,0.017814423888921738,1.1103789806365967,0.5104958068736778,0.32273307713800964,0
c6,C_hard_maze_dense,37,hrm,hrm,,0.0,128,0,nan,nan,2.5548422462397524,128,128,192,636,26,1.0,2.4906374876396624,0.0005008142361251245,1.0483492975209807,0.6759708648599178,0.8957203022000381,0.0004114167531952262,1.4880790710449219,0.47355451033101303,0.37869406821901275,0
c6,C_hard_maze_dense,37,hrm,hrm,,0.0,144,0,nan,nan,2.5548422462397524,144,144,192,636,26,1.0,2.4906374876396624,0.0005008142361251245,1.0483492975209807,0.6759708648599178,0.8957203022000381,0.0004114167531952262,1.4880790710449219,0.47355451033101303,0.37869406821901275,0
c6,C_hard_maze_dense,37,hrm,hrm,,0.0,168,1,2.5604429817750307,1.0021922040562472,2.5548422462397524,145,145,192,636,26,1.0,2.4906374876396624,0.0005008142361251245,1.0483492975209807,0.6759708648599178,0.8957203022000381,0.0004114167531952262,1.4880790710449219,0.47355451033101303,0.37869406821901275,0
c6,C_hard_maze_dense,38,euclidean,,,0.0,128,0,nan,nan,2.3635031092975742,128,128,192,634,28,1.0,1.0351849307531178,0.0,0.551334424532546,0.25423330053885385,0.9502041342267317,0.0,1.0351849307531178,0.551334424532546,0.25423330053885385,0
c6,C_hard_maze_dense,38,euclidean,,,0.0,144,0,nan,nan,2.3635031092975742,144,144,192,634,28,1.0,1.0351849307531178,0.0,0.551334424532546,0.25423330053885385,0.9502041342267317,0.0,1.0351849307531178,0.551334424532546,0.25423330053885385,0
c6,C_hard_maze_dense,38,euclidean,,,0.0,168,1,2.363503109297574,0.9999999999999998,2.3635031092975742,145,145,192,634,28,1.0,1.0351849307531178,0.0,0.551334424532546,0.25423330053885385,0.9502041342267317,0.0,1.0351849307531178,0.551334424532546,0.25423330053885385,0
c6,C_hard_maze_dense,38,grid_oracle,,,0.0,128,1,2.363503109297574,0.9999999999999998,2.3635031092975742,79,79,192,634,28,1.0,2.5420117719446513,0.009581915662953518,1.1455972712343832,0.6998585422425794,0.9980705585546484,0.0,2.5827572586919,1.1798881835586559,0.7069358892307116,0
c6,C_hard_maze_dense,38,grid_oracle,,,0.0,144,1,2.363503109297574,0.9999999999999998,2.3635031092975742,79,79,192,634,28,1.0,2.5420117719446513,0.009581915662953518,1.1455972712343832,0.6998585422425794,0.9980705585546484,0.0,2.5827572586919,1.1798881835586559,0.7069358892307116,0
c6,C_hard_maze_dense,38,grid_oracle,,,0.0,168,1,2.363503109297574,0.9999999999999998,2.3635031092975742,79,79,192,634,28,1.0,2.5420117719446513,0.009581915662953518,1.1455972712343832,0.6998585422425794,0.9980705585546484,0.0,2.5827572586919,1.1798881835586559,0.7069358892307116,0
c6,C_hard_maze_dense,38,unet,unet,,0.0,128,1,2.4092320763779664,1.0193479614647016,2.3635031092975742,101,101,192,634,28,1.0,2.3211451611050835,0.05541488701491009,1.0640056760133618,0.6071323988291927,0.9517537910642109,0.02887798845767975,1.4508765935897827,0.502115421913004,0.3566368407525582,0
c6,C_hard_maze_dense,38,unet,unet,,0.0,144,1,2.4092320763779664,1.0193479614647016,2.3635031092975742,101,101,192,634,28,1.0,2.3211451611050835,0.05541488701491009,1.0640056760133618,0.6071323988291927,0.9517537910642109,0.02887798845767975,1.4508765935897827,0.502115421913004,0.3566368407525582,0
c6,C_hard_maze_dense,38,unet,unet,,0.0,168,1,2.4092320763779664,1.0193479614647016,2.3635031092975742,101,101,192,634,28,1.0,2.3211451611050835,0.05541488701491009,1.0640056760133618,0.6071323988291927,0.9517537910642109,0.02887798845767975,1.4508765935897827,0.502115421913004,0.3566368407525582,0
c6,C_hard_maze_dense,38,onlstm,onlstm,,0.0,128,1,2.461403573400072,1.0414217623481754,2.3635031092975742,123,123,192,634,28,1.0,2.0697779789859974,0.029441842048789062,1.040166886429654,0.6078222847872312,0.9629659143314436,0.01437850296497345,1.121720314025879,0.49193418681852563,0.3485441732013577,0
c6,C_hard_maze_dense,38,onlstm,onlstm,,0.0,144,1,2.461403573400072,1.0414217623481754,2.3635031092975742,123,123,192,634,28,1.0,2.0697779789859974,0.029441842048789062,1.040166886429654,0.6078222847872312,0.9629659143314436,0.01437850296497345,1.121720314025879,0.49193418681852563,0.3485441732013577,0
c6,C_hard_maze_dense,38,onlstm,onlstm,,0.0,168,1,2.461403573400072,1.0414217623481754,2.3635031092975742,123,123,192,634,28,1.0,2.0697779789859974,0.029441842048789062,1.040166886429654,0.6078222847872312,0.9629659143314436,0.01437850296497345,1.121720314025879,0.49193418681852563,0.3485441732013577,0
c6,C_hard_maze_dense,38,hrm,hrm,,0.0,128,1,2.3785467918556584,1.0063649937666277,2.3635031092975742,103,103,192,634,28,1.0,2.3304327955526576,0.0008040340199613068,1.0495714270168743,0.6316710831624106,0.9570046523614466,0.0005456976359710097,1.4927016496658325,0.4970910008510998,0.3750475885118269,0
c6,C_hard_maze_dense,38,hrm,hrm,,0.0,144,1,2.3785467918556584,1.0063649937666277,2.3635031092975742,103,103,192,634,28,1.0,2.3304327955526576,0.0008040340199613068,1.0495714270168743,0.6316710831624106,0.9570046523614466,0.0005456976359710097,1.4927016496658325,0.4970910008510998,0.3750475885118269,0
c6,C_hard_maze_dense,38,hrm,hrm,,0.0,168,1,2.3785467918556584,1.0063649937666277,2.3635031092975742,103,103,192,634,28,1.0,2.3304327955526576,0.0008040340199613068,1.0495714270168743,0.6316710831624106,0.9570046523614466,0.0005456976359710097,1.4927016496658325,0.4970910008510998,0.3750475885118269,0
c6,C_hard_maze_dense,39,euclidean,,,0.0,128,0,nan,nan,2.4057384320866086,128,128,192,627,33,1.0,0.9954804345811527,0.0,0.4969303703196483,0.25468471633810447,0.928887027642894,0.0,0.9954804345811527,0.4969303703196483,0.25468471633810447,0
c6,C_hard_maze_dense,39,euclidean,,,0.0,144,0,nan,nan,2.4057384320866086,144,144,192,627,33,1.0,0.9954804345811527,0.0,0.4969303703196483,0.25468471633810447,0.928887027642894,0.0,0.9954804345811527,0.4969303703196483,0.25468471633810447,0
c6,C_hard_maze_dense,39,euclidean,,,0.0,168,1,2.4057384320866086,1.0,2.4057384320866086,152,152,192,627,33,1.0,0.9954804345811527,0.0,0.4969303703196483,0.25468471633810447,0.928887027642894,0.0,0.9954804345811527,0.4969303703196483,0.25468471633810447,0
c6,C_hard_maze_dense,39,grid_oracle,,,0.0,128,1,2.405860935232296,1.0000509212240423,2.4057384320866086,108,108,192,627,33,1.0,2.3789233386335864,0.007084226501854817,1.1048100678764339,0.6944118264782726,0.9943320538209045,0.0,2.3796322586918994,1.1192202589986835,0.6547964599706297,0
c6,C_hard_maze_dense,39,grid_oracle,,,0.0,144,1,2.405860935232296,1.0000509212240423,2.4057384320866086,108,108,192,627,33,1.0,2.3789233386335864,0.007084226501854817,1.1048100678764339,0.6944118264782726,0.9943320538209045,0.0,2.3796322586918994,1.1192202589986835,0.6547964599706297,0
c6,C_hard_maze_dense,39,grid_oracle,,,0.0,168,1,2.405860935232296,1.0000509212240423,2.4057384320866086,108,108,192,627,33,1.0,2.3789233386335864,0.007084226501854817,1.1048100678764339,0.6944118264782726,0.9943320538209045,0.0,2.3796322586918994,1.1192202589986835,0.6547964599706297,0
c6,C_hard_maze_dense,39,unet,unet,,0.0,128,0,nan,nan,2.4057384320866086,128,128,192,627,33,1.0,2.108977877259151,0.04887154805882005,0.978011397229673,0.5967122677305898,0.9449057998535118,0.022187458351254463,1.503823161125183,0.5005896614852645,0.34770400883546887,0
c6,C_hard_maze_dense,39,unet,unet,,0.0,144,1,2.4606266627165665,1.0228155438254984,2.4057384320866086,138,138,192,627,33,1.0,2.108977877259151,0.04887154805882005,0.978011397229673,0.5967122677305898,0.9449057998535118,0.022187458351254463,1.503823161125183,0.5005896614852645,0.34770400883546887,0
c6,C_hard_maze_dense,39,unet,unet,,0.0,168,1,2.4606266627165665,1.0228155438254984,2.4057384320866086,138,138,192,627,33,1.0,2.108977877259151,0.04887154805882005,0.978011397229673,0.5967122677305898,0.9449057998535118,0.022187458351254463,1.503823161125183,0.5005896614852645,0.34770400883546887,0
c6,C_hard_maze_dense,39,onlstm,onlstm,,0.0,128,0,nan,nan,2.4057384320866086,128,128,192,627,33,1.0,1.9515183451447498,0.027140909001117798,0.9308811624562373,0.5939636339427453,0.9429577082711663,0.014916176907718182,1.065931797027588,0.42896240079517156,0.32757094903628964,0
c6,C_hard_maze_dense,39,onlstm,onlstm,,0.0,144,1,2.4057384320866086,1.0,2.4057384320866086,144,144,192,627,33,1.0,1.9515183451447498,0.027140909001117798,0.9308811624562373,0.5939636339427453,0.9429577082711663,0.014916176907718182,1.065931797027588,0.42896240079517156,0.32757094903628964,0
c6,C_hard_maze_dense,39,onlstm,onlstm,,0.0,168,1,2.4057384320866086,1.0,2.4057384320866086,144,144,192,627,33,1.0,1.9515183451447498,0.027140909001117798,0.9308811624562373,0.5939636339427453,0.9429577082711663,0.014916176907718182,1.065931797027588,0.42896240079517156,0.32757094903628964,0
c6,C_hard_maze_dense,39,hrm,hrm,,0.0,128,1,2.4331147783269,1.0113796021525692,2.4057384320866086,128,128,192,627,33,1.0,2.281143575075492,0.0010259192329637205,0.9680533979329252,0.6294417349653905,0.9470234381358003,0.0006541304755955935,1.4323652982711792,0.46895352503092624,0.3701636234668165,0
c6,C_hard_maze_dense,39,hrm,hrm,,0.0,144,1,2.4331147783269,1.0113796021525692,2.4057384320866086,128,128,192,627,33,1.0,2.281143575075492,0.0010259192329637205,0.9680533979329252,0.6294417349653905,0.9470234381358003,0.0006541304755955935,1.4323652982711792,0.46895352503092624,0.3701636234668165,0
c6,C_hard_maze_dense,39,hrm,hrm,,0.0,168,1,2.4331147783269,1.0113796021525692,2.4057384320866086,128,128,192,627,33,1.0,2.281143575075492,0.0010259192329637205,0.9680533979329252,0.6294417349653905,0.9470234381358003,0.0006541304755955935,1.4323652982711792,0.46895352503092624,0.3701636234668165,0
