provider,mode,w,budget,found,expansions,closed,cost,optimal,suboptimality,nonfinite,suite,world_index
euclid,astar,,140,False,140,140,nan,2.1699925370216557,nan,0,C_hard_maze,0
euclid,focal,1.0,140,False,140,140,nan,2.1699925370216557,nan,0,C_hard_maze,0
euclid,focal,1.1,140,False,140,140,nan,2.1699925370216557,nan,0,C_hard_maze,0
euclid,astar,,152,False,152,152,nan,2.1699925370216557,nan,0,C_hard_maze,0
euclid,focal,1.0,152,False,152,152,nan,2.1699925370216557,nan,0,C_hard_maze,0
euclid,focal,1.1,152,False,152,152,nan,2.1699925370216557,nan,0,C_hard_maze,0
oracle,astar,,140,True,24,24,2.1699925370216557,2.1699925370216557,1.0,0,C_hard_maze,0
oracle,focal,1.0,140,False,140,140,nan,2.1699925370216557,nan,0,C_hard_maze,0
oracle,focal,1.1,140,False,140,140,nan,2.1699925370216557,nan,0,C_hard_maze,0
oracle,astar,,152,True,24,24,2.1699925370216557,2.1699925370216557,1.0,0,C_hard_maze,0
oracle,focal,1.0,152,False,152,152,nan,2.1699925370216557,nan,0,C_hard_maze,0
oracle,focal,1.1,152,False,152,152,nan,2.1699925370216557,nan,0,C_hard_maze,0
scalar_hrm,astar,,140,True,111,111,2.449513671627208,2.1699925370216557,1.12881202577277,0,C_hard_maze,0
scalar_hrm,focal,1.0,140,False,140,140,nan,2.1699925370216557,nan,0,C_hard_maze,0
scalar_hrm,focal,1.1,140,False,140,140,nan,2.1699925370216557,nan,0,C_hard_maze,0
scalar_hrm,astar,,152,True,111,111,2.449513671627208,2.1699925370216557,1.12881202577277,0,C_hard_maze,0
scalar_hrm,focal,1.0,152,False,152,152,nan,2.1699925370216557,nan,0,C_hard_maze,0
scalar_hrm,focal,1.1,152,False,152,152,nan,2.1699925370216557,nan,0,C_hard_maze,0
scalar_onlstm,astar,,140,True,85,85,2.2242267766165877,2.1699925370216557,1.0249928230948524,0,C_hard_maze,0
scalar_onlstm,focal,1.0,140,False,140,140,nan,2.1699925370216557,nan,0,C_hard_maze,0
scalar_onlstm,focal,1.1,140,False,140,140,nan,2.1699925370216557,nan,0,C_hard_maze,0
scalar_onlstm,astar,,152,True,85,85,2.2242267766165877,2.1699925370216557,1.0249928230948524,0,C_hard_maze,0
scalar_onlstm,focal,1.0,152,False,152,152,nan,2.1699925370216557,nan,0,C_hard_maze,0
scalar_onlstm,focal,1.1,152,False,152,152,nan,2.1699925370216557,nan,0,C_hard_maze,0
field_unet,astar,,140,True,128,128,2.235951406695516,2.1699925370216557,1.0303958970128024,0,C_hard_maze,0
field_unet,focal,1.0,140,False,140,140,nan,2.1699925370216557,nan,0,C_hard_maze,0
field_unet,focal,1.1,140,False,140,140,nan,2.1699925370216557,nan,0,C_hard_maze,0
field_unet,astar,,152,True,128,128,2.235951406695516,2.1699925370216557,1.0303958970128024,0,C_hard_maze,0
field_unet,focal,1.0,152,False,152,152,nan,2.1699925370216557,nan,0,C_hard_maze,0
field_unet,focal,1.1,152,False,152,152,nan,2.1699925370216557,nan,0,C_hard_maze,0
field_onlstm,astar,,140,True,107,107,2.17961226506296,2.1699925370216557,1.0044330696429526,0,C_hard_maze,0
field_onlstm,focal,1.0,140,False,140,140,nan,2.1699925370216557,nan,0,C_hard_maze,0
field_onlstm,focal,1.1,140,False,140,140,nan,2.1699925370216557,nan,0,C_hard_maze,0
field_onlstm,astar,,152,True,107,107,2.17961226506296,2.1699925370216557,1.0044330696429526,0,C_hard_maze,0
field_onlstm,focal,1.0,152,False,152,152,nan,2.1699925370216557,nan,0,C_hard_maze,0
field_onlstm,focal,1.1,152,False,152,152,nan,2.1699925370216557,nan,0,C_hard_maze,0
field_hrm,astar,,140,True,117,117,2.1699925370216557,2.1699925370216557,1.0,0,C_hard_maze,0
field_hrm,focal,1.0,140,False,140,140,nan,2.1699925370216557,nan,0,C_hard_maze,0
field_hrm,focal,1.1,140,False,140,140,nan,2.1699925370216557,nan,0,C_hard_maze,0
field_hrm,astar,,152,True,117,117,2.1699925370216557,2.1699925370216557,1.0,0,C_hard_maze,0
field_hrm,focal,1.0,152,False,152,152,nan,2.1699925370216557,nan,0,C_hard_maze,0
field_hrm,focal,1.1,152,False,152,152,nan,2.1699925370216557,nan,0,C_hard_maze,0
euclid,astar,,140,True,129,129,1.7251066080894684,1.7251066080894681,1.0000000000000002,0,C_hard_maze,1
euclid,focal,1.0,140,True,129,129,1.7251066080894684,1.7251066080894681,1.0000000000000002,0,C_hard_maze,1
euclid,focal,1.1,140,True,127,127,1.7356040103282415,1.7251066080894681,1.0060850745046992,0,C_hard_maze,1
euclid,astar,,152,True,129,129,1.7251066080894684,1.7251066080894681,1.0000000000000002,0,C_hard_maze,1
euclid,focal,1.0,152,True,129,129,1.7251066080894684,1.7251066080894681,1.0000000000000002,0,C_hard_maze,1
euclid,focal,1.1,152,True,127,127,1.7356040103282415,1.7251066080894681,1.0060850745046992,0,C_hard_maze,1
oracle,astar,,140,True,19,19,1.7251066080894684,1.7251066080894681,1.0000000000000002,0,C_hard_maze,1
oracle,focal,1.0,140,True,129,129,1.7251066080894684,1.7251066080894681,1.0000000000000002,0,C_hard_maze,1
oracle,focal,1.1,140,True,115,115,1.7251066080894684,1.7251066080894681,1.0000000000000002,0,C_hard_maze,1
oracle,astar,,152,True,19,19,1.7251066080894684,1.7251066080894681,1.0000000000000002,0,C_hard_maze,1
oracle,focal,1.0,152,True,129,129,1.7251066080894684,1.7251066080894681,1.0000000000000002,0,C_hard_maze,1
oracle,focal,1.1,152,True,115,115,1.7251066080894684,1.7251066080894681,1.0000000000000002,0,C_hard_maze,1
scalar_hrm,astar,,140,True,42,42,1.8281722951157924,1.7251066080894681,1.059744532044004,0,C_hard_maze,1
scalar_hrm,focal,1.0,140,True,129,129,1.7251066080894684,1.7251066080894681,1.0000000000000002,0,C_hard_maze,1
scalar_hrm,focal,1.1,140,True,113,113,1.7491265683281125,1.7251066080894681,1.0139237541181563,0,C_hard_maze,1
scalar_hrm,astar,,152,True,42,42,1.8281722951157924,1.7251066080894681,1.059744532044004,0,C_hard_maze,1
scalar_hrm,focal,1.0,152,True,129,129,1.7251066080894684,1.7251066080894681,1.0000000000000002,0,C_hard_maze,1
scalar_hrm,focal,1.1,152,True,113,113,1.7491265683281125,1.7251066080894681,1.0139237541181563,0,C_hard_maze,1
scalar_onlstm,astar,,140,True,39,39,1.7251066080894684,1.7251066080894681,1.0000000000000002,0,C_hard_maze,1
scalar_onlstm,focal,1.0,140,True,129,129,1.7251066080894684,1.7251066080894681,1.0000000000000002,0,C_hard_maze,1
scalar_onlstm,focal,1.1,140,True,123,123,1.7581539463851223,1.7251066080894681,1.0191566933548841,0,C_hard_maze,1
scalar_onlstm,astar,,152,True,39,39,1.7251066080894684,1.7251066080894681,1.0000000000000002,0,C_hard_maze,1
scalar_onlstm,focal,1.0,152,True,129,129,1.7251066080894684,1.7251066080894681,1.0000000000000002,0,C_hard_maze,1
scalar_onlstm,focal,1.1,152,True,123,123,1.7581539463851223,1.7251066080894681,1.0191566933548841,0,C_hard_maze,1
field_unet,astar,,140,True,72,72,1.8122634079856983,1.7251066080894681,1.0505225587146496,0,C_hard_maze,1
field_unet,focal,1.0,140,True,129,129,1.7251066080894684,1.7251066080894681,1.0000000000000002,0,C_hard_maze,1
field_unet,focal,1.1,140,True,113,113,1.7272650678216652,1.7251066080894681,1.001251203677544,0,C_hard_maze,1
field_unet,astar,,152,True,72,72,1.8122634079856983,1.7251066080894681,1.0505225587146496,0,C_hard_maze,1
field_unet,focal,1.0,152,True,129,129,1.7251066080894684,1.7251066080894681,1.0000000000000002,0,C_hard_maze,1
field_unet,focal,1.1,152,True,113,113,1.7272650678216652,1.7251066080894681,1.001251203677544,0,C_hard_maze,1
field_onlstm,astar,,140,True,68,68,1.8263134275987116,1.7251066080894681,1.0586669942800397,0,C_hard_maze,1
field_onlstm,focal,1.0,140,True,129,129,1.7251066080894684,1.7251066080894681,1.0000000000000002,0,C_hard_maze,1
field_onlstm,focal,1.1,140,True,113,113,1.7356040103282415,1.7251066080894681,1.0060850745046992,0,C_hard_maze,1
field_onlstm,astar,,152,True,68,68,1.8263134275987116,1.7251066080894681,1.0586669942800397,0,C_hard_maze,1
field_onlstm,focal,1.0,152,True,129,129,1.7251066080894684,1.7251066080894681,1.0000000000000002,0,C_hard_maze,1
field_onlstm,focal,1.1,152,True,113,113,1.7356040103282415,1.7251066080894681,1.0060850745046992,0,C_hard_maze,1
field_hrm,astar,,140,True,48,48,1.750900386959277,1.7251066080894681,1.0149519912270089,0,C_hard_maze,1
field_hrm,focal,1.0,140,True,129,129,1.7251066080894684,1.7251066080894681,1.0000000000000002,0,C_hard_maze,1
field_hrm,focal,1.1,140,True,113,113,1.7272650678216652,1.7251066080894681,1.001251203677544,0,C_hard_maze,1
field_hrm,astar,,152,True,48,48,1.750900386959277,1.7251066080894681,1.0149519912270089,0,C_hard_maze,1
field_hrm,focal,1.0,152,True,129,129,1.7251066080894684,1.7251066080894681,1.0000000000000002,0,C_hard_maze,1
field_hrm,focal,1.1,152,True,113,113,1.7272650678216652,1.7251066080894681,1.001251203677544,0,C_hard_maze,1
euclid,astar,,140,True,129,129,1.7800782277385767,1.7800782277385765,1.0000000000000002,0,C_hard_maze,2
euclid,focal,1.0,140,True,129,129,1.7800782277385767,1.7800782277385765,1.0000000000000002,0,C_hard_maze,2
euclid,focal,1.1,140,True,129,129,1.8226433341941777,1.7800782277385765,1.0239119302693096,0,C_hard_maze,2
euclid,astar,,152,True,129,129,1.7800782277385767,1.7800782277385765,1.0000000000000002,0,C_hard_maze,2
euclid,focal,1.0,152,True,129,129,1.7800782277385767,1.7800782277385765,1.0000000000000002,0,C_hard_maze,2
euclid,focal,1.1,152,True,129,129,1.8226433341941777,1.7800782277385765,1.0239119302693096,0,C_hard_maze,2
oracle,astar,,140,True,19,19,1.7800782277385767,1.7800782277385765,1.0000000000000002,0,C_hard_maze,2
oracle,focal,1.0,140,True,129,129,1.7800782277385767,1.7800782277385765,1.0000000000000002,0,C_hard_maze,2
oracle,focal,1.1,140,True,130,130,1.805964522960943,1.7800782277385765,1.0145422233804031,0,C_hard_maze,2
oracle,astar,,152,True,19,19,1.7800782277385767,1.7800782277385765,1.0000000000000002,0,C_hard_maze,2
oracle,focal,1.0,152,True,129,129,1.7800782277385767,1.7800782277385765,1.0000000000000002,0,C_hard_maze,2
oracle,focal,1.1,152,True,130,130,1.805964522960943,1.7800782277385765,1.0145422233804031,0,C_hard_maze,2
scalar_hrm,astar,,140,True,52,52,2.031905416899435,1.7800782277385765,1.1414697316312787,0,C_hard_maze,2
scalar_hrm,focal,1.0,140,True,129,129,1.7800782277385767,1.7800782277385765,1.0000000000000002,0,C_hard_maze,2
scalar_hrm,focal,1.1,140,True,122,122,1.7958395891202832,1.7800782277385765,1.008854308274828,0,C_hard_maze,2
scalar_hrm,astar,,152,True,52,52,2.031905416899435,1.7800782277385765,1.1414697316312787,0,C_hard_maze,2
scalar_hrm,focal,1.0,152,True,129,129,1.7800782277385767,1.7800782277385765,1.0000000000000002,0,C_hard_maze,2
scalar_hrm,focal,1.1,152,True,122,122,1.7958395891202832,1.7800782277385765,1.008854308274828,0,C_hard_maze,2
scalar_onlstm,astar,,140,True,49,49,2.12731729968856,1.7800782277385765,1.1950695573593517,0,C_hard_maze,2
scalar_onlstm,focal,1.0,140,True,129,129,1.7800782277385767,1.7800782277385765,1.0000000000000002,0,C_hard_maze,2
scalar_onlstm,focal,1.1,140,True,130,130,1.8740542296237621,1.7800782277385765,1.0527931865132543,0,C_hard_maze,2
scalar_onlstm,astar,,152,True,49,49,2.12731729968856,1.7800782277385765,1.1950695573593517,0,C_hard_maze,2
scalar_onlstm,focal,1.0,152,True,129,129,1.7800782277385767,1.7800782277385765,1.0000000000000002,0,C_hard_maze,2
scalar_onlstm,focal,1.1,152,True,130,130,1.8740542296237621,1.7800782277385765,1.0527931865132543,0,C_hard_maze,2
field_unet,astar,,140,True,59,59,1.822473821460452,1.7800782277385765,1.0238167025815124,0,C_hard_maze,2
field_unet,focal,1.0,140,True,129,129,1.7800782277385767,1.7800782277385765,1.0000000000000002,0,C_hard_maze,2
field_unet,focal,1.1,140,True,131,131,1.8308407511849136,1.7800782277385765,1.028517018328361,0,C_hard_maze,2
field_unet,astar,,152,True,59,59,1.822473821460452,1.7800782277385765,1.0238167025815124,0,C_hard_maze,2
field_unet,focal,1.0,152,True,129,129,1.7800782277385767,1.7800782277385765,1.0000000000000002,0,C_hard_maze,2
field_unet,focal,1.1,152,True,131,131,1.8308407511849136,1.7800782277385765,1.028517018328361,0,C_hard_maze,2
field_onlstm,astar,,140,True,58,58,1.805964522960943,1.7800782277385765,1.0145422233804031,0,C_hard_maze,2
field_onlstm,focal,1.0,140,True,129,129,1.7800782277385767,1.7800782277385765,1.0000000000000002,0,C_hard_maze,2
field_onlstm,focal,1.1,140,True,130,130,1.8068819728124712,1.7800782277385765,1.0150576219944818,0,C_hard_maze,2
field_onlstm,astar,,152,True,58,58,1.805964522960943,1.7800782277385765,1.0145422233804031,0,C_hard_maze,2
field_onlstm,focal,1.0,152,True,129,129,1.7800782277385767,1.7800782277385765,1.0000000000000002,0,C_hard_maze,2
field_onlstm,focal,1.1,152,True,130,130,1.8068819728124712,1.7800782277385765,1.0150576219944818,0,C_hard_maze,2
field_hrm,astar,,140,True,56,56,1.7958395891202832,1.7800782277385765,1.008854308274828,0,C_hard_maze,2
field_hrm,focal,1.0,140,True,129,129,1.7800782277385767,1.7800782277385765,1.0000000000000002,0,C_hard_maze,2
field_hrm,focal,1.1,140,True,130,130,1.8068819728124712,1.7800782277385765,1.0150576219944818,0,C_hard_maze,2
field_hrm,astar,,152,True,56,56,1.7958395891202832,1.7800782277385765,1.008854308274828,0,C_hard_maze,2
field_hrm,focal,1.0,152,True,129,129,1.7800782277385767,1.7800782277385765,1.0000000000000002,0,C_hard_maze,2
field_hrm,focal,1.1,152,True,130,130,1.8068819728124712,1.7800782277385765,1.0150576219944818,0,C_hard_maze,2
euclid,astar,,140,False,140,140,nan,2.608639610698153,nan,0,C_hard_maze,3
euclid,focal,1.0,140,False,140,140,nan,2.608639610698153,nan,0,C_hard_maze,3
euclid,focal,1.1,140,False,140,140,nan,2.608639610698153,nan,0,C_hard_maze,3
euclid,astar,,152,True,149,149,2.6086396106981526,2.608639610698153,0.9999999999999998,0,C_hard_maze,3
euclid,focal,1.0,152,True,149,149,2.6086396106981526,2.608639610698153,0.9999999999999998,0,C_hard_maze,3
euclid,focal,1.1,152,True,147,147,2.629659803307616,2.608639610698153,1.0080579136049526,0,C_hard_maze,3
oracle,astar,,140,True,29,29,2.6086396106981526,2.608639610698153,0.9999999999999998,0,C_hard_maze,3
oracle,focal,1.0,140,False,140,140,nan,2.608639610698153,nan,0,C_hard_maze,3
oracle,focal,1.1,140,False,140,140,nan,2.608639610698153,nan,0,C_hard_maze,3
oracle,astar,,152,True,29,29,2.6086396106981526,2.608639610698153,0.9999999999999998,0,C_hard_maze,3
oracle,focal,1.0,152,True,149,149,2.6086396106981526,2.608639610698153,0.9999999999999998,0,C_hard_maze,3
oracle,focal,1.1,152,True,147,147,2.664876765358576,2.608639610698153,1.021558039075153,0,C_hard_maze,3
scalar_hrm,astar,,140,True,100,100,2.6829240913871786,2.608639610698153,1.028476329342076,0,C_hard_maze,3
scalar_hrm,focal,1.0,140,False,140,140,nan,2.608639610698153,nan,0,C_hard_maze,3
scalar_hrm,focal,1.1,140,True,137,137,2.659837796970214,2.608639610698153,1.019626393029568,0,C_hard_maze,3
scalar_hrm,astar,,152,True,100,100,2.6829240913871786,2.608639610698153,1.028476329342076,0,C_hard_maze,3
scalar_hrm,focal,1.0,152,True,149,149,2.6086396106981526,2.608639610698153,0.9999999999999998,0,C_hard_maze,3
scalar_hrm,focal,1.1,152,True,137,137,2.659837796970214,2.608639610698153,1.019626393029568,0,C_hard_maze,3
scalar_onlstm,astar,,140,True,113,113,2.6174314382707555,2.608639610698153,1.003370272971608,0,C_hard_maze,3
scalar_onlstm,focal,1.0,140,False,140,140,nan,2.608639610698153,nan,0,C_hard_maze,3
scalar_onlstm,focal,1.1,140,False,140,140,nan,2.608639610698153,nan,0,C_hard_maze,3
scalar_onlstm,astar,,152,True,113,113,2.6174314382707555,2.608639610698153,1.003370272971608,0,C_hard_maze,3
scalar_onlstm,focal,1.0,152,True,149,149,2.6086396106981526,2.608639610698153,0.9999999999999998,0,C_hard_maze,3
scalar_onlstm,focal,1.1,152,True,145,145,2.664323712322129,2.608639610698153,1.0213460308567013,0,C_hard_maze,3
field_unet,astar,,140,True,127,127,2.621601712919012,2.608639610698153,1.0049689125963206,0,C_hard_maze,3
field_unet,focal,1.0,140,False,140,140,nan,2.608639610698153,nan,0,C_hard_maze,3
field_unet,focal,1.1,140,False,140,140,nan,2.608639610698153,nan,0,C_hard_maze,3
field_unet,astar,,152,True,127,127,2.621601712919012,2.608639610698153,1.0049689125963206,0,C_hard_maze,3
field_unet,focal,1.0,152,True,149,149,2.6086396106981526,2.608639610698153,0.9999999999999998,0,C_hard_maze,3
field_unet,focal,1.1,152,True,147,147,2.7006567116311695,2.608639610698153,1.0352739797999118,0,C_hard_maze,3
field_onlstm,astar,,140,True,124,124,2.701613235003868,2.608639610698153,1.0356406549699029,0,C_hard_maze,3
field_onlstm,focal,1.0,140,False,140,140,nan,2.608639610698153,nan,0,C_hard_maze,3
field_onlstm,focal,1.1,140,True,137,137,2.6378517387976474,2.608639610698153,1.011198223004701,0,C_hard_maze,3
field_onlstm,astar,,152,True,124,124,2.701613235003868,2.608639610698153,1.0356406549699029,0,C_hard_maze,3
field_onlstm,focal,1.0,152,True,149,149,2.6086396106981526,2.608639610698153,0.9999999999999998,0,C_hard_maze,3
field_onlstm,focal,1.1,152,True,137,137,2.6378517387976474,2.608639610698153,1.011198223004701,0,C_hard_maze,3
field_hrm,astar,,140,True,123,123,2.6086396106981526,2.608639610698153,0.9999999999999998,0,C_hard_maze,3
field_hrm,focal,1.0,140,False,140,140,nan,2.608639610698153,nan,0,C_hard_maze,3
field_hrm,focal,1.1,140,False,140,140,nan,2.608639610698153,nan,0,C_hard_maze,3
field_hrm,astar,,152,True,123,123,2.6086396106981526,2.608639610698153,0.9999999999999998,0,C_hard_maze,3
field_hrm,focal,1.0,152,True,149,149,2.6086396106981526,2.608639610698153,0.9999999999999998,0,C_hard_maze,3
field_hrm,focal,1.1,152,True,146,146,2.642334797234575,2.608639610698153,1.0129167656575622,0,C_hard_maze,3
euclid,astar,,140,True,136,136,1.8715925405995628,1.8715925405995633,0.9999999999999998,0,C_hard_maze,4
euclid,focal,1.0,140,True,136,136,1.8715925405995628,1.8715925405995633,0.9999999999999998,0,C_hard_maze,4
euclid,focal,1.1,140,True,135,135,1.948811981932591,1.8715925405995633,1.0412586819288618,0,C_hard_maze,4
euclid,astar,,152,True,136,136,1.8715925405995628,1.8715925405995633,0.9999999999999998,0,C_hard_maze,4
euclid,focal,1.0,152,True,136,136,1.8715925405995628,1.8715925405995633,0.9999999999999998,0,C_hard_maze,4
euclid,focal,1.1,152,True,135,135,1.948811981932591,1.8715925405995633,1.0412586819288618,0,C_hard_maze,4
oracle,astar,,140,True,21,21,1.8715925405995628,1.8715925405995633,0.9999999999999998,0,C_hard_maze,4
oracle,focal,1.0,140,True,136,136,1.8715925405995628,1.8715925405995633,0.9999999999999998,0,C_hard_maze,4
oracle,focal,1.1,140,True,126,126,1.8919983523292574,1.8715925405995633,1.0109029135813703,0,C_hard_maze,4
oracle,astar,,152,True,21,21,1.8715925405995628,1.8715925405995633,0.9999999999999998,0,C_hard_maze,4
oracle,focal,1.0,152,True,136,136,1.8715925405995628,1.8715925405995633,0.9999999999999998,0,C_hard_maze,4
oracle,focal,1.1,152,True,126,126,1.8919983523292574,1.8715925405995633,1.0109029135813703,0,C_hard_maze,4
scalar_hrm,astar,,140,True,65,65,1.8788836431250937,1.8715925405995633,1.0038956676559496,0,C_hard_maze,4
scalar_hrm,focal,1.0,140,True,136,136,1.8715925405995628,1.8715925405995633,0.9999999999999998,0,C_hard_maze,4
scalar_hrm,focal,1.1,140,True,126,126,1.901070673620647,1.8715925405995633,1.0157502941380823,0,C_hard_maze,4
scalar_hrm,astar,,152,True,65,65,1.8788836431250937,1.8715925405995633,1.0038956676559496,0,C_hard_maze,4
scalar_hrm,focal,1.0,152,True,136,136,1.8715925405995628,1.8715925405995633,0.9999999999999998,0,C_hard_maze,4
scalar_hrm,focal,1.1,152,True,126,126,1.901070673620647,1.8715925405995633,1.0157502941380823,0,C_hard_maze,4
scalar_onlstm,astar,,140,True,65,65,1.9305707204339637,1.8715925405995633,1.0315122969102595,0,C_hard_maze,4
scalar_onlstm,focal,1.0,140,True,136,136,1.8715925405995628,1.8715925405995633,0.9999999999999998,0,C_hard_maze,4
scalar_onlstm,focal,1.1,140,True,133,133,1.931812536214642,1.8715925405995633,1.0321758044599747,0,C_hard_maze,4
scalar_onlstm,astar,,152,True,65,65,1.9305707204339637,1.8715925405995633,1.0315122969102595,0,C_hard_maze,4
scalar_onlstm,focal,1.0,152,True,136,136,1.8715925405995628,1.8715925405995633,0.9999999999999998,0,C_hard_maze,4
scalar_onlstm,focal,1.1,152,True,133,133,1.931812536214642,1.8715925405995633,1.0321758044599747,0,C_hard_maze,4
field_unet,astar,,140,True,71,71,1.8716197256719405,1.8715925405995633,1.0000145251019052,0,C_hard_maze,4
field_unet,focal,1.0,140,True,136,136,1.8715925405995628,1.8715925405995633,0.9999999999999998,0,C_hard_maze,4
field_unet,focal,1.1,140,True,126,126,1.8919983523292574,1.8715925405995633,1.0109029135813703,0,C_hard_maze,4
field_unet,astar,,152,True,71,71,1.8716197256719405,1.8715925405995633,1.0000145251019052,0,C_hard_maze,4
field_unet,focal,1.0,152,True,136,136,1.8715925405995628,1.8715925405995633,0.9999999999999998,0,C_hard_maze,4
field_unet,focal,1.1,152,True,126,126,1.8919983523292574,1.8715925405995633,1.0109029135813703,0,C_hard_maze,4
field_onlstm,astar,,140,True,62,62,1.9776432281305079,1.8715925405995633,1.0566633416357663,0,C_hard_maze,4
field_onlstm,focal,1.0,140,True,136,136,1.8715925405995628,1.8715925405995633,0.9999999999999998,0,C_hard_maze,4
field_onlstm,focal,1.1,140,True,126,126,1.8919983523292574,1.8715925405995633,1.0109029135813703,0,C_hard_maze,4
field_onlstm,astar,,152,True,62,62,1.9776432281305079,1.8715925405995633,1.0566633416357663,0,C_hard_maze,4
field_onlstm,focal,1.0,152,True,136,136,1.8715925405995628,1.8715925405995633,0.9999999999999998,0,C_hard_maze,4
field_onlstm,focal,1.1,152,True,126,126,1.8919983523292574,1.8715925405995633,1.0109029135813703,0,C_hard_maze,4
field_hrm,astar,,140,True,75,75,1.8793883420836992,1.8715925405995633,1.0041653304953002,0,C_hard_maze,4
field_hrm,focal,1.0,140,True,136,136,1.8715925405995628,1.8715925405995633,0.9999999999999998,0,C_hard_maze,4
field_hrm,focal,1.1,140,True,126,126,1.8919983523292574,1.8715925405995633,1.0109029135813703,0,C_hard_maze,4
field_hrm,astar,,152,True,75,75,1.8793883420836992,1.8715925405995633,1.0041653304953002,0,C_hard_maze,4
field_hrm,focal,1.0,152,True,136,136,1.8715925405995628,1.8715925405995633,0.9999999999999998,0,C_hard_maze,4
field_hrm,focal,1.1,152,True,126,126,1.8919983523292574,1.8715925405995633,1.0109029135813703,0,C_hard_maze,4
euclid,astar,,140,False,140,140,nan,1.8565295038523226,nan,0,C_hard_maze,5
euclid,focal,1.0,140,False,140,140,nan,1.8565295038523226,nan,0,C_hard_maze,5
euclid,focal,1.1,140,True,124,124,1.856532641163685,1.8565295038523226,1.0000016898796147,0,C_hard_maze,5
euclid,astar,,152,True,141,141,1.8565295038523226,1.8565295038523226,1.0,0,C_hard_maze,5
euclid,focal,1.0,152,True,141,141,1.8565295038523226,1.8565295038523226,1.0,0,C_hard_maze,5
euclid,focal,1.1,152,True,124,124,1.856532641163685,1.8565295038523226,1.0000016898796147,0,C_hard_maze,5
oracle,astar,,140,True,20,20,1.8565295038523226,1.8565295038523226,1.0,0,C_hard_maze,5
oracle,focal,1.0,140,False,140,140,nan,1.8565295038523226,nan,0,C_hard_maze,5
oracle,focal,1.1,140,True,127,127,1.856532641163685,1.8565295038523226,1.0000016898796147,0,C_hard_maze,5
oracle,astar,,152,True,20,20,1.8565295038523226,1.8565295038523226,1.0,0,C_hard_maze,5
oracle,focal,1.0,152,True,141,141,1.8565295038523226,1.8565295038523226,1.0,0,C_hard_maze,5
oracle,focal,1.1,152,True,127,127,1.856532641163685,1.8565295038523226,1.0000016898796147,0,C_hard_maze,5
scalar_hrm,astar,,140,True,58,58,1.856532641163685,1.8565295038523226,1.0000016898796147,0,C_hard_maze,5
scalar_hrm,focal,1.0,140,False,140,140,nan,1.8565295038523226,nan,0,C_hard_maze,5
scalar_hrm,focal,1.1,140,True,124,124,1.856532641163685,1.8565295038523226,1.0000016898796147,0,C_hard_maze,5
scalar_hrm,astar,,152,True,58,58,1.856532641163685,1.8565295038523226,1.0000016898796147,0,C_hard_maze,5
scalar_hrm,focal,1.0,152,True,141,141,1.8565295038523226,1.8565295038523226,1.0,0,C_hard_maze,5
scalar_hrm,focal,1.1,152,True,124,124,1.856532641163685,1.8565295038523226,1.0000016898796147,0,C_hard_maze,5
scalar_onlstm,astar,,140,True,51,51,1.9546877455647074,1.8565295038523226,1.052871899697099,0,C_hard_maze,5
scalar_onlstm,focal,1.0,140,False,140,140,nan,1.8565295038523226,nan,0,C_hard_maze,5
scalar_onlstm,focal,1.1,140,True,132,132,1.856532641163685,1.8565295038523226,1.0000016898796147,0,C_hard_maze,5
scalar_onlstm,astar,,152,True,51,51,1.9546877455647074,1.8565295038523226,1.052871899697099,0,C_hard_maze,5
scalar_onlstm,focal,1.0,152,True,141,141,1.8565295038523226,1.8565295038523226,1.0,0,C_hard_maze,5
scalar_onlstm,focal,1.1,152,True,132,132,1.856532641163685,1.8565295038523226,1.0000016898796147,0,C_hard_maze,5
field_unet,astar,,140,True,87,87,1.9296646929881256,1.8565295038523226,1.0393934968359224,0,C_hard_maze,5
field_unet,focal,1.0,140,False,140,140,nan,1.8565295038523226,nan,0,C_hard_maze,5
field_unet,focal,1.1,140,True,124,124,1.856532641163685,1.8565295038523226,1.0000016898796147,0,C_hard_maze,5
field_unet,astar,,152,True,87,87,1.9296646929881256,1.8565295038523226,1.0393934968359224,0,C_hard_maze,5
field_unet,focal,1.0,152,True,141,141,1.8565295038523226,1.8565295038523226,1.0,0,C_hard_maze,5
field_unet,focal,1.1,152,True,124,124,1.856532641163685,1.8565295038523226,1.0000016898796147,0,C_hard_maze,5
field_onlstm,astar,,140,True,64,64,1.856532641163685,1.8565295038523226,1.0000016898796147,0,C_hard_maze,5
field_onlstm,focal,1.0,140,False,140,140,nan,1.8565295038523226,nan,0,C_hard_maze,5
field_onlstm,focal,1.1,140,True,131,131,1.8711847963582346,1.8565295038523226,1.0078939184513374,0,C_hard_maze,5
field_onlstm,astar,,152,True,64,64,1.856532641163685,1.8565295038523226,1.0000016898796147,0,C_hard_maze,5
field_onlstm,focal,1.0,152,True,141,141,1.8565295038523226,1.8565295038523226,1.0,0,C_hard_maze,5
field_onlstm,focal,1.1,152,True,131,131,1.8711847963582346,1.8565295038523226,1.0078939184513374,0,C_hard_maze,5
field_hrm,astar,,140,True,74,74,1.8718545854672877,1.8565295038523226,1.0082546932775187,0,C_hard_maze,5
field_hrm,focal,1.0,140,False,140,140,nan,1.8565295038523226,nan,0,C_hard_maze,5
field_hrm,focal,1.1,140,True,131,131,1.8718545854672877,1.8565295038523226,1.0082546932775187,0,C_hard_maze,5
field_hrm,astar,,152,True,74,74,1.8718545854672877,1.8565295038523226,1.0082546932775187,0,C_hard_maze,5
field_hrm,focal,1.0,152,True,141,141,1.8565295038523226,1.8565295038523226,1.0,0,C_hard_maze,5
field_hrm,focal,1.1,152,True,131,131,1.8718545854672877,1.8565295038523226,1.0082546932775187,0,C_hard_maze,5
euclid,astar,,140,False,140,140,nan,2.191348258246439,nan,0,C_hard_maze,6
euclid,focal,1.0,140,False,140,140,nan,2.191348258246439,nan,0,C_hard_maze,6
euclid,focal,1.1,140,False,140,140,nan,2.191348258246439,nan,0,C_hard_maze,6
euclid,astar,,152,True,146,146,2.1913482582464385,2.191348258246439,0.9999999999999998,0,C_hard_maze,6
euclid,focal,1.0,152,True,146,146,2.1913482582464385,2.191348258246439,0.9999999999999998,0,C_hard_maze,6
euclid,focal,1.1,152,True,142,142,2.224136930235311,2.191348258246439,1.0149627846078242,0,C_hard_maze,6
oracle,astar,,140,True,22,22,2.1913482582464385,2.191348258246439,0.9999999999999998,0,C_hard_maze,6
oracle,focal,1.0,140,False,140,140,nan,2.191348258246439,nan,0,C_hard_maze,6
oracle,focal,1.1,140,False,140,140,nan,2.191348258246439,nan,0,C_hard_maze,6
oracle,astar,,152,True,22,22,2.1913482582464385,2.191348258246439,0.9999999999999998,0,C_hard_maze,6
oracle,focal,1.0,152,True,146,146,2.1913482582464385,2.191348258246439,0.9999999999999998,0,C_hard_maze,6
oracle,focal,1.1,152,True,142,142,2.269278051299438,2.191348258246439,1.0355624865923228,0,C_hard_maze,6
scalar_hrm,astar,,140,True,109,109,2.307985365263114,2.191348258246439,1.053226184645799,0,C_hard_maze,6
scalar_hrm,focal,1.0,140,False,140,140,nan,2.191348258246439,nan,0,C_hard_maze,6
scalar_hrm,focal,1.1,140,False,140,140,nan,2.191348258246439,nan,0,C_hard_maze,6
scalar_hrm,astar,,152,True,109,109,2.307985365263114,2.191348258246439,1.053226184645799,0,C_hard_maze,6
scalar_hrm,focal,1.0,152,True,146,146,2.1913482582464385,2.191348258246439,0.9999999999999998,0,C_hard_maze,6
scalar_hrm,focal,1.1,152,True,142,142,2.230199958276506,2.191348258246439,1.0177295871999628,0,C_hard_maze,6
scalar_onlstm,astar,,140,True,106,106,2.1913482582464385,2.191348258246439,0.9999999999999998,0,C_hard_maze,6
scalar_onlstm,focal,1.0,140,False,140,140,nan,2.191348258246439,nan,0,C_hard_maze,6
scalar_onlstm,focal,1.1,140,False,140,140,nan,2.191348258246439,nan,0,C_hard_maze,6
scalar_onlstm,astar,,152,True,106,106,2.1913482582464385,2.191348258246439,0.9999999999999998,0,C_hard_maze,6
scalar_onlstm,focal,1.0,152,True,146,146,2.1913482582464385,2.191348258246439,0.9999999999999998,0,C_hard_maze,6
scalar_onlstm,focal,1.1,152,True,145,145,2.224136930235311,2.191348258246439,1.0149627846078242,0,C_hard_maze,6
field_unet,astar,,140,True,119,119,2.1913482582464385,2.191348258246439,0.9999999999999998,0,C_hard_maze,6
field_unet,focal,1.0,140,False,140,140,nan,2.191348258246439,nan,0,C_hard_maze,6
field_unet,focal,1.1,140,False,140,140,nan,2.191348258246439,nan,0,C_hard_maze,6
field_unet,astar,,152,True,119,119,2.1913482582464385,2.191348258246439,0.9999999999999998,0,C_hard_maze,6
field_unet,focal,1.0,152,True,146,146,2.1913482582464385,2.191348258246439,0.9999999999999998,0,C_hard_maze,6
field_unet,focal,1.1,152,True,144,144,2.3069529380043043,2.191348258246439,1.0527550467265183,0,C_hard_maze,6
field_onlstm,astar,,140,True,106,106,2.1913482582464385,2.191348258246439,0.9999999999999998,0,C_hard_maze,6
field_onlstm,focal,1.0,140,False,140,140,nan,2.191348258246439,nan,0,C_hard_maze,6
field_onlstm,focal,1.1,140,False,140,140,nan,2.191348258246439,nan,0,C_hard_maze,6
field_onlstm,astar,,152,True,106,106,2.1913482582464385,2.191348258246439,0.9999999999999998,0,C_hard_maze,6
field_onlstm,focal,1.0,152,True,146,146,2.1913482582464385,2.191348258246439,0.9999999999999998,0,C_hard_maze,6
field_onlstm,focal,1.1,152,True,143,143,2.1983372110823334,2.191348258246439,1.0031893391703457,0,C_hard_maze,6
field_hrm,astar,,140,True,119,119,2.236950969413229,2.191348258246439,1.0208103440405598,0,C_hard_maze,6
field_hrm,focal,1.0,140,False,140,140,nan,2.191348258246439,nan,0,C_hard_maze,6
field_hrm,focal,1.1,140,False,140,140,nan,2.191348258246439,nan,0,C_hard_maze,6
field_hrm,astar,,152,True,119,119,2.236950969413229,2.191348258246439,1.0208103440405598,0,C_hard_maze,6
field_hrm,focal,1.0,152,True,146,146,2.1913482582464385,2.191348258246439,0.9999999999999998,0,C_hard_maze,6
field_hrm,focal,1.1,152,True,143,143,2.224136930235311,2.191348258246439,1.0149627846078242,0,C_hard_maze,6
euclid,astar,,140,True,128,128,1.9171277005212832,1.9171277005212835,0.9999999999999999,0,C_hard_maze,7
euclid,focal,1.0,140,True,128,128,1.9171277005212832,1.9171277005212835,0.9999999999999999,0,C_hard_maze,7
euclid,focal,1.1,140,True,123,123,2.0149709609406483,1.9171277005212835,1.0510363813494326,0,C_hard_maze,7
euclid,astar,,152,True,128,128,1.9171277005212832,1.9171277005212835,0.9999999999999999,0,C_hard_maze,7
euclid,focal,1.0,152,True,128,128,1.9171277005212832,1.9171277005212835,0.9999999999999999,0,C_hard_maze,7
euclid,focal,1.1,152,True,123,123,2.0149709609406483,1.9171277005212835,1.0510363813494326,0,C_hard_maze,7
oracle,astar,,140,True,22,22,1.9171277005212832,1.9171277005212835,0.9999999999999999,0,C_hard_maze,7
oracle,focal,1.0,140,True,128,128,1.9171277005212832,1.9171277005212835,0.9999999999999999,0,C_hard_maze,7
oracle,focal,1.1,140,True,116,116,2.0402001336801785,1.9171277005212835,1.0641962625261898,0,C_hard_maze,7
oracle,astar,,152,True,22,22,1.9171277005212832,1.9171277005212835,0.9999999999999999,0,C_hard_maze,7
oracle,focal,1.0,152,True,128,128,1.9171277005212832,1.9171277005212835,0.9999999999999999,0,C_hard_maze,7
oracle,focal,1.1,152,True,116,116,2.0402001336801785,1.9171277005212835,1.0641962625261898,0,C_hard_maze,7
scalar_hrm,astar,,140,True,44,44,2.0092416318127064,1.9171277005212835,1.0480478850033705,0,C_hard_maze,7
scalar_hrm,focal,1.0,140,True,128,128,1.9171277005212832,1.9171277005212835,0.9999999999999999,0,C_hard_maze,7
scalar_hrm,focal,1.1,140,True,123,123,1.985373881137097,1.9171277005212835,1.0355981401746253,0,C_hard_maze,7
scalar_hrm,astar,,152,True,44,44,2.0092416318127064,1.9171277005212835,1.0480478850033705,0,C_hard_maze,7
scalar_hrm,focal,1.0,152,True,128,128,1.9171277005212832,1.9171277005212835,0.9999999999999999,0,C_hard_maze,7
scalar_hrm,focal,1.1,152,True,123,123,1.985373881137097,1.9171277005212835,1.0355981401746253,0,C_hard_maze,7
scalar_onlstm,astar,,140,True,44,44,2.0176088243385317,1.9171277005212835,1.0524123269357208,0,C_hard_maze,7
scalar_onlstm,focal,1.0,140,True,128,128,1.9171277005212832,1.9171277005212835,0.9999999999999999,0,C_hard_maze,7
scalar_onlstm,focal,1.1,140,True,121,121,1.9976008537889123,1.9171277005212835,1.0419758961522216,0,C_hard_maze,7
scalar_onlstm,astar,,152,True,44,44,2.0176088243385317,1.9171277005212835,1.0524123269357208,0,C_hard_maze,7
scalar_onlstm,focal,1.0,152,True,128,128,1.9171277005212832,1.9171277005212835,0.9999999999999999,0,C_hard_maze,7
scalar_onlstm,focal,1.1,152,True,121,121,1.9976008537889123,1.9171277005212835,1.0419758961522216,0,C_hard_maze,7
field_unet,astar,,140,True,68,68,1.930673688212554,1.9171277005212835,1.007065772242291,0,C_hard_maze,7
field_unet,focal,1.0,140,True,128,128,1.9171277005212832,1.9171277005212835,0.9999999999999999,0,C_hard_maze,7
field_unet,focal,1.1,140,True,123,123,1.9967993472225452,1.9171277005212835,1.041557819377185,0,C_hard_maze,7
field_unet,astar,,152,True,68,68,1.930673688212554,1.9171277005212835,1.007065772242291,0,C_hard_maze,7
field_unet,focal,1.0,152,True,128,128,1.9171277005212832,1.9171277005212835,0.9999999999999999,0,C_hard_maze,7
field_unet,focal,1.1,152,True,123,123,1.9967993472225452,1.9171277005212835,1.041557819377185,0,C_hard_maze,7
field_onlstm,astar,,140,True,82,82,2.0642890807499756,1.9171277005212835,1.0767613864160837,0,C_hard_maze,7
field_onlstm,focal,1.0,140,True,128,128,1.9171277005212832,1.9171277005212835,0.9999999999999999,0,C_hard_maze,7
field_onlstm,focal,1.1,140,True,119,119,1.9659454790864632,1.9171277005212835,1.0254640202381438,0,C_hard_maze,7
field_onlstm,astar,,152,True,82,82,2.0642890807499756,1.9171277005212835,1.0767613864160837,0,C_hard_maze,7
field_onlstm,focal,1.0,152,True,128,128,1.9171277005212832,1.9171277005212835,0.9999999999999999,0,C_hard_maze,7
field_onlstm,focal,1.1,152,True,119,119,1.9659454790864632,1.9171277005212835,1.0254640202381438,0,C_hard_maze,7
field_hrm,astar,,140,True,60,60,1.9740565156375287,1.9171277005212835,1.0296948477145085,0,C_hard_maze,7
field_hrm,focal,1.0,140,True,128,128,1.9171277005212832,1.9171277005212835,0.9999999999999999,0,C_hard_maze,7
field_hrm,focal,1.1,140,True,113,113,1.9386026504666871,1.9171277005212835,1.0112016272779139,0,C_hard_maze,7
field_hrm,astar,,152,True,60,60,1.9740565156375287,1.9171277005212835,1.0296948477145085,0,C_hard_maze,7
field_hrm,focal,1.0,152,True,128,128,1.9171277005212832,1.9171277005212835,0.9999999999999999,0,C_hard_maze,7
field_hrm,focal,1.1,152,True,113,113,1.9386026504666871,1.9171277005212835,1.0112016272779139,0,C_hard_maze,7
euclid,astar,,140,True,139,139,1.9698789398774443,1.9698789398774446,0.9999999999999999,0,C_hard_maze,8
euclid,focal,1.0,140,True,139,139,1.9698789398774443,1.9698789398774446,0.9999999999999999,0,C_hard_maze,8
euclid,focal,1.1,140,True,117,117,1.9950678963610728,1.9698789398774446,1.0127870581149496,0,C_hard_maze,8
euclid,astar,,152,True,139,139,1.9698789398774443,1.9698789398774446,0.9999999999999999,0,C_hard_maze,8
euclid,focal,1.0,152,True,139,139,1.9698789398774443,1.9698789398774446,0.9999999999999999,0,C_hard_maze,8
euclid,focal,1.1,152,True,117,117,1.9950678963610728,1.9698789398774446,1.0127870581149496,0,C_hard_maze,8
oracle,astar,,140,True,20,20,1.9698789398774443,1.9698789398774446,0.9999999999999999,0,C_hard_maze,8
oracle,focal,1.0,140,True,139,139,1.9698789398774443,1.9698789398774446,0.9999999999999999,0,C_hard_maze,8
oracle,focal,1.1,140,True,136,136,2.0212012829037067,1.9698789398774446,1.0260535518134202,0,C_hard_maze,8
oracle,astar,,152,True,20,20,1.9698789398774443,1.9698789398774446,0.9999999999999999,0,C_hard_maze,8
oracle,focal,1.0,152,True,139,139,1.9698789398774443,1.9698789398774446,0.9999999999999999,0,C_hard_maze,8
oracle,focal,1.1,152,True,136,136,2.0212012829037067,1.9698789398774446,1.0260535518134202,0,C_hard_maze,8
scalar_hrm,astar,,140,True,46,46,2.2013396439513477,1.9698789398774446,1.1174999637735623,0,C_hard_maze,8
scalar_hrm,focal,1.0,140,True,139,139,1.9698789398774443,1.9698789398774446,0.9999999999999999,0,C_hard_maze,8
scalar_hrm,focal,1.1,140,True,135,135,2.1033548965100786,1.9698789398774446,1.0677584565886766,0,C_hard_maze,8
scalar_hrm,astar,,152,True,46,46,2.2013396439513477,1.9698789398774446,1.1174999637735623,0,C_hard_maze,8
scalar_hrm,focal,1.0,152,True,139,139,1.9698789398774443,1.9698789398774446,0.9999999999999999,0,C_hard_maze,8
scalar_hrm,focal,1.1,152,True,135,135,2.1033548965100786,1.9698789398774446,1.0677584565886766,0,C_hard_maze,8
scalar_onlstm,astar,,140,True,39,39,2.0127437328882327,1.9698789398774446,1.0217601153771687,0,C_hard_maze,8
scalar_onlstm,focal,1.0,140,True,139,139,1.9698789398774443,1.9698789398774446,0.9999999999999999,0,C_hard_maze,8
scalar_onlstm,focal,1.1,140,True,116,116,1.9836422299644292,1.9698789398774446,1.0069868710245924,0,C_hard_maze,8
scalar_onlstm,astar,,152,True,39,39,2.0127437328882327,1.9698789398774446,1.0217601153771687,0,C_hard_maze,8
scalar_onlstm,focal,1.0,152,True,139,139,1.9698789398774443,1.9698789398774446,0.9999999999999999,0,C_hard_maze,8
scalar_onlstm,focal,1.1,152,True,116,116,1.9836422299644292,1.9698789398774446,1.0069868710245924,0,C_hard_maze,8
field_unet,astar,,140,True,87,87,1.9990640220000102,1.9698789398774446,1.014815672949111,0,C_hard_maze,8
field_unet,focal,1.0,140,True,139,139,1.9698789398774443,1.9698789398774446,0.9999999999999999,0,C_hard_maze,8
field_unet,focal,1.1,140,True,120,120,2.0023976133368104,1.9698789398774446,1.016507955286526,0,C_hard_maze,8
field_unet,astar,,152,True,87,87,1.9990640220000102,1.9698789398774446,1.014815672949111,0,C_hard_maze,8
field_unet,focal,1.0,152,True,139,139,1.9698789398774443,1.9698789398774446,0.9999999999999999,0,C_hard_maze,8
field_unet,focal,1.1,152,True,120,120,2.0023976133368104,1.9698789398774446,1.016507955286526,0,C_hard_maze,8
field_onlstm,astar,,140,True,76,76,2.0276720993258617,1.9698789398774446,1.0293384320622325,0,C_hard_maze,8
field_onlstm,focal,1.0,140,True,139,139,1.9698789398774443,1.9698789398774446,0.9999999999999999,0,C_hard_maze,8
field_onlstm,focal,1.1,140,True,127,127,2.0308838923247223,1.9698789398774446,1.0309688840325757,0,C_hard_maze,8
field_onlstm,astar,,152,True,76,76,2.0276720993258617,1.9698789398774446,1.0293384320622325,0,C_hard_maze,8
field_onlstm,focal,1.0,152,True,139,139,1.9698789398774443,1.9698789398774446,0.9999999999999999,0,C_hard_maze,8
field_onlstm,focal,1.1,152,True,127,127,2.0308838923247223,1.9698789398774446,1.0309688840325757,0,C_hard_maze,8
field_hrm,astar,,140,True,41,41,1.9981502166736196,1.9698789398774446,1.014351783870502,0,C_hard_maze,8
field_hrm,focal,1.0,140,True,139,139,1.9698789398774443,1.9698789398774446,0.9999999999999999,0,C_hard_maze,8
field_hrm,focal,1.1,140,True,135,135,2.037735010824144,1.9698789398774446,1.0344468228849235,0,C_hard_maze,8
field_hrm,astar,,152,True,41,41,1.9981502166736196,1.9698789398774446,1.014351783870502,0,C_hard_maze,8
field_hrm,focal,1.0,152,True,139,139,1.9698789398774443,1.9698789398774446,0.9999999999999999,0,C_hard_maze,8
field_hrm,focal,1.1,152,True,135,135,2.037735010824144,1.9698789398774446,1.0344468228849235,0,C_hard_maze,8
euclid,astar,,140,False,140,140,nan,1.9048844893784507,nan,0,C_hard_maze,9
euclid,focal,1.0,140,False,140,140,nan,1.9048844893784507,nan,0,C_hard_maze,9
euclid,focal,1.1,140,False,140,140,nan,1.9048844893784507,nan,0,C_hard_maze,9
euclid,astar,,152,True,149,149,1.9048844893784502,1.9048844893784507,0.9999999999999998,0,C_hard_maze,9
euclid,focal,1.0,152,True,149,149,1.9048844893784502,1.9048844893784507,0.9999999999999998,0,C_hard_maze,9
euclid,focal,1.1,152,True,145,145,1.9270279780866868,1.9048844893784507,1.011624583449394,0,C_hard_maze,9
oracle,astar,,140,True,21,21,1.9048844893784502,1.9048844893784507,0.9999999999999998,0,C_hard_maze,9
oracle,focal,1.0,140,False,140,140,nan,1.9048844893784507,nan,0,C_hard_maze,9
oracle,focal,1.1,140,False,140,140,nan,1.9048844893784507,nan,0,C_hard_maze,9
oracle,astar,,152,True,21,21,1.9048844893784502,1.9048844893784507,0.9999999999999998,0,C_hard_maze,9
oracle,focal,1.0,152,True,149,149,1.9048844893784502,1.9048844893784507,0.9999999999999998,0,C_hard_maze,9
oracle,focal,1.1,152,True,145,145,1.939563970902875,1.9048844893784507,1.0182055561467351,0,C_hard_maze,9
scalar_hrm,astar,,140,True,112,112,1.9072821507444944,1.9048844893784507,1.0012586912116788,0,C_hard_maze,9
scalar_hrm,focal,1.0,140,False,140,140,nan,1.9048844893784507,nan,0,C_hard_maze,9
scalar_hrm,focal,1.1,140,False,140,140,nan,1.9048844893784507,nan,0,C_hard_maze,9
scalar_hrm,astar,,152,True,112,112,1.9072821507444944,1.9048844893784507,1.0012586912116788,0,C_hard_maze,9
scalar_hrm,focal,1.0,152,True,149,149,1.9048844893784502,1.9048844893784507,0.9999999999999998,0,C_hard_maze,9
scalar_hrm,focal,1.1,152,True,145,145,1.9182579151608425,1.9048844893784507,1.007020596711749,0,C_hard_maze,9
scalar_onlstm,astar,,140,True,69,69,2.0206070708133224,1.9048844893784507,1.06075044554152,0,C_hard_maze,9
scalar_onlstm,focal,1.0,140,False,140,140,nan,1.9048844893784507,nan,0,C_hard_maze,9
scalar_onlstm,focal,1.1,140,False,140,140,nan,1.9048844893784507,nan,0,C_hard_maze,9
scalar_onlstm,astar,,152,True,69,69,2.0206070708133224,1.9048844893784507,1.06075044554152,0,C_hard_maze,9
scalar_onlstm,focal,1.0,152,True,149,149,1.9048844893784502,1.9048844893784507,0.9999999999999998,0,C_hard_maze,9
scalar_onlstm,focal,1.1,152,True,141,141,1.9376004807974734,1.9048844893784507,1.0171747901783261,0,C_hard_maze,9
field_unet,astar,,140,True,82,82,1.9145245317806237,1.9048844893784507,1.0050606965702777,0,C_hard_maze,9
field_unet,focal,1.0,140,False,140,140,nan,1.9048844893784507,nan,0,C_hard_maze,9
field_unet,focal,1.1,140,False,140,140,nan,1.9048844893784507,nan,0,C_hard_maze,9
field_unet,astar,,152,True,82,82,1.9145245317806237,1.9048844893784507,1.0050606965702777,0,C_hard_maze,9
field_unet,focal,1.0,152,True,149,149,1.9048844893784502,1.9048844893784507,0.9999999999999998,0,C_hard_maze,9
field_unet,focal,1.1,152,True,146,146,1.939563970902875,1.9048844893784507,1.0182055561467351,0,C_hard_maze,9
field_onlstm,astar,,140,True,103,103,2.1483362385499607,1.9048844893784507,1.1278039432464204,0,C_hard_maze,9
field_onlstm,focal,1.0,140,False,140,140,nan,1.9048844893784507,nan,0,C_hard_maze,9
field_onlstm,focal,1.1,140,False,140,140,nan,1.9048844893784507,nan,0,C_hard_maze,9
field_onlstm,astar,,152,True,103,103,2.1483362385499607,1.9048844893784507,1.1278039432464204,0,C_hard_maze,9
field_onlstm,focal,1.0,152,True,149,149,1.9048844893784502,1.9048844893784507,0.9999999999999998,0,C_hard_maze,9
field_onlstm,focal,1.1,152,True,147,147,1.953280631900036,1.9048844893784507,1.0254063397499638,0,C_hard_maze,9
field_hrm,astar,,140,True,80,80,1.9257024623673664,1.9048844893784507,1.0109287324795786,0,C_hard_maze,9
field_hrm,focal,1.0,140,False,140,140,nan,1.9048844893784507,nan,0,C_hard_maze,9
field_hrm,focal,1.1,140,False,140,140,nan,1.9048844893784507,nan,0,C_hard_maze,9
field_hrm,astar,,152,True,80,80,1.9257024623673664,1.9048844893784507,1.0109287324795786,0,C_hard_maze,9
field_hrm,focal,1.0,152,True,149,149,1.9048844893784502,1.9048844893784507,0.9999999999999998,0,C_hard_maze,9
field_hrm,focal,1.1,152,True,146,146,1.9270279780866868,1.9048844893784507,1.011624583449394,0,C_hard_maze,9
euclid,astar,,140,True,139,139,1.9051552118393031,1.905155211839303,1.0000000000000002,0,C_hard_maze,10
euclid,focal,1.0,140,True,139,139,1.9051552118393031,1.905155211839303,1.0000000000000002,0,C_hard_maze,10
euclid,focal,1.1,140,True,129,129,1.9816198554146764,1.905155211839303,1.0401356504185042,0,C_hard_maze,10
euclid,astar,,152,True,139,139,1.9051552118393031,1.905155211839303,1.0000000000000002,0,C_hard_maze,10
euclid,focal,1.0,152,True,139,139,1.9051552118393031,1.905155211839303,1.0000000000000002,0,C_hard_maze,10
euclid,focal,1.1,152,True,129,129,1.9816198554146764,1.905155211839303,1.0401356504185042,0,C_hard_maze,10
oracle,astar,,140,True,24,24,1.9051552118393031,1.905155211839303,1.0000000000000002,0,C_hard_maze,10
oracle,focal,1.0,140,True,139,139,1.9051552118393031,1.905155211839303,1.0000000000000002,0,C_hard_maze,10
oracle,focal,1.1,140,True,129,129,1.9292147065956355,1.905155211839303,1.012628627109654,0,C_hard_maze,10
oracle,astar,,152,True,24,24,1.9051552118393031,1.905155211839303,1.0000000000000002,0,C_hard_maze,10
oracle,focal,1.0,152,True,139,139,1.9051552118393031,1.905155211839303,1.0000000000000002,0,C_hard_maze,10
oracle,focal,1.1,152,True,129,129,1.9292147065956355,1.905155211839303,1.012628627109654,0,C_hard_maze,10
scalar_hrm,astar,,140,True,60,60,1.9782100589231664,1.905155211839303,1.0383458768240377,0,C_hard_maze,10
scalar_hrm,focal,1.0,140,True,139,139,1.9051552118393031,1.905155211839303,1.0000000000000002,0,C_hard_maze,10
scalar_hrm,focal,1.1,140,True,129,129,1.987552816803201,1.905155211839303,1.0432498121160159,0,C_hard_maze,10
scalar_hrm,astar,,152,True,60,60,1.9782100589231664,1.905155211839303,1.0383458768240377,0,C_hard_maze,10
scalar_hrm,focal,1.0,152,True,139,139,1.9051552118393031,1.905155211839303,1.0000000000000002,0,C_hard_maze,10
scalar_hrm,focal,1.1,152,True,129,129,1.987552816803201,1.905155211839303,1.0432498121160159,0,C_hard_maze,10
scalar_onlstm,astar,,140,True,53,53,1.9339688653289695,1.905155211839303,1.0151240451752217,0,C_hard_maze,10
scalar_onlstm,focal,1.0,140,True,139,139,1.9051552118393031,1.905155211839303,1.0000000000000002,0,C_hard_maze,10
scalar_onlstm,focal,1.1,140,True,127,127,1.987797229288234,1.905155211839303,1.0433781021805282,0,C_hard_maze,10
scalar_onlstm,astar,,152,True,53,53,1.9339688653289695,1.905155211839303,1.0151240451752217,0,C_hard_maze,10
scalar_onlstm,focal,1.0,152,True,139,139,1.9051552118393031,1.905155211839303,1.0000000000000002,0,C_hard_maze,10
scalar_onlstm,focal,1.1,152,True,127,127,1.987797229288234,1.905155211839303,1.0433781021805282,0,C_hard_maze,10
field_unet,astar,,140,True,84,84,1.924541237217466,1.905155211839303,1.0101755622102029,0,C_hard_maze,10
field_unet,focal,1.0,140,True,139,139,1.9051552118393031,1.905155211839303,1.0000000000000002,0,C_hard_maze,10
field_unet,focal,1.1,140,True,128,128,1.9592327484669398,1.905155211839303,1.0283848456501496,0,C_hard_maze,10
field_unet,astar,,152,True,84,84,1.924541237217466,1.905155211839303,1.0101755622102029,0,C_hard_maze,10
field_unet,focal,1.0,152,True,139,139,1.9051552118393031,1.905155211839303,1.0000000000000002,0,C_hard_maze,10
field_unet,focal,1.1,152,True,128,128,1.9592327484669398,1.905155211839303,1.0283848456501496,0,C_hard_maze,10
field_onlstm,astar,,140,True,72,72,1.9959164380419159,1.905155211839303,1.0476398067929535,0,C_hard_maze,10
field_onlstm,focal,1.0,140,True,139,139,1.9051552118393031,1.905155211839303,1.0000000000000002,0,C_hard_maze,10
field_onlstm,focal,1.1,140,True,129,129,1.9947765498383716,1.905155211839303,1.0470414890304633,0,C_hard_maze,10
field_onlstm,astar,,152,True,72,72,1.9959164380419159,1.905155211839303,1.0476398067929535,0,C_hard_maze,10
field_onlstm,focal,1.0,152,True,139,139,1.9051552118393031,1.905155211839303,1.0000000000000002,0,C_hard_maze,10
field_onlstm,focal,1.1,152,True,129,129,1.9947765498383716,1.905155211839303,1.0470414890304633,0,C_hard_maze,10
field_hrm,astar,,140,True,71,71,1.9252491061692725,1.905155211839303,1.010547116689023,0,C_hard_maze,10
field_hrm,focal,1.0,140,True,139,139,1.9051552118393031,1.905155211839303,1.0000000000000002,0,C_hard_maze,10
field_hrm,focal,1.1,140,True,126,126,1.9292147065956355,1.905155211839303,1.012628627109654,0,C_hard_maze,10
field_hrm,astar,,152,True,71,71,1.9252491061692725,1.905155211839303,1.010547116689023,0,C_hard_maze,10
field_hrm,focal,1.0,152,True,139,139,1.9051552118393031,1.905155211839303,1.0000000000000002,0,C_hard_maze,10
field_hrm,focal,1.1,152,True,126,126,1.9292147065956355,1.905155211839303,1.012628627109654,0,C_hard_maze,10
euclid,astar,,140,True,133,133,1.937057953159012,1.9370579531590117,1.0000000000000002,0,C_hard_maze,11
euclid,focal,1.0,140,True,133,133,1.937057953159012,1.9370579531590117,1.0000000000000002,0,C_hard_maze,11
euclid,focal,1.1,140,True,131,131,2.0122055441052353,1.9370579531590117,1.0387947045279005,0,C_hard_maze,11
euclid,astar,,152,True,133,133,1.937057953159012,1.9370579531590117,1.0000000000000002,0,C_hard_maze,11
euclid,focal,1.0,152,True,133,133,1.937057953159012,1.9370579531590117,1.0000000000000002,0,C_hard_maze,11
euclid,focal,1.1,152,True,131,131,2.0122055441052353,1.9370579531590117,1.0387947045279005,0,C_hard_maze,11
oracle,astar,,140,True,24,24,1.937057953159012,1.9370579531590117,1.0000000000000002,0,C_hard_maze,11
oracle,focal,1.0,140,True,133,133,1.937057953159012,1.9370579531590117,1.0000000000000002,0,C_hard_maze,11
oracle,focal,1.1,140,True,123,123,2.0048344664954714,1.9370579531590117,1.034989409184133,0,C_hard_maze,11
oracle,astar,,152,True,24,24,1.937057953159012,1.9370579531590117,1.0000000000000002,0,C_hard_maze,11
oracle,focal,1.0,152,True,133,133,1.937057953159012,1.9370579531590117,1.0000000000000002,0,C_hard_maze,11
oracle,focal,1.1,152,True,123,123,2.0048344664954714,1.9370579531590117,1.034989409184133,0,C_hard_maze,11
scalar_hrm,astar,,140,True,106,106,1.9864919323811927,1.9370579531590117,1.025520134357138,0,C_hard_maze,11
scalar_hrm,focal,1.0,140,True,133,133,1.937057953159012,1.9370579531590117,1.0000000000000002,0,C_hard_maze,11
scalar_hrm,focal,1.1,140,True,131,131,2.0709465822150523,1.9370579531590117,1.0691195783986178,0,C_hard_maze,11
scalar_hrm,astar,,152,True,106,106,1.9864919323811927,1.9370579531590117,1.025520134357138,0,C_hard_maze,11
scalar_hrm,focal,1.0,152,True,133,133,1.937057953159012,1.9370579531590117,1.0000000000000002,0,C_hard_maze,11
scalar_hrm,focal,1.1,152,True,131,131,2.0709465822150523,1.9370579531590117,1.0691195783986178,0,C_hard_maze,11
scalar_onlstm,astar,,140,True,111,111,2.0007555949104154,1.9370579531590117,1.0328837047170032,0,C_hard_maze,11
scalar_onlstm,focal,1.0,140,True,133,133,1.937057953159012,1.9370579531590117,1.0000000000000002,0,C_hard_maze,11
scalar_onlstm,focal,1.1,140,True,121,121,1.996779236704221,1.9370579531590117,1.0308309224552699,0,C_hard_maze,11
scalar_onlstm,astar,,152,True,111,111,2.0007555949104154,1.9370579531590117,1.0328837047170032,0,C_hard_maze,11
scalar_onlstm,focal,1.0,152,True,133,133,1.937057953159012,1.9370579531590117,1.0000000000000002,0,C_hard_maze,11
scalar_onlstm,focal,1.1,152,True,121,121,1.996779236704221,1.9370579531590117,1.0308309224552699,0,C_hard_maze,11
field_unet,astar,,140,True,78,78,1.945161135591541,1.9370579531590117,1.004183242127224,0,C_hard_maze,11
field_unet,focal,1.0,140,True,133,133,1.937057953159012,1.9370579531590117,1.0000000000000002,0,C_hard_maze,11
field_unet,focal,1.1,140,True,121,121,1.997070889455484,1.9370579531590117,1.0309814872593779,0,C_hard_maze,11
field_unet,astar,,152,True,78,78,1.945161135591541,1.9370579531590117,1.004183242127224,0,C_hard_maze,11
field_unet,focal,1.0,152,True,133,133,1.937057953159012,1.9370579531590117,1.0000000000000002,0,C_hard_maze,11
field_unet,focal,1.1,152,True,121,121,1.997070889455484,1.9370579531590117,1.0309814872593779,0,C_hard_maze,11
field_onlstm,astar,,140,True,94,94,2.015233469868509,1.9370579531590117,1.0403578615611402,0,C_hard_maze,11
field_onlstm,focal,1.0,140,True,133,133,1.937057953159012,1.9370579531590117,1.0000000000000002,0,C_hard_maze,11
field_onlstm,focal,1.1,140,True,132,132,2.003047641881114,1.9370579531590117,1.03406696666689,0,C_hard_maze,11
field_onlstm,astar,,152,True,94,94,2.015233469868509,1.9370579531590117,1.0403578615611402,0,C_hard_maze,11
field_onlstm,focal,1.0,152,True,133,133,1.937057953159012,1.9370579531590117,1.0000000000000002,0,C_hard_maze,11
field_onlstm,focal,1.1,152,True,132,132,2.003047641881114,1.9370579531590117,1.03406696666689,0,C_hard_maze,11
field_hrm,astar,,140,True,89,89,1.9747388880320706,1.9370579531590117,1.019452662638001,0,C_hard_maze,11
field_hrm,focal,1.0,140,True,133,133,1.937057953159012,1.9370579531590117,1.0000000000000002,0,C_hard_maze,11
field_hrm,focal,1.1,140,True,130,130,2.047962646613412,1.9370579531590117,1.0572541948337342,0,C_hard_maze,11
field_hrm,astar,,152,True,89,89,1.9747388880320706,1.9370579531590117,1.019452662638001,0,C_hard_maze,11
field_hrm,focal,1.0,152,True,133,133,1.937057953159012,1.9370579531590117,1.0000000000000002,0,C_hard_maze,11
field_hrm,focal,1.1,152,True,130,130,2.047962646613412,1.9370579531590117,1.0572541948337342,0,C_hard_maze,11
euclid,astar,,140,True,128,128,1.935185589213021,1.935185589213021,1.0,0,C_hard_maze,12
euclid,focal,1.0,140,True,128,128,1.935185589213021,1.935185589213021,1.0,0,C_hard_maze,12
euclid,focal,1.1,140,True,123,123,1.9783345659014462,1.935185589213021,1.0222970742077366,0,C_hard_maze,12
euclid,astar,,152,True,128,128,1.935185589213021,1.935185589213021,1.0,0,C_hard_maze,12
euclid,focal,1.0,152,True,128,128,1.935185589213021,1.935185589213021,1.0,0,C_hard_maze,12
euclid,focal,1.1,152,True,123,123,1.9783345659014462,1.935185589213021,1.0222970742077366,0,C_hard_maze,12
oracle,astar,,140,True,19,19,1.935185589213021,1.935185589213021,1.0,0,C_hard_maze,12
oracle,focal,1.0,140,True,128,128,1.935185589213021,1.935185589213021,1.0,0,C_hard_maze,12
oracle,focal,1.1,140,True,123,123,1.9383769398096609,1.935185589213021,1.0016491186242957,0,C_hard_maze,12
oracle,astar,,152,True,19,19,1.935185589213021,1.935185589213021,1.0,0,C_hard_maze,12
oracle,focal,1.0,152,True,128,128,1.935185589213021,1.935185589213021,1.0,0,C_hard_maze,12
oracle,focal,1.1,152,True,123,123,1.9383769398096609,1.935185589213021,1.0016491186242957,0,C_hard_maze,12
scalar_hrm,astar,,140,True,54,54,1.9383769398096609,1.935185589213021,1.0016491186242957,0,C_hard_maze,12
scalar_hrm,focal,1.0,140,True,128,128,1.935185589213021,1.935185589213021,1.0,0,C_hard_maze,12
scalar_hrm,focal,1.1,140,True,115,115,1.9892671833176514,1.935185589213021,1.0279464638462008,0,C_hard_maze,12
scalar_hrm,astar,,152,True,54,54,1.9383769398096609,1.935185589213021,1.0016491186242957,0,C_hard_maze,12
scalar_hrm,focal,1.0,152,True,128,128,1.935185589213021,1.935185589213021,1.0,0,C_hard_maze,12
scalar_hrm,focal,1.1,152,True,115,115,1.9892671833176514,1.935185589213021,1.0279464638462008,0,C_hard_maze,12
scalar_onlstm,astar,,140,True,51,51,1.9502274298806628,1.935185589213021,1.0077728155642989,0,C_hard_maze,12
scalar_onlstm,focal,1.0,140,True,128,128,1.935185589213021,1.935185589213021,1.0,0,C_hard_maze,12
scalar_onlstm,focal,1.1,140,True,133,133,2.018044305016542,1.935185589213021,1.0428169351122634,0,C_hard_maze,12
scalar_onlstm,astar,,152,True,51,51,1.9502274298806628,1.935185589213021,1.0077728155642989,0,C_hard_maze,12
scalar_onlstm,focal,1.0,152,True,128,128,1.935185589213021,1.935185589213021,1.0,0,C_hard_maze,12
scalar_onlstm,focal,1.1,152,True,133,133,2.018044305016542,1.935185589213021,1.0428169351122634,0,C_hard_maze,12
field_unet,astar,,140,True,58,58,1.9413775176227852,1.935185589213021,1.0031996561178829,0,C_hard_maze,12
field_unet,focal,1.0,140,True,128,128,1.935185589213021,1.935185589213021,1.0,0,C_hard_maze,12
field_unet,focal,1.1,140,True,124,124,1.9783345659014462,1.935185589213021,1.0222970742077366,0,C_hard_maze,12
field_unet,astar,,152,True,58,58,1.9413775176227852,1.935185589213021,1.0031996561178829,0,C_hard_maze,12
field_unet,focal,1.0,152,True,128,128,1.935185589213021,1.935185589213021,1.0,0,C_hard_maze,12
field_unet,focal,1.1,152,True,124,124,1.9783345659014462,1.935185589213021,1.0222970742077366,0,C_hard_maze,12
field_onlstm,astar,,140,True,56,56,2.021826504440283,1.935185589213021,1.044771372683948,0,C_hard_maze,12
field_onlstm,focal,1.0,140,True,128,128,1.935185589213021,1.935185589213021,1.0,0,C_hard_maze,12
field_onlstm,focal,1.1,140,True,130,130,1.9783345659014462,1.935185589213021,1.0222970742077366,0,C_hard_maze,12
field_onlstm,astar,,152,True,56,56,2.021826504440283,1.935185589213021,1.044771372683948,0,C_hard_maze,12
field_onlstm,focal,1.0,152,True,128,128,1.935185589213021,1.935185589213021,1.0,0,C_hard_maze,12
field_onlstm,focal,1.1,152,True,130,130,1.9783345659014462,1.935185589213021,1.0222970742077366,0,C_hard_maze,12
field_hrm,astar,,140,True,59,59,2.0250178550369227,1.935185589213021,1.0464204913082438,0,C_hard_maze,12
field_hrm,focal,1.0,140,True,128,128,1.935185589213021,1.935185589213021,1.0,0,C_hard_maze,12
field_hrm,focal,1.1,140,True,130,130,2.0285784095495267,1.935185589213021,1.0482603946913875,0,C_hard_maze,12
field_hrm,astar,,152,True,59,59,2.0250178550369227,1.935185589213021,1.0464204913082438,0,C_hard_maze,12
field_hrm,focal,1.0,152,True,128,128,1.935185589213021,1.935185589213021,1.0,0,C_hard_maze,12
field_hrm,focal,1.1,152,True,130,130,2.0285784095495267,1.935185589213021,1.0482603946913875,0,C_hard_maze,12
euclid,astar,,140,False,140,140,nan,2.6404074782451907,nan,0,C_hard_maze,13
euclid,focal,1.0,140,False,140,140,nan,2.6404074782451907,nan,0,C_hard_maze,13
euclid,focal,1.1,140,False,140,140,nan,2.6404074782451907,nan,0,C_hard_maze,13
euclid,astar,,152,True,147,147,2.640407478245191,2.6404074782451907,1.0000000000000002,0,C_hard_maze,13
euclid,focal,1.0,152,True,147,147,2.640407478245191,2.6404074782451907,1.0000000000000002,0,C_hard_maze,13
euclid,focal,1.1,152,True,142,142,2.674502462309728,2.6404074782451907,1.0129127736326504,0,C_hard_maze,13
oracle,astar,,140,True,28,28,2.640407478245191,2.6404074782451907,1.0000000000000002,0,C_hard_maze,13
oracle,focal,1.0,140,False,140,140,nan,2.6404074782451907,nan,0,C_hard_maze,13
oracle,focal,1.1,140,False,140,140,nan,2.6404074782451907,nan,0,C_hard_maze,13
oracle,astar,,152,True,28,28,2.640407478245191,2.6404074782451907,1.0000000000000002,0,C_hard_maze,13
oracle,focal,1.0,152,True,147,147,2.640407478245191,2.6404074782451907,1.0000000000000002,0,C_hard_maze,13
oracle,focal,1.1,152,True,142,142,2.7035591299691992,2.6404074782451907,1.0239173886016937,0,C_hard_maze,13
scalar_hrm,astar,,140,True,127,127,2.699890176330355,2.6404074782451907,1.022527847908042,0,C_hard_maze,13
scalar_hrm,focal,1.0,140,False,140,140,nan,2.6404074782451907,nan,0,C_hard_maze,13
scalar_hrm,focal,1.1,140,False,140,140,nan,2.6404074782451907,nan,0,C_hard_maze,13
scalar_hrm,astar,,152,True,127,127,2.699890176330355,2.6404074782451907,1.022527847908042,0,C_hard_maze,13
scalar_hrm,focal,1.0,152,True,147,147,2.640407478245191,2.6404074782451907,1.0000000000000002,0,C_hard_maze,13
scalar_hrm,focal,1.1,152,True,147,147,2.6567855258899757,2.6404074782451907,1.0062028485299057,0,C_hard_maze,13
scalar_onlstm,astar,,140,True,126,126,2.7512729017681283,2.6404074782451907,1.0419879978512325,0,C_hard_maze,13
scalar_onlstm,focal,1.0,140,False,140,140,nan,2.6404074782451907,nan,0,C_hard_maze,13
scalar_onlstm,focal,1.1,140,False,140,140,nan,2.6404074782451907,nan,0,C_hard_maze,13
scalar_onlstm,astar,,152,True,126,126,2.7512729017681283,2.6404074782451907,1.0419879978512325,0,C_hard_maze,13
scalar_onlstm,focal,1.0,152,True,147,147,2.640407478245191,2.6404074782451907,1.0000000000000002,0,C_hard_maze,13
scalar_onlstm,focal,1.1,152,True,147,147,2.7820417141908504,2.6404074782451907,1.0536410524180873,0,C_hard_maze,13
field_unet,astar,,140,True,137,137,2.6642591588980955,2.6404074782451907,1.0090333332447448,0,C_hard_maze,13
field_unet,focal,1.0,140,False,140,140,nan,2.6404074782451907,nan,0,C_hard_maze,13
field_unet,focal,1.1,140,False,140,140,nan,2.6404074782451907,nan,0,C_hard_maze,13
field_unet,astar,,152,True,137,137,2.6642591588980955,2.6404074782451907,1.0090333332447448,0,C_hard_maze,13
field_unet,focal,1.0,152,True,147,147,2.640407478245191,2.6404074782451907,1.0000000000000002,0,C_hard_maze,13
field_unet,focal,1.1,152,True,146,146,2.6567855258899757,2.6404074782451907,1.0062028485299057,0,C_hard_maze,13
field_onlstm,astar,,140,True,110,110,2.675534734893635,2.6404074782451907,1.0133037256324504,0,C_hard_maze,13
field_onlstm,focal,1.0,140,False,140,140,nan,2.6404074782451907,nan,0,C_hard_maze,13
field_onlstm,focal,1.1,140,False,140,140,nan,2.6404074782451907,nan,0,C_hard_maze,13
field_onlstm,astar,,152,True,110,110,2.675534734893635,2.6404074782451907,1.0133037256324504,0,C_hard_maze,13
field_onlstm,focal,1.0,152,True,147,147,2.640407478245191,2.6404074782451907,1.0000000000000002,0,C_hard_maze,13
field_onlstm,focal,1.1,152,True,142,142,2.743191518269082,2.6404074782451907,1.0389273401438028,0,C_hard_maze,13
field_hrm,astar,,140,True,130,130,2.683007388442378,2.6404074782451907,1.0161338393972053,0,C_hard_maze,13
field_hrm,focal,1.0,140,False,140,140,nan,2.6404074782451907,nan,0,C_hard_maze,13
field_hrm,focal,1.1,140,False,140,140,nan,2.6404074782451907,nan,0,C_hard_maze,13
field_hrm,astar,,152,True,130,130,2.683007388442378,2.6404074782451907,1.0161338393972053,0,C_hard_maze,13
field_hrm,focal,1.0,152,True,147,147,2.640407478245191,2.6404074782451907,1.0000000000000002,0,C_hard_maze,13
field_hrm,focal,1.1,152,True,142,142,2.6567855258899757,2.6404074782451907,1.0062028485299057,0,C_hard_maze,13
euclid,astar,,140,True,140,140,2.175854570845009,2.175854570845009,1.0,0,C_hard_maze,14
euclid,focal,1.0,140,True,140,140,2.175854570845009,2.175854570845009,1.0,0,C_hard_maze,14
euclid,focal,1.1,140,True,139,139,2.2973199052776496,2.175854570845009,1.0558241971040685,0,C_hard_maze,14
euclid,astar,,152,True,140,140,2.175854570845009,2.175854570845009,1.0,0,C_hard_maze,14
euclid,focal,1.0,152,True,140,140,2.175854570845009,2.175854570845009,1.0,0,C_hard_maze,14
euclid,focal,1.1,152,True,139,139,2.2973199052776496,2.175854570845009,1.0558241971040685,0,C_hard_maze,14
oracle,astar,,140,True,28,28,2.175854570845009,2.175854570845009,1.0,0,C_hard_maze,14
oracle,focal,1.0,140,True,140,140,2.175854570845009,2.175854570845009,1.0,0,C_hard_maze,14
oracle,focal,1.1,140,True,128,128,2.2137262597169958,2.175854570845009,1.0174054320446972,0,C_hard_maze,14
oracle,astar,,152,True,28,28,2.175854570845009,2.175854570845009,1.0,0,C_hard_maze,14
oracle,focal,1.0,152,True,140,140,2.175854570845009,2.175854570845009,1.0,0,C_hard_maze,14
oracle,focal,1.1,152,True,128,128,2.2137262597169958,2.175854570845009,1.0174054320446972,0,C_hard_maze,14
scalar_hrm,astar,,140,True,84,84,2.4553559157994838,2.175854570845009,1.1284558943872467,0,C_hard_maze,14
scalar_hrm,focal,1.0,140,True,140,140,2.175854570845009,2.175854570845009,1.0,0,C_hard_maze,14
scalar_hrm,focal,1.1,140,True,136,136,2.234815153669645,2.175854570845009,1.027097667102695,0,C_hard_maze,14
scalar_hrm,astar,,152,True,84,84,2.4553559157994838,2.175854570845009,1.1284558943872467,0,C_hard_maze,14
scalar_hrm,focal,1.0,152,True,140,140,2.175854570845009,2.175854570845009,1.0,0,C_hard_maze,14
scalar_hrm,focal,1.1,152,True,136,136,2.234815153669645,2.175854570845009,1.027097667102695,0,C_hard_maze,14
scalar_onlstm,astar,,140,True,89,89,2.3641681184659005,2.175854570845009,1.086546936612477,0,C_hard_maze,14
scalar_onlstm,focal,1.0,140,True,140,140,2.175854570845009,2.175854570845009,1.0,0,C_hard_maze,14
scalar_onlstm,focal,1.1,140,True,139,139,2.2473164856982497,2.175854570845009,1.032843148531516,0,C_hard_maze,14
scalar_onlstm,astar,,152,True,89,89,2.3641681184659005,2.175854570845009,1.086546936612477,0,C_hard_maze,14
scalar_onlstm,focal,1.0,152,True,140,140,2.175854570845009,2.175854570845009,1.0,0,C_hard_maze,14
scalar_onlstm,focal,1.1,152,True,139,139,2.2473164856982497,2.175854570845009,1.032843148531516,0,C_hard_maze,14
field_unet,astar,,140,True,106,106,2.237493427084483,2.175854570845009,1.028328573547788,0,C_hard_maze,14
field_unet,focal,1.0,140,True,140,140,2.175854570845009,2.175854570845009,1.0,0,C_hard_maze,14
field_unet,focal,1.1,140,True,140,140,2.3642763389735872,2.175854570845009,1.0865966736257575,0,C_hard_maze,14
field_unet,astar,,152,True,106,106,2.237493427084483,2.175854570845009,1.028328573547788,0,C_hard_maze,14
field_unet,focal,1.0,152,True,140,140,2.175854570845009,2.175854570845009,1.0,0,C_hard_maze,14
field_unet,focal,1.1,152,True,140,140,2.3642763389735872,2.175854570845009,1.0865966736257575,0,C_hard_maze,14
field_onlstm,astar,,140,True,76,76,2.306450787466876,2.175854570845009,1.0600206550436635,0,C_hard_maze,14
field_onlstm,focal,1.0,140,True,140,140,2.175854570845009,2.175854570845009,1.0,0,C_hard_maze,14
field_onlstm,focal,1.1,140,True,131,131,2.196588233639446,2.175854570845009,1.0095289745336173,0,C_hard_maze,14
field_onlstm,astar,,152,True,76,76,2.306450787466876,2.175854570845009,1.0600206550436635,0,C_hard_maze,14
field_onlstm,focal,1.0,152,True,140,140,2.175854570845009,2.175854570845009,1.0,0,C_hard_maze,14
field_onlstm,focal,1.1,152,True,131,131,2.196588233639446,2.175854570845009,1.0095289745336173,0,C_hard_maze,14
field_hrm,astar,,140,True,82,82,2.1948212049692293,2.175854570845009,1.0087168666409787,0,C_hard_maze,14
field_hrm,focal,1.0,140,True,140,140,2.175854570845009,2.175854570845009,1.0,0,C_hard_maze,14
field_hrm,focal,1.1,140,True,139,139,2.297011774741718,2.175854570845009,1.0556825835329868,0,C_hard_maze,14
field_hrm,astar,,152,True,82,82,2.1948212049692293,2.175854570845009,1.0087168666409787,0,C_hard_maze,14
field_hrm,focal,1.0,152,True,140,140,2.175854570845009,2.175854570845009,1.0,0,C_hard_maze,14
field_hrm,focal,1.1,152,True,139,139,2.297011774741718,2.175854570845009,1.0556825835329868,0,C_hard_maze,14
euclid,astar,,140,True,126,126,2.0348912997606794,2.0348912997606794,1.0,0,C_hard_maze,15
euclid,focal,1.0,140,True,126,126,2.0348912997606794,2.0348912997606794,1.0,0,C_hard_maze,15
euclid,focal,1.1,140,True,117,117,2.07319010797364,2.0348912997606794,1.018821058509349,0,C_hard_maze,15
euclid,astar,,152,True,126,126,2.0348912997606794,2.0348912997606794,1.0,0,C_hard_maze,15
euclid,focal,1.0,152,True,126,126,2.0348912997606794,2.0348912997606794,1.0,0,C_hard_maze,15
euclid,focal,1.1,152,True,117,117,2.07319010797364,2.0348912997606794,1.018821058509349,0,C_hard_maze,15
oracle,astar,,140,True,22,22,2.0348912997606794,2.0348912997606794,1.0,0,C_hard_maze,15
oracle,focal,1.0,140,True,126,126,2.0348912997606794,2.0348912997606794,1.0,0,C_hard_maze,15
oracle,focal,1.1,140,True,115,115,2.0631446887742637,2.0348912997606794,1.0138844708888908,0,C_hard_maze,15
oracle,astar,,152,True,22,22,2.0348912997606794,2.0348912997606794,1.0,0,C_hard_maze,15
oracle,focal,1.0,152,True,126,126,2.0348912997606794,2.0348912997606794,1.0,0,C_hard_maze,15
oracle,focal,1.1,152,True,115,115,2.0631446887742637,2.0348912997606794,1.0138844708888908,0,C_hard_maze,15
scalar_hrm,astar,,140,True,85,85,2.046540392649864,2.0348912997606794,1.0057246757556801,0,C_hard_maze,15
scalar_hrm,focal,1.0,140,True,126,126,2.0348912997606794,2.0348912997606794,1.0,0,C_hard_maze,15
scalar_hrm,focal,1.1,140,True,118,118,2.075342049926612,2.0348912997606794,1.019878580330404,0,C_hard_maze,15
scalar_hrm,astar,,152,True,85,85,2.046540392649864,2.0348912997606794,1.0057246757556801,0,C_hard_maze,15
scalar_hrm,focal,1.0,152,True,126,126,2.0348912997606794,2.0348912997606794,1.0,0,C_hard_maze,15
scalar_hrm,focal,1.1,152,True,118,118,2.075342049926612,2.0348912997606794,1.019878580330404,0,C_hard_maze,15
scalar_onlstm,astar,,140,True,93,93,2.1910390189880626,2.0348912997606794,1.076735164795165,0,C_hard_maze,15
scalar_onlstm,focal,1.0,140,True,126,126,2.0348912997606794,2.0348912997606794,1.0,0,C_hard_maze,15
scalar_onlstm,focal,1.1,140,True,125,125,2.1512865399407257,2.0348912997606794,1.0571997335649994,0,C_hard_maze,15
scalar_onlstm,astar,,152,True,93,93,2.1910390189880626,2.0348912997606794,1.076735164795165,0,C_hard_maze,15
scalar_onlstm,focal,1.0,152,True,126,126,2.0348912997606794,2.0348912997606794,1.0,0,C_hard_maze,15
scalar_onlstm,focal,1.1,152,True,125,125,2.1512865399407257,2.0348912997606794,1.0571997335649994,0,C_hard_maze,15
field_unet,astar,,140,True,81,81,2.083617407838893,2.0348912997606794,1.0239453125009401,0,C_hard_maze,15
field_unet,focal,1.0,140,True,126,126,2.0348912997606794,2.0348912997606794,1.0,0,C_hard_maze,15
field_unet,focal,1.1,140,True,101,101,2.073712462203205,2.0348912997606794,1.0190777573461007,0,C_hard_maze,15
field_unet,astar,,152,True,81,81,2.083617407838893,2.0348912997606794,1.0239453125009401,0,C_hard_maze,15
field_unet,focal,1.0,152,True,126,126,2.0348912997606794,2.0348912997606794,1.0,0,C_hard_maze,15
field_unet,focal,1.1,152,True,101,101,2.073712462203205,2.0348912997606794,1.0190777573461007,0,C_hard_maze,15
field_onlstm,astar,,140,True,88,88,2.212446665787289,2.0348912997606794,1.0872554548970217,0,C_hard_maze,15
field_onlstm,focal,1.0,140,True,126,126,2.0348912997606794,2.0348912997606794,1.0,0,C_hard_maze,15
field_onlstm,focal,1.1,140,True,101,101,2.072871469056123,2.0348912997606794,1.0186644708245154,0,C_hard_maze,15
field_onlstm,astar,,152,True,88,88,2.212446665787289,2.0348912997606794,1.0872554548970217,0,C_hard_maze,15
field_onlstm,focal,1.0,152,True,126,126,2.0348912997606794,2.0348912997606794,1.0,0,C_hard_maze,15
field_onlstm,focal,1.1,152,True,101,101,2.072871469056123,2.0348912997606794,1.0186644708245154,0,C_hard_maze,15
field_hrm,astar,,140,True,67,67,2.04795655142488,2.0348912997606794,1.0064206140474123,0,C_hard_maze,15
field_hrm,focal,1.0,140,True,126,126,2.0348912997606794,2.0348912997606794,1.0,0,C_hard_maze,15
field_hrm,focal,1.1,140,True,118,118,2.07319010797364,2.0348912997606794,1.018821058509349,0,C_hard_maze,15
field_hrm,astar,,152,True,67,67,2.04795655142488,2.0348912997606794,1.0064206140474123,0,C_hard_maze,15
field_hrm,focal,1.0,152,True,126,126,2.0348912997606794,2.0348912997606794,1.0,0,C_hard_maze,15
field_hrm,focal,1.1,152,True,118,118,2.07319010797364,2.0348912997606794,1.018821058509349,0,C_hard_maze,15
euclid,astar,,140,False,140,140,nan,2.494915351450364,nan,0,C_hard_maze,16
euclid,focal,1.0,140,False,140,140,nan,2.494915351450364,nan,0,C_hard_maze,16
euclid,focal,1.1,140,True,138,138,2.498780146857284,2.494915351450364,1.0015490687508388,0,C_hard_maze,16
euclid,astar,,152,True,142,142,2.494915351450364,2.494915351450364,1.0,0,C_hard_maze,16
euclid,focal,1.0,152,True,142,142,2.494915351450364,2.494915351450364,1.0,0,C_hard_maze,16
euclid,focal,1.1,152,True,138,138,2.498780146857284,2.494915351450364,1.0015490687508388,0,C_hard_maze,16
oracle,astar,,140,True,29,29,2.494915351450364,2.494915351450364,1.0,0,C_hard_maze,16
oracle,focal,1.0,140,False,140,140,nan,2.494915351450364,nan,0,C_hard_maze,16
oracle,focal,1.1,140,True,138,138,2.5041107865726584,2.494915351450364,1.0036856701839398,0,C_hard_maze,16
oracle,astar,,152,True,29,29,2.494915351450364,2.494915351450364,1.0,0,C_hard_maze,16
oracle,focal,1.0,152,True,142,142,2.494915351450364,2.494915351450364,1.0,0,C_hard_maze,16
oracle,focal,1.1,152,True,138,138,2.5041107865726584,2.494915351450364,1.0036856701839398,0,C_hard_maze,16
scalar_hrm,astar,,140,True,91,91,2.5293062165182385,2.494915351450364,1.0137843815213539,0,C_hard_maze,16
scalar_hrm,focal,1.0,140,False,140,140,nan,2.494915351450364,nan,0,C_hard_maze,16
scalar_hrm,focal,1.1,140,True,138,138,2.498780146857284,2.494915351450364,1.0015490687508388,0,C_hard_maze,16
scalar_hrm,astar,,152,True,91,91,2.5293062165182385,2.494915351450364,1.0137843815213539,0,C_hard_maze,16
scalar_hrm,focal,1.0,152,True,142,142,2.494915351450364,2.494915351450364,1.0,0,C_hard_maze,16
scalar_hrm,focal,1.1,152,True,138,138,2.498780146857284,2.494915351450364,1.0015490687508388,0,C_hard_maze,16
scalar_onlstm,astar,,140,True,103,103,2.5792012433211817,2.494915351450364,1.0337830667568821,0,C_hard_maze,16
scalar_onlstm,focal,1.0,140,False,140,140,nan,2.494915351450364,nan,0,C_hard_maze,16
scalar_onlstm,focal,1.1,140,True,136,136,2.616266953052407,2.494915351450364,1.0486395666816903,0,C_hard_maze,16
scalar_onlstm,astar,,152,True,103,103,2.5792012433211817,2.494915351450364,1.0337830667568821,0,C_hard_maze,16
scalar_onlstm,focal,1.0,152,True,142,142,2.494915351450364,2.494915351450364,1.0,0,C_hard_maze,16
scalar_onlstm,focal,1.1,152,True,136,136,2.616266953052407,2.494915351450364,1.0486395666816903,0,C_hard_maze,16
field_unet,astar,,140,True,132,132,2.6214087018255317,2.494915351450364,1.0507004577536603,0,C_hard_maze,16
field_unet,focal,1.0,140,False,140,140,nan,2.494915351450364,nan,0,C_hard_maze,16
field_unet,focal,1.1,140,True,139,139,2.5634967875862937,2.494915351450364,1.0274884821627561,0,C_hard_maze,16
field_unet,astar,,152,True,132,132,2.6214087018255317,2.494915351450364,1.0507004577536603,0,C_hard_maze,16
field_unet,focal,1.0,152,True,142,142,2.494915351450364,2.494915351450364,1.0,0,C_hard_maze,16
field_unet,focal,1.1,152,True,139,139,2.5634967875862937,2.494915351450364,1.0274884821627561,0,C_hard_maze,16
field_onlstm,astar,,140,True,112,112,2.630485582233251,2.494915351450364,1.0543386094057565,0,C_hard_maze,16
field_onlstm,focal,1.0,140,False,140,140,nan,2.494915351450364,nan,0,C_hard_maze,16
field_onlstm,focal,1.1,140,True,139,139,2.544298634422684,2.494915351450364,1.0197935705288006,0,C_hard_maze,16
field_onlstm,astar,,152,True,112,112,2.630485582233251,2.494915351450364,1.0543386094057565,0,C_hard_maze,16
field_onlstm,focal,1.0,152,True,142,142,2.494915351450364,2.494915351450364,1.0,0,C_hard_maze,16
field_onlstm,focal,1.1,152,True,139,139,2.544298634422684,2.494915351450364,1.0197935705288006,0,C_hard_maze,16
field_hrm,astar,,140,True,127,127,2.5312025624564765,2.494915351450364,1.0145444658012215,0,C_hard_maze,16
field_hrm,focal,1.0,140,False,140,140,nan,2.494915351450364,nan,0,C_hard_maze,16
field_hrm,focal,1.1,140,True,138,138,2.4990261329951333,2.494915351450364,1.0016476637343144,0,C_hard_maze,16
field_hrm,astar,,152,True,127,127,2.5312025624564765,2.494915351450364,1.0145444658012215,0,C_hard_maze,16
field_hrm,focal,1.0,152,True,142,142,2.494915351450364,2.494915351450364,1.0,0,C_hard_maze,16
field_hrm,focal,1.1,152,True,138,138,2.4990261329951333,2.494915351450364,1.0016476637343144,0,C_hard_maze,16
euclid,astar,,140,False,140,140,nan,2.030145933244935,nan,0,C_hard_maze,17
euclid,focal,1.0,140,False,140,140,nan,2.030145933244935,nan,0,C_hard_maze,17
euclid,focal,1.1,140,False,140,140,nan,2.030145933244935,nan,0,C_hard_maze,17
euclid,astar,,152,True,145,145,2.0301459332449356,2.030145933244935,1.0000000000000002,0,C_hard_maze,17
euclid,focal,1.0,152,True,145,145,2.0301459332449356,2.030145933244935,1.0000000000000002,0,C_hard_maze,17
euclid,focal,1.1,152,True,142,142,2.0710800799404203,2.030145933244935,1.02016315478861,0,C_hard_maze,17
oracle,astar,,140,True,25,25,2.0301459332449356,2.030145933244935,1.0000000000000002,0,C_hard_maze,17
oracle,focal,1.0,140,False,140,140,nan,2.030145933244935,nan,0,C_hard_maze,17
oracle,focal,1.1,140,False,140,140,nan,2.030145933244935,nan,0,C_hard_maze,17
oracle,astar,,152,True,25,25,2.0301459332449356,2.030145933244935,1.0000000000000002,0,C_hard_maze,17
oracle,focal,1.0,152,True,145,145,2.0301459332449356,2.030145933244935,1.0000000000000002,0,C_hard_maze,17
oracle,focal,1.1,152,True,144,144,2.1245882698384193,2.030145933244935,1.046519974277184,0,C_hard_maze,17
scalar_hrm,astar,,140,True,74,74,2.2117623067937875,2.030145933244935,1.0894597627563458,0,C_hard_maze,17
scalar_hrm,focal,1.0,140,False,140,140,nan,2.030145933244935,nan,0,C_hard_maze,17
scalar_hrm,focal,1.1,140,False,140,140,nan,2.030145933244935,nan,0,C_hard_maze,17
scalar_hrm,astar,,152,True,74,74,2.2117623067937875,2.030145933244935,1.0894597627563458,0,C_hard_maze,17
scalar_hrm,focal,1.0,152,True,145,145,2.0301459332449356,2.030145933244935,1.0000000000000002,0,C_hard_maze,17
scalar_hrm,focal,1.1,152,True,143,143,2.127902309676087,2.030145933244935,1.0481523888654154,0,C_hard_maze,17
scalar_onlstm,astar,,140,True,82,82,2.0861614055036806,2.030145933244935,1.0275918451681016,0,C_hard_maze,17
scalar_onlstm,focal,1.0,140,False,140,140,nan,2.030145933244935,nan,0,C_hard_maze,17
scalar_onlstm,focal,1.1,140,False,140,140,nan,2.030145933244935,nan,0,C_hard_maze,17
scalar_onlstm,astar,,152,True,82,82,2.0861614055036806,2.030145933244935,1.0275918451681016,0,C_hard_maze,17
scalar_onlstm,focal,1.0,152,True,145,145,2.0301459332449356,2.030145933244935,1.0000000000000002,0,C_hard_maze,17
scalar_onlstm,focal,1.1,152,True,142,142,2.0821699723526095,2.030145933244935,1.0256257632792536,0,C_hard_maze,17
field_unet,astar,,140,True,114,114,2.074460589873112,2.030145933244935,1.0218283109122828,0,C_hard_maze,17
field_unet,focal,1.0,140,False,140,140,nan,2.030145933244935,nan,0,C_hard_maze,17
field_unet,focal,1.1,140,False,140,140,nan,2.030145933244935,nan,0,C_hard_maze,17
field_unet,astar,,152,True,114,114,2.074460589873112,2.030145933244935,1.0218283109122828,0,C_hard_maze,17
field_unet,focal,1.0,152,True,145,145,2.0301459332449356,2.030145933244935,1.0000000000000002,0,C_hard_maze,17
field_unet,focal,1.1,152,True,144,144,2.0783152684654,2.030145933244935,1.0237270308659399,0,C_hard_maze,17
field_onlstm,astar,,140,True,101,101,2.1714746994126592,2.030145933244935,1.0696150773465962,0,C_hard_maze,17
field_onlstm,focal,1.0,140,False,140,140,nan,2.030145933244935,nan,0,C_hard_maze,17
field_onlstm,focal,1.1,140,False,140,140,nan,2.030145933244935,nan,0,C_hard_maze,17
field_onlstm,astar,,152,True,101,101,2.1714746994126592,2.030145933244935,1.0696150773465962,0,C_hard_maze,17
field_onlstm,focal,1.0,152,True,145,145,2.0301459332449356,2.030145933244935,1.0000000000000002,0,C_hard_maze,17
field_onlstm,focal,1.1,152,True,142,142,2.0591735814055125,2.030145933244935,1.0142983061883537,0,C_hard_maze,17
field_hrm,astar,,140,True,94,94,2.0442917213230976,2.030145933244935,1.0069678676032674,0,C_hard_maze,17
field_hrm,focal,1.0,140,False,140,140,nan,2.030145933244935,nan,0,C_hard_maze,17
field_hrm,focal,1.1,140,False,140,140,nan,2.030145933244935,nan,0,C_hard_maze,17
field_hrm,astar,,152,True,94,94,2.0442917213230976,2.030145933244935,1.0069678676032674,0,C_hard_maze,17
field_hrm,focal,1.0,152,True,145,145,2.0301459332449356,2.030145933244935,1.0000000000000002,0,C_hard_maze,17
field_hrm,focal,1.1,152,True,143,143,2.0880931855101883,2.030145933244935,1.0285433925297338,0,C_hard_maze,17
euclid,astar,,140,False,140,140,nan,2.156536035718243,nan,0,C_hard_maze,18
euclid,focal,1.0,140,False,140,140,nan,2.156536035718243,nan,0,C_hard_maze,18
euclid,focal,1.1,140,True,139,139,2.230080064651794,2.156536035718243,1.0341028518491957,0,C_hard_maze,18
euclid,astar,,152,True,146,146,2.156536035718243,2.156536035718243,1.0,0,C_hard_maze,18
euclid,focal,1.0,152,True,146,146,2.156536035718243,2.156536035718243,1.0,0,C_hard_maze,18
euclid,focal,1.1,152,True,139,139,2.230080064651794,2.156536035718243,1.0341028518491957,0,C_hard_maze,18
oracle,astar,,140,True,26,26,2.156536035718243,2.156536035718243,1.0,0,C_hard_maze,18
oracle,focal,1.0,140,False,140,140,nan,2.156536035718243,nan,0,C_hard_maze,18
oracle,focal,1.1,140,True,138,138,2.2144275799080595,2.156536035718243,1.0268446913155964,0,C_hard_maze,18
oracle,astar,,152,True,26,26,2.156536035718243,2.156536035718243,1.0,0,C_hard_maze,18
oracle,focal,1.0,152,True,146,146,2.156536035718243,2.156536035718243,1.0,0,C_hard_maze,18
oracle,focal,1.1,152,True,138,138,2.2144275799080595,2.156536035718243,1.0268446913155964,0,C_hard_maze,18
scalar_hrm,astar,,140,True,75,75,2.2614860180192116,2.156536035718243,1.048665999808352,0,C_hard_maze,18
scalar_hrm,focal,1.0,140,False,140,140,nan,2.156536035718243,nan,0,C_hard_maze,18
scalar_hrm,focal,1.1,140,True,139,139,2.2386861748497084,2.156536035718243,1.0380935619766285,0,C_hard_maze,18
scalar_hrm,astar,,152,True,75,75,2.2614860180192116,2.156536035718243,1.048665999808352,0,C_hard_maze,18
scalar_hrm,focal,1.0,152,True,146,146,2.156536035718243,2.156536035718243,1.0,0,C_hard_maze,18
scalar_hrm,focal,1.1,152,True,139,139,2.2386861748497084,2.156536035718243,1.0380935619766285,0,C_hard_maze,18
scalar_onlstm,astar,,140,True,109,109,2.2040169126371127,2.156536035718243,1.0220171961573812,0,C_hard_maze,18
scalar_onlstm,focal,1.0,140,False,140,140,nan,2.156536035718243,nan,0,C_hard_maze,18
scalar_onlstm,focal,1.1,140,True,139,139,2.230080064651794,2.156536035718243,1.0341028518491957,0,C_hard_maze,18
scalar_onlstm,astar,,152,True,109,109,2.2040169126371127,2.156536035718243,1.0220171961573812,0,C_hard_maze,18
scalar_onlstm,focal,1.0,152,True,146,146,2.156536035718243,2.156536035718243,1.0,0,C_hard_maze,18
scalar_onlstm,focal,1.1,152,True,139,139,2.230080064651794,2.156536035718243,1.0341028518491957,0,C_hard_maze,18
field_unet,astar,,140,True,124,124,2.186289239865884,2.156536035718243,1.01379675723236,0,C_hard_maze,18
field_unet,focal,1.0,140,False,140,140,nan,2.156536035718243,nan,0,C_hard_maze,18
field_unet,focal,1.1,140,False,140,140,nan,2.156536035718243,nan,0,C_hard_maze,18
field_unet,astar,,152,True,124,124,2.186289239865884,2.156536035718243,1.01379675723236,0,C_hard_maze,18
field_unet,focal,1.0,152,True,146,146,2.156536035718243,2.156536035718243,1.0,0,C_hard_maze,18
field_unet,focal,1.1,152,True,146,146,2.2867026023229626,2.156536035718243,1.0603590964624745,0,C_hard_maze,18
field_onlstm,astar,,140,True,112,112,2.2971816081454084,2.156536035718243,1.0652182806582793,0,C_hard_maze,18
field_onlstm,focal,1.0,140,False,140,140,nan,2.156536035718243,nan,0,C_hard_maze,18
field_onlstm,focal,1.1,140,False,140,140,nan,2.156536035718243,nan,0,C_hard_maze,18
field_onlstm,astar,,152,True,112,112,2.2971816081454084,2.156536035718243,1.0652182806582793,0,C_hard_maze,18
field_onlstm,focal,1.0,152,True,146,146,2.156536035718243,2.156536035718243,1.0,0,C_hard_maze,18
field_onlstm,focal,1.1,152,True,142,142,2.2089329707020675,2.156536035718243,1.0242968047442682,0,C_hard_maze,18
field_hrm,astar,,140,True,107,107,2.2040169126371127,2.156536035718243,1.0220171961573812,0,C_hard_maze,18
field_hrm,focal,1.0,140,False,140,140,nan,2.156536035718243,nan,0,C_hard_maze,18
field_hrm,focal,1.1,140,True,138,138,2.2040169126371127,2.156536035718243,1.0220171961573812,0,C_hard_maze,18
field_hrm,astar,,152,True,107,107,2.2040169126371127,2.156536035718243,1.0220171961573812,0,C_hard_maze,18
field_hrm,focal,1.0,152,True,146,146,2.156536035718243,2.156536035718243,1.0,0,C_hard_maze,18
field_hrm,focal,1.1,152,True,138,138,2.2040169126371127,2.156536035718243,1.0220171961573812,0,C_hard_maze,18
euclid,astar,,140,True,120,120,1.7989405165641583,1.7989405165641577,1.0000000000000004,0,C_hard_maze,19
euclid,focal,1.0,140,True,120,120,1.7989405165641583,1.7989405165641577,1.0000000000000004,0,C_hard_maze,19
euclid,focal,1.1,140,True,113,113,1.8916887116932477,1.7989405165641577,1.0515571216919568,0,C_hard_maze,19
euclid,astar,,152,True,120,120,1.7989405165641583,1.7989405165641577,1.0000000000000004,0,C_hard_maze,19
euclid,focal,1.0,152,True,120,120,1.7989405165641583,1.7989405165641577,1.0000000000000004,0,C_hard_maze,19
euclid,focal,1.1,152,True,113,113,1.8916887116932477,1.7989405165641577,1.0515571216919568,0,C_hard_maze,19
oracle,astar,,140,True,22,22,1.7989405165641583,1.7989405165641577,1.0000000000000004,0,C_hard_maze,19
oracle,focal,1.0,140,True,120,120,1.7989405165641583,1.7989405165641577,1.0000000000000004,0,C_hard_maze,19
oracle,focal,1.1,140,True,119,119,1.9171005878461231,1.7989405165641577,1.0656831452702185,0,C_hard_maze,19
oracle,astar,,152,True,22,22,1.7989405165641583,1.7989405165641577,1.0000000000000004,0,C_hard_maze,19
oracle,focal,1.0,152,True,120,120,1.7989405165641583,1.7989405165641577,1.0000000000000004,0,C_hard_maze,19
oracle,focal,1.1,152,True,119,119,1.9171005878461231,1.7989405165641577,1.0656831452702185,0,C_hard_maze,19
scalar_hrm,astar,,140,True,43,43,1.8577687134343375,1.7989405165641577,1.0327015798068395,0,C_hard_maze,19
scalar_hrm,focal,1.0,140,True,120,120,1.7989405165641583,1.7989405165641577,1.0000000000000004,0,C_hard_maze,19
scalar_hrm,focal,1.1,140,True,120,120,1.8979622735338746,1.7989405165641577,1.0550444864952184,0,C_hard_maze,19
scalar_hrm,astar,,152,True,43,43,1.8577687134343375,1.7989405165641577,1.0327015798068395,0,C_hard_maze,19
scalar_hrm,focal,1.0,152,True,120,120,1.7989405165641583,1.7989405165641577,1.0000000000000004,0,C_hard_maze,19
scalar_hrm,focal,1.1,152,True,120,120,1.8979622735338746,1.7989405165641577,1.0550444864952184,0,C_hard_maze,19
scalar_onlstm,astar,,140,True,61,61,1.975623506251391,1.7989405165641577,1.0982150260447103,0,C_hard_maze,19
scalar_onlstm,focal,1.0,140,True,120,120,1.7989405165641583,1.7989405165641577,1.0000000000000004,0,C_hard_maze,19
scalar_onlstm,focal,1.1,140,True,120,120,1.9142243880621905,1.7989405165641577,1.0640843154270696,0,C_hard_maze,19
scalar_onlstm,astar,,152,True,61,61,1.975623506251391,1.7989405165641577,1.0982150260447103,0,C_hard_maze,19
scalar_onlstm,focal,1.0,152,True,120,120,1.7989405165641583,1.7989405165641577,1.0000000000000004,0,C_hard_maze,19
scalar_onlstm,focal,1.1,152,True,120,120,1.9142243880621905,1.7989405165641577,1.0640843154270696,0,C_hard_maze,19
field_unet,astar,,140,True,53,53,1.8518176153179924,1.7989405165641577,1.0293934670251499,0,C_hard_maze,19
field_unet,focal,1.0,140,True,120,120,1.7989405165641583,1.7989405165641577,1.0000000000000004,0,C_hard_maze,19
field_unet,focal,1.1,140,True,120,120,1.9306991206150192,1.7989405165641577,1.0732423350509168,0,C_hard_maze,19
field_unet,astar,,152,True,53,53,1.8518176153179924,1.7989405165641577,1.0293934670251499,0,C_hard_maze,19
field_unet,focal,1.0,152,True,120,120,1.7989405165641583,1.7989405165641577,1.0000000000000004,0,C_hard_maze,19
field_unet,focal,1.1,152,True,120,120,1.9306991206150192,1.7989405165641577,1.0732423350509168,0,C_hard_maze,19
field_onlstm,astar,,140,True,77,77,2.0843228495592303,1.7989405165641577,1.1586391158392118,0,C_hard_maze,19
field_onlstm,focal,1.0,140,True,120,120,1.7989405165641583,1.7989405165641577,1.0000000000000004,0,C_hard_maze,19
field_onlstm,focal,1.1,140,True,115,115,1.860607047828902,1.7989405165641577,1.034279360933247,0,C_hard_maze,19
field_onlstm,astar,,152,True,77,77,2.0843228495592303,1.7989405165641577,1.1586391158392118,0,C_hard_maze,19
field_onlstm,focal,1.0,152,True,120,120,1.7989405165641583,1.7989405165641577,1.0000000000000004,0,C_hard_maze,19
field_onlstm,focal,1.1,152,True,115,115,1.860607047828902,1.7989405165641577,1.034279360933247,0,C_hard_maze,19
field_hrm,astar,,140,True,54,54,1.8404344733369955,1.7989405165641577,1.0230657747661875,0,C_hard_maze,19
field_hrm,focal,1.0,140,True,120,120,1.7989405165641583,1.7989405165641577,1.0000000000000004,0,C_hard_maze,19
field_hrm,focal,1.1,140,True,119,119,1.9136101687326152,1.7989405165641577,1.0637428814975318,0,C_hard_maze,19
field_hrm,astar,,152,True,54,54,1.8404344733369955,1.7989405165641577,1.0230657747661875,0,C_hard_maze,19
field_hrm,focal,1.0,152,True,120,120,1.7989405165641583,1.7989405165641577,1.0000000000000004,0,C_hard_maze,19
field_hrm,focal,1.1,152,True,119,119,1.9136101687326152,1.7989405165641577,1.0637428814975318,0,C_hard_maze,19
euclid,astar,,140,True,129,129,1.825416536817084,1.8254165368170838,1.0000000000000002,0,C_hard_maze,20
euclid,focal,1.0,140,True,129,129,1.825416536817084,1.8254165368170838,1.0000000000000002,0,C_hard_maze,20
euclid,focal,1.1,140,True,125,125,1.825416536817084,1.8254165368170838,1.0000000000000002,0,C_hard_maze,20
euclid,astar,,152,True,129,129,1.825416536817084,1.8254165368170838,1.0000000000000002,0,C_hard_maze,20
euclid,focal,1.0,152,True,129,129,1.825416536817084,1.8254165368170838,1.0000000000000002,0,C_hard_maze,20
euclid,focal,1.1,152,True,125,125,1.825416536817084,1.8254165368170838,1.0000000000000002,0,C_hard_maze,20
oracle,astar,,140,True,20,20,1.825416536817084,1.8254165368170838,1.0000000000000002,0,C_hard_maze,20
oracle,focal,1.0,140,True,129,129,1.825416536817084,1.8254165368170838,1.0000000000000002,0,C_hard_maze,20
oracle,focal,1.1,140,True,137,137,1.8669914706354918,1.8254165368170838,1.0227755873686237,0,C_hard_maze,20
oracle,astar,,152,True,20,20,1.825416536817084,1.8254165368170838,1.0000000000000002,0,C_hard_maze,20
oracle,focal,1.0,152,True,129,129,1.825416536817084,1.8254165368170838,1.0000000000000002,0,C_hard_maze,20
oracle,focal,1.1,152,True,137,137,1.8669914706354918,1.8254165368170838,1.0227755873686237,0,C_hard_maze,20
scalar_hrm,astar,,140,True,41,41,1.8282055498412297,1.8254165368170838,1.0015278775928091,0,C_hard_maze,20
scalar_hrm,focal,1.0,140,True,129,129,1.825416536817084,1.8254165368170838,1.0000000000000002,0,C_hard_maze,20
scalar_hrm,focal,1.1,140,True,127,127,1.8678729714450908,1.8254165368170838,1.023258491293191,0,C_hard_maze,20
scalar_hrm,astar,,152,True,41,41,1.8282055498412297,1.8254165368170838,1.0015278775928091,0,C_hard_maze,20
scalar_hrm,focal,1.0,152,True,129,129,1.825416536817084,1.8254165368170838,1.0000000000000002,0,C_hard_maze,20
scalar_hrm,focal,1.1,152,True,127,127,1.8678729714450908,1.8254165368170838,1.023258491293191,0,C_hard_maze,20
scalar_onlstm,astar,,140,True,51,51,1.9578954516837985,1.8254165368170838,1.0725746218436882,0,C_hard_maze,20
scalar_onlstm,focal,1.0,140,True,129,129,1.825416536817084,1.8254165368170838,1.0000000000000002,0,C_hard_maze,20
scalar_onlstm,focal,1.1,140,True,126,126,1.9213063146765923,1.8254165368170838,1.0525303545385363,0,C_hard_maze,20
scalar_onlstm,astar,,152,True,51,51,1.9578954516837985,1.8254165368170838,1.0725746218436882,0,C_hard_maze,20
scalar_onlstm,focal,1.0,152,True,129,129,1.825416536817084,1.8254165368170838,1.0000000000000002,0,C_hard_maze,20
scalar_onlstm,focal,1.1,152,True,126,126,1.9213063146765923,1.8254165368170838,1.0525303545385363,0,C_hard_maze,20
field_unet,astar,,140,True,81,81,1.8767015734571977,1.8254165368170838,1.0280949775603205,0,C_hard_maze,20
field_unet,focal,1.0,140,True,129,129,1.825416536817084,1.8254165368170838,1.0000000000000002,0,C_hard_maze,20
field_unet,focal,1.1,140,True,126,126,1.9111798968072746,1.8254165368170838,1.0469828985661176,0,C_hard_maze,20
field_unet,astar,,152,True,81,81,1.8767015734571977,1.8254165368170838,1.0280949775603205,0,C_hard_maze,20
field_unet,focal,1.0,152,True,129,129,1.825416536817084,1.8254165368170838,1.0000000000000002,0,C_hard_maze,20
field_unet,focal,1.1,152,True,126,126,1.9111798968072746,1.8254165368170838,1.0469828985661176,0,C_hard_maze,20
field_onlstm,astar,,140,True,77,77,1.8704151882965632,1.8254165368170838,1.0246511689643953,0,C_hard_maze,20
field_onlstm,focal,1.0,140,True,129,129,1.825416536817084,1.8254165368170838,1.0000000000000002,0,C_hard_maze,20
field_onlstm,focal,1.1,140,True,125,125,1.8606256991081227,1.8254165368170838,1.0192882893196704,0,C_hard_maze,20
field_onlstm,astar,,152,True,77,77,1.8704151882965632,1.8254165368170838,1.0246511689643953,0,C_hard_maze,20
field_onlstm,focal,1.0,152,True,129,129,1.825416536817084,1.8254165368170838,1.0000000000000002,0,C_hard_maze,20
field_onlstm,focal,1.1,152,True,125,125,1.8606256991081227,1.8254165368170838,1.0192882893196704,0,C_hard_maze,20
field_hrm,astar,,140,True,83,83,1.8674176547493666,1.8254165368170838,1.0230090596229169,0,C_hard_maze,20
field_hrm,focal,1.0,140,True,129,129,1.825416536817084,1.8254165368170838,1.0000000000000002,0,C_hard_maze,20
field_hrm,focal,1.1,140,True,126,126,1.9204248138669933,1.8254165368170838,1.052047450613969,0,C_hard_maze,20
field_hrm,astar,,152,True,83,83,1.8674176547493666,1.8254165368170838,1.0230090596229169,0,C_hard_maze,20
field_hrm,focal,1.0,152,True,129,129,1.825416536817084,1.8254165368170838,1.0000000000000002,0,C_hard_maze,20
field_hrm,focal,1.1,152,True,126,126,1.9204248138669933,1.8254165368170838,1.052047450613969,0,C_hard_maze,20
euclid,astar,,140,False,140,140,nan,1.784076615325505,nan,0,C_hard_maze,21
euclid,focal,1.0,140,False,140,140,nan,1.784076615325505,nan,0,C_hard_maze,21
euclid,focal,1.1,140,False,140,140,nan,1.784076615325505,nan,0,C_hard_maze,21
euclid,astar,,152,True,146,146,1.7840766153255048,1.784076615325505,0.9999999999999999,0,C_hard_maze,21
euclid,focal,1.0,152,True,146,146,1.7840766153255048,1.784076615325505,0.9999999999999999,0,C_hard_maze,21
euclid,focal,1.1,152,True,141,141,1.8524025866584048,1.784076615325505,1.0382976665609362,0,C_hard_maze,21
oracle,astar,,140,True,20,20,1.7840766153255048,1.784076615325505,0.9999999999999999,0,C_hard_maze,21
oracle,focal,1.0,140,False,140,140,nan,1.784076615325505,nan,0,C_hard_maze,21
oracle,focal,1.1,140,True,140,140,1.793303326207851,1.784076615325505,1.005171701037437,0,C_hard_maze,21
oracle,astar,,152,True,20,20,1.7840766153255048,1.784076615325505,0.9999999999999999,0,C_hard_maze,21
oracle,focal,1.0,152,True,146,146,1.7840766153255048,1.784076615325505,0.9999999999999999,0,C_hard_maze,21
oracle,focal,1.1,152,True,140,140,1.793303326207851,1.784076615325505,1.005171701037437,0,C_hard_maze,21
scalar_hrm,astar,,140,True,45,45,1.9671181918687075,1.784076615325505,1.102597374446168,0,C_hard_maze,21
scalar_hrm,focal,1.0,140,False,140,140,nan,1.784076615325505,nan,0,C_hard_maze,21
scalar_hrm,focal,1.1,140,True,140,140,1.803498279638984,1.784076615325505,1.0108861156223021,0,C_hard_maze,21
scalar_hrm,astar,,152,True,45,45,1.9671181918687075,1.784076615325505,1.102597374446168,0,C_hard_maze,21
scalar_hrm,focal,1.0,152,True,146,146,1.7840766153255048,1.784076615325505,0.9999999999999999,0,C_hard_maze,21
scalar_hrm,focal,1.1,152,True,140,140,1.803498279638984,1.784076615325505,1.0108861156223021,0,C_hard_maze,21
scalar_onlstm,astar,,140,True,53,53,1.9197090703091362,1.784076615325505,1.076023895957453,0,C_hard_maze,21
scalar_onlstm,focal,1.0,140,False,140,140,nan,1.784076615325505,nan,0,C_hard_maze,21
scalar_onlstm,focal,1.1,140,True,137,137,1.7970826444801775,1.784076615325505,1.0072900620090801,0,C_hard_maze,21
scalar_onlstm,astar,,152,True,53,53,1.9197090703091362,1.784076615325505,1.076023895957453,0,C_hard_maze,21
scalar_onlstm,focal,1.0,152,True,146,146,1.7840766153255048,1.784076615325505,0.9999999999999999,0,C_hard_maze,21
scalar_onlstm,focal,1.1,152,True,137,137,1.7970826444801775,1.784076615325505,1.0072900620090801,0,C_hard_maze,21
field_unet,astar,,140,True,42,42,1.8146431788657427,1.784076615325505,1.0171329881674733,0,C_hard_maze,21
field_unet,focal,1.0,140,False,140,140,nan,1.784076615325505,nan,0,C_hard_maze,21
field_unet,focal,1.1,140,True,136,136,1.7970826444801775,1.784076615325505,1.0072900620090801,0,C_hard_maze,21
field_unet,astar,,152,True,42,42,1.8146431788657427,1.784076615325505,1.0171329881674733,0,C_hard_maze,21
field_unet,focal,1.0,152,True,146,146,1.7840766153255048,1.784076615325505,0.9999999999999999,0,C_hard_maze,21
field_unet,focal,1.1,152,True,136,136,1.7970826444801775,1.784076615325505,1.0072900620090801,0,C_hard_maze,21
field_onlstm,astar,,140,True,59,59,1.86109204970614,1.784076615325505,1.0431682326415022,0,C_hard_maze,21
field_onlstm,focal,1.0,140,False,140,140,nan,1.784076615325505,nan,0,C_hard_maze,21
field_onlstm,focal,1.1,140,True,132,132,1.8524025866584048,1.784076615325505,1.0382976665609362,0,C_hard_maze,21
field_onlstm,astar,,152,True,59,59,1.86109204970614,1.784076615325505,1.0431682326415022,0,C_hard_maze,21
field_onlstm,focal,1.0,152,True,146,146,1.7840766153255048,1.784076615325505,0.9999999999999999,0,C_hard_maze,21
field_onlstm,focal,1.1,152,True,132,132,1.8524025866584048,1.784076615325505,1.0382976665609362,0,C_hard_maze,21
field_hrm,astar,,140,True,56,56,1.81310481464848,1.784076615325505,1.0162707134175843,0,C_hard_maze,21
field_hrm,focal,1.0,140,False,140,140,nan,1.784076615325505,nan,0,C_hard_maze,21
field_hrm,focal,1.1,140,False,140,140,nan,1.784076615325505,nan,0,C_hard_maze,21
field_hrm,astar,,152,True,56,56,1.81310481464848,1.784076615325505,1.0162707134175843,0,C_hard_maze,21
field_hrm,focal,1.0,152,True,146,146,1.7840766153255048,1.784076615325505,0.9999999999999999,0,C_hard_maze,21
field_hrm,focal,1.1,152,True,144,144,1.808621752050174,1.784076615325505,1.0137578938672378,0,C_hard_maze,21
euclid,astar,,140,True,136,136,2.4099219296765098,2.40992192967651,0.9999999999999998,0,C_hard_maze,22
euclid,focal,1.0,140,True,136,136,2.4099219296765098,2.40992192967651,0.9999999999999998,0,C_hard_maze,22
euclid,focal,1.1,140,True,135,135,2.4315450858828473,2.40992192967651,1.008972554645884,0,C_hard_maze,22
euclid,astar,,152,True,136,136,2.4099219296765098,2.40992192967651,0.9999999999999998,0,C_hard_maze,22
euclid,focal,1.0,152,True,136,136,2.4099219296765098,2.40992192967651,0.9999999999999998,0,C_hard_maze,22
euclid,focal,1.1,152,True,135,135,2.4315450858828473,2.40992192967651,1.008972554645884,0,C_hard_maze,22
oracle,astar,,140,True,28,28,2.4099219296765098,2.40992192967651,0.9999999999999998,0,C_hard_maze,22
oracle,focal,1.0,140,True,136,136,2.4099219296765098,2.40992192967651,0.9999999999999998,0,C_hard_maze,22
oracle,focal,1.1,140,True,135,135,2.4216626917867936,2.40992192967651,1.0048718433430162,0,C_hard_maze,22
oracle,astar,,152,True,28,28,2.4099219296765098,2.40992192967651,0.9999999999999998,0,C_hard_maze,22
oracle,focal,1.0,152,True,136,136,2.4099219296765098,2.40992192967651,0.9999999999999998,0,C_hard_maze,22
oracle,focal,1.1,152,True,135,135,2.4216626917867936,2.40992192967651,1.0048718433430162,0,C_hard_maze,22
scalar_hrm,astar,,140,True,98,98,2.791631800702666,2.40992192967651,1.1583909695686256,0,C_hard_maze,22
scalar_hrm,focal,1.0,140,True,136,136,2.4099219296765098,2.40992192967651,0.9999999999999998,0,C_hard_maze,22
scalar_hrm,focal,1.1,140,True,135,135,2.435445274230802,2.40992192967651,1.0105909424865551,0,C_hard_maze,22
scalar_hrm,astar,,152,True,98,98,2.791631800702666,2.40992192967651,1.1583909695686256,0,C_hard_maze,22
scalar_hrm,focal,1.0,152,True,136,136,2.4099219296765098,2.40992192967651,0.9999999999999998,0,C_hard_maze,22
scalar_hrm,focal,1.1,152,True,135,135,2.435445274230802,2.40992192967651,1.0105909424865551,0,C_hard_maze,22
scalar_onlstm,astar,,140,True,93,93,2.484677192749209,2.40992192967651,1.0310197862230057,0,C_hard_maze,22
scalar_onlstm,focal,1.0,140,True,136,136,2.4099219296765098,2.40992192967651,0.9999999999999998,0,C_hard_maze,22
scalar_onlstm,focal,1.1,140,True,135,135,2.491669033586109,2.40992192967651,1.0339210589782764,0,C_hard_maze,22
scalar_onlstm,astar,,152,True,93,93,2.484677192749209,2.40992192967651,1.0310197862230057,0,C_hard_maze,22
scalar_onlstm,focal,1.0,152,True,136,136,2.4099219296765098,2.40992192967651,0.9999999999999998,0,C_hard_maze,22
scalar_onlstm,focal,1.1,152,True,135,135,2.491669033586109,2.40992192967651,1.0339210589782764,0,C_hard_maze,22
field_unet,astar,,140,True,128,128,2.5278815782726776,2.40992192967651,1.0489474979017273,0,C_hard_maze,22
field_unet,focal,1.0,140,True,136,136,2.4099219296765098,2.40992192967651,0.9999999999999998,0,C_hard_maze,22
field_unet,focal,1.1,140,True,136,136,2.4527539818723527,2.40992192967651,1.0177732115171017,0,C_hard_maze,22
field_unet,astar,,152,True,128,128,2.5278815782726776,2.40992192967651,1.0489474979017273,0,C_hard_maze,22
field_unet,focal,1.0,152,True,136,136,2.4099219296765098,2.40992192967651,0.9999999999999998,0,C_hard_maze,22
field_unet,focal,1.1,152,True,136,136,2.4527539818723527,2.40992192967651,1.0177732115171017,0,C_hard_maze,22
field_onlstm,astar,,140,True,97,97,2.430970907449771,2.40992192967651,1.0087342986152612,0,C_hard_maze,22
field_onlstm,focal,1.0,140,True,136,136,2.4099219296765098,2.40992192967651,0.9999999999999998,0,C_hard_maze,22
field_onlstm,focal,1.1,140,True,135,135,2.440454646377615,2.40992192967651,1.0126695874771359,0,C_hard_maze,22
field_onlstm,astar,,152,True,97,97,2.430970907449771,2.40992192967651,1.0087342986152612,0,C_hard_maze,22
field_onlstm,focal,1.0,152,True,136,136,2.4099219296765098,2.40992192967651,0.9999999999999998,0,C_hard_maze,22
field_onlstm,focal,1.1,152,True,135,135,2.440454646377615,2.40992192967651,1.0126695874771359,0,C_hard_maze,22
field_hrm,astar,,140,True,124,124,2.515127437987645,2.40992192967651,1.043655152067626,0,C_hard_maze,22
field_hrm,focal,1.0,140,True,136,136,2.4099219296765098,2.40992192967651,0.9999999999999998,0,C_hard_maze,22
field_hrm,focal,1.1,140,True,135,135,2.433320552569041,2.40992192967651,1.0097092866803663,0,C_hard_maze,22
field_hrm,astar,,152,True,124,124,2.515127437987645,2.40992192967651,1.043655152067626,0,C_hard_maze,22
field_hrm,focal,1.0,152,True,136,136,2.4099219296765098,2.40992192967651,0.9999999999999998,0,C_hard_maze,22
field_hrm,focal,1.1,152,True,135,135,2.433320552569041,2.40992192967651,1.0097092866803663,0,C_hard_maze,22
euclid,astar,,140,True,132,132,1.9969236732945457,1.9969236732945452,1.0000000000000002,0,C_hard_maze,23
euclid,focal,1.0,140,True,132,132,1.9969236732945457,1.9969236732945452,1.0000000000000002,0,C_hard_maze,23
euclid,focal,1.1,140,True,127,127,2.026731016745263,1.9969236732945452,1.0149266313226388,0,C_hard_maze,23
euclid,astar,,152,True,132,132,1.9969236732945457,1.9969236732945452,1.0000000000000002,0,C_hard_maze,23
euclid,focal,1.0,152,True,132,132,1.9969236732945457,1.9969236732945452,1.0000000000000002,0,C_hard_maze,23
euclid,focal,1.1,152,True,127,127,2.026731016745263,1.9969236732945452,1.0149266313226388,0,C_hard_maze,23
oracle,astar,,140,True,22,22,1.9969236732945457,1.9969236732945452,1.0000000000000002,0,C_hard_maze,23
oracle,focal,1.0,140,True,132,132,1.9969236732945457,1.9969236732945452,1.0000000000000002,0,C_hard_maze,23
oracle,focal,1.1,140,True,124,124,1.9969236732945457,1.9969236732945452,1.0000000000000002,0,C_hard_maze,23
oracle,astar,,152,True,22,22,1.9969236732945457,1.9969236732945452,1.0000000000000002,0,C_hard_maze,23
oracle,focal,1.0,152,True,132,132,1.9969236732945457,1.9969236732945452,1.0000000000000002,0,C_hard_maze,23
oracle,focal,1.1,152,True,124,124,1.9969236732945457,1.9969236732945452,1.0000000000000002,0,C_hard_maze,23
scalar_hrm,astar,,140,True,98,98,2.0841242003590756,1.9969236732945452,1.0436674311746057,0,C_hard_maze,23
scalar_hrm,focal,1.0,140,True,132,132,1.9969236732945457,1.9969236732945452,1.0000000000000002,0,C_hard_maze,23
scalar_hrm,focal,1.1,140,True,122,122,2.0819000756207844,1.9969236732945452,1.0425536556367445,0,C_hard_maze,23
scalar_hrm,astar,,152,True,98,98,2.0841242003590756,1.9969236732945452,1.0436674311746057,0,C_hard_maze,23
scalar_hrm,focal,1.0,152,True,132,132,1.9969236732945457,1.9969236732945452,1.0000000000000002,0,C_hard_maze,23
scalar_hrm,focal,1.1,152,True,122,122,2.0819000756207844,1.9969236732945452,1.0425536556367445,0,C_hard_maze,23
scalar_onlstm,astar,,140,True,114,114,2.121042138774874,1.9969236732945452,1.0621548370326828,0,C_hard_maze,23
scalar_onlstm,focal,1.0,140,True,132,132,1.9969236732945457,1.9969236732945452,1.0000000000000002,0,C_hard_maze,23
scalar_onlstm,focal,1.1,140,True,127,127,2.026731016745263,1.9969236732945452,1.0149266313226388,0,C_hard_maze,23
scalar_onlstm,astar,,152,True,114,114,2.121042138774874,1.9969236732945452,1.0621548370326828,0,C_hard_maze,23
scalar_onlstm,focal,1.0,152,True,132,132,1.9969236732945457,1.9969236732945452,1.0000000000000002,0,C_hard_maze,23
scalar_onlstm,focal,1.1,152,True,127,127,2.026731016745263,1.9969236732945452,1.0149266313226388,0,C_hard_maze,23
field_unet,astar,,140,True,97,97,2.0322191750481906,1.9969236732945452,1.0176749378184367,0,C_hard_maze,23
field_unet,focal,1.0,140,True,132,132,1.9969236732945457,1.9969236732945452,1.0000000000000002,0,C_hard_maze,23
field_unet,focal,1.1,140,True,121,121,2.065946282906109,1.9969236732945452,1.0345644706077772,0,C_hard_maze,23
field_unet,astar,,152,True,97,97,2.0322191750481906,1.9969236732945452,1.0176749378184367,0,C_hard_maze,23
field_unet,focal,1.0,152,True,132,132,1.9969236732945457,1.9969236732945452,1.0000000000000002,0,C_hard_maze,23
field_unet,focal,1.1,152,True,121,121,2.065946282906109,1.9969236732945452,1.0345644706077772,0,C_hard_maze,23
field_onlstm,astar,,140,True,98,98,2.038814419408061,1.9969236732945452,1.0209776400939772,0,C_hard_maze,23
field_onlstm,focal,1.0,140,True,132,132,1.9969236732945457,1.9969236732945452,1.0000000000000002,0,C_hard_maze,23
field_onlstm,focal,1.1,140,True,127,127,2.026731016745263,1.9969236732945452,1.0149266313226388,0,C_hard_maze,23
field_onlstm,astar,,152,True,98,98,2.038814419408061,1.9969236732945452,1.0209776400939772,0,C_hard_maze,23
field_onlstm,focal,1.0,152,True,132,132,1.9969236732945457,1.9969236732945452,1.0000000000000002,0,C_hard_maze,23
field_onlstm,focal,1.1,152,True,127,127,2.026731016745263,1.9969236732945452,1.0149266313226388,0,C_hard_maze,23
field_hrm,astar,,140,True,94,94,2.051578193459854,1.9969236732945452,1.0273693586270822,0,C_hard_maze,23
field_hrm,focal,1.0,140,True,132,132,1.9969236732945457,1.9969236732945452,1.0000000000000002,0,C_hard_maze,23
field_hrm,focal,1.1,140,True,128,128,2.064001779587965,1.9969236732945452,1.0335907211629944,0,C_hard_maze,23
field_hrm,astar,,152,True,94,94,2.051578193459854,1.9969236732945452,1.0273693586270822,0,C_hard_maze,23
field_hrm,focal,1.0,152,True,132,132,1.9969236732945457,1.9969236732945452,1.0000000000000002,0,C_hard_maze,23
field_hrm,focal,1.1,152,True,128,128,2.064001779587965,1.9969236732945452,1.0335907211629944,0,C_hard_maze,23
