stage,suite,world_index,method,backbone,expert_task,alpha,budget,found,cost,cost_ratio,oracle_cost,expansions,closed,roadmap_nodes,roadmap_edges,obstacle_count,side_len,heuristic_max,heuristic_min,heuristic_mean,heuristic_std,spearman_to_prm_oracle,heatmap_min,heatmap_max,heatmap_mean,heatmap_std,nonfinite_heuristic
c6,C_hard_maze,0,euclidean,,,0.0,128,0,nan,nan,1.8952562973119702,128,128,192,653,25,1.0,1.0268013384131527,0.0,0.5177285316388972,0.2445786256588243,0.9206894447006485,0.0,1.0268013384131527,0.5177285316388972,0.2445786256588243,0
c6,C_hard_maze,0,euclidean,,,0.0,144,1,1.8952562973119698,0.9999999999999998,1.8952562973119702,132,132,192,653,25,1.0,1.0268013384131527,0.0,0.5177285316388972,0.2445786256588243,0.9206894447006485,0.0,1.0268013384131527,0.5177285316388972,0.2445786256588243,0
c6,C_hard_maze,0,euclidean,,,0.0,168,1,1.8952562973119698,0.9999999999999998,1.8952562973119702,132,132,192,653,25,1.0,1.0268013384131527,0.0,0.5177285316388972,0.2445786256588243,0.9206894447006485,0.0,1.0268013384131527,0.5177285316388972,0.2445786256588243,0
c6,C_hard_maze,0,grid_oracle,,,0.0,128,1,1.9051378807311286,1.005213850724661,1.8952562973119702,85,85,192,653,25,1.0,2.011037490921511,0.004211432182297737,0.8845047319959803,0.5159040544135215,0.9948966443317149,0.0,2.0579793456039788,0.8939743805797397,0.5232611726194638,0
c6,C_hard_maze,0,grid_oracle,,,0.0,144,1,1.9051378807311286,1.005213850724661,1.8952562973119702,85,85,192,653,25,1.0,2.011037490921511,0.004211432182297737,0.8845047319959803,0.5159040544135215,0.9948966443317149,0.0,2.0579793456039788,0.8939743805797397,0.5232611726194638,0
c6,C_hard_maze,0,grid_oracle,,,0.0,168,1,1.9051378807311286,1.005213850724661,1.8952562973119702,85,85,192,653,25,1.0,2.011037490921511,0.004211432182297737,0.8845047319959803,0.5159040544135215,0.9948966443317149,0.0,2.0579793456039788,0.8939743805797397,0.5232611726194638,0
c6,C_hard_maze,0,unet,unet,,0.0,128,1,1.9369098333993613,1.021977785350967,1.8952562973119702,75,75,192,653,25,1.0,2.1757623730352322,0.0662614197955429,0.9959280419404056,0.5784084249389071,0.9851121042780026,0.025839993730187416,1.5567089319229126,0.5024519308167328,0.35783526088037415,0
c6,C_hard_maze,0,unet,unet,,0.0,144,1,1.9369098333993613,1.021977785350967,1.8952562973119702,75,75,192,653,25,1.0,2.1757623730352322,0.0662614197955429,0.9959280419404056,0.5784084249389071,0.9851121042780026,0.025839993730187416,1.5567089319229126,0.5024519308167328,0.35783526088037415,0
c6,C_hard_maze,0,unet,unet,,0.0,168,1,1.9369098333993613,1.021977785350967,1.8952562973119702,75,75,192,653,25,1.0,2.1757623730352322,0.0662614197955429,0.9959280419404056,0.5784084249389071,0.9851121042780026,0.025839993730187416,1.5567089319229126,0.5024519308167328,0.35783526088037415,0
c6,C_hard_maze,0,onlstm,onlstm,,0.0,128,1,1.9534854112419158,1.0307236092619936,1.8952562973119702,88,88,192,653,25,1.0,2.0364800726270262,0.014300399231808484,0.9713625664120352,0.5835920409314278,0.925265510132111,0.011477557010948658,1.0633362531661987,0.469530090455919,0.33948043974274744,0
c6,C_hard_maze,0,onlstm,onlstm,,0.0,144,1,1.9534854112419158,1.0307236092619936,1.8952562973119702,88,88,192,653,25,1.0,2.0364800726270262,0.014300399231808484,0.9713625664120352,0.5835920409314278,0.925265510132111,0.011477557010948658,1.0633362531661987,0.469530090455919,0.33948043974274744,0
c6,C_hard_maze,0,onlstm,onlstm,,0.0,168,1,1.9534854112419158,1.0307236092619936,1.8952562973119702,88,88,192,653,25,1.0,2.0364800726270262,0.014300399231808484,0.9713625664120352,0.5835920409314278,0.925265510132111,0.011477557010948658,1.0633362531661987,0.469530090455919,0.33948043974274744,0
c6,C_hard_maze,0,hrm,hrm,,0.0,128,1,1.900635037786175,1.0028380016369467,1.8952562973119702,55,55,192,653,25,1.0,2.3396117210598244,0.000707879667256728,0.9718725129664092,0.6033262428434526,0.9723893199142774,0.0005374725442379713,1.4586846828460693,0.4605083148263418,0.37162355928244034,0
c6,C_hard_maze,0,hrm,hrm,,0.0,144,1,1.900635037786175,1.0028380016369467,1.8952562973119702,55,55,192,653,25,1.0,2.3396117210598244,0.000707879667256728,0.9718725129664092,0.6033262428434526,0.9723893199142774,0.0005374725442379713,1.4586846828460693,0.4605083148263418,0.37162355928244034,0
c6,C_hard_maze,0,hrm,hrm,,0.0,168,1,1.900635037786175,1.0028380016369467,1.8952562973119702,55,55,192,653,25,1.0,2.3396117210598244,0.000707879667256728,0.9718725129664092,0.6033262428434526,0.9723893199142774,0.0005374725442379713,1.4586846828460693,0.4605083148263418,0.37162355928244034,0
c6,C_hard_maze,1,euclidean,,,0.0,128,0,nan,nan,2.092284537952998,128,128,192,671,19,1.0,1.066809835515373,0.0,0.5734206731230781,0.25229727701372534,0.9128207823562923,0.0,1.066809835515373,0.5734206731230781,0.25229727701372534,0
c6,C_hard_maze,1,euclidean,,,0.0,144,1,2.0922845379529984,1.0000000000000002,2.092284537952998,133,133,192,671,19,1.0,1.066809835515373,0.0,0.5734206731230781,0.25229727701372534,0.9128207823562923,0.0,1.066809835515373,0.5734206731230781,0.25229727701372534,0
c6,C_hard_maze,1,euclidean,,,0.0,168,1,2.0922845379529984,1.0000000000000002,2.092284537952998,133,133,192,671,19,1.0,1.066809835515373,0.0,0.5734206731230781,0.25229727701372534,0.9128207823562923,0.0,1.066809835515373,0.5734206731230781,0.25229727701372534,0
c6,C_hard_maze,1,grid_oracle,,,0.0,128,1,2.0984129793544053,1.002929066907603,2.092284537952998,97,97,192,671,19,1.0,2.2371010713884254,0.00842107449377407,1.0358112735249407,0.591843483398181,0.9845949868431763,0.0,2.2805206063402172,1.0288893185888341,0.5938022879981844,0
c6,C_hard_maze,1,grid_oracle,,,0.0,144,1,2.0984129793544053,1.002929066907603,2.092284537952998,97,97,192,671,19,1.0,2.2371010713884254,0.00842107449377407,1.0358112735249407,0.591843483398181,0.9845949868431763,0.0,2.2805206063402172,1.0288893185888341,0.5938022879981844,0
c6,C_hard_maze,1,grid_oracle,,,0.0,168,1,2.0984129793544053,1.002929066907603,2.092284537952998,97,97,192,671,19,1.0,2.2371010713884254,0.00842107449377407,1.0358112735249407,0.591843483398181,0.9845949868431763,0.0,2.2805206063402172,1.0288893185888341,0.5938022879981844,0
c6,C_hard_maze,1,unet,unet,,0.0,128,1,2.0922845379529984,1.0000000000000002,2.092284537952998,95,95,192,671,19,1.0,2.4016432933970764,0.06719533536952951,1.0847525249333314,0.5942837027447713,0.9758260315221227,0.02738751843571663,1.4008687734603882,0.5089557887422416,0.3608924274395102,0
c6,C_hard_maze,1,unet,unet,,0.0,144,1,2.0922845379529984,1.0000000000000002,2.092284537952998,95,95,192,671,19,1.0,2.4016432933970764,0.06719533536952951,1.0847525249333314,0.5942837027447713,0.9758260315221227,0.02738751843571663,1.4008687734603882,0.5089557887422416,0.3608924274395102,0
c6,C_hard_maze,1,unet,unet,,0.0,168,1,2.0922845379529984,1.0000000000000002,2.092284537952998,95,95,192,671,19,1.0,2.4016432933970764,0.06719533536952951,1.0847525249333314,0.5942837027447713,0.9758260315221227,0.02738751843571663,1.4008687734603882,0.5089557887422416,0.3608924274395102,0
c6,C_hard_maze,1,onlstm,onlstm,,0.0,128,1,2.0922845379529984,1.0000000000000002,2.092284537952998,82,82,192,671,19,1.0,2.081190840332888,0.027339620522840648,1.0985319166501615,0.5983617387770345,0.9101860266391776,0.012984021566808224,1.135887622833252,0.5101866148474983,0.348624176714136,0
c6,C_hard_maze,1,onlstm,onlstm,,0.0,144,1,2.0922845379529984,1.0000000000000002,2.092284537952998,82,82,192,671,19,1.0,2.081190840332888,0.027339620522840648,1.0985319166501615,0.5983617387770345,0.9101860266391776,0.012984021566808224,1.135887622833252,0.5101866148474983,0.348624176714136,0
c6,C_hard_maze,1,onlstm,onlstm,,0.0,168,1,2.0922845379529984,1.0000000000000002,2.092284537952998,82,82,192,671,19,1.0,2.081190840332888,0.027339620522840648,1.0985319166501615,0.5983617387770345,0.9101860266391776,0.012984021566808224,1.135887622833252,0.5101866148474983,0.348624176714136,0
c6,C_hard_maze,1,hrm,hrm,,0.0,128,1,2.095475854035947,1.001525278242543,2.092284537952998,87,87,192,671,19,1.0,2.386949904320142,0.0008674097149310342,1.0531610281834756,0.6103203370412147,0.964330765265985,0.0006087653455324471,1.4482529163360596,0.4641342906070349,0.3711960487342493,0
c6,C_hard_maze,1,hrm,hrm,,0.0,144,1,2.095475854035947,1.001525278242543,2.092284537952998,87,87,192,671,19,1.0,2.386949904320142,0.0008674097149310342,1.0531610281834756,0.6103203370412147,0.964330765265985,0.0006087653455324471,1.4482529163360596,0.4641342906070349,0.3711960487342493,0
c6,C_hard_maze,1,hrm,hrm,,0.0,168,1,2.095475854035947,1.001525278242543,2.092284537952998,87,87,192,671,19,1.0,2.386949904320142,0.0008674097149310342,1.0531610281834756,0.6103203370412147,0.964330765265985,0.0006087653455324471,1.4482529163360596,0.4641342906070349,0.3711960487342493,0
c6,C_hard_maze,2,euclidean,,,0.0,128,0,nan,nan,1.6377812138232308,128,128,192,680,26,1.0,1.1076387954452753,0.0,0.5868771441419992,0.2732791027688816,0.9176053902286847,0.0,1.1076387954452753,0.5868771441419992,0.2732791027688816,0
c6,C_hard_maze,2,euclidean,,,0.0,144,0,nan,nan,1.6377812138232308,144,144,192,680,26,1.0,1.1076387954452753,0.0,0.5868771441419992,0.2732791027688816,0.9176053902286847,0.0,1.1076387954452753,0.5868771441419992,0.2732791027688816,0
c6,C_hard_maze,2,euclidean,,,0.0,168,1,1.637781213823231,1.0000000000000002,1.6377812138232308,147,147,192,680,26,1.0,1.1076387954452753,0.0,0.5868771441419992,0.2732791027688816,0.9176053902286847,0.0,1.1076387954452753,0.5868771441419992,0.2732791027688816,0
c6,C_hard_maze,2,grid_oracle,,,0.0,128,1,1.637781213823231,1.0000000000000002,1.6377812138232308,44,44,192,680,26,1.0,2.1053522410556296,0.004691913255536823,1.0829987340869163,0.5720416101824025,0.9970464964869925,0.0,2.1791880848677403,1.045570494535704,0.569433980022406,0
c6,C_hard_maze,2,grid_oracle,,,0.0,144,1,1.637781213823231,1.0000000000000002,1.6377812138232308,44,44,192,680,26,1.0,2.1053522410556296,0.004691913255536823,1.0829987340869163,0.5720416101824025,0.9970464964869925,0.0,2.1791880848677403,1.045570494535704,0.569433980022406,0
c6,C_hard_maze,2,grid_oracle,,,0.0,168,1,1.637781213823231,1.0000000000000002,1.6377812138232308,44,44,192,680,26,1.0,2.1053522410556296,0.004691913255536823,1.0829987340869163,0.5720416101824025,0.9970464964869925,0.0,2.1791880848677403,1.045570494535704,0.569433980022406,0
c6,C_hard_maze,2,unet,unet,,0.0,128,1,1.6550277001039673,1.0105303969389636,1.6377812138232308,63,63,192,680,26,1.0,2.183038182851683,0.031407902204570265,1.0977534606190706,0.5861209557216015,0.9897661611914387,0.019504180178046227,1.2517298460006714,0.49022789035279857,0.333674135818938,0
c6,C_hard_maze,2,unet,unet,,0.0,144,1,1.6550277001039673,1.0105303969389636,1.6377812138232308,63,63,192,680,26,1.0,2.183038182851683,0.031407902204570265,1.0977534606190706,0.5861209557216015,0.9897661611914387,0.019504180178046227,1.2517298460006714,0.49022789035279857,0.333674135818938,0
c6,C_hard_maze,2,unet,unet,,0.0,168,1,1.6550277001039673,1.0105303969389636,1.6377812138232308,63,63,192,680,26,1.0,2.183038182851683,0.031407902204570265,1.0977534606190706,0.5861209557216015,0.9897661611914387,0.019504180178046227,1.2517298460006714,0.49022789035279857,0.333674135818938,0
c6,C_hard_maze,2,onlstm,onlstm,,0.0,128,1,1.644589726535874,1.0041571564352905,1.6377812138232308,65,65,192,680,26,1.0,2.0095481068466694,0.02766923915831943,1.1585218499228427,0.6000766361147403,0.9199756530938882,0.021908802911639214,1.1517621278762817,0.5444653332647249,0.32223558311449557,0
c6,C_hard_maze,2,onlstm,onlstm,,0.0,144,1,1.644589726535874,1.0041571564352905,1.6377812138232308,65,65,192,680,26,1.0,2.0095481068466694,0.02766923915831943,1.1585218499228427,0.6000766361147403,0.9199756530938882,0.021908802911639214,1.1517621278762817,0.5444653332647249,0.32223558311449557,0
c6,C_hard_maze,2,onlstm,onlstm,,0.0,168,1,1.644589726535874,1.0041571564352905,1.6377812138232308,65,65,192,680,26,1.0,2.0095481068466694,0.02766923915831943,1.1585218499228427,0.6000766361147403,0.9199756530938882,0.021908802911639214,1.1517621278762817,0.5444653332647249,0.32223558311449557,0
c6,C_hard_maze,2,hrm,hrm,,0.0,128,1,1.6781669964410946,1.024658838602494,1.6377812138232308,60,60,192,680,26,1.0,2.3269208764777067,0.0005079171822239615,1.0779003059788141,0.6405665816725546,0.9754377695792531,0.00046476328861899674,1.4312704801559448,0.46002455950441146,0.37738523978948013,0
c6,C_hard_maze,2,hrm,hrm,,0.0,144,1,1.6781669964410946,1.024658838602494,1.6377812138232308,60,60,192,680,26,1.0,2.3269208764777067,0.0005079171822239615,1.0779003059788141,0.6405665816725546,0.9754377695792531,0.00046476328861899674,1.4312704801559448,0.46002455950441146,0.37738523978948013,0
c6,C_hard_maze,2,hrm,hrm,,0.0,168,1,1.6781669964410946,1.024658838602494,1.6377812138232308,60,60,192,680,26,1.0,2.3269208764777067,0.0005079171822239615,1.0779003059788141,0.6405665816725546,0.9754377695792531,0.00046476328861899674,1.4312704801559448,0.46002455950441146,0.37738523978948013,0
c6,C_hard_maze,3,euclidean,,,0.0,128,1,1.9521106446399341,1.0000000000000002,1.952110644639934,122,122,192,673,23,1.0,0.9853310714815701,0.0,0.5453733441320564,0.23433772092752417,0.8769141822423568,0.0,0.9853310714815701,0.5453733441320564,0.23433772092752417,0
c6,C_hard_maze,3,euclidean,,,0.0,144,1,1.9521106446399341,1.0000000000000002,1.952110644639934,122,122,192,673,23,1.0,0.9853310714815701,0.0,0.5453733441320564,0.23433772092752417,0.8769141822423568,0.0,0.9853310714815701,0.5453733441320564,0.23433772092752417,0
c6,C_hard_maze,3,euclidean,,,0.0,168,1,1.9521106446399341,1.0000000000000002,1.952110644639934,122,122,192,673,23,1.0,0.9853310714815701,0.0,0.5453733441320564,0.23433772092752417,0.8769141822423568,0.0,0.9853310714815701,0.5453733441320564,0.23433772092752417,0
c6,C_hard_maze,3,grid_oracle,,,0.0,128,1,1.9529032084129399,1.0004060035096791,1.952110644639934,60,60,192,673,23,1.0,2.2730741635707994,0.009608498983446005,1.1016039211499056,0.6285861660081816,0.9440631527547949,0.0,2.3445909979556605,1.0685503474455273,0.626771354803716,0
c6,C_hard_maze,3,grid_oracle,,,0.0,144,1,1.9529032084129399,1.0004060035096791,1.952110644639934,60,60,192,673,23,1.0,2.2730741635707994,0.009608498983446005,1.1016039211499056,0.6285861660081816,0.9440631527547949,0.0,2.3445909979556605,1.0685503474455273,0.626771354803716,0
c6,C_hard_maze,3,grid_oracle,,,0.0,168,1,1.9529032084129399,1.0004060035096791,1.952110644639934,60,60,192,673,23,1.0,2.2730741635707994,0.009608498983446005,1.1016039211499056,0.6285861660081816,0.9440631527547949,0.0,2.3445909979556605,1.0685503474455273,0.626771354803716,0
c6,C_hard_maze,3,unet,unet,,0.0,128,1,1.9810472200025202,1.014823225026737,1.952110644639934,74,74,192,673,23,1.0,2.081060509857781,0.04550248768361924,1.0244619316131645,0.5380321312565551,0.9385698396766405,0.01927053928375244,1.2387683391571045,0.4671459101191431,0.32108836579230704,0
c6,C_hard_maze,3,unet,unet,,0.0,144,1,1.9810472200025202,1.014823225026737,1.952110644639934,74,74,192,673,23,1.0,2.081060509857781,0.04550248768361924,1.0244619316131645,0.5380321312565551,0.9385698396766405,0.01927053928375244,1.2387683391571045,0.4671459101191431,0.32108836579230704,0
c6,C_hard_maze,3,unet,unet,,0.0,168,1,1.9810472200025202,1.014823225026737,1.952110644639934,74,74,192,673,23,1.0,2.081060509857781,0.04550248768361924,1.0244619316131645,0.5380321312565551,0.9385698396766405,0.01927053928375244,1.2387683391571045,0.4671459101191431,0.32108836579230704,0
c6,C_hard_maze,3,onlstm,onlstm,,0.0,128,1,2.019302035690786,1.0344198681746575,1.952110644639934,88,88,192,673,23,1.0,1.955860479102793,0.02650187461557509,1.032575807998769,0.5465087472394176,0.8774685999511707,0.016051216050982475,1.0775306224822998,0.44106047976583795,0.31352340043426197,0
c6,C_hard_maze,3,onlstm,onlstm,,0.0,144,1,2.019302035690786,1.0344198681746575,1.952110644639934,88,88,192,673,23,1.0,1.955860479102793,0.02650187461557509,1.032575807998769,0.5465087472394176,0.8774685999511707,0.016051216050982475,1.0775306224822998,0.44106047976583795,0.31352340043426197,0
c6,C_hard_maze,3,onlstm,onlstm,,0.0,168,1,2.019302035690786,1.0344198681746575,1.952110644639934,88,88,192,673,23,1.0,1.955860479102793,0.02650187461557509,1.032575807998769,0.5465087472394176,0.8774685999511707,0.016051216050982475,1.0775306224822998,0.44106047976583795,0.31352340043426197,0
c6,C_hard_maze,3,hrm,hrm,,0.0,128,1,1.9805167130857046,1.0145514643464333,1.952110644639934,85,85,192,673,23,1.0,2.1738745338867633,0.0005702622480744273,1.0296040243007845,0.5984913682854851,0.9238311450505927,0.0005159247666597366,1.3967139720916748,0.4519406274993827,0.3771671977087968,0
c6,C_hard_maze,3,hrm,hrm,,0.0,144,1,1.9805167130857046,1.0145514643464333,1.952110644639934,85,85,192,673,23,1.0,2.1738745338867633,0.0005702622480744273,1.0296040243007845,0.5984913682854851,0.9238311450505927,0.0005159247666597366,1.3967139720916748,0.4519406274993827,0.3771671977087968,0
c6,C_hard_maze,3,hrm,hrm,,0.0,168,1,1.9805167130857046,1.0145514643464333,1.952110644639934,85,85,192,673,23,1.0,2.1738745338867633,0.0005702622480744273,1.0296040243007845,0.5984913682854851,0.9238311450505927,0.0005159247666597366,1.3967139720916748,0.4519406274993827,0.3771671977087968,0
c6,C_hard_maze,4,euclidean,,,0.0,128,0,nan,nan,2.130260065803212,128,128,192,659,25,1.0,0.9961299551445607,0.0,0.5423632545867502,0.22402106696347188,0.8764733608225052,0.0,0.9961299551445607,0.5423632545867502,0.22402106696347188,0
c6,C_hard_maze,4,euclidean,,,0.0,144,0,nan,nan,2.130260065803212,144,144,192,659,25,1.0,0.9961299551445607,0.0,0.5423632545867502,0.22402106696347188,0.8764733608225052,0.0,0.9961299551445607,0.5423632545867502,0.22402106696347188,0
c6,C_hard_maze,4,euclidean,,,0.0,168,1,2.1302600658032125,1.0000000000000002,2.130260065803212,148,148,192,659,25,1.0,0.9961299551445607,0.0,0.5423632545867502,0.22402106696347188,0.8764733608225052,0.0,0.9961299551445607,0.5423632545867502,0.22402106696347188,0
c6,C_hard_maze,4,grid_oracle,,,0.0,128,1,2.1397984910617405,1.0044775872259202,2.130260065803212,92,92,192,659,25,1.0,2.457206216532297,0.007992553531695349,1.1765319147297506,0.6477644922156277,0.9850815858720128,0.0,2.482535171779819,1.093285835678089,0.6644497591566699,0
c6,C_hard_maze,4,grid_oracle,,,0.0,144,1,2.1397984910617405,1.0044775872259202,2.130260065803212,92,92,192,659,25,1.0,2.457206216532297,0.007992553531695349,1.1765319147297506,0.6477644922156277,0.9850815858720128,0.0,2.482535171779819,1.093285835678089,0.6644497591566699,0
c6,C_hard_maze,4,grid_oracle,,,0.0,168,1,2.1397984910617405,1.0044775872259202,2.130260065803212,92,92,192,659,25,1.0,2.457206216532297,0.007992553531695349,1.1765319147297506,0.6477644922156277,0.9850815858720128,0.0,2.482535171779819,1.093285835678089,0.6644497591566699,0
c6,C_hard_maze,4,unet,unet,,0.0,128,1,2.145071455310393,1.0069528550738693,2.130260065803212,120,120,192,659,25,1.0,2.0966654310752726,0.04277862469344612,1.0682828918839486,0.5288046149281835,0.9697070911211786,0.017134632915258408,1.2461657524108887,0.48141771511018305,0.3285154785715241,0
c6,C_hard_maze,4,unet,unet,,0.0,144,1,2.145071455310393,1.0069528550738693,2.130260065803212,120,120,192,659,25,1.0,2.0966654310752726,0.04277862469344612,1.0682828918839486,0.5288046149281835,0.9697070911211786,0.017134632915258408,1.2461657524108887,0.48141771511018305,0.3285154785715241,0
c6,C_hard_maze,4,unet,unet,,0.0,168,1,2.145071455310393,1.0069528550738693,2.130260065803212,120,120,192,659,25,1.0,2.0966654310752726,0.04277862469344612,1.0682828918839486,0.5288046149281835,0.9697070911211786,0.017134632915258408,1.2461657524108887,0.48141771511018305,0.3285154785715241,0
c6,C_hard_maze,4,onlstm,onlstm,,0.0,128,0,nan,nan,2.130260065803212,128,128,192,659,25,1.0,1.9243404167550042,0.030858382948303148,1.0447274026946387,0.5199867868286678,0.8993299514418254,0.021261459216475487,1.1101034879684448,0.4699976892447921,0.3147925060378945,0
c6,C_hard_maze,4,onlstm,onlstm,,0.0,144,1,2.1579177228125554,1.0129832302887936,2.130260065803212,133,133,192,659,25,1.0,1.9243404167550042,0.030858382948303148,1.0447274026946387,0.5199867868286678,0.8993299514418254,0.021261459216475487,1.1101034879684448,0.4699976892447921,0.3147925060378945,0
c6,C_hard_maze,4,onlstm,onlstm,,0.0,168,1,2.1579177228125554,1.0129832302887936,2.130260065803212,133,133,192,659,25,1.0,1.9243404167550042,0.030858382948303148,1.0447274026946387,0.5199867868286678,0.8993299514418254,0.021261459216475487,1.1101034879684448,0.4699976892447921,0.3147925060378945,0
c6,C_hard_maze,4,hrm,hrm,,0.0,128,1,2.153914391167801,1.011103961316418,2.130260065803212,109,109,192,659,25,1.0,2.235369629860357,0.0009582954091945043,1.047414023251497,0.5765366879191697,0.952664256842905,0.0007213922799564898,1.4217801094055176,0.45011219495911803,0.3800218768224781,0
c6,C_hard_maze,4,hrm,hrm,,0.0,144,1,2.153914391167801,1.011103961316418,2.130260065803212,109,109,192,659,25,1.0,2.235369629860357,0.0009582954091945043,1.047414023251497,0.5765366879191697,0.952664256842905,0.0007213922799564898,1.4217801094055176,0.45011219495911803,0.3800218768224781,0
c6,C_hard_maze,4,hrm,hrm,,0.0,168,1,2.153914391167801,1.011103961316418,2.130260065803212,109,109,192,659,25,1.0,2.235369629860357,0.0009582954091945043,1.047414023251497,0.5765366879191697,0.952664256842905,0.0007213922799564898,1.4217801094055176,0.45011219495911803,0.3800218768224781,0
c6,C_hard_maze,5,euclidean,,,0.0,128,0,nan,nan,1.9672892851638113,128,128,192,689,18,1.0,1.0216718036800236,0.0,0.5121000624603441,0.2369628160633198,0.8802678159672301,0.0,1.0216718036800236,0.5121000624603441,0.2369628160633198,0
c6,C_hard_maze,5,euclidean,,,0.0,144,0,nan,nan,1.9672892851638113,144,144,192,689,18,1.0,1.0216718036800236,0.0,0.5121000624603441,0.2369628160633198,0.8802678159672301,0.0,1.0216718036800236,0.5121000624603441,0.2369628160633198,0
c6,C_hard_maze,5,euclidean,,,0.0,168,1,1.9672892851638115,1.0000000000000002,1.9672892851638113,149,149,192,689,18,1.0,1.0216718036800236,0.0,0.5121000624603441,0.2369628160633198,0.8802678159672301,0.0,1.0216718036800236,0.5121000624603441,0.2369628160633198,0
c6,C_hard_maze,5,grid_oracle,,,0.0,128,1,1.9672892851638115,1.0000000000000002,1.9672892851638113,73,73,192,689,18,1.0,2.354937531686163,0.009405567172197097,1.1577834260778521,0.6654599261047254,0.9984486476955214,0.0,2.4216055633952633,1.1451657496836547,0.6726480270961859,0
c6,C_hard_maze,5,grid_oracle,,,0.0,144,1,1.9672892851638115,1.0000000000000002,1.9672892851638113,73,73,192,689,18,1.0,2.354937531686163,0.009405567172197097,1.1577834260778521,0.6654599261047254,0.9984486476955214,0.0,2.4216055633952633,1.1451657496836547,0.6726480270961859,0
c6,C_hard_maze,5,grid_oracle,,,0.0,168,1,1.9672892851638115,1.0000000000000002,1.9672892851638113,73,73,192,689,18,1.0,2.354937531686163,0.009405567172197097,1.1577834260778521,0.6654599261047254,0.9984486476955214,0.0,2.4216055633952633,1.1451657496836547,0.6726480270961859,0
c6,C_hard_maze,5,unet,unet,,0.0,128,1,1.9672892851638115,1.0000000000000002,1.9672892851638113,118,118,192,689,18,1.0,2.243956431274271,0.04717838093665381,1.0033084191763517,0.555245743435779,0.9746832867645066,0.021544206887483597,1.550181269645691,0.5055157198662528,0.3544715033783539,0
c6,C_hard_maze,5,unet,unet,,0.0,144,1,1.9672892851638115,1.0000000000000002,1.9672892851638113,118,118,192,689,18,1.0,2.243956431274271,0.04717838093665381,1.0033084191763517,0.555245743435779,0.9746832867645066,0.021544206887483597,1.550181269645691,0.5055157198662528,0.3544715033783539,0
c6,C_hard_maze,5,unet,unet,,0.0,168,1,1.9672892851638115,1.0000000000000002,1.9672892851638113,118,118,192,689,18,1.0,2.243956431274271,0.04717838093665381,1.0033084191763517,0.555245743435779,0.9746832867645066,0.021544206887483597,1.550181269645691,0.5055157198662528,0.3544715033783539,0
c6,C_hard_maze,5,onlstm,onlstm,,0.0,128,1,2.026877995845646,1.0302897551118788,1.9672892851638113,123,123,192,689,18,1.0,1.964213842674257,0.021141818731566002,0.95758334871251,0.5500743891563751,0.895077720207254,0.012839989736676216,1.0809526443481445,0.4411284133934714,0.3311909608472402,0
c6,C_hard_maze,5,onlstm,onlstm,,0.0,144,1,2.026877995845646,1.0302897551118788,1.9672892851638113,123,123,192,689,18,1.0,1.964213842674257,0.021141818731566002,0.95758334871251,0.5500743891563751,0.895077720207254,0.012839989736676216,1.0809526443481445,0.4411284133934714,0.3311909608472402,0
c6,C_hard_maze,5,onlstm,onlstm,,0.0,168,1,2.026877995845646,1.0302897551118788,1.9672892851638113,123,123,192,689,18,1.0,1.964213842674257,0.021141818731566002,0.95758334871251,0.5500743891563751,0.895077720207254,0.012839989736676216,1.0809526443481445,0.4411284133934714,0.3311909608472402,0
c6,C_hard_maze,5,hrm,hrm,,0.0,128,1,1.9737961229091483,1.0033075144537247,1.9672892851638113,116,116,192,689,18,1.0,2.3022910812553867,0.0010532012317924124,0.9685007145383251,0.5887546252348997,0.9606295608062286,0.000712060194928199,1.4309946298599243,0.45710153449836355,0.3737508531468137,0
c6,C_hard_maze,5,hrm,hrm,,0.0,144,1,1.9737961229091483,1.0033075144537247,1.9672892851638113,116,116,192,689,18,1.0,2.3022910812553867,0.0010532012317924124,0.9685007145383251,0.5887546252348997,0.9606295608062286,0.000712060194928199,1.4309946298599243,0.45710153449836355,0.3737508531468137,0
c6,C_hard_maze,5,hrm,hrm,,0.0,168,1,1.9737961229091483,1.0033075144537247,1.9672892851638113,116,116,192,689,18,1.0,2.3022910812553867,0.0010532012317924124,0.9685007145383251,0.5887546252348997,0.9606295608062286,0.000712060194928199,1.4309946298599243,0.45710153449836355,0.3737508531468137,0
c6,C_hard_maze,6,euclidean,,,0.0,128,0,nan,nan,2.1866108208437383,128,128,192,723,17,1.0,1.0259948404202899,0.0,0.5386148532505253,0.24641208550377508,0.914789219542631,0.0,1.0259948404202899,0.5386148532505253,0.24641208550377508,0
c6,C_hard_maze,6,euclidean,,,0.0,144,1,2.1866108208437383,1.0,2.1866108208437383,133,133,192,723,17,1.0,1.0259948404202899,0.0,0.5386148532505253,0.24641208550377508,0.914789219542631,0.0,1.0259948404202899,0.5386148532505253,0.24641208550377508,0
c6,C_hard_maze,6,euclidean,,,0.0,168,1,2.1866108208437383,1.0,2.1866108208437383,133,133,192,723,17,1.0,1.0259948404202899,0.0,0.5386148532505253,0.24641208550377508,0.914789219542631,0.0,1.0259948404202899,0.5386148532505253,0.24641208550377508,0
c6,C_hard_maze,6,grid_oracle,,,0.0,128,1,2.1866108208437383,1.0,2.1866108208437383,95,95,192,723,17,1.0,2.4373576739451184,0.010192272726617031,0.9616181433233356,0.6480200107463528,0.9942693215419256,0.0,2.4760630848677403,0.9956107774605369,0.641884279140005,0
c6,C_hard_maze,6,grid_oracle,,,0.0,144,1,2.1866108208437383,1.0,2.1866108208437383,95,95,192,723,17,1.0,2.4373576739451184,0.010192272726617031,0.9616181433233356,0.6480200107463528,0.9942693215419256,0.0,2.4760630848677403,0.9956107774605369,0.641884279140005,0
c6,C_hard_maze,6,grid_oracle,,,0.0,168,1,2.1866108208437383,1.0,2.1866108208437383,95,95,192,723,17,1.0,2.4373576739451184,0.010192272726617031,0.9616181433233356,0.6480200107463528,0.9942693215419256,0.0,2.4760630848677403,0.9956107774605369,0.641884279140005,0
c6,C_hard_maze,6,unet,unet,,0.0,128,1,2.1866108208437383,1.0,2.1866108208437383,92,92,192,723,17,1.0,2.2737393901680276,0.06834364093549802,1.0083399458333056,0.5890747949129047,0.9852341779019613,0.025144105777144432,1.4590665102005005,0.49418793994846055,0.35760469050731397,0
c6,C_hard_maze,6,unet,unet,,0.0,144,1,2.1866108208437383,1.0,2.1866108208437383,92,92,192,723,17,1.0,2.2737393901680276,0.06834364093549802,1.0083399458333056,0.5890747949129047,0.9852341779019613,0.025144105777144432,1.4590665102005005,0.49418793994846055,0.35760469050731397,0
c6,C_hard_maze,6,unet,unet,,0.0,168,1,2.1866108208437383,1.0,2.1866108208437383,92,92,192,723,17,1.0,2.2737393901680276,0.06834364093549802,1.0083399458333056,0.5890747949129047,0.9852341779019613,0.025144105777144432,1.4590665102005005,0.49418793994846055,0.35760469050731397,0
c6,C_hard_maze,6,onlstm,onlstm,,0.0,128,1,2.2017986606592155,1.006945835843626,2.1866108208437383,105,105,192,723,17,1.0,2.0458520587481352,0.018295663268720952,0.9999122852345791,0.5839097433122882,0.9192957708271168,0.011083054356276989,1.1416866779327393,0.47731286688986074,0.3442180976405926,0
c6,C_hard_maze,6,onlstm,onlstm,,0.0,144,1,2.2017986606592155,1.006945835843626,2.1866108208437383,105,105,192,723,17,1.0,2.0458520587481352,0.018295663268720952,0.9999122852345791,0.5839097433122882,0.9192957708271168,0.011083054356276989,1.1416866779327393,0.47731286688986074,0.3442180976405926,0
c6,C_hard_maze,6,onlstm,onlstm,,0.0,168,1,2.2017986606592155,1.006945835843626,2.1866108208437383,105,105,192,723,17,1.0,2.0458520587481352,0.018295663268720952,0.9999122852345791,0.5839097433122882,0.9192957708271168,0.011083054356276989,1.1416866779327393,0.47731286688986074,0.3442180976405926,0
c6,C_hard_maze,6,hrm,hrm,,0.0,128,1,2.2147459543672716,1.012867005529899,2.1866108208437383,91,91,192,723,17,1.0,2.3564123735560027,0.0007121885031970035,0.9777787097094484,0.6163603229877319,0.9745544312725498,0.00048243318451568484,1.4554307460784912,0.46152097714661977,0.3752029823643275,0
c6,C_hard_maze,6,hrm,hrm,,0.0,144,1,2.2147459543672716,1.012867005529899,2.1866108208437383,91,91,192,723,17,1.0,2.3564123735560027,0.0007121885031970035,0.9777787097094484,0.6163603229877319,0.9745544312725498,0.00048243318451568484,1.4554307460784912,0.46152097714661977,0.3752029823643275,0
c6,C_hard_maze,6,hrm,hrm,,0.0,168,1,2.2147459543672716,1.012867005529899,2.1866108208437383,91,91,192,723,17,1.0,2.3564123735560027,0.0007121885031970035,0.9777787097094484,0.6163603229877319,0.9745544312725498,0.00048243318451568484,1.4554307460784912,0.46152097714661977,0.3752029823643275,0
c6,C_hard_maze,7,euclidean,,,0.0,128,0,nan,nan,2.3162573251294862,128,128,192,733,16,1.0,1.0387918222682064,0.0,0.5259153941458908,0.2577849970885855,0.9094705395654181,0.0,1.0387918222682064,0.5259153941458908,0.2577849970885855,0
c6,C_hard_maze,7,euclidean,,,0.0,144,1,2.3162573251294862,1.0,2.3162573251294862,141,141,192,733,16,1.0,1.0387918222682064,0.0,0.5259153941458908,0.2577849970885855,0.9094705395654181,0.0,1.0387918222682064,0.5259153941458908,0.2577849970885855,0
c6,C_hard_maze,7,euclidean,,,0.0,168,1,2.3162573251294862,1.0,2.3162573251294862,141,141,192,733,16,1.0,1.0387918222682064,0.0,0.5259153941458908,0.2577849970885855,0.9094705395654181,0.0,1.0387918222682064,0.5259153941458908,0.2577849970885855,0
c6,C_hard_maze,7,grid_oracle,,,0.0,128,1,2.323803310167535,1.0032578353692316,2.3162573251294862,128,128,192,733,16,1.0,2.2850907893007215,0.009363901757631243,0.9910443218498045,0.6074832711338488,0.9945999376068146,0.0,2.3144514325160586,1.0421960593426112,0.5905154148438522,0
c6,C_hard_maze,7,grid_oracle,,,0.0,144,1,2.323803310167535,1.0032578353692316,2.3162573251294862,128,128,192,733,16,1.0,2.2850907893007215,0.009363901757631243,0.9910443218498045,0.6074832711338488,0.9945999376068146,0.0,2.3144514325160586,1.0421960593426112,0.5905154148438522,0
c6,C_hard_maze,7,grid_oracle,,,0.0,168,1,2.323803310167535,1.0032578353692316,2.3162573251294862,128,128,192,733,16,1.0,2.2850907893007215,0.009363901757631243,0.9910443218498045,0.6074832711338488,0.9945999376068146,0.0,2.3144514325160586,1.0421960593426112,0.5905154148438522,0
c6,C_hard_maze,7,unet,unet,,0.0,128,0,nan,nan,2.3162573251294862,128,128,192,733,16,1.0,2.3179714608578204,0.0651820380938528,0.9883300464237618,0.6084550380700169,0.9784980875132246,0.026336969807744026,1.4129703044891357,0.49963657691478147,0.36122802885871125,0
c6,C_hard_maze,7,unet,unet,,0.0,144,1,2.3384459770952515,1.009579528027839,2.3162573251294862,135,135,192,733,16,1.0,2.3179714608578204,0.0651820380938528,0.9883300464237618,0.6084550380700169,0.9784980875132246,0.026336969807744026,1.4129703044891357,0.49963657691478147,0.36122802885871125,0
c6,C_hard_maze,7,unet,unet,,0.0,168,1,2.3384459770952515,1.009579528027839,2.3162573251294862,135,135,192,733,16,1.0,2.3179714608578204,0.0651820380938528,0.9883300464237618,0.6084550380700169,0.9784980875132246,0.026336969807744026,1.4129703044891357,0.49963657691478147,0.36122802885871125,0
c6,C_hard_maze,7,onlstm,onlstm,,0.0,128,0,nan,nan,2.3162573251294862,128,128,192,733,16,1.0,2.067434501271684,0.025271057688389727,0.9716914331203831,0.5996328207328995,0.9186362341643384,0.012212199158966541,1.0797487497329712,0.4909439357147676,0.34752148920862735,0
c6,C_hard_maze,7,onlstm,onlstm,,0.0,144,0,nan,nan,2.3162573251294862,144,144,192,733,16,1.0,2.067434501271684,0.025271057688389727,0.9716914331203831,0.5996328207328995,0.9186362341643384,0.012212199158966541,1.0797487497329712,0.4909439357147676,0.34752148920862735,0
c6,C_hard_maze,7,onlstm,onlstm,,0.0,168,1,2.3656521121710012,1.0213252588586001,2.3162573251294862,149,149,192,733,16,1.0,2.067434501271684,0.025271057688389727,0.9716914331203831,0.5996328207328995,0.9186362341643384,0.012212199158966541,1.0797487497329712,0.4909439357147676,0.34752148920862735,0
c6,C_hard_maze,7,hrm,hrm,,0.0,128,1,2.3384459770952515,1.009579528027839,2.3162573251294862,128,128,192,733,16,1.0,2.40966959649013,0.0009097241946680215,0.9505351438715236,0.6380071135819533,0.9647156362748558,0.0006071522366255522,1.4830570220947266,0.4653118296824914,0.37668997866633525,0
c6,C_hard_maze,7,hrm,hrm,,0.0,144,1,2.3384459770952515,1.009579528027839,2.3162573251294862,128,128,192,733,16,1.0,2.40966959649013,0.0009097241946680215,0.9505351438715236,0.6380071135819533,0.9647156362748558,0.0006071522366255522,1.4830570220947266,0.4653118296824914,0.37668997866633525,0
c6,C_hard_maze,7,hrm,hrm,,0.0,168,1,2.3384459770952515,1.009579528027839,2.3162573251294862,128,128,192,733,16,1.0,2.40966959649013,0.0009097241946680215,0.9505351438715236,0.6380071135819533,0.9647156362748558,0.0006071522366255522,1.4830570220947266,0.4653118296824914,0.37668997866633525,0
c6,C_hard_maze,8,euclidean,,,0.0,128,0,nan,nan,2.0204260066245365,128,128,192,697,16,1.0,0.9830860110305432,0.0,0.517873251712147,0.2381137637479114,0.8912595285245368,0.0,0.9830860110305432,0.517873251712147,0.2381137637479114,0
c6,C_hard_maze,8,euclidean,,,0.0,144,0,nan,nan,2.0204260066245365,144,144,192,697,16,1.0,0.9830860110305432,0.0,0.517873251712147,0.2381137637479114,0.8912595285245368,0.0,0.9830860110305432,0.517873251712147,0.2381137637479114,0
c6,C_hard_maze,8,euclidean,,,0.0,168,1,2.0204260066245365,1.0,2.0204260066245365,161,161,192,697,16,1.0,0.9830860110305432,0.0,0.517873251712147,0.2381137637479114,0.8912595285245368,0.0,0.9830860110305432,0.517873251712147,0.2381137637479114,0
c6,C_hard_maze,8,grid_oracle,,,0.0,128,1,2.023150824670844,1.0013486354052923,2.0204260066245365,99,99,192,697,16,1.0,2.4113103349414917,0.006999527396256585,1.103937558102829,0.6062770038194794,0.9977280742207635,0.0,2.4200351717798196,1.0481294083858799,0.6298017770680236,0
c6,C_hard_maze,8,grid_oracle,,,0.0,144,1,2.023150824670844,1.0013486354052923,2.0204260066245365,99,99,192,697,16,1.0,2.4113103349414917,0.006999527396256585,1.103937558102829,0.6062770038194794,0.9977280742207635,0.0,2.4200351717798196,1.0481294083858799,0.6298017770680236,0
c6,C_hard_maze,8,grid_oracle,,,0.0,168,1,2.023150824670844,1.0013486354052923,2.0204260066245365,99,99,192,697,16,1.0,2.4113103349414917,0.006999527396256585,1.103937558102829,0.6062770038194794,0.9977280742207635,0.0,2.4200351717798196,1.0481294083858799,0.6298017770680236,0
c6,C_hard_maze,8,unet,unet,,0.0,128,1,2.0204260066245365,1.0,2.0204260066245365,116,116,192,697,16,1.0,2.1525317365628185,0.05332671684672289,1.0201792848801785,0.5340047509913115,0.9796510050728374,0.02128927782177925,1.2510499954223633,0.47445723773535065,0.3286579361587137,0
c6,C_hard_maze,8,unet,unet,,0.0,144,1,2.0204260066245365,1.0,2.0204260066245365,116,116,192,697,16,1.0,2.1525317365628185,0.05332671684672289,1.0201792848801785,0.5340047509913115,0.9796510050728374,0.02128927782177925,1.2510499954223633,0.47445723773535065,0.3286579361587137,0
c6,C_hard_maze,8,unet,unet,,0.0,168,1,2.0204260066245365,1.0,2.0204260066245365,116,116,192,697,16,1.0,2.1525317365628185,0.05332671684672289,1.0201792848801785,0.5340047509913115,0.9796510050728374,0.02128927782177925,1.2510499954223633,0.47445723773535065,0.3286579361587137,0
c6,C_hard_maze,8,onlstm,onlstm,,0.0,128,1,2.0204260066245365,1.0,2.0204260066245365,127,127,192,697,16,1.0,1.9482845886448055,0.02876406319564273,0.9795173590040923,0.5469347135777609,0.9082362395898329,0.01887091062963009,1.0862634181976318,0.45028108407041145,0.3157286862760354,0
c6,C_hard_maze,8,onlstm,onlstm,,0.0,144,1,2.0204260066245365,1.0,2.0204260066245365,127,127,192,697,16,1.0,1.9482845886448055,0.02876406319564273,0.9795173590040923,0.5469347135777609,0.9082362395898329,0.01887091062963009,1.0862634181976318,0.45028108407041145,0.3157286862760354,0
c6,C_hard_maze,8,onlstm,onlstm,,0.0,168,1,2.0204260066245365,1.0,2.0204260066245365,127,127,192,697,16,1.0,1.9482845886448055,0.02876406319564273,0.9795173590040923,0.5469347135777609,0.9082362395898329,0.01887091062963009,1.0862634181976318,0.45028108407041145,0.3157286862760354,0
c6,C_hard_maze,8,hrm,hrm,,0.0,128,1,2.0204260066245365,1.0,2.0204260066245365,110,110,192,697,16,1.0,2.311813844775342,0.0007335647088719016,0.9904435083623362,0.6073793867032882,0.9543156417003501,0.0006413708324544132,1.417231798171997,0.44126009699584756,0.38079996749147366,0
c6,C_hard_maze,8,hrm,hrm,,0.0,144,1,2.0204260066245365,1.0,2.0204260066245365,110,110,192,697,16,1.0,2.311813844775342,0.0007335647088719016,0.9904435083623362,0.6073793867032882,0.9543156417003501,0.0006413708324544132,1.417231798171997,0.44126009699584756,0.38079996749147366,0
c6,C_hard_maze,8,hrm,hrm,,0.0,168,1,2.0204260066245365,1.0,2.0204260066245365,110,110,192,697,16,1.0,2.311813844775342,0.0007335647088719016,0.9904435083623362,0.6073793867032882,0.9543156417003501,0.0006413708324544132,1.417231798171997,0.44126009699584756,0.38079996749147366,0
c6,C_hard_maze,9,euclidean,,,0.0,128,0,nan,nan,2.7278011437492857,128,128,192,641,24,1.0,0.9533188204822297,0.0,0.4972238479285142,0.2482473084861312,0.9092179149825028,0.0,0.9533188204822297,0.4972238479285142,0.2482473084861312,0
c6,C_hard_maze,9,euclidean,,,0.0,144,1,2.7278011437492857,1.0,2.7278011437492857,138,138,192,641,24,1.0,0.9533188204822297,0.0,0.4972238479285142,0.2482473084861312,0.9092179149825028,0.0,0.9533188204822297,0.4972238479285142,0.2482473084861312,0
c6,C_hard_maze,9,euclidean,,,0.0,168,1,2.7278011437492857,1.0,2.7278011437492857,138,138,192,641,24,1.0,0.9533188204822297,0.0,0.4972238479285142,0.2482473084861312,0.9092179149825028,0.0,0.9533188204822297,0.4972238479285142,0.2482473084861312,0
c6,C_hard_maze,9,grid_oracle,,,0.0,128,0,nan,nan,2.7278011437492857,128,128,192,641,24,1.0,2.0996213460974915,0.0,0.9139048699840782,0.5639591299229291,0.9815736646501912,0.0,2.2104380848677403,0.9626984432500932,0.5631735022068491,0
c6,C_hard_maze,9,grid_oracle,,,0.0,144,1,2.736546838121516,1.003206133406121,2.7278011437492857,134,134,192,641,24,1.0,2.0996213460974915,0.0,0.9139048699840782,0.5639591299229291,0.9815736646501912,0.0,2.2104380848677403,0.9626984432500932,0.5631735022068491,0
c6,C_hard_maze,9,grid_oracle,,,0.0,168,1,2.736546838121516,1.003206133406121,2.7278011437492857,134,134,192,641,24,1.0,2.0996213460974915,0.0,0.9139048699840782,0.5639591299229291,0.9815736646501912,0.0,2.2104380848677403,0.9626984432500932,0.5631735022068491,0
c6,C_hard_maze,9,unet,unet,,0.0,128,0,nan,nan,2.7278011437492857,128,128,192,641,24,1.0,2.048504698118385,0.08155023390069463,0.9491553413517156,0.5593744060269595,0.9692730515693245,0.021935943514108658,1.2338685989379883,0.47278081715467124,0.3262256201784306,0
c6,C_hard_maze,9,unet,unet,,0.0,144,1,2.7533856055934223,1.00937915210673,2.7278011437492857,134,134,192,641,24,1.0,2.048504698118385,0.08155023390069463,0.9491553413517156,0.5593744060269595,0.9692730515693245,0.021935943514108658,1.2338685989379883,0.47278081715467124,0.3262256201784306,0
c6,C_hard_maze,9,unet,unet,,0.0,168,1,2.7533856055934223,1.00937915210673,2.7278011437492857,134,134,192,641,24,1.0,2.048504698118385,0.08155023390069463,0.9491553413517156,0.5593744060269595,0.9692730515693245,0.021935943514108658,1.2338685989379883,0.47278081715467124,0.3262256201784306,0
c6,C_hard_maze,9,onlstm,onlstm,,0.0,128,1,2.7423339406392344,1.0053276599444392,2.7278011437492857,127,127,192,641,24,1.0,1.9347786510553189,0.024319433868093415,0.9329237986013222,0.5605221489853288,0.9234462740417222,0.014853869564831257,1.0881049633026123,0.45512002247573946,0.31603629010251116,0
c6,C_hard_maze,9,onlstm,onlstm,,0.0,144,1,2.7423339406392344,1.0053276599444392,2.7278011437492857,127,127,192,641,24,1.0,1.9347786510553189,0.024319433868093415,0.9329237986013222,0.5605221489853288,0.9234462740417222,0.014853869564831257,1.0881049633026123,0.45512002247573946,0.31603629010251116,0
c6,C_hard_maze,9,onlstm,onlstm,,0.0,168,1,2.7423339406392344,1.0053276599444392,2.7278011437492857,127,127,192,641,24,1.0,1.9347786510553189,0.024319433868093415,0.9329237986013222,0.5605221489853288,0.9234462740417222,0.014853869564831257,1.0881049633026123,0.45512002247573946,0.31603629010251116,0
c6,C_hard_maze,9,hrm,hrm,,0.0,128,0,nan,nan,2.7278011437492857,128,128,192,641,24,1.0,2.1669866295514235,0.0005749783618910467,0.9345973538734774,0.6132285304607126,0.9642985513929958,0.0005216895951889455,1.4316283464431763,0.45719179404049726,0.3794128938045308,0
c6,C_hard_maze,9,hrm,hrm,,0.0,144,1,2.745496982894837,1.0064872174374224,2.7278011437492857,129,129,192,641,24,1.0,2.1669866295514235,0.0005749783618910467,0.9345973538734774,0.6132285304607126,0.9642985513929958,0.0005216895951889455,1.4316283464431763,0.45719179404049726,0.3794128938045308,0
c6,C_hard_maze,9,hrm,hrm,,0.0,168,1,2.745496982894837,1.0064872174374224,2.7278011437492857,129,129,192,641,24,1.0,2.1669866295514235,0.0005749783618910467,0.9345973538734774,0.6132285304607126,0.9642985513929958,0.0005216895951889455,1.4316283464431763,0.45719179404049726,0.3794128938045308,0
c6,C_hard_maze,10,euclidean,,,0.0,128,1,2.2144973271771753,0.9999999999999996,2.214497327177176,127,127,192,640,20,1.0,0.9772332460991832,0.0,0.5071448152991122,0.22909654648204564,0.8770532105363102,0.0,0.9772332460991832,0.5071448152991122,0.22909654648204564,0
c6,C_hard_maze,10,euclidean,,,0.0,144,1,2.2144973271771753,0.9999999999999996,2.214497327177176,127,127,192,640,20,1.0,0.9772332460991832,0.0,0.5071448152991122,0.22909654648204564,0.8770532105363102,0.0,0.9772332460991832,0.5071448152991122,0.22909654648204564,0
c6,C_hard_maze,10,euclidean,,,0.0,168,1,2.2144973271771753,0.9999999999999996,2.214497327177176,127,127,192,640,20,1.0,0.9772332460991832,0.0,0.5071448152991122,0.22909654648204564,0.8770532105363102,0.0,0.9772332460991832,0.5071448152991122,0.22909654648204564,0
c6,C_hard_maze,10,grid_oracle,,,0.0,128,1,2.2144973271771753,0.9999999999999996,2.214497327177176,74,74,192,640,20,1.0,2.353743675431975,0.010835845004208831,1.0176866440353807,0.6104356021243839,0.9955697447304888,0.0,2.3914659979556605,1.0231407581286682,0.5910263376258733,0
c6,C_hard_maze,10,grid_oracle,,,0.0,144,1,2.2144973271771753,0.9999999999999996,2.214497327177176,74,74,192,640,20,1.0,2.353743675431975,0.010835845004208831,1.0176866440353807,0.6104356021243839,0.9955697447304888,0.0,2.3914659979556605,1.0231407581286682,0.5910263376258733,0
c6,C_hard_maze,10,grid_oracle,,,0.0,168,1,2.2144973271771753,0.9999999999999996,2.214497327177176,74,74,192,640,20,1.0,2.353743675431975,0.010835845004208831,1.0176866440353807,0.6104356021243839,0.9955697447304888,0.0,2.3914659979556605,1.0231407581286682,0.5910263376258733,0
c6,C_hard_maze,10,unet,unet,,0.0,128,1,2.2375298431138204,1.0104007874175236,2.214497327177176,94,94,192,640,20,1.0,2.134586341651739,0.04961337550557588,0.9643078265914636,0.5520540674994162,0.9732828310229771,0.018572993576526642,1.2799221277236938,0.47419925319491085,0.3319552488294322,0
c6,C_hard_maze,10,unet,unet,,0.0,144,1,2.2375298431138204,1.0104007874175236,2.214497327177176,94,94,192,640,20,1.0,2.134586341651739,0.04961337550557588,0.9643078265914636,0.5520540674994162,0.9732828310229771,0.018572993576526642,1.2799221277236938,0.47419925319491085,0.3319552488294322,0
c6,C_hard_maze,10,unet,unet,,0.0,168,1,2.2375298431138204,1.0104007874175236,2.214497327177176,94,94,192,640,20,1.0,2.134586341651739,0.04961337550557588,0.9643078265914636,0.5520540674994162,0.9732828310229771,0.018572993576526642,1.2799221277236938,0.47419925319491085,0.3319552488294322,0
c6,C_hard_maze,10,onlstm,onlstm,,0.0,128,1,2.2952685466024265,1.03647383920224,2.214497327177176,104,104,192,640,20,1.0,1.9706900830281202,0.02088574645667697,0.9435891199568914,0.5351317072552617,0.9061101239725471,0.017239980399608612,1.0830893516540527,0.45281855494476986,0.3151842139113304,0
c6,C_hard_maze,10,onlstm,onlstm,,0.0,144,1,2.2952685466024265,1.03647383920224,2.214497327177176,104,104,192,640,20,1.0,1.9706900830281202,0.02088574645667697,0.9435891199568914,0.5351317072552617,0.9061101239725471,0.017239980399608612,1.0830893516540527,0.45281855494476986,0.3151842139113304,0
c6,C_hard_maze,10,onlstm,onlstm,,0.0,168,1,2.2952685466024265,1.03647383920224,2.214497327177176,104,104,192,640,20,1.0,1.9706900830281202,0.02088574645667697,0.9435891199568914,0.5351317072552617,0.9061101239725471,0.017239980399608612,1.0830893516540527,0.45281855494476986,0.3151842139113304,0
c6,C_hard_maze,10,hrm,hrm,,0.0,128,1,2.225411643634771,1.0049285751324466,2.214497327177176,81,81,192,640,20,1.0,2.3219140341863937,0.0006590117227495127,0.9461802886628723,0.6108372166636553,0.9445294061796382,0.0005082933930680156,1.4104514122009277,0.4457203465788524,0.38715709815461846,0
c6,C_hard_maze,10,hrm,hrm,,0.0,144,1,2.225411643634771,1.0049285751324466,2.214497327177176,81,81,192,640,20,1.0,2.3219140341863937,0.0006590117227495127,0.9461802886628723,0.6108372166636553,0.9445294061796382,0.0005082933930680156,1.4104514122009277,0.4457203465788524,0.38715709815461846,0
c6,C_hard_maze,10,hrm,hrm,,0.0,168,1,2.225411643634771,1.0049285751324466,2.214497327177176,81,81,192,640,20,1.0,2.3219140341863937,0.0006590117227495127,0.9461802886628723,0.6108372166636553,0.9445294061796382,0.0005082933930680156,1.4104514122009277,0.4457203465788524,0.38715709815461846,0
c6,C_hard_maze,11,euclidean,,,0.0,128,0,nan,nan,1.9096173508608323,128,128,192,693,23,1.0,0.9866791317691113,0.0,0.5008773820010686,0.2285871991362157,0.9015340585410847,0.0,0.9866791317691113,0.5008773820010686,0.2285871991362157,0
c6,C_hard_maze,11,euclidean,,,0.0,144,1,1.9096173508608327,1.0000000000000002,1.9096173508608323,131,131,192,693,23,1.0,0.9866791317691113,0.0,0.5008773820010686,0.2285871991362157,0.9015340585410847,0.0,0.9866791317691113,0.5008773820010686,0.2285871991362157,0
c6,C_hard_maze,11,euclidean,,,0.0,168,1,1.9096173508608327,1.0000000000000002,1.9096173508608323,131,131,192,693,23,1.0,0.9866791317691113,0.0,0.5008773820010686,0.2285871991362157,0.9015340585410847,0.0,0.9866791317691113,0.5008773820010686,0.2285871991362157,0
c6,C_hard_maze,11,grid_oracle,,,0.0,128,1,1.9098642866855633,1.0001293116783945,1.9096173508608323,54,54,192,693,23,1.0,2.274508476483183,0.007189871365609562,0.9221542949014929,0.552758836318861,0.9972448661259259,0.0,2.321383476483183,0.9769420242239168,0.5955480087232577,0
c6,C_hard_maze,11,grid_oracle,,,0.0,144,1,1.9098642866855633,1.0001293116783945,1.9096173508608323,54,54,192,693,23,1.0,2.274508476483183,0.007189871365609562,0.9221542949014929,0.552758836318861,0.9972448661259259,0.0,2.321383476483183,0.9769420242239168,0.5955480087232577,0
c6,C_hard_maze,11,grid_oracle,,,0.0,168,1,1.9098642866855633,1.0001293116783945,1.9096173508608323,54,54,192,693,23,1.0,2.274508476483183,0.007189871365609562,0.9221542949014929,0.552758836318861,0.9972448661259259,0.0,2.321383476483183,0.9769420242239168,0.5955480087232577,0
c6,C_hard_maze,11,unet,unet,,0.0,128,1,1.9671288264410296,1.0301167537853968,1.9096173508608323,92,92,192,693,23,1.0,2.2690723554099375,0.07444485913003697,0.9435739591713993,0.5345423267972714,0.98139903154925,0.02587716281414032,1.4704400300979614,0.48923368264695455,0.3520531571438021,0
c6,C_hard_maze,11,unet,unet,,0.0,144,1,1.9671288264410296,1.0301167537853968,1.9096173508608323,92,92,192,693,23,1.0,2.2690723554099375,0.07444485913003697,0.9435739591713993,0.5345423267972714,0.98139903154925,0.02587716281414032,1.4704400300979614,0.48923368264695455,0.3520531571438021,0
c6,C_hard_maze,11,unet,unet,,0.0,168,1,1.9671288264410296,1.0301167537853968,1.9096173508608323,92,92,192,693,23,1.0,2.2690723554099375,0.07444485913003697,0.9435739591713993,0.5345423267972714,0.98139903154925,0.02587716281414032,1.4704400300979614,0.48923368264695455,0.3520531571438021,0
c6,C_hard_maze,11,onlstm,onlstm,,0.0,128,1,1.9537041769685954,1.0230867331027806,1.9096173508608323,95,95,192,693,23,1.0,2.004706925240461,0.018937576590258194,0.9069757217342493,0.5494207297245435,0.9156945989203267,0.008925211615860462,1.0621132850646973,0.4364009045682451,0.33479540445869044,0
c6,C_hard_maze,11,onlstm,onlstm,,0.0,144,1,1.9537041769685954,1.0230867331027806,1.9096173508608323,95,95,192,693,23,1.0,2.004706925240461,0.018937576590258194,0.9069757217342493,0.5494207297245435,0.9156945989203267,0.008925211615860462,1.0621132850646973,0.4364009045682451,0.33479540445869044,0
c6,C_hard_maze,11,onlstm,onlstm,,0.0,168,1,1.9537041769685954,1.0230867331027806,1.9096173508608323,95,95,192,693,23,1.0,2.004706925240461,0.018937576590258194,0.9069757217342493,0.5494207297245435,0.9156945989203267,0.008925211615860462,1.0621132850646973,0.4364009045682451,0.33479540445869044,0
c6,C_hard_maze,11,hrm,hrm,,0.0,128,1,1.954769413236326,1.0236445601812005,1.9096173508608323,81,81,192,693,23,1.0,2.3271513789476765,0.0008596842648309304,0.9283999528418931,0.5683656137454074,0.9638475571711473,0.0004855396691709757,1.4702390432357788,0.4628835995258669,0.37197789867736886,0
c6,C_hard_maze,11,hrm,hrm,,0.0,144,1,1.954769413236326,1.0236445601812005,1.9096173508608323,81,81,192,693,23,1.0,2.3271513789476765,0.0008596842648309304,0.9283999528418931,0.5683656137454074,0.9638475571711473,0.0004855396691709757,1.4702390432357788,0.4628835995258669,0.37197789867736886,0
c6,C_hard_maze,11,hrm,hrm,,0.0,168,1,1.954769413236326,1.0236445601812005,1.9096173508608323,81,81,192,693,23,1.0,2.3271513789476765,0.0008596842648309304,0.9283999528418931,0.5683656137454074,0.9638475571711473,0.0004855396691709757,1.4702390432357788,0.4628835995258669,0.37197789867736886,0
c6,C_hard_maze,12,euclidean,,,0.0,128,1,1.6726198051533543,0.9999999999999996,1.672619805153355,124,124,192,713,18,1.0,0.9645542764585888,0.0,0.4744964803299405,0.2434576977546237,0.9293125898597512,0.0,0.9645542764585888,0.4744964803299405,0.2434576977546237,0
c6,C_hard_maze,12,euclidean,,,0.0,144,1,1.6726198051533543,0.9999999999999996,1.672619805153355,124,124,192,713,18,1.0,0.9645542764585888,0.0,0.4744964803299405,0.2434576977546237,0.9293125898597512,0.0,0.9645542764585888,0.4744964803299405,0.2434576977546237,0
c6,C_hard_maze,12,euclidean,,,0.0,168,1,1.6726198051533543,0.9999999999999996,1.672619805153355,124,124,192,713,18,1.0,0.9645542764585888,0.0,0.4744964803299405,0.2434576977546237,0.9293125898597512,0.0,0.9645542764585888,0.4744964803299405,0.2434576977546237,0
c6,C_hard_maze,12,grid_oracle,,,0.0,128,1,1.67270143979272,1.000048806452676,1.672619805153355,59,59,192,713,18,1.0,1.8608193567361297,0.0033578597240372945,0.7943376424974974,0.5022628561364767,0.9956969047554461,0.0,1.9383409979556607,0.8172446046989289,0.48858494288425974,0
c6,C_hard_maze,12,grid_oracle,,,0.0,144,1,1.67270143979272,1.000048806452676,1.672619805153355,59,59,192,713,18,1.0,1.8608193567361297,0.0033578597240372945,0.7943376424974974,0.5022628561364767,0.9956969047554461,0.0,1.9383409979556607,0.8172446046989289,0.48858494288425974,0
c6,C_hard_maze,12,grid_oracle,,,0.0,168,1,1.67270143979272,1.000048806452676,1.672619805153355,59,59,192,713,18,1.0,1.8608193567361297,0.0033578597240372945,0.7943376424974974,0.5022628561364767,0.9956969047554461,0.0,1.9383409979556607,0.8172446046989289,0.48858494288425974,0
c6,C_hard_maze,12,unet,unet,,0.0,128,1,1.6855998522924844,1.0077603093656657,1.672619805153355,45,45,192,713,18,1.0,2.192297316114642,0.05278169504593978,0.9342530506413961,0.5767704611343403,0.9944066543688795,0.02575879544019699,1.4722825288772583,0.49227153159745285,0.35143210794495927,0
c6,C_hard_maze,12,unet,unet,,0.0,144,1,1.6855998522924844,1.0077603093656657,1.672619805153355,45,45,192,713,18,1.0,2.192297316114642,0.05278169504593978,0.9342530506413961,0.5767704611343403,0.9944066543688795,0.02575879544019699,1.4722825288772583,0.49227153159745285,0.35143210794495927,0
c6,C_hard_maze,12,unet,unet,,0.0,168,1,1.6855998522924844,1.0077603093656657,1.672619805153355,45,45,192,713,18,1.0,2.192297316114642,0.05278169504593978,0.9342530506413961,0.5767704611343403,0.9944066543688795,0.02575879544019699,1.4722825288772583,0.49227153159745285,0.35143210794495927,0
c6,C_hard_maze,12,onlstm,onlstm,,0.0,128,1,1.7783454848808744,1.0632096304263394,1.672619805153355,68,68,192,713,18,1.0,1.9411841402314483,0.015463845761067962,0.8591179874368473,0.5729199074812725,0.928985364728861,0.010657336562871933,1.100766897201538,0.41314085474800777,0.32197626527101847,0
c6,C_hard_maze,12,onlstm,onlstm,,0.0,144,1,1.7783454848808744,1.0632096304263394,1.672619805153355,68,68,192,713,18,1.0,1.9411841402314483,0.015463845761067962,0.8591179874368473,0.5729199074812725,0.928985364728861,0.010657336562871933,1.100766897201538,0.41314085474800777,0.32197626527101847,0
c6,C_hard_maze,12,onlstm,onlstm,,0.0,168,1,1.7783454848808744,1.0632096304263394,1.672619805153355,68,68,192,713,18,1.0,1.9411841402314483,0.015463845761067962,0.8591179874368473,0.5729199074812725,0.928985364728861,0.010657336562871933,1.100766897201538,0.41314085474800777,0.32197626527101847,0
c6,C_hard_maze,12,hrm,hrm,,0.0,128,1,1.6987043263733792,1.0155950091823962,1.672619805153355,55,55,192,713,18,1.0,2.330954253178488,0.0008217674625125002,0.8894086455973161,0.6159964952135429,0.9778436372514446,0.0005484411958605051,1.442766785621643,0.4566859344240868,0.3729014715510885,0
c6,C_hard_maze,12,hrm,hrm,,0.0,144,1,1.6987043263733792,1.0155950091823962,1.672619805153355,55,55,192,713,18,1.0,2.330954253178488,0.0008217674625125002,0.8894086455973161,0.6159964952135429,0.9778436372514446,0.0005484411958605051,1.442766785621643,0.4566859344240868,0.3729014715510885,0
c6,C_hard_maze,12,hrm,hrm,,0.0,168,1,1.6987043263733792,1.0155950091823962,1.672619805153355,55,55,192,713,18,1.0,2.330954253178488,0.0008217674625125002,0.8894086455973161,0.6159964952135429,0.9778436372514446,0.0005484411958605051,1.442766785621643,0.4566859344240868,0.3729014715510885,0
c6,C_hard_maze,13,euclidean,,,0.0,128,0,nan,nan,1.9136856251108045,128,128,192,668,21,1.0,1.0689749554997967,0.0,0.5103784321647611,0.24576492498564714,0.8887654965683748,0.0,1.0689749554997967,0.5103784321647611,0.24576492498564714,0
c6,C_hard_maze,13,euclidean,,,0.0,144,1,1.9136856251108039,0.9999999999999997,1.9136856251108045,139,139,192,668,21,1.0,1.0689749554997967,0.0,0.5103784321647611,0.24576492498564714,0.8887654965683748,0.0,1.0689749554997967,0.5103784321647611,0.24576492498564714,0
c6,C_hard_maze,13,euclidean,,,0.0,168,1,1.9136856251108039,0.9999999999999997,1.9136856251108045,139,139,192,668,21,1.0,1.0689749554997967,0.0,0.5103784321647611,0.24576492498564714,0.8887654965683748,0.0,1.0689749554997967,0.5103784321647611,0.24576492498564714,0
c6,C_hard_maze,13,grid_oracle,,,0.0,128,1,1.9136856251108039,0.9999999999999997,1.9136856251108045,86,86,192,668,21,1.0,2.153073169629319,0.009342135390077217,0.9710030368547713,0.5590817536571304,0.9958647559883895,0.0,2.1727159979556605,1.0496520432314955,0.5626218543844616,0
c6,C_hard_maze,13,grid_oracle,,,0.0,144,1,1.9136856251108039,0.9999999999999997,1.9136856251108045,86,86,192,668,21,1.0,2.153073169629319,0.009342135390077217,0.9710030368547713,0.5590817536571304,0.9958647559883895,0.0,2.1727159979556605,1.0496520432314955,0.5626218543844616,0
c6,C_hard_maze,13,grid_oracle,,,0.0,168,1,1.9136856251108039,0.9999999999999997,1.9136856251108045,86,86,192,668,21,1.0,2.153073169629319,0.009342135390077217,0.9710030368547713,0.5590817536571304,0.9958647559883895,0.0,2.1727159979556605,1.0496520432314955,0.5626218543844616,0
c6,C_hard_maze,13,unet,unet,,0.0,128,1,1.9563663558022697,1.0223028955913247,1.9136856251108045,105,105,192,668,21,1.0,2.08992680074791,0.0510694321108098,0.9649364390342239,0.5636208965767857,0.9784760464422322,0.025615854188799858,1.4811357259750366,0.5143187570029113,0.36015720588344735,0
c6,C_hard_maze,13,unet,unet,,0.0,144,1,1.9563663558022697,1.0223028955913247,1.9136856251108045,105,105,192,668,21,1.0,2.08992680074791,0.0510694321108098,0.9649364390342239,0.5636208965767857,0.9784760464422322,0.025615854188799858,1.4811357259750366,0.5143187570029113,0.36015720588344735,0
c6,C_hard_maze,13,unet,unet,,0.0,168,1,1.9563663558022697,1.0223028955913247,1.9136856251108045,105,105,192,668,21,1.0,2.08992680074791,0.0510694321108098,0.9649364390342239,0.5636208965767857,0.9784760464422322,0.025615854188799858,1.4811357259750366,0.5143187570029113,0.36015720588344735,0
c6,C_hard_maze,13,onlstm,onlstm,,0.0,128,1,1.9611703345440303,1.024813223661267,1.9136856251108045,103,103,192,668,21,1.0,1.9778851907085153,0.017804306157609296,0.9609787296809446,0.5625132784586047,0.9111677020318477,0.013130596838891506,1.066131591796875,0.4748387813408499,0.336802007253599,0
c6,C_hard_maze,13,onlstm,onlstm,,0.0,144,1,1.9611703345440303,1.024813223661267,1.9136856251108045,103,103,192,668,21,1.0,1.9778851907085153,0.017804306157609296,0.9609787296809446,0.5625132784586047,0.9111677020318477,0.013130596838891506,1.066131591796875,0.4748387813408499,0.336802007253599,0
c6,C_hard_maze,13,onlstm,onlstm,,0.0,168,1,1.9611703345440303,1.024813223661267,1.9136856251108045,103,103,192,668,21,1.0,1.9778851907085153,0.017804306157609296,0.9609787296809446,0.5625132784586047,0.9111677020318477,0.013130596838891506,1.066131591796875,0.4748387813408499,0.336802007253599,0
c6,C_hard_maze,13,hrm,hrm,,0.0,128,1,1.9507879142954156,1.0193878705560444,1.9136856251108045,89,89,192,668,21,1.0,2.154022743339624,0.000740265840749877,0.9249740387576507,0.5902457896074578,0.9626047798605649,0.0005775965983048081,1.4993007183074951,0.46741152219000526,0.3769880265824309,0
c6,C_hard_maze,13,hrm,hrm,,0.0,144,1,1.9507879142954156,1.0193878705560444,1.9136856251108045,89,89,192,668,21,1.0,2.154022743339624,0.000740265840749877,0.9249740387576507,0.5902457896074578,0.9626047798605649,0.0005775965983048081,1.4993007183074951,0.46741152219000526,0.3769880265824309,0
c6,C_hard_maze,13,hrm,hrm,,0.0,168,1,1.9507879142954156,1.0193878705560444,1.9136856251108045,89,89,192,668,21,1.0,2.154022743339624,0.000740265840749877,0.9249740387576507,0.5902457896074578,0.9626047798605649,0.0005775965983048081,1.4993007183074951,0.46741152219000526,0.3769880265824309,0
c6,C_hard_maze,14,euclidean,,,0.0,128,0,nan,nan,2.089364462538966,128,128,192,690,24,1.0,1.0080987444066936,0.0,0.5199038071887462,0.24834163896557807,0.8721448335729595,0.0,1.0080987444066936,0.5199038071887462,0.24834163896557807,0
c6,C_hard_maze,14,euclidean,,,0.0,144,0,nan,nan,2.089364462538966,144,144,192,690,24,1.0,1.0080987444066936,0.0,0.5199038071887462,0.24834163896557807,0.8721448335729595,0.0,1.0080987444066936,0.5199038071887462,0.24834163896557807,0
c6,C_hard_maze,14,euclidean,,,0.0,168,1,2.089364462538966,1.0,2.089364462538966,146,146,192,690,24,1.0,1.0080987444066936,0.0,0.5199038071887462,0.24834163896557807,0.8721448335729595,0.0,1.0080987444066936,0.5199038071887462,0.24834163896557807,0
c6,C_hard_maze,14,grid_oracle,,,0.0,128,1,2.089364462538966,1.0,2.089364462538966,94,94,192,690,24,1.0,2.120002742374315,0.010498756846321409,0.9349309386123634,0.547111837439585,0.992131337655644,0.0,2.1517293456039788,1.0071775692464757,0.5346127916557618,0
c6,C_hard_maze,14,grid_oracle,,,0.0,144,1,2.089364462538966,1.0,2.089364462538966,94,94,192,690,24,1.0,2.120002742374315,0.010498756846321409,0.9349309386123634,0.547111837439585,0.992131337655644,0.0,2.1517293456039788,1.0071775692464757,0.5346127916557618,0
c6,C_hard_maze,14,grid_oracle,,,0.0,168,1,2.089364462538966,1.0,2.089364462538966,94,94,192,690,24,1.0,2.120002742374315,0.010498756846321409,0.9349309386123634,0.547111837439585,0.992131337655644,0.0,2.1517293456039788,1.0071775692464757,0.5346127916557618,0
c6,C_hard_maze,14,unet,unet,,0.0,128,1,2.089364462538966,1.0,2.089364462538966,103,103,192,690,24,1.0,2.325753858086272,0.0588286297077065,0.9726740899614708,0.59918675253607,0.9606058242682366,0.02369559183716774,1.371194839477539,0.5047719420313115,0.35622774517990674,0
c6,C_hard_maze,14,unet,unet,,0.0,144,1,2.089364462538966,1.0,2.089364462538966,103,103,192,690,24,1.0,2.325753858086272,0.0588286297077065,0.9726740899614708,0.59918675253607,0.9606058242682366,0.02369559183716774,1.371194839477539,0.5047719420313115,0.35622774517990674,0
c6,C_hard_maze,14,unet,unet,,0.0,168,1,2.089364462538966,1.0,2.089364462538966,103,103,192,690,24,1.0,2.325753858086272,0.0588286297077065,0.9726740899614708,0.59918675253607,0.9606058242682366,0.02369559183716774,1.371194839477539,0.5047719420313115,0.35622774517990674,0
c6,C_hard_maze,14,onlstm,onlstm,,0.0,128,1,2.1233540045262496,1.0162678855684086,2.089364462538966,106,106,192,690,24,1.0,2.046801556596351,0.01707558654774903,0.9666157321507066,0.5787765448145796,0.8958372894229988,0.012195819057524204,1.1033602952957153,0.4803483619828057,0.3422215927042022,0
c6,C_hard_maze,14,onlstm,onlstm,,0.0,144,1,2.1233540045262496,1.0162678855684086,2.089364462538966,106,106,192,690,24,1.0,2.046801556596351,0.01707558654774903,0.9666157321507066,0.5787765448145796,0.8958372894229988,0.012195819057524204,1.1033602952957153,0.4803483619828057,0.3422215927042022,0
c6,C_hard_maze,14,onlstm,onlstm,,0.0,168,1,2.1233540045262496,1.0162678855684086,2.089364462538966,106,106,192,690,24,1.0,2.046801556596351,0.01707558654774903,0.9666157321507066,0.5787765448145796,0.8958372894229988,0.012195819057524204,1.1033602952957153,0.4803483619828057,0.3422215927042022,0
c6,C_hard_maze,14,hrm,hrm,,0.0,128,1,2.1483993690863152,1.028254958675621,2.089364462538966,102,102,192,690,24,1.0,2.4249025262907464,0.0008058829980928561,0.941879941882414,0.6351933998308934,0.9456484143992623,0.0006029608193784952,1.4980255365371704,0.46607147033823537,0.37646357812097825,0
c6,C_hard_maze,14,hrm,hrm,,0.0,144,1,2.1483993690863152,1.028254958675621,2.089364462538966,102,102,192,690,24,1.0,2.4249025262907464,0.0008058829980928561,0.941879941882414,0.6351933998308934,0.9456484143992623,0.0006029608193784952,1.4980255365371704,0.46607147033823537,0.37646357812097825,0
c6,C_hard_maze,14,hrm,hrm,,0.0,168,1,2.1483993690863152,1.028254958675621,2.089364462538966,102,102,192,690,24,1.0,2.4249025262907464,0.0008058829980928561,0.941879941882414,0.6351933998308934,0.9456484143992623,0.0006029608193784952,1.4980255365371704,0.46607147033823537,0.37646357812097825,0
c6,C_hard_maze,15,euclidean,,,0.0,128,0,nan,nan,1.978648687934851,128,128,192,675,18,1.0,1.0143780929202624,0.0,0.5045559061745958,0.23494444741160392,0.87735161272821,0.0,1.0143780929202624,0.5045559061745958,0.23494444741160392,0
c6,C_hard_maze,15,euclidean,,,0.0,144,0,nan,nan,1.978648687934851,144,144,192,675,18,1.0,1.0143780929202624,0.0,0.5045559061745958,0.23494444741160392,0.87735161272821,0.0,1.0143780929202624,0.5045559061745958,0.23494444741160392,0
c6,C_hard_maze,15,euclidean,,,0.0,168,1,1.978648687934851,1.0,1.978648687934851,151,151,192,675,18,1.0,1.0143780929202624,0.0,0.5045559061745958,0.23494444741160392,0.87735161272821,0.0,1.0143780929202624,0.5045559061745958,0.23494444741160392,0
c6,C_hard_maze,15,grid_oracle,,,0.0,128,1,1.9815884608806362,1.0014857478054144,1.978648687934851,74,74,192,675,18,1.0,2.341799235498077,0.01140047101473908,1.0834342572738513,0.6152465960367924,0.9758378997911186,0.0,2.3602159979556605,1.1130887920728885,0.5954761058876258,0
c6,C_hard_maze,15,grid_oracle,,,0.0,144,1,1.9815884608806362,1.0014857478054144,1.978648687934851,74,74,192,675,18,1.0,2.341799235498077,0.01140047101473908,1.0834342572738513,0.6152465960367924,0.9758378997911186,0.0,2.3602159979556605,1.1130887920728885,0.5954761058876258,0
c6,C_hard_maze,15,grid_oracle,,,0.0,168,1,1.9815884608806362,1.0014857478054144,1.978648687934851,74,74,192,675,18,1.0,2.341799235498077,0.01140047101473908,1.0834342572738513,0.6152465960367924,0.9758378997911186,0.0,2.3602159979556605,1.1130887920728885,0.5954761058876258,0
c6,C_hard_maze,15,unet,unet,,0.0,128,1,2.007801979809087,1.0147339404170144,1.978648687934851,106,106,192,675,18,1.0,2.088717044829406,0.048263058214331175,0.9662577498427506,0.5573163828728869,0.963279575726338,0.017037510871887207,1.2466869354248047,0.4826168051067725,0.3332557798872415,0
c6,C_hard_maze,15,unet,unet,,0.0,144,1,2.007801979809087,1.0147339404170144,1.978648687934851,106,106,192,675,18,1.0,2.088717044829406,0.048263058214331175,0.9662577498427506,0.5573163828728869,0.963279575726338,0.017037510871887207,1.2466869354248047,0.4826168051067725,0.3332557798872415,0
c6,C_hard_maze,15,unet,unet,,0.0,168,1,2.007801979809087,1.0147339404170144,1.978648687934851,106,106,192,675,18,1.0,2.088717044829406,0.048263058214331175,0.9662577498427506,0.5573163828728869,0.963279575726338,0.017037510871887207,1.2466869354248047,0.4826168051067725,0.3332557798872415,0
c6,C_hard_maze,15,onlstm,onlstm,,0.0,128,1,1.9918184425313545,1.0066559337576237,1.978648687934851,110,110,192,675,18,1.0,1.9194429281197407,0.02768517308045075,0.970045053195227,0.5386310541719018,0.9135345739630525,0.02027047611773014,1.100796103477478,0.4787671776211937,0.3147211348036407,0
c6,C_hard_maze,15,onlstm,onlstm,,0.0,144,1,1.9918184425313545,1.0066559337576237,1.978648687934851,110,110,192,675,18,1.0,1.9194429281197407,0.02768517308045075,0.970045053195227,0.5386310541719018,0.9135345739630525,0.02027047611773014,1.100796103477478,0.4787671776211937,0.3147211348036407,0
c6,C_hard_maze,15,onlstm,onlstm,,0.0,168,1,1.9918184425313545,1.0066559337576237,1.978648687934851,110,110,192,675,18,1.0,1.9194429281197407,0.02768517308045075,0.970045053195227,0.5386310541719018,0.9135345739630525,0.02027047611773014,1.100796103477478,0.4787671776211937,0.3147211348036407,0
c6,C_hard_maze,15,hrm,hrm,,0.0,128,1,1.978648687934851,1.0,1.978648687934851,104,104,192,675,18,1.0,2.2160550051411643,0.0006934148096807951,0.9453352811746925,0.6023678445996647,0.944425982692673,0.0005816863267682493,1.3916348218917847,0.44500686933763234,0.3762749895228205,0
c6,C_hard_maze,15,hrm,hrm,,0.0,144,1,1.978648687934851,1.0,1.978648687934851,104,104,192,675,18,1.0,2.2160550051411643,0.0006934148096807951,0.9453352811746925,0.6023678445996647,0.944425982692673,0.0005816863267682493,1.3916348218917847,0.44500686933763234,0.3762749895228205,0
c6,C_hard_maze,15,hrm,hrm,,0.0,168,1,1.978648687934851,1.0,1.978648687934851,104,104,192,675,18,1.0,2.2160550051411643,0.0006934148096807951,0.9453352811746925,0.6023678445996647,0.944425982692673,0.0005816863267682493,1.3916348218917847,0.44500686933763234,0.3762749895228205,0
c6,C_hard_maze,16,euclidean,,,0.0,128,0,nan,nan,1.9328578590546726,128,128,192,715,18,1.0,0.993571771888359,0.0,0.5011326411952034,0.23010938465873332,0.890247334725877,0.0,0.993571771888359,0.5011326411952034,0.23010938465873332,0
c6,C_hard_maze,16,euclidean,,,0.0,144,1,1.9328578590546728,1.0000000000000002,1.9328578590546726,130,130,192,715,18,1.0,0.993571771888359,0.0,0.5011326411952034,0.23010938465873332,0.890247334725877,0.0,0.993571771888359,0.5011326411952034,0.23010938465873332,0
c6,C_hard_maze,16,euclidean,,,0.0,168,1,1.9328578590546728,1.0000000000000002,1.9328578590546726,130,130,192,715,18,1.0,0.993571771888359,0.0,0.5011326411952034,0.23010938465873332,0.890247334725877,0.0,0.993571771888359,0.5011326411952034,0.23010938465873332,0
c6,C_hard_maze,16,grid_oracle,,,0.0,128,1,1.9332763564306066,1.0002165174091688,1.9328578590546726,97,97,192,715,18,1.0,1.9518541628041226,0.008610005708254223,0.8575261476183623,0.4944276908522206,0.9945338143938368,0.0,2.0218276503073422,0.8794469704257143,0.49953593830025383,0
c6,C_hard_maze,16,grid_oracle,,,0.0,144,1,1.9332763564306066,1.0002165174091688,1.9328578590546726,97,97,192,715,18,1.0,1.9518541628041226,0.008610005708254223,0.8575261476183623,0.4944276908522206,0.9945338143938368,0.0,2.0218276503073422,0.8794469704257143,0.49953593830025383,0
c6,C_hard_maze,16,grid_oracle,,,0.0,168,1,1.9332763564306066,1.0002165174091688,1.9328578590546726,97,97,192,715,18,1.0,1.9518541628041226,0.008610005708254223,0.8575261476183623,0.4944276908522206,0.9945338143938368,0.0,2.0218276503073422,0.8794469704257143,0.49953593830025383,0
c6,C_hard_maze,16,unet,unet,,0.0,128,1,1.9328578590546728,1.0000000000000002,1.9328578590546726,84,84,192,715,18,1.0,2.178750234290929,0.04806153124549402,0.9415537282781332,0.5361709449684404,0.975012207362396,0.022222893312573433,1.4563051462173462,0.47258861003501806,0.329949203022044,0
c6,C_hard_maze,16,unet,unet,,0.0,144,1,1.9328578590546728,1.0000000000000002,1.9328578590546726,84,84,192,715,18,1.0,2.178750234290929,0.04806153124549402,0.9415537282781332,0.5361709449684404,0.975012207362396,0.022222893312573433,1.4563051462173462,0.47258861003501806,0.329949203022044,0
c6,C_hard_maze,16,unet,unet,,0.0,168,1,1.9328578590546728,1.0000000000000002,1.9328578590546726,84,84,192,715,18,1.0,2.178750234290929,0.04806153124549402,0.9415537282781332,0.5361709449684404,0.975012207362396,0.022222893312573433,1.4563051462173462,0.47258861003501806,0.329949203022044,0
c6,C_hard_maze,16,onlstm,onlstm,,0.0,128,1,1.9445366885328925,1.0060422598710552,1.9328578590546726,97,97,192,715,18,1.0,1.9799887876711981,0.027671061476284037,0.9234766602927101,0.5295893710968957,0.908315926538806,0.015379279851913452,1.0663583278656006,0.4365501687188953,0.30842270350763107,0
c6,C_hard_maze,16,onlstm,onlstm,,0.0,144,1,1.9445366885328925,1.0060422598710552,1.9328578590546726,97,97,192,715,18,1.0,1.9799887876711981,0.027671061476284037,0.9234766602927101,0.5295893710968957,0.908315926538806,0.015379279851913452,1.0663583278656006,0.4365501687188953,0.30842270350763107,0
c6,C_hard_maze,16,onlstm,onlstm,,0.0,168,1,1.9445366885328925,1.0060422598710552,1.9328578590546726,97,97,192,715,18,1.0,1.9799887876711981,0.027671061476284037,0.9234766602927101,0.5295893710968957,0.908315926538806,0.015379279851913452,1.0663583278656006,0.4365501687188953,0.30842270350763107,0
c6,C_hard_maze,16,hrm,hrm,,0.0,128,1,1.936289827423619,1.0017755927332521,1.9328578590546726,72,72,192,715,18,1.0,2.3266537089565484,0.0006045877905949872,0.9229215255385621,0.5946455479519029,0.9469640967908203,0.000491133367177099,1.4227473735809326,0.45313191046807333,0.38074325935359915,0
c6,C_hard_maze,16,hrm,hrm,,0.0,144,1,1.936289827423619,1.0017755927332521,1.9328578590546726,72,72,192,715,18,1.0,2.3266537089565484,0.0006045877905949872,0.9229215255385621,0.5946455479519029,0.9469640967908203,0.000491133367177099,1.4227473735809326,0.45313191046807333,0.38074325935359915,0
c6,C_hard_maze,16,hrm,hrm,,0.0,168,1,1.936289827423619,1.0017755927332521,1.9328578590546726,72,72,192,715,18,1.0,2.3266537089565484,0.0006045877905949872,0.9229215255385621,0.5946455479519029,0.9469640967908203,0.000491133367177099,1.4227473735809326,0.45313191046807333,0.38074325935359915,0
c6,C_hard_maze,17,euclidean,,,0.0,128,0,nan,nan,2.1949144933708196,128,128,192,677,24,1.0,1.0332991578124016,0.0,0.5788244155777349,0.25447402380599077,0.9250823996961725,0.0,1.0332991578124016,0.5788244155777349,0.25447402380599077,0
c6,C_hard_maze,17,euclidean,,,0.0,144,0,nan,nan,2.1949144933708196,144,144,192,677,24,1.0,1.0332991578124016,0.0,0.5788244155777349,0.25447402380599077,0.9250823996961725,0.0,1.0332991578124016,0.5788244155777349,0.25447402380599077,0
c6,C_hard_maze,17,euclidean,,,0.0,168,1,2.1949144933708196,1.0,2.1949144933708196,151,151,192,677,24,1.0,1.0332991578124016,0.0,0.5788244155777349,0.25447402380599077,0.9250823996961725,0.0,1.0332991578124016,0.5788244155777349,0.25447402380599077,0
c6,C_hard_maze,17,grid_oracle,,,0.0,128,1,2.2069648278394194,1.0054901156764853,2.1949144933708196,104,104,192,677,24,1.0,2.3834056872100664,0.006013250320513747,1.0996969348347287,0.6498071304018324,0.9978162385047339,0.0,2.4173543456039788,1.0254775437690007,0.6364074928504477,0
c6,C_hard_maze,17,grid_oracle,,,0.0,144,1,2.2069648278394194,1.0054901156764853,2.1949144933708196,104,104,192,677,24,1.0,2.3834056872100664,0.006013250320513747,1.0996969348347287,0.6498071304018324,0.9978162385047339,0.0,2.4173543456039788,1.0254775437690007,0.6364074928504477,0
c6,C_hard_maze,17,grid_oracle,,,0.0,168,1,2.2069648278394194,1.0054901156764853,2.1949144933708196,104,104,192,677,24,1.0,2.3834056872100664,0.006013250320513747,1.0996969348347287,0.6498071304018324,0.9978162385047339,0.0,2.4173543456039788,1.0254775437690007,0.6364074928504477,0
c6,C_hard_maze,17,unet,unet,,0.0,128,1,2.2157802939834537,1.0095064298293415,2.1949144933708196,118,118,192,677,24,1.0,2.2874353794328197,0.058135181289771645,1.0983283962304464,0.5994635640758494,0.9876976914521338,0.02432330697774887,1.4830554723739624,0.4964876268422813,0.36001794332408854,0
c6,C_hard_maze,17,unet,unet,,0.0,144,1,2.2157802939834537,1.0095064298293415,2.1949144933708196,118,118,192,677,24,1.0,2.2874353794328197,0.058135181289771645,1.0983283962304464,0.5994635640758494,0.9876976914521338,0.02432330697774887,1.4830554723739624,0.4964876268422813,0.36001794332408854,0
c6,C_hard_maze,17,unet,unet,,0.0,168,1,2.2157802939834537,1.0095064298293415,2.1949144933708196,118,118,192,677,24,1.0,2.2874353794328197,0.058135181289771645,1.0983283962304464,0.5994635640758494,0.9876976914521338,0.02432330697774887,1.4830554723739624,0.4964876268422813,0.36001794332408854,0
c6,C_hard_maze,17,onlstm,onlstm,,0.0,128,0,nan,nan,2.1949144933708196,128,128,192,677,24,1.0,2.037824448400761,0.017333489691910498,1.1017297274682043,0.6061112935869679,0.9350059680438381,0.011681732721626759,1.098483920097351,0.4780487963255382,0.34708308051450026,0
c6,C_hard_maze,17,onlstm,onlstm,,0.0,144,1,2.344723615157072,1.0682528281801924,2.1949144933708196,132,132,192,677,24,1.0,2.037824448400761,0.017333489691910498,1.1017297274682043,0.6061112935869679,0.9350059680438381,0.011681732721626759,1.098483920097351,0.4780487963255382,0.34708308051450026,0
c6,C_hard_maze,17,onlstm,onlstm,,0.0,168,1,2.344723615157072,1.0682528281801924,2.1949144933708196,132,132,192,677,24,1.0,2.037824448400761,0.017333489691910498,1.1017297274682043,0.6061112935869679,0.9350059680438381,0.011681732721626759,1.098483920097351,0.4780487963255382,0.34708308051450026,0
c6,C_hard_maze,17,hrm,hrm,,0.0,128,1,2.2157802939834537,1.0095064298293415,2.1949144933708196,106,106,192,677,24,1.0,2.368424917532585,0.0007905201554357436,1.081434861045694,0.6198478336411395,0.9743204568266285,0.0005593039677478373,1.438490629196167,0.4619888518493269,0.3696527503790157,0
c6,C_hard_maze,17,hrm,hrm,,0.0,144,1,2.2157802939834537,1.0095064298293415,2.1949144933708196,106,106,192,677,24,1.0,2.368424917532585,0.0007905201554357436,1.081434861045694,0.6198478336411395,0.9743204568266285,0.0005593039677478373,1.438490629196167,0.4619888518493269,0.3696527503790157,0
c6,C_hard_maze,17,hrm,hrm,,0.0,168,1,2.2157802939834537,1.0095064298293415,2.1949144933708196,106,106,192,677,24,1.0,2.368424917532585,0.0007905201554357436,1.081434861045694,0.6198478336411395,0.9743204568266285,0.0005593039677478373,1.438490629196167,0.4619888518493269,0.3696527503790157,0
c6,C_hard_maze,18,euclidean,,,0.0,128,0,nan,nan,2.796093960600184,128,128,192,676,18,1.0,1.0442834053445156,0.0,0.5115604814214041,0.24472284258991325,0.8165199522556493,0.0,1.0442834053445156,0.5115604814214041,0.24472284258991325,0
c6,C_hard_maze,18,euclidean,,,0.0,144,0,nan,nan,2.796093960600184,144,144,192,676,18,1.0,1.0442834053445156,0.0,0.5115604814214041,0.24472284258991325,0.8165199522556493,0.0,1.0442834053445156,0.5115604814214041,0.24472284258991325,0
c6,C_hard_maze,18,euclidean,,,0.0,168,1,2.796093960600184,1.0,2.796093960600184,157,157,192,676,18,1.0,1.0442834053445156,0.0,0.5115604814214041,0.24472284258991325,0.8165199522556493,0.0,1.0442834053445156,0.5115604814214041,0.24472284258991325,0
c6,C_hard_maze,18,grid_oracle,,,0.0,128,0,nan,nan,2.796093960600184,128,128,192,676,18,1.0,2.307382416787924,0.00942693775724857,1.164992281539389,0.6086367162682713,0.989857716409408,0.0,2.409771824131501,1.1920676910319263,0.6198778224105551,0
c6,C_hard_maze,18,grid_oracle,,,0.0,144,1,2.796093960600184,1.0,2.796093960600184,142,142,192,676,18,1.0,2.307382416787924,0.00942693775724857,1.164992281539389,0.6086367162682713,0.989857716409408,0.0,2.409771824131501,1.1920676910319263,0.6198778224105551,0
c6,C_hard_maze,18,grid_oracle,,,0.0,168,1,2.796093960600184,1.0,2.796093960600184,142,142,192,676,18,1.0,2.307382416787924,0.00942693775724857,1.164992281539389,0.6086367162682713,0.989857716409408,0.0,2.409771824131501,1.1920676910319263,0.6198778224105551,0
c6,C_hard_maze,18,unet,unet,,0.0,128,0,nan,nan,2.796093960600184,128,128,192,676,18,1.0,2.1451691982119887,0.04510274258980809,0.9661367532334966,0.5494561106634851,0.9470200472018014,0.015830835327506065,1.3955605030059814,0.483221916572802,0.33158937495635604,0
c6,C_hard_maze,18,unet,unet,,0.0,144,0,nan,nan,2.796093960600184,144,144,192,676,18,1.0,2.1451691982119887,0.04510274258980809,0.9661367532334966,0.5494561106634851,0.9470200472018014,0.015830835327506065,1.3955605030059814,0.483221916572802,0.33158937495635604,0
c6,C_hard_maze,18,unet,unet,,0.0,168,1,2.8428696969482417,1.0167289572550764,2.796093960600184,157,157,192,676,18,1.0,2.1451691982119887,0.04510274258980809,0.9661367532334966,0.5494561106634851,0.9470200472018014,0.015830835327506065,1.3955605030059814,0.483221916572802,0.33158937495635604,0
c6,C_hard_maze,18,onlstm,onlstm,,0.0,128,0,nan,nan,2.796093960600184,128,128,192,676,18,1.0,1.9405704646225017,0.028576469446974083,0.9756087631358166,0.5485731299604786,0.8721244879689664,0.020410705357789993,1.100455641746521,0.48312216506110417,0.3130582478410554,0
c6,C_hard_maze,18,onlstm,onlstm,,0.0,144,0,nan,nan,2.796093960600184,144,144,192,676,18,1.0,1.9405704646225017,0.028576469446974083,0.9756087631358166,0.5485731299604786,0.8721244879689664,0.020410705357789993,1.100455641746521,0.48312216506110417,0.3130582478410554,0
c6,C_hard_maze,18,onlstm,onlstm,,0.0,168,1,2.796093960600184,1.0,2.796093960600184,148,148,192,676,18,1.0,1.9405704646225017,0.028576469446974083,0.9756087631358166,0.5485731299604786,0.8721244879689664,0.020410705357789993,1.100455641746521,0.48312216506110417,0.3130582478410554,0
c6,C_hard_maze,18,hrm,hrm,,0.0,128,0,nan,nan,2.796093960600184,128,128,192,676,18,1.0,2.1993453956891877,0.0006654759123924995,0.9381731675274433,0.5934210735271905,0.9250756178281747,0.0005851842579431832,1.426373839378357,0.44336974455039524,0.3747766829494776,0
c6,C_hard_maze,18,hrm,hrm,,0.0,144,0,nan,nan,2.796093960600184,144,144,192,676,18,1.0,2.1993453956891877,0.0006654759123924995,0.9381731675274433,0.5934210735271905,0.9250756178281747,0.0005851842579431832,1.426373839378357,0.44336974455039524,0.3747766829494776,0
c6,C_hard_maze,18,hrm,hrm,,0.0,168,1,2.796093960600184,1.0,2.796093960600184,156,156,192,676,18,1.0,2.1993453956891877,0.0006654759123924995,0.9381731675274433,0.5934210735271905,0.9250756178281747,0.0005851842579431832,1.426373839378357,0.44336974455039524,0.3747766829494776,0
c6,C_hard_maze,19,euclidean,,,0.0,128,0,nan,nan,1.9173196402753026,128,128,192,681,20,1.0,0.9831049217676623,0.0,0.4900275653457405,0.24890264600523457,0.9011101917912272,0.0,0.9831049217676623,0.4900275653457405,0.24890264600523457,0
c6,C_hard_maze,19,euclidean,,,0.0,144,1,1.9173196402753026,1.0,1.9173196402753026,136,136,192,681,20,1.0,0.9831049217676623,0.0,0.4900275653457405,0.24890264600523457,0.9011101917912272,0.0,0.9831049217676623,0.4900275653457405,0.24890264600523457,0
c6,C_hard_maze,19,euclidean,,,0.0,168,1,1.9173196402753026,1.0,1.9173196402753026,136,136,192,681,20,1.0,0.9831049217676623,0.0,0.4900275653457405,0.24890264600523457,0.9011101917912272,0.0,0.9831049217676623,0.4900275653457405,0.24890264600523457,0
c6,C_hard_maze,19,grid_oracle,,,0.0,128,1,1.9173196402753026,1.0,1.9173196402753026,89,89,192,681,20,1.0,2.036188242505799,0.006129096251819331,0.872129484342298,0.5380635598946116,0.9774723299785695,0.0,2.0541880848677403,0.880642891798303,0.4958131053009559,0
c6,C_hard_maze,19,grid_oracle,,,0.0,144,1,1.9173196402753026,1.0,1.9173196402753026,89,89,192,681,20,1.0,2.036188242505799,0.006129096251819331,0.872129484342298,0.5380635598946116,0.9774723299785695,0.0,2.0541880848677403,0.880642891798303,0.4958131053009559,0
c6,C_hard_maze,19,grid_oracle,,,0.0,168,1,1.9173196402753026,1.0,1.9173196402753026,89,89,192,681,20,1.0,2.036188242505799,0.006129096251819331,0.872129484342298,0.5380635598946116,0.9774723299785695,0.0,2.0541880848677403,0.880642891798303,0.4958131053009559,0
c6,C_hard_maze,19,unet,unet,,0.0,128,1,1.9342798701746782,1.008845801995196,1.9173196402753026,88,88,192,681,20,1.0,2.2136753150524218,0.050826871207812506,0.9705500135546626,0.6107409393494524,0.9650530342077424,0.023910535499453545,1.4264898300170898,0.4940336136701262,0.35304002862559664,0
c6,C_hard_maze,19,unet,unet,,0.0,144,1,1.9342798701746782,1.008845801995196,1.9173196402753026,88,88,192,681,20,1.0,2.2136753150524218,0.050826871207812506,0.9705500135546626,0.6107409393494524,0.9650530342077424,0.023910535499453545,1.4264898300170898,0.4940336136701262,0.35304002862559664,0
c6,C_hard_maze,19,unet,unet,,0.0,168,1,1.9342798701746782,1.008845801995196,1.9173196402753026,88,88,192,681,20,1.0,2.2136753150524218,0.050826871207812506,0.9705500135546626,0.6107409393494524,0.9650530342077424,0.023910535499453545,1.4264898300170898,0.4940336136701262,0.35304002862559664,0
c6,C_hard_maze,19,onlstm,onlstm,,0.0,128,1,1.940594784496494,1.0121394178269876,1.9173196402753026,93,93,192,681,20,1.0,1.9296813525821217,0.01629092110672515,0.8947403670224938,0.5838379686951187,0.9143517890567779,0.012324552983045578,1.0831245183944702,0.4250299106199691,0.3271266281441423,0
c6,C_hard_maze,19,onlstm,onlstm,,0.0,144,1,1.940594784496494,1.0121394178269876,1.9173196402753026,93,93,192,681,20,1.0,1.9296813525821217,0.01629092110672515,0.8947403670224938,0.5838379686951187,0.9143517890567779,0.012324552983045578,1.0831245183944702,0.4250299106199691,0.3271266281441423,0
c6,C_hard_maze,19,onlstm,onlstm,,0.0,168,1,1.940594784496494,1.0121394178269876,1.9173196402753026,93,93,192,681,20,1.0,1.9296813525821217,0.01629092110672515,0.8947403670224938,0.5838379686951187,0.9143517890567779,0.012324552983045578,1.0831245183944702,0.4250299106199691,0.3271266281441423,0
c6,C_hard_maze,19,hrm,hrm,,0.0,128,1,1.9595708871493764,1.0220366213262213,1.9173196402753026,73,73,192,681,20,1.0,2.3188713870006037,0.0009445532567761104,0.942539113170206,0.6371901426427937,0.9512688875023738,0.0006229389109648764,1.4558945894241333,0.4543610823769342,0.37365164847521065,0
c6,C_hard_maze,19,hrm,hrm,,0.0,144,1,1.9595708871493764,1.0220366213262213,1.9173196402753026,73,73,192,681,20,1.0,2.3188713870006037,0.0009445532567761104,0.942539113170206,0.6371901426427937,0.9512688875023738,0.0006229389109648764,1.4558945894241333,0.4543610823769342,0.37365164847521065,0
c6,C_hard_maze,19,hrm,hrm,,0.0,168,1,1.9595708871493764,1.0220366213262213,1.9173196402753026,73,73,192,681,20,1.0,2.3188713870006037,0.0009445532567761104,0.942539113170206,0.6371901426427937,0.9512688875023738,0.0006229389109648764,1.4558945894241333,0.4543610823769342,0.37365164847521065,0
c6,C_hard_maze,20,euclidean,,,0.0,128,0,nan,nan,1.9956445818183732,128,128,192,661,23,1.0,0.948797004096304,0.0,0.486330671355297,0.23040185516359146,0.8181560779100997,0.0,0.948797004096304,0.486330671355297,0.23040185516359146,0
c6,C_hard_maze,20,euclidean,,,0.0,144,1,1.9956445818183737,1.0000000000000002,1.9956445818183732,139,139,192,661,23,1.0,0.948797004096304,0.0,0.486330671355297,0.23040185516359146,0.8181560779100997,0.0,0.948797004096304,0.486330671355297,0.23040185516359146,0
c6,C_hard_maze,20,euclidean,,,0.0,168,1,1.9956445818183737,1.0000000000000002,1.9956445818183732,139,139,192,661,23,1.0,0.948797004096304,0.0,0.486330671355297,0.23040185516359146,0.8181560779100997,0.0,0.948797004096304,0.486330671355297,0.23040185516359146,0
c6,C_hard_maze,20,grid_oracle,,,0.0,128,1,1.9976173367636485,1.000988530203849,1.9956445818183732,118,118,192,661,23,1.0,1.9306877470429036,0.008760447354212721,0.8711223287172235,0.46417037659631605,0.9009847272332693,0.0,1.99168808486774,0.9188981676860434,0.49006669456587865,0
c6,C_hard_maze,20,grid_oracle,,,0.0,144,1,1.9976173367636485,1.000988530203849,1.9956445818183732,118,118,192,661,23,1.0,1.9306877470429036,0.008760447354212721,0.8711223287172235,0.46417037659631605,0.9009847272332693,0.0,1.99168808486774,0.9188981676860434,0.49006669456587865,0
c6,C_hard_maze,20,grid_oracle,,,0.0,168,1,1.9976173367636485,1.000988530203849,1.9956445818183732,118,118,192,661,23,1.0,1.9306877470429036,0.008760447354212721,0.8711223287172235,0.46417037659631605,0.9009847272332693,0.0,1.99168808486774,0.9188981676860434,0.49006669456587865,0
c6,C_hard_maze,20,unet,unet,,0.0,128,1,2.033268600760212,1.018853065964059,1.9956445818183732,124,124,192,661,23,1.0,2.123202684913582,0.045140548129667564,0.9275042491915991,0.5242869352767211,0.8735164663754987,0.019901791587471962,1.247796654701233,0.4723514390861965,0.3291565059772249,0
c6,C_hard_maze,20,unet,unet,,0.0,144,1,2.033268600760212,1.018853065964059,1.9956445818183732,124,124,192,661,23,1.0,2.123202684913582,0.045140548129667564,0.9275042491915991,0.5242869352767211,0.8735164663754987,0.019901791587471962,1.247796654701233,0.4723514390861965,0.3291565059772249,0
c6,C_hard_maze,20,unet,unet,,0.0,168,1,2.033268600760212,1.018853065964059,1.9956445818183732,124,124,192,661,23,1.0,2.123202684913582,0.045140548129667564,0.9275042491915991,0.5242869352767211,0.8735164663754987,0.019901791587471962,1.247796654701233,0.4723514390861965,0.3291565059772249,0
c6,C_hard_maze,20,onlstm,onlstm,,0.0,128,1,2.0945591508114614,1.0495652231335502,1.9956445818183732,119,119,192,661,23,1.0,1.9320948321456604,0.02474827734247012,0.9056253485726852,0.5338900422241073,0.8056096221143154,0.016775507479906082,1.0920090675354004,0.4495453916315455,0.31471490396631324,0
c6,C_hard_maze,20,onlstm,onlstm,,0.0,144,1,2.0945591508114614,1.0495652231335502,1.9956445818183732,119,119,192,661,23,1.0,1.9320948321456604,0.02474827734247012,0.9056253485726852,0.5338900422241073,0.8056096221143154,0.016775507479906082,1.0920090675354004,0.4495453916315455,0.31471490396631324,0
c6,C_hard_maze,20,onlstm,onlstm,,0.0,168,1,2.0945591508114614,1.0495652231335502,1.9956445818183732,119,119,192,661,23,1.0,1.9320948321456604,0.02474827734247012,0.9056253485726852,0.5338900422241073,0.8056096221143154,0.016775507479906082,1.0920090675354004,0.4495453916315455,0.31471490396631324,0
c6,C_hard_maze,20,hrm,hrm,,0.0,128,1,2.0463650904876443,1.025415602122426,1.9956445818183732,103,103,192,661,23,1.0,2.270110134925271,0.0005762880514247977,0.9168608270697535,0.5837611620864575,0.8362280606570275,0.00047593103954568505,1.4270986318588257,0.4516692332634875,0.37621887931529974,0
c6,C_hard_maze,20,hrm,hrm,,0.0,144,1,2.0463650904876443,1.025415602122426,1.9956445818183732,103,103,192,661,23,1.0,2.270110134925271,0.0005762880514247977,0.9168608270697535,0.5837611620864575,0.8362280606570275,0.00047593103954568505,1.4270986318588257,0.4516692332634875,0.37621887931529974,0
c6,C_hard_maze,20,hrm,hrm,,0.0,168,1,2.0463650904876443,1.025415602122426,1.9956445818183732,103,103,192,661,23,1.0,2.270110134925271,0.0005762880514247977,0.9168608270697535,0.5837611620864575,0.8362280606570275,0.00047593103954568505,1.4270986318588257,0.4516692332634875,0.37621887931529974,0
c6,C_hard_maze,21,euclidean,,,0.0,128,0,nan,nan,1.7347387997287624,128,128,192,657,22,1.0,1.0097660590775364,0.0,0.5055731353021882,0.23824219004542121,0.8839741068279848,0.0,1.0097660590775364,0.5055731353021882,0.23824219004542121,0
c6,C_hard_maze,21,euclidean,,,0.0,144,1,1.7347387997287624,1.0,1.7347387997287624,133,133,192,657,22,1.0,1.0097660590775364,0.0,0.5055731353021882,0.23824219004542121,0.8839741068279848,0.0,1.0097660590775364,0.5055731353021882,0.23824219004542121,0
c6,C_hard_maze,21,euclidean,,,0.0,168,1,1.7347387997287624,1.0,1.7347387997287624,133,133,192,657,22,1.0,1.0097660590775364,0.0,0.5055731353021882,0.23824219004542121,0.8839741068279848,0.0,1.0097660590775364,0.5055731353021882,0.23824219004542121,0
c6,C_hard_maze,21,grid_oracle,,,0.0,128,1,1.73950945849703,1.0027500732496522,1.7347387997287624,67,67,192,657,22,1.0,2.0197945304705294,0.009301371275290269,0.8927758440209986,0.4869563713471513,0.9931469223883027,0.0,2.0983822586918994,0.8915666882564941,0.5033667810470943,0
c6,C_hard_maze,21,grid_oracle,,,0.0,144,1,1.73950945849703,1.0027500732496522,1.7347387997287624,67,67,192,657,22,1.0,2.0197945304705294,0.009301371275290269,0.8927758440209986,0.4869563713471513,0.9931469223883027,0.0,2.0983822586918994,0.8915666882564941,0.5033667810470943,0
c6,C_hard_maze,21,grid_oracle,,,0.0,168,1,1.73950945849703,1.0027500732496522,1.7347387997287624,67,67,192,657,22,1.0,2.0197945304705294,0.009301371275290269,0.8927758440209986,0.4869563713471513,0.9931469223883027,0.0,2.0983822586918994,0.8915666882564941,0.5033667810470943,0
c6,C_hard_maze,21,unet,unet,,0.0,128,1,1.7500954388981669,1.008852421570213,1.7347387997287624,46,46,192,657,22,1.0,2.0625399827353164,0.04393800599502832,0.9872652323370613,0.546825877754141,0.9819992268670484,0.015378793701529503,1.3125998973846436,0.48432193028020265,0.3379152539730999,0
c6,C_hard_maze,21,unet,unet,,0.0,144,1,1.7500954388981669,1.008852421570213,1.7347387997287624,46,46,192,657,22,1.0,2.0625399827353164,0.04393800599502832,0.9872652323370613,0.546825877754141,0.9819992268670484,0.015378793701529503,1.3125998973846436,0.48432193028020265,0.3379152539730999,0
c6,C_hard_maze,21,unet,unet,,0.0,168,1,1.7500954388981669,1.008852421570213,1.7347387997287624,46,46,192,657,22,1.0,2.0625399827353164,0.04393800599502832,0.9872652323370613,0.546825877754141,0.9819992268670484,0.015378793701529503,1.3125998973846436,0.48432193028020265,0.3379152539730999,0
c6,C_hard_maze,21,onlstm,onlstm,,0.0,128,1,1.8322562378920955,1.056214479193398,1.7347387997287624,80,80,192,657,22,1.0,1.9190479703303112,0.02881440717861155,0.9800196947122722,0.5474238709593389,0.9039212760762826,0.020984699949622154,1.0967535972595215,0.48304923198884353,0.31281919476794606,0
c6,C_hard_maze,21,onlstm,onlstm,,0.0,144,1,1.8322562378920955,1.056214479193398,1.7347387997287624,80,80,192,657,22,1.0,1.9190479703303112,0.02881440717861155,0.9800196947122722,0.5474238709593389,0.9039212760762826,0.020984699949622154,1.0967535972595215,0.48304923198884353,0.31281919476794606,0
c6,C_hard_maze,21,onlstm,onlstm,,0.0,168,1,1.8322562378920955,1.056214479193398,1.7347387997287624,80,80,192,657,22,1.0,1.9190479703303112,0.02881440717861155,0.9800196947122722,0.5474238709593389,0.9039212760762826,0.020984699949622154,1.0967535972595215,0.48304923198884353,0.31281919476794606,0
c6,C_hard_maze,21,hrm,hrm,,0.0,128,1,1.7347387997287624,1.0,1.7347387997287624,71,71,192,657,22,1.0,2.276074919817074,0.0006439930715587224,0.9467486246396793,0.6006766203386608,0.9617095732848657,0.0005582677549682558,1.3815288543701172,0.4478568475600895,0.3833456566708878,0
c6,C_hard_maze,21,hrm,hrm,,0.0,144,1,1.7347387997287624,1.0,1.7347387997287624,71,71,192,657,22,1.0,2.276074919817074,0.0006439930715587224,0.9467486246396793,0.6006766203386608,0.9617095732848657,0.0005582677549682558,1.3815288543701172,0.4478568475600895,0.3833456566708878,0
c6,C_hard_maze,21,hrm,hrm,,0.0,168,1,1.7347387997287624,1.0,1.7347387997287624,71,71,192,657,22,1.0,2.276074919817074,0.0006439930715587224,0.9467486246396793,0.6006766203386608,0.9617095732848657,0.0005582677549682558,1.3815288543701172,0.4478568475600895,0.3833456566708878,0
c6,C_hard_maze,22,euclidean,,,0.0,128,1,1.689525715616305,1.0000000000000002,1.6895257156163048,108,108,192,716,18,1.0,1.0046578978688836,0.0,0.5289104544632683,0.2498598932959212,0.9430560453571334,0.0,1.0046578978688836,0.5289104544632683,0.2498598932959212,0
c6,C_hard_maze,22,euclidean,,,0.0,144,1,1.689525715616305,1.0000000000000002,1.6895257156163048,108,108,192,716,18,1.0,1.0046578978688836,0.0,0.5289104544632683,0.2498598932959212,0.9430560453571334,0.0,1.0046578978688836,0.5289104544632683,0.2498598932959212,0
c6,C_hard_maze,22,euclidean,,,0.0,168,1,1.689525715616305,1.0000000000000002,1.6895257156163048,108,108,192,716,18,1.0,1.0046578978688836,0.0,0.5289104544632683,0.2498598932959212,0.9430560453571334,0.0,1.0046578978688836,0.5289104544632683,0.2498598932959212,0
c6,C_hard_maze,22,grid_oracle,,,0.0,128,1,1.689525715616305,1.0000000000000002,1.6895257156163048,64,64,192,716,18,1.0,2.084427409192993,0.0007015145764062325,0.79307056787862,0.5113343083118231,0.9910241977050159,0.0,2.1166880848677403,0.8414510094337697,0.5180600241866085,0
c6,C_hard_maze,22,grid_oracle,,,0.0,144,1,1.689525715616305,1.0000000000000002,1.6895257156163048,64,64,192,716,18,1.0,2.084427409192993,0.0007015145764062325,0.79307056787862,0.5113343083118231,0.9910241977050159,0.0,2.1166880848677403,0.8414510094337697,0.5180600241866085,0
c6,C_hard_maze,22,grid_oracle,,,0.0,168,1,1.689525715616305,1.0000000000000002,1.6895257156163048,64,64,192,716,18,1.0,2.084427409192993,0.0007015145764062325,0.79307056787862,0.5113343083118231,0.9910241977050159,0.0,2.1166880848677403,0.8414510094337697,0.5180600241866085,0
c6,C_hard_maze,22,unet,unet,,0.0,128,1,1.71675460490445,1.0161162917122055,1.6895257156163048,36,36,192,716,18,1.0,2.2029155796321875,0.04800708699661268,0.9592824378649413,0.5733650987989022,0.9865413829585222,0.024003632366657257,1.2526986598968506,0.48199293303150625,0.3354001949274885,0
c6,C_hard_maze,22,unet,unet,,0.0,144,1,1.71675460490445,1.0161162917122055,1.6895257156163048,36,36,192,716,18,1.0,2.2029155796321875,0.04800708699661268,0.9592824378649413,0.5733650987989022,0.9865413829585222,0.024003632366657257,1.2526986598968506,0.48199293303150625,0.3354001949274885,0
c6,C_hard_maze,22,unet,unet,,0.0,168,1,1.71675460490445,1.0161162917122055,1.6895257156163048,36,36,192,716,18,1.0,2.2029155796321875,0.04800708699661268,0.9592824378649413,0.5733650987989022,0.9865413829585222,0.024003632366657257,1.2526986598968506,0.48199293303150625,0.3354001949274885,0
c6,C_hard_maze,22,onlstm,onlstm,,0.0,128,1,1.7288183084870419,1.0232565817184995,1.6895257156163048,39,39,192,716,18,1.0,2.0158798633091486,0.029507131052525698,1.002098030912603,0.5772396821792926,0.9507161652605596,0.018481425940990448,1.1252630949020386,0.494878743200843,0.32279447250873167,0
c6,C_hard_maze,22,onlstm,onlstm,,0.0,144,1,1.7288183084870419,1.0232565817184995,1.6895257156163048,39,39,192,716,18,1.0,2.0158798633091486,0.029507131052525698,1.002098030912603,0.5772396821792926,0.9507161652605596,0.018481425940990448,1.1252630949020386,0.494878743200843,0.32279447250873167,0
c6,C_hard_maze,22,onlstm,onlstm,,0.0,168,1,1.7288183084870419,1.0232565817184995,1.6895257156163048,39,39,192,716,18,1.0,2.0158798633091486,0.029507131052525698,1.002098030912603,0.5772396821792926,0.9507161652605596,0.018481425940990448,1.1252630949020386,0.494878743200843,0.32279447250873167,0
c6,C_hard_maze,22,hrm,hrm,,0.0,128,1,1.689525715616305,1.0000000000000002,1.6895257156163048,47,47,192,716,18,1.0,2.3620314381495375,0.0008038892691902814,0.9335293736997908,0.6200682729730315,0.9734574641239184,0.0005358898779377341,1.4242528676986694,0.45180040629082896,0.3788906407423159,0
c6,C_hard_maze,22,hrm,hrm,,0.0,144,1,1.689525715616305,1.0000000000000002,1.6895257156163048,47,47,192,716,18,1.0,2.3620314381495375,0.0008038892691902814,0.9335293736997908,0.6200682729730315,0.9734574641239184,0.0005358898779377341,1.4242528676986694,0.45180040629082896,0.3788906407423159,0
c6,C_hard_maze,22,hrm,hrm,,0.0,168,1,1.689525715616305,1.0000000000000002,1.6895257156163048,47,47,192,716,18,1.0,2.3620314381495375,0.0008038892691902814,0.9335293736997908,0.6200682729730315,0.9734574641239184,0.0005358898779377341,1.4242528676986694,0.45180040629082896,0.3788906407423159,0
c6,C_hard_maze,23,euclidean,,,0.0,128,1,1.8829201019843527,0.9999999999999999,1.882920101984353,126,126,192,714,23,1.0,1.0016777914181703,0.0,0.5037369498299137,0.24672917117369939,0.9208844234055829,0.0,1.0016777914181703,0.5037369498299137,0.24672917117369939,0
c6,C_hard_maze,23,euclidean,,,0.0,144,1,1.8829201019843527,0.9999999999999999,1.882920101984353,126,126,192,714,23,1.0,1.0016777914181703,0.0,0.5037369498299137,0.24672917117369939,0.9208844234055829,0.0,1.0016777914181703,0.5037369498299137,0.24672917117369939,0
c6,C_hard_maze,23,euclidean,,,0.0,168,1,1.8829201019843527,0.9999999999999999,1.882920101984353,126,126,192,714,23,1.0,1.0016777914181703,0.0,0.5037369498299137,0.24672917117369939,0.9208844234055829,0.0,1.0016777914181703,0.5037369498299137,0.24672917117369939,0
c6,C_hard_maze,23,grid_oracle,,,0.0,128,1,1.8829201019843527,0.9999999999999999,1.882920101984353,61,61,192,714,23,1.0,2.0029127417569734,0.0017421239381961427,0.8632579449498318,0.516577121398107,0.9960173480183383,0.0,2.051507258691899,0.9080381993770763,0.5158673505693706,0
c6,C_hard_maze,23,grid_oracle,,,0.0,144,1,1.8829201019843527,0.9999999999999999,1.882920101984353,61,61,192,714,23,1.0,2.0029127417569734,0.0017421239381961427,0.8632579449498318,0.516577121398107,0.9960173480183383,0.0,2.051507258691899,0.9080381993770763,0.5158673505693706,0
c6,C_hard_maze,23,grid_oracle,,,0.0,168,1,1.8829201019843527,0.9999999999999999,1.882920101984353,61,61,192,714,23,1.0,2.0029127417569734,0.0017421239381961427,0.8632579449498318,0.516577121398107,0.9960173480183383,0.0,2.051507258691899,0.9080381993770763,0.5158673505693706,0
c6,C_hard_maze,23,unet,unet,,0.0,128,1,1.8959373167606854,1.0069133123400267,1.882920101984353,67,67,192,714,23,1.0,2.235471491704941,0.05995572971226531,0.9536369866040345,0.5861652886948352,0.9873619889862465,0.026734596118330956,1.4566494226455688,0.4926579737634711,0.3549607246435284,0
c6,C_hard_maze,23,unet,unet,,0.0,144,1,1.8959373167606854,1.0069133123400267,1.882920101984353,67,67,192,714,23,1.0,2.235471491704941,0.05995572971226531,0.9536369866040345,0.5861652886948352,0.9873619889862465,0.026734596118330956,1.4566494226455688,0.4926579737634711,0.3549607246435284,0
c6,C_hard_maze,23,unet,unet,,0.0,168,1,1.8959373167606854,1.0069133123400267,1.882920101984353,67,67,192,714,23,1.0,2.235471491704941,0.05995572971226531,0.9536369866040345,0.5861652886948352,0.9873619889862465,0.026734596118330956,1.4566494226455688,0.4926579737634711,0.3549607246435284,0
c6,C_hard_maze,23,onlstm,onlstm,,0.0,128,1,1.8834134080263112,1.0002619898961398,1.882920101984353,90,90,192,714,23,1.0,2.0095788089666717,0.010967757980228227,0.9180445478237433,0.5825916642142963,0.92517904131514,0.009012682363390923,1.1317681074142456,0.4525037678379249,0.337434760913656,0
c6,C_hard_maze,23,onlstm,onlstm,,0.0,144,1,1.8834134080263112,1.0002619898961398,1.882920101984353,90,90,192,714,23,1.0,2.0095788089666717,0.010967757980228227,0.9180445478237433,0.5825916642142963,0.92517904131514,0.009012682363390923,1.1317681074142456,0.4525037678379249,0.337434760913656,0
c6,C_hard_maze,23,onlstm,onlstm,,0.0,168,1,1.8834134080263112,1.0002619898961398,1.882920101984353,90,90,192,714,23,1.0,2.0095788089666717,0.010967757980228227,0.9180445478237433,0.5825916642142963,0.92517904131514,0.009012682363390923,1.1317681074142456,0.4525037678379249,0.337434760913656,0
c6,C_hard_maze,23,hrm,hrm,,0.0,128,1,1.8829201019843527,0.9999999999999999,1.882920101984353,63,63,192,714,23,1.0,2.3131675283390876,0.0006528096550914083,0.9296158768167363,0.6212022641545316,0.975732780837154,0.00046151436981745064,1.4734681844711304,0.46186250397318673,0.37464148025746813,0
c6,C_hard_maze,23,hrm,hrm,,0.0,144,1,1.8829201019843527,0.9999999999999999,1.882920101984353,63,63,192,714,23,1.0,2.3131675283390876,0.0006528096550914083,0.9296158768167363,0.6212022641545316,0.975732780837154,0.00046151436981745064,1.4734681844711304,0.46186250397318673,0.37464148025746813,0
c6,C_hard_maze,23,hrm,hrm,,0.0,168,1,1.8829201019843527,0.9999999999999999,1.882920101984353,63,63,192,714,23,1.0,2.3131675283390876,0.0006528096550914083,0.9296158768167363,0.6212022641545316,0.975732780837154,0.00046151436981745064,1.4734681844711304,0.46186250397318673,0.37464148025746813,0
c6,C_hard_maze,24,euclidean,,,0.0,128,0,nan,nan,1.8330527262465348,128,128,192,697,16,1.0,1.0627835084958543,0.0,0.5520019074464297,0.2557623202486345,0.9262268399207878,0.0,1.0627835084958543,0.5520019074464297,0.2557623202486345,0
c6,C_hard_maze,24,euclidean,,,0.0,144,1,1.8330527262465353,1.0000000000000002,1.8330527262465348,136,136,192,697,16,1.0,1.0627835084958543,0.0,0.5520019074464297,0.2557623202486345,0.9262268399207878,0.0,1.0627835084958543,0.5520019074464297,0.2557623202486345,0
c6,C_hard_maze,24,euclidean,,,0.0,168,1,1.8330527262465353,1.0000000000000002,1.8330527262465348,136,136,192,697,16,1.0,1.0627835084958543,0.0,0.5520019074464297,0.2557623202486345,0.9262268399207878,0.0,1.0627835084958543,0.5520019074464297,0.2557623202486345,0
c6,C_hard_maze,24,grid_oracle,,,0.0,128,1,1.8399392697286836,1.0037568714655851,1.8330527262465348,95,95,192,697,16,1.0,2.0964183999065322,0.005432055996667544,0.8952543169418362,0.5202263535799436,0.9900560860483412,0.0,2.1570909979556605,0.9216265304418226,0.5282184769028744,0
c6,C_hard_maze,24,grid_oracle,,,0.0,144,1,1.8399392697286836,1.0037568714655851,1.8330527262465348,95,95,192,697,16,1.0,2.0964183999065322,0.005432055996667544,0.8952543169418362,0.5202263535799436,0.9900560860483412,0.0,2.1570909979556605,0.9216265304418226,0.5282184769028744,0
c6,C_hard_maze,24,grid_oracle,,,0.0,168,1,1.8399392697286836,1.0037568714655851,1.8330527262465348,95,95,192,697,16,1.0,2.0964183999065322,0.005432055996667544,0.8952543169418362,0.5202263535799436,0.9900560860483412,0.0,2.1570909979556605,0.9216265304418226,0.5282184769028744,0
c6,C_hard_maze,24,unet,unet,,0.0,128,1,1.8604338219935133,1.0149374294339288,1.8330527262465348,73,73,192,697,16,1.0,2.330160129117361,0.0634797249951756,1.026307395080807,0.5938593073098966,0.9801833817106584,0.02659476548433304,1.3987486362457275,0.49775505227307804,0.3618990240089843,0
c6,C_hard_maze,24,unet,unet,,0.0,144,1,1.8604338219935133,1.0149374294339288,1.8330527262465348,73,73,192,697,16,1.0,2.330160129117361,0.0634797249951756,1.026307395080807,0.5938593073098966,0.9801833817106584,0.02659476548433304,1.3987486362457275,0.49775505227307804,0.3618990240089843,0
c6,C_hard_maze,24,unet,unet,,0.0,168,1,1.8604338219935133,1.0149374294339288,1.8330527262465348,73,73,192,697,16,1.0,2.330160129117361,0.0634797249951756,1.026307395080807,0.5938593073098966,0.9801833817106584,0.02659476548433304,1.3987486362457275,0.49775505227307804,0.3618990240089843,0
c6,C_hard_maze,24,onlstm,onlstm,,0.0,128,1,1.9053951154741546,1.0394655255638785,1.8330527262465348,94,94,192,697,16,1.0,2.0367693599519385,0.019257320162521234,1.0439220995366176,0.6002669070882998,0.9283936467460598,0.010820462368428707,1.1274971961975098,0.500276807481896,0.35068959409001166,0
c6,C_hard_maze,24,onlstm,onlstm,,0.0,144,1,1.9053951154741546,1.0394655255638785,1.8330527262465348,94,94,192,697,16,1.0,2.0367693599519385,0.019257320162521234,1.0439220995366176,0.6002669070882998,0.9283936467460598,0.010820462368428707,1.1274971961975098,0.500276807481896,0.35068959409001166,0
c6,C_hard_maze,24,onlstm,onlstm,,0.0,168,1,1.9053951154741546,1.0394655255638785,1.8330527262465348,94,94,192,697,16,1.0,2.0367693599519385,0.019257320162521234,1.0439220995366176,0.6002669070882998,0.9283936467460598,0.010820462368428707,1.1274971961975098,0.500276807481896,0.35068959409001166,0
c6,C_hard_maze,24,hrm,hrm,,0.0,128,1,1.8462545037607438,1.0072020718908843,1.8330527262465348,71,71,192,697,16,1.0,2.4062186126686522,0.00046695642362999527,1.0040954407108027,0.6205863500593437,0.9682845943086564,0.00043356860987842083,1.4753319025039673,0.47175795861150505,0.3722972860691235,0
c6,C_hard_maze,24,hrm,hrm,,0.0,144,1,1.8462545037607438,1.0072020718908843,1.8330527262465348,71,71,192,697,16,1.0,2.4062186126686522,0.00046695642362999527,1.0040954407108027,0.6205863500593437,0.9682845943086564,0.00043356860987842083,1.4753319025039673,0.47175795861150505,0.3722972860691235,0
c6,C_hard_maze,24,hrm,hrm,,0.0,168,1,1.8462545037607438,1.0072020718908843,1.8330527262465348,71,71,192,697,16,1.0,2.4062186126686522,0.00046695642362999527,1.0040954407108027,0.6205863500593437,0.9682845943086564,0.00043356860987842083,1.4753319025039673,0.47175795861150505,0.3722972860691235,0
c6,C_hard_maze,25,euclidean,,,0.0,128,0,nan,nan,2.1651419197074877,128,128,192,717,18,1.0,0.9627776624738571,0.0,0.5298827436191282,0.2287583144648265,0.9061965927895181,0.0,0.9627776624738571,0.5298827436191282,0.2287583144648265,0
c6,C_hard_maze,25,euclidean,,,0.0,144,0,nan,nan,2.1651419197074877,144,144,192,717,18,1.0,0.9627776624738571,0.0,0.5298827436191282,0.2287583144648265,0.9061965927895181,0.0,0.9627776624738571,0.5298827436191282,0.2287583144648265,0
c6,C_hard_maze,25,euclidean,,,0.0,168,1,2.1651419197074873,0.9999999999999998,2.1651419197074877,161,161,192,717,18,1.0,0.9627776624738571,0.0,0.5298827436191282,0.2287583144648265,0.9061965927895181,0.0,0.9627776624738571,0.5298827436191282,0.2287583144648265,0
c6,C_hard_maze,25,grid_oracle,,,0.0,128,0,nan,nan,2.1651419197074877,128,128,192,717,18,1.0,1.8671053121201031,0.010285710045708754,0.8952704186190427,0.4792095821535035,0.9808903914494209,0.0,1.9291880848677403,0.838570424221556,0.4903624078307102,0
c6,C_hard_maze,25,grid_oracle,,,0.0,144,0,nan,nan,2.1651419197074877,144,144,192,717,18,1.0,1.8671053121201031,0.010285710045708754,0.8952704186190427,0.4792095821535035,0.9808903914494209,0.0,1.9291880848677403,0.838570424221556,0.4903624078307102,0
c6,C_hard_maze,25,grid_oracle,,,0.0,168,1,2.174013864165469,1.0040976272165936,2.1651419197074877,155,155,192,717,18,1.0,1.8671053121201031,0.010285710045708754,0.8952704186190427,0.4792095821535035,0.9808903914494209,0.0,1.9291880848677403,0.838570424221556,0.4903624078307102,0
c6,C_hard_maze,25,unet,unet,,0.0,128,0,nan,nan,2.1651419197074877,128,128,192,717,18,1.0,2.162001570964466,0.051916479565164216,1.0335811655241884,0.5349071119603543,0.9831657081626565,0.018275011330842972,1.3407347202301025,0.4750167844385942,0.3317489564655991,0
c6,C_hard_maze,25,unet,unet,,0.0,144,1,2.1806536497881583,1.007164301766771,2.1651419197074877,144,144,192,717,18,1.0,2.162001570964466,0.051916479565164216,1.0335811655241884,0.5349071119603543,0.9831657081626565,0.018275011330842972,1.3407347202301025,0.4750167844385942,0.3317489564655991,0
c6,C_hard_maze,25,unet,unet,,0.0,168,1,2.1806536497881583,1.007164301766771,2.1651419197074877,144,144,192,717,18,1.0,2.162001570964466,0.051916479565164216,1.0335811655241884,0.5349071119603543,0.9831657081626565,0.018275011330842972,1.3407347202301025,0.4750167844385942,0.3317489564655991,0
c6,C_hard_maze,25,onlstm,onlstm,,0.0,128,0,nan,nan,2.1651419197074877,128,128,192,717,18,1.0,1.9560346284887329,0.028797261220647772,1.0071432236472357,0.5420350871181548,0.9271033963594933,0.018119798973202705,1.0531710386276245,0.4434230705128357,0.3098635009477363,0
c6,C_hard_maze,25,onlstm,onlstm,,0.0,144,0,nan,nan,2.1651419197074877,144,144,192,717,18,1.0,1.9560346284887329,0.028797261220647772,1.0071432236472357,0.5420350871181548,0.9271033963594933,0.018119798973202705,1.0531710386276245,0.4434230705128357,0.3098635009477363,0
c6,C_hard_maze,25,onlstm,onlstm,,0.0,168,1,2.2471931238977905,1.0378964553978929,2.1651419197074877,156,156,192,717,18,1.0,1.9560346284887329,0.028797261220647772,1.0071432236472357,0.5420350871181548,0.9271033963594933,0.018119798973202705,1.0531710386276245,0.4434230705128357,0.3098635009477363,0
c6,C_hard_maze,25,hrm,hrm,,0.0,128,0,nan,nan,2.1651419197074877,128,128,192,717,18,1.0,2.319110410698255,0.0005718197448790485,1.015091701593666,0.6028385484686588,0.9609957816781056,0.00045570541988126934,1.4000396728515625,0.45113136142419563,0.3811480158687992,0
c6,C_hard_maze,25,hrm,hrm,,0.0,144,1,2.1739756848377154,1.0040799935790912,2.1651419197074877,134,134,192,717,18,1.0,2.319110410698255,0.0005718197448790485,1.015091701593666,0.6028385484686588,0.9609957816781056,0.00045570541988126934,1.4000396728515625,0.45113136142419563,0.3811480158687992,0
c6,C_hard_maze,25,hrm,hrm,,0.0,168,1,2.1739756848377154,1.0040799935790912,2.1651419197074877,134,134,192,717,18,1.0,2.319110410698255,0.0005718197448790485,1.015091701593666,0.6028385484686588,0.9609957816781056,0.00045570541988126934,1.4000396728515625,0.45113136142419563,0.3811480158687992,0
c6,C_hard_maze,26,euclidean,,,0.0,128,0,nan,nan,2.694089748539852,128,128,192,659,25,1.0,0.9956345054778596,0.0,0.5438887235776216,0.2304001676564515,0.7559256571630091,0.0,0.9956345054778596,0.5438887235776216,0.2304001676564515,0
c6,C_hard_maze,26,euclidean,,,0.0,144,1,2.694089748539852,1.0,2.694089748539852,135,135,192,659,25,1.0,0.9956345054778596,0.0,0.5438887235776216,0.2304001676564515,0.7559256571630091,0.0,0.9956345054778596,0.5438887235776216,0.2304001676564515,0
c6,C_hard_maze,26,euclidean,,,0.0,168,1,2.694089748539852,1.0,2.694089748539852,135,135,192,659,25,1.0,0.9956345054778596,0.0,0.5438887235776216,0.2304001676564515,0.7559256571630091,0.0,0.9956345054778596,0.5438887235776216,0.2304001676564515,0
c6,C_hard_maze,26,grid_oracle,,,0.0,128,0,nan,nan,2.694089748539852,128,128,192,659,25,1.0,2.284771824131501,0.01007377785275,1.1406548938165155,0.5580027415911775,0.8785011393538237,0.0,2.284771824131501,1.0450504985005018,0.5711992601637147,0
c6,C_hard_maze,26,grid_oracle,,,0.0,144,1,2.6963892199282227,1.0008535244193766,2.694089748539852,132,132,192,659,25,1.0,2.284771824131501,0.01007377785275,1.1406548938165155,0.5580027415911775,0.8785011393538237,0.0,2.284771824131501,1.0450504985005018,0.5711992601637147,0
c6,C_hard_maze,26,grid_oracle,,,0.0,168,1,2.6963892199282227,1.0008535244193766,2.694089748539852,132,132,192,659,25,1.0,2.284771824131501,0.01007377785275,1.1406548938165155,0.5580027415911775,0.8785011393538237,0.0,2.284771824131501,1.0450504985005018,0.5711992601637147,0
c6,C_hard_maze,26,unet,unet,,0.0,128,0,nan,nan,2.694089748539852,128,128,192,659,25,1.0,2.0734497576712725,0.046722441443202964,1.052416282554132,0.5314654478653729,0.8138919784065324,0.020305568352341652,1.2382882833480835,0.47803457099507796,0.3291660723165315,0
c6,C_hard_maze,26,unet,unet,,0.0,144,1,2.6963892199282227,1.0008535244193766,2.694089748539852,134,134,192,659,25,1.0,2.0734497576712725,0.046722441443202964,1.052416282554132,0.5314654478653729,0.8138919784065324,0.020305568352341652,1.2382882833480835,0.47803457099507796,0.3291660723165315,0
c6,C_hard_maze,26,unet,unet,,0.0,168,1,2.6963892199282227,1.0008535244193766,2.694089748539852,134,134,192,659,25,1.0,2.0734497576712725,0.046722441443202964,1.052416282554132,0.5314654478653729,0.8138919784065324,0.020305568352341652,1.2382882833480835,0.47803457099507796,0.3291660723165315,0
c6,C_hard_maze,26,onlstm,onlstm,,0.0,128,0,nan,nan,2.694089748539852,128,128,192,659,25,1.0,1.8806926188711002,0.031194853294390368,1.0482840135250229,0.528800962016362,0.7911320294061798,0.021549923345446587,1.031619906425476,0.4517978963654059,0.31186330159514647,0
c6,C_hard_maze,26,onlstm,onlstm,,0.0,144,1,2.695806414832932,1.000637197143863,2.694089748539852,131,131,192,659,25,1.0,1.8806926188711002,0.031194853294390368,1.0482840135250229,0.528800962016362,0.7911320294061798,0.021549923345446587,1.031619906425476,0.4517978963654059,0.31186330159514647,0
c6,C_hard_maze,26,onlstm,onlstm,,0.0,168,1,2.695806414832932,1.000637197143863,2.694089748539852,131,131,192,659,25,1.0,1.8806926188711002,0.031194853294390368,1.0482840135250229,0.528800962016362,0.7911320294061798,0.021549923345446587,1.031619906425476,0.4517978963654059,0.31186330159514647,0
c6,C_hard_maze,26,hrm,hrm,,0.0,128,0,nan,nan,2.694089748539852,128,128,192,659,25,1.0,2.196918466879046,0.0009834059939694407,1.0310002864881707,0.5978346809729178,0.8017151344166238,0.000839749991428107,1.4139127731323242,0.4445180705222782,0.3825333654178839,0
c6,C_hard_maze,26,hrm,hrm,,0.0,144,1,2.695806414832932,1.000637197143863,2.694089748539852,135,135,192,659,25,1.0,2.196918466879046,0.0009834059939694407,1.0310002864881707,0.5978346809729178,0.8017151344166238,0.000839749991428107,1.4139127731323242,0.4445180705222782,0.3825333654178839,0
c6,C_hard_maze,26,hrm,hrm,,0.0,168,1,2.695806414832932,1.000637197143863,2.694089748539852,135,135,192,659,25,1.0,2.196918466879046,0.0009834059939694407,1.0310002864881707,0.5978346809729178,0.8017151344166238,0.000839749991428107,1.4139127731323242,0.4445180705222782,0.3825333654178839,0
c6,C_hard_maze,27,euclidean,,,0.0,128,0,nan,nan,2.6592636879175897,128,128,192,711,16,1.0,0.9871127566300657,0.0,0.5058335859023321,0.24472837007355822,0.8720024143450072,0.0,0.9871127566300657,0.5058335859023321,0.24472837007355822,0
c6,C_hard_maze,27,euclidean,,,0.0,144,0,nan,nan,2.6592636879175897,144,144,192,711,16,1.0,0.9871127566300657,0.0,0.5058335859023321,0.24472837007355822,0.8720024143450072,0.0,0.9871127566300657,0.5058335859023321,0.24472837007355822,0
c6,C_hard_maze,27,euclidean,,,0.0,168,1,2.6592636879175897,1.0,2.6592636879175897,147,147,192,711,16,1.0,0.9871127566300657,0.0,0.5058335859023321,0.24472837007355822,0.8720024143450072,0.0,0.9871127566300657,0.5058335859023321,0.24472837007355822,0
c6,C_hard_maze,27,grid_oracle,,,0.0,128,0,nan,nan,2.6592636879175897,128,128,192,711,16,1.0,2.0871721948036965,0.008525104046161698,0.8999848147878362,0.5429923095622102,0.9772044461926594,0.0,2.1204793456039788,0.9409429707476183,0.5368093090038889,0
c6,C_hard_maze,27,grid_oracle,,,0.0,144,0,nan,nan,2.6592636879175897,144,144,192,711,16,1.0,2.0871721948036965,0.008525104046161698,0.8999848147878362,0.5429923095622102,0.9772044461926594,0.0,2.1204793456039788,0.9409429707476183,0.5368093090038889,0
c6,C_hard_maze,27,grid_oracle,,,0.0,168,1,2.6675812320171453,1.003127762070887,2.6592636879175897,146,146,192,711,16,1.0,2.0871721948036965,0.008525104046161698,0.8999848147878362,0.5429923095622102,0.9772044461926594,0.0,2.1204793456039788,0.9409429707476183,0.5368093090038889,0
c6,C_hard_maze,27,unet,unet,,0.0,128,0,nan,nan,2.6592636879175897,128,128,192,711,16,1.0,2.238436863983712,0.05469555056763277,0.9740356125543762,0.5858907889858669,0.9624504923636168,0.02805476449429989,1.359809160232544,0.4995132543822365,0.3559838467706905,0
c6,C_hard_maze,27,unet,unet,,0.0,144,1,2.6592636879175897,1.0,2.6592636879175897,142,142,192,711,16,1.0,2.238436863983712,0.05469555056763277,0.9740356125543762,0.5858907889858669,0.9624504923636168,0.02805476449429989,1.359809160232544,0.4995132543822365,0.3559838467706905,0
c6,C_hard_maze,27,unet,unet,,0.0,168,1,2.6592636879175897,1.0,2.6592636879175897,142,142,192,711,16,1.0,2.238436863983712,0.05469555056763277,0.9740356125543762,0.5858907889858669,0.9624504923636168,0.02805476449429989,1.359809160232544,0.4995132543822365,0.3559838467706905,0
c6,C_hard_maze,27,onlstm,onlstm,,0.0,128,0,nan,nan,2.6592636879175897,128,128,192,711,16,1.0,2.000283688531746,0.013565341935386617,0.9368123202990413,0.57648882451319,0.896744364267694,0.009814568795263767,1.0824319124221802,0.4558235093932126,0.3394092801579604,0
c6,C_hard_maze,27,onlstm,onlstm,,0.0,144,1,2.720168061091526,1.0229027205728625,2.6592636879175897,141,141,192,711,16,1.0,2.000283688531746,0.013565341935386617,0.9368123202990413,0.57648882451319,0.896744364267694,0.009814568795263767,1.0824319124221802,0.4558235093932126,0.3394092801579604,0
c6,C_hard_maze,27,onlstm,onlstm,,0.0,168,1,2.720168061091526,1.0229027205728625,2.6592636879175897,141,141,192,711,16,1.0,2.000283688531746,0.013565341935386617,0.9368123202990413,0.57648882451319,0.896744364267694,0.009814568795263767,1.0824319124221802,0.4558235093932126,0.3394092801579604,0
c6,C_hard_maze,27,hrm,hrm,,0.0,128,0,nan,nan,2.6592636879175897,128,128,192,711,16,1.0,2.377986290144046,0.0008908669984921526,0.9391883090208202,0.6091373961563129,0.9474235683476658,0.0005306164384819567,1.4367570877075195,0.4583050629007204,0.3712114432975818,0
c6,C_hard_maze,27,hrm,hrm,,0.0,144,1,2.668076211829887,1.0033138962308767,2.6592636879175897,142,142,192,711,16,1.0,2.377986290144046,0.0008908669984921526,0.9391883090208202,0.6091373961563129,0.9474235683476658,0.0005306164384819567,1.4367570877075195,0.4583050629007204,0.3712114432975818,0
c6,C_hard_maze,27,hrm,hrm,,0.0,168,1,2.668076211829887,1.0033138962308767,2.6592636879175897,142,142,192,711,16,1.0,2.377986290144046,0.0008908669984921526,0.9391883090208202,0.6091373961563129,0.9474235683476658,0.0005306164384819567,1.4367570877075195,0.4583050629007204,0.3712114432975818,0
c6,C_hard_maze,28,euclidean,,,0.0,128,1,2.002830010593567,1.0000000000000002,2.0028300105935664,125,125,192,685,22,1.0,1.0354417027499472,0.0,0.5359847790088998,0.2435991158050832,0.9359554295635192,0.0,1.0354417027499472,0.5359847790088998,0.2435991158050832,0
c6,C_hard_maze,28,euclidean,,,0.0,144,1,2.002830010593567,1.0000000000000002,2.0028300105935664,125,125,192,685,22,1.0,1.0354417027499472,0.0,0.5359847790088998,0.2435991158050832,0.9359554295635192,0.0,1.0354417027499472,0.5359847790088998,0.2435991158050832,0
c6,C_hard_maze,28,euclidean,,,0.0,168,1,2.002830010593567,1.0000000000000002,2.0028300105935664,125,125,192,685,22,1.0,1.0354417027499472,0.0,0.5359847790088998,0.2435991158050832,0.9359554295635192,0.0,1.0354417027499472,0.5359847790088998,0.2435991158050832,0
c6,C_hard_maze,28,grid_oracle,,,0.0,128,1,2.0047887830307194,1.000978002340085,2.0028300105935664,86,86,192,685,22,1.0,2.231588955253493,0.009037496262445288,0.9527900787545195,0.6117114670679183,0.9865447738925212,0.0,2.332757258691899,0.9817120108531748,0.6334835774751473,0
c6,C_hard_maze,28,grid_oracle,,,0.0,144,1,2.0047887830307194,1.000978002340085,2.0028300105935664,86,86,192,685,22,1.0,2.231588955253493,0.009037496262445288,0.9527900787545195,0.6117114670679183,0.9865447738925212,0.0,2.332757258691899,0.9817120108531748,0.6334835774751473,0
c6,C_hard_maze,28,grid_oracle,,,0.0,168,1,2.0047887830307194,1.000978002340085,2.0028300105935664,86,86,192,685,22,1.0,2.231588955253493,0.009037496262445288,0.9527900787545195,0.6117114670679183,0.9865447738925212,0.0,2.332757258691899,0.9817120108531748,0.6334835774751473,0
c6,C_hard_maze,28,unet,unet,,0.0,128,1,2.0155136265710123,1.0063328469767072,2.0028300105935664,88,88,192,685,22,1.0,2.0832470565207886,0.04425210155272872,0.9914016444111602,0.5454308217687694,0.9845848140411796,0.022448936477303505,1.2482843399047852,0.4850297598045472,0.33441021208289246,0
c6,C_hard_maze,28,unet,unet,,0.0,144,1,2.0155136265710123,1.0063328469767072,2.0028300105935664,88,88,192,685,22,1.0,2.0832470565207886,0.04425210155272872,0.9914016444111602,0.5454308217687694,0.9845848140411796,0.022448936477303505,1.2482843399047852,0.4850297598045472,0.33441021208289246,0
c6,C_hard_maze,28,unet,unet,,0.0,168,1,2.0155136265710123,1.0063328469767072,2.0028300105935664,88,88,192,685,22,1.0,2.0832470565207886,0.04425210155272872,0.9914016444111602,0.5454308217687694,0.9845848140411796,0.022448936477303505,1.2482843399047852,0.4850297598045472,0.33441021208289246,0
c6,C_hard_maze,28,onlstm,onlstm,,0.0,128,1,2.0568325395627407,1.0269631115389417,2.0028300105935664,100,100,192,685,22,1.0,1.9686515222154617,0.03451658005594294,1.0214114756742199,0.5639747571887045,0.9545936982882567,0.020829973742365837,1.1121368408203125,0.5089013689248532,0.32401854404911856,0
c6,C_hard_maze,28,onlstm,onlstm,,0.0,144,1,2.0568325395627407,1.0269631115389417,2.0028300105935664,100,100,192,685,22,1.0,1.9686515222154617,0.03451658005594294,1.0214114756742199,0.5639747571887045,0.9545936982882567,0.020829973742365837,1.1121368408203125,0.5089013689248532,0.32401854404911856,0
c6,C_hard_maze,28,onlstm,onlstm,,0.0,168,1,2.0568325395627407,1.0269631115389417,2.0028300105935664,100,100,192,685,22,1.0,1.9686515222154617,0.03451658005594294,1.0214114756742199,0.5639747571887045,0.9545936982882567,0.020829973742365837,1.1121368408203125,0.5089013689248532,0.32401854404911856,0
c6,C_hard_maze,28,hrm,hrm,,0.0,128,1,2.0155136265710123,1.0063328469767072,2.0028300105935664,84,84,192,685,22,1.0,2.275280515002984,0.000603806052685634,0.9623185222053016,0.6005557179078657,0.9700021023790795,0.0004799726593773812,1.433961272239685,0.455149979410443,0.37936156468462,0
c6,C_hard_maze,28,hrm,hrm,,0.0,144,1,2.0155136265710123,1.0063328469767072,2.0028300105935664,84,84,192,685,22,1.0,2.275280515002984,0.000603806052685634,0.9623185222053016,0.6005557179078657,0.9700021023790795,0.0004799726593773812,1.433961272239685,0.455149979410443,0.37936156468462,0
c6,C_hard_maze,28,hrm,hrm,,0.0,168,1,2.0155136265710123,1.0063328469767072,2.0028300105935664,84,84,192,685,22,1.0,2.275280515002984,0.000603806052685634,0.9623185222053016,0.6005557179078657,0.9700021023790795,0.0004799726593773812,1.433961272239685,0.455149979410443,0.37936156468462,0
c6,C_hard_maze,29,euclidean,,,0.0,128,0,nan,nan,2.088334223761503,128,128,192,708,23,1.0,1.060074553275002,0.0,0.5415835012104385,0.24254830962890447,0.9070375444212355,0.0,1.060074553275002,0.5415835012104385,0.24254830962890447,0
c6,C_hard_maze,29,euclidean,,,0.0,144,0,nan,nan,2.088334223761503,144,144,192,708,23,1.0,1.060074553275002,0.0,0.5415835012104385,0.24254830962890447,0.9070375444212355,0.0,1.060074553275002,0.5415835012104385,0.24254830962890447,0
c6,C_hard_maze,29,euclidean,,,0.0,168,1,2.088334223761503,1.0,2.088334223761503,147,147,192,708,23,1.0,1.060074553275002,0.0,0.5415835012104385,0.24254830962890447,0.9070375444212355,0.0,1.060074553275002,0.5415835012104385,0.24254830962890447,0
c6,C_hard_maze,29,grid_oracle,,,0.0,128,1,2.088334223761503,1.0,2.088334223761503,86,86,192,708,23,1.0,2.4623933238059843,0.007681463738222735,1.032417666145194,0.595137895725306,0.9975466592518245,0.0,2.4760630848677403,1.0608521355891098,0.6214630554561286,0
c6,C_hard_maze,29,grid_oracle,,,0.0,144,1,2.088334223761503,1.0,2.088334223761503,86,86,192,708,23,1.0,2.4623933238059843,0.007681463738222735,1.032417666145194,0.595137895725306,0.9975466592518245,0.0,2.4760630848677403,1.0608521355891098,0.6214630554561286,0
c6,C_hard_maze,29,grid_oracle,,,0.0,168,1,2.088334223761503,1.0,2.088334223761503,86,86,192,708,23,1.0,2.4623933238059843,0.007681463738222735,1.032417666145194,0.595137895725306,0.9975466592518245,0.0,2.4760630848677403,1.0608521355891098,0.6214630554561286,0
c6,C_hard_maze,29,unet,unet,,0.0,128,1,2.1086914953312554,1.0097480907692473,2.088334223761503,110,110,192,708,23,1.0,2.3727343705076063,0.057252026137477666,1.0069356561518414,0.5681099224728181,0.9736405745598569,0.024944091215729713,1.4554431438446045,0.4936031036431814,0.3590432664154516,0
c6,C_hard_maze,29,unet,unet,,0.0,144,1,2.1086914953312554,1.0097480907692473,2.088334223761503,110,110,192,708,23,1.0,2.3727343705076063,0.057252026137477666,1.0069356561518414,0.5681099224728181,0.9736405745598569,0.024944091215729713,1.4554431438446045,0.4936031036431814,0.3590432664154516,0
c6,C_hard_maze,29,unet,unet,,0.0,168,1,2.1086914953312554,1.0097480907692473,2.088334223761503,110,110,192,708,23,1.0,2.3727343705076063,0.057252026137477666,1.0069356561518414,0.5681099224728181,0.9736405745598569,0.024944091215729713,1.4554431438446045,0.4936031036431814,0.3590432664154516,0
c6,C_hard_maze,29,onlstm,onlstm,,0.0,128,1,2.198196393777276,1.0526075609764656,2.088334223761503,102,102,192,708,23,1.0,2.0604269997155473,0.017783851922835762,1.0067906367689634,0.5695571197606922,0.917973306567561,0.011981780640780926,1.1337441205978394,0.47934752303490313,0.34889176960587653,0
c6,C_hard_maze,29,onlstm,onlstm,,0.0,144,1,2.198196393777276,1.0526075609764656,2.088334223761503,102,102,192,708,23,1.0,2.0604269997155473,0.017783851922835762,1.0067906367689634,0.5695571197606922,0.917973306567561,0.011981780640780926,1.1337441205978394,0.47934752303490313,0.34889176960587653,0
c6,C_hard_maze,29,onlstm,onlstm,,0.0,168,1,2.198196393777276,1.0526075609764656,2.088334223761503,102,102,192,708,23,1.0,2.0604269997155473,0.017783851922835762,1.0067906367689634,0.5695571197606922,0.917973306567561,0.011981780640780926,1.1337441205978394,0.47934752303490313,0.34889176960587653,0
c6,C_hard_maze,29,hrm,hrm,,0.0,128,1,2.124334006748744,1.0172385160275728,2.088334223761503,96,96,192,708,23,1.0,2.399085194941007,0.0007297971814658982,0.9806806794987626,0.5886477998794335,0.9640323630740854,0.0005111580830998719,1.4092124700546265,0.4603888524720503,0.3695300930387837,0
c6,C_hard_maze,29,hrm,hrm,,0.0,144,1,2.124334006748744,1.0172385160275728,2.088334223761503,96,96,192,708,23,1.0,2.399085194941007,0.0007297971814658982,0.9806806794987626,0.5886477998794335,0.9640323630740854,0.0005111580830998719,1.4092124700546265,0.4603888524720503,0.3695300930387837,0
c6,C_hard_maze,29,hrm,hrm,,0.0,168,1,2.124334006748744,1.0172385160275728,2.088334223761503,96,96,192,708,23,1.0,2.399085194941007,0.0007297971814658982,0.9806806794987626,0.5886477998794335,0.9640323630740854,0.0005111580830998719,1.4092124700546265,0.4603888524720503,0.3695300930387837,0
c6,C_hard_maze,30,euclidean,,,0.0,128,0,nan,nan,2.1345266368383444,128,128,192,687,17,1.0,1.0227546672013252,0.0,0.5859759455786638,0.24852567878948587,0.8953388221251661,0.0,1.0227546672013252,0.5859759455786638,0.24852567878948587,0
c6,C_hard_maze,30,euclidean,,,0.0,144,0,nan,nan,2.1345266368383444,144,144,192,687,17,1.0,1.0227546672013252,0.0,0.5859759455786638,0.24852567878948587,0.8953388221251661,0.0,1.0227546672013252,0.5859759455786638,0.24852567878948587,0
c6,C_hard_maze,30,euclidean,,,0.0,168,1,2.1345266368383444,1.0,2.1345266368383444,165,165,192,687,17,1.0,1.0227546672013252,0.0,0.5859759455786638,0.24852567878948587,0.8953388221251661,0.0,1.0227546672013252,0.5859759455786638,0.24852567878948587,0
c6,C_hard_maze,30,grid_oracle,,,0.0,128,0,nan,nan,2.1345266368383444,128,128,192,687,17,1.0,1.933705004005808,0.00744218434419531,1.0522413539211792,0.4803739462637174,0.987919797629059,0.0,1.9863264325160583,0.9946662955705824,0.4946047335988048,0
c6,C_hard_maze,30,grid_oracle,,,0.0,144,1,2.1345266368383444,1.0,2.1345266368383444,142,142,192,687,17,1.0,1.933705004005808,0.00744218434419531,1.0522413539211792,0.4803739462637174,0.987919797629059,0.0,1.9863264325160583,0.9946662955705824,0.4946047335988048,0
c6,C_hard_maze,30,grid_oracle,,,0.0,168,1,2.1345266368383444,1.0,2.1345266368383444,142,142,192,687,17,1.0,1.933705004005808,0.00744218434419531,1.0522413539211792,0.4803739462637174,0.987919797629059,0.0,1.9863264325160583,0.9946662955705824,0.4946047335988048,0
c6,C_hard_maze,30,unet,unet,,0.0,128,0,nan,nan,2.1345266368383444,128,128,192,687,17,1.0,2.2489572489876517,0.036538199364472446,1.1044800715107992,0.5639396120869072,0.9740169682337304,0.02026336081326008,1.348827600479126,0.4856512559740622,0.33393588844136207,0
c6,C_hard_maze,30,unet,unet,,0.0,144,0,nan,nan,2.1345266368383444,144,144,192,687,17,1.0,2.2489572489876517,0.036538199364472446,1.1044800715107992,0.5639396120869072,0.9740169682337304,0.02026336081326008,1.348827600479126,0.4856512559740622,0.33393588844136207,0
c6,C_hard_maze,30,unet,unet,,0.0,168,1,2.1345266368383444,1.0,2.1345266368383444,145,145,192,687,17,1.0,2.2489572489876517,0.036538199364472446,1.1044800715107992,0.5639396120869072,0.9740169682337304,0.02026336081326008,1.348827600479126,0.4856512559740622,0.33393588844136207,0
c6,C_hard_maze,30,onlstm,onlstm,,0.0,128,0,nan,nan,2.1345266368383444,128,128,192,687,17,1.0,2.05494416200204,0.02249368637959623,1.1618407547176552,0.5741215768802111,0.9052047445948513,0.017760703340172768,1.1319469213485718,0.5278809010787882,0.32607427104287123,0
c6,C_hard_maze,30,onlstm,onlstm,,0.0,144,0,nan,nan,2.1345266368383444,144,144,192,687,17,1.0,2.05494416200204,0.02249368637959623,1.1618407547176552,0.5741215768802111,0.9052047445948513,0.017760703340172768,1.1319469213485718,0.5278809010787882,0.32607427104287123,0
c6,C_hard_maze,30,onlstm,onlstm,,0.0,168,1,2.1356941266927043,1.000546954923968,2.1345266368383444,161,161,192,687,17,1.0,2.05494416200204,0.02249368637959623,1.1618407547176552,0.5741215768802111,0.9052047445948513,0.017760703340172768,1.1319469213485718,0.5278809010787882,0.32607427104287123,0
c6,C_hard_maze,30,hrm,hrm,,0.0,128,0,nan,nan,2.1345266368383444,128,128,192,687,17,1.0,2.4075827934761342,0.0004926841661109539,1.0903546413622862,0.6049364665546133,0.9607397661611916,0.0004082937666680664,1.4406718015670776,0.4515469918099839,0.3761133915987618,0
c6,C_hard_maze,30,hrm,hrm,,0.0,144,1,2.1774394886656148,1.02010415381409,2.1345266368383444,137,137,192,687,17,1.0,2.4075827934761342,0.0004926841661109539,1.0903546413622862,0.6049364665546133,0.9607397661611916,0.0004082937666680664,1.4406718015670776,0.4515469918099839,0.3761133915987618,0
c6,C_hard_maze,30,hrm,hrm,,0.0,168,1,2.1774394886656148,1.02010415381409,2.1345266368383444,137,137,192,687,17,1.0,2.4075827934761342,0.0004926841661109539,1.0903546413622862,0.6049364665546133,0.9607397661611916,0.0004082937666680664,1.4406718015670776,0.4515469918099839,0.3761133915987618,0
c6,C_hard_maze,31,euclidean,,,0.0,128,0,nan,nan,1.9633145282327749,128,128,192,643,25,1.0,0.9455067907653,0.0,0.5157576841773598,0.23030217087075106,0.9001369937335542,0.0,0.9455067907653,0.5157576841773598,0.23030217087075106,0
c6,C_hard_maze,31,euclidean,,,0.0,144,0,nan,nan,1.9633145282327749,144,144,192,643,25,1.0,0.9455067907653,0.0,0.5157576841773598,0.23030217087075106,0.9001369937335542,0.0,0.9455067907653,0.5157576841773598,0.23030217087075106,0
c6,C_hard_maze,31,euclidean,,,0.0,168,1,1.9633145282327742,0.9999999999999997,1.9633145282327749,149,149,192,643,25,1.0,0.9455067907653,0.0,0.5157576841773598,0.23030217087075106,0.9001369937335542,0.0,0.9455067907653,0.5157576841773598,0.23030217087075106,0
c6,C_hard_maze,31,grid_oracle,,,0.0,128,1,1.968672017738131,1.002728798380654,1.9633145282327749,79,79,192,643,25,1.0,2.2351711502756615,0.004097110893227144,0.9736827971070579,0.5752753162874215,0.9921838971326263,0.0,2.2847718241315014,0.9332522655406758,0.562913565602316,0
c6,C_hard_maze,31,grid_oracle,,,0.0,144,1,1.968672017738131,1.002728798380654,1.9633145282327749,79,79,192,643,25,1.0,2.2351711502756615,0.004097110893227144,0.9736827971070579,0.5752753162874215,0.9921838971326263,0.0,2.2847718241315014,0.9332522655406758,0.562913565602316,0
c6,C_hard_maze,31,grid_oracle,,,0.0,168,1,1.968672017738131,1.002728798380654,1.9633145282327749,79,79,192,643,25,1.0,2.2351711502756615,0.004097110893227144,0.9736827971070579,0.5752753162874215,0.9921838971326263,0.0,2.2847718241315014,0.9332522655406758,0.562913565602316,0
c6,C_hard_maze,31,unet,unet,,0.0,128,1,2.087974925148471,1.0634948680525,1.9633145282327749,93,93,192,643,25,1.0,2.1395343801381848,0.046073994559991775,1.0131332495611953,0.5469250985255445,0.9730030789680711,0.015603291802108288,1.2408030033111572,0.47237276076498347,0.32639863658198853,0
c6,C_hard_maze,31,unet,unet,,0.0,144,1,2.087974925148471,1.0634948680525,1.9633145282327749,93,93,192,643,25,1.0,2.1395343801381848,0.046073994559991775,1.0131332495611953,0.5469250985255445,0.9730030789680711,0.015603291802108288,1.2408030033111572,0.47237276076498347,0.32639863658198853,0
c6,C_hard_maze,31,unet,unet,,0.0,168,1,2.087974925148471,1.0634948680525,1.9633145282327749,93,93,192,643,25,1.0,2.1395343801381848,0.046073994559991775,1.0131332495611953,0.5469250985255445,0.9730030789680711,0.015603291802108288,1.2408030033111572,0.47237276076498347,0.32639863658198853,0
c6,C_hard_maze,31,onlstm,onlstm,,0.0,128,1,2.067286228592486,1.0529572306752595,1.9633145282327749,114,114,192,643,25,1.0,1.9119995710301438,0.03100213280098089,0.9851108045310225,0.5367026158027352,0.9151927406884954,0.02328132465481758,1.0611331462860107,0.44489898897882085,0.3083656516557044,0
c6,C_hard_maze,31,onlstm,onlstm,,0.0,144,1,2.067286228592486,1.0529572306752595,1.9633145282327749,114,114,192,643,25,1.0,1.9119995710301438,0.03100213280098089,0.9851108045310225,0.5367026158027352,0.9151927406884954,0.02328132465481758,1.0611331462860107,0.44489898897882085,0.3083656516557044,0
c6,C_hard_maze,31,onlstm,onlstm,,0.0,168,1,2.067286228592486,1.0529572306752595,1.9633145282327749,114,114,192,643,25,1.0,1.9119995710301438,0.03100213280098089,0.9851108045310225,0.5367026158027352,0.9151927406884954,0.02328132465481758,1.0611331462860107,0.44489898897882085,0.3083656516557044,0
c6,C_hard_maze,31,hrm,hrm,,0.0,128,1,1.9785099881133574,1.0077396971611372,1.9633145282327749,78,78,192,643,25,1.0,2.2595826159726826,0.0009136138494725217,0.9946954146734511,0.5944531737681688,0.9487256870032282,0.0006846557953394949,1.4156100749969482,0.445450405407982,0.3782720295885325,0
c6,C_hard_maze,31,hrm,hrm,,0.0,144,1,1.9785099881133574,1.0077396971611372,1.9633145282327749,78,78,192,643,25,1.0,2.2595826159726826,0.0009136138494725217,0.9946954146734511,0.5944531737681688,0.9487256870032282,0.0006846557953394949,1.4156100749969482,0.445450405407982,0.3782720295885325,0
c6,C_hard_maze,31,hrm,hrm,,0.0,168,1,1.9785099881133574,1.0077396971611372,1.9633145282327749,78,78,192,643,25,1.0,2.2595826159726826,0.0009136138494725217,0.9946954146734511,0.5944531737681688,0.9487256870032282,0.0006846557953394949,1.4156100749969482,0.445450405407982,0.3782720295885325,0
c6,C_hard_maze,32,euclidean,,,0.0,128,0,nan,nan,2.484395865574559,128,128,192,707,24,1.0,1.0742643093721773,0.0,0.5290443308496107,0.2610487260637822,0.8586217887855032,0.0,1.0742643093721773,0.5290443308496107,0.2610487260637822,0
c6,C_hard_maze,32,euclidean,,,0.0,144,0,nan,nan,2.484395865574559,144,144,192,707,24,1.0,1.0742643093721773,0.0,0.5290443308496107,0.2610487260637822,0.8586217887855032,0.0,1.0742643093721773,0.5290443308496107,0.2610487260637822,0
c6,C_hard_maze,32,euclidean,,,0.0,168,1,2.484395865574559,1.0,2.484395865574559,146,146,192,707,24,1.0,1.0742643093721773,0.0,0.5290443308496107,0.2610487260637822,0.8586217887855032,0.0,1.0742643093721773,0.5290443308496107,0.2610487260637822,0
c6,C_hard_maze,32,grid_oracle,,,0.0,128,1,2.4861958105893494,1.0007245000846008,2.484395865574559,94,94,192,707,24,1.0,2.768995819231572,0.004899299049011055,1.2519356914193263,0.770108332622654,0.9986148034614656,0.0,2.7912439110435834,1.2801239266398243,0.7517135975044003,0
c6,C_hard_maze,32,grid_oracle,,,0.0,144,1,2.4861958105893494,1.0007245000846008,2.484395865574559,94,94,192,707,24,1.0,2.768995819231572,0.004899299049011055,1.2519356914193263,0.770108332622654,0.9986148034614656,0.0,2.7912439110435834,1.2801239266398243,0.7517135975044003,0
c6,C_hard_maze,32,grid_oracle,,,0.0,168,1,2.4861958105893494,1.0007245000846008,2.484395865574559,94,94,192,707,24,1.0,2.768995819231572,0.004899299049011055,1.2519356914193263,0.770108332622654,0.9986148034614656,0.0,2.7912439110435834,1.2801239266398243,0.7517135975044003,0
c6,C_hard_maze,32,unet,unet,,0.0,128,0,nan,nan,2.484395865574559,128,128,192,707,24,1.0,2.3565123779293073,0.05952451827871136,1.0158875628128639,0.6045503114419911,0.9695934948322167,0.027750011533498764,1.523210048675537,0.5145108686228923,0.3638170030567786,0
c6,C_hard_maze,32,unet,unet,,0.0,144,1,2.4862322908886805,1.0007391838553463,2.484395865574559,138,138,192,707,24,1.0,2.3565123779293073,0.05952451827871136,1.0158875628128639,0.6045503114419911,0.9695934948322167,0.027750011533498764,1.523210048675537,0.5145108686228923,0.3638170030567786,0
c6,C_hard_maze,32,unet,unet,,0.0,168,1,2.4862322908886805,1.0007391838553463,2.484395865574559,138,138,192,707,24,1.0,2.3565123779293073,0.05952451827871136,1.0158875628128639,0.6045503114419911,0.9695934948322167,0.027750011533498764,1.523210048675537,0.5145108686228923,0.3638170030567786,0
c6,C_hard_maze,32,onlstm,onlstm,,0.0,128,0,nan,nan,2.484395865574559,128,128,192,707,24,1.0,2.103816587131987,0.028288640565714347,0.987524044466806,0.5952490843051815,0.8900574424219408,0.01624392718076706,1.0880358219146729,0.49954474779906377,0.339874868724756,0
c6,C_hard_maze,32,onlstm,onlstm,,0.0,144,1,2.5828185178275302,1.0396163323312444,2.484395865574559,141,141,192,707,24,1.0,2.103816587131987,0.028288640565714347,0.987524044466806,0.5952490843051815,0.8900574424219408,0.01624392718076706,1.0880358219146729,0.49954474779906377,0.339874868724756,0
c6,C_hard_maze,32,onlstm,onlstm,,0.0,168,1,2.5828185178275302,1.0396163323312444,2.484395865574559,141,141,192,707,24,1.0,2.103816587131987,0.028288640565714347,0.987524044466806,0.5952490843051815,0.8900574424219408,0.01624392718076706,1.0880358219146729,0.49954474779906377,0.339874868724756,0
c6,C_hard_maze,32,hrm,hrm,,0.0,128,0,nan,nan,2.484395865574559,128,128,192,707,24,1.0,2.338022743248957,0.0009462113124514586,0.9677101204356505,0.6290186841778029,0.9430730000271275,0.0007257158285938203,1.476266622543335,0.4675704044245208,0.3756607220096,0
c6,C_hard_maze,32,hrm,hrm,,0.0,144,1,2.5653211183944995,1.0325734130946258,2.484395865574559,138,138,192,707,24,1.0,2.338022743248957,0.0009462113124514586,0.9677101204356505,0.6290186841778029,0.9430730000271275,0.0007257158285938203,1.476266622543335,0.4675704044245208,0.3756607220096,0
c6,C_hard_maze,32,hrm,hrm,,0.0,168,1,2.5653211183944995,1.0325734130946258,2.484395865574559,138,138,192,707,24,1.0,2.338022743248957,0.0009462113124514586,0.9677101204356505,0.6290186841778029,0.9430730000271275,0.0007257158285938203,1.476266622543335,0.4675704044245208,0.3756607220096,0
c6,C_hard_maze,33,euclidean,,,0.0,128,1,1.6147018041554255,1.0000000000000002,1.614701804155425,120,120,192,718,20,1.0,0.9472452469031022,0.0,0.48920508801941925,0.23291152755270159,0.8948166182893417,0.0,0.9472452469031022,0.48920508801941925,0.23291152755270159,0
c6,C_hard_maze,33,euclidean,,,0.0,144,1,1.6147018041554255,1.0000000000000002,1.614701804155425,120,120,192,718,20,1.0,0.9472452469031022,0.0,0.48920508801941925,0.23291152755270159,0.8948166182893417,0.0,0.9472452469031022,0.48920508801941925,0.23291152755270159,0
c6,C_hard_maze,33,euclidean,,,0.0,168,1,1.6147018041554255,1.0000000000000002,1.614701804155425,120,120,192,718,20,1.0,0.9472452469031022,0.0,0.48920508801941925,0.23291152755270159,0.8948166182893417,0.0,0.9472452469031022,0.48920508801941925,0.23291152755270159,0
c6,C_hard_maze,33,grid_oracle,,,0.0,128,1,1.6147018041554255,1.0000000000000002,1.614701804155425,71,71,192,718,20,1.0,1.9436200498335456,0.00979377470173165,0.8622968896089427,0.49194710841436107,0.9435595990559642,0.0,2.0336613895711038,0.8701337926157111,0.5099176090751895,0
c6,C_hard_maze,33,grid_oracle,,,0.0,144,1,1.6147018041554255,1.0000000000000002,1.614701804155425,71,71,192,718,20,1.0,1.9436200498335456,0.00979377470173165,0.8622968896089427,0.49194710841436107,0.9435595990559642,0.0,2.0336613895711038,0.8701337926157111,0.5099176090751895,0
c6,C_hard_maze,33,grid_oracle,,,0.0,168,1,1.6147018041554255,1.0000000000000002,1.614701804155425,71,71,192,718,20,1.0,1.9436200498335456,0.00979377470173165,0.8622968896089427,0.49194710841436107,0.9435595990559642,0.0,2.0336613895711038,0.8701337926157111,0.5099176090751895,0
c6,C_hard_maze,33,unet,unet,,0.0,128,1,1.6377342048862154,1.0142641821985436,1.614701804155425,70,70,192,718,20,1.0,2.096756814170189,0.051214731954502726,0.9413767133444809,0.5282417868527652,0.9436358950709385,0.025480100885033607,1.33885657787323,0.46810481276543214,0.3272994468009893,0
c6,C_hard_maze,33,unet,unet,,0.0,144,1,1.6377342048862154,1.0142641821985436,1.614701804155425,70,70,192,718,20,1.0,2.096756814170189,0.051214731954502726,0.9413767133444809,0.5282417868527652,0.9436358950709385,0.025480100885033607,1.33885657787323,0.46810481276543214,0.3272994468009893,0
c6,C_hard_maze,33,unet,unet,,0.0,168,1,1.6377342048862154,1.0142641821985436,1.614701804155425,70,70,192,718,20,1.0,2.096756814170189,0.051214731954502726,0.9413767133444809,0.5282417868527652,0.9436358950709385,0.025480100885033607,1.33885657787323,0.46810481276543214,0.3272994468009893,0
c6,C_hard_maze,33,onlstm,onlstm,,0.0,128,1,1.6399919806572887,1.0156624439489568,1.614701804155425,66,66,192,718,20,1.0,1.8878677532450512,0.022432404434060103,0.9142749425643704,0.5375550988552646,0.894825095624339,0.013564870692789555,1.0470235347747803,0.42551086959088025,0.3083971273680936,0
c6,C_hard_maze,33,onlstm,onlstm,,0.0,144,1,1.6399919806572887,1.0156624439489568,1.614701804155425,66,66,192,718,20,1.0,1.8878677532450512,0.022432404434060103,0.9142749425643704,0.5375550988552646,0.894825095624339,0.013564870692789555,1.0470235347747803,0.42551086959088025,0.3083971273680936,0
c6,C_hard_maze,33,onlstm,onlstm,,0.0,168,1,1.6399919806572887,1.0156624439489568,1.614701804155425,66,66,192,718,20,1.0,1.8878677532450512,0.022432404434060103,0.9142749425643704,0.5375550988552646,0.894825095624339,0.013564870692789555,1.0470235347747803,0.42551086959088025,0.3083971273680936,0
c6,C_hard_maze,33,hrm,hrm,,0.0,128,1,1.7150838008547937,1.0621675138041193,1.614701804155425,65,65,192,718,20,1.0,2.1829143077824775,0.0005087015837522997,0.9352635668683318,0.5824673077978886,0.9413029324797223,0.0004373360425233841,1.4136559963226318,0.4481963454312492,0.3772868272942011,0
c6,C_hard_maze,33,hrm,hrm,,0.0,144,1,1.7150838008547937,1.0621675138041193,1.614701804155425,65,65,192,718,20,1.0,2.1829143077824775,0.0005087015837522997,0.9352635668683318,0.5824673077978886,0.9413029324797223,0.0004373360425233841,1.4136559963226318,0.4481963454312492,0.3772868272942011,0
c6,C_hard_maze,33,hrm,hrm,,0.0,168,1,1.7150838008547937,1.0621675138041193,1.614701804155425,65,65,192,718,20,1.0,2.1829143077824775,0.0005087015837522997,0.9352635668683318,0.5824673077978886,0.9413029324797223,0.0004373360425233841,1.4136559963226318,0.4481963454312492,0.3772868272942011,0
c6,C_hard_maze,34,euclidean,,,0.0,128,0,nan,nan,1.819157145920793,128,128,192,689,19,1.0,0.9964398704977002,0.0,0.5336583100386382,0.24241344441024426,0.9085176871117382,0.0,0.9964398704977002,0.5336583100386382,0.24241344441024426,0
c6,C_hard_maze,34,euclidean,,,0.0,144,1,1.8191571459207925,0.9999999999999998,1.819157145920793,129,129,192,689,19,1.0,0.9964398704977002,0.0,0.5336583100386382,0.24241344441024426,0.9085176871117382,0.0,0.9964398704977002,0.5336583100386382,0.24241344441024426,0
c6,C_hard_maze,34,euclidean,,,0.0,168,1,1.8191571459207925,0.9999999999999998,1.819157145920793,129,129,192,689,19,1.0,0.9964398704977002,0.0,0.5336583100386382,0.24241344441024426,0.9085176871117382,0.0,0.9964398704977002,0.5336583100386382,0.24241344441024426,0
c6,C_hard_maze,34,grid_oracle,,,0.0,128,1,1.8191571459207925,0.9999999999999998,1.819157145920793,89,89,192,689,19,1.0,2.023715476816525,0.010997695312265639,0.8687138031857495,0.4733872625406014,0.9853799880639125,0.0,2.0671322586918994,0.8714589350188421,0.49403224765108694,0
c6,C_hard_maze,34,grid_oracle,,,0.0,144,1,1.8191571459207925,0.9999999999999998,1.819157145920793,89,89,192,689,19,1.0,2.023715476816525,0.010997695312265639,0.8687138031857495,0.4733872625406014,0.9853799880639125,0.0,2.0671322586918994,0.8714589350188421,0.49403224765108694,0
c6,C_hard_maze,34,grid_oracle,,,0.0,168,1,1.8191571459207925,0.9999999999999998,1.819157145920793,89,89,192,689,19,1.0,2.023715476816525,0.010997695312265639,0.8687138031857495,0.4733872625406014,0.9853799880639125,0.0,2.0671322586918994,0.8714589350188421,0.49403224765108694,0
c6,C_hard_maze,34,unet,unet,,0.0,128,1,1.8705890180958857,1.0282723635450746,1.819157145920793,76,76,192,689,19,1.0,2.203146498714131,0.04553679587271102,1.012193162006769,0.5550565069943721,0.9787134118221524,0.020713867619633675,1.2522681951522827,0.47732549561260385,0.33281807334824226,0
c6,C_hard_maze,34,unet,unet,,0.0,144,1,1.8705890180958857,1.0282723635450746,1.819157145920793,76,76,192,689,19,1.0,2.203146498714131,0.04553679587271102,1.012193162006769,0.5550565069943721,0.9787134118221524,0.020713867619633675,1.2522681951522827,0.47732549561260385,0.33281807334824226,0
c6,C_hard_maze,34,unet,unet,,0.0,168,1,1.8705890180958857,1.0282723635450746,1.819157145920793,76,76,192,689,19,1.0,2.203146498714131,0.04553679587271102,1.012193162006769,0.5550565069943721,0.9787134118221524,0.020713867619633675,1.2522681951522827,0.47732549561260385,0.33281807334824226,0
c6,C_hard_maze,34,onlstm,onlstm,,0.0,128,1,1.8239013556612016,1.002607916391966,1.819157145920793,81,81,192,689,19,1.0,2.0011915105537623,0.029649311229051727,1.0147150484335874,0.5525093307684343,0.9158438000162766,0.015811245888471603,1.1000592708587646,0.48393151993195715,0.32428973170850267,0
c6,C_hard_maze,34,onlstm,onlstm,,0.0,144,1,1.8239013556612016,1.002607916391966,1.819157145920793,81,81,192,689,19,1.0,2.0011915105537623,0.029649311229051727,1.0147150484335874,0.5525093307684343,0.9158438000162766,0.015811245888471603,1.1000592708587646,0.48393151993195715,0.32428973170850267,0
c6,C_hard_maze,34,onlstm,onlstm,,0.0,168,1,1.8239013556612016,1.002607916391966,1.819157145920793,81,81,192,689,19,1.0,2.0011915105537623,0.029649311229051727,1.0147150484335874,0.5525093307684343,0.9158438000162766,0.015811245888471603,1.1000592708587646,0.48393151993195715,0.32428973170850267,0
c6,C_hard_maze,34,hrm,hrm,,0.0,128,1,1.8905577186497347,1.0392492605100376,1.819157145920793,84,84,192,689,19,1.0,2.3637362328953584,0.0006288520664529518,0.9947708070376797,0.6052160400219759,0.962175826709709,0.0004740222357213497,1.4200972318649292,0.4581351541880565,0.37627015865405394,0
c6,C_hard_maze,34,hrm,hrm,,0.0,144,1,1.8905577186497347,1.0392492605100376,1.819157145920793,84,84,192,689,19,1.0,2.3637362328953584,0.0006288520664529518,0.9947708070376797,0.6052160400219759,0.962175826709709,0.0004740222357213497,1.4200972318649292,0.4581351541880565,0.37627015865405394,0
c6,C_hard_maze,34,hrm,hrm,,0.0,168,1,1.8905577186497347,1.0392492605100376,1.819157145920793,84,84,192,689,19,1.0,2.3637362328953584,0.0006288520664529518,0.9947708070376797,0.6052160400219759,0.962175826709709,0.0004740222357213497,1.4200972318649292,0.4581351541880565,0.37627015865405394,0
c6,C_hard_maze,35,euclidean,,,0.0,128,0,nan,nan,2.3608341302612104,128,128,192,703,20,1.0,0.9770780757619574,0.0,0.5361342835806323,0.2493479322034481,0.902670021430703,0.0,0.9770780757619574,0.5361342835806323,0.2493479322034481,0
c6,C_hard_maze,35,euclidean,,,0.0,144,0,nan,nan,2.3608341302612104,144,144,192,703,20,1.0,0.9770780757619574,0.0,0.5361342835806323,0.2493479322034481,0.902670021430703,0.0,0.9770780757619574,0.5361342835806323,0.2493479322034481,0
c6,C_hard_maze,35,euclidean,,,0.0,168,1,2.360834130261211,1.0000000000000002,2.3608341302612104,145,145,192,703,20,1.0,0.9770780757619574,0.0,0.5361342835806323,0.2493479322034481,0.902670021430703,0.0,0.9770780757619574,0.5361342835806323,0.2493479322034481,0
c6,C_hard_maze,35,grid_oracle,,,0.0,128,1,2.360834130261211,1.0000000000000002,2.3608341302612104,114,114,192,703,20,1.0,2.51047559902099,0.003945353509271654,1.165537272061216,0.7080150294802248,0.9963428776822288,0.0,2.5229380848677403,1.1478274867719733,0.6750990671886654,0
c6,C_hard_maze,35,grid_oracle,,,0.0,144,1,2.360834130261211,1.0000000000000002,2.3608341302612104,114,114,192,703,20,1.0,2.51047559902099,0.003945353509271654,1.165537272061216,0.7080150294802248,0.9963428776822288,0.0,2.5229380848677403,1.1478274867719733,0.6750990671886654,0
c6,C_hard_maze,35,grid_oracle,,,0.0,168,1,2.360834130261211,1.0000000000000002,2.3608341302612104,114,114,192,703,20,1.0,2.51047559902099,0.003945353509271654,1.165537272061216,0.7080150294802248,0.9963428776822288,0.0,2.5229380848677403,1.1478274867719733,0.6750990671886654,0
c6,C_hard_maze,35,unet,unet,,0.0,128,0,nan,nan,2.3608341302612104,128,128,192,703,20,1.0,2.128341910557406,0.04202276881803131,1.0109660552299131,0.5795727820238314,0.9740017090307357,0.018305424600839615,1.2377512454986572,0.4803037516257973,0.33092772286014543,0
c6,C_hard_maze,35,unet,unet,,0.0,144,1,2.3748254822531445,1.0059264443073712,2.3608341302612104,133,133,192,703,20,1.0,2.128341910557406,0.04202276881803131,1.0109660552299131,0.5795727820238314,0.9740017090307357,0.018305424600839615,1.2377512454986572,0.4803037516257973,0.33092772286014543,0
c6,C_hard_maze,35,unet,unet,,0.0,168,1,2.3748254822531445,1.0059264443073712,2.3608341302612104,133,133,192,703,20,1.0,2.128341910557406,0.04202276881803131,1.0109660552299131,0.5795727820238314,0.9740017090307357,0.018305424600839615,1.2377512454986572,0.4803037516257973,0.33092772286014543,0
c6,C_hard_maze,35,onlstm,onlstm,,0.0,128,0,nan,nan,2.3608341302612104,128,128,192,703,20,1.0,1.9286044190609062,0.027056029821040196,1.028019537102607,0.5699009770426711,0.9242227979274613,0.01798081398010254,1.094322681427002,0.47455123090276174,0.3170867667197577,0
c6,C_hard_maze,35,onlstm,onlstm,,0.0,144,1,2.3972633210236025,1.0154306438963425,2.3608341302612104,136,136,192,703,20,1.0,1.9286044190609062,0.027056029821040196,1.028019537102607,0.5699009770426711,0.9242227979274613,0.01798081398010254,1.094322681427002,0.47455123090276174,0.3170867667197577,0
c6,C_hard_maze,35,onlstm,onlstm,,0.0,168,1,2.3972633210236025,1.0154306438963425,2.3608341302612104,136,136,192,703,20,1.0,1.9286044190609062,0.027056029821040196,1.028019537102607,0.5699009770426711,0.9242227979274613,0.01798081398010254,1.094322681427002,0.47455123090276174,0.3170867667197577,0
c6,C_hard_maze,35,hrm,hrm,,0.0,128,0,nan,nan,2.3608341302612104,128,128,192,703,20,1.0,2.3182485485418467,0.0009171063121905072,1.0025494858563826,0.6353343788269751,0.9511468138784148,0.0006378678954206407,1.4412716627120972,0.45134145155951444,0.38070651977959785,0
c6,C_hard_maze,35,hrm,hrm,,0.0,144,1,2.376493461506455,1.0066329654610304,2.3608341302612104,132,132,192,703,20,1.0,2.3182485485418467,0.0009171063121905072,1.0025494858563826,0.6353343788269751,0.9511468138784148,0.0006378678954206407,1.4412716627120972,0.45134145155951444,0.38070651977959785,0
c6,C_hard_maze,35,hrm,hrm,,0.0,168,1,2.376493461506455,1.0066329654610304,2.3608341302612104,132,132,192,703,20,1.0,2.3182485485418467,0.0009171063121905072,1.0025494858563826,0.6353343788269751,0.9511468138784148,0.0006378678954206407,1.4412716627120972,0.45134145155951444,0.38070651977959785,0
c6,C_hard_maze,36,euclidean,,,0.0,128,0,nan,nan,1.9428752567560275,128,128,192,731,16,1.0,1.0620538788898912,0.0,0.552893270282123,0.2572116230529204,0.9350822640588125,0.0,1.0620538788898912,0.552893270282123,0.2572116230529204,0
c6,C_hard_maze,36,euclidean,,,0.0,144,1,1.942875256756028,1.0000000000000002,1.9428752567560275,140,140,192,731,16,1.0,1.0620538788898912,0.0,0.552893270282123,0.2572116230529204,0.9350822640588125,0.0,1.0620538788898912,0.552893270282123,0.2572116230529204,0
c6,C_hard_maze,36,euclidean,,,0.0,168,1,1.942875256756028,1.0000000000000002,1.9428752567560275,140,140,192,731,16,1.0,1.0620538788898912,0.0,0.552893270282123,0.2572116230529204,0.9350822640588125,0.0,1.0620538788898912,0.552893270282123,0.2572116230529204,0
c6,C_hard_maze,36,grid_oracle,,,0.0,128,1,1.944221545977395,1.0006929365211101,1.9428752567560275,69,69,192,731,16,1.0,2.18143403827442,0.00953023623161954,0.9756950046207497,0.5653440478975358,0.9981061633616365,0.0,2.254632258691899,0.9999704322346467,0.5661138482969761,0
c6,C_hard_maze,36,grid_oracle,,,0.0,144,1,1.944221545977395,1.0006929365211101,1.9428752567560275,69,69,192,731,16,1.0,2.18143403827442,0.00953023623161954,0.9756950046207497,0.5653440478975358,0.9981061633616365,0.0,2.254632258691899,0.9999704322346467,0.5661138482969761,0
c6,C_hard_maze,36,grid_oracle,,,0.0,168,1,1.944221545977395,1.0006929365211101,1.9428752567560275,69,69,192,731,16,1.0,2.18143403827442,0.00953023623161954,0.9756950046207497,0.5653440478975358,0.9981061633616365,0.0,2.254632258691899,0.9999704322346467,0.5661138482969761,0
c6,C_hard_maze,36,unet,unet,,0.0,128,1,1.9475500263871477,1.0024061089948335,1.9428752567560275,70,70,192,731,16,1.0,2.3594583242276124,0.06426994195865039,1.0364803541392265,0.5863145085132323,0.9923619211675666,0.026029977947473526,1.4261925220489502,0.4990421821289601,0.3573878968654468,0
c6,C_hard_maze,36,unet,unet,,0.0,144,1,1.9475500263871477,1.0024061089948335,1.9428752567560275,70,70,192,731,16,1.0,2.3594583242276124,0.06426994195865039,1.0364803541392265,0.5863145085132323,0.9923619211675666,0.026029977947473526,1.4261925220489502,0.4990421821289601,0.3573878968654468,0
c6,C_hard_maze,36,unet,unet,,0.0,168,1,1.9475500263871477,1.0024061089948335,1.9428752567560275,70,70,192,731,16,1.0,2.3594583242276124,0.06426994195865039,1.0364803541392265,0.5863145085132323,0.9923619211675666,0.026029977947473526,1.4261925220489502,0.4990421821289601,0.3573878968654468,0
c6,C_hard_maze,36,onlstm,onlstm,,0.0,128,1,1.9475500263871477,1.0024061089948335,1.9428752567560275,76,76,192,731,16,1.0,2.061192318411849,0.023775935491818445,1.0529743994984526,0.6032252925650577,0.9372405935490872,0.012055638246238232,1.1341900825500488,0.4925625380999463,0.34757752409389975,0
c6,C_hard_maze,36,onlstm,onlstm,,0.0,144,1,1.9475500263871477,1.0024061089948335,1.9428752567560275,76,76,192,731,16,1.0,2.061192318411849,0.023775935491818445,1.0529743994984526,0.6032252925650577,0.9372405935490872,0.012055638246238232,1.1341900825500488,0.4925625380999463,0.34757752409389975,0
c6,C_hard_maze,36,onlstm,onlstm,,0.0,168,1,1.9475500263871477,1.0024061089948335,1.9428752567560275,76,76,192,731,16,1.0,2.061192318411849,0.023775935491818445,1.0529743994984526,0.6032252925650577,0.9372405935490872,0.012055638246238232,1.1341900825500488,0.4925625380999463,0.34757752409389975,0
c6,C_hard_maze,36,hrm,hrm,,0.0,128,1,2.016717783152071,1.0380068283536312,1.9428752567560275,69,69,192,731,16,1.0,2.3551291760695916,0.0008214383024287952,1.0159596290991997,0.609259412257783,0.9821263868920056,0.0005678447196260095,1.4599753618240356,0.4654745210248876,0.3671766573916785,0
c6,C_hard_maze,36,hrm,hrm,,0.0,144,1,2.016717783152071,1.0380068283536312,1.9428752567560275,69,69,192,731,16,1.0,2.3551291760695916,0.0008214383024287952,1.0159596290991997,0.609259412257783,0.9821263868920056,0.0005678447196260095,1.4599753618240356,0.4654745210248876,0.3671766573916785,0
c6,C_hard_maze,36,hrm,hrm,,0.0,168,1,2.016717783152071,1.0380068283536312,1.9428752567560275,69,69,192,731,16,1.0,2.3551291760695916,0.0008214383024287952,1.0159596290991997,0.609259412257783,0.9821263868920056,0.0005678447196260095,1.4599753618240356,0.4654745210248876,0.3671766573916785,0
c6,C_hard_maze,37,euclidean,,,0.0,128,0,nan,nan,2.170927305371177,128,128,192,682,21,1.0,0.9848109165459183,0.0,0.5011473398109351,0.2296534551972442,0.8412737704473321,0.0,0.9848109165459183,0.5011473398109351,0.2296534551972442,0
c6,C_hard_maze,37,euclidean,,,0.0,144,1,2.1709273053711766,0.9999999999999998,2.170927305371177,143,143,192,682,21,1.0,0.9848109165459183,0.0,0.5011473398109351,0.2296534551972442,0.8412737704473321,0.0,0.9848109165459183,0.5011473398109351,0.2296534551972442,0
c6,C_hard_maze,37,euclidean,,,0.0,168,1,2.1709273053711766,0.9999999999999998,2.170927305371177,143,143,192,682,21,1.0,0.9848109165459183,0.0,0.5011473398109351,0.2296534551972442,0.8412737704473321,0.0,0.9848109165459183,0.5011473398109351,0.2296534551972442,0
c6,C_hard_maze,37,grid_oracle,,,0.0,128,0,nan,nan,2.170927305371177,128,128,192,682,21,1.0,2.0566877344519874,0.012322618451284077,0.9916162849986042,0.5463390952865151,0.9835200607655374,0.0,2.1193689110435807,0.970626662034159,0.5429835847294134,0
c6,C_hard_maze,37,grid_oracle,,,0.0,144,1,2.1782403432107698,1.0033686240075839,2.170927305371177,129,129,192,682,21,1.0,2.0566877344519874,0.012322618451284077,0.9916162849986042,0.5463390952865151,0.9835200607655374,0.0,2.1193689110435807,0.970626662034159,0.5429835847294134,0
c6,C_hard_maze,37,grid_oracle,,,0.0,168,1,2.1782403432107698,1.0033686240075839,2.170927305371177,129,129,192,682,21,1.0,2.0566877344519874,0.012322618451284077,0.9916162849986042,0.5463390952865151,0.9835200607655374,0.0,2.1193689110435807,0.970626662034159,0.5429835847294134,0
c6,C_hard_maze,37,unet,unet,,0.0,128,0,nan,nan,2.170927305371177,128,128,192,682,21,1.0,2.1248621301145607,0.054610664262719606,1.0038876876858709,0.5671097249017709,0.9574149553753086,0.022241245955228806,1.3489161729812622,0.5076487319893204,0.35423176405638823,0
c6,C_hard_maze,37,unet,unet,,0.0,144,1,2.181708202109811,1.0049660330458605,2.170927305371177,135,135,192,682,21,1.0,2.1248621301145607,0.054610664262719606,1.0038876876858709,0.5671097249017709,0.9574149553753086,0.022241245955228806,1.3489161729812622,0.5076487319893204,0.35423176405638823,0
c6,C_hard_maze,37,unet,unet,,0.0,168,1,2.181708202109811,1.0049660330458605,2.170927305371177,135,135,192,682,21,1.0,2.1248621301145607,0.054610664262719606,1.0038876876858709,0.5671097249017709,0.9574149553753086,0.022241245955228806,1.3489161729812622,0.5076487319893204,0.35423176405638823,0
c6,C_hard_maze,37,onlstm,onlstm,,0.0,128,0,nan,nan,2.170927305371177,128,128,192,682,21,1.0,1.9676851854673891,0.019181419479394557,0.9285381755288014,0.5340095181573864,0.8851897566665764,0.013370206579566002,1.049533724784851,0.4257630978170255,0.3223455791207187,0
c6,C_hard_maze,37,onlstm,onlstm,,0.0,144,1,2.187194516249806,1.007493208472887,2.170927305371177,137,137,192,682,21,1.0,1.9676851854673891,0.019181419479394557,0.9285381755288014,0.5340095181573864,0.8851897566665764,0.013370206579566002,1.049533724784851,0.4257630978170255,0.3223455791207187,0
c6,C_hard_maze,37,onlstm,onlstm,,0.0,168,1,2.187194516249806,1.007493208472887,2.170927305371177,137,137,192,682,21,1.0,1.9676851854673891,0.019181419479394557,0.9285381755288014,0.5340095181573864,0.8851897566665764,0.013370206579566002,1.049533724784851,0.4257630978170255,0.3223455791207187,0
c6,C_hard_maze,37,hrm,hrm,,0.0,128,1,2.1709273053711766,0.9999999999999998,2.170927305371177,126,126,192,682,21,1.0,2.1508532977218993,0.0006972177215003117,0.9515231715021116,0.5920539944101767,0.941711540026585,0.0006020716391503811,1.4209049940109253,0.45510453795881745,0.3732101806921586,0
c6,C_hard_maze,37,hrm,hrm,,0.0,144,1,2.1709273053711766,0.9999999999999998,2.170927305371177,126,126,192,682,21,1.0,2.1508532977218993,0.0006972177215003117,0.9515231715021116,0.5920539944101767,0.941711540026585,0.0006020716391503811,1.4209049940109253,0.45510453795881745,0.3732101806921586,0
c6,C_hard_maze,37,hrm,hrm,,0.0,168,1,2.1709273053711766,0.9999999999999998,2.170927305371177,126,126,192,682,21,1.0,2.1508532977218993,0.0006972177215003117,0.9515231715021116,0.5920539944101767,0.941711540026585,0.0006020716391503811,1.4209049940109253,0.45510453795881745,0.3732101806921586,0
c6,C_hard_maze,38,euclidean,,,0.0,128,0,nan,nan,1.8382083243315164,128,128,192,721,25,1.0,1.0872064080364412,0.0,0.5865305668152457,0.26465682513897437,0.9358452242085561,0.0,1.0872064080364412,0.5865305668152457,0.26465682513897437,0
c6,C_hard_maze,38,euclidean,,,0.0,144,1,1.8382083243315164,1.0,1.8382083243315164,138,138,192,721,25,1.0,1.0872064080364412,0.0,0.5865305668152457,0.26465682513897437,0.9358452242085561,0.0,1.0872064080364412,0.5865305668152457,0.26465682513897437,0
c6,C_hard_maze,38,euclidean,,,0.0,168,1,1.8382083243315164,1.0,1.8382083243315164,138,138,192,721,25,1.0,1.0872064080364412,0.0,0.5865305668152457,0.26465682513897437,0.9358452242085561,0.0,1.0872064080364412,0.5865305668152457,0.26465682513897437,0
c6,C_hard_maze,38,grid_oracle,,,0.0,128,1,1.8382083243315164,1.0,1.8382083243315164,45,45,192,721,25,1.0,1.972697239833745,0.001590499892684717,0.9522139549440118,0.5195867274446421,0.995756246100426,0.0,2.0073130848677403,0.9012335078855849,0.4778328521811977,0
c6,C_hard_maze,38,grid_oracle,,,0.0,144,1,1.8382083243315164,1.0,1.8382083243315164,45,45,192,721,25,1.0,1.972697239833745,0.001590499892684717,0.9522139549440118,0.5195867274446421,0.995756246100426,0.0,2.0073130848677403,0.9012335078855849,0.4778328521811977,0
c6,C_hard_maze,38,grid_oracle,,,0.0,168,1,1.8382083243315164,1.0,1.8382083243315164,45,45,192,721,25,1.0,1.972697239833745,0.001590499892684717,0.9522139549440118,0.5195867274446421,0.995756246100426,0.0,2.0073130848677403,0.9012335078855849,0.4778328521811977,0
c6,C_hard_maze,38,unet,unet,,0.0,128,1,1.8556466947170958,1.009486612673197,1.8382083243315164,41,41,192,721,25,1.0,2.279515036099392,0.06242879614188326,1.1280603570689018,0.6409561252281433,0.9924297398475438,0.025523774325847626,1.4738895893096924,0.513633508735893,0.3602427103176316,0
c6,C_hard_maze,38,unet,unet,,0.0,144,1,1.8556466947170958,1.009486612673197,1.8382083243315164,41,41,192,721,25,1.0,2.279515036099392,0.06242879614188326,1.1280603570689018,0.6409561252281433,0.9924297398475438,0.025523774325847626,1.4738895893096924,0.513633508735893,0.3602427103176316,0
c6,C_hard_maze,38,unet,unet,,0.0,168,1,1.8556466947170958,1.009486612673197,1.8382083243315164,41,41,192,721,25,1.0,2.279515036099392,0.06242879614188326,1.1280603570689018,0.6409561252281433,0.9924297398475438,0.025523774325847626,1.4738895893096924,0.513633508735893,0.3602427103176316,0
c6,C_hard_maze,38,onlstm,onlstm,,0.0,128,1,1.879167862183527,1.0222823155079042,1.8382083243315164,61,61,192,721,25,1.0,2.114295717010867,0.027002356268044043,1.1156523983481887,0.6165105492277562,0.9390428749694817,0.014991446398198605,1.1158270835876465,0.507551564233836,0.3435814712054206,0
c6,C_hard_maze,38,onlstm,onlstm,,0.0,144,1,1.879167862183527,1.0222823155079042,1.8382083243315164,61,61,192,721,25,1.0,2.114295717010867,0.027002356268044043,1.1156523983481887,0.6165105492277562,0.9390428749694817,0.014991446398198605,1.1158270835876465,0.507551564233836,0.3435814712054206,0
c6,C_hard_maze,38,onlstm,onlstm,,0.0,168,1,1.879167862183527,1.0222823155079042,1.8382083243315164,61,61,192,721,25,1.0,2.114295717010867,0.027002356268044043,1.1156523983481887,0.6165105492277562,0.9390428749694817,0.014991446398198605,1.1158270835876465,0.507551564233836,0.3435814712054206,0
c6,C_hard_maze,38,hrm,hrm,,0.0,128,1,1.8382083243315164,1.0,1.8382083243315164,40,40,192,721,25,1.0,2.3989806067261847,0.0005910364107370613,1.0876954222009176,0.6674171509615063,0.9819517537910644,0.0005728383548557758,1.4802402257919312,0.46813581224493817,0.37972894591680423,0
c6,C_hard_maze,38,hrm,hrm,,0.0,144,1,1.8382083243315164,1.0,1.8382083243315164,40,40,192,721,25,1.0,2.3989806067261847,0.0005910364107370613,1.0876954222009176,0.6674171509615063,0.9819517537910644,0.0005728383548557758,1.4802402257919312,0.46813581224493817,0.37972894591680423,0
c6,C_hard_maze,38,hrm,hrm,,0.0,168,1,1.8382083243315164,1.0,1.8382083243315164,40,40,192,721,25,1.0,2.3989806067261847,0.0005910364107370613,1.0876954222009176,0.6674171509615063,0.9819517537910644,0.0005728383548557758,1.4802402257919312,0.46813581224493817,0.37972894591680423,0
c6,C_hard_maze,39,euclidean,,,0.0,128,0,nan,nan,1.6060468331343747,128,128,192,700,16,1.0,1.0179940701703567,0.0,0.5188413430862555,0.2543989366577182,0.9322694843067576,0.0,1.0179940701703567,0.5188413430862555,0.2543989366577182,0
c6,C_hard_maze,39,euclidean,,,0.0,144,1,1.6060468331343745,0.9999999999999999,1.6060468331343747,140,140,192,700,16,1.0,1.0179940701703567,0.0,0.5188413430862555,0.2543989366577182,0.9322694843067576,0.0,1.0179940701703567,0.5188413430862555,0.2543989366577182,0
c6,C_hard_maze,39,euclidean,,,0.0,168,1,1.6060468331343745,0.9999999999999999,1.6060468331343747,140,140,192,700,16,1.0,1.0179940701703567,0.0,0.5188413430862555,0.2543989366577182,0.9322694843067576,0.0,1.0179940701703567,0.5188413430862555,0.2543989366577182,0
c6,C_hard_maze,39,grid_oracle,,,0.0,128,1,1.6111056261013437,1.0031498415006344,1.6060468331343747,36,36,192,700,16,1.0,2.1591986149654896,0.008770553374506045,0.9978637981334707,0.6173566013037801,0.9827774462197869,0.0,2.191021824131501,1.0004877937197751,0.5858393644121972,0
c6,C_hard_maze,39,grid_oracle,,,0.0,144,1,1.6111056261013437,1.0031498415006344,1.6060468331343747,36,36,192,700,16,1.0,2.1591986149654896,0.008770553374506045,0.9978637981334707,0.6173566013037801,0.9827774462197869,0.0,2.191021824131501,1.0004877937197751,0.5858393644121972,0
c6,C_hard_maze,39,grid_oracle,,,0.0,168,1,1.6111056261013437,1.0031498415006344,1.6060468331343747,36,36,192,700,16,1.0,2.1591986149654896,0.008770553374506045,0.9978637981334707,0.6173566013037801,0.9827774462197869,0.0,2.191021824131501,1.0004877937197751,0.5858393644121972,0
c6,C_hard_maze,39,unet,unet,,0.0,128,1,1.618627915277949,1.0078335711537258,1.6060468331343747,71,71,192,700,16,1.0,2.3111505560368437,0.06150469824694608,0.9945510312881289,0.6149543797887194,0.9787659712991349,0.02698296122252941,1.4134228229522705,0.4875612263963376,0.3535066247033852,0
c6,C_hard_maze,39,unet,unet,,0.0,144,1,1.618627915277949,1.0078335711537258,1.6060468331343747,71,71,192,700,16,1.0,2.3111505560368437,0.06150469824694608,0.9945510312881289,0.6149543797887194,0.9787659712991349,0.02698296122252941,1.4134228229522705,0.4875612263963376,0.3535066247033852,0
c6,C_hard_maze,39,unet,unet,,0.0,168,1,1.618627915277949,1.0078335711537258,1.6060468331343747,71,71,192,700,16,1.0,2.3111505560368437,0.06150469824694608,0.9945510312881289,0.6149543797887194,0.9787659712991349,0.02698296122252941,1.4134228229522705,0.4875612263963376,0.3535066247033852,0
c6,C_hard_maze,39,onlstm,onlstm,,0.0,128,1,1.632216245884257,1.0162943023889346,1.6060468331343747,69,69,192,700,16,1.0,2.0468140977196136,0.014587566987390312,0.9635475809088859,0.595023414523194,0.9309605837831973,0.008586238138377666,1.0826891660690308,0.44439481249969504,0.337246326482418,0
c6,C_hard_maze,39,onlstm,onlstm,,0.0,144,1,1.632216245884257,1.0162943023889346,1.6060468331343747,69,69,192,700,16,1.0,2.0468140977196136,0.014587566987390312,0.9635475809088859,0.595023414523194,0.9309605837831973,0.008586238138377666,1.0826891660690308,0.44439481249969504,0.337246326482418,0
c6,C_hard_maze,39,onlstm,onlstm,,0.0,168,1,1.632216245884257,1.0162943023889346,1.6060468331343747,69,69,192,700,16,1.0,2.0468140977196136,0.014587566987390312,0.9635475809088859,0.595023414523194,0.9309605837831973,0.008586238138377666,1.0826891660690308,0.44439481249969504,0.337246326482418,0
c6,C_hard_maze,39,hrm,hrm,,0.0,128,1,1.6566844641119727,1.0315293613691034,1.6060468331343747,71,71,192,700,16,1.0,2.384128145999414,0.0007652231849940819,0.9635219839598307,0.6463965836375452,0.9674690746819306,0.0005136932013556361,1.4393304586410522,0.45609431354306196,0.3738518044155819,0
c6,C_hard_maze,39,hrm,hrm,,0.0,144,1,1.6566844641119727,1.0315293613691034,1.6060468331343747,71,71,192,700,16,1.0,2.384128145999414,0.0007652231849940819,0.9635219839598307,0.6463965836375452,0.9674690746819306,0.0005136932013556361,1.4393304586410522,0.45609431354306196,0.3738518044155819,0
c6,C_hard_maze,39,hrm,hrm,,0.0,168,1,1.6566844641119727,1.0315293613691034,1.6060468331343747,71,71,192,700,16,1.0,2.384128145999414,0.0007652231849940819,0.9635219839598307,0.6463965836375452,0.9674690746819306,0.0005136932013556361,1.4393304586410522,0.45609431354306196,0.3738518044155819,0
