config,config_idx,K,world_idx,seed,arm,budget,found,cost,expansions,closed,opt_cost
C_hard_maze,0,2,0,30972960,h_next,100,False,nan,100,100,5.371389544730568
C_hard_maze,0,2,0,30972960,h_legsum,100,False,nan,100,100,5.371389544730568
C_hard_maze,0,2,0,30972960,h_oracle,100,True,5.37138954473057,58,58,5.371389544730568
C_hard_maze,0,2,0,30972960,h_next,200,False,nan,200,200,5.371389544730568
C_hard_maze,0,2,0,30972960,h_legsum,200,False,nan,200,200,5.371389544730568
C_hard_maze,0,2,0,30972960,h_oracle,200,True,5.37138954473057,58,58,5.371389544730568
C_hard_maze,0,2,0,30972960,h_next,400,False,nan,400,400,5.371389544730568
C_hard_maze,0,2,0,30972960,h_legsum,400,False,nan,400,400,5.371389544730568
C_hard_maze,0,2,0,30972960,h_oracle,400,True,5.37138954473057,58,58,5.371389544730568
C_hard_maze,0,2,0,30972960,h_next,800,True,5.37138954473057,463,463,5.371389544730568
C_hard_maze,0,2,0,30972960,h_legsum,800,True,5.37138954473057,455,455,5.371389544730568
C_hard_maze,0,2,0,30972960,h_oracle,800,True,5.37138954473057,58,58,5.371389544730568
C_hard_maze,0,2,0,30972960,h_next,1600,True,5.37138954473057,463,463,5.371389544730568
C_hard_maze,0,2,0,30972960,h_legsum,1600,True,5.37138954473057,455,455,5.371389544730568
C_hard_maze,0,2,0,30972960,h_oracle,1600,True,5.37138954473057,58,58,5.371389544730568
C_hard_maze,0,2,0,30972960,h_next,3200,True,5.37138954473057,463,463,5.371389544730568
C_hard_maze,0,2,0,30972960,h_legsum,3200,True,5.37138954473057,455,455,5.371389544730568
C_hard_maze,0,2,0,30972960,h_oracle,3200,True,5.37138954473057,58,58,5.371389544730568
C_hard_maze,0,2,1,31004636,h_next,100,False,nan,100,100,2.6316221474443955
C_hard_maze,0,2,1,31004636,h_legsum,100,False,nan,100,100,2.6316221474443955
C_hard_maze,0,2,1,31004636,h_oracle,100,True,2.6316221474443946,29,29,2.6316221474443955
C_hard_maze,0,2,1,31004636,h_next,200,False,nan,200,200,2.6316221474443955
C_hard_maze,0,2,1,31004636,h_legsum,200,False,nan,200,200,2.6316221474443955
C_hard_maze,0,2,1,31004636,h_oracle,200,True,2.6316221474443946,29,29,2.6316221474443955
C_hard_maze,0,2,1,31004636,h_next,400,True,2.6316221474443946,355,355,2.6316221474443955
C_hard_maze,0,2,1,31004636,h_legsum,400,True,2.6316221474443946,296,296,2.6316221474443955
C_hard_maze,0,2,1,31004636,h_oracle,400,True,2.6316221474443946,29,29,2.6316221474443955
C_hard_maze,0,2,1,31004636,h_next,800,True,2.6316221474443946,355,355,2.6316221474443955
C_hard_maze,0,2,1,31004636,h_legsum,800,True,2.6316221474443946,296,296,2.6316221474443955
C_hard_maze,0,2,1,31004636,h_oracle,800,True,2.6316221474443946,29,29,2.6316221474443955
C_hard_maze,0,2,1,31004636,h_next,1600,True,2.6316221474443946,355,355,2.6316221474443955
C_hard_maze,0,2,1,31004636,h_legsum,1600,True,2.6316221474443946,296,296,2.6316221474443955
C_hard_maze,0,2,1,31004636,h_oracle,1600,True,2.6316221474443946,29,29,2.6316221474443955
C_hard_maze,0,2,1,31004636,h_next,3200,True,2.6316221474443946,355,355,2.6316221474443955
C_hard_maze,0,2,1,31004636,h_legsum,3200,True,2.6316221474443946,296,296,2.6316221474443955
C_hard_maze,0,2,1,31004636,h_oracle,3200,True,2.6316221474443946,29,29,2.6316221474443955
C_hard_maze,0,2,2,31028393,h_next,100,False,nan,100,100,3.4106613898480482
C_hard_maze,0,2,2,31028393,h_legsum,100,False,nan,100,100,3.4106613898480482
C_hard_maze,0,2,2,31028393,h_oracle,100,True,3.4106613898480473,39,39,3.4106613898480482
C_hard_maze,0,2,2,31028393,h_next,200,False,nan,200,200,3.4106613898480482
C_hard_maze,0,2,2,31028393,h_legsum,200,False,nan,200,200,3.4106613898480482
C_hard_maze,0,2,2,31028393,h_oracle,200,True,3.4106613898480473,39,39,3.4106613898480482
C_hard_maze,0,2,2,31028393,h_next,400,False,nan,400,400,3.4106613898480482
C_hard_maze,0,2,2,31028393,h_legsum,400,True,3.4106613898480473,399,399,3.4106613898480482
C_hard_maze,0,2,2,31028393,h_oracle,400,True,3.4106613898480473,39,39,3.4106613898480482
C_hard_maze,0,2,2,31028393,h_next,800,True,3.4106613898480473,479,479,3.4106613898480482
C_hard_maze,0,2,2,31028393,h_legsum,800,True,3.4106613898480473,399,399,3.4106613898480482
C_hard_maze,0,2,2,31028393,h_oracle,800,True,3.4106613898480473,39,39,3.4106613898480482
C_hard_maze,0,2,2,31028393,h_next,1600,True,3.4106613898480473,479,479,3.4106613898480482
C_hard_maze,0,2,2,31028393,h_legsum,1600,True,3.4106613898480473,399,399,3.4106613898480482
C_hard_maze,0,2,2,31028393,h_oracle,1600,True,3.4106613898480473,39,39,3.4106613898480482
C_hard_maze,0,2,2,31028393,h_next,3200,True,3.4106613898480473,479,479,3.4106613898480482
C_hard_maze,0,2,2,31028393,h_legsum,3200,True,3.4106613898480473,399,399,3.4106613898480482
C_hard_maze,0,2,2,31028393,h_oracle,3200,True,3.4106613898480473,39,39,3.4106613898480482
C_hard_maze,0,2,3,31052150,h_next,100,False,nan,100,100,2.2317849849745426
C_hard_maze,0,2,3,31052150,h_legsum,100,False,nan,100,100,2.2317849849745426
C_hard_maze,0,2,3,31052150,h_oracle,100,True,2.231784984974542,25,25,2.2317849849745426
C_hard_maze,0,2,3,31052150,h_next,200,False,nan,200,200,2.2317849849745426
C_hard_maze,0,2,3,31052150,h_legsum,200,True,2.231784984974542,152,152,2.2317849849745426
C_hard_maze,0,2,3,31052150,h_oracle,200,True,2.231784984974542,25,25,2.2317849849745426
C_hard_maze,0,2,3,31052150,h_next,400,True,2.231784984974542,284,284,2.2317849849745426
C_hard_maze,0,2,3,31052150,h_legsum,400,True,2.231784984974542,152,152,2.2317849849745426
C_hard_maze,0,2,3,31052150,h_oracle,400,True,2.231784984974542,25,25,2.2317849849745426
C_hard_maze,0,2,3,31052150,h_next,800,True,2.231784984974542,284,284,2.2317849849745426
C_hard_maze,0,2,3,31052150,h_legsum,800,True,2.231784984974542,152,152,2.2317849849745426
C_hard_maze,0,2,3,31052150,h_oracle,800,True,2.231784984974542,25,25,2.2317849849745426
C_hard_maze,0,2,3,31052150,h_next,1600,True,2.231784984974542,284,284,2.2317849849745426
C_hard_maze,0,2,3,31052150,h_legsum,1600,True,2.231784984974542,152,152,2.2317849849745426
C_hard_maze,0,2,3,31052150,h_oracle,1600,True,2.231784984974542,25,25,2.2317849849745426
C_hard_maze,0,2,3,31052150,h_next,3200,True,2.231784984974542,284,284,2.2317849849745426
C_hard_maze,0,2,3,31052150,h_legsum,3200,True,2.231784984974542,152,152,2.2317849849745426
C_hard_maze,0,2,3,31052150,h_oracle,3200,True,2.231784984974542,25,25,2.2317849849745426
C_hard_maze,0,2,4,31060069,h_next,100,False,nan,100,100,7.122527762569112
C_hard_maze,0,2,4,31060069,h_legsum,100,False,nan,100,100,7.122527762569112
C_hard_maze,0,2,4,31060069,h_oracle,100,True,7.122527762569108,75,75,7.122527762569112
C_hard_maze,0,2,4,31060069,h_next,200,False,nan,200,200,7.122527762569112
C_hard_maze,0,2,4,31060069,h_legsum,200,False,nan,200,200,7.122527762569112
C_hard_maze,0,2,4,31060069,h_oracle,200,True,7.122527762569108,75,75,7.122527762569112
C_hard_maze,0,2,4,31060069,h_next,400,False,nan,400,400,7.122527762569112
C_hard_maze,0,2,4,31060069,h_legsum,400,False,nan,400,400,7.122527762569112
C_hard_maze,0,2,4,31060069,h_oracle,400,True,7.122527762569108,75,75,7.122527762569112
C_hard_maze,0,2,4,31060069,h_next,800,True,7.122527762569108,517,517,7.122527762569112
C_hard_maze,0,2,4,31060069,h_legsum,800,True,7.122527762569108,517,517,7.122527762569112
C_hard_maze,0,2,4,31060069,h_oracle,800,True,7.122527762569108,75,75,7.122527762569112
C_hard_maze,0,2,4,31060069,h_next,1600,True,7.122527762569108,517,517,7.122527762569112
C_hard_maze,0,2,4,31060069,h_legsum,1600,True,7.122527762569108,517,517,7.122527762569112
C_hard_maze,0,2,4,31060069,h_oracle,1600,True,7.122527762569108,75,75,7.122527762569112
C_hard_maze,0,2,4,31060069,h_next,3200,True,7.122527762569108,517,517,7.122527762569112
C_hard_maze,0,2,4,31060069,h_legsum,3200,True,7.122527762569108,517,517,7.122527762569112
C_hard_maze,0,2,4,31060069,h_oracle,3200,True,7.122527762569108,75,75,7.122527762569112
C_hard_maze,0,2,5,31075907,h_next,100,False,nan,100,100,2.7610806684086393
C_hard_maze,0,2,5,31075907,h_legsum,100,False,nan,100,100,2.7610806684086393
C_hard_maze,0,2,5,31075907,h_oracle,100,True,2.7610806684086406,27,27,2.7610806684086393
C_hard_maze,0,2,5,31075907,h_next,200,False,nan,200,200,2.7610806684086393
C_hard_maze,0,2,5,31075907,h_legsum,200,False,nan,200,200,2.7610806684086393
C_hard_maze,0,2,5,31075907,h_oracle,200,True,2.7610806684086406,27,27,2.7610806684086393
C_hard_maze,0,2,5,31075907,h_next,400,False,nan,400,400,2.7610806684086393
C_hard_maze,0,2,5,31075907,h_legsum,400,True,2.7610806684086406,281,281,2.7610806684086393
C_hard_maze,0,2,5,31075907,h_oracle,400,True,2.7610806684086406,27,27,2.7610806684086393
C_hard_maze,0,2,5,31075907,h_next,800,True,2.7610806684086406,404,404,2.7610806684086393
C_hard_maze,0,2,5,31075907,h_legsum,800,True,2.7610806684086406,281,281,2.7610806684086393
C_hard_maze,0,2,5,31075907,h_oracle,800,True,2.7610806684086406,27,27,2.7610806684086393
C_hard_maze,0,2,5,31075907,h_next,1600,True,2.7610806684086406,404,404,2.7610806684086393
C_hard_maze,0,2,5,31075907,h_legsum,1600,True,2.7610806684086406,281,281,2.7610806684086393
C_hard_maze,0,2,5,31075907,h_oracle,1600,True,2.7610806684086406,27,27,2.7610806684086393
C_hard_maze,0,2,5,31075907,h_next,3200,True,2.7610806684086406,404,404,2.7610806684086393
C_hard_maze,0,2,5,31075907,h_legsum,3200,True,2.7610806684086406,281,281,2.7610806684086393
C_hard_maze,0,2,5,31075907,h_oracle,3200,True,2.7610806684086406,27,27,2.7610806684086393
C_hard_maze,0,2,6,31107583,h_next,100,False,nan,100,100,5.73341784299122
C_hard_maze,0,2,6,31107583,h_legsum,100,False,nan,100,100,5.73341784299122
C_hard_maze,0,2,6,31107583,h_oracle,100,True,5.733417842991222,66,66,5.73341784299122
C_hard_maze,0,2,6,31107583,h_next,200,False,nan,200,200,5.73341784299122
C_hard_maze,0,2,6,31107583,h_legsum,200,False,nan,200,200,5.73341784299122
C_hard_maze,0,2,6,31107583,h_oracle,200,True,5.733417842991222,66,66,5.73341784299122
C_hard_maze,0,2,6,31107583,h_next,400,False,nan,400,400,5.73341784299122
C_hard_maze,0,2,6,31107583,h_legsum,400,False,nan,400,400,5.73341784299122
C_hard_maze,0,2,6,31107583,h_oracle,400,True,5.733417842991222,66,66,5.73341784299122
C_hard_maze,0,2,6,31107583,h_next,800,True,5.733417842991222,525,525,5.73341784299122
C_hard_maze,0,2,6,31107583,h_legsum,800,True,5.733417842991222,525,525,5.73341784299122
C_hard_maze,0,2,6,31107583,h_oracle,800,True,5.733417842991222,66,66,5.73341784299122
C_hard_maze,0,2,6,31107583,h_next,1600,True,5.733417842991222,525,525,5.73341784299122
C_hard_maze,0,2,6,31107583,h_legsum,1600,True,5.733417842991222,525,525,5.73341784299122
C_hard_maze,0,2,6,31107583,h_oracle,1600,True,5.733417842991222,66,66,5.73341784299122
C_hard_maze,0,2,6,31107583,h_next,3200,True,5.733417842991222,525,525,5.73341784299122
C_hard_maze,0,2,6,31107583,h_legsum,3200,True,5.733417842991222,525,525,5.73341784299122
C_hard_maze,0,2,6,31107583,h_oracle,3200,True,5.733417842991222,66,66,5.73341784299122
C_hard_maze,0,2,7,31115502,h_next,100,False,nan,100,100,3.3818728178338247
C_hard_maze,0,2,7,31115502,h_legsum,100,False,nan,100,100,3.3818728178338247
C_hard_maze,0,2,7,31115502,h_oracle,100,True,3.381872817833824,41,41,3.3818728178338247
C_hard_maze,0,2,7,31115502,h_next,200,False,nan,200,200,3.3818728178338247
C_hard_maze,0,2,7,31115502,h_legsum,200,False,nan,200,200,3.3818728178338247
C_hard_maze,0,2,7,31115502,h_oracle,200,True,3.381872817833824,41,41,3.3818728178338247
C_hard_maze,0,2,7,31115502,h_next,400,True,3.381872817833824,392,392,3.3818728178338247
C_hard_maze,0,2,7,31115502,h_legsum,400,True,3.381872817833824,342,342,3.3818728178338247
C_hard_maze,0,2,7,31115502,h_oracle,400,True,3.381872817833824,41,41,3.3818728178338247
C_hard_maze,0,2,7,31115502,h_next,800,True,3.381872817833824,392,392,3.3818728178338247
C_hard_maze,0,2,7,31115502,h_legsum,800,True,3.381872817833824,342,342,3.3818728178338247
C_hard_maze,0,2,7,31115502,h_oracle,800,True,3.381872817833824,41,41,3.3818728178338247
C_hard_maze,0,2,7,31115502,h_next,1600,True,3.381872817833824,392,392,3.3818728178338247
C_hard_maze,0,2,7,31115502,h_legsum,1600,True,3.381872817833824,342,342,3.3818728178338247
C_hard_maze,0,2,7,31115502,h_oracle,1600,True,3.381872817833824,41,41,3.3818728178338247
C_hard_maze,0,2,7,31115502,h_next,3200,True,3.381872817833824,392,392,3.3818728178338247
C_hard_maze,0,2,7,31115502,h_legsum,3200,True,3.381872817833824,342,342,3.3818728178338247
C_hard_maze,0,2,7,31115502,h_oracle,3200,True,3.381872817833824,41,41,3.3818728178338247
C_hard_maze,0,2,8,31131340,h_next,100,False,nan,100,100,4.063779377014337
C_hard_maze,0,2,8,31131340,h_legsum,100,False,nan,100,100,4.063779377014337
C_hard_maze,0,2,8,31131340,h_oracle,100,True,4.06377937701434,45,45,4.063779377014337
C_hard_maze,0,2,8,31131340,h_next,200,False,nan,200,200,4.063779377014337
C_hard_maze,0,2,8,31131340,h_legsum,200,False,nan,200,200,4.063779377014337
C_hard_maze,0,2,8,31131340,h_oracle,200,True,4.06377937701434,45,45,4.063779377014337
C_hard_maze,0,2,8,31131340,h_next,400,False,nan,400,400,4.063779377014337
C_hard_maze,0,2,8,31131340,h_legsum,400,False,nan,400,400,4.063779377014337
C_hard_maze,0,2,8,31131340,h_oracle,400,True,4.06377937701434,45,45,4.063779377014337
C_hard_maze,0,2,8,31131340,h_next,800,True,4.06377937701434,476,476,4.063779377014337
C_hard_maze,0,2,8,31131340,h_legsum,800,True,4.06377937701434,407,407,4.063779377014337
C_hard_maze,0,2,8,31131340,h_oracle,800,True,4.06377937701434,45,45,4.063779377014337
C_hard_maze,0,2,8,31131340,h_next,1600,True,4.06377937701434,476,476,4.063779377014337
C_hard_maze,0,2,8,31131340,h_legsum,1600,True,4.06377937701434,407,407,4.063779377014337
C_hard_maze,0,2,8,31131340,h_oracle,1600,True,4.06377937701434,45,45,4.063779377014337
C_hard_maze,0,2,8,31131340,h_next,3200,True,4.06377937701434,476,476,4.063779377014337
C_hard_maze,0,2,8,31131340,h_legsum,3200,True,4.06377937701434,407,407,4.063779377014337
C_hard_maze,0,2,8,31131340,h_oracle,3200,True,4.06377937701434,45,45,4.063779377014337
C_hard_maze,0,2,9,31155097,h_next,100,False,nan,100,100,3.319855104100374
C_hard_maze,0,2,9,31155097,h_legsum,100,False,nan,100,100,3.319855104100374
C_hard_maze,0,2,9,31155097,h_oracle,100,True,3.3198551041003728,36,36,3.319855104100374
C_hard_maze,0,2,9,31155097,h_next,200,False,nan,200,200,3.319855104100374
C_hard_maze,0,2,9,31155097,h_legsum,200,False,nan,200,200,3.319855104100374
C_hard_maze,0,2,9,31155097,h_oracle,200,True,3.3198551041003728,36,36,3.319855104100374
C_hard_maze,0,2,9,31155097,h_next,400,False,nan,400,400,3.319855104100374
C_hard_maze,0,2,9,31155097,h_legsum,400,True,3.3198551041003728,347,347,3.319855104100374
C_hard_maze,0,2,9,31155097,h_oracle,400,True,3.3198551041003728,36,36,3.319855104100374
C_hard_maze,0,2,9,31155097,h_next,800,True,3.3198551041003728,503,503,3.319855104100374
C_hard_maze,0,2,9,31155097,h_legsum,800,True,3.3198551041003728,347,347,3.319855104100374
C_hard_maze,0,2,9,31155097,h_oracle,800,True,3.3198551041003728,36,36,3.319855104100374
C_hard_maze,0,2,9,31155097,h_next,1600,True,3.3198551041003728,503,503,3.319855104100374
C_hard_maze,0,2,9,31155097,h_legsum,1600,True,3.3198551041003728,347,347,3.319855104100374
C_hard_maze,0,2,9,31155097,h_oracle,1600,True,3.3198551041003728,36,36,3.319855104100374
C_hard_maze,0,2,9,31155097,h_next,3200,True,3.3198551041003728,503,503,3.319855104100374
C_hard_maze,0,2,9,31155097,h_legsum,3200,True,3.3198551041003728,347,347,3.319855104100374
C_hard_maze,0,2,9,31155097,h_oracle,3200,True,3.3198551041003728,36,36,3.319855104100374
C_hard_maze,0,2,10,31163016,h_next,100,False,nan,100,100,2.9995761035613424
C_hard_maze,0,2,10,31163016,h_legsum,100,False,nan,100,100,2.9995761035613424
C_hard_maze,0,2,10,31163016,h_oracle,100,True,2.9995761035613433,33,33,2.9995761035613424
C_hard_maze,0,2,10,31163016,h_next,200,False,nan,200,200,2.9995761035613424
C_hard_maze,0,2,10,31163016,h_legsum,200,False,nan,200,200,2.9995761035613424
C_hard_maze,0,2,10,31163016,h_oracle,200,True,2.9995761035613433,33,33,2.9995761035613424
C_hard_maze,0,2,10,31163016,h_next,400,False,nan,400,400,2.9995761035613424
C_hard_maze,0,2,10,31163016,h_legsum,400,True,2.9995761035613433,327,327,2.9995761035613424
C_hard_maze,0,2,10,31163016,h_oracle,400,True,2.9995761035613433,33,33,2.9995761035613424
C_hard_maze,0,2,10,31163016,h_next,800,True,2.9995761035613433,437,437,2.9995761035613424
C_hard_maze,0,2,10,31163016,h_legsum,800,True,2.9995761035613433,327,327,2.9995761035613424
C_hard_maze,0,2,10,31163016,h_oracle,800,True,2.9995761035613433,33,33,2.9995761035613424
C_hard_maze,0,2,10,31163016,h_next,1600,True,2.9995761035613433,437,437,2.9995761035613424
C_hard_maze,0,2,10,31163016,h_legsum,1600,True,2.9995761035613433,327,327,2.9995761035613424
C_hard_maze,0,2,10,31163016,h_oracle,1600,True,2.9995761035613433,33,33,2.9995761035613424
C_hard_maze,0,2,10,31163016,h_next,3200,True,2.9995761035613433,437,437,2.9995761035613424
C_hard_maze,0,2,10,31163016,h_legsum,3200,True,2.9995761035613433,327,327,2.9995761035613424
C_hard_maze,0,2,10,31163016,h_oracle,3200,True,2.9995761035613433,33,33,2.9995761035613424
C_hard_maze,0,2,11,31186773,h_next,100,False,nan,100,100,2.4908810090206153
C_hard_maze,0,2,11,31186773,h_legsum,100,False,nan,100,100,2.4908810090206153
C_hard_maze,0,2,11,31186773,h_oracle,100,True,2.4908810090206153,29,29,2.4908810090206153
C_hard_maze,0,2,11,31186773,h_next,200,False,nan,200,200,2.4908810090206153
C_hard_maze,0,2,11,31186773,h_legsum,200,False,nan,200,200,2.4908810090206153
C_hard_maze,0,2,11,31186773,h_oracle,200,True,2.4908810090206153,29,29,2.4908810090206153
C_hard_maze,0,2,11,31186773,h_next,400,False,nan,400,400,2.4908810090206153
C_hard_maze,0,2,11,31186773,h_legsum,400,True,2.4908810090206153,337,337,2.4908810090206153
C_hard_maze,0,2,11,31186773,h_oracle,400,True,2.4908810090206153,29,29,2.4908810090206153
C_hard_maze,0,2,11,31186773,h_next,800,True,2.4908810090206153,466,466,2.4908810090206153
C_hard_maze,0,2,11,31186773,h_legsum,800,True,2.4908810090206153,337,337,2.4908810090206153
C_hard_maze,0,2,11,31186773,h_oracle,800,True,2.4908810090206153,29,29,2.4908810090206153
C_hard_maze,0,2,11,31186773,h_next,1600,True,2.4908810090206153,466,466,2.4908810090206153
C_hard_maze,0,2,11,31186773,h_legsum,1600,True,2.4908810090206153,337,337,2.4908810090206153
C_hard_maze,0,2,11,31186773,h_oracle,1600,True,2.4908810090206153,29,29,2.4908810090206153
C_hard_maze,0,2,11,31186773,h_next,3200,True,2.4908810090206153,466,466,2.4908810090206153
C_hard_maze,0,2,11,31186773,h_legsum,3200,True,2.4908810090206153,337,337,2.4908810090206153
C_hard_maze,0,2,11,31186773,h_oracle,3200,True,2.4908810090206153,29,29,2.4908810090206153
C_hard_maze,0,2,12,31234287,h_next,100,False,nan,100,100,2.381034722244619
C_hard_maze,0,2,12,31234287,h_legsum,100,False,nan,100,100,2.381034722244619
C_hard_maze,0,2,12,31234287,h_oracle,100,True,2.3810347222446193,24,24,2.381034722244619
C_hard_maze,0,2,12,31234287,h_next,200,False,nan,200,200,2.381034722244619
C_hard_maze,0,2,12,31234287,h_legsum,200,True,2.3810347222446193,163,163,2.381034722244619
C_hard_maze,0,2,12,31234287,h_oracle,200,True,2.3810347222446193,24,24,2.381034722244619
C_hard_maze,0,2,12,31234287,h_next,400,True,2.3810347222446193,303,303,2.381034722244619
C_hard_maze,0,2,12,31234287,h_legsum,400,True,2.3810347222446193,163,163,2.381034722244619
C_hard_maze,0,2,12,31234287,h_oracle,400,True,2.3810347222446193,24,24,2.381034722244619
C_hard_maze,0,2,12,31234287,h_next,800,True,2.3810347222446193,303,303,2.381034722244619
C_hard_maze,0,2,12,31234287,h_legsum,800,True,2.3810347222446193,163,163,2.381034722244619
C_hard_maze,0,2,12,31234287,h_oracle,800,True,2.3810347222446193,24,24,2.381034722244619
C_hard_maze,0,2,12,31234287,h_next,1600,True,2.3810347222446193,303,303,2.381034722244619
C_hard_maze,0,2,12,31234287,h_legsum,1600,True,2.3810347222446193,163,163,2.381034722244619
C_hard_maze,0,2,12,31234287,h_oracle,1600,True,2.3810347222446193,24,24,2.381034722244619
C_hard_maze,0,2,12,31234287,h_next,3200,True,2.3810347222446193,303,303,2.381034722244619
C_hard_maze,0,2,12,31234287,h_legsum,3200,True,2.3810347222446193,163,163,2.381034722244619
C_hard_maze,0,2,12,31234287,h_oracle,3200,True,2.3810347222446193,24,24,2.381034722244619
C_hard_maze,0,2,13,31258044,h_next,100,False,nan,100,100,2.5906495670233083
C_hard_maze,0,2,13,31258044,h_legsum,100,False,nan,100,100,2.5906495670233083
C_hard_maze,0,2,13,31258044,h_oracle,100,True,2.590649567023308,26,26,2.5906495670233083
C_hard_maze,0,2,13,31258044,h_next,200,False,nan,200,200,2.5906495670233083
C_hard_maze,0,2,13,31258044,h_legsum,200,False,nan,200,200,2.5906495670233083
C_hard_maze,0,2,13,31258044,h_oracle,200,True,2.590649567023308,26,26,2.5906495670233083
C_hard_maze,0,2,13,31258044,h_next,400,True,2.590649567023308,382,382,2.5906495670233083
C_hard_maze,0,2,13,31258044,h_legsum,400,True,2.590649567023308,262,262,2.5906495670233083
C_hard_maze,0,2,13,31258044,h_oracle,400,True,2.590649567023308,26,26,2.5906495670233083
C_hard_maze,0,2,13,31258044,h_next,800,True,2.590649567023308,382,382,2.5906495670233083
C_hard_maze,0,2,13,31258044,h_legsum,800,True,2.590649567023308,262,262,2.5906495670233083
C_hard_maze,0,2,13,31258044,h_oracle,800,True,2.590649567023308,26,26,2.5906495670233083
C_hard_maze,0,2,13,31258044,h_next,1600,True,2.590649567023308,382,382,2.5906495670233083
C_hard_maze,0,2,13,31258044,h_legsum,1600,True,2.590649567023308,262,262,2.5906495670233083
C_hard_maze,0,2,13,31258044,h_oracle,1600,True,2.590649567023308,26,26,2.5906495670233083
C_hard_maze,0,2,13,31258044,h_next,3200,True,2.590649567023308,382,382,2.5906495670233083
C_hard_maze,0,2,13,31258044,h_legsum,3200,True,2.590649567023308,262,262,2.5906495670233083
C_hard_maze,0,2,13,31258044,h_oracle,3200,True,2.590649567023308,26,26,2.5906495670233083
C_hard_maze,0,2,14,31281801,h_next,100,False,nan,100,100,4.226609945341517
C_hard_maze,0,2,14,31281801,h_legsum,100,False,nan,100,100,4.226609945341517
C_hard_maze,0,2,14,31281801,h_oracle,100,True,4.226609945341518,46,46,4.226609945341517
C_hard_maze,0,2,14,31281801,h_next,200,False,nan,200,200,4.226609945341517
C_hard_maze,0,2,14,31281801,h_legsum,200,False,nan,200,200,4.226609945341517
C_hard_maze,0,2,14,31281801,h_oracle,200,True,4.226609945341518,46,46,4.226609945341517
C_hard_maze,0,2,14,31281801,h_next,400,False,nan,400,400,4.226609945341517
C_hard_maze,0,2,14,31281801,h_legsum,400,True,4.226609945341518,380,380,4.226609945341517
C_hard_maze,0,2,14,31281801,h_oracle,400,True,4.226609945341518,46,46,4.226609945341517
C_hard_maze,0,2,14,31281801,h_next,800,True,4.226609945341518,404,404,4.226609945341517
C_hard_maze,0,2,14,31281801,h_legsum,800,True,4.226609945341518,380,380,4.226609945341517
C_hard_maze,0,2,14,31281801,h_oracle,800,True,4.226609945341518,46,46,4.226609945341517
C_hard_maze,0,2,14,31281801,h_next,1600,True,4.226609945341518,404,404,4.226609945341517
C_hard_maze,0,2,14,31281801,h_legsum,1600,True,4.226609945341518,380,380,4.226609945341517
C_hard_maze,0,2,14,31281801,h_oracle,1600,True,4.226609945341518,46,46,4.226609945341517
C_hard_maze,0,2,14,31281801,h_next,3200,True,4.226609945341518,404,404,4.226609945341517
C_hard_maze,0,2,14,31281801,h_legsum,3200,True,4.226609945341518,380,380,4.226609945341517
C_hard_maze,0,2,14,31281801,h_oracle,3200,True,4.226609945341518,46,46,4.226609945341517
C_hard_maze,0,2,15,31297639,h_next,100,False,nan,100,100,4.668448678982942
C_hard_maze,0,2,15,31297639,h_legsum,100,False,nan,100,100,4.668448678982942
C_hard_maze,0,2,15,31297639,h_oracle,100,True,4.668448678982941,54,54,4.668448678982942
C_hard_maze,0,2,15,31297639,h_next,200,False,nan,200,200,4.668448678982942
C_hard_maze,0,2,15,31297639,h_legsum,200,False,nan,200,200,4.668448678982942
C_hard_maze,0,2,15,31297639,h_oracle,200,True,4.668448678982941,54,54,4.668448678982942
C_hard_maze,0,2,15,31297639,h_next,400,False,nan,400,400,4.668448678982942
C_hard_maze,0,2,15,31297639,h_legsum,400,False,nan,400,400,4.668448678982942
C_hard_maze,0,2,15,31297639,h_oracle,400,True,4.668448678982941,54,54,4.668448678982942
C_hard_maze,0,2,15,31297639,h_next,800,True,4.668448678982941,529,529,4.668448678982942
C_hard_maze,0,2,15,31297639,h_legsum,800,True,4.668448678982941,479,479,4.668448678982942
C_hard_maze,0,2,15,31297639,h_oracle,800,True,4.668448678982941,54,54,4.668448678982942
C_hard_maze,0,2,15,31297639,h_next,1600,True,4.668448678982941,529,529,4.668448678982942
C_hard_maze,0,2,15,31297639,h_legsum,1600,True,4.668448678982941,479,479,4.668448678982942
C_hard_maze,0,2,15,31297639,h_oracle,1600,True,4.668448678982941,54,54,4.668448678982942
C_hard_maze,0,2,15,31297639,h_next,3200,True,4.668448678982941,529,529,4.668448678982942
C_hard_maze,0,2,15,31297639,h_legsum,3200,True,4.668448678982941,479,479,4.668448678982942
C_hard_maze,0,2,15,31297639,h_oracle,3200,True,4.668448678982941,54,54,4.668448678982942
C_hard_maze,0,2,16,31337234,h_next,100,False,nan,100,100,2.6605376955724434
C_hard_maze,0,2,16,31337234,h_legsum,100,False,nan,100,100,2.6605376955724434
C_hard_maze,0,2,16,31337234,h_oracle,100,True,2.6605376955724434,32,32,2.6605376955724434
C_hard_maze,0,2,16,31337234,h_next,200,False,nan,200,200,2.6605376955724434
C_hard_maze,0,2,16,31337234,h_legsum,200,False,nan,200,200,2.6605376955724434
C_hard_maze,0,2,16,31337234,h_oracle,200,True,2.6605376955724434,32,32,2.6605376955724434
C_hard_maze,0,2,16,31337234,h_next,400,False,nan,400,400,2.6605376955724434
C_hard_maze,0,2,16,31337234,h_legsum,400,True,2.6605376955724434,303,303,2.6605376955724434
C_hard_maze,0,2,16,31337234,h_oracle,400,True,2.6605376955724434,32,32,2.6605376955724434
C_hard_maze,0,2,16,31337234,h_next,800,True,2.6605376955724434,459,459,2.6605376955724434
C_hard_maze,0,2,16,31337234,h_legsum,800,True,2.6605376955724434,303,303,2.6605376955724434
C_hard_maze,0,2,16,31337234,h_oracle,800,True,2.6605376955724434,32,32,2.6605376955724434
C_hard_maze,0,2,16,31337234,h_next,1600,True,2.6605376955724434,459,459,2.6605376955724434
C_hard_maze,0,2,16,31337234,h_legsum,1600,True,2.6605376955724434,303,303,2.6605376955724434
C_hard_maze,0,2,16,31337234,h_oracle,1600,True,2.6605376955724434,32,32,2.6605376955724434
C_hard_maze,0,2,16,31337234,h_next,3200,True,2.6605376955724434,459,459,2.6605376955724434
C_hard_maze,0,2,16,31337234,h_legsum,3200,True,2.6605376955724434,303,303,2.6605376955724434
C_hard_maze,0,2,16,31337234,h_oracle,3200,True,2.6605376955724434,32,32,2.6605376955724434
C_hard_maze,0,2,17,31368910,h_next,100,False,nan,100,100,4.801914901955072
C_hard_maze,0,2,17,31368910,h_legsum,100,False,nan,100,100,4.801914901955072
C_hard_maze,0,2,17,31368910,h_oracle,100,True,4.8019149019550715,51,51,4.801914901955072
C_hard_maze,0,2,17,31368910,h_next,200,False,nan,200,200,4.801914901955072
C_hard_maze,0,2,17,31368910,h_legsum,200,False,nan,200,200,4.801914901955072
C_hard_maze,0,2,17,31368910,h_oracle,200,True,4.8019149019550715,51,51,4.801914901955072
C_hard_maze,0,2,17,31368910,h_next,400,False,nan,400,400,4.801914901955072
C_hard_maze,0,2,17,31368910,h_legsum,400,True,4.8019149019550715,391,391,4.801914901955072
C_hard_maze,0,2,17,31368910,h_oracle,400,True,4.8019149019550715,51,51,4.801914901955072
C_hard_maze,0,2,17,31368910,h_next,800,True,4.8019149019550715,402,402,4.801914901955072
C_hard_maze,0,2,17,31368910,h_legsum,800,True,4.8019149019550715,391,391,4.801914901955072
C_hard_maze,0,2,17,31368910,h_oracle,800,True,4.8019149019550715,51,51,4.801914901955072
C_hard_maze,0,2,17,31368910,h_next,1600,True,4.8019149019550715,402,402,4.801914901955072
C_hard_maze,0,2,17,31368910,h_legsum,1600,True,4.8019149019550715,391,391,4.801914901955072
C_hard_maze,0,2,17,31368910,h_oracle,1600,True,4.8019149019550715,51,51,4.801914901955072
C_hard_maze,0,2,17,31368910,h_next,3200,True,4.8019149019550715,402,402,4.801914901955072
C_hard_maze,0,2,17,31368910,h_legsum,3200,True,4.8019149019550715,391,391,4.801914901955072
C_hard_maze,0,2,17,31368910,h_oracle,3200,True,4.8019149019550715,51,51,4.801914901955072
C_hard_maze,0,2,18,31400586,h_next,100,False,nan,100,100,2.0571791236145387
C_hard_maze,0,2,18,31400586,h_legsum,100,False,nan,100,100,2.0571791236145387
C_hard_maze,0,2,18,31400586,h_oracle,100,True,2.0571791236145387,21,21,2.0571791236145387
C_hard_maze,0,2,18,31400586,h_next,200,True,2.0571791236145387,185,185,2.0571791236145387
C_hard_maze,0,2,18,31400586,h_legsum,200,True,2.0571791236145387,152,152,2.0571791236145387
C_hard_maze,0,2,18,31400586,h_oracle,200,True,2.0571791236145387,21,21,2.0571791236145387
C_hard_maze,0,2,18,31400586,h_next,400,True,2.0571791236145387,185,185,2.0571791236145387
C_hard_maze,0,2,18,31400586,h_legsum,400,True,2.0571791236145387,152,152,2.0571791236145387
C_hard_maze,0,2,18,31400586,h_oracle,400,True,2.0571791236145387,21,21,2.0571791236145387
C_hard_maze,0,2,18,31400586,h_next,800,True,2.0571791236145387,185,185,2.0571791236145387
C_hard_maze,0,2,18,31400586,h_legsum,800,True,2.0571791236145387,152,152,2.0571791236145387
C_hard_maze,0,2,18,31400586,h_oracle,800,True,2.0571791236145387,21,21,2.0571791236145387
C_hard_maze,0,2,18,31400586,h_next,1600,True,2.0571791236145387,185,185,2.0571791236145387
C_hard_maze,0,2,18,31400586,h_legsum,1600,True,2.0571791236145387,152,152,2.0571791236145387
C_hard_maze,0,2,18,31400586,h_oracle,1600,True,2.0571791236145387,21,21,2.0571791236145387
C_hard_maze,0,2,18,31400586,h_next,3200,True,2.0571791236145387,185,185,2.0571791236145387
C_hard_maze,0,2,18,31400586,h_legsum,3200,True,2.0571791236145387,152,152,2.0571791236145387
C_hard_maze,0,2,18,31400586,h_oracle,3200,True,2.0571791236145387,21,21,2.0571791236145387
C_hard_maze,0,2,19,31440181,h_next,100,False,nan,100,100,2.0854943387900047
C_hard_maze,0,2,19,31440181,h_legsum,100,False,nan,100,100,2.0854943387900047
C_hard_maze,0,2,19,31440181,h_oracle,100,True,2.0854943387900042,24,24,2.0854943387900047
C_hard_maze,0,2,19,31440181,h_next,200,False,nan,200,200,2.0854943387900047
C_hard_maze,0,2,19,31440181,h_legsum,200,True,2.0854943387900042,163,163,2.0854943387900047
C_hard_maze,0,2,19,31440181,h_oracle,200,True,2.0854943387900042,24,24,2.0854943387900047
C_hard_maze,0,2,19,31440181,h_next,400,True,2.0854943387900042,243,243,2.0854943387900047
C_hard_maze,0,2,19,31440181,h_legsum,400,True,2.0854943387900042,163,163,2.0854943387900047
C_hard_maze,0,2,19,31440181,h_oracle,400,True,2.0854943387900042,24,24,2.0854943387900047
C_hard_maze,0,2,19,31440181,h_next,800,True,2.0854943387900042,243,243,2.0854943387900047
C_hard_maze,0,2,19,31440181,h_legsum,800,True,2.0854943387900042,163,163,2.0854943387900047
C_hard_maze,0,2,19,31440181,h_oracle,800,True,2.0854943387900042,24,24,2.0854943387900047
C_hard_maze,0,2,19,31440181,h_next,1600,True,2.0854943387900042,243,243,2.0854943387900047
C_hard_maze,0,2,19,31440181,h_legsum,1600,True,2.0854943387900042,163,163,2.0854943387900047
C_hard_maze,0,2,19,31440181,h_oracle,1600,True,2.0854943387900042,24,24,2.0854943387900047
C_hard_maze,0,2,19,31440181,h_next,3200,True,2.0854943387900042,243,243,2.0854943387900047
C_hard_maze,0,2,19,31440181,h_legsum,3200,True,2.0854943387900042,163,163,2.0854943387900047
C_hard_maze,0,2,19,31440181,h_oracle,3200,True,2.0854943387900042,24,24,2.0854943387900047
C_hard_maze,0,2,20,31456019,h_next,100,False,nan,100,100,5.356362859656624
C_hard_maze,0,2,20,31456019,h_legsum,100,False,nan,100,100,5.356362859656624
C_hard_maze,0,2,20,31456019,h_oracle,100,True,5.356362859656624,54,54,5.356362859656624
C_hard_maze,0,2,20,31456019,h_next,200,False,nan,200,200,5.356362859656624
C_hard_maze,0,2,20,31456019,h_legsum,200,False,nan,200,200,5.356362859656624
C_hard_maze,0,2,20,31456019,h_oracle,200,True,5.356362859656624,54,54,5.356362859656624
C_hard_maze,0,2,20,31456019,h_next,400,False,nan,400,400,5.356362859656624
C_hard_maze,0,2,20,31456019,h_legsum,400,False,nan,400,400,5.356362859656624
C_hard_maze,0,2,20,31456019,h_oracle,400,True,5.356362859656624,54,54,5.356362859656624
C_hard_maze,0,2,20,31456019,h_next,800,True,5.356362859656624,524,524,5.356362859656624
C_hard_maze,0,2,20,31456019,h_legsum,800,True,5.356362859656624,524,524,5.356362859656624
C_hard_maze,0,2,20,31456019,h_oracle,800,True,5.356362859656624,54,54,5.356362859656624
C_hard_maze,0,2,20,31456019,h_next,1600,True,5.356362859656624,524,524,5.356362859656624
C_hard_maze,0,2,20,31456019,h_legsum,1600,True,5.356362859656624,524,524,5.356362859656624
C_hard_maze,0,2,20,31456019,h_oracle,1600,True,5.356362859656624,54,54,5.356362859656624
C_hard_maze,0,2,20,31456019,h_next,3200,True,5.356362859656624,524,524,5.356362859656624
C_hard_maze,0,2,20,31456019,h_legsum,3200,True,5.356362859656624,524,524,5.356362859656624
C_hard_maze,0,2,20,31456019,h_oracle,3200,True,5.356362859656624,54,54,5.356362859656624
C_hard_maze,0,2,21,31471857,h_next,100,False,nan,100,100,3.9874016930179823
C_hard_maze,0,2,21,31471857,h_legsum,100,False,nan,100,100,3.9874016930179823
C_hard_maze,0,2,21,31471857,h_oracle,100,True,3.9874016930179823,37,37,3.9874016930179823
C_hard_maze,0,2,21,31471857,h_next,200,False,nan,200,200,3.9874016930179823
C_hard_maze,0,2,21,31471857,h_legsum,200,False,nan,200,200,3.9874016930179823
C_hard_maze,0,2,21,31471857,h_oracle,200,True,3.9874016930179823,37,37,3.9874016930179823
C_hard_maze,0,2,21,31471857,h_next,400,False,nan,400,400,3.9874016930179823
C_hard_maze,0,2,21,31471857,h_legsum,400,True,3.9874016930179823,375,375,3.9874016930179823
C_hard_maze,0,2,21,31471857,h_oracle,400,True,3.9874016930179823,37,37,3.9874016930179823
C_hard_maze,0,2,21,31471857,h_next,800,True,3.9874016930179823,410,410,3.9874016930179823
C_hard_maze,0,2,21,31471857,h_legsum,800,True,3.9874016930179823,375,375,3.9874016930179823
C_hard_maze,0,2,21,31471857,h_oracle,800,True,3.9874016930179823,37,37,3.9874016930179823
C_hard_maze,0,2,21,31471857,h_next,1600,True,3.9874016930179823,410,410,3.9874016930179823
C_hard_maze,0,2,21,31471857,h_legsum,1600,True,3.9874016930179823,375,375,3.9874016930179823
C_hard_maze,0,2,21,31471857,h_oracle,1600,True,3.9874016930179823,37,37,3.9874016930179823
C_hard_maze,0,2,21,31471857,h_next,3200,True,3.9874016930179823,410,410,3.9874016930179823
C_hard_maze,0,2,21,31471857,h_legsum,3200,True,3.9874016930179823,375,375,3.9874016930179823
C_hard_maze,0,2,21,31471857,h_oracle,3200,True,3.9874016930179823,37,37,3.9874016930179823
C_hard_maze,0,2,22,31479776,h_next,100,False,nan,100,100,1.9488147211709352
C_hard_maze,0,2,22,31479776,h_legsum,100,False,nan,100,100,1.9488147211709352
C_hard_maze,0,2,22,31479776,h_oracle,100,True,1.948814721170935,22,22,1.9488147211709352
C_hard_maze,0,2,22,31479776,h_next,200,False,nan,200,200,1.9488147211709352
C_hard_maze,0,2,22,31479776,h_legsum,200,True,1.948814721170935,136,136,1.9488147211709352
C_hard_maze,0,2,22,31479776,h_oracle,200,True,1.948814721170935,22,22,1.9488147211709352
C_hard_maze,0,2,22,31479776,h_next,400,True,1.948814721170935,209,209,1.9488147211709352
C_hard_maze,0,2,22,31479776,h_legsum,400,True,1.948814721170935,136,136,1.9488147211709352
C_hard_maze,0,2,22,31479776,h_oracle,400,True,1.948814721170935,22,22,1.9488147211709352
C_hard_maze,0,2,22,31479776,h_next,800,True,1.948814721170935,209,209,1.9488147211709352
C_hard_maze,0,2,22,31479776,h_legsum,800,True,1.948814721170935,136,136,1.9488147211709352
C_hard_maze,0,2,22,31479776,h_oracle,800,True,1.948814721170935,22,22,1.9488147211709352
C_hard_maze,0,2,22,31479776,h_next,1600,True,1.948814721170935,209,209,1.9488147211709352
C_hard_maze,0,2,22,31479776,h_legsum,1600,True,1.948814721170935,136,136,1.9488147211709352
C_hard_maze,0,2,22,31479776,h_oracle,1600,True,1.948814721170935,22,22,1.9488147211709352
C_hard_maze,0,2,22,31479776,h_next,3200,True,1.948814721170935,209,209,1.9488147211709352
C_hard_maze,0,2,22,31479776,h_legsum,3200,True,1.948814721170935,136,136,1.9488147211709352
C_hard_maze,0,2,22,31479776,h_oracle,3200,True,1.948814721170935,22,22,1.9488147211709352
C_hard_maze,0,2,23,31503533,h_next,100,False,nan,100,100,3.104246679901165
C_hard_maze,0,2,23,31503533,h_legsum,100,False,nan,100,100,3.104246679901165
C_hard_maze,0,2,23,31503533,h_oracle,100,True,3.1042466799011654,31,31,3.104246679901165
C_hard_maze,0,2,23,31503533,h_next,200,False,nan,200,200,3.104246679901165
C_hard_maze,0,2,23,31503533,h_legsum,200,False,nan,200,200,3.104246679901165
C_hard_maze,0,2,23,31503533,h_oracle,200,True,3.1042466799011654,31,31,3.104246679901165
C_hard_maze,0,2,23,31503533,h_next,400,True,3.1042466799011654,342,342,3.104246679901165
C_hard_maze,0,2,23,31503533,h_legsum,400,True,3.1042466799011654,214,214,3.104246679901165
C_hard_maze,0,2,23,31503533,h_oracle,400,True,3.1042466799011654,31,31,3.104246679901165
C_hard_maze,0,2,23,31503533,h_next,800,True,3.1042466799011654,342,342,3.104246679901165
C_hard_maze,0,2,23,31503533,h_legsum,800,True,3.1042466799011654,214,214,3.104246679901165
C_hard_maze,0,2,23,31503533,h_oracle,800,True,3.1042466799011654,31,31,3.104246679901165
C_hard_maze,0,2,23,31503533,h_next,1600,True,3.1042466799011654,342,342,3.104246679901165
C_hard_maze,0,2,23,31503533,h_legsum,1600,True,3.1042466799011654,214,214,3.104246679901165
C_hard_maze,0,2,23,31503533,h_oracle,1600,True,3.1042466799011654,31,31,3.104246679901165
C_hard_maze,0,2,23,31503533,h_next,3200,True,3.1042466799011654,342,342,3.104246679901165
C_hard_maze,0,2,23,31503533,h_legsum,3200,True,3.1042466799011654,214,214,3.104246679901165
C_hard_maze,0,2,23,31503533,h_oracle,3200,True,3.1042466799011654,31,31,3.104246679901165
C_hard_maze,0,2,24,31511452,h_next,100,False,nan,100,100,3.20037741408499
C_hard_maze,0,2,24,31511452,h_legsum,100,False,nan,100,100,3.20037741408499
C_hard_maze,0,2,24,31511452,h_oracle,100,True,3.2003774140849903,31,31,3.20037741408499
C_hard_maze,0,2,24,31511452,h_next,200,False,nan,200,200,3.20037741408499
C_hard_maze,0,2,24,31511452,h_legsum,200,True,3.2003774140849903,156,156,3.20037741408499
C_hard_maze,0,2,24,31511452,h_oracle,200,True,3.2003774140849903,31,31,3.20037741408499
C_hard_maze,0,2,24,31511452,h_next,400,True,3.2003774140849903,283,283,3.20037741408499
C_hard_maze,0,2,24,31511452,h_legsum,400,True,3.2003774140849903,156,156,3.20037741408499
C_hard_maze,0,2,24,31511452,h_oracle,400,True,3.2003774140849903,31,31,3.20037741408499
C_hard_maze,0,2,24,31511452,h_next,800,True,3.2003774140849903,283,283,3.20037741408499
C_hard_maze,0,2,24,31511452,h_legsum,800,True,3.2003774140849903,156,156,3.20037741408499
C_hard_maze,0,2,24,31511452,h_oracle,800,True,3.2003774140849903,31,31,3.20037741408499
C_hard_maze,0,2,24,31511452,h_next,1600,True,3.2003774140849903,283,283,3.20037741408499
C_hard_maze,0,2,24,31511452,h_legsum,1600,True,3.2003774140849903,156,156,3.20037741408499
C_hard_maze,0,2,24,31511452,h_oracle,1600,True,3.2003774140849903,31,31,3.20037741408499
C_hard_maze,0,2,24,31511452,h_next,3200,True,3.2003774140849903,283,283,3.20037741408499
C_hard_maze,0,2,24,31511452,h_legsum,3200,True,3.2003774140849903,156,156,3.20037741408499
C_hard_maze,0,2,24,31511452,h_oracle,3200,True,3.2003774140849903,31,31,3.20037741408499
C_hard_maze,0,4,0,61968443,h_next,100,False,nan,100,100,8.36401342098376
C_hard_maze,0,4,0,61968443,h_legsum,100,False,nan,100,100,8.36401342098376
C_hard_maze,0,4,0,61968443,h_oracle,100,True,8.364013420983754,86,86,8.36401342098376
C_hard_maze,0,4,0,61968443,h_next,200,False,nan,200,200,8.36401342098376
C_hard_maze,0,4,0,61968443,h_legsum,200,False,nan,200,200,8.36401342098376
C_hard_maze,0,4,0,61968443,h_oracle,200,True,8.364013420983754,86,86,8.36401342098376
C_hard_maze,0,4,0,61968443,h_next,400,False,nan,400,400,8.36401342098376
C_hard_maze,0,4,0,61968443,h_legsum,400,False,nan,400,400,8.36401342098376
C_hard_maze,0,4,0,61968443,h_oracle,400,True,8.364013420983754,86,86,8.36401342098376
C_hard_maze,0,4,0,61968443,h_next,800,False,nan,800,800,8.36401342098376
C_hard_maze,0,4,0,61968443,h_legsum,800,True,8.364013420983754,760,760,8.36401342098376
C_hard_maze,0,4,0,61968443,h_oracle,800,True,8.364013420983754,86,86,8.36401342098376
C_hard_maze,0,4,0,61968443,h_next,1600,True,8.364013420983754,885,885,8.36401342098376
C_hard_maze,0,4,0,61968443,h_legsum,1600,True,8.364013420983754,760,760,8.36401342098376
C_hard_maze,0,4,0,61968443,h_oracle,1600,True,8.364013420983754,86,86,8.36401342098376
C_hard_maze,0,4,0,61968443,h_next,3200,True,8.364013420983754,885,885,8.36401342098376
C_hard_maze,0,4,0,61968443,h_legsum,3200,True,8.364013420983754,760,760,8.36401342098376
C_hard_maze,0,4,0,61968443,h_oracle,3200,True,8.364013420983754,86,86,8.36401342098376
C_hard_maze,0,4,1,61976362,h_next,100,False,nan,100,100,4.686106975672123
C_hard_maze,0,4,1,61976362,h_legsum,100,False,nan,100,100,4.686106975672123
C_hard_maze,0,4,1,61976362,h_oracle,100,True,4.686106975672125,55,55,4.686106975672123
C_hard_maze,0,4,1,61976362,h_next,200,False,nan,200,200,4.686106975672123
C_hard_maze,0,4,1,61976362,h_legsum,200,False,nan,200,200,4.686106975672123
C_hard_maze,0,4,1,61976362,h_oracle,200,True,4.686106975672125,55,55,4.686106975672123
C_hard_maze,0,4,1,61976362,h_next,400,False,nan,400,400,4.686106975672123
C_hard_maze,0,4,1,61976362,h_legsum,400,False,nan,400,400,4.686106975672123
C_hard_maze,0,4,1,61976362,h_oracle,400,True,4.686106975672125,55,55,4.686106975672123
C_hard_maze,0,4,1,61976362,h_next,800,False,nan,800,800,4.686106975672123
C_hard_maze,0,4,1,61976362,h_legsum,800,True,4.686106975672125,651,651,4.686106975672123
C_hard_maze,0,4,1,61976362,h_oracle,800,True,4.686106975672125,55,55,4.686106975672123
C_hard_maze,0,4,1,61976362,h_next,1600,True,4.686106975672125,820,820,4.686106975672123
C_hard_maze,0,4,1,61976362,h_legsum,1600,True,4.686106975672125,651,651,4.686106975672123
C_hard_maze,0,4,1,61976362,h_oracle,1600,True,4.686106975672125,55,55,4.686106975672123
C_hard_maze,0,4,1,61976362,h_next,3200,True,4.686106975672125,820,820,4.686106975672123
C_hard_maze,0,4,1,61976362,h_legsum,3200,True,4.686106975672125,651,651,4.686106975672123
C_hard_maze,0,4,1,61976362,h_oracle,3200,True,4.686106975672125,55,55,4.686106975672123
C_hard_maze,0,4,2,61992200,h_next,100,False,nan,100,100,7.075853222008944
C_hard_maze,0,4,2,61992200,h_legsum,100,False,nan,100,100,7.075853222008944
C_hard_maze,0,4,2,61992200,h_oracle,100,True,7.075853222008946,73,73,7.075853222008944
C_hard_maze,0,4,2,61992200,h_next,200,False,nan,200,200,7.075853222008944
C_hard_maze,0,4,2,61992200,h_legsum,200,False,nan,200,200,7.075853222008944
C_hard_maze,0,4,2,61992200,h_oracle,200,True,7.075853222008946,73,73,7.075853222008944
C_hard_maze,0,4,2,61992200,h_next,400,False,nan,400,400,7.075853222008944
C_hard_maze,0,4,2,61992200,h_legsum,400,False,nan,400,400,7.075853222008944
C_hard_maze,0,4,2,61992200,h_oracle,400,True,7.075853222008946,73,73,7.075853222008944
C_hard_maze,0,4,2,61992200,h_next,800,True,7.075853222008946,774,774,7.075853222008944
C_hard_maze,0,4,2,61992200,h_legsum,800,True,7.075853222008946,717,717,7.075853222008944
C_hard_maze,0,4,2,61992200,h_oracle,800,True,7.075853222008946,73,73,7.075853222008944
C_hard_maze,0,4,2,61992200,h_next,1600,True,7.075853222008946,774,774,7.075853222008944
C_hard_maze,0,4,2,61992200,h_legsum,1600,True,7.075853222008946,717,717,7.075853222008944
C_hard_maze,0,4,2,61992200,h_oracle,1600,True,7.075853222008946,73,73,7.075853222008944
C_hard_maze,0,4,2,61992200,h_next,3200,True,7.075853222008946,774,774,7.075853222008944
C_hard_maze,0,4,2,61992200,h_legsum,3200,True,7.075853222008946,717,717,7.075853222008944
C_hard_maze,0,4,2,61992200,h_oracle,3200,True,7.075853222008946,73,73,7.075853222008944
C_hard_maze,0,4,3,62023876,h_next,100,False,nan,100,100,7.663218040211971
C_hard_maze,0,4,3,62023876,h_legsum,100,False,nan,100,100,7.663218040211971
C_hard_maze,0,4,3,62023876,h_oracle,100,True,7.663218040211969,77,77,7.663218040211971
C_hard_maze,0,4,3,62023876,h_next,200,False,nan,200,200,7.663218040211971
C_hard_maze,0,4,3,62023876,h_legsum,200,False,nan,200,200,7.663218040211971
C_hard_maze,0,4,3,62023876,h_oracle,200,True,7.663218040211969,77,77,7.663218040211971
C_hard_maze,0,4,3,62023876,h_next,400,False,nan,400,400,7.663218040211971
C_hard_maze,0,4,3,62023876,h_legsum,400,False,nan,400,400,7.663218040211971
C_hard_maze,0,4,3,62023876,h_oracle,400,True,7.663218040211969,77,77,7.663218040211971
C_hard_maze,0,4,3,62023876,h_next,800,False,nan,800,800,7.663218040211971
C_hard_maze,0,4,3,62023876,h_legsum,800,False,nan,800,800,7.663218040211971
C_hard_maze,0,4,3,62023876,h_oracle,800,True,7.663218040211969,77,77,7.663218040211971
C_hard_maze,0,4,3,62023876,h_next,1600,True,7.663218040211969,920,920,7.663218040211971
C_hard_maze,0,4,3,62023876,h_legsum,1600,True,7.663218040211969,920,920,7.663218040211971
C_hard_maze,0,4,3,62023876,h_oracle,1600,True,7.663218040211969,77,77,7.663218040211971
C_hard_maze,0,4,3,62023876,h_next,3200,True,7.663218040211969,920,920,7.663218040211971
C_hard_maze,0,4,3,62023876,h_legsum,3200,True,7.663218040211969,920,920,7.663218040211971
C_hard_maze,0,4,3,62023876,h_oracle,3200,True,7.663218040211969,77,77,7.663218040211971
C_hard_maze,0,4,4,62031795,h_next,100,False,nan,100,100,7.0661007857890015
C_hard_maze,0,4,4,62031795,h_legsum,100,False,nan,100,100,7.0661007857890015
C_hard_maze,0,4,4,62031795,h_oracle,100,True,7.066100785789001,73,73,7.0661007857890015
C_hard_maze,0,4,4,62031795,h_next,200,False,nan,200,200,7.0661007857890015
C_hard_maze,0,4,4,62031795,h_legsum,200,False,nan,200,200,7.0661007857890015
C_hard_maze,0,4,4,62031795,h_oracle,200,True,7.066100785789001,73,73,7.0661007857890015
C_hard_maze,0,4,4,62031795,h_next,400,False,nan,400,400,7.0661007857890015
C_hard_maze,0,4,4,62031795,h_legsum,400,False,nan,400,400,7.0661007857890015
C_hard_maze,0,4,4,62031795,h_oracle,400,True,7.066100785789001,73,73,7.0661007857890015
C_hard_maze,0,4,4,62031795,h_next,800,False,nan,800,800,7.0661007857890015
C_hard_maze,0,4,4,62031795,h_legsum,800,False,nan,800,800,7.0661007857890015
C_hard_maze,0,4,4,62031795,h_oracle,800,True,7.066100785789001,73,73,7.0661007857890015
C_hard_maze,0,4,4,62031795,h_next,1600,True,7.066100785789001,894,894,7.0661007857890015
C_hard_maze,0,4,4,62031795,h_legsum,1600,True,7.066100785789001,864,864,7.0661007857890015
C_hard_maze,0,4,4,62031795,h_oracle,1600,True,7.066100785789001,73,73,7.0661007857890015
C_hard_maze,0,4,4,62031795,h_next,3200,True,7.066100785789001,894,894,7.0661007857890015
C_hard_maze,0,4,4,62031795,h_legsum,3200,True,7.066100785789001,864,864,7.0661007857890015
C_hard_maze,0,4,4,62031795,h_oracle,3200,True,7.066100785789001,73,73,7.0661007857890015
C_hard_maze,0,4,5,62047633,h_next,100,False,nan,100,100,4.236187620442448
C_hard_maze,0,4,5,62047633,h_legsum,100,False,nan,100,100,4.236187620442448
C_hard_maze,0,4,5,62047633,h_oracle,100,True,4.2361876204424505,39,39,4.236187620442448
C_hard_maze,0,4,5,62047633,h_next,200,False,nan,200,200,4.236187620442448
C_hard_maze,0,4,5,62047633,h_legsum,200,False,nan,200,200,4.236187620442448
C_hard_maze,0,4,5,62047633,h_oracle,200,True,4.2361876204424505,39,39,4.236187620442448
C_hard_maze,0,4,5,62047633,h_next,400,False,nan,400,400,4.236187620442448
C_hard_maze,0,4,5,62047633,h_legsum,400,False,nan,400,400,4.236187620442448
C_hard_maze,0,4,5,62047633,h_oracle,400,True,4.2361876204424505,39,39,4.236187620442448
C_hard_maze,0,4,5,62047633,h_next,800,True,4.2361876204424505,742,742,4.236187620442448
C_hard_maze,0,4,5,62047633,h_legsum,800,True,4.2361876204424505,675,675,4.236187620442448
C_hard_maze,0,4,5,62047633,h_oracle,800,True,4.2361876204424505,39,39,4.236187620442448
C_hard_maze,0,4,5,62047633,h_next,1600,True,4.2361876204424505,742,742,4.236187620442448
C_hard_maze,0,4,5,62047633,h_legsum,1600,True,4.2361876204424505,675,675,4.236187620442448
C_hard_maze,0,4,5,62047633,h_oracle,1600,True,4.2361876204424505,39,39,4.236187620442448
C_hard_maze,0,4,5,62047633,h_next,3200,True,4.2361876204424505,742,742,4.236187620442448
C_hard_maze,0,4,5,62047633,h_legsum,3200,True,4.2361876204424505,675,675,4.236187620442448
C_hard_maze,0,4,5,62047633,h_oracle,3200,True,4.2361876204424505,39,39,4.236187620442448
C_hard_maze,0,4,6,62055552,h_next,100,False,nan,100,100,4.328102415707081
C_hard_maze,0,4,6,62055552,h_legsum,100,False,nan,100,100,4.328102415707081
C_hard_maze,0,4,6,62055552,h_oracle,100,True,4.328102415707081,48,48,4.328102415707081
C_hard_maze,0,4,6,62055552,h_next,200,False,nan,200,200,4.328102415707081
C_hard_maze,0,4,6,62055552,h_legsum,200,False,nan,200,200,4.328102415707081
C_hard_maze,0,4,6,62055552,h_oracle,200,True,4.328102415707081,48,48,4.328102415707081
C_hard_maze,0,4,6,62055552,h_next,400,False,nan,400,400,4.328102415707081
C_hard_maze,0,4,6,62055552,h_legsum,400,True,4.328102415707081,397,397,4.328102415707081
C_hard_maze,0,4,6,62055552,h_oracle,400,True,4.328102415707081,48,48,4.328102415707081
C_hard_maze,0,4,6,62055552,h_next,800,True,4.328102415707081,654,654,4.328102415707081
C_hard_maze,0,4,6,62055552,h_legsum,800,True,4.328102415707081,397,397,4.328102415707081
C_hard_maze,0,4,6,62055552,h_oracle,800,True,4.328102415707081,48,48,4.328102415707081
C_hard_maze,0,4,6,62055552,h_next,1600,True,4.328102415707081,654,654,4.328102415707081
C_hard_maze,0,4,6,62055552,h_legsum,1600,True,4.328102415707081,397,397,4.328102415707081
C_hard_maze,0,4,6,62055552,h_oracle,1600,True,4.328102415707081,48,48,4.328102415707081
C_hard_maze,0,4,6,62055552,h_next,3200,True,4.328102415707081,654,654,4.328102415707081
C_hard_maze,0,4,6,62055552,h_legsum,3200,True,4.328102415707081,397,397,4.328102415707081
C_hard_maze,0,4,6,62055552,h_oracle,3200,True,4.328102415707081,48,48,4.328102415707081
C_hard_maze,0,4,7,62095147,h_next,100,False,nan,100,100,4.595217054566526
C_hard_maze,0,4,7,62095147,h_legsum,100,False,nan,100,100,4.595217054566526
C_hard_maze,0,4,7,62095147,h_oracle,100,True,4.595217054566527,46,46,4.595217054566526
C_hard_maze,0,4,7,62095147,h_next,200,False,nan,200,200,4.595217054566526
C_hard_maze,0,4,7,62095147,h_legsum,200,False,nan,200,200,4.595217054566526
C_hard_maze,0,4,7,62095147,h_oracle,200,True,4.595217054566527,46,46,4.595217054566526
C_hard_maze,0,4,7,62095147,h_next,400,False,nan,400,400,4.595217054566526
C_hard_maze,0,4,7,62095147,h_legsum,400,False,nan,400,400,4.595217054566526
C_hard_maze,0,4,7,62095147,h_oracle,400,True,4.595217054566527,46,46,4.595217054566526
C_hard_maze,0,4,7,62095147,h_next,800,True,4.595217054566527,761,761,4.595217054566526
C_hard_maze,0,4,7,62095147,h_legsum,800,True,4.595217054566527,559,559,4.595217054566526
C_hard_maze,0,4,7,62095147,h_oracle,800,True,4.595217054566527,46,46,4.595217054566526
C_hard_maze,0,4,7,62095147,h_next,1600,True,4.595217054566527,761,761,4.595217054566526
C_hard_maze,0,4,7,62095147,h_legsum,1600,True,4.595217054566527,559,559,4.595217054566526
C_hard_maze,0,4,7,62095147,h_oracle,1600,True,4.595217054566527,46,46,4.595217054566526
C_hard_maze,0,4,7,62095147,h_next,3200,True,4.595217054566527,761,761,4.595217054566526
C_hard_maze,0,4,7,62095147,h_legsum,3200,True,4.595217054566527,559,559,4.595217054566526
C_hard_maze,0,4,7,62095147,h_oracle,3200,True,4.595217054566527,46,46,4.595217054566526
C_hard_maze,0,4,8,62103066,h_next,100,False,nan,100,100,7.261963355386881
C_hard_maze,0,4,8,62103066,h_legsum,100,False,nan,100,100,7.261963355386881
C_hard_maze,0,4,8,62103066,h_oracle,100,True,7.261963355386881,78,78,7.261963355386881
C_hard_maze,0,4,8,62103066,h_next,200,False,nan,200,200,7.261963355386881
C_hard_maze,0,4,8,62103066,h_legsum,200,False,nan,200,200,7.261963355386881
C_hard_maze,0,4,8,62103066,h_oracle,200,True,7.261963355386881,78,78,7.261963355386881
C_hard_maze,0,4,8,62103066,h_next,400,False,nan,400,400,7.261963355386881
C_hard_maze,0,4,8,62103066,h_legsum,400,False,nan,400,400,7.261963355386881
C_hard_maze,0,4,8,62103066,h_oracle,400,True,7.261963355386881,78,78,7.261963355386881
C_hard_maze,0,4,8,62103066,h_next,800,False,nan,800,800,7.261963355386881
C_hard_maze,0,4,8,62103066,h_legsum,800,True,7.261963355386881,779,779,7.261963355386881
C_hard_maze,0,4,8,62103066,h_oracle,800,True,7.261963355386881,78,78,7.261963355386881
C_hard_maze,0,4,8,62103066,h_next,1600,True,7.261963355386881,902,902,7.261963355386881
C_hard_maze,0,4,8,62103066,h_legsum,1600,True,7.261963355386881,779,779,7.261963355386881
C_hard_maze,0,4,8,62103066,h_oracle,1600,True,7.261963355386881,78,78,7.261963355386881
C_hard_maze,0,4,8,62103066,h_next,3200,True,7.261963355386881,902,902,7.261963355386881
C_hard_maze,0,4,8,62103066,h_legsum,3200,True,7.261963355386881,779,779,7.261963355386881
C_hard_maze,0,4,8,62103066,h_oracle,3200,True,7.261963355386881,78,78,7.261963355386881
C_hard_maze,0,4,9,62142661,h_next,100,False,nan,100,100,11.780080256327702
C_hard_maze,0,4,9,62142661,h_legsum,100,False,nan,100,100,11.780080256327702
C_hard_maze,0,4,9,62142661,h_oracle,100,False,nan,100,100,11.780080256327702
C_hard_maze,0,4,9,62142661,h_next,200,False,nan,200,200,11.780080256327702
C_hard_maze,0,4,9,62142661,h_legsum,200,False,nan,200,200,11.780080256327702
C_hard_maze,0,4,9,62142661,h_oracle,200,True,11.780080256327702,132,132,11.780080256327702
C_hard_maze,0,4,9,62142661,h_next,400,False,nan,400,400,11.780080256327702
C_hard_maze,0,4,9,62142661,h_legsum,400,False,nan,400,400,11.780080256327702
C_hard_maze,0,4,9,62142661,h_oracle,400,True,11.780080256327702,132,132,11.780080256327702
C_hard_maze,0,4,9,62142661,h_next,800,False,nan,800,800,11.780080256327702
C_hard_maze,0,4,9,62142661,h_legsum,800,False,nan,800,800,11.780080256327702
C_hard_maze,0,4,9,62142661,h_oracle,800,True,11.780080256327702,132,132,11.780080256327702
C_hard_maze,0,4,9,62142661,h_next,1600,True,11.780080256327702,922,922,11.780080256327702
C_hard_maze,0,4,9,62142661,h_legsum,1600,True,11.780080256327702,922,922,11.780080256327702
C_hard_maze,0,4,9,62142661,h_oracle,1600,True,11.780080256327702,132,132,11.780080256327702
C_hard_maze,0,4,9,62142661,h_next,3200,True,11.780080256327702,922,922,11.780080256327702
C_hard_maze,0,4,9,62142661,h_legsum,3200,True,11.780080256327702,922,922,11.780080256327702
C_hard_maze,0,4,9,62142661,h_oracle,3200,True,11.780080256327702,132,132,11.780080256327702
C_hard_maze,0,4,10,62150580,h_next,100,False,nan,100,100,6.244460527933394
C_hard_maze,0,4,10,62150580,h_legsum,100,False,nan,100,100,6.244460527933394
C_hard_maze,0,4,10,62150580,h_oracle,100,True,6.244460527933393,70,70,6.244460527933394
C_hard_maze,0,4,10,62150580,h_next,200,False,nan,200,200,6.244460527933394
C_hard_maze,0,4,10,62150580,h_legsum,200,False,nan,200,200,6.244460527933394
C_hard_maze,0,4,10,62150580,h_oracle,200,True,6.244460527933393,70,70,6.244460527933394
C_hard_maze,0,4,10,62150580,h_next,400,False,nan,400,400,6.244460527933394
C_hard_maze,0,4,10,62150580,h_legsum,400,False,nan,400,400,6.244460527933394
C_hard_maze,0,4,10,62150580,h_oracle,400,True,6.244460527933393,70,70,6.244460527933394
C_hard_maze,0,4,10,62150580,h_next,800,False,nan,800,800,6.244460527933394
C_hard_maze,0,4,10,62150580,h_legsum,800,False,nan,800,800,6.244460527933394
C_hard_maze,0,4,10,62150580,h_oracle,800,True,6.244460527933393,70,70,6.244460527933394
C_hard_maze,0,4,10,62150580,h_next,1600,True,6.244460527933393,885,885,6.244460527933394
C_hard_maze,0,4,10,62150580,h_legsum,1600,True,6.244460527933393,885,885,6.244460527933394
C_hard_maze,0,4,10,62150580,h_oracle,1600,True,6.244460527933393,70,70,6.244460527933394
C_hard_maze,0,4,10,62150580,h_next,3200,True,6.244460527933393,885,885,6.244460527933394
C_hard_maze,0,4,10,62150580,h_legsum,3200,True,6.244460527933393,885,885,6.244460527933394
C_hard_maze,0,4,10,62150580,h_oracle,3200,True,6.244460527933393,70,70,6.244460527933394
C_hard_maze,0,4,11,62221851,h_next,100,False,nan,100,100,6.915404382592278
C_hard_maze,0,4,11,62221851,h_legsum,100,False,nan,100,100,6.915404382592278
C_hard_maze,0,4,11,62221851,h_oracle,100,True,6.915404382592279,78,78,6.915404382592278
C_hard_maze,0,4,11,62221851,h_next,200,False,nan,200,200,6.915404382592278
C_hard_maze,0,4,11,62221851,h_legsum,200,False,nan,200,200,6.915404382592278
C_hard_maze,0,4,11,62221851,h_oracle,200,True,6.915404382592279,78,78,6.915404382592278
C_hard_maze,0,4,11,62221851,h_next,400,False,nan,400,400,6.915404382592278
C_hard_maze,0,4,11,62221851,h_legsum,400,False,nan,400,400,6.915404382592278
C_hard_maze,0,4,11,62221851,h_oracle,400,True,6.915404382592279,78,78,6.915404382592278
C_hard_maze,0,4,11,62221851,h_next,800,False,nan,800,800,6.915404382592278
C_hard_maze,0,4,11,62221851,h_legsum,800,False,nan,800,800,6.915404382592278
C_hard_maze,0,4,11,62221851,h_oracle,800,True,6.915404382592279,78,78,6.915404382592278
C_hard_maze,0,4,11,62221851,h_next,1600,True,6.915404382592279,899,899,6.915404382592278
C_hard_maze,0,4,11,62221851,h_legsum,1600,True,6.915404382592279,895,895,6.915404382592278
C_hard_maze,0,4,11,62221851,h_oracle,1600,True,6.915404382592279,78,78,6.915404382592278
C_hard_maze,0,4,11,62221851,h_next,3200,True,6.915404382592279,899,899,6.915404382592278
C_hard_maze,0,4,11,62221851,h_legsum,3200,True,6.915404382592279,895,895,6.915404382592278
C_hard_maze,0,4,11,62221851,h_oracle,3200,True,6.915404382592279,78,78,6.915404382592278
C_hard_maze,0,4,12,62245608,h_next,100,False,nan,100,100,2.7594894281394207
C_hard_maze,0,4,12,62245608,h_legsum,100,False,nan,100,100,2.7594894281394207
C_hard_maze,0,4,12,62245608,h_oracle,100,True,2.759489428139421,28,28,2.7594894281394207
C_hard_maze,0,4,12,62245608,h_next,200,False,nan,200,200,2.7594894281394207
C_hard_maze,0,4,12,62245608,h_legsum,200,True,2.759489428139421,194,194,2.7594894281394207
C_hard_maze,0,4,12,62245608,h_oracle,200,True,2.759489428139421,28,28,2.7594894281394207
C_hard_maze,0,4,12,62245608,h_next,400,False,nan,400,400,2.7594894281394207
C_hard_maze,0,4,12,62245608,h_legsum,400,True,2.759489428139421,194,194,2.7594894281394207
C_hard_maze,0,4,12,62245608,h_oracle,400,True,2.759489428139421,28,28,2.7594894281394207
C_hard_maze,0,4,12,62245608,h_next,800,True,2.759489428139421,438,438,2.7594894281394207
C_hard_maze,0,4,12,62245608,h_legsum,800,True,2.759489428139421,194,194,2.7594894281394207
C_hard_maze,0,4,12,62245608,h_oracle,800,True,2.759489428139421,28,28,2.7594894281394207
C_hard_maze,0,4,12,62245608,h_next,1600,True,2.759489428139421,438,438,2.7594894281394207
C_hard_maze,0,4,12,62245608,h_legsum,1600,True,2.759489428139421,194,194,2.7594894281394207
C_hard_maze,0,4,12,62245608,h_oracle,1600,True,2.759489428139421,28,28,2.7594894281394207
C_hard_maze,0,4,12,62245608,h_next,3200,True,2.759489428139421,438,438,2.7594894281394207
C_hard_maze,0,4,12,62245608,h_legsum,3200,True,2.759489428139421,194,194,2.7594894281394207
C_hard_maze,0,4,12,62245608,h_oracle,3200,True,2.759489428139421,28,28,2.7594894281394207
C_hard_maze,0,4,13,62253527,h_next,100,False,nan,100,100,4.970897003438052
C_hard_maze,0,4,13,62253527,h_legsum,100,False,nan,100,100,4.970897003438052
C_hard_maze,0,4,13,62253527,h_oracle,100,True,4.970897003438052,56,56,4.970897003438052
C_hard_maze,0,4,13,62253527,h_next,200,False,nan,200,200,4.970897003438052
C_hard_maze,0,4,13,62253527,h_legsum,200,False,nan,200,200,4.970897003438052
C_hard_maze,0,4,13,62253527,h_oracle,200,True,4.970897003438052,56,56,4.970897003438052
C_hard_maze,0,4,13,62253527,h_next,400,False,nan,400,400,4.970897003438052
C_hard_maze,0,4,13,62253527,h_legsum,400,False,nan,400,400,4.970897003438052
C_hard_maze,0,4,13,62253527,h_oracle,400,True,4.970897003438052,56,56,4.970897003438052
C_hard_maze,0,4,13,62253527,h_next,800,False,nan,800,800,4.970897003438052
C_hard_maze,0,4,13,62253527,h_legsum,800,False,nan,800,800,4.970897003438052
C_hard_maze,0,4,13,62253527,h_oracle,800,True,4.970897003438052,56,56,4.970897003438052
C_hard_maze,0,4,13,62253527,h_next,1600,True,4.970897003438052,895,895,4.970897003438052
C_hard_maze,0,4,13,62253527,h_legsum,1600,True,4.970897003438052,815,815,4.970897003438052
C_hard_maze,0,4,13,62253527,h_oracle,1600,True,4.970897003438052,56,56,4.970897003438052
C_hard_maze,0,4,13,62253527,h_next,3200,True,4.970897003438052,895,895,4.970897003438052
C_hard_maze,0,4,13,62253527,h_legsum,3200,True,4.970897003438052,815,815,4.970897003438052
C_hard_maze,0,4,13,62253527,h_oracle,3200,True,4.970897003438052,56,56,4.970897003438052
C_hard_maze,0,4,14,62261446,h_next,100,False,nan,100,100,4.951107445424694
C_hard_maze,0,4,14,62261446,h_legsum,100,False,nan,100,100,4.951107445424694
C_hard_maze,0,4,14,62261446,h_oracle,100,True,4.951107445424694,57,57,4.951107445424694
C_hard_maze,0,4,14,62261446,h_next,200,False,nan,200,200,4.951107445424694
C_hard_maze,0,4,14,62261446,h_legsum,200,False,nan,200,200,4.951107445424694
C_hard_maze,0,4,14,62261446,h_oracle,200,True,4.951107445424694,57,57,4.951107445424694
C_hard_maze,0,4,14,62261446,h_next,400,False,nan,400,400,4.951107445424694
C_hard_maze,0,4,14,62261446,h_legsum,400,False,nan,400,400,4.951107445424694
C_hard_maze,0,4,14,62261446,h_oracle,400,True,4.951107445424694,57,57,4.951107445424694
C_hard_maze,0,4,14,62261446,h_next,800,True,4.951107445424694,769,769,4.951107445424694
C_hard_maze,0,4,14,62261446,h_legsum,800,True,4.951107445424694,649,649,4.951107445424694
C_hard_maze,0,4,14,62261446,h_oracle,800,True,4.951107445424694,57,57,4.951107445424694
C_hard_maze,0,4,14,62261446,h_next,1600,True,4.951107445424694,769,769,4.951107445424694
C_hard_maze,0,4,14,62261446,h_legsum,1600,True,4.951107445424694,649,649,4.951107445424694
C_hard_maze,0,4,14,62261446,h_oracle,1600,True,4.951107445424694,57,57,4.951107445424694
C_hard_maze,0,4,14,62261446,h_next,3200,True,4.951107445424694,769,769,4.951107445424694
C_hard_maze,0,4,14,62261446,h_legsum,3200,True,4.951107445424694,649,649,4.951107445424694
C_hard_maze,0,4,14,62261446,h_oracle,3200,True,4.951107445424694,57,57,4.951107445424694
C_hard_maze,0,4,15,62277284,h_next,100,False,nan,100,100,4.9965778039330555
C_hard_maze,0,4,15,62277284,h_legsum,100,False,nan,100,100,4.9965778039330555
C_hard_maze,0,4,15,62277284,h_oracle,100,True,4.996577803933056,48,48,4.9965778039330555
C_hard_maze,0,4,15,62277284,h_next,200,False,nan,200,200,4.9965778039330555
C_hard_maze,0,4,15,62277284,h_legsum,200,False,nan,200,200,4.9965778039330555
C_hard_maze,0,4,15,62277284,h_oracle,200,True,4.996577803933056,48,48,4.9965778039330555
C_hard_maze,0,4,15,62277284,h_next,400,False,nan,400,400,4.9965778039330555
C_hard_maze,0,4,15,62277284,h_legsum,400,False,nan,400,400,4.9965778039330555
C_hard_maze,0,4,15,62277284,h_oracle,400,True,4.996577803933056,48,48,4.9965778039330555
C_hard_maze,0,4,15,62277284,h_next,800,True,4.996577803933056,646,646,4.9965778039330555
C_hard_maze,0,4,15,62277284,h_legsum,800,True,4.996577803933056,548,548,4.9965778039330555
C_hard_maze,0,4,15,62277284,h_oracle,800,True,4.996577803933056,48,48,4.9965778039330555
C_hard_maze,0,4,15,62277284,h_next,1600,True,4.996577803933056,646,646,4.9965778039330555
C_hard_maze,0,4,15,62277284,h_legsum,1600,True,4.996577803933056,548,548,4.9965778039330555
C_hard_maze,0,4,15,62277284,h_oracle,1600,True,4.996577803933056,48,48,4.9965778039330555
C_hard_maze,0,4,15,62277284,h_next,3200,True,4.996577803933056,646,646,4.9965778039330555
C_hard_maze,0,4,15,62277284,h_legsum,3200,True,4.996577803933056,548,548,4.9965778039330555
C_hard_maze,0,4,15,62277284,h_oracle,3200,True,4.996577803933056,48,48,4.9965778039330555
C_hard_maze,0,4,16,62285203,h_next,100,False,nan,100,100,4.5995108653508865
C_hard_maze,0,4,16,62285203,h_legsum,100,False,nan,100,100,4.5995108653508865
C_hard_maze,0,4,16,62285203,h_oracle,100,True,4.5995108653508865,50,50,4.5995108653508865
C_hard_maze,0,4,16,62285203,h_next,200,False,nan,200,200,4.5995108653508865
C_hard_maze,0,4,16,62285203,h_legsum,200,False,nan,200,200,4.5995108653508865
C_hard_maze,0,4,16,62285203,h_oracle,200,True,4.5995108653508865,50,50,4.5995108653508865
C_hard_maze,0,4,16,62285203,h_next,400,False,nan,400,400,4.5995108653508865
C_hard_maze,0,4,16,62285203,h_legsum,400,False,nan,400,400,4.5995108653508865
C_hard_maze,0,4,16,62285203,h_oracle,400,True,4.5995108653508865,50,50,4.5995108653508865
C_hard_maze,0,4,16,62285203,h_next,800,True,4.5995108653508865,665,665,4.5995108653508865
C_hard_maze,0,4,16,62285203,h_legsum,800,True,4.5995108653508865,538,538,4.5995108653508865
C_hard_maze,0,4,16,62285203,h_oracle,800,True,4.5995108653508865,50,50,4.5995108653508865
C_hard_maze,0,4,16,62285203,h_next,1600,True,4.5995108653508865,665,665,4.5995108653508865
C_hard_maze,0,4,16,62285203,h_legsum,1600,True,4.5995108653508865,538,538,4.5995108653508865
C_hard_maze,0,4,16,62285203,h_oracle,1600,True,4.5995108653508865,50,50,4.5995108653508865
C_hard_maze,0,4,16,62285203,h_next,3200,True,4.5995108653508865,665,665,4.5995108653508865
C_hard_maze,0,4,16,62285203,h_legsum,3200,True,4.5995108653508865,538,538,4.5995108653508865
C_hard_maze,0,4,16,62285203,h_oracle,3200,True,4.5995108653508865,50,50,4.5995108653508865
C_hard_maze,0,4,17,62308960,h_next,100,False,nan,100,100,5.016540410316629
C_hard_maze,0,4,17,62308960,h_legsum,100,False,nan,100,100,5.016540410316629
C_hard_maze,0,4,17,62308960,h_oracle,100,True,5.01654041031663,61,61,5.016540410316629
C_hard_maze,0,4,17,62308960,h_next,200,False,nan,200,200,5.016540410316629
C_hard_maze,0,4,17,62308960,h_legsum,200,False,nan,200,200,5.016540410316629
C_hard_maze,0,4,17,62308960,h_oracle,200,True,5.01654041031663,61,61,5.016540410316629
C_hard_maze,0,4,17,62308960,h_next,400,False,nan,400,400,5.016540410316629
C_hard_maze,0,4,17,62308960,h_legsum,400,False,nan,400,400,5.016540410316629
C_hard_maze,0,4,17,62308960,h_oracle,400,True,5.01654041031663,61,61,5.016540410316629
C_hard_maze,0,4,17,62308960,h_next,800,False,nan,800,800,5.016540410316629
C_hard_maze,0,4,17,62308960,h_legsum,800,True,5.01654041031663,700,700,5.016540410316629
C_hard_maze,0,4,17,62308960,h_oracle,800,True,5.01654041031663,61,61,5.016540410316629
C_hard_maze,0,4,17,62308960,h_next,1600,True,5.01654041031663,824,824,5.016540410316629
C_hard_maze,0,4,17,62308960,h_legsum,1600,True,5.01654041031663,700,700,5.016540410316629
C_hard_maze,0,4,17,62308960,h_oracle,1600,True,5.01654041031663,61,61,5.016540410316629
C_hard_maze,0,4,17,62308960,h_next,3200,True,5.01654041031663,824,824,5.016540410316629
C_hard_maze,0,4,17,62308960,h_legsum,3200,True,5.01654041031663,700,700,5.016540410316629
C_hard_maze,0,4,17,62308960,h_oracle,3200,True,5.01654041031663,61,61,5.016540410316629
C_hard_maze,0,4,18,62324798,h_next,100,False,nan,100,100,9.355321364327034
C_hard_maze,0,4,18,62324798,h_legsum,100,False,nan,100,100,9.355321364327034
C_hard_maze,0,4,18,62324798,h_oracle,100,False,nan,100,100,9.355321364327034
C_hard_maze,0,4,18,62324798,h_next,200,False,nan,200,200,9.355321364327034
C_hard_maze,0,4,18,62324798,h_legsum,200,False,nan,200,200,9.355321364327034
C_hard_maze,0,4,18,62324798,h_oracle,200,True,9.355321364327033,103,103,9.355321364327034
C_hard_maze,0,4,18,62324798,h_next,400,False,nan,400,400,9.355321364327034
C_hard_maze,0,4,18,62324798,h_legsum,400,False,nan,400,400,9.355321364327034
C_hard_maze,0,4,18,62324798,h_oracle,400,True,9.355321364327033,103,103,9.355321364327034
C_hard_maze,0,4,18,62324798,h_next,800,False,nan,800,800,9.355321364327034
C_hard_maze,0,4,18,62324798,h_legsum,800,False,nan,800,800,9.355321364327034
C_hard_maze,0,4,18,62324798,h_oracle,800,True,9.355321364327033,103,103,9.355321364327034
C_hard_maze,0,4,18,62324798,h_next,1600,True,9.355321364327033,905,905,9.355321364327034
C_hard_maze,0,4,18,62324798,h_legsum,1600,True,9.355321364327033,836,836,9.355321364327034
C_hard_maze,0,4,18,62324798,h_oracle,1600,True,9.355321364327033,103,103,9.355321364327034
C_hard_maze,0,4,18,62324798,h_next,3200,True,9.355321364327033,905,905,9.355321364327034
C_hard_maze,0,4,18,62324798,h_legsum,3200,True,9.355321364327033,836,836,9.355321364327034
C_hard_maze,0,4,18,62324798,h_oracle,3200,True,9.355321364327033,103,103,9.355321364327034
C_hard_maze,0,4,19,62372312,h_next,100,False,nan,100,100,6.813544281730355
C_hard_maze,0,4,19,62372312,h_legsum,100,False,nan,100,100,6.813544281730355
C_hard_maze,0,4,19,62372312,h_oracle,100,True,6.813544281730354,72,72,6.813544281730355
C_hard_maze,0,4,19,62372312,h_next,200,False,nan,200,200,6.813544281730355
C_hard_maze,0,4,19,62372312,h_legsum,200,False,nan,200,200,6.813544281730355
C_hard_maze,0,4,19,62372312,h_oracle,200,True,6.813544281730354,72,72,6.813544281730355
C_hard_maze,0,4,19,62372312,h_next,400,False,nan,400,400,6.813544281730355
C_hard_maze,0,4,19,62372312,h_legsum,400,False,nan,400,400,6.813544281730355
C_hard_maze,0,4,19,62372312,h_oracle,400,True,6.813544281730354,72,72,6.813544281730355
C_hard_maze,0,4,19,62372312,h_next,800,False,nan,800,800,6.813544281730355
C_hard_maze,0,4,19,62372312,h_legsum,800,True,6.813544281730354,777,777,6.813544281730355
C_hard_maze,0,4,19,62372312,h_oracle,800,True,6.813544281730354,72,72,6.813544281730355
C_hard_maze,0,4,19,62372312,h_next,1600,True,6.813544281730354,818,818,6.813544281730355
C_hard_maze,0,4,19,62372312,h_legsum,1600,True,6.813544281730354,777,777,6.813544281730355
C_hard_maze,0,4,19,62372312,h_oracle,1600,True,6.813544281730354,72,72,6.813544281730355
C_hard_maze,0,4,19,62372312,h_next,3200,True,6.813544281730354,818,818,6.813544281730355
C_hard_maze,0,4,19,62372312,h_legsum,3200,True,6.813544281730354,777,777,6.813544281730355
C_hard_maze,0,4,19,62372312,h_oracle,3200,True,6.813544281730354,72,72,6.813544281730355
C_hard_maze,0,4,20,62403988,h_next,100,False,nan,100,100,4.2963244778478735
C_hard_maze,0,4,20,62403988,h_legsum,100,False,nan,100,100,4.2963244778478735
C_hard_maze,0,4,20,62403988,h_oracle,100,True,4.2963244778478735,46,46,4.2963244778478735
C_hard_maze,0,4,20,62403988,h_next,200,False,nan,200,200,4.2963244778478735
C_hard_maze,0,4,20,62403988,h_legsum,200,False,nan,200,200,4.2963244778478735
C_hard_maze,0,4,20,62403988,h_oracle,200,True,4.2963244778478735,46,46,4.2963244778478735
C_hard_maze,0,4,20,62403988,h_next,400,False,nan,400,400,4.2963244778478735
C_hard_maze,0,4,20,62403988,h_legsum,400,False,nan,400,400,4.2963244778478735
C_hard_maze,0,4,20,62403988,h_oracle,400,True,4.2963244778478735,46,46,4.2963244778478735
C_hard_maze,0,4,20,62403988,h_next,800,True,4.2963244778478735,681,681,4.2963244778478735
C_hard_maze,0,4,20,62403988,h_legsum,800,True,4.2963244778478735,532,532,4.2963244778478735
C_hard_maze,0,4,20,62403988,h_oracle,800,True,4.2963244778478735,46,46,4.2963244778478735
C_hard_maze,0,4,20,62403988,h_next,1600,True,4.2963244778478735,681,681,4.2963244778478735
C_hard_maze,0,4,20,62403988,h_legsum,1600,True,4.2963244778478735,532,532,4.2963244778478735
C_hard_maze,0,4,20,62403988,h_oracle,1600,True,4.2963244778478735,46,46,4.2963244778478735
C_hard_maze,0,4,20,62403988,h_next,3200,True,4.2963244778478735,681,681,4.2963244778478735
C_hard_maze,0,4,20,62403988,h_legsum,3200,True,4.2963244778478735,532,532,4.2963244778478735
C_hard_maze,0,4,20,62403988,h_oracle,3200,True,4.2963244778478735,46,46,4.2963244778478735
C_hard_maze,0,4,21,62419826,h_next,100,False,nan,100,100,4.68865375106227
C_hard_maze,0,4,21,62419826,h_legsum,100,False,nan,100,100,4.68865375106227
C_hard_maze,0,4,21,62419826,h_oracle,100,True,4.68865375106227,49,49,4.68865375106227
C_hard_maze,0,4,21,62419826,h_next,200,False,nan,200,200,4.68865375106227
C_hard_maze,0,4,21,62419826,h_legsum,200,False,nan,200,200,4.68865375106227
C_hard_maze,0,4,21,62419826,h_oracle,200,True,4.68865375106227,49,49,4.68865375106227
C_hard_maze,0,4,21,62419826,h_next,400,False,nan,400,400,4.68865375106227
C_hard_maze,0,4,21,62419826,h_legsum,400,False,nan,400,400,4.68865375106227
C_hard_maze,0,4,21,62419826,h_oracle,400,True,4.68865375106227,49,49,4.68865375106227
C_hard_maze,0,4,21,62419826,h_next,800,True,4.68865375106227,656,656,4.68865375106227
C_hard_maze,0,4,21,62419826,h_legsum,800,True,4.68865375106227,565,565,4.68865375106227
C_hard_maze,0,4,21,62419826,h_oracle,800,True,4.68865375106227,49,49,4.68865375106227
C_hard_maze,0,4,21,62419826,h_next,1600,True,4.68865375106227,656,656,4.68865375106227
C_hard_maze,0,4,21,62419826,h_legsum,1600,True,4.68865375106227,565,565,4.68865375106227
C_hard_maze,0,4,21,62419826,h_oracle,1600,True,4.68865375106227,49,49,4.68865375106227
C_hard_maze,0,4,21,62419826,h_next,3200,True,4.68865375106227,656,656,4.68865375106227
C_hard_maze,0,4,21,62419826,h_legsum,3200,True,4.68865375106227,565,565,4.68865375106227
C_hard_maze,0,4,21,62419826,h_oracle,3200,True,4.68865375106227,49,49,4.68865375106227
C_hard_maze,0,4,22,62435664,h_next,100,False,nan,100,100,3.861551702158277
C_hard_maze,0,4,22,62435664,h_legsum,100,False,nan,100,100,3.861551702158277
C_hard_maze,0,4,22,62435664,h_oracle,100,True,3.861551702158278,42,42,3.861551702158277
C_hard_maze,0,4,22,62435664,h_next,200,False,nan,200,200,3.861551702158277
C_hard_maze,0,4,22,62435664,h_legsum,200,False,nan,200,200,3.861551702158277
C_hard_maze,0,4,22,62435664,h_oracle,200,True,3.861551702158278,42,42,3.861551702158277
C_hard_maze,0,4,22,62435664,h_next,400,False,nan,400,400,3.861551702158277
C_hard_maze,0,4,22,62435664,h_legsum,400,False,nan,400,400,3.861551702158277
C_hard_maze,0,4,22,62435664,h_oracle,400,True,3.861551702158278,42,42,3.861551702158277
C_hard_maze,0,4,22,62435664,h_next,800,True,3.861551702158278,724,724,3.861551702158277
C_hard_maze,0,4,22,62435664,h_legsum,800,True,3.861551702158278,534,534,3.861551702158277
C_hard_maze,0,4,22,62435664,h_oracle,800,True,3.861551702158278,42,42,3.861551702158277
C_hard_maze,0,4,22,62435664,h_next,1600,True,3.861551702158278,724,724,3.861551702158277
C_hard_maze,0,4,22,62435664,h_legsum,1600,True,3.861551702158278,534,534,3.861551702158277
C_hard_maze,0,4,22,62435664,h_oracle,1600,True,3.861551702158278,42,42,3.861551702158277
C_hard_maze,0,4,22,62435664,h_next,3200,True,3.861551702158278,724,724,3.861551702158277
C_hard_maze,0,4,22,62435664,h_legsum,3200,True,3.861551702158278,534,534,3.861551702158277
C_hard_maze,0,4,22,62435664,h_oracle,3200,True,3.861551702158278,42,42,3.861551702158277
C_hard_maze,0,4,23,62443583,h_next,100,False,nan,100,100,3.5947016155626734
C_hard_maze,0,4,23,62443583,h_legsum,100,False,nan,100,100,3.5947016155626734
C_hard_maze,0,4,23,62443583,h_oracle,100,True,3.594701615562674,38,38,3.5947016155626734
C_hard_maze,0,4,23,62443583,h_next,200,False,nan,200,200,3.5947016155626734
C_hard_maze,0,4,23,62443583,h_legsum,200,False,nan,200,200,3.5947016155626734
C_hard_maze,0,4,23,62443583,h_oracle,200,True,3.594701615562674,38,38,3.5947016155626734
C_hard_maze,0,4,23,62443583,h_next,400,False,nan,400,400,3.5947016155626734
C_hard_maze,0,4,23,62443583,h_legsum,400,True,3.594701615562674,398,398,3.5947016155626734
C_hard_maze,0,4,23,62443583,h_oracle,400,True,3.594701615562674,38,38,3.5947016155626734
C_hard_maze,0,4,23,62443583,h_next,800,True,3.594701615562674,652,652,3.5947016155626734
C_hard_maze,0,4,23,62443583,h_legsum,800,True,3.594701615562674,398,398,3.5947016155626734
C_hard_maze,0,4,23,62443583,h_oracle,800,True,3.594701615562674,38,38,3.5947016155626734
C_hard_maze,0,4,23,62443583,h_next,1600,True,3.594701615562674,652,652,3.5947016155626734
C_hard_maze,0,4,23,62443583,h_legsum,1600,True,3.594701615562674,398,398,3.5947016155626734
C_hard_maze,0,4,23,62443583,h_oracle,1600,True,3.594701615562674,38,38,3.5947016155626734
C_hard_maze,0,4,23,62443583,h_next,3200,True,3.594701615562674,652,652,3.5947016155626734
C_hard_maze,0,4,23,62443583,h_legsum,3200,True,3.594701615562674,398,398,3.5947016155626734
C_hard_maze,0,4,23,62443583,h_oracle,3200,True,3.594701615562674,38,38,3.5947016155626734
C_hard_maze,0,4,24,62459421,h_next,100,False,nan,100,100,4.465346375437942
C_hard_maze,0,4,24,62459421,h_legsum,100,False,nan,100,100,4.465346375437942
C_hard_maze,0,4,24,62459421,h_oracle,100,True,4.4653463754379406,48,48,4.465346375437942
C_hard_maze,0,4,24,62459421,h_next,200,False,nan,200,200,4.465346375437942
C_hard_maze,0,4,24,62459421,h_legsum,200,False,nan,200,200,4.465346375437942
C_hard_maze,0,4,24,62459421,h_oracle,200,True,4.4653463754379406,48,48,4.465346375437942
C_hard_maze,0,4,24,62459421,h_next,400,False,nan,400,400,4.465346375437942
C_hard_maze,0,4,24,62459421,h_legsum,400,False,nan,400,400,4.465346375437942
C_hard_maze,0,4,24,62459421,h_oracle,400,True,4.4653463754379406,48,48,4.465346375437942
C_hard_maze,0,4,24,62459421,h_next,800,True,4.4653463754379406,623,623,4.465346375437942
C_hard_maze,0,4,24,62459421,h_legsum,800,True,4.4653463754379406,437,437,4.465346375437942
C_hard_maze,0,4,24,62459421,h_oracle,800,True,4.4653463754379406,48,48,4.465346375437942
C_hard_maze,0,4,24,62459421,h_next,1600,True,4.4653463754379406,623,623,4.465346375437942
C_hard_maze,0,4,24,62459421,h_legsum,1600,True,4.4653463754379406,437,437,4.465346375437942
C_hard_maze,0,4,24,62459421,h_oracle,1600,True,4.4653463754379406,48,48,4.465346375437942
C_hard_maze,0,4,24,62459421,h_next,3200,True,4.4653463754379406,623,623,4.465346375437942
C_hard_maze,0,4,24,62459421,h_legsum,3200,True,4.4653463754379406,437,437,4.465346375437942
C_hard_maze,0,4,24,62459421,h_oracle,3200,True,4.4653463754379406,48,48,4.465346375437942
C_hard_maze,0,8,0,123896057,h_next,100,False,nan,100,100,6.402053080034406
C_hard_maze,0,8,0,123896057,h_legsum,100,False,nan,100,100,6.402053080034406
C_hard_maze,0,8,0,123896057,h_oracle,100,True,6.402053080034408,66,66,6.402053080034406
C_hard_maze,0,8,0,123896057,h_next,200,False,nan,200,200,6.402053080034406
C_hard_maze,0,8,0,123896057,h_legsum,200,False,nan,200,200,6.402053080034406
C_hard_maze,0,8,0,123896057,h_oracle,200,True,6.402053080034408,66,66,6.402053080034406
C_hard_maze,0,8,0,123896057,h_next,400,False,nan,400,400,6.402053080034406
C_hard_maze,0,8,0,123896057,h_legsum,400,False,nan,400,400,6.402053080034406
C_hard_maze,0,8,0,123896057,h_oracle,400,True,6.402053080034408,66,66,6.402053080034406
C_hard_maze,0,8,0,123896057,h_next,800,False,nan,800,800,6.402053080034406
C_hard_maze,0,8,0,123896057,h_legsum,800,False,nan,800,800,6.402053080034406
C_hard_maze,0,8,0,123896057,h_oracle,800,True,6.402053080034408,66,66,6.402053080034406
C_hard_maze,0,8,0,123896057,h_next,1600,True,6.402053080034408,1388,1388,6.402053080034406
C_hard_maze,0,8,0,123896057,h_legsum,1600,True,6.402053080034408,1168,1168,6.402053080034406
C_hard_maze,0,8,0,123896057,h_oracle,1600,True,6.402053080034408,66,66,6.402053080034406
C_hard_maze,0,8,0,123896057,h_next,3200,True,6.402053080034408,1388,1388,6.402053080034406
C_hard_maze,0,8,0,123896057,h_legsum,3200,True,6.402053080034408,1168,1168,6.402053080034406
C_hard_maze,0,8,0,123896057,h_oracle,3200,True,6.402053080034408,66,66,6.402053080034406
C_hard_maze,0,8,1,123959409,h_next,100,False,nan,100,100,11.834774598112224
C_hard_maze,0,8,1,123959409,h_legsum,100,False,nan,100,100,11.834774598112224
C_hard_maze,0,8,1,123959409,h_oracle,100,False,nan,100,100,11.834774598112224
C_hard_maze,0,8,1,123959409,h_next,200,False,nan,200,200,11.834774598112224
C_hard_maze,0,8,1,123959409,h_legsum,200,False,nan,200,200,11.834774598112224
C_hard_maze,0,8,1,123959409,h_oracle,200,True,11.834774598112222,133,133,11.834774598112224
C_hard_maze,0,8,1,123959409,h_next,400,False,nan,400,400,11.834774598112224
C_hard_maze,0,8,1,123959409,h_legsum,400,False,nan,400,400,11.834774598112224
C_hard_maze,0,8,1,123959409,h_oracle,400,True,11.834774598112222,133,133,11.834774598112224
C_hard_maze,0,8,1,123959409,h_next,800,False,nan,800,800,11.834774598112224
C_hard_maze,0,8,1,123959409,h_legsum,800,False,nan,800,800,11.834774598112224
C_hard_maze,0,8,1,123959409,h_oracle,800,True,11.834774598112222,133,133,11.834774598112224
C_hard_maze,0,8,1,123959409,h_next,1600,False,nan,1600,1600,11.834774598112224
C_hard_maze,0,8,1,123959409,h_legsum,1600,False,nan,1600,1600,11.834774598112224
C_hard_maze,0,8,1,123959409,h_oracle,1600,True,11.834774598112222,133,133,11.834774598112224
C_hard_maze,0,8,1,123959409,h_next,3200,True,11.834774598112222,1638,1638,11.834774598112224
C_hard_maze,0,8,1,123959409,h_legsum,3200,True,11.834774598112222,1637,1637,11.834774598112224
C_hard_maze,0,8,1,123959409,h_oracle,3200,True,11.834774598112222,133,133,11.834774598112224
C_hard_maze,0,8,2,123983166,h_next,100,False,nan,100,100,10.459232531856555
C_hard_maze,0,8,2,123983166,h_legsum,100,False,nan,100,100,10.459232531856555
C_hard_maze,0,8,2,123983166,h_oracle,100,False,nan,100,100,10.459232531856555
C_hard_maze,0,8,2,123983166,h_next,200,False,nan,200,200,10.459232531856555
C_hard_maze,0,8,2,123983166,h_legsum,200,False,nan,200,200,10.459232531856555
C_hard_maze,0,8,2,123983166,h_oracle,200,True,10.459232531856555,110,110,10.459232531856555
C_hard_maze,0,8,2,123983166,h_next,400,False,nan,400,400,10.459232531856555
C_hard_maze,0,8,2,123983166,h_legsum,400,False,nan,400,400,10.459232531856555
C_hard_maze,0,8,2,123983166,h_oracle,400,True,10.459232531856555,110,110,10.459232531856555
C_hard_maze,0,8,2,123983166,h_next,800,False,nan,800,800,10.459232531856555
C_hard_maze,0,8,2,123983166,h_legsum,800,False,nan,800,800,10.459232531856555
C_hard_maze,0,8,2,123983166,h_oracle,800,True,10.459232531856555,110,110,10.459232531856555
C_hard_maze,0,8,2,123983166,h_next,1600,True,10.459232531856555,1461,1461,10.459232531856555
C_hard_maze,0,8,2,123983166,h_legsum,1600,True,10.459232531856555,1442,1442,10.459232531856555
C_hard_maze,0,8,2,123983166,h_oracle,1600,True,10.459232531856555,110,110,10.459232531856555
C_hard_maze,0,8,2,123983166,h_next,3200,True,10.459232531856555,1461,1461,10.459232531856555
C_hard_maze,0,8,2,123983166,h_legsum,3200,True,10.459232531856555,1442,1442,10.459232531856555
C_hard_maze,0,8,2,123983166,h_oracle,3200,True,10.459232531856555,110,110,10.459232531856555
C_hard_maze,0,8,3,123999004,h_next,100,False,nan,100,100,10.419576792137159
C_hard_maze,0,8,3,123999004,h_legsum,100,False,nan,100,100,10.419576792137159
C_hard_maze,0,8,3,123999004,h_oracle,100,False,nan,100,100,10.419576792137159
C_hard_maze,0,8,3,123999004,h_next,200,False,nan,200,200,10.419576792137159
C_hard_maze,0,8,3,123999004,h_legsum,200,False,nan,200,200,10.419576792137159
C_hard_maze,0,8,3,123999004,h_oracle,200,True,10.419576792137155,114,114,10.419576792137159
C_hard_maze,0,8,3,123999004,h_next,400,False,nan,400,400,10.419576792137159
C_hard_maze,0,8,3,123999004,h_legsum,400,False,nan,400,400,10.419576792137159
C_hard_maze,0,8,3,123999004,h_oracle,400,True,10.419576792137155,114,114,10.419576792137159
C_hard_maze,0,8,3,123999004,h_next,800,False,nan,800,800,10.419576792137159
C_hard_maze,0,8,3,123999004,h_legsum,800,False,nan,800,800,10.419576792137159
C_hard_maze,0,8,3,123999004,h_oracle,800,True,10.419576792137155,114,114,10.419576792137159
C_hard_maze,0,8,3,123999004,h_next,1600,True,10.419576792137155,1466,1466,10.419576792137159
C_hard_maze,0,8,3,123999004,h_legsum,1600,True,10.419576792137155,1392,1392,10.419576792137159
C_hard_maze,0,8,3,123999004,h_oracle,1600,True,10.419576792137155,114,114,10.419576792137159
C_hard_maze,0,8,3,123999004,h_next,3200,True,10.419576792137155,1466,1466,10.419576792137159
C_hard_maze,0,8,3,123999004,h_legsum,3200,True,10.419576792137155,1392,1392,10.419576792137159
C_hard_maze,0,8,3,123999004,h_oracle,3200,True,10.419576792137155,114,114,10.419576792137159
C_hard_maze,0,8,4,124062356,h_next,100,False,nan,100,100,10.990520051823392
C_hard_maze,0,8,4,124062356,h_legsum,100,False,nan,100,100,10.990520051823392
C_hard_maze,0,8,4,124062356,h_oracle,100,False,nan,100,100,10.990520051823392
C_hard_maze,0,8,4,124062356,h_next,200,False,nan,200,200,10.990520051823392
C_hard_maze,0,8,4,124062356,h_legsum,200,False,nan,200,200,10.990520051823392
C_hard_maze,0,8,4,124062356,h_oracle,200,True,10.99052005182339,115,115,10.990520051823392
C_hard_maze,0,8,4,124062356,h_next,400,False,nan,400,400,10.990520051823392
C_hard_maze,0,8,4,124062356,h_legsum,400,False,nan,400,400,10.990520051823392
C_hard_maze,0,8,4,124062356,h_oracle,400,True,10.99052005182339,115,115,10.990520051823392
C_hard_maze,0,8,4,124062356,h_next,800,False,nan,800,800,10.990520051823392
C_hard_maze,0,8,4,124062356,h_legsum,800,False,nan,800,800,10.990520051823392
C_hard_maze,0,8,4,124062356,h_oracle,800,True,10.99052005182339,115,115,10.990520051823392
C_hard_maze,0,8,4,124062356,h_next,1600,True,10.99052005182339,1460,1460,10.990520051823392
C_hard_maze,0,8,4,124062356,h_legsum,1600,True,10.99052005182339,1378,1378,10.990520051823392
C_hard_maze,0,8,4,124062356,h_oracle,1600,True,10.99052005182339,115,115,10.990520051823392
C_hard_maze,0,8,4,124062356,h_next,3200,True,10.99052005182339,1460,1460,10.990520051823392
C_hard_maze,0,8,4,124062356,h_legsum,3200,True,10.99052005182339,1378,1378,10.990520051823392
C_hard_maze,0,8,4,124062356,h_oracle,3200,True,10.99052005182339,115,115,10.990520051823392
C_hard_maze,0,8,5,124101951,h_next,100,False,nan,100,100,9.319184978500012
C_hard_maze,0,8,5,124101951,h_legsum,100,False,nan,100,100,9.319184978500012
C_hard_maze,0,8,5,124101951,h_oracle,100,False,nan,100,100,9.319184978500012
C_hard_maze,0,8,5,124101951,h_next,200,False,nan,200,200,9.319184978500012
C_hard_maze,0,8,5,124101951,h_legsum,200,False,nan,200,200,9.319184978500012
C_hard_maze,0,8,5,124101951,h_oracle,200,True,9.319184978500008,108,108,9.319184978500012
C_hard_maze,0,8,5,124101951,h_next,400,False,nan,400,400,9.319184978500012
C_hard_maze,0,8,5,124101951,h_legsum,400,False,nan,400,400,9.319184978500012
C_hard_maze,0,8,5,124101951,h_oracle,400,True,9.319184978500008,108,108,9.319184978500012
C_hard_maze,0,8,5,124101951,h_next,800,False,nan,800,800,9.319184978500012
C_hard_maze,0,8,5,124101951,h_legsum,800,False,nan,800,800,9.319184978500012
C_hard_maze,0,8,5,124101951,h_oracle,800,True,9.319184978500008,108,108,9.319184978500012
C_hard_maze,0,8,5,124101951,h_next,1600,True,9.319184978500008,1470,1470,9.319184978500012
C_hard_maze,0,8,5,124101951,h_legsum,1600,True,9.319184978500008,1410,1410,9.319184978500012
C_hard_maze,0,8,5,124101951,h_oracle,1600,True,9.319184978500008,108,108,9.319184978500012
C_hard_maze,0,8,5,124101951,h_next,3200,True,9.319184978500008,1470,1470,9.319184978500012
C_hard_maze,0,8,5,124101951,h_legsum,3200,True,9.319184978500008,1410,1410,9.319184978500012
C_hard_maze,0,8,5,124101951,h_oracle,3200,True,9.319184978500008,108,108,9.319184978500012
C_hard_maze,0,8,6,124109870,h_next,100,False,nan,100,100,5.507624313110458
C_hard_maze,0,8,6,124109870,h_legsum,100,False,nan,100,100,5.507624313110458
C_hard_maze,0,8,6,124109870,h_oracle,100,True,5.5076243131104565,53,53,5.507624313110458
C_hard_maze,0,8,6,124109870,h_next,200,False,nan,200,200,5.507624313110458
C_hard_maze,0,8,6,124109870,h_legsum,200,False,nan,200,200,5.507624313110458
C_hard_maze,0,8,6,124109870,h_oracle,200,True,5.5076243131104565,53,53,5.507624313110458
C_hard_maze,0,8,6,124109870,h_next,400,False,nan,400,400,5.507624313110458
C_hard_maze,0,8,6,124109870,h_legsum,400,False,nan,400,400,5.507624313110458
C_hard_maze,0,8,6,124109870,h_oracle,400,True,5.5076243131104565,53,53,5.507624313110458
C_hard_maze,0,8,6,124109870,h_next,800,False,nan,800,800,5.507624313110458
C_hard_maze,0,8,6,124109870,h_legsum,800,False,nan,800,800,5.507624313110458
C_hard_maze,0,8,6,124109870,h_oracle,800,True,5.5076243131104565,53,53,5.507624313110458
C_hard_maze,0,8,6,124109870,h_next,1600,True,5.5076243131104565,1443,1443,5.507624313110458
C_hard_maze,0,8,6,124109870,h_legsum,1600,True,5.5076243131104565,998,998,5.507624313110458
C_hard_maze,0,8,6,124109870,h_oracle,1600,True,5.5076243131104565,53,53,5.507624313110458
C_hard_maze,0,8,6,124109870,h_next,3200,True,5.5076243131104565,1443,1443,5.507624313110458
C_hard_maze,0,8,6,124109870,h_legsum,3200,True,5.5076243131104565,998,998,5.507624313110458
C_hard_maze,0,8,6,124109870,h_oracle,3200,True,5.5076243131104565,53,53,5.507624313110458
C_hard_maze,0,8,7,124117789,h_next,100,False,nan,100,100,8.51991851591016
C_hard_maze,0,8,7,124117789,h_legsum,100,False,nan,100,100,8.51991851591016
C_hard_maze,0,8,7,124117789,h_oracle,100,False,nan,100,100,8.51991851591016
C_hard_maze,0,8,7,124117789,h_next,200,False,nan,200,200,8.51991851591016
C_hard_maze,0,8,7,124117789,h_legsum,200,False,nan,200,200,8.51991851591016
C_hard_maze,0,8,7,124117789,h_oracle,200,True,8.519918515910156,103,103,8.51991851591016
C_hard_maze,0,8,7,124117789,h_next,400,False,nan,400,400,8.51991851591016
C_hard_maze,0,8,7,124117789,h_legsum,400,False,nan,400,400,8.51991851591016
C_hard_maze,0,8,7,124117789,h_oracle,400,True,8.519918515910156,103,103,8.51991851591016
C_hard_maze,0,8,7,124117789,h_next,800,False,nan,800,800,8.51991851591016
C_hard_maze,0,8,7,124117789,h_legsum,800,False,nan,800,800,8.51991851591016
C_hard_maze,0,8,7,124117789,h_oracle,800,True,8.519918515910156,103,103,8.51991851591016
C_hard_maze,0,8,7,124117789,h_next,1600,True,8.519918515910156,1455,1455,8.51991851591016
C_hard_maze,0,8,7,124117789,h_legsum,1600,True,8.519918515910156,1211,1211,8.51991851591016
C_hard_maze,0,8,7,124117789,h_oracle,1600,True,8.519918515910156,103,103,8.51991851591016
C_hard_maze,0,8,7,124117789,h_next,3200,True,8.519918515910156,1455,1455,8.51991851591016
C_hard_maze,0,8,7,124117789,h_legsum,3200,True,8.519918515910156,1211,1211,8.51991851591016
C_hard_maze,0,8,7,124117789,h_oracle,3200,True,8.519918515910156,103,103,8.51991851591016
C_hard_maze,0,8,8,124141546,h_next,100,False,nan,100,100,10.331003260477198
C_hard_maze,0,8,8,124141546,h_legsum,100,False,nan,100,100,10.331003260477198
C_hard_maze,0,8,8,124141546,h_oracle,100,False,nan,100,100,10.331003260477198
C_hard_maze,0,8,8,124141546,h_next,200,False,nan,200,200,10.331003260477198
C_hard_maze,0,8,8,124141546,h_legsum,200,False,nan,200,200,10.331003260477198
C_hard_maze,0,8,8,124141546,h_oracle,200,True,10.331003260477202,106,106,10.331003260477198
C_hard_maze,0,8,8,124141546,h_next,400,False,nan,400,400,10.331003260477198
C_hard_maze,0,8,8,124141546,h_legsum,400,False,nan,400,400,10.331003260477198
C_hard_maze,0,8,8,124141546,h_oracle,400,True,10.331003260477202,106,106,10.331003260477198
C_hard_maze,0,8,8,124141546,h_next,800,False,nan,800,800,10.331003260477198
C_hard_maze,0,8,8,124141546,h_legsum,800,False,nan,800,800,10.331003260477198
C_hard_maze,0,8,8,124141546,h_oracle,800,True,10.331003260477202,106,106,10.331003260477198
C_hard_maze,0,8,8,124141546,h_next,1600,True,10.331003260477202,1547,1547,10.331003260477198
C_hard_maze,0,8,8,124141546,h_legsum,1600,True,10.331003260477202,1268,1268,10.331003260477198
C_hard_maze,0,8,8,124141546,h_oracle,1600,True,10.331003260477202,106,106,10.331003260477198
C_hard_maze,0,8,8,124141546,h_next,3200,True,10.331003260477202,1547,1547,10.331003260477198
C_hard_maze,0,8,8,124141546,h_legsum,3200,True,10.331003260477202,1268,1268,10.331003260477198
C_hard_maze,0,8,8,124141546,h_oracle,3200,True,10.331003260477202,106,106,10.331003260477198
C_hard_maze,0,8,9,124196979,h_next,100,False,nan,100,100,9.711762829422149
C_hard_maze,0,8,9,124196979,h_legsum,100,False,nan,100,100,9.711762829422149
C_hard_maze,0,8,9,124196979,h_oracle,100,True,9.711762829422149,100,100,9.711762829422149
C_hard_maze,0,8,9,124196979,h_next,200,False,nan,200,200,9.711762829422149
C_hard_maze,0,8,9,124196979,h_legsum,200,False,nan,200,200,9.711762829422149
C_hard_maze,0,8,9,124196979,h_oracle,200,True,9.711762829422149,100,100,9.711762829422149
C_hard_maze,0,8,9,124196979,h_next,400,False,nan,400,400,9.711762829422149
C_hard_maze,0,8,9,124196979,h_legsum,400,False,nan,400,400,9.711762829422149
C_hard_maze,0,8,9,124196979,h_oracle,400,True,9.711762829422149,100,100,9.711762829422149
C_hard_maze,0,8,9,124196979,h_next,800,False,nan,800,800,9.711762829422149
C_hard_maze,0,8,9,124196979,h_legsum,800,False,nan,800,800,9.711762829422149
C_hard_maze,0,8,9,124196979,h_oracle,800,True,9.711762829422149,100,100,9.711762829422149
C_hard_maze,0,8,9,124196979,h_next,1600,True,9.711762829422149,1595,1595,9.711762829422149
C_hard_maze,0,8,9,124196979,h_legsum,1600,True,9.711762829422149,1554,1554,9.711762829422149
C_hard_maze,0,8,9,124196979,h_oracle,1600,True,9.711762829422149,100,100,9.711762829422149
C_hard_maze,0,8,9,124196979,h_next,3200,True,9.711762829422149,1595,1595,9.711762829422149
C_hard_maze,0,8,9,124196979,h_legsum,3200,True,9.711762829422149,1554,1554,9.711762829422149
C_hard_maze,0,8,9,124196979,h_oracle,3200,True,9.711762829422149,100,100,9.711762829422149
C_hard_maze,0,8,10,124220736,h_next,100,False,nan,100,100,13.550129952561436
C_hard_maze,0,8,10,124220736,h_legsum,100,False,nan,100,100,13.550129952561436
C_hard_maze,0,8,10,124220736,h_oracle,100,False,nan,100,100,13.550129952561436
C_hard_maze,0,8,10,124220736,h_next,200,False,nan,200,200,13.550129952561436
C_hard_maze,0,8,10,124220736,h_legsum,200,False,nan,200,200,13.550129952561436
C_hard_maze,0,8,10,124220736,h_oracle,200,True,13.550129952561434,145,145,13.550129952561436
C_hard_maze,0,8,10,124220736,h_next,400,False,nan,400,400,13.550129952561436
C_hard_maze,0,8,10,124220736,h_legsum,400,False,nan,400,400,13.550129952561436
C_hard_maze,0,8,10,124220736,h_oracle,400,True,13.550129952561434,145,145,13.550129952561436
C_hard_maze,0,8,10,124220736,h_next,800,False,nan,800,800,13.550129952561436
C_hard_maze,0,8,10,124220736,h_legsum,800,False,nan,800,800,13.550129952561436
C_hard_maze,0,8,10,124220736,h_oracle,800,True,13.550129952561434,145,145,13.550129952561436
C_hard_maze,0,8,10,124220736,h_next,1600,True,13.550129952561434,1541,1541,13.550129952561436
C_hard_maze,0,8,10,124220736,h_legsum,1600,True,13.550129952561434,1525,1525,13.550129952561436
C_hard_maze,0,8,10,124220736,h_oracle,1600,True,13.550129952561434,145,145,13.550129952561436
C_hard_maze,0,8,10,124220736,h_next,3200,True,13.550129952561434,1541,1541,13.550129952561436
C_hard_maze,0,8,10,124220736,h_legsum,3200,True,13.550129952561434,1525,1525,13.550129952561436
C_hard_maze,0,8,10,124220736,h_oracle,3200,True,13.550129952561434,145,145,13.550129952561436
C_hard_maze,0,8,11,124236574,h_next,100,False,nan,100,100,13.93852154943294
C_hard_maze,0,8,11,124236574,h_legsum,100,False,nan,100,100,13.93852154943294
C_hard_maze,0,8,11,124236574,h_oracle,100,False,nan,100,100,13.93852154943294
C_hard_maze,0,8,11,124236574,h_next,200,False,nan,200,200,13.93852154943294
C_hard_maze,0,8,11,124236574,h_legsum,200,False,nan,200,200,13.93852154943294
C_hard_maze,0,8,11,124236574,h_oracle,200,True,13.938521549432945,140,140,13.93852154943294
C_hard_maze,0,8,11,124236574,h_next,400,False,nan,400,400,13.93852154943294
C_hard_maze,0,8,11,124236574,h_legsum,400,False,nan,400,400,13.93852154943294
C_hard_maze,0,8,11,124236574,h_oracle,400,True,13.938521549432945,140,140,13.93852154943294
C_hard_maze,0,8,11,124236574,h_next,800,False,nan,800,800,13.93852154943294
C_hard_maze,0,8,11,124236574,h_legsum,800,False,nan,800,800,13.93852154943294
C_hard_maze,0,8,11,124236574,h_oracle,800,True,13.938521549432945,140,140,13.93852154943294
C_hard_maze,0,8,11,124236574,h_next,1600,False,nan,1600,1600,13.93852154943294
C_hard_maze,0,8,11,124236574,h_legsum,1600,False,nan,1600,1600,13.93852154943294
C_hard_maze,0,8,11,124236574,h_oracle,1600,True,13.938521549432945,140,140,13.93852154943294
C_hard_maze,0,8,11,124236574,h_next,3200,True,13.938521549432945,1668,1668,13.93852154943294
C_hard_maze,0,8,11,124236574,h_legsum,3200,True,13.938521549432945,1663,1663,13.93852154943294
C_hard_maze,0,8,11,124236574,h_oracle,3200,True,13.938521549432945,140,140,13.93852154943294
C_hard_maze,0,8,12,124244493,h_next,100,False,nan,100,100,10.636252681759807
C_hard_maze,0,8,12,124244493,h_legsum,100,False,nan,100,100,10.636252681759807
C_hard_maze,0,8,12,124244493,h_oracle,100,False,nan,100,100,10.636252681759807
C_hard_maze,0,8,12,124244493,h_next,200,False,nan,200,200,10.636252681759807
C_hard_maze,0,8,12,124244493,h_legsum,200,False,nan,200,200,10.636252681759807
C_hard_maze,0,8,12,124244493,h_oracle,200,True,10.636252681759805,109,109,10.636252681759807
C_hard_maze,0,8,12,124244493,h_next,400,False,nan,400,400,10.636252681759807
C_hard_maze,0,8,12,124244493,h_legsum,400,False,nan,400,400,10.636252681759807
C_hard_maze,0,8,12,124244493,h_oracle,400,True,10.636252681759805,109,109,10.636252681759807
C_hard_maze,0,8,12,124244493,h_next,800,False,nan,800,800,10.636252681759807
C_hard_maze,0,8,12,124244493,h_legsum,800,False,nan,800,800,10.636252681759807
C_hard_maze,0,8,12,124244493,h_oracle,800,True,10.636252681759805,109,109,10.636252681759807
C_hard_maze,0,8,12,124244493,h_next,1600,True,10.636252681759805,1445,1445,10.636252681759807
C_hard_maze,0,8,12,124244493,h_legsum,1600,True,10.636252681759805,1341,1341,10.636252681759807
C_hard_maze,0,8,12,124244493,h_oracle,1600,True,10.636252681759805,109,109,10.636252681759807
C_hard_maze,0,8,12,124244493,h_next,3200,True,10.636252681759805,1445,1445,10.636252681759807
C_hard_maze,0,8,12,124244493,h_legsum,3200,True,10.636252681759805,1341,1341,10.636252681759807
C_hard_maze,0,8,12,124244493,h_oracle,3200,True,10.636252681759805,109,109,10.636252681759807
C_hard_maze,0,8,13,124252412,h_next,100,False,nan,100,100,8.921898299548365
C_hard_maze,0,8,13,124252412,h_legsum,100,False,nan,100,100,8.921898299548365
C_hard_maze,0,8,13,124252412,h_oracle,100,True,8.921898299548358,98,98,8.921898299548365
C_hard_maze,0,8,13,124252412,h_next,200,False,nan,200,200,8.921898299548365
C_hard_maze,0,8,13,124252412,h_legsum,200,False,nan,200,200,8.921898299548365
C_hard_maze,0,8,13,124252412,h_oracle,200,True,8.921898299548358,98,98,8.921898299548365
C_hard_maze,0,8,13,124252412,h_next,400,False,nan,400,400,8.921898299548365
C_hard_maze,0,8,13,124252412,h_legsum,400,False,nan,400,400,8.921898299548365
C_hard_maze,0,8,13,124252412,h_oracle,400,True,8.921898299548358,98,98,8.921898299548365
C_hard_maze,0,8,13,124252412,h_next,800,False,nan,800,800,8.921898299548365
C_hard_maze,0,8,13,124252412,h_legsum,800,False,nan,800,800,8.921898299548365
C_hard_maze,0,8,13,124252412,h_oracle,800,True,8.921898299548358,98,98,8.921898299548365
C_hard_maze,0,8,13,124252412,h_next,1600,False,nan,1600,1600,8.921898299548365
C_hard_maze,0,8,13,124252412,h_legsum,1600,False,nan,1600,1600,8.921898299548365
C_hard_maze,0,8,13,124252412,h_oracle,1600,True,8.921898299548358,98,98,8.921898299548365
C_hard_maze,0,8,13,124252412,h_next,3200,True,8.921898299548358,1688,1688,8.921898299548365
C_hard_maze,0,8,13,124252412,h_legsum,3200,True,8.921898299548358,1631,1631,8.921898299548365
C_hard_maze,0,8,13,124252412,h_oracle,3200,True,8.921898299548358,98,98,8.921898299548365
C_hard_maze,0,8,14,124260331,h_next,100,False,nan,100,100,14.167281334015271
C_hard_maze,0,8,14,124260331,h_legsum,100,False,nan,100,100,14.167281334015271
C_hard_maze,0,8,14,124260331,h_oracle,100,False,nan,100,100,14.167281334015271
C_hard_maze,0,8,14,124260331,h_next,200,False,nan,200,200,14.167281334015271
C_hard_maze,0,8,14,124260331,h_legsum,200,False,nan,200,200,14.167281334015271
C_hard_maze,0,8,14,124260331,h_oracle,200,True,14.167281334015264,150,150,14.167281334015271
C_hard_maze,0,8,14,124260331,h_next,400,False,nan,400,400,14.167281334015271
C_hard_maze,0,8,14,124260331,h_legsum,400,False,nan,400,400,14.167281334015271
C_hard_maze,0,8,14,124260331,h_oracle,400,True,14.167281334015264,150,150,14.167281334015271
C_hard_maze,0,8,14,124260331,h_next,800,False,nan,800,800,14.167281334015271
C_hard_maze,0,8,14,124260331,h_legsum,800,False,nan,800,800,14.167281334015271
C_hard_maze,0,8,14,124260331,h_oracle,800,True,14.167281334015264,150,150,14.167281334015271
C_hard_maze,0,8,14,124260331,h_next,1600,False,nan,1600,1600,14.167281334015271
C_hard_maze,0,8,14,124260331,h_legsum,1600,False,nan,1600,1600,14.167281334015271
C_hard_maze,0,8,14,124260331,h_oracle,1600,True,14.167281334015264,150,150,14.167281334015271
C_hard_maze,0,8,14,124260331,h_next,3200,True,14.167281334015264,1670,1670,14.167281334015271
C_hard_maze,0,8,14,124260331,h_legsum,3200,True,14.167281334015264,1670,1670,14.167281334015271
C_hard_maze,0,8,14,124260331,h_oracle,3200,True,14.167281334015264,150,150,14.167281334015271
C_hard_maze,0,8,15,124276169,h_next,100,False,nan,100,100,7.789947152751231
C_hard_maze,0,8,15,124276169,h_legsum,100,False,nan,100,100,7.789947152751231
C_hard_maze,0,8,15,124276169,h_oracle,100,True,7.789947152751236,88,88,7.789947152751231
C_hard_maze,0,8,15,124276169,h_next,200,False,nan,200,200,7.789947152751231
C_hard_maze,0,8,15,124276169,h_legsum,200,False,nan,200,200,7.789947152751231
C_hard_maze,0,8,15,124276169,h_oracle,200,True,7.789947152751236,88,88,7.789947152751231
C_hard_maze,0,8,15,124276169,h_next,400,False,nan,400,400,7.789947152751231
C_hard_maze,0,8,15,124276169,h_legsum,400,False,nan,400,400,7.789947152751231
C_hard_maze,0,8,15,124276169,h_oracle,400,True,7.789947152751236,88,88,7.789947152751231
C_hard_maze,0,8,15,124276169,h_next,800,False,nan,800,800,7.789947152751231
C_hard_maze,0,8,15,124276169,h_legsum,800,False,nan,800,800,7.789947152751231
C_hard_maze,0,8,15,124276169,h_oracle,800,True,7.789947152751236,88,88,7.789947152751231
C_hard_maze,0,8,15,124276169,h_next,1600,True,7.789947152751236,1385,1385,7.789947152751231
C_hard_maze,0,8,15,124276169,h_legsum,1600,True,7.789947152751236,1267,1267,7.789947152751231
C_hard_maze,0,8,15,124276169,h_oracle,1600,True,7.789947152751236,88,88,7.789947152751231
C_hard_maze,0,8,15,124276169,h_next,3200,True,7.789947152751236,1385,1385,7.789947152751231
C_hard_maze,0,8,15,124276169,h_legsum,3200,True,7.789947152751236,1267,1267,7.789947152751231
C_hard_maze,0,8,15,124276169,h_oracle,3200,True,7.789947152751236,88,88,7.789947152751231
C_hard_maze,0,8,16,124299926,h_next,100,False,nan,100,100,7.748918083772068
C_hard_maze,0,8,16,124299926,h_legsum,100,False,nan,100,100,7.748918083772068
C_hard_maze,0,8,16,124299926,h_oracle,100,True,7.748918083772068,81,81,7.748918083772068
C_hard_maze,0,8,16,124299926,h_next,200,False,nan,200,200,7.748918083772068
C_hard_maze,0,8,16,124299926,h_legsum,200,False,nan,200,200,7.748918083772068
C_hard_maze,0,8,16,124299926,h_oracle,200,True,7.748918083772068,81,81,7.748918083772068
C_hard_maze,0,8,16,124299926,h_next,400,False,nan,400,400,7.748918083772068
C_hard_maze,0,8,16,124299926,h_legsum,400,False,nan,400,400,7.748918083772068
C_hard_maze,0,8,16,124299926,h_oracle,400,True,7.748918083772068,81,81,7.748918083772068
C_hard_maze,0,8,16,124299926,h_next,800,False,nan,800,800,7.748918083772068
C_hard_maze,0,8,16,124299926,h_legsum,800,True,7.748918083772068,735,735,7.748918083772068
C_hard_maze,0,8,16,124299926,h_oracle,800,True,7.748918083772068,81,81,7.748918083772068
C_hard_maze,0,8,16,124299926,h_next,1600,True,7.748918083772068,1282,1282,7.748918083772068
C_hard_maze,0,8,16,124299926,h_legsum,1600,True,7.748918083772068,735,735,7.748918083772068
C_hard_maze,0,8,16,124299926,h_oracle,1600,True,7.748918083772068,81,81,7.748918083772068
C_hard_maze,0,8,16,124299926,h_next,3200,True,7.748918083772068,1282,1282,7.748918083772068
C_hard_maze,0,8,16,124299926,h_legsum,3200,True,7.748918083772068,735,735,7.748918083772068
C_hard_maze,0,8,16,124299926,h_oracle,3200,True,7.748918083772068,81,81,7.748918083772068
C_hard_maze,0,8,17,124315764,h_next,100,False,nan,100,100,6.268983693910405
C_hard_maze,0,8,17,124315764,h_legsum,100,False,nan,100,100,6.268983693910405
C_hard_maze,0,8,17,124315764,h_oracle,100,True,6.2689836939104095,75,75,6.268983693910405
C_hard_maze,0,8,17,124315764,h_next,200,False,nan,200,200,6.268983693910405
C_hard_maze,0,8,17,124315764,h_legsum,200,False,nan,200,200,6.268983693910405
C_hard_maze,0,8,17,124315764,h_oracle,200,True,6.2689836939104095,75,75,6.268983693910405
C_hard_maze,0,8,17,124315764,h_next,400,False,nan,400,400,6.268983693910405
C_hard_maze,0,8,17,124315764,h_legsum,400,False,nan,400,400,6.268983693910405
C_hard_maze,0,8,17,124315764,h_oracle,400,True,6.2689836939104095,75,75,6.268983693910405
C_hard_maze,0,8,17,124315764,h_next,800,False,nan,800,800,6.268983693910405
C_hard_maze,0,8,17,124315764,h_legsum,800,False,nan,800,800,6.268983693910405
C_hard_maze,0,8,17,124315764,h_oracle,800,True,6.2689836939104095,75,75,6.268983693910405
C_hard_maze,0,8,17,124315764,h_next,1600,True,6.2689836939104095,1376,1376,6.268983693910405
C_hard_maze,0,8,17,124315764,h_legsum,1600,True,6.2689836939104095,892,892,6.268983693910405
C_hard_maze,0,8,17,124315764,h_oracle,1600,True,6.2689836939104095,75,75,6.268983693910405
C_hard_maze,0,8,17,124315764,h_next,3200,True,6.2689836939104095,1376,1376,6.268983693910405
C_hard_maze,0,8,17,124315764,h_legsum,3200,True,6.2689836939104095,892,892,6.268983693910405
C_hard_maze,0,8,17,124315764,h_oracle,3200,True,6.2689836939104095,75,75,6.268983693910405
C_hard_maze,0,8,18,124331602,h_next,100,False,nan,100,100,12.174387732725563
C_hard_maze,0,8,18,124331602,h_legsum,100,False,nan,100,100,12.174387732725563
C_hard_maze,0,8,18,124331602,h_oracle,100,False,nan,100,100,12.174387732725563
C_hard_maze,0,8,18,124331602,h_next,200,False,nan,200,200,12.174387732725563
C_hard_maze,0,8,18,124331602,h_legsum,200,False,nan,200,200,12.174387732725563
C_hard_maze,0,8,18,124331602,h_oracle,200,True,12.174387732725576,136,136,12.174387732725563
C_hard_maze,0,8,18,124331602,h_next,400,False,nan,400,400,12.174387732725563
C_hard_maze,0,8,18,124331602,h_legsum,400,False,nan,400,400,12.174387732725563
C_hard_maze,0,8,18,124331602,h_oracle,400,True,12.174387732725576,136,136,12.174387732725563
C_hard_maze,0,8,18,124331602,h_next,800,False,nan,800,800,12.174387732725563
C_hard_maze,0,8,18,124331602,h_legsum,800,False,nan,800,800,12.174387732725563
C_hard_maze,0,8,18,124331602,h_oracle,800,True,12.174387732725576,136,136,12.174387732725563
C_hard_maze,0,8,18,124331602,h_next,1600,True,12.174387732725576,1509,1509,12.174387732725563
C_hard_maze,0,8,18,124331602,h_legsum,1600,True,12.174387732725576,1370,1370,12.174387732725563
C_hard_maze,0,8,18,124331602,h_oracle,1600,True,12.174387732725576,136,136,12.174387732725563
C_hard_maze,0,8,18,124331602,h_next,3200,True,12.174387732725576,1509,1509,12.174387732725563
C_hard_maze,0,8,18,124331602,h_legsum,3200,True,12.174387732725576,1370,1370,12.174387732725563
C_hard_maze,0,8,18,124331602,h_oracle,3200,True,12.174387732725576,136,136,12.174387732725563
C_hard_maze,0,8,19,124339521,h_next,100,False,nan,100,100,9.776414301520909
C_hard_maze,0,8,19,124339521,h_legsum,100,False,nan,100,100,9.776414301520909
C_hard_maze,0,8,19,124339521,h_oracle,100,False,nan,100,100,9.776414301520909
C_hard_maze,0,8,19,124339521,h_next,200,False,nan,200,200,9.776414301520909
C_hard_maze,0,8,19,124339521,h_legsum,200,False,nan,200,200,9.776414301520909
C_hard_maze,0,8,19,124339521,h_oracle,200,True,9.776414301520907,114,114,9.776414301520909
C_hard_maze,0,8,19,124339521,h_next,400,False,nan,400,400,9.776414301520909
C_hard_maze,0,8,19,124339521,h_legsum,400,False,nan,400,400,9.776414301520909
C_hard_maze,0,8,19,124339521,h_oracle,400,True,9.776414301520907,114,114,9.776414301520909
C_hard_maze,0,8,19,124339521,h_next,800,False,nan,800,800,9.776414301520909
C_hard_maze,0,8,19,124339521,h_legsum,800,False,nan,800,800,9.776414301520909
C_hard_maze,0,8,19,124339521,h_oracle,800,True,9.776414301520907,114,114,9.776414301520909
C_hard_maze,0,8,19,124339521,h_next,1600,True,9.776414301520907,1546,1546,9.776414301520909
C_hard_maze,0,8,19,124339521,h_legsum,1600,True,9.776414301520907,1421,1421,9.776414301520909
C_hard_maze,0,8,19,124339521,h_oracle,1600,True,9.776414301520907,114,114,9.776414301520909
C_hard_maze,0,8,19,124339521,h_next,3200,True,9.776414301520907,1546,1546,9.776414301520909
C_hard_maze,0,8,19,124339521,h_legsum,3200,True,9.776414301520907,1421,1421,9.776414301520909
C_hard_maze,0,8,19,124339521,h_oracle,3200,True,9.776414301520907,114,114,9.776414301520909
C_hard_maze,0,8,20,124355359,h_next,100,False,nan,100,100,10.161554144787392
C_hard_maze,0,8,20,124355359,h_legsum,100,False,nan,100,100,10.161554144787392
C_hard_maze,0,8,20,124355359,h_oracle,100,True,10.161554144787395,99,99,10.161554144787392
C_hard_maze,0,8,20,124355359,h_next,200,False,nan,200,200,10.161554144787392
C_hard_maze,0,8,20,124355359,h_legsum,200,False,nan,200,200,10.161554144787392
C_hard_maze,0,8,20,124355359,h_oracle,200,True,10.161554144787395,99,99,10.161554144787392
C_hard_maze,0,8,20,124355359,h_next,400,False,nan,400,400,10.161554144787392
C_hard_maze,0,8,20,124355359,h_legsum,400,False,nan,400,400,10.161554144787392
C_hard_maze,0,8,20,124355359,h_oracle,400,True,10.161554144787395,99,99,10.161554144787392
C_hard_maze,0,8,20,124355359,h_next,800,False,nan,800,800,10.161554144787392
C_hard_maze,0,8,20,124355359,h_legsum,800,False,nan,800,800,10.161554144787392
C_hard_maze,0,8,20,124355359,h_oracle,800,True,10.161554144787395,99,99,10.161554144787392
C_hard_maze,0,8,20,124355359,h_next,1600,True,10.161554144787395,1443,1443,10.161554144787392
C_hard_maze,0,8,20,124355359,h_legsum,1600,True,10.161554144787395,1360,1360,10.161554144787392
C_hard_maze,0,8,20,124355359,h_oracle,1600,True,10.161554144787395,99,99,10.161554144787392
C_hard_maze,0,8,20,124355359,h_next,3200,True,10.161554144787395,1443,1443,10.161554144787392
C_hard_maze,0,8,20,124355359,h_legsum,3200,True,10.161554144787395,1360,1360,10.161554144787392
C_hard_maze,0,8,20,124355359,h_oracle,3200,True,10.161554144787395,99,99,10.161554144787392
C_hard_maze,0,8,21,124371197,h_next,100,False,nan,100,100,9.852528139336522
C_hard_maze,0,8,21,124371197,h_legsum,100,False,nan,100,100,9.852528139336522
C_hard_maze,0,8,21,124371197,h_oracle,100,False,nan,100,100,9.852528139336522
C_hard_maze,0,8,21,124371197,h_next,200,False,nan,200,200,9.852528139336522
C_hard_maze,0,8,21,124371197,h_legsum,200,False,nan,200,200,9.852528139336522
C_hard_maze,0,8,21,124371197,h_oracle,200,True,9.852528139336515,103,103,9.852528139336522
C_hard_maze,0,8,21,124371197,h_next,400,False,nan,400,400,9.852528139336522
C_hard_maze,0,8,21,124371197,h_legsum,400,False,nan,400,400,9.852528139336522
C_hard_maze,0,8,21,124371197,h_oracle,400,True,9.852528139336515,103,103,9.852528139336522
C_hard_maze,0,8,21,124371197,h_next,800,False,nan,800,800,9.852528139336522
C_hard_maze,0,8,21,124371197,h_legsum,800,False,nan,800,800,9.852528139336522
C_hard_maze,0,8,21,124371197,h_oracle,800,True,9.852528139336515,103,103,9.852528139336522
C_hard_maze,0,8,21,124371197,h_next,1600,True,9.852528139336515,1380,1380,9.852528139336522
C_hard_maze,0,8,21,124371197,h_legsum,1600,True,9.852528139336515,1328,1328,9.852528139336522
C_hard_maze,0,8,21,124371197,h_oracle,1600,True,9.852528139336515,103,103,9.852528139336522
C_hard_maze,0,8,21,124371197,h_next,3200,True,9.852528139336515,1380,1380,9.852528139336522
C_hard_maze,0,8,21,124371197,h_legsum,3200,True,9.852528139336515,1328,1328,9.852528139336522
C_hard_maze,0,8,21,124371197,h_oracle,3200,True,9.852528139336515,103,103,9.852528139336522
C_hard_maze,0,8,22,124379116,h_next,100,False,nan,100,100,11.109250098883379
C_hard_maze,0,8,22,124379116,h_legsum,100,False,nan,100,100,11.109250098883379
C_hard_maze,0,8,22,124379116,h_oracle,100,False,nan,100,100,11.109250098883379
C_hard_maze,0,8,22,124379116,h_next,200,False,nan,200,200,11.109250098883379
C_hard_maze,0,8,22,124379116,h_legsum,200,False,nan,200,200,11.109250098883379
C_hard_maze,0,8,22,124379116,h_oracle,200,True,11.109250098883376,115,115,11.109250098883379
C_hard_maze,0,8,22,124379116,h_next,400,False,nan,400,400,11.109250098883379
C_hard_maze,0,8,22,124379116,h_legsum,400,False,nan,400,400,11.109250098883379
C_hard_maze,0,8,22,124379116,h_oracle,400,True,11.109250098883376,115,115,11.109250098883379
C_hard_maze,0,8,22,124379116,h_next,800,False,nan,800,800,11.109250098883379
C_hard_maze,0,8,22,124379116,h_legsum,800,False,nan,800,800,11.109250098883379
C_hard_maze,0,8,22,124379116,h_oracle,800,True,11.109250098883376,115,115,11.109250098883379
C_hard_maze,0,8,22,124379116,h_next,1600,False,nan,1600,1600,11.109250098883379
C_hard_maze,0,8,22,124379116,h_legsum,1600,False,nan,1600,1600,11.109250098883379
C_hard_maze,0,8,22,124379116,h_oracle,1600,True,11.109250098883376,115,115,11.109250098883379
C_hard_maze,0,8,22,124379116,h_next,3200,True,11.109250098883376,1678,1678,11.109250098883379
C_hard_maze,0,8,22,124379116,h_legsum,3200,True,11.109250098883376,1677,1677,11.109250098883379
C_hard_maze,0,8,22,124379116,h_oracle,3200,True,11.109250098883376,115,115,11.109250098883379
C_hard_maze,0,8,23,124410792,h_next,100,False,nan,100,100,10.748679292728514
C_hard_maze,0,8,23,124410792,h_legsum,100,False,nan,100,100,10.748679292728514
C_hard_maze,0,8,23,124410792,h_oracle,100,False,nan,100,100,10.748679292728514
C_hard_maze,0,8,23,124410792,h_next,200,False,nan,200,200,10.748679292728514
C_hard_maze,0,8,23,124410792,h_legsum,200,False,nan,200,200,10.748679292728514
C_hard_maze,0,8,23,124410792,h_oracle,200,True,10.748679292728504,102,102,10.748679292728514
C_hard_maze,0,8,23,124410792,h_next,400,False,nan,400,400,10.748679292728514
C_hard_maze,0,8,23,124410792,h_legsum,400,False,nan,400,400,10.748679292728514
C_hard_maze,0,8,23,124410792,h_oracle,400,True,10.748679292728504,102,102,10.748679292728514
C_hard_maze,0,8,23,124410792,h_next,800,False,nan,800,800,10.748679292728514
C_hard_maze,0,8,23,124410792,h_legsum,800,False,nan,800,800,10.748679292728514
C_hard_maze,0,8,23,124410792,h_oracle,800,True,10.748679292728504,102,102,10.748679292728514
C_hard_maze,0,8,23,124410792,h_next,1600,True,10.748679292728504,1290,1290,10.748679292728514
C_hard_maze,0,8,23,124410792,h_legsum,1600,True,10.748679292728504,1183,1183,10.748679292728514
C_hard_maze,0,8,23,124410792,h_oracle,1600,True,10.748679292728504,102,102,10.748679292728514
C_hard_maze,0,8,23,124410792,h_next,3200,True,10.748679292728504,1290,1290,10.748679292728514
C_hard_maze,0,8,23,124410792,h_legsum,3200,True,10.748679292728504,1183,1183,10.748679292728514
C_hard_maze,0,8,23,124410792,h_oracle,3200,True,10.748679292728504,102,102,10.748679292728514
C_hard_maze,0,8,24,124426630,h_next,100,False,nan,100,100,12.29150221388759
C_hard_maze,0,8,24,124426630,h_legsum,100,False,nan,100,100,12.29150221388759
C_hard_maze,0,8,24,124426630,h_oracle,100,False,nan,100,100,12.29150221388759
C_hard_maze,0,8,24,124426630,h_next,200,False,nan,200,200,12.29150221388759
C_hard_maze,0,8,24,124426630,h_legsum,200,False,nan,200,200,12.29150221388759
C_hard_maze,0,8,24,124426630,h_oracle,200,True,12.291502213887595,123,123,12.29150221388759
C_hard_maze,0,8,24,124426630,h_next,400,False,nan,400,400,12.29150221388759
C_hard_maze,0,8,24,124426630,h_legsum,400,False,nan,400,400,12.29150221388759
C_hard_maze,0,8,24,124426630,h_oracle,400,True,12.291502213887595,123,123,12.29150221388759
C_hard_maze,0,8,24,124426630,h_next,800,False,nan,800,800,12.29150221388759
C_hard_maze,0,8,24,124426630,h_legsum,800,False,nan,800,800,12.29150221388759
C_hard_maze,0,8,24,124426630,h_oracle,800,True,12.291502213887595,123,123,12.29150221388759
C_hard_maze,0,8,24,124426630,h_next,1600,True,12.291502213887595,1526,1526,12.29150221388759
C_hard_maze,0,8,24,124426630,h_legsum,1600,True,12.291502213887595,1501,1501,12.29150221388759
C_hard_maze,0,8,24,124426630,h_oracle,1600,True,12.291502213887595,123,123,12.29150221388759
C_hard_maze,0,8,24,124426630,h_next,3200,True,12.291502213887595,1526,1526,12.29150221388759
C_hard_maze,0,8,24,124426630,h_legsum,3200,True,12.291502213887595,1501,1501,12.29150221388759
C_hard_maze,0,8,24,124426630,h_oracle,3200,True,12.291502213887595,123,123,12.29150221388759
C_hard_rooms_large,1,2,0,31077689,h_next,100,False,nan,100,100,6.063031500185944
C_hard_rooms_large,1,2,0,31077689,h_legsum,100,False,nan,100,100,6.063031500185944
C_hard_rooms_large,1,2,0,31077689,h_oracle,100,True,6.063031500185943,22,22,6.063031500185944
C_hard_rooms_large,1,2,0,31077689,h_next,200,False,nan,200,200,6.063031500185944
C_hard_rooms_large,1,2,0,31077689,h_legsum,200,True,6.063031500185943,112,112,6.063031500185944
C_hard_rooms_large,1,2,0,31077689,h_oracle,200,True,6.063031500185943,22,22,6.063031500185944
C_hard_rooms_large,1,2,0,31077689,h_next,400,True,6.063031500185943,222,222,6.063031500185944
C_hard_rooms_large,1,2,0,31077689,h_legsum,400,True,6.063031500185943,112,112,6.063031500185944
C_hard_rooms_large,1,2,0,31077689,h_oracle,400,True,6.063031500185943,22,22,6.063031500185944
C_hard_rooms_large,1,2,0,31077689,h_next,800,True,6.063031500185943,222,222,6.063031500185944
C_hard_rooms_large,1,2,0,31077689,h_legsum,800,True,6.063031500185943,112,112,6.063031500185944
C_hard_rooms_large,1,2,0,31077689,h_oracle,800,True,6.063031500185943,22,22,6.063031500185944
C_hard_rooms_large,1,2,0,31077689,h_next,1600,True,6.063031500185943,222,222,6.063031500185944
C_hard_rooms_large,1,2,0,31077689,h_legsum,1600,True,6.063031500185943,112,112,6.063031500185944
C_hard_rooms_large,1,2,0,31077689,h_oracle,1600,True,6.063031500185943,22,22,6.063031500185944
C_hard_rooms_large,1,2,0,31077689,h_next,3200,True,6.063031500185943,222,222,6.063031500185944
C_hard_rooms_large,1,2,0,31077689,h_legsum,3200,True,6.063031500185943,112,112,6.063031500185944
C_hard_rooms_large,1,2,0,31077689,h_oracle,3200,True,6.063031500185943,22,22,6.063031500185944
C_hard_rooms_large,1,2,1,31085608,h_next,100,False,nan,100,100,9.725278195515227
C_hard_rooms_large,1,2,1,31085608,h_legsum,100,False,nan,100,100,9.725278195515227
C_hard_rooms_large,1,2,1,31085608,h_oracle,100,True,9.72527819551523,32,32,9.725278195515227
C_hard_rooms_large,1,2,1,31085608,h_next,200,False,nan,200,200,9.725278195515227
C_hard_rooms_large,1,2,1,31085608,h_legsum,200,False,nan,200,200,9.725278195515227
C_hard_rooms_large,1,2,1,31085608,h_oracle,200,True,9.72527819551523,32,32,9.725278195515227
C_hard_rooms_large,1,2,1,31085608,h_next,400,True,9.72527819551523,328,328,9.725278195515227
C_hard_rooms_large,1,2,1,31085608,h_legsum,400,True,9.72527819551523,312,312,9.725278195515227
C_hard_rooms_large,1,2,1,31085608,h_oracle,400,True,9.72527819551523,32,32,9.725278195515227
C_hard_rooms_large,1,2,1,31085608,h_next,800,True,9.72527819551523,328,328,9.725278195515227
C_hard_rooms_large,1,2,1,31085608,h_legsum,800,True,9.72527819551523,312,312,9.725278195515227
C_hard_rooms_large,1,2,1,31085608,h_oracle,800,True,9.72527819551523,32,32,9.725278195515227
C_hard_rooms_large,1,2,1,31085608,h_next,1600,True,9.72527819551523,328,328,9.725278195515227
C_hard_rooms_large,1,2,1,31085608,h_legsum,1600,True,9.72527819551523,312,312,9.725278195515227
C_hard_rooms_large,1,2,1,31085608,h_oracle,1600,True,9.72527819551523,32,32,9.725278195515227
C_hard_rooms_large,1,2,1,31085608,h_next,3200,True,9.72527819551523,328,328,9.725278195515227
C_hard_rooms_large,1,2,1,31085608,h_legsum,3200,True,9.72527819551523,312,312,9.725278195515227
C_hard_rooms_large,1,2,1,31085608,h_oracle,3200,True,9.72527819551523,32,32,9.725278195515227
C_hard_rooms_large,1,2,2,31093527,h_next,100,False,nan,100,100,6.610700527957027
C_hard_rooms_large,1,2,2,31093527,h_legsum,100,False,nan,100,100,6.610700527957027
C_hard_rooms_large,1,2,2,31093527,h_oracle,100,True,6.610700527957025,19,19,6.610700527957027
C_hard_rooms_large,1,2,2,31093527,h_next,200,False,nan,200,200,6.610700527957027
C_hard_rooms_large,1,2,2,31093527,h_legsum,200,True,6.610700527957025,161,161,6.610700527957027
C_hard_rooms_large,1,2,2,31093527,h_oracle,200,True,6.610700527957025,19,19,6.610700527957027
C_hard_rooms_large,1,2,2,31093527,h_next,400,True,6.610700527957025,263,263,6.610700527957027
C_hard_rooms_large,1,2,2,31093527,h_legsum,400,True,6.610700527957025,161,161,6.610700527957027
C_hard_rooms_large,1,2,2,31093527,h_oracle,400,True,6.610700527957025,19,19,6.610700527957027
C_hard_rooms_large,1,2,2,31093527,h_next,800,True,6.610700527957025,263,263,6.610700527957027
C_hard_rooms_large,1,2,2,31093527,h_legsum,800,True,6.610700527957025,161,161,6.610700527957027
C_hard_rooms_large,1,2,2,31093527,h_oracle,800,True,6.610700527957025,19,19,6.610700527957027
C_hard_rooms_large,1,2,2,31093527,h_next,1600,True,6.610700527957025,263,263,6.610700527957027
C_hard_rooms_large,1,2,2,31093527,h_legsum,1600,True,6.610700527957025,161,161,6.610700527957027
C_hard_rooms_large,1,2,2,31093527,h_oracle,1600,True,6.610700527957025,19,19,6.610700527957027
C_hard_rooms_large,1,2,2,31093527,h_next,3200,True,6.610700527957025,263,263,6.610700527957027
C_hard_rooms_large,1,2,2,31093527,h_legsum,3200,True,6.610700527957025,161,161,6.610700527957027
C_hard_rooms_large,1,2,2,31093527,h_oracle,3200,True,6.610700527957025,19,19,6.610700527957027
C_hard_rooms_large,1,2,3,31101446,h_next,100,False,nan,100,100,4.349941238717401
C_hard_rooms_large,1,2,3,31101446,h_legsum,100,True,4.349941238717401,63,63,4.349941238717401
C_hard_rooms_large,1,2,3,31101446,h_oracle,100,True,4.349941238717401,17,17,4.349941238717401
C_hard_rooms_large,1,2,3,31101446,h_next,200,True,4.349941238717401,166,166,4.349941238717401
C_hard_rooms_large,1,2,3,31101446,h_legsum,200,True,4.349941238717401,63,63,4.349941238717401
C_hard_rooms_large,1,2,3,31101446,h_oracle,200,True,4.349941238717401,17,17,4.349941238717401
C_hard_rooms_large,1,2,3,31101446,h_next,400,True,4.349941238717401,166,166,4.349941238717401
C_hard_rooms_large,1,2,3,31101446,h_legsum,400,True,4.349941238717401,63,63,4.349941238717401
C_hard_rooms_large,1,2,3,31101446,h_oracle,400,True,4.349941238717401,17,17,4.349941238717401
C_hard_rooms_large,1,2,3,31101446,h_next,800,True,4.349941238717401,166,166,4.349941238717401
C_hard_rooms_large,1,2,3,31101446,h_legsum,800,True,4.349941238717401,63,63,4.349941238717401
C_hard_rooms_large,1,2,3,31101446,h_oracle,800,True,4.349941238717401,17,17,4.349941238717401
C_hard_rooms_large,1,2,3,31101446,h_next,1600,True,4.349941238717401,166,166,4.349941238717401
C_hard_rooms_large,1,2,3,31101446,h_legsum,1600,True,4.349941238717401,63,63,4.349941238717401
C_hard_rooms_large,1,2,3,31101446,h_oracle,1600,True,4.349941238717401,17,17,4.349941238717401
C_hard_rooms_large,1,2,3,31101446,h_next,3200,True,4.349941238717401,166,166,4.349941238717401
C_hard_rooms_large,1,2,3,31101446,h_legsum,3200,True,4.349941238717401,63,63,4.349941238717401
C_hard_rooms_large,1,2,3,31101446,h_oracle,3200,True,4.349941238717401,17,17,4.349941238717401
C_hard_rooms_large,1,2,4,31109365,h_next,100,False,nan,100,100,6.6494215195283735
C_hard_rooms_large,1,2,4,31109365,h_legsum,100,True,6.649421519528373,88,88,6.6494215195283735
C_hard_rooms_large,1,2,4,31109365,h_oracle,100,True,6.649421519528373,21,21,6.6494215195283735
C_hard_rooms_large,1,2,4,31109365,h_next,200,False,nan,200,200,6.6494215195283735
C_hard_rooms_large,1,2,4,31109365,h_legsum,200,True,6.649421519528373,88,88,6.6494215195283735
C_hard_rooms_large,1,2,4,31109365,h_oracle,200,True,6.649421519528373,21,21,6.6494215195283735
C_hard_rooms_large,1,2,4,31109365,h_next,400,True,6.649421519528373,238,238,6.6494215195283735
C_hard_rooms_large,1,2,4,31109365,h_legsum,400,True,6.649421519528373,88,88,6.6494215195283735
C_hard_rooms_large,1,2,4,31109365,h_oracle,400,True,6.649421519528373,21,21,6.6494215195283735
C_hard_rooms_large,1,2,4,31109365,h_next,800,True,6.649421519528373,238,238,6.6494215195283735
C_hard_rooms_large,1,2,4,31109365,h_legsum,800,True,6.649421519528373,88,88,6.6494215195283735
C_hard_rooms_large,1,2,4,31109365,h_oracle,800,True,6.649421519528373,21,21,6.6494215195283735
C_hard_rooms_large,1,2,4,31109365,h_next,1600,True,6.649421519528373,238,238,6.6494215195283735
C_hard_rooms_large,1,2,4,31109365,h_legsum,1600,True,6.649421519528373,88,88,6.6494215195283735
C_hard_rooms_large,1,2,4,31109365,h_oracle,1600,True,6.649421519528373,21,21,6.6494215195283735
C_hard_rooms_large,1,2,4,31109365,h_next,3200,True,6.649421519528373,238,238,6.6494215195283735
C_hard_rooms_large,1,2,4,31109365,h_legsum,3200,True,6.649421519528373,88,88,6.6494215195283735
C_hard_rooms_large,1,2,4,31109365,h_oracle,3200,True,6.649421519528373,21,21,6.6494215195283735
C_hard_rooms_large,1,2,5,31117284,h_next,100,False,nan,100,100,4.812776439843137
C_hard_rooms_large,1,2,5,31117284,h_legsum,100,True,4.812776439843137,82,82,4.812776439843137
C_hard_rooms_large,1,2,5,31117284,h_oracle,100,True,4.812776439843137,18,18,4.812776439843137
C_hard_rooms_large,1,2,5,31117284,h_next,200,False,nan,200,200,4.812776439843137
C_hard_rooms_large,1,2,5,31117284,h_legsum,200,True,4.812776439843137,82,82,4.812776439843137
C_hard_rooms_large,1,2,5,31117284,h_oracle,200,True,4.812776439843137,18,18,4.812776439843137
C_hard_rooms_large,1,2,5,31117284,h_next,400,True,4.812776439843137,240,240,4.812776439843137
C_hard_rooms_large,1,2,5,31117284,h_legsum,400,True,4.812776439843137,82,82,4.812776439843137
C_hard_rooms_large,1,2,5,31117284,h_oracle,400,True,4.812776439843137,18,18,4.812776439843137
C_hard_rooms_large,1,2,5,31117284,h_next,800,True,4.812776439843137,240,240,4.812776439843137
C_hard_rooms_large,1,2,5,31117284,h_legsum,800,True,4.812776439843137,82,82,4.812776439843137
C_hard_rooms_large,1,2,5,31117284,h_oracle,800,True,4.812776439843137,18,18,4.812776439843137
C_hard_rooms_large,1,2,5,31117284,h_next,1600,True,4.812776439843137,240,240,4.812776439843137
C_hard_rooms_large,1,2,5,31117284,h_legsum,1600,True,4.812776439843137,82,82,4.812776439843137
C_hard_rooms_large,1,2,5,31117284,h_oracle,1600,True,4.812776439843137,18,18,4.812776439843137
C_hard_rooms_large,1,2,5,31117284,h_next,3200,True,4.812776439843137,240,240,4.812776439843137
C_hard_rooms_large,1,2,5,31117284,h_legsum,3200,True,4.812776439843137,82,82,4.812776439843137
C_hard_rooms_large,1,2,5,31117284,h_oracle,3200,True,4.812776439843137,18,18,4.812776439843137
C_hard_rooms_large,1,2,6,31125203,h_next,100,False,nan,100,100,7.809873622294829
C_hard_rooms_large,1,2,6,31125203,h_legsum,100,False,nan,100,100,7.809873622294829
C_hard_rooms_large,1,2,6,31125203,h_oracle,100,True,7.809873622294831,29,29,7.809873622294829
C_hard_rooms_large,1,2,6,31125203,h_next,200,False,nan,200,200,7.809873622294829
C_hard_rooms_large,1,2,6,31125203,h_legsum,200,True,7.809873622294831,178,178,7.809873622294829
C_hard_rooms_large,1,2,6,31125203,h_oracle,200,True,7.809873622294831,29,29,7.809873622294829
C_hard_rooms_large,1,2,6,31125203,h_next,400,True,7.809873622294831,287,287,7.809873622294829
C_hard_rooms_large,1,2,6,31125203,h_legsum,400,True,7.809873622294831,178,178,7.809873622294829
C_hard_rooms_large,1,2,6,31125203,h_oracle,400,True,7.809873622294831,29,29,7.809873622294829
C_hard_rooms_large,1,2,6,31125203,h_next,800,True,7.809873622294831,287,287,7.809873622294829
C_hard_rooms_large,1,2,6,31125203,h_legsum,800,True,7.809873622294831,178,178,7.809873622294829
C_hard_rooms_large,1,2,6,31125203,h_oracle,800,True,7.809873622294831,29,29,7.809873622294829
C_hard_rooms_large,1,2,6,31125203,h_next,1600,True,7.809873622294831,287,287,7.809873622294829
C_hard_rooms_large,1,2,6,31125203,h_legsum,1600,True,7.809873622294831,178,178,7.809873622294829
C_hard_rooms_large,1,2,6,31125203,h_oracle,1600,True,7.809873622294831,29,29,7.809873622294829
C_hard_rooms_large,1,2,6,31125203,h_next,3200,True,7.809873622294831,287,287,7.809873622294829
C_hard_rooms_large,1,2,6,31125203,h_legsum,3200,True,7.809873622294831,178,178,7.809873622294829
C_hard_rooms_large,1,2,6,31125203,h_oracle,3200,True,7.809873622294831,29,29,7.809873622294829
C_hard_rooms_large,1,2,7,31141041,h_next,100,False,nan,100,100,5.8356574511222385
C_hard_rooms_large,1,2,7,31141041,h_legsum,100,False,nan,100,100,5.8356574511222385
C_hard_rooms_large,1,2,7,31141041,h_oracle,100,True,5.8356574511222385,26,26,5.8356574511222385
C_hard_rooms_large,1,2,7,31141041,h_next,200,False,nan,200,200,5.8356574511222385
C_hard_rooms_large,1,2,7,31141041,h_legsum,200,True,5.8356574511222385,101,101,5.8356574511222385
C_hard_rooms_large,1,2,7,31141041,h_oracle,200,True,5.8356574511222385,26,26,5.8356574511222385
C_hard_rooms_large,1,2,7,31141041,h_next,400,True,5.8356574511222385,231,231,5.8356574511222385
C_hard_rooms_large,1,2,7,31141041,h_legsum,400,True,5.8356574511222385,101,101,5.8356574511222385
C_hard_rooms_large,1,2,7,31141041,h_oracle,400,True,5.8356574511222385,26,26,5.8356574511222385
C_hard_rooms_large,1,2,7,31141041,h_next,800,True,5.8356574511222385,231,231,5.8356574511222385
C_hard_rooms_large,1,2,7,31141041,h_legsum,800,True,5.8356574511222385,101,101,5.8356574511222385
C_hard_rooms_large,1,2,7,31141041,h_oracle,800,True,5.8356574511222385,26,26,5.8356574511222385
C_hard_rooms_large,1,2,7,31141041,h_next,1600,True,5.8356574511222385,231,231,5.8356574511222385
C_hard_rooms_large,1,2,7,31141041,h_legsum,1600,True,5.8356574511222385,101,101,5.8356574511222385
C_hard_rooms_large,1,2,7,31141041,h_oracle,1600,True,5.8356574511222385,26,26,5.8356574511222385
C_hard_rooms_large,1,2,7,31141041,h_next,3200,True,5.8356574511222385,231,231,5.8356574511222385
C_hard_rooms_large,1,2,7,31141041,h_legsum,3200,True,5.8356574511222385,101,101,5.8356574511222385
C_hard_rooms_large,1,2,7,31141041,h_oracle,3200,True,5.8356574511222385,26,26,5.8356574511222385
C_hard_rooms_large,1,2,8,31148960,h_next,100,False,nan,100,100,5.289235335113767
C_hard_rooms_large,1,2,8,31148960,h_legsum,100,True,5.289235335113767,90,90,5.289235335113767
C_hard_rooms_large,1,2,8,31148960,h_oracle,100,True,5.289235335113767,18,18,5.289235335113767
C_hard_rooms_large,1,2,8,31148960,h_next,200,True,5.289235335113767,182,182,5.289235335113767
C_hard_rooms_large,1,2,8,31148960,h_legsum,200,True,5.289235335113767,90,90,5.289235335113767
C_hard_rooms_large,1,2,8,31148960,h_oracle,200,True,5.289235335113767,18,18,5.289235335113767
C_hard_rooms_large,1,2,8,31148960,h_next,400,True,5.289235335113767,182,182,5.289235335113767
C_hard_rooms_large,1,2,8,31148960,h_legsum,400,True,5.289235335113767,90,90,5.289235335113767
C_hard_rooms_large,1,2,8,31148960,h_oracle,400,True,5.289235335113767,18,18,5.289235335113767
C_hard_rooms_large,1,2,8,31148960,h_next,800,True,5.289235335113767,182,182,5.289235335113767
C_hard_rooms_large,1,2,8,31148960,h_legsum,800,True,5.289235335113767,90,90,5.289235335113767
C_hard_rooms_large,1,2,8,31148960,h_oracle,800,True,5.289235335113767,18,18,5.289235335113767
C_hard_rooms_large,1,2,8,31148960,h_next,1600,True,5.289235335113767,182,182,5.289235335113767
C_hard_rooms_large,1,2,8,31148960,h_legsum,1600,True,5.289235335113767,90,90,5.289235335113767
C_hard_rooms_large,1,2,8,31148960,h_oracle,1600,True,5.289235335113767,18,18,5.289235335113767
C_hard_rooms_large,1,2,8,31148960,h_next,3200,True,5.289235335113767,182,182,5.289235335113767
C_hard_rooms_large,1,2,8,31148960,h_legsum,3200,True,5.289235335113767,90,90,5.289235335113767
C_hard_rooms_large,1,2,8,31148960,h_oracle,3200,True,5.289235335113767,18,18,5.289235335113767
C_hard_rooms_large,1,2,9,31156879,h_next,100,False,nan,100,100,4.725846085638346
C_hard_rooms_large,1,2,9,31156879,h_legsum,100,True,4.725846085638346,80,80,4.725846085638346
C_hard_rooms_large,1,2,9,31156879,h_oracle,100,True,4.725846085638346,18,18,4.725846085638346
C_hard_rooms_large,1,2,9,31156879,h_next,200,False,nan,200,200,4.725846085638346
C_hard_rooms_large,1,2,9,31156879,h_legsum,200,True,4.725846085638346,80,80,4.725846085638346
C_hard_rooms_large,1,2,9,31156879,h_oracle,200,True,4.725846085638346,18,18,4.725846085638346
C_hard_rooms_large,1,2,9,31156879,h_next,400,True,4.725846085638346,235,235,4.725846085638346
C_hard_rooms_large,1,2,9,31156879,h_legsum,400,True,4.725846085638346,80,80,4.725846085638346
C_hard_rooms_large,1,2,9,31156879,h_oracle,400,True,4.725846085638346,18,18,4.725846085638346
C_hard_rooms_large,1,2,9,31156879,h_next,800,True,4.725846085638346,235,235,4.725846085638346
C_hard_rooms_large,1,2,9,31156879,h_legsum,800,True,4.725846085638346,80,80,4.725846085638346
C_hard_rooms_large,1,2,9,31156879,h_oracle,800,True,4.725846085638346,18,18,4.725846085638346
C_hard_rooms_large,1,2,9,31156879,h_next,1600,True,4.725846085638346,235,235,4.725846085638346
C_hard_rooms_large,1,2,9,31156879,h_legsum,1600,True,4.725846085638346,80,80,4.725846085638346
C_hard_rooms_large,1,2,9,31156879,h_oracle,1600,True,4.725846085638346,18,18,4.725846085638346
C_hard_rooms_large,1,2,9,31156879,h_next,3200,True,4.725846085638346,235,235,4.725846085638346
C_hard_rooms_large,1,2,9,31156879,h_legsum,3200,True,4.725846085638346,80,80,4.725846085638346
C_hard_rooms_large,1,2,9,31156879,h_oracle,3200,True,4.725846085638346,18,18,4.725846085638346
C_hard_rooms_large,1,2,10,31180636,h_next,100,False,nan,100,100,5.3488683481111545
C_hard_rooms_large,1,2,10,31180636,h_legsum,100,True,5.348868348111155,89,89,5.3488683481111545
C_hard_rooms_large,1,2,10,31180636,h_oracle,100,True,5.348868348111155,20,20,5.3488683481111545
C_hard_rooms_large,1,2,10,31180636,h_next,200,False,nan,200,200,5.3488683481111545
C_hard_rooms_large,1,2,10,31180636,h_legsum,200,True,5.348868348111155,89,89,5.3488683481111545
C_hard_rooms_large,1,2,10,31180636,h_oracle,200,True,5.348868348111155,20,20,5.3488683481111545
C_hard_rooms_large,1,2,10,31180636,h_next,400,True,5.348868348111155,206,206,5.3488683481111545
C_hard_rooms_large,1,2,10,31180636,h_legsum,400,True,5.348868348111155,89,89,5.3488683481111545
C_hard_rooms_large,1,2,10,31180636,h_oracle,400,True,5.348868348111155,20,20,5.3488683481111545
C_hard_rooms_large,1,2,10,31180636,h_next,800,True,5.348868348111155,206,206,5.3488683481111545
C_hard_rooms_large,1,2,10,31180636,h_legsum,800,True,5.348868348111155,89,89,5.3488683481111545
C_hard_rooms_large,1,2,10,31180636,h_oracle,800,True,5.348868348111155,20,20,5.3488683481111545
C_hard_rooms_large,1,2,10,31180636,h_next,1600,True,5.348868348111155,206,206,5.3488683481111545
C_hard_rooms_large,1,2,10,31180636,h_legsum,1600,True,5.348868348111155,89,89,5.3488683481111545
C_hard_rooms_large,1,2,10,31180636,h_oracle,1600,True,5.348868348111155,20,20,5.3488683481111545
C_hard_rooms_large,1,2,10,31180636,h_next,3200,True,5.348868348111155,206,206,5.3488683481111545
C_hard_rooms_large,1,2,10,31180636,h_legsum,3200,True,5.348868348111155,89,89,5.3488683481111545
C_hard_rooms_large,1,2,10,31180636,h_oracle,3200,True,5.348868348111155,20,20,5.3488683481111545
C_hard_rooms_large,1,2,11,31188555,h_next,100,False,nan,100,100,6.5888600029351805
C_hard_rooms_large,1,2,11,31188555,h_legsum,100,False,nan,100,100,6.5888600029351805
C_hard_rooms_large,1,2,11,31188555,h_oracle,100,True,6.588860002935181,22,22,6.5888600029351805
C_hard_rooms_large,1,2,11,31188555,h_next,200,False,nan,200,200,6.5888600029351805
C_hard_rooms_large,1,2,11,31188555,h_legsum,200,True,6.588860002935181,171,171,6.5888600029351805
C_hard_rooms_large,1,2,11,31188555,h_oracle,200,True,6.588860002935181,22,22,6.5888600029351805
C_hard_rooms_large,1,2,11,31188555,h_next,400,True,6.588860002935181,243,243,6.5888600029351805
C_hard_rooms_large,1,2,11,31188555,h_legsum,400,True,6.588860002935181,171,171,6.5888600029351805
C_hard_rooms_large,1,2,11,31188555,h_oracle,400,True,6.588860002935181,22,22,6.5888600029351805
C_hard_rooms_large,1,2,11,31188555,h_next,800,True,6.588860002935181,243,243,6.5888600029351805
C_hard_rooms_large,1,2,11,31188555,h_legsum,800,True,6.588860002935181,171,171,6.5888600029351805
C_hard_rooms_large,1,2,11,31188555,h_oracle,800,True,6.588860002935181,22,22,6.5888600029351805
C_hard_rooms_large,1,2,11,31188555,h_next,1600,True,6.588860002935181,243,243,6.5888600029351805
C_hard_rooms_large,1,2,11,31188555,h_legsum,1600,True,6.588860002935181,171,171,6.5888600029351805
C_hard_rooms_large,1,2,11,31188555,h_oracle,1600,True,6.588860002935181,22,22,6.5888600029351805
C_hard_rooms_large,1,2,11,31188555,h_next,3200,True,6.588860002935181,243,243,6.5888600029351805
C_hard_rooms_large,1,2,11,31188555,h_legsum,3200,True,6.588860002935181,171,171,6.5888600029351805
C_hard_rooms_large,1,2,11,31188555,h_oracle,3200,True,6.588860002935181,22,22,6.5888600029351805
C_hard_rooms_large,1,2,12,31196474,h_next,100,False,nan,100,100,7.927423197546033
C_hard_rooms_large,1,2,12,31196474,h_legsum,100,False,nan,100,100,7.927423197546033
C_hard_rooms_large,1,2,12,31196474,h_oracle,100,True,7.927423197546035,33,33,7.927423197546033
C_hard_rooms_large,1,2,12,31196474,h_next,200,False,nan,200,200,7.927423197546033
C_hard_rooms_large,1,2,12,31196474,h_legsum,200,True,7.927423197546035,142,142,7.927423197546033
C_hard_rooms_large,1,2,12,31196474,h_oracle,200,True,7.927423197546035,33,33,7.927423197546033
C_hard_rooms_large,1,2,12,31196474,h_next,400,True,7.927423197546035,257,257,7.927423197546033
C_hard_rooms_large,1,2,12,31196474,h_legsum,400,True,7.927423197546035,142,142,7.927423197546033
C_hard_rooms_large,1,2,12,31196474,h_oracle,400,True,7.927423197546035,33,33,7.927423197546033
C_hard_rooms_large,1,2,12,31196474,h_next,800,True,7.927423197546035,257,257,7.927423197546033
C_hard_rooms_large,1,2,12,31196474,h_legsum,800,True,7.927423197546035,142,142,7.927423197546033
C_hard_rooms_large,1,2,12,31196474,h_oracle,800,True,7.927423197546035,33,33,7.927423197546033
C_hard_rooms_large,1,2,12,31196474,h_next,1600,True,7.927423197546035,257,257,7.927423197546033
C_hard_rooms_large,1,2,12,31196474,h_legsum,1600,True,7.927423197546035,142,142,7.927423197546033
C_hard_rooms_large,1,2,12,31196474,h_oracle,1600,True,7.927423197546035,33,33,7.927423197546033
C_hard_rooms_large,1,2,12,31196474,h_next,3200,True,7.927423197546035,257,257,7.927423197546033
C_hard_rooms_large,1,2,12,31196474,h_legsum,3200,True,7.927423197546035,142,142,7.927423197546033
C_hard_rooms_large,1,2,12,31196474,h_oracle,3200,True,7.927423197546035,33,33,7.927423197546033
C_hard_rooms_large,1,2,13,31204393,h_next,100,False,nan,100,100,3.870112126721652
C_hard_rooms_large,1,2,13,31204393,h_legsum,100,True,3.870112126721652,57,57,3.870112126721652
C_hard_rooms_large,1,2,13,31204393,h_oracle,100,True,3.870112126721652,13,13,3.870112126721652
C_hard_rooms_large,1,2,13,31204393,h_next,200,True,3.870112126721652,162,162,3.870112126721652
C_hard_rooms_large,1,2,13,31204393,h_legsum,200,True,3.870112126721652,57,57,3.870112126721652
C_hard_rooms_large,1,2,13,31204393,h_oracle,200,True,3.870112126721652,13,13,3.870112126721652
C_hard_rooms_large,1,2,13,31204393,h_next,400,True,3.870112126721652,162,162,3.870112126721652
C_hard_rooms_large,1,2,13,31204393,h_legsum,400,True,3.870112126721652,57,57,3.870112126721652
C_hard_rooms_large,1,2,13,31204393,h_oracle,400,True,3.870112126721652,13,13,3.870112126721652
C_hard_rooms_large,1,2,13,31204393,h_next,800,True,3.870112126721652,162,162,3.870112126721652
C_hard_rooms_large,1,2,13,31204393,h_legsum,800,True,3.870112126721652,57,57,3.870112126721652
C_hard_rooms_large,1,2,13,31204393,h_oracle,800,True,3.870112126721652,13,13,3.870112126721652
C_hard_rooms_large,1,2,13,31204393,h_next,1600,True,3.870112126721652,162,162,3.870112126721652
C_hard_rooms_large,1,2,13,31204393,h_legsum,1600,True,3.870112126721652,57,57,3.870112126721652
C_hard_rooms_large,1,2,13,31204393,h_oracle,1600,True,3.870112126721652,13,13,3.870112126721652
C_hard_rooms_large,1,2,13,31204393,h_next,3200,True,3.870112126721652,162,162,3.870112126721652
C_hard_rooms_large,1,2,13,31204393,h_legsum,3200,True,3.870112126721652,57,57,3.870112126721652
C_hard_rooms_large,1,2,13,31204393,h_oracle,3200,True,3.870112126721652,13,13,3.870112126721652
C_hard_rooms_large,1,2,14,31212312,h_next,100,False,nan,100,100,6.305019386241171
C_hard_rooms_large,1,2,14,31212312,h_legsum,100,False,nan,100,100,6.305019386241171
C_hard_rooms_large,1,2,14,31212312,h_oracle,100,True,6.30501938624117,19,19,6.305019386241171
C_hard_rooms_large,1,2,14,31212312,h_next,200,True,6.30501938624117,183,183,6.305019386241171
C_hard_rooms_large,1,2,14,31212312,h_legsum,200,True,6.30501938624117,102,102,6.305019386241171
C_hard_rooms_large,1,2,14,31212312,h_oracle,200,True,6.30501938624117,19,19,6.305019386241171
C_hard_rooms_large,1,2,14,31212312,h_next,400,True,6.30501938624117,183,183,6.305019386241171
C_hard_rooms_large,1,2,14,31212312,h_legsum,400,True,6.30501938624117,102,102,6.305019386241171
C_hard_rooms_large,1,2,14,31212312,h_oracle,400,True,6.30501938624117,19,19,6.305019386241171
C_hard_rooms_large,1,2,14,31212312,h_next,800,True,6.30501938624117,183,183,6.305019386241171
C_hard_rooms_large,1,2,14,31212312,h_legsum,800,True,6.30501938624117,102,102,6.305019386241171
C_hard_rooms_large,1,2,14,31212312,h_oracle,800,True,6.30501938624117,19,19,6.305019386241171
C_hard_rooms_large,1,2,14,31212312,h_next,1600,True,6.30501938624117,183,183,6.305019386241171
C_hard_rooms_large,1,2,14,31212312,h_legsum,1600,True,6.30501938624117,102,102,6.305019386241171
C_hard_rooms_large,1,2,14,31212312,h_oracle,1600,True,6.30501938624117,19,19,6.305019386241171
C_hard_rooms_large,1,2,14,31212312,h_next,3200,True,6.30501938624117,183,183,6.305019386241171
C_hard_rooms_large,1,2,14,31212312,h_legsum,3200,True,6.30501938624117,102,102,6.305019386241171
C_hard_rooms_large,1,2,14,31212312,h_oracle,3200,True,6.30501938624117,19,19,6.305019386241171
C_hard_rooms_large,1,2,15,31220231,h_next,100,False,nan,100,100,5.620944453204926
C_hard_rooms_large,1,2,15,31220231,h_legsum,100,True,5.620944453204926,95,95,5.620944453204926
C_hard_rooms_large,1,2,15,31220231,h_oracle,100,True,5.620944453204926,23,23,5.620944453204926
C_hard_rooms_large,1,2,15,31220231,h_next,200,False,nan,200,200,5.620944453204926
C_hard_rooms_large,1,2,15,31220231,h_legsum,200,True,5.620944453204926,95,95,5.620944453204926
C_hard_rooms_large,1,2,15,31220231,h_oracle,200,True,5.620944453204926,23,23,5.620944453204926
C_hard_rooms_large,1,2,15,31220231,h_next,400,True,5.620944453204926,240,240,5.620944453204926
C_hard_rooms_large,1,2,15,31220231,h_legsum,400,True,5.620944453204926,95,95,5.620944453204926
C_hard_rooms_large,1,2,15,31220231,h_oracle,400,True,5.620944453204926,23,23,5.620944453204926
C_hard_rooms_large,1,2,15,31220231,h_next,800,True,5.620944453204926,240,240,5.620944453204926
C_hard_rooms_large,1,2,15,31220231,h_legsum,800,True,5.620944453204926,95,95,5.620944453204926
C_hard_rooms_large,1,2,15,31220231,h_oracle,800,True,5.620944453204926,23,23,5.620944453204926
C_hard_rooms_large,1,2,15,31220231,h_next,1600,True,5.620944453204926,240,240,5.620944453204926
C_hard_rooms_large,1,2,15,31220231,h_legsum,1600,True,5.620944453204926,95,95,5.620944453204926
C_hard_rooms_large,1,2,15,31220231,h_oracle,1600,True,5.620944453204926,23,23,5.620944453204926
C_hard_rooms_large,1,2,15,31220231,h_next,3200,True,5.620944453204926,240,240,5.620944453204926
C_hard_rooms_large,1,2,15,31220231,h_legsum,3200,True,5.620944453204926,95,95,5.620944453204926
C_hard_rooms_large,1,2,15,31220231,h_oracle,3200,True,5.620944453204926,23,23,5.620944453204926
C_hard_rooms_large,1,2,16,31228150,h_next,100,False,nan,100,100,9.180037918761672
C_hard_rooms_large,1,2,16,31228150,h_legsum,100,False,nan,100,100,9.180037918761672
C_hard_rooms_large,1,2,16,31228150,h_oracle,100,True,9.180037918761666,39,39,9.180037918761672
C_hard_rooms_large,1,2,16,31228150,h_next,200,False,nan,200,200,9.180037918761672
C_hard_rooms_large,1,2,16,31228150,h_legsum,200,False,nan,200,200,9.180037918761672
C_hard_rooms_large,1,2,16,31228150,h_oracle,200,True,9.180037918761666,39,39,9.180037918761672
C_hard_rooms_large,1,2,16,31228150,h_next,400,True,9.180037918761666,327,327,9.180037918761672
C_hard_rooms_large,1,2,16,31228150,h_legsum,400,True,9.180037918761666,225,225,9.180037918761672
C_hard_rooms_large,1,2,16,31228150,h_oracle,400,True,9.180037918761666,39,39,9.180037918761672
C_hard_rooms_large,1,2,16,31228150,h_next,800,True,9.180037918761666,327,327,9.180037918761672
C_hard_rooms_large,1,2,16,31228150,h_legsum,800,True,9.180037918761666,225,225,9.180037918761672
C_hard_rooms_large,1,2,16,31228150,h_oracle,800,True,9.180037918761666,39,39,9.180037918761672
C_hard_rooms_large,1,2,16,31228150,h_next,1600,True,9.180037918761666,327,327,9.180037918761672
C_hard_rooms_large,1,2,16,31228150,h_legsum,1600,True,9.180037918761666,225,225,9.180037918761672
C_hard_rooms_large,1,2,16,31228150,h_oracle,1600,True,9.180037918761666,39,39,9.180037918761672
C_hard_rooms_large,1,2,16,31228150,h_next,3200,True,9.180037918761666,327,327,9.180037918761672
C_hard_rooms_large,1,2,16,31228150,h_legsum,3200,True,9.180037918761666,225,225,9.180037918761672
C_hard_rooms_large,1,2,16,31228150,h_oracle,3200,True,9.180037918761666,39,39,9.180037918761672
C_hard_rooms_large,1,2,17,31236069,h_next,100,False,nan,100,100,5.449282885829042
C_hard_rooms_large,1,2,17,31236069,h_legsum,100,True,5.449282885829043,75,75,5.449282885829042
C_hard_rooms_large,1,2,17,31236069,h_oracle,100,True,5.449282885829043,21,21,5.449282885829042
C_hard_rooms_large,1,2,17,31236069,h_next,200,True,5.449282885829043,187,187,5.449282885829042
C_hard_rooms_large,1,2,17,31236069,h_legsum,200,True,5.449282885829043,75,75,5.449282885829042
C_hard_rooms_large,1,2,17,31236069,h_oracle,200,True,5.449282885829043,21,21,5.449282885829042
C_hard_rooms_large,1,2,17,31236069,h_next,400,True,5.449282885829043,187,187,5.449282885829042
C_hard_rooms_large,1,2,17,31236069,h_legsum,400,True,5.449282885829043,75,75,5.449282885829042
C_hard_rooms_large,1,2,17,31236069,h_oracle,400,True,5.449282885829043,21,21,5.449282885829042
C_hard_rooms_large,1,2,17,31236069,h_next,800,True,5.449282885829043,187,187,5.449282885829042
C_hard_rooms_large,1,2,17,31236069,h_legsum,800,True,5.449282885829043,75,75,5.449282885829042
C_hard_rooms_large,1,2,17,31236069,h_oracle,800,True,5.449282885829043,21,21,5.449282885829042
C_hard_rooms_large,1,2,17,31236069,h_next,1600,True,5.449282885829043,187,187,5.449282885829042
C_hard_rooms_large,1,2,17,31236069,h_legsum,1600,True,5.449282885829043,75,75,5.449282885829042
C_hard_rooms_large,1,2,17,31236069,h_oracle,1600,True,5.449282885829043,21,21,5.449282885829042
C_hard_rooms_large,1,2,17,31236069,h_next,3200,True,5.449282885829043,187,187,5.449282885829042
C_hard_rooms_large,1,2,17,31236069,h_legsum,3200,True,5.449282885829043,75,75,5.449282885829042
C_hard_rooms_large,1,2,17,31236069,h_oracle,3200,True,5.449282885829043,21,21,5.449282885829042
C_hard_rooms_large,1,2,18,31243988,h_next,100,False,nan,100,100,5.278151895197884
C_hard_rooms_large,1,2,18,31243988,h_legsum,100,True,5.278151895197882,91,91,5.278151895197884
C_hard_rooms_large,1,2,18,31243988,h_oracle,100,True,5.278151895197882,20,20,5.278151895197884
C_hard_rooms_large,1,2,18,31243988,h_next,200,True,5.278151895197882,152,152,5.278151895197884
C_hard_rooms_large,1,2,18,31243988,h_legsum,200,True,5.278151895197882,91,91,5.278151895197884
C_hard_rooms_large,1,2,18,31243988,h_oracle,200,True,5.278151895197882,20,20,5.278151895197884
C_hard_rooms_large,1,2,18,31243988,h_next,400,True,5.278151895197882,152,152,5.278151895197884
C_hard_rooms_large,1,2,18,31243988,h_legsum,400,True,5.278151895197882,91,91,5.278151895197884
C_hard_rooms_large,1,2,18,31243988,h_oracle,400,True,5.278151895197882,20,20,5.278151895197884
C_hard_rooms_large,1,2,18,31243988,h_next,800,True,5.278151895197882,152,152,5.278151895197884
C_hard_rooms_large,1,2,18,31243988,h_legsum,800,True,5.278151895197882,91,91,5.278151895197884
C_hard_rooms_large,1,2,18,31243988,h_oracle,800,True,5.278151895197882,20,20,5.278151895197884
C_hard_rooms_large,1,2,18,31243988,h_next,1600,True,5.278151895197882,152,152,5.278151895197884
C_hard_rooms_large,1,2,18,31243988,h_legsum,1600,True,5.278151895197882,91,91,5.278151895197884
C_hard_rooms_large,1,2,18,31243988,h_oracle,1600,True,5.278151895197882,20,20,5.278151895197884
C_hard_rooms_large,1,2,18,31243988,h_next,3200,True,5.278151895197882,152,152,5.278151895197884
C_hard_rooms_large,1,2,18,31243988,h_legsum,3200,True,5.278151895197882,91,91,5.278151895197884
C_hard_rooms_large,1,2,18,31243988,h_oracle,3200,True,5.278151895197882,20,20,5.278151895197884
C_hard_rooms_large,1,2,19,31251907,h_next,100,False,nan,100,100,4.906383403510935
C_hard_rooms_large,1,2,19,31251907,h_legsum,100,True,4.906383403510935,94,94,4.906383403510935
C_hard_rooms_large,1,2,19,31251907,h_oracle,100,True,4.906383403510935,17,17,4.906383403510935
C_hard_rooms_large,1,2,19,31251907,h_next,200,False,nan,200,200,4.906383403510935
C_hard_rooms_large,1,2,19,31251907,h_legsum,200,True,4.906383403510935,94,94,4.906383403510935
C_hard_rooms_large,1,2,19,31251907,h_oracle,200,True,4.906383403510935,17,17,4.906383403510935
C_hard_rooms_large,1,2,19,31251907,h_next,400,True,4.906383403510935,210,210,4.906383403510935
C_hard_rooms_large,1,2,19,31251907,h_legsum,400,True,4.906383403510935,94,94,4.906383403510935
C_hard_rooms_large,1,2,19,31251907,h_oracle,400,True,4.906383403510935,17,17,4.906383403510935
C_hard_rooms_large,1,2,19,31251907,h_next,800,True,4.906383403510935,210,210,4.906383403510935
C_hard_rooms_large,1,2,19,31251907,h_legsum,800,True,4.906383403510935,94,94,4.906383403510935
C_hard_rooms_large,1,2,19,31251907,h_oracle,800,True,4.906383403510935,17,17,4.906383403510935
C_hard_rooms_large,1,2,19,31251907,h_next,1600,True,4.906383403510935,210,210,4.906383403510935
C_hard_rooms_large,1,2,19,31251907,h_legsum,1600,True,4.906383403510935,94,94,4.906383403510935
C_hard_rooms_large,1,2,19,31251907,h_oracle,1600,True,4.906383403510935,17,17,4.906383403510935
C_hard_rooms_large,1,2,19,31251907,h_next,3200,True,4.906383403510935,210,210,4.906383403510935
C_hard_rooms_large,1,2,19,31251907,h_legsum,3200,True,4.906383403510935,94,94,4.906383403510935
C_hard_rooms_large,1,2,19,31251907,h_oracle,3200,True,4.906383403510935,17,17,4.906383403510935
C_hard_rooms_large,1,2,20,31259826,h_next,100,False,nan,100,100,5.832792526582435
C_hard_rooms_large,1,2,20,31259826,h_legsum,100,False,nan,100,100,5.832792526582435
C_hard_rooms_large,1,2,20,31259826,h_oracle,100,True,5.832792526582434,24,24,5.832792526582435
C_hard_rooms_large,1,2,20,31259826,h_next,200,False,nan,200,200,5.832792526582435
C_hard_rooms_large,1,2,20,31259826,h_legsum,200,True,5.832792526582434,134,134,5.832792526582435
C_hard_rooms_large,1,2,20,31259826,h_oracle,200,True,5.832792526582434,24,24,5.832792526582435
C_hard_rooms_large,1,2,20,31259826,h_next,400,True,5.832792526582434,241,241,5.832792526582435
C_hard_rooms_large,1,2,20,31259826,h_legsum,400,True,5.832792526582434,134,134,5.832792526582435
C_hard_rooms_large,1,2,20,31259826,h_oracle,400,True,5.832792526582434,24,24,5.832792526582435
C_hard_rooms_large,1,2,20,31259826,h_next,800,True,5.832792526582434,241,241,5.832792526582435
C_hard_rooms_large,1,2,20,31259826,h_legsum,800,True,5.832792526582434,134,134,5.832792526582435
C_hard_rooms_large,1,2,20,31259826,h_oracle,800,True,5.832792526582434,24,24,5.832792526582435
C_hard_rooms_large,1,2,20,31259826,h_next,1600,True,5.832792526582434,241,241,5.832792526582435
C_hard_rooms_large,1,2,20,31259826,h_legsum,1600,True,5.832792526582434,134,134,5.832792526582435
C_hard_rooms_large,1,2,20,31259826,h_oracle,1600,True,5.832792526582434,24,24,5.832792526582435
C_hard_rooms_large,1,2,20,31259826,h_next,3200,True,5.832792526582434,241,241,5.832792526582435
C_hard_rooms_large,1,2,20,31259826,h_legsum,3200,True,5.832792526582434,134,134,5.832792526582435
C_hard_rooms_large,1,2,20,31259826,h_oracle,3200,True,5.832792526582434,24,24,5.832792526582435
C_hard_rooms_large,1,2,21,31267745,h_next,100,False,nan,100,100,7.869183386334318
C_hard_rooms_large,1,2,21,31267745,h_legsum,100,False,nan,100,100,7.869183386334318
C_hard_rooms_large,1,2,21,31267745,h_oracle,100,True,7.869183386334319,31,31,7.869183386334318
C_hard_rooms_large,1,2,21,31267745,h_next,200,False,nan,200,200,7.869183386334318
C_hard_rooms_large,1,2,21,31267745,h_legsum,200,True,7.869183386334319,148,148,7.869183386334318
C_hard_rooms_large,1,2,21,31267745,h_oracle,200,True,7.869183386334319,31,31,7.869183386334318
C_hard_rooms_large,1,2,21,31267745,h_next,400,True,7.869183386334319,258,258,7.869183386334318
C_hard_rooms_large,1,2,21,31267745,h_legsum,400,True,7.869183386334319,148,148,7.869183386334318
C_hard_rooms_large,1,2,21,31267745,h_oracle,400,True,7.869183386334319,31,31,7.869183386334318
C_hard_rooms_large,1,2,21,31267745,h_next,800,True,7.869183386334319,258,258,7.869183386334318
C_hard_rooms_large,1,2,21,31267745,h_legsum,800,True,7.869183386334319,148,148,7.869183386334318
C_hard_rooms_large,1,2,21,31267745,h_oracle,800,True,7.869183386334319,31,31,7.869183386334318
C_hard_rooms_large,1,2,21,31267745,h_next,1600,True,7.869183386334319,258,258,7.869183386334318
C_hard_rooms_large,1,2,21,31267745,h_legsum,1600,True,7.869183386334319,148,148,7.869183386334318
C_hard_rooms_large,1,2,21,31267745,h_oracle,1600,True,7.869183386334319,31,31,7.869183386334318
C_hard_rooms_large,1,2,21,31267745,h_next,3200,True,7.869183386334319,258,258,7.869183386334318
C_hard_rooms_large,1,2,21,31267745,h_legsum,3200,True,7.869183386334319,148,148,7.869183386334318
C_hard_rooms_large,1,2,21,31267745,h_oracle,3200,True,7.869183386334319,31,31,7.869183386334318
C_hard_rooms_large,1,2,22,31275664,h_next,100,False,nan,100,100,8.807539435728392
C_hard_rooms_large,1,2,22,31275664,h_legsum,100,False,nan,100,100,8.807539435728392
C_hard_rooms_large,1,2,22,31275664,h_oracle,100,True,8.80753943572839,28,28,8.807539435728392
C_hard_rooms_large,1,2,22,31275664,h_next,200,False,nan,200,200,8.807539435728392
C_hard_rooms_large,1,2,22,31275664,h_legsum,200,False,nan,200,200,8.807539435728392
C_hard_rooms_large,1,2,22,31275664,h_oracle,200,True,8.80753943572839,28,28,8.807539435728392
C_hard_rooms_large,1,2,22,31275664,h_next,400,True,8.80753943572839,314,314,8.807539435728392
C_hard_rooms_large,1,2,22,31275664,h_legsum,400,True,8.80753943572839,226,226,8.807539435728392
C_hard_rooms_large,1,2,22,31275664,h_oracle,400,True,8.80753943572839,28,28,8.807539435728392
C_hard_rooms_large,1,2,22,31275664,h_next,800,True,8.80753943572839,314,314,8.807539435728392
C_hard_rooms_large,1,2,22,31275664,h_legsum,800,True,8.80753943572839,226,226,8.807539435728392
C_hard_rooms_large,1,2,22,31275664,h_oracle,800,True,8.80753943572839,28,28,8.807539435728392
C_hard_rooms_large,1,2,22,31275664,h_next,1600,True,8.80753943572839,314,314,8.807539435728392
C_hard_rooms_large,1,2,22,31275664,h_legsum,1600,True,8.80753943572839,226,226,8.807539435728392
C_hard_rooms_large,1,2,22,31275664,h_oracle,1600,True,8.80753943572839,28,28,8.807539435728392
C_hard_rooms_large,1,2,22,31275664,h_next,3200,True,8.80753943572839,314,314,8.807539435728392
C_hard_rooms_large,1,2,22,31275664,h_legsum,3200,True,8.80753943572839,226,226,8.807539435728392
C_hard_rooms_large,1,2,22,31275664,h_oracle,3200,True,8.80753943572839,28,28,8.807539435728392
C_hard_rooms_large,1,2,23,31283583,h_next,100,False,nan,100,100,3.9455357334665164
C_hard_rooms_large,1,2,23,31283583,h_legsum,100,True,3.9455357334665164,98,98,3.9455357334665164
C_hard_rooms_large,1,2,23,31283583,h_oracle,100,True,3.9455357334665164,15,15,3.9455357334665164
C_hard_rooms_large,1,2,23,31283583,h_next,200,True,3.9455357334665164,180,180,3.9455357334665164
C_hard_rooms_large,1,2,23,31283583,h_legsum,200,True,3.9455357334665164,98,98,3.9455357334665164
C_hard_rooms_large,1,2,23,31283583,h_oracle,200,True,3.9455357334665164,15,15,3.9455357334665164
C_hard_rooms_large,1,2,23,31283583,h_next,400,True,3.9455357334665164,180,180,3.9455357334665164
C_hard_rooms_large,1,2,23,31283583,h_legsum,400,True,3.9455357334665164,98,98,3.9455357334665164
C_hard_rooms_large,1,2,23,31283583,h_oracle,400,True,3.9455357334665164,15,15,3.9455357334665164
C_hard_rooms_large,1,2,23,31283583,h_next,800,True,3.9455357334665164,180,180,3.9455357334665164
C_hard_rooms_large,1,2,23,31283583,h_legsum,800,True,3.9455357334665164,98,98,3.9455357334665164
C_hard_rooms_large,1,2,23,31283583,h_oracle,800,True,3.9455357334665164,15,15,3.9455357334665164
C_hard_rooms_large,1,2,23,31283583,h_next,1600,True,3.9455357334665164,180,180,3.9455357334665164
C_hard_rooms_large,1,2,23,31283583,h_legsum,1600,True,3.9455357334665164,98,98,3.9455357334665164
C_hard_rooms_large,1,2,23,31283583,h_oracle,1600,True,3.9455357334665164,15,15,3.9455357334665164
C_hard_rooms_large,1,2,23,31283583,h_next,3200,True,3.9455357334665164,180,180,3.9455357334665164
C_hard_rooms_large,1,2,23,31283583,h_legsum,3200,True,3.9455357334665164,98,98,3.9455357334665164
C_hard_rooms_large,1,2,23,31283583,h_oracle,3200,True,3.9455357334665164,15,15,3.9455357334665164
C_hard_rooms_large,1,2,24,31291502,h_next,100,False,nan,100,100,8.064775919106316
C_hard_rooms_large,1,2,24,31291502,h_legsum,100,False,nan,100,100,8.064775919106316
C_hard_rooms_large,1,2,24,31291502,h_oracle,100,True,8.064775919106316,27,27,8.064775919106316
C_hard_rooms_large,1,2,24,31291502,h_next,200,False,nan,200,200,8.064775919106316
C_hard_rooms_large,1,2,24,31291502,h_legsum,200,True,8.064775919106316,106,106,8.064775919106316
C_hard_rooms_large,1,2,24,31291502,h_oracle,200,True,8.064775919106316,27,27,8.064775919106316
C_hard_rooms_large,1,2,24,31291502,h_next,400,True,8.064775919106316,307,307,8.064775919106316
C_hard_rooms_large,1,2,24,31291502,h_legsum,400,True,8.064775919106316,106,106,8.064775919106316
C_hard_rooms_large,1,2,24,31291502,h_oracle,400,True,8.064775919106316,27,27,8.064775919106316
C_hard_rooms_large,1,2,24,31291502,h_next,800,True,8.064775919106316,307,307,8.064775919106316
C_hard_rooms_large,1,2,24,31291502,h_legsum,800,True,8.064775919106316,106,106,8.064775919106316
C_hard_rooms_large,1,2,24,31291502,h_oracle,800,True,8.064775919106316,27,27,8.064775919106316
C_hard_rooms_large,1,2,24,31291502,h_next,1600,True,8.064775919106316,307,307,8.064775919106316
C_hard_rooms_large,1,2,24,31291502,h_legsum,1600,True,8.064775919106316,106,106,8.064775919106316
C_hard_rooms_large,1,2,24,31291502,h_oracle,1600,True,8.064775919106316,27,27,8.064775919106316
C_hard_rooms_large,1,2,24,31291502,h_next,3200,True,8.064775919106316,307,307,8.064775919106316
C_hard_rooms_large,1,2,24,31291502,h_legsum,3200,True,8.064775919106316,106,106,8.064775919106316
C_hard_rooms_large,1,2,24,31291502,h_oracle,3200,True,8.064775919106316,27,27,8.064775919106316
C_hard_rooms_large,1,4,0,62057334,h_next,100,False,nan,100,100,12.481156028142275
C_hard_rooms_large,1,4,0,62057334,h_legsum,100,False,nan,100,100,12.481156028142275
C_hard_rooms_large,1,4,0,62057334,h_oracle,100,True,12.48115602814227,47,47,12.481156028142275
C_hard_rooms_large,1,4,0,62057334,h_next,200,False,nan,200,200,12.481156028142275
C_hard_rooms_large,1,4,0,62057334,h_legsum,200,False,nan,200,200,12.481156028142275
C_hard_rooms_large,1,4,0,62057334,h_oracle,200,True,12.48115602814227,47,47,12.481156028142275
C_hard_rooms_large,1,4,0,62057334,h_next,400,False,nan,400,400,12.481156028142275
C_hard_rooms_large,1,4,0,62057334,h_legsum,400,False,nan,400,400,12.481156028142275
C_hard_rooms_large,1,4,0,62057334,h_oracle,400,True,12.48115602814227,47,47,12.481156028142275
C_hard_rooms_large,1,4,0,62057334,h_next,800,True,12.48115602814227,662,662,12.481156028142275
C_hard_rooms_large,1,4,0,62057334,h_legsum,800,True,12.48115602814227,566,566,12.481156028142275
C_hard_rooms_large,1,4,0,62057334,h_oracle,800,True,12.48115602814227,47,47,12.481156028142275
C_hard_rooms_large,1,4,0,62057334,h_next,1600,True,12.48115602814227,662,662,12.481156028142275
C_hard_rooms_large,1,4,0,62057334,h_legsum,1600,True,12.48115602814227,566,566,12.481156028142275
C_hard_rooms_large,1,4,0,62057334,h_oracle,1600,True,12.48115602814227,47,47,12.481156028142275
C_hard_rooms_large,1,4,0,62057334,h_next,3200,True,12.48115602814227,662,662,12.481156028142275
C_hard_rooms_large,1,4,0,62057334,h_legsum,3200,True,12.48115602814227,566,566,12.481156028142275
C_hard_rooms_large,1,4,0,62057334,h_oracle,3200,True,12.48115602814227,47,47,12.481156028142275
C_hard_rooms_large,1,4,1,62065253,h_next,100,False,nan,100,100,8.855467021784705
C_hard_rooms_large,1,4,1,62065253,h_legsum,100,False,nan,100,100,8.855467021784705
C_hard_rooms_large,1,4,1,62065253,h_oracle,100,True,8.855467021784706,34,34,8.855467021784705
C_hard_rooms_large,1,4,1,62065253,h_next,200,False,nan,200,200,8.855467021784705
C_hard_rooms_large,1,4,1,62065253,h_legsum,200,False,nan,200,200,8.855467021784705
C_hard_rooms_large,1,4,1,62065253,h_oracle,200,True,8.855467021784706,34,34,8.855467021784705
C_hard_rooms_large,1,4,1,62065253,h_next,400,False,nan,400,400,8.855467021784705
C_hard_rooms_large,1,4,1,62065253,h_legsum,400,True,8.855467021784706,286,286,8.855467021784705
C_hard_rooms_large,1,4,1,62065253,h_oracle,400,True,8.855467021784706,34,34,8.855467021784705
C_hard_rooms_large,1,4,1,62065253,h_next,800,True,8.855467021784706,432,432,8.855467021784705
C_hard_rooms_large,1,4,1,62065253,h_legsum,800,True,8.855467021784706,286,286,8.855467021784705
C_hard_rooms_large,1,4,1,62065253,h_oracle,800,True,8.855467021784706,34,34,8.855467021784705
C_hard_rooms_large,1,4,1,62065253,h_next,1600,True,8.855467021784706,432,432,8.855467021784705
C_hard_rooms_large,1,4,1,62065253,h_legsum,1600,True,8.855467021784706,286,286,8.855467021784705
C_hard_rooms_large,1,4,1,62065253,h_oracle,1600,True,8.855467021784706,34,34,8.855467021784705
C_hard_rooms_large,1,4,1,62065253,h_next,3200,True,8.855467021784706,432,432,8.855467021784705
C_hard_rooms_large,1,4,1,62065253,h_legsum,3200,True,8.855467021784706,286,286,8.855467021784705
C_hard_rooms_large,1,4,1,62065253,h_oracle,3200,True,8.855467021784706,34,34,8.855467021784705
C_hard_rooms_large,1,4,2,62073172,h_next,100,False,nan,100,100,11.72847723321429
C_hard_rooms_large,1,4,2,62073172,h_legsum,100,False,nan,100,100,11.72847723321429
C_hard_rooms_large,1,4,2,62073172,h_oracle,100,True,11.72847723321429,49,49,11.72847723321429
C_hard_rooms_large,1,4,2,62073172,h_next,200,False,nan,200,200,11.72847723321429
C_hard_rooms_large,1,4,2,62073172,h_legsum,200,False,nan,200,200,11.72847723321429
C_hard_rooms_large,1,4,2,62073172,h_oracle,200,True,11.72847723321429,49,49,11.72847723321429
C_hard_rooms_large,1,4,2,62073172,h_next,400,False,nan,400,400,11.72847723321429
C_hard_rooms_large,1,4,2,62073172,h_legsum,400,False,nan,400,400,11.72847723321429
C_hard_rooms_large,1,4,2,62073172,h_oracle,400,True,11.72847723321429,49,49,11.72847723321429
C_hard_rooms_large,1,4,2,62073172,h_next,800,True,11.72847723321429,580,580,11.72847723321429
C_hard_rooms_large,1,4,2,62073172,h_legsum,800,True,11.72847723321429,499,499,11.72847723321429
C_hard_rooms_large,1,4,2,62073172,h_oracle,800,True,11.72847723321429,49,49,11.72847723321429
C_hard_rooms_large,1,4,2,62073172,h_next,1600,True,11.72847723321429,580,580,11.72847723321429
C_hard_rooms_large,1,4,2,62073172,h_legsum,1600,True,11.72847723321429,499,499,11.72847723321429
C_hard_rooms_large,1,4,2,62073172,h_oracle,1600,True,11.72847723321429,49,49,11.72847723321429
C_hard_rooms_large,1,4,2,62073172,h_next,3200,True,11.72847723321429,580,580,11.72847723321429
C_hard_rooms_large,1,4,2,62073172,h_legsum,3200,True,11.72847723321429,499,499,11.72847723321429
C_hard_rooms_large,1,4,2,62073172,h_oracle,3200,True,11.72847723321429,49,49,11.72847723321429
C_hard_rooms_large,1,4,3,62081091,h_next,100,False,nan,100,100,10.475687346503433
C_hard_rooms_large,1,4,3,62081091,h_legsum,100,False,nan,100,100,10.475687346503433
C_hard_rooms_large,1,4,3,62081091,h_oracle,100,True,10.475687346503435,39,39,10.475687346503433
C_hard_rooms_large,1,4,3,62081091,h_next,200,False,nan,200,200,10.475687346503433
C_hard_rooms_large,1,4,3,62081091,h_legsum,200,False,nan,200,200,10.475687346503433
C_hard_rooms_large,1,4,3,62081091,h_oracle,200,True,10.475687346503435,39,39,10.475687346503433
C_hard_rooms_large,1,4,3,62081091,h_next,400,False,nan,400,400,10.475687346503433
C_hard_rooms_large,1,4,3,62081091,h_legsum,400,True,10.475687346503435,326,326,10.475687346503433
C_hard_rooms_large,1,4,3,62081091,h_oracle,400,True,10.475687346503435,39,39,10.475687346503433
C_hard_rooms_large,1,4,3,62081091,h_next,800,True,10.475687346503435,559,559,10.475687346503433
C_hard_rooms_large,1,4,3,62081091,h_legsum,800,True,10.475687346503435,326,326,10.475687346503433
C_hard_rooms_large,1,4,3,62081091,h_oracle,800,True,10.475687346503435,39,39,10.475687346503433
C_hard_rooms_large,1,4,3,62081091,h_next,1600,True,10.475687346503435,559,559,10.475687346503433
C_hard_rooms_large,1,4,3,62081091,h_legsum,1600,True,10.475687346503435,326,326,10.475687346503433
C_hard_rooms_large,1,4,3,62081091,h_oracle,1600,True,10.475687346503435,39,39,10.475687346503433
C_hard_rooms_large,1,4,3,62081091,h_next,3200,True,10.475687346503435,559,559,10.475687346503433
C_hard_rooms_large,1,4,3,62081091,h_legsum,3200,True,10.475687346503435,326,326,10.475687346503433
C_hard_rooms_large,1,4,3,62081091,h_oracle,3200,True,10.475687346503435,39,39,10.475687346503433
C_hard_rooms_large,1,4,4,62089010,h_next,100,False,nan,100,100,12.452683230170171
C_hard_rooms_large,1,4,4,62089010,h_legsum,100,False,nan,100,100,12.452683230170171
C_hard_rooms_large,1,4,4,62089010,h_oracle,100,True,12.452683230170171,44,44,12.452683230170171
C_hard_rooms_large,1,4,4,62089010,h_next,200,False,nan,200,200,12.452683230170171
C_hard_rooms_large,1,4,4,62089010,h_legsum,200,False,nan,200,200,12.452683230170171
C_hard_rooms_large,1,4,4,62089010,h_oracle,200,True,12.452683230170171,44,44,12.452683230170171
C_hard_rooms_large,1,4,4,62089010,h_next,400,False,nan,400,400,12.452683230170171
C_hard_rooms_large,1,4,4,62089010,h_legsum,400,True,12.452683230170171,350,350,12.452683230170171
C_hard_rooms_large,1,4,4,62089010,h_oracle,400,True,12.452683230170171,44,44,12.452683230170171
C_hard_rooms_large,1,4,4,62089010,h_next,800,True,12.452683230170171,582,582,12.452683230170171
C_hard_rooms_large,1,4,4,62089010,h_legsum,800,True,12.452683230170171,350,350,12.452683230170171
C_hard_rooms_large,1,4,4,62089010,h_oracle,800,True,12.452683230170171,44,44,12.452683230170171
C_hard_rooms_large,1,4,4,62089010,h_next,1600,True,12.452683230170171,582,582,12.452683230170171
C_hard_rooms_large,1,4,4,62089010,h_legsum,1600,True,12.452683230170171,350,350,12.452683230170171
C_hard_rooms_large,1,4,4,62089010,h_oracle,1600,True,12.452683230170171,44,44,12.452683230170171
C_hard_rooms_large,1,4,4,62089010,h_next,3200,True,12.452683230170171,582,582,12.452683230170171
C_hard_rooms_large,1,4,4,62089010,h_legsum,3200,True,12.452683230170171,350,350,12.452683230170171
C_hard_rooms_large,1,4,4,62089010,h_oracle,3200,True,12.452683230170171,44,44,12.452683230170171
C_hard_rooms_large,1,4,5,62104848,h_next,100,False,nan,100,100,11.159987001595152
C_hard_rooms_large,1,4,5,62104848,h_legsum,100,False,nan,100,100,11.159987001595152
C_hard_rooms_large,1,4,5,62104848,h_oracle,100,True,11.159987001595153,40,40,11.159987001595152
C_hard_rooms_large,1,4,5,62104848,h_next,200,False,nan,200,200,11.159987001595152
C_hard_rooms_large,1,4,5,62104848,h_legsum,200,False,nan,200,200,11.159987001595152
C_hard_rooms_large,1,4,5,62104848,h_oracle,200,True,11.159987001595153,40,40,11.159987001595152
C_hard_rooms_large,1,4,5,62104848,h_next,400,False,nan,400,400,11.159987001595152
C_hard_rooms_large,1,4,5,62104848,h_legsum,400,True,11.159987001595153,388,388,11.159987001595152
C_hard_rooms_large,1,4,5,62104848,h_oracle,400,True,11.159987001595153,40,40,11.159987001595152
C_hard_rooms_large,1,4,5,62104848,h_next,800,True,11.159987001595153,478,478,11.159987001595152
C_hard_rooms_large,1,4,5,62104848,h_legsum,800,True,11.159987001595153,388,388,11.159987001595152
C_hard_rooms_large,1,4,5,62104848,h_oracle,800,True,11.159987001595153,40,40,11.159987001595152
C_hard_rooms_large,1,4,5,62104848,h_next,1600,True,11.159987001595153,478,478,11.159987001595152
C_hard_rooms_large,1,4,5,62104848,h_legsum,1600,True,11.159987001595153,388,388,11.159987001595152
C_hard_rooms_large,1,4,5,62104848,h_oracle,1600,True,11.159987001595153,40,40,11.159987001595152
C_hard_rooms_large,1,4,5,62104848,h_next,3200,True,11.159987001595153,478,478,11.159987001595152
C_hard_rooms_large,1,4,5,62104848,h_legsum,3200,True,11.159987001595153,388,388,11.159987001595152
C_hard_rooms_large,1,4,5,62104848,h_oracle,3200,True,11.159987001595153,40,40,11.159987001595152
C_hard_rooms_large,1,4,6,62112767,h_next,100,False,nan,100,100,9.819669216789817
C_hard_rooms_large,1,4,6,62112767,h_legsum,100,False,nan,100,100,9.819669216789817
C_hard_rooms_large,1,4,6,62112767,h_oracle,100,True,9.819669216789816,35,35,9.819669216789817
C_hard_rooms_large,1,4,6,62112767,h_next,200,False,nan,200,200,9.819669216789817
C_hard_rooms_large,1,4,6,62112767,h_legsum,200,False,nan,200,200,9.819669216789817
C_hard_rooms_large,1,4,6,62112767,h_oracle,200,True,9.819669216789816,35,35,9.819669216789817
C_hard_rooms_large,1,4,6,62112767,h_next,400,False,nan,400,400,9.819669216789817
C_hard_rooms_large,1,4,6,62112767,h_legsum,400,True,9.819669216789816,248,248,9.819669216789817
C_hard_rooms_large,1,4,6,62112767,h_oracle,400,True,9.819669216789816,35,35,9.819669216789817
C_hard_rooms_large,1,4,6,62112767,h_next,800,True,9.819669216789816,510,510,9.819669216789817
C_hard_rooms_large,1,4,6,62112767,h_legsum,800,True,9.819669216789816,248,248,9.819669216789817
C_hard_rooms_large,1,4,6,62112767,h_oracle,800,True,9.819669216789816,35,35,9.819669216789817
C_hard_rooms_large,1,4,6,62112767,h_next,1600,True,9.819669216789816,510,510,9.819669216789817
C_hard_rooms_large,1,4,6,62112767,h_legsum,1600,True,9.819669216789816,248,248,9.819669216789817
C_hard_rooms_large,1,4,6,62112767,h_oracle,1600,True,9.819669216789816,35,35,9.819669216789817
C_hard_rooms_large,1,4,6,62112767,h_next,3200,True,9.819669216789816,510,510,9.819669216789817
C_hard_rooms_large,1,4,6,62112767,h_legsum,3200,True,9.819669216789816,248,248,9.819669216789817
C_hard_rooms_large,1,4,6,62112767,h_oracle,3200,True,9.819669216789816,35,35,9.819669216789817
C_hard_rooms_large,1,4,7,62128605,h_next,100,False,nan,100,100,9.21150905369639
C_hard_rooms_large,1,4,7,62128605,h_legsum,100,False,nan,100,100,9.21150905369639
C_hard_rooms_large,1,4,7,62128605,h_oracle,100,True,9.21150905369639,30,30,9.21150905369639
C_hard_rooms_large,1,4,7,62128605,h_next,200,False,nan,200,200,9.21150905369639
C_hard_rooms_large,1,4,7,62128605,h_legsum,200,True,9.21150905369639,127,127,9.21150905369639
C_hard_rooms_large,1,4,7,62128605,h_oracle,200,True,9.21150905369639,30,30,9.21150905369639
C_hard_rooms_large,1,4,7,62128605,h_next,400,False,nan,400,400,9.21150905369639
C_hard_rooms_large,1,4,7,62128605,h_legsum,400,True,9.21150905369639,127,127,9.21150905369639
C_hard_rooms_large,1,4,7,62128605,h_oracle,400,True,9.21150905369639,30,30,9.21150905369639
C_hard_rooms_large,1,4,7,62128605,h_next,800,True,9.21150905369639,491,491,9.21150905369639
C_hard_rooms_large,1,4,7,62128605,h_legsum,800,True,9.21150905369639,127,127,9.21150905369639
C_hard_rooms_large,1,4,7,62128605,h_oracle,800,True,9.21150905369639,30,30,9.21150905369639
C_hard_rooms_large,1,4,7,62128605,h_next,1600,True,9.21150905369639,491,491,9.21150905369639
C_hard_rooms_large,1,4,7,62128605,h_legsum,1600,True,9.21150905369639,127,127,9.21150905369639
C_hard_rooms_large,1,4,7,62128605,h_oracle,1600,True,9.21150905369639,30,30,9.21150905369639
C_hard_rooms_large,1,4,7,62128605,h_next,3200,True,9.21150905369639,491,491,9.21150905369639
C_hard_rooms_large,1,4,7,62128605,h_legsum,3200,True,9.21150905369639,127,127,9.21150905369639
C_hard_rooms_large,1,4,7,62128605,h_oracle,3200,True,9.21150905369639,30,30,9.21150905369639
C_hard_rooms_large,1,4,8,62136524,h_next,100,False,nan,100,100,13.376694704225674
C_hard_rooms_large,1,4,8,62136524,h_legsum,100,False,nan,100,100,13.376694704225674
C_hard_rooms_large,1,4,8,62136524,h_oracle,100,True,13.376694704225676,44,44,13.376694704225674
C_hard_rooms_large,1,4,8,62136524,h_next,200,False,nan,200,200,13.376694704225674
C_hard_rooms_large,1,4,8,62136524,h_legsum,200,False,nan,200,200,13.376694704225674
C_hard_rooms_large,1,4,8,62136524,h_oracle,200,True,13.376694704225676,44,44,13.376694704225674
C_hard_rooms_large,1,4,8,62136524,h_next,400,False,nan,400,400,13.376694704225674
C_hard_rooms_large,1,4,8,62136524,h_legsum,400,False,nan,400,400,13.376694704225674
C_hard_rooms_large,1,4,8,62136524,h_oracle,400,True,13.376694704225676,44,44,13.376694704225674
C_hard_rooms_large,1,4,8,62136524,h_next,800,True,13.376694704225676,581,581,13.376694704225674
C_hard_rooms_large,1,4,8,62136524,h_legsum,800,True,13.376694704225676,467,467,13.376694704225674
C_hard_rooms_large,1,4,8,62136524,h_oracle,800,True,13.376694704225676,44,44,13.376694704225674
C_hard_rooms_large,1,4,8,62136524,h_next,1600,True,13.376694704225676,581,581,13.376694704225674
C_hard_rooms_large,1,4,8,62136524,h_legsum,1600,True,13.376694704225676,467,467,13.376694704225674
C_hard_rooms_large,1,4,8,62136524,h_oracle,1600,True,13.376694704225676,44,44,13.376694704225674
C_hard_rooms_large,1,4,8,62136524,h_next,3200,True,13.376694704225676,581,581,13.376694704225674
C_hard_rooms_large,1,4,8,62136524,h_legsum,3200,True,13.376694704225676,467,467,13.376694704225674
C_hard_rooms_large,1,4,8,62136524,h_oracle,3200,True,13.376694704225676,44,44,13.376694704225674
C_hard_rooms_large,1,4,9,62144443,h_next,100,False,nan,100,100,10.687183564516259
C_hard_rooms_large,1,4,9,62144443,h_legsum,100,False,nan,100,100,10.687183564516259
C_hard_rooms_large,1,4,9,62144443,h_oracle,100,True,10.687183564516257,35,35,10.687183564516259
C_hard_rooms_large,1,4,9,62144443,h_next,200,False,nan,200,200,10.687183564516259
C_hard_rooms_large,1,4,9,62144443,h_legsum,200,False,nan,200,200,10.687183564516259
C_hard_rooms_large,1,4,9,62144443,h_oracle,200,True,10.687183564516257,35,35,10.687183564516259
C_hard_rooms_large,1,4,9,62144443,h_next,400,False,nan,400,400,10.687183564516259
C_hard_rooms_large,1,4,9,62144443,h_legsum,400,True,10.687183564516257,287,287,10.687183564516259
C_hard_rooms_large,1,4,9,62144443,h_oracle,400,True,10.687183564516257,35,35,10.687183564516259
C_hard_rooms_large,1,4,9,62144443,h_next,800,True,10.687183564516257,562,562,10.687183564516259
C_hard_rooms_large,1,4,9,62144443,h_legsum,800,True,10.687183564516257,287,287,10.687183564516259
C_hard_rooms_large,1,4,9,62144443,h_oracle,800,True,10.687183564516257,35,35,10.687183564516259
C_hard_rooms_large,1,4,9,62144443,h_next,1600,True,10.687183564516257,562,562,10.687183564516259
C_hard_rooms_large,1,4,9,62144443,h_legsum,1600,True,10.687183564516257,287,287,10.687183564516259
C_hard_rooms_large,1,4,9,62144443,h_oracle,1600,True,10.687183564516257,35,35,10.687183564516259
C_hard_rooms_large,1,4,9,62144443,h_next,3200,True,10.687183564516257,562,562,10.687183564516259
C_hard_rooms_large,1,4,9,62144443,h_legsum,3200,True,10.687183564516257,287,287,10.687183564516259
C_hard_rooms_large,1,4,9,62144443,h_oracle,3200,True,10.687183564516257,35,35,10.687183564516259
C_hard_rooms_large,1,4,10,62152362,h_next,100,False,nan,100,100,13.194232300522962
C_hard_rooms_large,1,4,10,62152362,h_legsum,100,False,nan,100,100,13.194232300522962
C_hard_rooms_large,1,4,10,62152362,h_oracle,100,True,13.194232300522964,46,46,13.194232300522962
C_hard_rooms_large,1,4,10,62152362,h_next,200,False,nan,200,200,13.194232300522962
C_hard_rooms_large,1,4,10,62152362,h_legsum,200,False,nan,200,200,13.194232300522962
C_hard_rooms_large,1,4,10,62152362,h_oracle,200,True,13.194232300522964,46,46,13.194232300522962
C_hard_rooms_large,1,4,10,62152362,h_next,400,False,nan,400,400,13.194232300522962
C_hard_rooms_large,1,4,10,62152362,h_legsum,400,False,nan,400,400,13.194232300522962
C_hard_rooms_large,1,4,10,62152362,h_oracle,400,True,13.194232300522964,46,46,13.194232300522962
C_hard_rooms_large,1,4,10,62152362,h_next,800,True,13.194232300522964,626,626,13.194232300522962
C_hard_rooms_large,1,4,10,62152362,h_legsum,800,True,13.194232300522964,441,441,13.194232300522962
C_hard_rooms_large,1,4,10,62152362,h_oracle,800,True,13.194232300522964,46,46,13.194232300522962
C_hard_rooms_large,1,4,10,62152362,h_next,1600,True,13.194232300522964,626,626,13.194232300522962
C_hard_rooms_large,1,4,10,62152362,h_legsum,1600,True,13.194232300522964,441,441,13.194232300522962
C_hard_rooms_large,1,4,10,62152362,h_oracle,1600,True,13.194232300522964,46,46,13.194232300522962
C_hard_rooms_large,1,4,10,62152362,h_next,3200,True,13.194232300522964,626,626,13.194232300522962
C_hard_rooms_large,1,4,10,62152362,h_legsum,3200,True,13.194232300522964,441,441,13.194232300522962
C_hard_rooms_large,1,4,10,62152362,h_oracle,3200,True,13.194232300522964,46,46,13.194232300522962
C_hard_rooms_large,1,4,11,62160281,h_next,100,False,nan,100,100,4.68890260308496
C_hard_rooms_large,1,4,11,62160281,h_legsum,100,True,4.688902603084959,59,59,4.68890260308496
C_hard_rooms_large,1,4,11,62160281,h_oracle,100,True,4.688902603084959,18,18,4.68890260308496
C_hard_rooms_large,1,4,11,62160281,h_next,200,False,nan,200,200,4.68890260308496
C_hard_rooms_large,1,4,11,62160281,h_legsum,200,True,4.688902603084959,59,59,4.68890260308496
C_hard_rooms_large,1,4,11,62160281,h_oracle,200,True,4.688902603084959,18,18,4.68890260308496
C_hard_rooms_large,1,4,11,62160281,h_next,400,True,4.688902603084959,259,259,4.68890260308496
C_hard_rooms_large,1,4,11,62160281,h_legsum,400,True,4.688902603084959,59,59,4.68890260308496
C_hard_rooms_large,1,4,11,62160281,h_oracle,400,True,4.688902603084959,18,18,4.68890260308496
C_hard_rooms_large,1,4,11,62160281,h_next,800,True,4.688902603084959,259,259,4.68890260308496
C_hard_rooms_large,1,4,11,62160281,h_legsum,800,True,4.688902603084959,59,59,4.68890260308496
C_hard_rooms_large,1,4,11,62160281,h_oracle,800,True,4.688902603084959,18,18,4.68890260308496
C_hard_rooms_large,1,4,11,62160281,h_next,1600,True,4.688902603084959,259,259,4.68890260308496
C_hard_rooms_large,1,4,11,62160281,h_legsum,1600,True,4.688902603084959,59,59,4.68890260308496
C_hard_rooms_large,1,4,11,62160281,h_oracle,1600,True,4.688902603084959,18,18,4.68890260308496
C_hard_rooms_large,1,4,11,62160281,h_next,3200,True,4.688902603084959,259,259,4.68890260308496
C_hard_rooms_large,1,4,11,62160281,h_legsum,3200,True,4.688902603084959,59,59,4.68890260308496
C_hard_rooms_large,1,4,11,62160281,h_oracle,3200,True,4.688902603084959,18,18,4.68890260308496
C_hard_rooms_large,1,4,12,62176119,h_next,100,False,nan,100,100,12.585234300511324
C_hard_rooms_large,1,4,12,62176119,h_legsum,100,False,nan,100,100,12.585234300511324
C_hard_rooms_large,1,4,12,62176119,h_oracle,100,True,12.585234300511322,54,54,12.585234300511324
C_hard_rooms_large,1,4,12,62176119,h_next,200,False,nan,200,200,12.585234300511324
C_hard_rooms_large,1,4,12,62176119,h_legsum,200,False,nan,200,200,12.585234300511324
C_hard_rooms_large,1,4,12,62176119,h_oracle,200,True,12.585234300511322,54,54,12.585234300511324
C_hard_rooms_large,1,4,12,62176119,h_next,400,False,nan,400,400,12.585234300511324
C_hard_rooms_large,1,4,12,62176119,h_legsum,400,False,nan,400,400,12.585234300511324
C_hard_rooms_large,1,4,12,62176119,h_oracle,400,True,12.585234300511322,54,54,12.585234300511324
C_hard_rooms_large,1,4,12,62176119,h_next,800,True,12.585234300511322,665,665,12.585234300511324
C_hard_rooms_large,1,4,12,62176119,h_legsum,800,True,12.585234300511322,514,514,12.585234300511324
C_hard_rooms_large,1,4,12,62176119,h_oracle,800,True,12.585234300511322,54,54,12.585234300511324
C_hard_rooms_large,1,4,12,62176119,h_next,1600,True,12.585234300511322,665,665,12.585234300511324
C_hard_rooms_large,1,4,12,62176119,h_legsum,1600,True,12.585234300511322,514,514,12.585234300511324
C_hard_rooms_large,1,4,12,62176119,h_oracle,1600,True,12.585234300511322,54,54,12.585234300511324
C_hard_rooms_large,1,4,12,62176119,h_next,3200,True,12.585234300511322,665,665,12.585234300511324
C_hard_rooms_large,1,4,12,62176119,h_legsum,3200,True,12.585234300511322,514,514,12.585234300511324
C_hard_rooms_large,1,4,12,62176119,h_oracle,3200,True,12.585234300511322,54,54,12.585234300511324
C_hard_rooms_large,1,4,13,62191957,h_next,100,False,nan,100,100,12.70675197563192
C_hard_rooms_large,1,4,13,62191957,h_legsum,100,False,nan,100,100,12.70675197563192
C_hard_rooms_large,1,4,13,62191957,h_oracle,100,True,12.70675197563192,45,45,12.70675197563192
C_hard_rooms_large,1,4,13,62191957,h_next,200,False,nan,200,200,12.70675197563192
C_hard_rooms_large,1,4,13,62191957,h_legsum,200,False,nan,200,200,12.70675197563192
C_hard_rooms_large,1,4,13,62191957,h_oracle,200,True,12.70675197563192,45,45,12.70675197563192
C_hard_rooms_large,1,4,13,62191957,h_next,400,False,nan,400,400,12.70675197563192
C_hard_rooms_large,1,4,13,62191957,h_legsum,400,False,nan,400,400,12.70675197563192
C_hard_rooms_large,1,4,13,62191957,h_oracle,400,True,12.70675197563192,45,45,12.70675197563192
C_hard_rooms_large,1,4,13,62191957,h_next,800,True,12.70675197563192,578,578,12.70675197563192
C_hard_rooms_large,1,4,13,62191957,h_legsum,800,True,12.70675197563192,539,539,12.70675197563192
C_hard_rooms_large,1,4,13,62191957,h_oracle,800,True,12.70675197563192,45,45,12.70675197563192
C_hard_rooms_large,1,4,13,62191957,h_next,1600,True,12.70675197563192,578,578,12.70675197563192
C_hard_rooms_large,1,4,13,62191957,h_legsum,1600,True,12.70675197563192,539,539,12.70675197563192
C_hard_rooms_large,1,4,13,62191957,h_oracle,1600,True,12.70675197563192,45,45,12.70675197563192
C_hard_rooms_large,1,4,13,62191957,h_next,3200,True,12.70675197563192,578,578,12.70675197563192
C_hard_rooms_large,1,4,13,62191957,h_legsum,3200,True,12.70675197563192,539,539,12.70675197563192
C_hard_rooms_large,1,4,13,62191957,h_oracle,3200,True,12.70675197563192,45,45,12.70675197563192
C_hard_rooms_large,1,4,14,62199876,h_next,100,False,nan,100,100,10.178702131378971
C_hard_rooms_large,1,4,14,62199876,h_legsum,100,False,nan,100,100,10.178702131378971
C_hard_rooms_large,1,4,14,62199876,h_oracle,100,True,10.17870213137897,38,38,10.178702131378971
C_hard_rooms_large,1,4,14,62199876,h_next,200,False,nan,200,200,10.178702131378971
C_hard_rooms_large,1,4,14,62199876,h_legsum,200,False,nan,200,200,10.178702131378971
C_hard_rooms_large,1,4,14,62199876,h_oracle,200,True,10.17870213137897,38,38,10.178702131378971
C_hard_rooms_large,1,4,14,62199876,h_next,400,False,nan,400,400,10.178702131378971
C_hard_rooms_large,1,4,14,62199876,h_legsum,400,False,nan,400,400,10.178702131378971
C_hard_rooms_large,1,4,14,62199876,h_oracle,400,True,10.17870213137897,38,38,10.178702131378971
C_hard_rooms_large,1,4,14,62199876,h_next,800,True,10.17870213137897,636,636,10.178702131378971
C_hard_rooms_large,1,4,14,62199876,h_legsum,800,True,10.17870213137897,447,447,10.178702131378971
C_hard_rooms_large,1,4,14,62199876,h_oracle,800,True,10.17870213137897,38,38,10.178702131378971
C_hard_rooms_large,1,4,14,62199876,h_next,1600,True,10.17870213137897,636,636,10.178702131378971
C_hard_rooms_large,1,4,14,62199876,h_legsum,1600,True,10.17870213137897,447,447,10.178702131378971
C_hard_rooms_large,1,4,14,62199876,h_oracle,1600,True,10.17870213137897,38,38,10.178702131378971
C_hard_rooms_large,1,4,14,62199876,h_next,3200,True,10.17870213137897,636,636,10.178702131378971
C_hard_rooms_large,1,4,14,62199876,h_legsum,3200,True,10.17870213137897,447,447,10.178702131378971
C_hard_rooms_large,1,4,14,62199876,h_oracle,3200,True,10.17870213137897,38,38,10.178702131378971
C_hard_rooms_large,1,4,15,62207795,h_next,100,False,nan,100,100,6.6387526988267
C_hard_rooms_large,1,4,15,62207795,h_legsum,100,False,nan,100,100,6.6387526988267
C_hard_rooms_large,1,4,15,62207795,h_oracle,100,True,6.6387526988267,25,25,6.6387526988267
C_hard_rooms_large,1,4,15,62207795,h_next,200,False,nan,200,200,6.6387526988267
C_hard_rooms_large,1,4,15,62207795,h_legsum,200,True,6.6387526988267,198,198,6.6387526988267
C_hard_rooms_large,1,4,15,62207795,h_oracle,200,True,6.6387526988267,25,25,6.6387526988267
C_hard_rooms_large,1,4,15,62207795,h_next,400,False,nan,400,400,6.6387526988267
C_hard_rooms_large,1,4,15,62207795,h_legsum,400,True,6.6387526988267,198,198,6.6387526988267
C_hard_rooms_large,1,4,15,62207795,h_oracle,400,True,6.6387526988267,25,25,6.6387526988267
C_hard_rooms_large,1,4,15,62207795,h_next,800,True,6.6387526988267,496,496,6.6387526988267
C_hard_rooms_large,1,4,15,62207795,h_legsum,800,True,6.6387526988267,198,198,6.6387526988267
C_hard_rooms_large,1,4,15,62207795,h_oracle,800,True,6.6387526988267,25,25,6.6387526988267
C_hard_rooms_large,1,4,15,62207795,h_next,1600,True,6.6387526988267,496,496,6.6387526988267
C_hard_rooms_large,1,4,15,62207795,h_legsum,1600,True,6.6387526988267,198,198,6.6387526988267
C_hard_rooms_large,1,4,15,62207795,h_oracle,1600,True,6.6387526988267,25,25,6.6387526988267
C_hard_rooms_large,1,4,15,62207795,h_next,3200,True,6.6387526988267,496,496,6.6387526988267
C_hard_rooms_large,1,4,15,62207795,h_legsum,3200,True,6.6387526988267,198,198,6.6387526988267
C_hard_rooms_large,1,4,15,62207795,h_oracle,3200,True,6.6387526988267,25,25,6.6387526988267
C_hard_rooms_large,1,4,16,62215714,h_next,100,False,nan,100,100,20.212033249244612
C_hard_rooms_large,1,4,16,62215714,h_legsum,100,False,nan,100,100,20.212033249244612
C_hard_rooms_large,1,4,16,62215714,h_oracle,100,True,20.21203324924462,68,68,20.212033249244612
C_hard_rooms_large,1,4,16,62215714,h_next,200,False,nan,200,200,20.212033249244612
C_hard_rooms_large,1,4,16,62215714,h_legsum,200,False,nan,200,200,20.212033249244612
C_hard_rooms_large,1,4,16,62215714,h_oracle,200,True,20.21203324924462,68,68,20.212033249244612
C_hard_rooms_large,1,4,16,62215714,h_next,400,False,nan,400,400,20.212033249244612
C_hard_rooms_large,1,4,16,62215714,h_legsum,400,False,nan,400,400,20.212033249244612
C_hard_rooms_large,1,4,16,62215714,h_oracle,400,True,20.21203324924462,68,68,20.212033249244612
C_hard_rooms_large,1,4,16,62215714,h_next,800,True,20.21203324924462,649,649,20.212033249244612
C_hard_rooms_large,1,4,16,62215714,h_legsum,800,True,20.21203324924462,625,625,20.212033249244612
C_hard_rooms_large,1,4,16,62215714,h_oracle,800,True,20.21203324924462,68,68,20.212033249244612
C_hard_rooms_large,1,4,16,62215714,h_next,1600,True,20.21203324924462,649,649,20.212033249244612
C_hard_rooms_large,1,4,16,62215714,h_legsum,1600,True,20.21203324924462,625,625,20.212033249244612
C_hard_rooms_large,1,4,16,62215714,h_oracle,1600,True,20.21203324924462,68,68,20.212033249244612
C_hard_rooms_large,1,4,16,62215714,h_next,3200,True,20.21203324924462,649,649,20.212033249244612
C_hard_rooms_large,1,4,16,62215714,h_legsum,3200,True,20.21203324924462,625,625,20.212033249244612
C_hard_rooms_large,1,4,16,62215714,h_oracle,3200,True,20.21203324924462,68,68,20.212033249244612
C_hard_rooms_large,1,4,17,62223633,h_next,100,False,nan,100,100,10.705962245732872
C_hard_rooms_large,1,4,17,62223633,h_legsum,100,False,nan,100,100,10.705962245732872
C_hard_rooms_large,1,4,17,62223633,h_oracle,100,True,10.705962245732877,44,44,10.705962245732872
C_hard_rooms_large,1,4,17,62223633,h_next,200,False,nan,200,200,10.705962245732872
C_hard_rooms_large,1,4,17,62223633,h_legsum,200,False,nan,200,200,10.705962245732872
C_hard_rooms_large,1,4,17,62223633,h_oracle,200,True,10.705962245732877,44,44,10.705962245732872
C_hard_rooms_large,1,4,17,62223633,h_next,400,False,nan,400,400,10.705962245732872
C_hard_rooms_large,1,4,17,62223633,h_legsum,400,True,10.705962245732877,312,312,10.705962245732872
C_hard_rooms_large,1,4,17,62223633,h_oracle,400,True,10.705962245732877,44,44,10.705962245732872
C_hard_rooms_large,1,4,17,62223633,h_next,800,True,10.705962245732877,540,540,10.705962245732872
C_hard_rooms_large,1,4,17,62223633,h_legsum,800,True,10.705962245732877,312,312,10.705962245732872
C_hard_rooms_large,1,4,17,62223633,h_oracle,800,True,10.705962245732877,44,44,10.705962245732872
C_hard_rooms_large,1,4,17,62223633,h_next,1600,True,10.705962245732877,540,540,10.705962245732872
C_hard_rooms_large,1,4,17,62223633,h_legsum,1600,True,10.705962245732877,312,312,10.705962245732872
C_hard_rooms_large,1,4,17,62223633,h_oracle,1600,True,10.705962245732877,44,44,10.705962245732872
C_hard_rooms_large,1,4,17,62223633,h_next,3200,True,10.705962245732877,540,540,10.705962245732872
C_hard_rooms_large,1,4,17,62223633,h_legsum,3200,True,10.705962245732877,312,312,10.705962245732872
C_hard_rooms_large,1,4,17,62223633,h_oracle,3200,True,10.705962245732877,44,44,10.705962245732872
C_hard_rooms_large,1,4,18,62231552,h_next,100,False,nan,100,100,9.172947125087571
C_hard_rooms_large,1,4,18,62231552,h_legsum,100,False,nan,100,100,9.172947125087571
C_hard_rooms_large,1,4,18,62231552,h_oracle,100,True,9.172947125087571,35,35,9.172947125087571
C_hard_rooms_large,1,4,18,62231552,h_next,200,False,nan,200,200,9.172947125087571
C_hard_rooms_large,1,4,18,62231552,h_legsum,200,False,nan,200,200,9.172947125087571
C_hard_rooms_large,1,4,18,62231552,h_oracle,200,True,9.172947125087571,35,35,9.172947125087571
C_hard_rooms_large,1,4,18,62231552,h_next,400,False,nan,400,400,9.172947125087571
C_hard_rooms_large,1,4,18,62231552,h_legsum,400,True,9.172947125087571,339,339,9.172947125087571
C_hard_rooms_large,1,4,18,62231552,h_oracle,400,True,9.172947125087571,35,35,9.172947125087571
C_hard_rooms_large,1,4,18,62231552,h_next,800,True,9.172947125087571,493,493,9.172947125087571
C_hard_rooms_large,1,4,18,62231552,h_legsum,800,True,9.172947125087571,339,339,9.172947125087571
C_hard_rooms_large,1,4,18,62231552,h_oracle,800,True,9.172947125087571,35,35,9.172947125087571
C_hard_rooms_large,1,4,18,62231552,h_next,1600,True,9.172947125087571,493,493,9.172947125087571
C_hard_rooms_large,1,4,18,62231552,h_legsum,1600,True,9.172947125087571,339,339,9.172947125087571
C_hard_rooms_large,1,4,18,62231552,h_oracle,1600,True,9.172947125087571,35,35,9.172947125087571
C_hard_rooms_large,1,4,18,62231552,h_next,3200,True,9.172947125087571,493,493,9.172947125087571
C_hard_rooms_large,1,4,18,62231552,h_legsum,3200,True,9.172947125087571,339,339,9.172947125087571
C_hard_rooms_large,1,4,18,62231552,h_oracle,3200,True,9.172947125087571,35,35,9.172947125087571
C_hard_rooms_large,1,4,19,62239471,h_next,100,False,nan,100,100,10.913663848010437
C_hard_rooms_large,1,4,19,62239471,h_legsum,100,False,nan,100,100,10.913663848010437
C_hard_rooms_large,1,4,19,62239471,h_oracle,100,True,10.913663848010433,42,42,10.913663848010437
C_hard_rooms_large,1,4,19,62239471,h_next,200,False,nan,200,200,10.913663848010437
C_hard_rooms_large,1,4,19,62239471,h_legsum,200,False,nan,200,200,10.913663848010437
C_hard_rooms_large,1,4,19,62239471,h_oracle,200,True,10.913663848010433,42,42,10.913663848010437
C_hard_rooms_large,1,4,19,62239471,h_next,400,False,nan,400,400,10.913663848010437
C_hard_rooms_large,1,4,19,62239471,h_legsum,400,True,10.913663848010433,385,385,10.913663848010437
C_hard_rooms_large,1,4,19,62239471,h_oracle,400,True,10.913663848010433,42,42,10.913663848010437
C_hard_rooms_large,1,4,19,62239471,h_next,800,True,10.913663848010433,559,559,10.913663848010437
C_hard_rooms_large,1,4,19,62239471,h_legsum,800,True,10.913663848010433,385,385,10.913663848010437
C_hard_rooms_large,1,4,19,62239471,h_oracle,800,True,10.913663848010433,42,42,10.913663848010437
C_hard_rooms_large,1,4,19,62239471,h_next,1600,True,10.913663848010433,559,559,10.913663848010437
C_hard_rooms_large,1,4,19,62239471,h_legsum,1600,True,10.913663848010433,385,385,10.913663848010437
C_hard_rooms_large,1,4,19,62239471,h_oracle,1600,True,10.913663848010433,42,42,10.913663848010437
C_hard_rooms_large,1,4,19,62239471,h_next,3200,True,10.913663848010433,559,559,10.913663848010437
C_hard_rooms_large,1,4,19,62239471,h_legsum,3200,True,10.913663848010433,385,385,10.913663848010437
C_hard_rooms_large,1,4,19,62239471,h_oracle,3200,True,10.913663848010433,42,42,10.913663848010437
C_hard_rooms_large,1,4,20,62247390,h_next,100,False,nan,100,100,12.945149673535827
C_hard_rooms_large,1,4,20,62247390,h_legsum,100,False,nan,100,100,12.945149673535827
C_hard_rooms_large,1,4,20,62247390,h_oracle,100,True,12.945149673535829,45,45,12.945149673535827
C_hard_rooms_large,1,4,20,62247390,h_next,200,False,nan,200,200,12.945149673535827
C_hard_rooms_large,1,4,20,62247390,h_legsum,200,False,nan,200,200,12.945149673535827
C_hard_rooms_large,1,4,20,62247390,h_oracle,200,True,12.945149673535829,45,45,12.945149673535827
C_hard_rooms_large,1,4,20,62247390,h_next,400,False,nan,400,400,12.945149673535827
C_hard_rooms_large,1,4,20,62247390,h_legsum,400,True,12.945149673535829,325,325,12.945149673535827
C_hard_rooms_large,1,4,20,62247390,h_oracle,400,True,12.945149673535829,45,45,12.945149673535827
C_hard_rooms_large,1,4,20,62247390,h_next,800,True,12.945149673535829,550,550,12.945149673535827
C_hard_rooms_large,1,4,20,62247390,h_legsum,800,True,12.945149673535829,325,325,12.945149673535827
C_hard_rooms_large,1,4,20,62247390,h_oracle,800,True,12.945149673535829,45,45,12.945149673535827
C_hard_rooms_large,1,4,20,62247390,h_next,1600,True,12.945149673535829,550,550,12.945149673535827
C_hard_rooms_large,1,4,20,62247390,h_legsum,1600,True,12.945149673535829,325,325,12.945149673535827
C_hard_rooms_large,1,4,20,62247390,h_oracle,1600,True,12.945149673535829,45,45,12.945149673535827
C_hard_rooms_large,1,4,20,62247390,h_next,3200,True,12.945149673535829,550,550,12.945149673535827
C_hard_rooms_large,1,4,20,62247390,h_legsum,3200,True,12.945149673535829,325,325,12.945149673535827
C_hard_rooms_large,1,4,20,62247390,h_oracle,3200,True,12.945149673535829,45,45,12.945149673535827
C_hard_rooms_large,1,4,21,62255309,h_next,100,False,nan,100,100,8.321772991796882
C_hard_rooms_large,1,4,21,62255309,h_legsum,100,False,nan,100,100,8.321772991796882
C_hard_rooms_large,1,4,21,62255309,h_oracle,100,True,8.321772991796884,27,27,8.321772991796882
C_hard_rooms_large,1,4,21,62255309,h_next,200,False,nan,200,200,8.321772991796882
C_hard_rooms_large,1,4,21,62255309,h_legsum,200,True,8.321772991796884,150,150,8.321772991796882
C_hard_rooms_large,1,4,21,62255309,h_oracle,200,True,8.321772991796884,27,27,8.321772991796882
C_hard_rooms_large,1,4,21,62255309,h_next,400,False,nan,400,400,8.321772991796882
C_hard_rooms_large,1,4,21,62255309,h_legsum,400,True,8.321772991796884,150,150,8.321772991796882
C_hard_rooms_large,1,4,21,62255309,h_oracle,400,True,8.321772991796884,27,27,8.321772991796882
C_hard_rooms_large,1,4,21,62255309,h_next,800,True,8.321772991796884,476,476,8.321772991796882
C_hard_rooms_large,1,4,21,62255309,h_legsum,800,True,8.321772991796884,150,150,8.321772991796882
C_hard_rooms_large,1,4,21,62255309,h_oracle,800,True,8.321772991796884,27,27,8.321772991796882
C_hard_rooms_large,1,4,21,62255309,h_next,1600,True,8.321772991796884,476,476,8.321772991796882
C_hard_rooms_large,1,4,21,62255309,h_legsum,1600,True,8.321772991796884,150,150,8.321772991796882
C_hard_rooms_large,1,4,21,62255309,h_oracle,1600,True,8.321772991796884,27,27,8.321772991796882
C_hard_rooms_large,1,4,21,62255309,h_next,3200,True,8.321772991796884,476,476,8.321772991796882
C_hard_rooms_large,1,4,21,62255309,h_legsum,3200,True,8.321772991796884,150,150,8.321772991796882
C_hard_rooms_large,1,4,21,62255309,h_oracle,3200,True,8.321772991796884,27,27,8.321772991796882
C_hard_rooms_large,1,4,22,62263228,h_next,100,False,nan,100,100,11.892647038431614
C_hard_rooms_large,1,4,22,62263228,h_legsum,100,False,nan,100,100,11.892647038431614
C_hard_rooms_large,1,4,22,62263228,h_oracle,100,True,11.892647038431619,45,45,11.892647038431614
C_hard_rooms_large,1,4,22,62263228,h_next,200,False,nan,200,200,11.892647038431614
C_hard_rooms_large,1,4,22,62263228,h_legsum,200,False,nan,200,200,11.892647038431614
C_hard_rooms_large,1,4,22,62263228,h_oracle,200,True,11.892647038431619,45,45,11.892647038431614
C_hard_rooms_large,1,4,22,62263228,h_next,400,False,nan,400,400,11.892647038431614
C_hard_rooms_large,1,4,22,62263228,h_legsum,400,True,11.892647038431619,313,313,11.892647038431614
C_hard_rooms_large,1,4,22,62263228,h_oracle,400,True,11.892647038431619,45,45,11.892647038431614
C_hard_rooms_large,1,4,22,62263228,h_next,800,True,11.892647038431619,552,552,11.892647038431614
C_hard_rooms_large,1,4,22,62263228,h_legsum,800,True,11.892647038431619,313,313,11.892647038431614
C_hard_rooms_large,1,4,22,62263228,h_oracle,800,True,11.892647038431619,45,45,11.892647038431614
C_hard_rooms_large,1,4,22,62263228,h_next,1600,True,11.892647038431619,552,552,11.892647038431614
C_hard_rooms_large,1,4,22,62263228,h_legsum,1600,True,11.892647038431619,313,313,11.892647038431614
C_hard_rooms_large,1,4,22,62263228,h_oracle,1600,True,11.892647038431619,45,45,11.892647038431614
C_hard_rooms_large,1,4,22,62263228,h_next,3200,True,11.892647038431619,552,552,11.892647038431614
C_hard_rooms_large,1,4,22,62263228,h_legsum,3200,True,11.892647038431619,313,313,11.892647038431614
C_hard_rooms_large,1,4,22,62263228,h_oracle,3200,True,11.892647038431619,45,45,11.892647038431614
C_hard_rooms_large,1,4,23,62271147,h_next,100,False,nan,100,100,9.41069404847966
C_hard_rooms_large,1,4,23,62271147,h_legsum,100,False,nan,100,100,9.41069404847966
C_hard_rooms_large,1,4,23,62271147,h_oracle,100,True,9.410694048479664,37,37,9.41069404847966
C_hard_rooms_large,1,4,23,62271147,h_next,200,False,nan,200,200,9.41069404847966
C_hard_rooms_large,1,4,23,62271147,h_legsum,200,False,nan,200,200,9.41069404847966
C_hard_rooms_large,1,4,23,62271147,h_oracle,200,True,9.410694048479664,37,37,9.41069404847966
C_hard_rooms_large,1,4,23,62271147,h_next,400,False,nan,400,400,9.41069404847966
C_hard_rooms_large,1,4,23,62271147,h_legsum,400,True,9.410694048479664,259,259,9.41069404847966
C_hard_rooms_large,1,4,23,62271147,h_oracle,400,True,9.410694048479664,37,37,9.41069404847966
C_hard_rooms_large,1,4,23,62271147,h_next,800,True,9.410694048479664,572,572,9.41069404847966
C_hard_rooms_large,1,4,23,62271147,h_legsum,800,True,9.410694048479664,259,259,9.41069404847966
C_hard_rooms_large,1,4,23,62271147,h_oracle,800,True,9.410694048479664,37,37,9.41069404847966
C_hard_rooms_large,1,4,23,62271147,h_next,1600,True,9.410694048479664,572,572,9.41069404847966
C_hard_rooms_large,1,4,23,62271147,h_legsum,1600,True,9.410694048479664,259,259,9.41069404847966
C_hard_rooms_large,1,4,23,62271147,h_oracle,1600,True,9.410694048479664,37,37,9.41069404847966
C_hard_rooms_large,1,4,23,62271147,h_next,3200,True,9.410694048479664,572,572,9.41069404847966
C_hard_rooms_large,1,4,23,62271147,h_legsum,3200,True,9.410694048479664,259,259,9.41069404847966
C_hard_rooms_large,1,4,23,62271147,h_oracle,3200,True,9.410694048479664,37,37,9.41069404847966
C_hard_rooms_large,1,4,24,62279066,h_next,100,False,nan,100,100,12.246449135079065
C_hard_rooms_large,1,4,24,62279066,h_legsum,100,False,nan,100,100,12.246449135079065
C_hard_rooms_large,1,4,24,62279066,h_oracle,100,True,12.24644913507907,45,45,12.246449135079065
C_hard_rooms_large,1,4,24,62279066,h_next,200,False,nan,200,200,12.246449135079065
C_hard_rooms_large,1,4,24,62279066,h_legsum,200,False,nan,200,200,12.246449135079065
C_hard_rooms_large,1,4,24,62279066,h_oracle,200,True,12.24644913507907,45,45,12.246449135079065
C_hard_rooms_large,1,4,24,62279066,h_next,400,False,nan,400,400,12.246449135079065
C_hard_rooms_large,1,4,24,62279066,h_legsum,400,True,12.24644913507907,327,327,12.246449135079065
C_hard_rooms_large,1,4,24,62279066,h_oracle,400,True,12.24644913507907,45,45,12.246449135079065
C_hard_rooms_large,1,4,24,62279066,h_next,800,True,12.24644913507907,572,572,12.246449135079065
C_hard_rooms_large,1,4,24,62279066,h_legsum,800,True,12.24644913507907,327,327,12.246449135079065
C_hard_rooms_large,1,4,24,62279066,h_oracle,800,True,12.24644913507907,45,45,12.246449135079065
C_hard_rooms_large,1,4,24,62279066,h_next,1600,True,12.24644913507907,572,572,12.246449135079065
C_hard_rooms_large,1,4,24,62279066,h_legsum,1600,True,12.24644913507907,327,327,12.246449135079065
C_hard_rooms_large,1,4,24,62279066,h_oracle,1600,True,12.24644913507907,45,45,12.246449135079065
C_hard_rooms_large,1,4,24,62279066,h_next,3200,True,12.24644913507907,572,572,12.246449135079065
C_hard_rooms_large,1,4,24,62279066,h_legsum,3200,True,12.24644913507907,327,327,12.246449135079065
C_hard_rooms_large,1,4,24,62279066,h_oracle,3200,True,12.24644913507907,45,45,12.246449135079065
C_hard_rooms_large,1,8,0,123992867,h_next,100,False,nan,100,100,24.701247257957377
C_hard_rooms_large,1,8,0,123992867,h_legsum,100,False,nan,100,100,24.701247257957377
C_hard_rooms_large,1,8,0,123992867,h_oracle,100,True,24.701247257957366,87,87,24.701247257957377
C_hard_rooms_large,1,8,0,123992867,h_next,200,False,nan,200,200,24.701247257957377
C_hard_rooms_large,1,8,0,123992867,h_legsum,200,False,nan,200,200,24.701247257957377
C_hard_rooms_large,1,8,0,123992867,h_oracle,200,True,24.701247257957366,87,87,24.701247257957377
C_hard_rooms_large,1,8,0,123992867,h_next,400,False,nan,400,400,24.701247257957377
C_hard_rooms_large,1,8,0,123992867,h_legsum,400,False,nan,400,400,24.701247257957377
C_hard_rooms_large,1,8,0,123992867,h_oracle,400,True,24.701247257957366,87,87,24.701247257957377
C_hard_rooms_large,1,8,0,123992867,h_next,800,False,nan,800,800,24.701247257957377
C_hard_rooms_large,1,8,0,123992867,h_legsum,800,False,nan,800,800,24.701247257957377
C_hard_rooms_large,1,8,0,123992867,h_oracle,800,True,24.701247257957366,87,87,24.701247257957377
C_hard_rooms_large,1,8,0,123992867,h_next,1600,True,24.701247257957366,1182,1182,24.701247257957377
C_hard_rooms_large,1,8,0,123992867,h_legsum,1600,True,24.701247257957366,971,971,24.701247257957377
C_hard_rooms_large,1,8,0,123992867,h_oracle,1600,True,24.701247257957366,87,87,24.701247257957377
C_hard_rooms_large,1,8,0,123992867,h_next,3200,True,24.701247257957366,1182,1182,24.701247257957377
C_hard_rooms_large,1,8,0,123992867,h_legsum,3200,True,24.701247257957366,971,971,24.701247257957377
C_hard_rooms_large,1,8,0,123992867,h_oracle,3200,True,24.701247257957366,87,87,24.701247257957377
C_hard_rooms_large,1,8,1,124016624,h_next,100,False,nan,100,100,20.781600802668653
C_hard_rooms_large,1,8,1,124016624,h_legsum,100,False,nan,100,100,20.781600802668653
C_hard_rooms_large,1,8,1,124016624,h_oracle,100,True,20.78160080266865,71,71,20.781600802668653
C_hard_rooms_large,1,8,1,124016624,h_next,200,False,nan,200,200,20.781600802668653
C_hard_rooms_large,1,8,1,124016624,h_legsum,200,False,nan,200,200,20.781600802668653
C_hard_rooms_large,1,8,1,124016624,h_oracle,200,True,20.78160080266865,71,71,20.781600802668653
C_hard_rooms_large,1,8,1,124016624,h_next,400,False,nan,400,400,20.781600802668653
C_hard_rooms_large,1,8,1,124016624,h_legsum,400,False,nan,400,400,20.781600802668653
C_hard_rooms_large,1,8,1,124016624,h_oracle,400,True,20.78160080266865,71,71,20.781600802668653
C_hard_rooms_large,1,8,1,124016624,h_next,800,False,nan,800,800,20.781600802668653
C_hard_rooms_large,1,8,1,124016624,h_legsum,800,True,20.78160080266865,689,689,20.781600802668653
C_hard_rooms_large,1,8,1,124016624,h_oracle,800,True,20.78160080266865,71,71,20.781600802668653
C_hard_rooms_large,1,8,1,124016624,h_next,1600,True,20.78160080266865,1140,1140,20.781600802668653
C_hard_rooms_large,1,8,1,124016624,h_legsum,1600,True,20.78160080266865,689,689,20.781600802668653
C_hard_rooms_large,1,8,1,124016624,h_oracle,1600,True,20.78160080266865,71,71,20.781600802668653
C_hard_rooms_large,1,8,1,124016624,h_next,3200,True,20.78160080266865,1140,1140,20.781600802668653
C_hard_rooms_large,1,8,1,124016624,h_legsum,3200,True,20.78160080266865,689,689,20.781600802668653
C_hard_rooms_large,1,8,1,124016624,h_oracle,3200,True,20.78160080266865,71,71,20.781600802668653
C_hard_rooms_large,1,8,2,124024543,h_next,100,False,nan,100,100,19.166667695696407
C_hard_rooms_large,1,8,2,124024543,h_legsum,100,False,nan,100,100,19.166667695696407
C_hard_rooms_large,1,8,2,124024543,h_oracle,100,True,19.166667695696404,63,63,19.166667695696407
C_hard_rooms_large,1,8,2,124024543,h_next,200,False,nan,200,200,19.166667695696407
C_hard_rooms_large,1,8,2,124024543,h_legsum,200,False,nan,200,200,19.166667695696407
C_hard_rooms_large,1,8,2,124024543,h_oracle,200,True,19.166667695696404,63,63,19.166667695696407
C_hard_rooms_large,1,8,2,124024543,h_next,400,False,nan,400,400,19.166667695696407
C_hard_rooms_large,1,8,2,124024543,h_legsum,400,False,nan,400,400,19.166667695696407
C_hard_rooms_large,1,8,2,124024543,h_oracle,400,True,19.166667695696404,63,63,19.166667695696407
C_hard_rooms_large,1,8,2,124024543,h_next,800,False,nan,800,800,19.166667695696407
C_hard_rooms_large,1,8,2,124024543,h_legsum,800,True,19.166667695696404,583,583,19.166667695696407
C_hard_rooms_large,1,8,2,124024543,h_oracle,800,True,19.166667695696404,63,63,19.166667695696407
C_hard_rooms_large,1,8,2,124024543,h_next,1600,True,19.166667695696404,960,960,19.166667695696407
C_hard_rooms_large,1,8,2,124024543,h_legsum,1600,True,19.166667695696404,583,583,19.166667695696407
C_hard_rooms_large,1,8,2,124024543,h_oracle,1600,True,19.166667695696404,63,63,19.166667695696407
C_hard_rooms_large,1,8,2,124024543,h_next,3200,True,19.166667695696404,960,960,19.166667695696407
C_hard_rooms_large,1,8,2,124024543,h_legsum,3200,True,19.166667695696404,583,583,19.166667695696407
C_hard_rooms_large,1,8,2,124024543,h_oracle,3200,True,19.166667695696404,63,63,19.166667695696407
C_hard_rooms_large,1,8,3,124040381,h_next,100,False,nan,100,100,14.283947152908308
C_hard_rooms_large,1,8,3,124040381,h_legsum,100,False,nan,100,100,14.283947152908308
C_hard_rooms_large,1,8,3,124040381,h_oracle,100,True,14.283947152908311,49,49,14.283947152908308
C_hard_rooms_large,1,8,3,124040381,h_next,200,False,nan,200,200,14.283947152908308
C_hard_rooms_large,1,8,3,124040381,h_legsum,200,False,nan,200,200,14.283947152908308
C_hard_rooms_large,1,8,3,124040381,h_oracle,200,True,14.283947152908311,49,49,14.283947152908308
C_hard_rooms_large,1,8,3,124040381,h_next,400,False,nan,400,400,14.283947152908308
C_hard_rooms_large,1,8,3,124040381,h_legsum,400,False,nan,400,400,14.283947152908308
C_hard_rooms_large,1,8,3,124040381,h_oracle,400,True,14.283947152908311,49,49,14.283947152908308
C_hard_rooms_large,1,8,3,124040381,h_next,800,False,nan,800,800,14.283947152908308
C_hard_rooms_large,1,8,3,124040381,h_legsum,800,True,14.283947152908311,482,482,14.283947152908308
C_hard_rooms_large,1,8,3,124040381,h_oracle,800,True,14.283947152908311,49,49,14.283947152908308
C_hard_rooms_large,1,8,3,124040381,h_next,1600,True,14.283947152908311,1044,1044,14.283947152908308
C_hard_rooms_large,1,8,3,124040381,h_legsum,1600,True,14.283947152908311,482,482,14.283947152908308
C_hard_rooms_large,1,8,3,124040381,h_oracle,1600,True,14.283947152908311,49,49,14.283947152908308
C_hard_rooms_large,1,8,3,124040381,h_next,3200,True,14.283947152908311,1044,1044,14.283947152908308
C_hard_rooms_large,1,8,3,124040381,h_legsum,3200,True,14.283947152908311,482,482,14.283947152908308
C_hard_rooms_large,1,8,3,124040381,h_oracle,3200,True,14.283947152908311,49,49,14.283947152908308
C_hard_rooms_large,1,8,4,124056219,h_next,100,False,nan,100,100,17.181206961411913
C_hard_rooms_large,1,8,4,124056219,h_legsum,100,False,nan,100,100,17.181206961411913
C_hard_rooms_large,1,8,4,124056219,h_oracle,100,True,17.181206961411903,66,66,17.181206961411913
C_hard_rooms_large,1,8,4,124056219,h_next,200,False,nan,200,200,17.181206961411913
C_hard_rooms_large,1,8,4,124056219,h_legsum,200,False,nan,200,200,17.181206961411913
C_hard_rooms_large,1,8,4,124056219,h_oracle,200,True,17.181206961411903,66,66,17.181206961411913
C_hard_rooms_large,1,8,4,124056219,h_next,400,False,nan,400,400,17.181206961411913
C_hard_rooms_large,1,8,4,124056219,h_legsum,400,False,nan,400,400,17.181206961411913
C_hard_rooms_large,1,8,4,124056219,h_oracle,400,True,17.181206961411903,66,66,17.181206961411913
C_hard_rooms_large,1,8,4,124056219,h_next,800,False,nan,800,800,17.181206961411913
C_hard_rooms_large,1,8,4,124056219,h_legsum,800,True,17.181206961411903,614,614,17.181206961411913
C_hard_rooms_large,1,8,4,124056219,h_oracle,800,True,17.181206961411903,66,66,17.181206961411913
C_hard_rooms_large,1,8,4,124056219,h_next,1600,True,17.181206961411903,1143,1143,17.181206961411913
C_hard_rooms_large,1,8,4,124056219,h_legsum,1600,True,17.181206961411903,614,614,17.181206961411913
C_hard_rooms_large,1,8,4,124056219,h_oracle,1600,True,17.181206961411903,66,66,17.181206961411913
C_hard_rooms_large,1,8,4,124056219,h_next,3200,True,17.181206961411903,1143,1143,17.181206961411913
C_hard_rooms_large,1,8,4,124056219,h_legsum,3200,True,17.181206961411903,614,614,17.181206961411913
C_hard_rooms_large,1,8,4,124056219,h_oracle,3200,True,17.181206961411903,66,66,17.181206961411913
C_hard_rooms_large,1,8,5,124064138,h_next,100,False,nan,100,100,18.289520401956054
C_hard_rooms_large,1,8,5,124064138,h_legsum,100,False,nan,100,100,18.289520401956054
C_hard_rooms_large,1,8,5,124064138,h_oracle,100,True,18.289520401956054,63,63,18.289520401956054
C_hard_rooms_large,1,8,5,124064138,h_next,200,False,nan,200,200,18.289520401956054
C_hard_rooms_large,1,8,5,124064138,h_legsum,200,False,nan,200,200,18.289520401956054
C_hard_rooms_large,1,8,5,124064138,h_oracle,200,True,18.289520401956054,63,63,18.289520401956054
C_hard_rooms_large,1,8,5,124064138,h_next,400,False,nan,400,400,18.289520401956054
C_hard_rooms_large,1,8,5,124064138,h_legsum,400,False,nan,400,400,18.289520401956054
C_hard_rooms_large,1,8,5,124064138,h_oracle,400,True,18.289520401956054,63,63,18.289520401956054
C_hard_rooms_large,1,8,5,124064138,h_next,800,False,nan,800,800,18.289520401956054
C_hard_rooms_large,1,8,5,124064138,h_legsum,800,False,nan,800,800,18.289520401956054
C_hard_rooms_large,1,8,5,124064138,h_oracle,800,True,18.289520401956054,63,63,18.289520401956054
C_hard_rooms_large,1,8,5,124064138,h_next,1600,True,18.289520401956054,1083,1083,18.289520401956054
C_hard_rooms_large,1,8,5,124064138,h_legsum,1600,True,18.289520401956054,1038,1038,18.289520401956054
C_hard_rooms_large,1,8,5,124064138,h_oracle,1600,True,18.289520401956054,63,63,18.289520401956054
C_hard_rooms_large,1,8,5,124064138,h_next,3200,True,18.289520401956054,1083,1083,18.289520401956054
C_hard_rooms_large,1,8,5,124064138,h_legsum,3200,True,18.289520401956054,1038,1038,18.289520401956054
C_hard_rooms_large,1,8,5,124064138,h_oracle,3200,True,18.289520401956054,63,63,18.289520401956054
C_hard_rooms_large,1,8,6,124072057,h_next,100,False,nan,100,100,17.356011369860397
C_hard_rooms_large,1,8,6,124072057,h_legsum,100,False,nan,100,100,17.356011369860397
C_hard_rooms_large,1,8,6,124072057,h_oracle,100,True,17.35601136986038,67,67,17.356011369860397
C_hard_rooms_large,1,8,6,124072057,h_next,200,False,nan,200,200,17.356011369860397
C_hard_rooms_large,1,8,6,124072057,h_legsum,200,False,nan,200,200,17.356011369860397
C_hard_rooms_large,1,8,6,124072057,h_oracle,200,True,17.35601136986038,67,67,17.356011369860397
C_hard_rooms_large,1,8,6,124072057,h_next,400,False,nan,400,400,17.356011369860397
C_hard_rooms_large,1,8,6,124072057,h_legsum,400,False,nan,400,400,17.356011369860397
C_hard_rooms_large,1,8,6,124072057,h_oracle,400,True,17.35601136986038,67,67,17.356011369860397
C_hard_rooms_large,1,8,6,124072057,h_next,800,False,nan,800,800,17.356011369860397
C_hard_rooms_large,1,8,6,124072057,h_legsum,800,False,nan,800,800,17.356011369860397
C_hard_rooms_large,1,8,6,124072057,h_oracle,800,True,17.35601136986038,67,67,17.356011369860397
C_hard_rooms_large,1,8,6,124072057,h_next,1600,True,17.35601136986038,1176,1176,17.356011369860397
C_hard_rooms_large,1,8,6,124072057,h_legsum,1600,True,17.35601136986038,1036,1036,17.356011369860397
C_hard_rooms_large,1,8,6,124072057,h_oracle,1600,True,17.35601136986038,67,67,17.356011369860397
C_hard_rooms_large,1,8,6,124072057,h_next,3200,True,17.35601136986038,1176,1176,17.356011369860397
C_hard_rooms_large,1,8,6,124072057,h_legsum,3200,True,17.35601136986038,1036,1036,17.356011369860397
C_hard_rooms_large,1,8,6,124072057,h_oracle,3200,True,17.35601136986038,67,67,17.356011369860397
C_hard_rooms_large,1,8,7,124087895,h_next,100,False,nan,100,100,11.595466075371528
C_hard_rooms_large,1,8,7,124087895,h_legsum,100,False,nan,100,100,11.595466075371528
C_hard_rooms_large,1,8,7,124087895,h_oracle,100,True,11.595466075371535,42,42,11.595466075371528
C_hard_rooms_large,1,8,7,124087895,h_next,200,False,nan,200,200,11.595466075371528
C_hard_rooms_large,1,8,7,124087895,h_legsum,200,False,nan,200,200,11.595466075371528
C_hard_rooms_large,1,8,7,124087895,h_oracle,200,True,11.595466075371535,42,42,11.595466075371528
C_hard_rooms_large,1,8,7,124087895,h_next,400,False,nan,400,400,11.595466075371528
C_hard_rooms_large,1,8,7,124087895,h_legsum,400,True,11.595466075371535,258,258,11.595466075371528
C_hard_rooms_large,1,8,7,124087895,h_oracle,400,True,11.595466075371535,42,42,11.595466075371528
C_hard_rooms_large,1,8,7,124087895,h_next,800,False,nan,800,800,11.595466075371528
C_hard_rooms_large,1,8,7,124087895,h_legsum,800,True,11.595466075371535,258,258,11.595466075371528
C_hard_rooms_large,1,8,7,124087895,h_oracle,800,True,11.595466075371535,42,42,11.595466075371528
C_hard_rooms_large,1,8,7,124087895,h_next,1600,True,11.595466075371535,909,909,11.595466075371528
C_hard_rooms_large,1,8,7,124087895,h_legsum,1600,True,11.595466075371535,258,258,11.595466075371528
C_hard_rooms_large,1,8,7,124087895,h_oracle,1600,True,11.595466075371535,42,42,11.595466075371528
C_hard_rooms_large,1,8,7,124087895,h_next,3200,True,11.595466075371535,909,909,11.595466075371528
C_hard_rooms_large,1,8,7,124087895,h_legsum,3200,True,11.595466075371535,258,258,11.595466075371528
C_hard_rooms_large,1,8,7,124087895,h_oracle,3200,True,11.595466075371535,42,42,11.595466075371528
C_hard_rooms_large,1,8,8,124095814,h_next,100,False,nan,100,100,16.99136132644187
C_hard_rooms_large,1,8,8,124095814,h_legsum,100,False,nan,100,100,16.99136132644187
C_hard_rooms_large,1,8,8,124095814,h_oracle,100,True,16.991361326441872,64,64,16.99136132644187
C_hard_rooms_large,1,8,8,124095814,h_next,200,False,nan,200,200,16.99136132644187
C_hard_rooms_large,1,8,8,124095814,h_legsum,200,False,nan,200,200,16.99136132644187
C_hard_rooms_large,1,8,8,124095814,h_oracle,200,True,16.991361326441872,64,64,16.99136132644187
C_hard_rooms_large,1,8,8,124095814,h_next,400,False,nan,400,400,16.99136132644187
C_hard_rooms_large,1,8,8,124095814,h_legsum,400,False,nan,400,400,16.99136132644187
C_hard_rooms_large,1,8,8,124095814,h_oracle,400,True,16.991361326441872,64,64,16.99136132644187
C_hard_rooms_large,1,8,8,124095814,h_next,800,False,nan,800,800,16.99136132644187
C_hard_rooms_large,1,8,8,124095814,h_legsum,800,True,16.991361326441872,426,426,16.99136132644187
C_hard_rooms_large,1,8,8,124095814,h_oracle,800,True,16.991361326441872,64,64,16.99136132644187
C_hard_rooms_large,1,8,8,124095814,h_next,1600,True,16.991361326441872,1047,1047,16.99136132644187
C_hard_rooms_large,1,8,8,124095814,h_legsum,1600,True,16.991361326441872,426,426,16.99136132644187
C_hard_rooms_large,1,8,8,124095814,h_oracle,1600,True,16.991361326441872,64,64,16.99136132644187
C_hard_rooms_large,1,8,8,124095814,h_next,3200,True,16.991361326441872,1047,1047,16.99136132644187
C_hard_rooms_large,1,8,8,124095814,h_legsum,3200,True,16.991361326441872,426,426,16.99136132644187
C_hard_rooms_large,1,8,8,124095814,h_oracle,3200,True,16.991361326441872,64,64,16.99136132644187
C_hard_rooms_large,1,8,9,124103733,h_next,100,False,nan,100,100,22.115210396329097
C_hard_rooms_large,1,8,9,124103733,h_legsum,100,False,nan,100,100,22.115210396329097
C_hard_rooms_large,1,8,9,124103733,h_oracle,100,True,22.115210396329097,82,82,22.115210396329097
C_hard_rooms_large,1,8,9,124103733,h_next,200,False,nan,200,200,22.115210396329097
C_hard_rooms_large,1,8,9,124103733,h_legsum,200,False,nan,200,200,22.115210396329097
C_hard_rooms_large,1,8,9,124103733,h_oracle,200,True,22.115210396329097,82,82,22.115210396329097
C_hard_rooms_large,1,8,9,124103733,h_next,400,False,nan,400,400,22.115210396329097
C_hard_rooms_large,1,8,9,124103733,h_legsum,400,False,nan,400,400,22.115210396329097
C_hard_rooms_large,1,8,9,124103733,h_oracle,400,True,22.115210396329097,82,82,22.115210396329097
C_hard_rooms_large,1,8,9,124103733,h_next,800,False,nan,800,800,22.115210396329097
C_hard_rooms_large,1,8,9,124103733,h_legsum,800,False,nan,800,800,22.115210396329097
C_hard_rooms_large,1,8,9,124103733,h_oracle,800,True,22.115210396329097,82,82,22.115210396329097
C_hard_rooms_large,1,8,9,124103733,h_next,1600,True,22.115210396329097,958,958,22.115210396329097
C_hard_rooms_large,1,8,9,124103733,h_legsum,1600,True,22.115210396329097,813,813,22.115210396329097
C_hard_rooms_large,1,8,9,124103733,h_oracle,1600,True,22.115210396329097,82,82,22.115210396329097
C_hard_rooms_large,1,8,9,124103733,h_next,3200,True,22.115210396329097,958,958,22.115210396329097
C_hard_rooms_large,1,8,9,124103733,h_legsum,3200,True,22.115210396329097,813,813,22.115210396329097
C_hard_rooms_large,1,8,9,124103733,h_oracle,3200,True,22.115210396329097,82,82,22.115210396329097
C_hard_rooms_large,1,8,10,124111652,h_next,100,False,nan,100,100,21.411405231732708
C_hard_rooms_large,1,8,10,124111652,h_legsum,100,False,nan,100,100,21.411405231732708
C_hard_rooms_large,1,8,10,124111652,h_oracle,100,True,21.41140523173271,75,75,21.411405231732708
C_hard_rooms_large,1,8,10,124111652,h_next,200,False,nan,200,200,21.411405231732708
C_hard_rooms_large,1,8,10,124111652,h_legsum,200,False,nan,200,200,21.411405231732708
C_hard_rooms_large,1,8,10,124111652,h_oracle,200,True,21.41140523173271,75,75,21.411405231732708
C_hard_rooms_large,1,8,10,124111652,h_next,400,False,nan,400,400,21.411405231732708
C_hard_rooms_large,1,8,10,124111652,h_legsum,400,False,nan,400,400,21.411405231732708
C_hard_rooms_large,1,8,10,124111652,h_oracle,400,True,21.41140523173271,75,75,21.411405231732708
C_hard_rooms_large,1,8,10,124111652,h_next,800,False,nan,800,800,21.411405231732708
C_hard_rooms_large,1,8,10,124111652,h_legsum,800,True,21.41140523173271,730,730,21.411405231732708
C_hard_rooms_large,1,8,10,124111652,h_oracle,800,True,21.41140523173271,75,75,21.411405231732708
C_hard_rooms_large,1,8,10,124111652,h_next,1600,True,21.41140523173271,1140,1140,21.411405231732708
C_hard_rooms_large,1,8,10,124111652,h_legsum,1600,True,21.41140523173271,730,730,21.411405231732708
C_hard_rooms_large,1,8,10,124111652,h_oracle,1600,True,21.41140523173271,75,75,21.411405231732708
C_hard_rooms_large,1,8,10,124111652,h_next,3200,True,21.41140523173271,1140,1140,21.411405231732708
C_hard_rooms_large,1,8,10,124111652,h_legsum,3200,True,21.41140523173271,730,730,21.411405231732708
C_hard_rooms_large,1,8,10,124111652,h_oracle,3200,True,21.41140523173271,75,75,21.411405231732708
C_hard_rooms_large,1,8,11,124119571,h_next,100,False,nan,100,100,16.98268562527974
C_hard_rooms_large,1,8,11,124119571,h_legsum,100,False,nan,100,100,16.98268562527974
C_hard_rooms_large,1,8,11,124119571,h_oracle,100,True,16.98268562527974,57,57,16.98268562527974
C_hard_rooms_large,1,8,11,124119571,h_next,200,False,nan,200,200,16.98268562527974
C_hard_rooms_large,1,8,11,124119571,h_legsum,200,False,nan,200,200,16.98268562527974
C_hard_rooms_large,1,8,11,124119571,h_oracle,200,True,16.98268562527974,57,57,16.98268562527974
C_hard_rooms_large,1,8,11,124119571,h_next,400,False,nan,400,400,16.98268562527974
C_hard_rooms_large,1,8,11,124119571,h_legsum,400,False,nan,400,400,16.98268562527974
C_hard_rooms_large,1,8,11,124119571,h_oracle,400,True,16.98268562527974,57,57,16.98268562527974
C_hard_rooms_large,1,8,11,124119571,h_next,800,False,nan,800,800,16.98268562527974
C_hard_rooms_large,1,8,11,124119571,h_legsum,800,True,16.98268562527974,600,600,16.98268562527974
C_hard_rooms_large,1,8,11,124119571,h_oracle,800,True,16.98268562527974,57,57,16.98268562527974
C_hard_rooms_large,1,8,11,124119571,h_next,1600,True,16.98268562527974,1116,1116,16.98268562527974
C_hard_rooms_large,1,8,11,124119571,h_legsum,1600,True,16.98268562527974,600,600,16.98268562527974
C_hard_rooms_large,1,8,11,124119571,h_oracle,1600,True,16.98268562527974,57,57,16.98268562527974
C_hard_rooms_large,1,8,11,124119571,h_next,3200,True,16.98268562527974,1116,1116,16.98268562527974
C_hard_rooms_large,1,8,11,124119571,h_legsum,3200,True,16.98268562527974,600,600,16.98268562527974
C_hard_rooms_large,1,8,11,124119571,h_oracle,3200,True,16.98268562527974,57,57,16.98268562527974
C_hard_rooms_large,1,8,12,124127490,h_next,100,False,nan,100,100,19.79794569726974
C_hard_rooms_large,1,8,12,124127490,h_legsum,100,False,nan,100,100,19.79794569726974
C_hard_rooms_large,1,8,12,124127490,h_oracle,100,True,19.797945697269743,69,69,19.79794569726974
C_hard_rooms_large,1,8,12,124127490,h_next,200,False,nan,200,200,19.79794569726974
C_hard_rooms_large,1,8,12,124127490,h_legsum,200,False,nan,200,200,19.79794569726974
C_hard_rooms_large,1,8,12,124127490,h_oracle,200,True,19.797945697269743,69,69,19.79794569726974
C_hard_rooms_large,1,8,12,124127490,h_next,400,False,nan,400,400,19.79794569726974
C_hard_rooms_large,1,8,12,124127490,h_legsum,400,False,nan,400,400,19.79794569726974
C_hard_rooms_large,1,8,12,124127490,h_oracle,400,True,19.797945697269743,69,69,19.79794569726974
C_hard_rooms_large,1,8,12,124127490,h_next,800,False,nan,800,800,19.79794569726974
C_hard_rooms_large,1,8,12,124127490,h_legsum,800,False,nan,800,800,19.79794569726974
C_hard_rooms_large,1,8,12,124127490,h_oracle,800,True,19.797945697269743,69,69,19.79794569726974
C_hard_rooms_large,1,8,12,124127490,h_next,1600,True,19.797945697269743,1158,1158,19.79794569726974
C_hard_rooms_large,1,8,12,124127490,h_legsum,1600,True,19.797945697269743,896,896,19.79794569726974
C_hard_rooms_large,1,8,12,124127490,h_oracle,1600,True,19.797945697269743,69,69,19.79794569726974
C_hard_rooms_large,1,8,12,124127490,h_next,3200,True,19.797945697269743,1158,1158,19.79794569726974
C_hard_rooms_large,1,8,12,124127490,h_legsum,3200,True,19.797945697269743,896,896,19.79794569726974
C_hard_rooms_large,1,8,12,124127490,h_oracle,3200,True,19.797945697269743,69,69,19.79794569726974
C_hard_rooms_large,1,8,13,124135409,h_next,100,False,nan,100,100,14.397125682690179
C_hard_rooms_large,1,8,13,124135409,h_legsum,100,False,nan,100,100,14.397125682690179
C_hard_rooms_large,1,8,13,124135409,h_oracle,100,True,14.397125682690174,51,51,14.397125682690179
C_hard_rooms_large,1,8,13,124135409,h_next,200,False,nan,200,200,14.397125682690179
C_hard_rooms_large,1,8,13,124135409,h_legsum,200,False,nan,200,200,14.397125682690179
C_hard_rooms_large,1,8,13,124135409,h_oracle,200,True,14.397125682690174,51,51,14.397125682690179
C_hard_rooms_large,1,8,13,124135409,h_next,400,False,nan,400,400,14.397125682690179
C_hard_rooms_large,1,8,13,124135409,h_legsum,400,False,nan,400,400,14.397125682690179
C_hard_rooms_large,1,8,13,124135409,h_oracle,400,True,14.397125682690174,51,51,14.397125682690179
C_hard_rooms_large,1,8,13,124135409,h_next,800,False,nan,800,800,14.397125682690179
C_hard_rooms_large,1,8,13,124135409,h_legsum,800,True,14.397125682690174,520,520,14.397125682690179
C_hard_rooms_large,1,8,13,124135409,h_oracle,800,True,14.397125682690174,51,51,14.397125682690179
C_hard_rooms_large,1,8,13,124135409,h_next,1600,True,14.397125682690174,1232,1232,14.397125682690179
C_hard_rooms_large,1,8,13,124135409,h_legsum,1600,True,14.397125682690174,520,520,14.397125682690179
C_hard_rooms_large,1,8,13,124135409,h_oracle,1600,True,14.397125682690174,51,51,14.397125682690179
C_hard_rooms_large,1,8,13,124135409,h_next,3200,True,14.397125682690174,1232,1232,14.397125682690179
C_hard_rooms_large,1,8,13,124135409,h_legsum,3200,True,14.397125682690174,520,520,14.397125682690179
C_hard_rooms_large,1,8,13,124135409,h_oracle,3200,True,14.397125682690174,51,51,14.397125682690179
C_hard_rooms_large,1,8,14,124143328,h_next,100,False,nan,100,100,27.430895519689926
C_hard_rooms_large,1,8,14,124143328,h_legsum,100,False,nan,100,100,27.430895519689926
C_hard_rooms_large,1,8,14,124143328,h_oracle,100,False,nan,100,100,27.430895519689926
C_hard_rooms_large,1,8,14,124143328,h_next,200,False,nan,200,200,27.430895519689926
C_hard_rooms_large,1,8,14,124143328,h_legsum,200,False,nan,200,200,27.430895519689926
C_hard_rooms_large,1,8,14,124143328,h_oracle,200,True,27.43089551968993,101,101,27.430895519689926
C_hard_rooms_large,1,8,14,124143328,h_next,400,False,nan,400,400,27.430895519689926
C_hard_rooms_large,1,8,14,124143328,h_legsum,400,False,nan,400,400,27.430895519689926
C_hard_rooms_large,1,8,14,124143328,h_oracle,400,True,27.43089551968993,101,101,27.430895519689926
C_hard_rooms_large,1,8,14,124143328,h_next,800,False,nan,800,800,27.430895519689926
C_hard_rooms_large,1,8,14,124143328,h_legsum,800,False,nan,800,800,27.430895519689926
C_hard_rooms_large,1,8,14,124143328,h_oracle,800,True,27.43089551968993,101,101,27.430895519689926
C_hard_rooms_large,1,8,14,124143328,h_next,1600,True,27.43089551968993,1279,1279,27.430895519689926
C_hard_rooms_large,1,8,14,124143328,h_legsum,1600,True,27.43089551968993,1199,1199,27.430895519689926
C_hard_rooms_large,1,8,14,124143328,h_oracle,1600,True,27.43089551968993,101,101,27.430895519689926
C_hard_rooms_large,1,8,14,124143328,h_next,3200,True,27.43089551968993,1279,1279,27.430895519689926
C_hard_rooms_large,1,8,14,124143328,h_legsum,3200,True,27.43089551968993,1199,1199,27.430895519689926
C_hard_rooms_large,1,8,14,124143328,h_oracle,3200,True,27.43089551968993,101,101,27.430895519689926
C_hard_rooms_large,1,8,15,124151247,h_next,100,False,nan,100,100,18.981506622002023
C_hard_rooms_large,1,8,15,124151247,h_legsum,100,False,nan,100,100,18.981506622002023
C_hard_rooms_large,1,8,15,124151247,h_oracle,100,True,18.981506622002026,72,72,18.981506622002023
C_hard_rooms_large,1,8,15,124151247,h_next,200,False,nan,200,200,18.981506622002023
C_hard_rooms_large,1,8,15,124151247,h_legsum,200,False,nan,200,200,18.981506622002023
C_hard_rooms_large,1,8,15,124151247,h_oracle,200,True,18.981506622002026,72,72,18.981506622002023
C_hard_rooms_large,1,8,15,124151247,h_next,400,False,nan,400,400,18.981506622002023
C_hard_rooms_large,1,8,15,124151247,h_legsum,400,False,nan,400,400,18.981506622002023
C_hard_rooms_large,1,8,15,124151247,h_oracle,400,True,18.981506622002026,72,72,18.981506622002023
C_hard_rooms_large,1,8,15,124151247,h_next,800,False,nan,800,800,18.981506622002023
C_hard_rooms_large,1,8,15,124151247,h_legsum,800,True,18.981506622002026,785,785,18.981506622002023
C_hard_rooms_large,1,8,15,124151247,h_oracle,800,True,18.981506622002026,72,72,18.981506622002023
C_hard_rooms_large,1,8,15,124151247,h_next,1600,True,18.981506622002026,1206,1206,18.981506622002023
C_hard_rooms_large,1,8,15,124151247,h_legsum,1600,True,18.981506622002026,785,785,18.981506622002023
C_hard_rooms_large,1,8,15,124151247,h_oracle,1600,True,18.981506622002026,72,72,18.981506622002023
C_hard_rooms_large,1,8,15,124151247,h_next,3200,True,18.981506622002026,1206,1206,18.981506622002023
C_hard_rooms_large,1,8,15,124151247,h_legsum,3200,True,18.981506622002026,785,785,18.981506622002023
C_hard_rooms_large,1,8,15,124151247,h_oracle,3200,True,18.981506622002026,72,72,18.981506622002023
C_hard_rooms_large,1,8,16,124159166,h_next,100,False,nan,100,100,19.891711176369725
C_hard_rooms_large,1,8,16,124159166,h_legsum,100,False,nan,100,100,19.891711176369725
C_hard_rooms_large,1,8,16,124159166,h_oracle,100,True,19.891711176369736,76,76,19.891711176369725
C_hard_rooms_large,1,8,16,124159166,h_next,200,False,nan,200,200,19.891711176369725
C_hard_rooms_large,1,8,16,124159166,h_legsum,200,False,nan,200,200,19.891711176369725
C_hard_rooms_large,1,8,16,124159166,h_oracle,200,True,19.891711176369736,76,76,19.891711176369725
C_hard_rooms_large,1,8,16,124159166,h_next,400,False,nan,400,400,19.891711176369725
C_hard_rooms_large,1,8,16,124159166,h_legsum,400,False,nan,400,400,19.891711176369725
C_hard_rooms_large,1,8,16,124159166,h_oracle,400,True,19.891711176369736,76,76,19.891711176369725
C_hard_rooms_large,1,8,16,124159166,h_next,800,False,nan,800,800,19.891711176369725
C_hard_rooms_large,1,8,16,124159166,h_legsum,800,False,nan,800,800,19.891711176369725
C_hard_rooms_large,1,8,16,124159166,h_oracle,800,True,19.891711176369736,76,76,19.891711176369725
C_hard_rooms_large,1,8,16,124159166,h_next,1600,True,19.891711176369736,1076,1076,19.891711176369725
C_hard_rooms_large,1,8,16,124159166,h_legsum,1600,True,19.891711176369736,873,873,19.891711176369725
C_hard_rooms_large,1,8,16,124159166,h_oracle,1600,True,19.891711176369736,76,76,19.891711176369725
C_hard_rooms_large,1,8,16,124159166,h_next,3200,True,19.891711176369736,1076,1076,19.891711176369725
C_hard_rooms_large,1,8,16,124159166,h_legsum,3200,True,19.891711176369736,873,873,19.891711176369725
C_hard_rooms_large,1,8,16,124159166,h_oracle,3200,True,19.891711176369736,76,76,19.891711176369725
C_hard_rooms_large,1,8,17,124167085,h_next,100,False,nan,100,100,17.501301562961686
C_hard_rooms_large,1,8,17,124167085,h_legsum,100,False,nan,100,100,17.501301562961686
C_hard_rooms_large,1,8,17,124167085,h_oracle,100,True,17.50130156296168,64,64,17.501301562961686
C_hard_rooms_large,1,8,17,124167085,h_next,200,False,nan,200,200,17.501301562961686
C_hard_rooms_large,1,8,17,124167085,h_legsum,200,False,nan,200,200,17.501301562961686
C_hard_rooms_large,1,8,17,124167085,h_oracle,200,True,17.50130156296168,64,64,17.501301562961686
C_hard_rooms_large,1,8,17,124167085,h_next,400,False,nan,400,400,17.501301562961686
C_hard_rooms_large,1,8,17,124167085,h_legsum,400,False,nan,400,400,17.501301562961686
C_hard_rooms_large,1,8,17,124167085,h_oracle,400,True,17.50130156296168,64,64,17.501301562961686
C_hard_rooms_large,1,8,17,124167085,h_next,800,False,nan,800,800,17.501301562961686
C_hard_rooms_large,1,8,17,124167085,h_legsum,800,True,17.50130156296168,623,623,17.501301562961686
C_hard_rooms_large,1,8,17,124167085,h_oracle,800,True,17.50130156296168,64,64,17.501301562961686
C_hard_rooms_large,1,8,17,124167085,h_next,1600,True,17.50130156296168,1086,1086,17.501301562961686
C_hard_rooms_large,1,8,17,124167085,h_legsum,1600,True,17.50130156296168,623,623,17.501301562961686
C_hard_rooms_large,1,8,17,124167085,h_oracle,1600,True,17.50130156296168,64,64,17.501301562961686
C_hard_rooms_large,1,8,17,124167085,h_next,3200,True,17.50130156296168,1086,1086,17.501301562961686
C_hard_rooms_large,1,8,17,124167085,h_legsum,3200,True,17.50130156296168,623,623,17.501301562961686
C_hard_rooms_large,1,8,17,124167085,h_oracle,3200,True,17.50130156296168,64,64,17.501301562961686
C_hard_rooms_large,1,8,18,124175004,h_next,100,False,nan,100,100,14.858692972094158
C_hard_rooms_large,1,8,18,124175004,h_legsum,100,False,nan,100,100,14.858692972094158
C_hard_rooms_large,1,8,18,124175004,h_oracle,100,True,14.858692972094154,51,51,14.858692972094158
C_hard_rooms_large,1,8,18,124175004,h_next,200,False,nan,200,200,14.858692972094158
C_hard_rooms_large,1,8,18,124175004,h_legsum,200,False,nan,200,200,14.858692972094158
C_hard_rooms_large,1,8,18,124175004,h_oracle,200,True,14.858692972094154,51,51,14.858692972094158
C_hard_rooms_large,1,8,18,124175004,h_next,400,False,nan,400,400,14.858692972094158
C_hard_rooms_large,1,8,18,124175004,h_legsum,400,False,nan,400,400,14.858692972094158
C_hard_rooms_large,1,8,18,124175004,h_oracle,400,True,14.858692972094154,51,51,14.858692972094158
C_hard_rooms_large,1,8,18,124175004,h_next,800,False,nan,800,800,14.858692972094158
C_hard_rooms_large,1,8,18,124175004,h_legsum,800,True,14.858692972094154,457,457,14.858692972094158
C_hard_rooms_large,1,8,18,124175004,h_oracle,800,True,14.858692972094154,51,51,14.858692972094158
C_hard_rooms_large,1,8,18,124175004,h_next,1600,True,14.858692972094154,996,996,14.858692972094158
C_hard_rooms_large,1,8,18,124175004,h_legsum,1600,True,14.858692972094154,457,457,14.858692972094158
C_hard_rooms_large,1,8,18,124175004,h_oracle,1600,True,14.858692972094154,51,51,14.858692972094158
C_hard_rooms_large,1,8,18,124175004,h_next,3200,True,14.858692972094154,996,996,14.858692972094158
C_hard_rooms_large,1,8,18,124175004,h_legsum,3200,True,14.858692972094154,457,457,14.858692972094158
C_hard_rooms_large,1,8,18,124175004,h_oracle,3200,True,14.858692972094154,51,51,14.858692972094158
C_hard_rooms_large,1,8,19,124190842,h_next,100,False,nan,100,100,25.488831575081317
C_hard_rooms_large,1,8,19,124190842,h_legsum,100,False,nan,100,100,25.488831575081317
C_hard_rooms_large,1,8,19,124190842,h_oracle,100,True,25.48883157508131,90,90,25.488831575081317
C_hard_rooms_large,1,8,19,124190842,h_next,200,False,nan,200,200,25.488831575081317
C_hard_rooms_large,1,8,19,124190842,h_legsum,200,False,nan,200,200,25.488831575081317
C_hard_rooms_large,1,8,19,124190842,h_oracle,200,True,25.48883157508131,90,90,25.488831575081317
C_hard_rooms_large,1,8,19,124190842,h_next,400,False,nan,400,400,25.488831575081317
C_hard_rooms_large,1,8,19,124190842,h_legsum,400,False,nan,400,400,25.488831575081317
C_hard_rooms_large,1,8,19,124190842,h_oracle,400,True,25.48883157508131,90,90,25.488831575081317
C_hard_rooms_large,1,8,19,124190842,h_next,800,False,nan,800,800,25.488831575081317
C_hard_rooms_large,1,8,19,124190842,h_legsum,800,False,nan,800,800,25.488831575081317
C_hard_rooms_large,1,8,19,124190842,h_oracle,800,True,25.48883157508131,90,90,25.488831575081317
C_hard_rooms_large,1,8,19,124190842,h_next,1600,True,25.48883157508131,1290,1290,25.488831575081317
C_hard_rooms_large,1,8,19,124190842,h_legsum,1600,True,25.48883157508131,1205,1205,25.488831575081317
C_hard_rooms_large,1,8,19,124190842,h_oracle,1600,True,25.48883157508131,90,90,25.488831575081317
C_hard_rooms_large,1,8,19,124190842,h_next,3200,True,25.48883157508131,1290,1290,25.488831575081317
C_hard_rooms_large,1,8,19,124190842,h_legsum,3200,True,25.48883157508131,1205,1205,25.488831575081317
C_hard_rooms_large,1,8,19,124190842,h_oracle,3200,True,25.48883157508131,90,90,25.488831575081317
C_hard_rooms_large,1,8,20,124198761,h_next,100,False,nan,100,100,16.12399461579198
C_hard_rooms_large,1,8,20,124198761,h_legsum,100,False,nan,100,100,16.12399461579198
C_hard_rooms_large,1,8,20,124198761,h_oracle,100,True,16.12399461579198,49,49,16.12399461579198
C_hard_rooms_large,1,8,20,124198761,h_next,200,False,nan,200,200,16.12399461579198
C_hard_rooms_large,1,8,20,124198761,h_legsum,200,False,nan,200,200,16.12399461579198
C_hard_rooms_large,1,8,20,124198761,h_oracle,200,True,16.12399461579198,49,49,16.12399461579198
C_hard_rooms_large,1,8,20,124198761,h_next,400,False,nan,400,400,16.12399461579198
C_hard_rooms_large,1,8,20,124198761,h_legsum,400,False,nan,400,400,16.12399461579198
C_hard_rooms_large,1,8,20,124198761,h_oracle,400,True,16.12399461579198,49,49,16.12399461579198
C_hard_rooms_large,1,8,20,124198761,h_next,800,False,nan,800,800,16.12399461579198
C_hard_rooms_large,1,8,20,124198761,h_legsum,800,True,16.12399461579198,436,436,16.12399461579198
C_hard_rooms_large,1,8,20,124198761,h_oracle,800,True,16.12399461579198,49,49,16.12399461579198
C_hard_rooms_large,1,8,20,124198761,h_next,1600,True,16.12399461579198,963,963,16.12399461579198
C_hard_rooms_large,1,8,20,124198761,h_legsum,1600,True,16.12399461579198,436,436,16.12399461579198
C_hard_rooms_large,1,8,20,124198761,h_oracle,1600,True,16.12399461579198,49,49,16.12399461579198
C_hard_rooms_large,1,8,20,124198761,h_next,3200,True,16.12399461579198,963,963,16.12399461579198
C_hard_rooms_large,1,8,20,124198761,h_legsum,3200,True,16.12399461579198,436,436,16.12399461579198
C_hard_rooms_large,1,8,20,124198761,h_oracle,3200,True,16.12399461579198,49,49,16.12399461579198
C_hard_rooms_large,1,8,21,124222518,h_next,100,False,nan,100,100,22.13558379296631
C_hard_rooms_large,1,8,21,124222518,h_legsum,100,False,nan,100,100,22.13558379296631
C_hard_rooms_large,1,8,21,124222518,h_oracle,100,True,22.13558379296633,79,79,22.13558379296631
C_hard_rooms_large,1,8,21,124222518,h_next,200,False,nan,200,200,22.13558379296631
C_hard_rooms_large,1,8,21,124222518,h_legsum,200,False,nan,200,200,22.13558379296631
C_hard_rooms_large,1,8,21,124222518,h_oracle,200,True,22.13558379296633,79,79,22.13558379296631
C_hard_rooms_large,1,8,21,124222518,h_next,400,False,nan,400,400,22.13558379296631
C_hard_rooms_large,1,8,21,124222518,h_legsum,400,False,nan,400,400,22.13558379296631
C_hard_rooms_large,1,8,21,124222518,h_oracle,400,True,22.13558379296633,79,79,22.13558379296631
C_hard_rooms_large,1,8,21,124222518,h_next,800,False,nan,800,800,22.13558379296631
C_hard_rooms_large,1,8,21,124222518,h_legsum,800,True,22.13558379296633,771,771,22.13558379296631
C_hard_rooms_large,1,8,21,124222518,h_oracle,800,True,22.13558379296633,79,79,22.13558379296631
C_hard_rooms_large,1,8,21,124222518,h_next,1600,True,22.13558379296633,1007,1007,22.13558379296631
C_hard_rooms_large,1,8,21,124222518,h_legsum,1600,True,22.13558379296633,771,771,22.13558379296631
C_hard_rooms_large,1,8,21,124222518,h_oracle,1600,True,22.13558379296633,79,79,22.13558379296631
C_hard_rooms_large,1,8,21,124222518,h_next,3200,True,22.13558379296633,1007,1007,22.13558379296631
C_hard_rooms_large,1,8,21,124222518,h_legsum,3200,True,22.13558379296633,771,771,22.13558379296631
C_hard_rooms_large,1,8,21,124222518,h_oracle,3200,True,22.13558379296633,79,79,22.13558379296631
C_hard_rooms_large,1,8,22,124230437,h_next,100,False,nan,100,100,20.05449390330358
C_hard_rooms_large,1,8,22,124230437,h_legsum,100,False,nan,100,100,20.05449390330358
C_hard_rooms_large,1,8,22,124230437,h_oracle,100,True,20.05449390330357,74,74,20.05449390330358
C_hard_rooms_large,1,8,22,124230437,h_next,200,False,nan,200,200,20.05449390330358
C_hard_rooms_large,1,8,22,124230437,h_legsum,200,False,nan,200,200,20.05449390330358
C_hard_rooms_large,1,8,22,124230437,h_oracle,200,True,20.05449390330357,74,74,20.05449390330358
C_hard_rooms_large,1,8,22,124230437,h_next,400,False,nan,400,400,20.05449390330358
C_hard_rooms_large,1,8,22,124230437,h_legsum,400,False,nan,400,400,20.05449390330358
C_hard_rooms_large,1,8,22,124230437,h_oracle,400,True,20.05449390330357,74,74,20.05449390330358
C_hard_rooms_large,1,8,22,124230437,h_next,800,False,nan,800,800,20.05449390330358
C_hard_rooms_large,1,8,22,124230437,h_legsum,800,False,nan,800,800,20.05449390330358
C_hard_rooms_large,1,8,22,124230437,h_oracle,800,True,20.05449390330357,74,74,20.05449390330358
C_hard_rooms_large,1,8,22,124230437,h_next,1600,True,20.05449390330357,1130,1130,20.05449390330358
C_hard_rooms_large,1,8,22,124230437,h_legsum,1600,True,20.05449390330357,949,949,20.05449390330358
C_hard_rooms_large,1,8,22,124230437,h_oracle,1600,True,20.05449390330357,74,74,20.05449390330358
C_hard_rooms_large,1,8,22,124230437,h_next,3200,True,20.05449390330357,1130,1130,20.05449390330358
C_hard_rooms_large,1,8,22,124230437,h_legsum,3200,True,20.05449390330357,949,949,20.05449390330358
C_hard_rooms_large,1,8,22,124230437,h_oracle,3200,True,20.05449390330357,74,74,20.05449390330358
C_hard_rooms_large,1,8,23,124238356,h_next,100,False,nan,100,100,15.168113525065271
C_hard_rooms_large,1,8,23,124238356,h_legsum,100,False,nan,100,100,15.168113525065271
C_hard_rooms_large,1,8,23,124238356,h_oracle,100,True,15.16811352506527,59,59,15.168113525065271
C_hard_rooms_large,1,8,23,124238356,h_next,200,False,nan,200,200,15.168113525065271
C_hard_rooms_large,1,8,23,124238356,h_legsum,200,False,nan,200,200,15.168113525065271
C_hard_rooms_large,1,8,23,124238356,h_oracle,200,True,15.16811352506527,59,59,15.168113525065271
C_hard_rooms_large,1,8,23,124238356,h_next,400,False,nan,400,400,15.168113525065271
C_hard_rooms_large,1,8,23,124238356,h_legsum,400,False,nan,400,400,15.168113525065271
C_hard_rooms_large,1,8,23,124238356,h_oracle,400,True,15.16811352506527,59,59,15.168113525065271
C_hard_rooms_large,1,8,23,124238356,h_next,800,False,nan,800,800,15.168113525065271
C_hard_rooms_large,1,8,23,124238356,h_legsum,800,True,15.16811352506527,726,726,15.168113525065271
C_hard_rooms_large,1,8,23,124238356,h_oracle,800,True,15.16811352506527,59,59,15.168113525065271
C_hard_rooms_large,1,8,23,124238356,h_next,1600,True,15.16811352506527,1192,1192,15.168113525065271
C_hard_rooms_large,1,8,23,124238356,h_legsum,1600,True,15.16811352506527,726,726,15.168113525065271
C_hard_rooms_large,1,8,23,124238356,h_oracle,1600,True,15.16811352506527,59,59,15.168113525065271
C_hard_rooms_large,1,8,23,124238356,h_next,3200,True,15.16811352506527,1192,1192,15.168113525065271
C_hard_rooms_large,1,8,23,124238356,h_legsum,3200,True,15.16811352506527,726,726,15.168113525065271
C_hard_rooms_large,1,8,23,124238356,h_oracle,3200,True,15.16811352506527,59,59,15.168113525065271
C_hard_rooms_large,1,8,24,124246275,h_next,100,False,nan,100,100,18.863083333718272
C_hard_rooms_large,1,8,24,124246275,h_legsum,100,False,nan,100,100,18.863083333718272
C_hard_rooms_large,1,8,24,124246275,h_oracle,100,True,18.863083333718276,64,64,18.863083333718272
C_hard_rooms_large,1,8,24,124246275,h_next,200,False,nan,200,200,18.863083333718272
C_hard_rooms_large,1,8,24,124246275,h_legsum,200,False,nan,200,200,18.863083333718272
C_hard_rooms_large,1,8,24,124246275,h_oracle,200,True,18.863083333718276,64,64,18.863083333718272
C_hard_rooms_large,1,8,24,124246275,h_next,400,False,nan,400,400,18.863083333718272
C_hard_rooms_large,1,8,24,124246275,h_legsum,400,False,nan,400,400,18.863083333718272
C_hard_rooms_large,1,8,24,124246275,h_oracle,400,True,18.863083333718276,64,64,18.863083333718272
C_hard_rooms_large,1,8,24,124246275,h_next,800,False,nan,800,800,18.863083333718272
C_hard_rooms_large,1,8,24,124246275,h_legsum,800,True,18.863083333718276,680,680,18.863083333718272
C_hard_rooms_large,1,8,24,124246275,h_oracle,800,True,18.863083333718276,64,64,18.863083333718272
C_hard_rooms_large,1,8,24,124246275,h_next,1600,True,18.863083333718276,1062,1062,18.863083333718272
C_hard_rooms_large,1,8,24,124246275,h_legsum,1600,True,18.863083333718276,680,680,18.863083333718272
C_hard_rooms_large,1,8,24,124246275,h_oracle,1600,True,18.863083333718276,64,64,18.863083333718272
C_hard_rooms_large,1,8,24,124246275,h_next,3200,True,18.863083333718276,1062,1062,18.863083333718272
C_hard_rooms_large,1,8,24,124246275,h_legsum,3200,True,18.863083333718276,680,680,18.863083333718272
C_hard_rooms_large,1,8,24,124246275,h_oracle,3200,True,18.863083333718276,64,64,18.863083333718272
C_hard_maze,2,2,0,31190337,h_next,100,False,nan,100,100,5.886820206556152
C_hard_maze,2,2,0,31190337,h_legsum,100,False,nan,100,100,5.886820206556152
C_hard_maze,2,2,0,31190337,h_oracle,100,True,5.88682020655615,69,69,5.886820206556152
C_hard_maze,2,2,0,31190337,h_next,200,False,nan,200,200,5.886820206556152
C_hard_maze,2,2,0,31190337,h_legsum,200,False,nan,200,200,5.886820206556152
C_hard_maze,2,2,0,31190337,h_oracle,200,True,5.88682020655615,69,69,5.886820206556152
C_hard_maze,2,2,0,31190337,h_next,400,False,nan,400,400,5.886820206556152
C_hard_maze,2,2,0,31190337,h_legsum,400,False,nan,400,400,5.886820206556152
C_hard_maze,2,2,0,31190337,h_oracle,400,True,5.88682020655615,69,69,5.886820206556152
C_hard_maze,2,2,0,31190337,h_next,800,True,5.88682020655615,481,481,5.886820206556152
C_hard_maze,2,2,0,31190337,h_legsum,800,True,5.88682020655615,476,476,5.886820206556152
C_hard_maze,2,2,0,31190337,h_oracle,800,True,5.88682020655615,69,69,5.886820206556152
C_hard_maze,2,2,0,31190337,h_next,1600,True,5.88682020655615,481,481,5.886820206556152
C_hard_maze,2,2,0,31190337,h_legsum,1600,True,5.88682020655615,476,476,5.886820206556152
C_hard_maze,2,2,0,31190337,h_oracle,1600,True,5.88682020655615,69,69,5.886820206556152
C_hard_maze,2,2,0,31190337,h_next,3200,True,5.88682020655615,481,481,5.886820206556152
C_hard_maze,2,2,0,31190337,h_legsum,3200,True,5.88682020655615,476,476,5.886820206556152
C_hard_maze,2,2,0,31190337,h_oracle,3200,True,5.88682020655615,69,69,5.886820206556152
C_hard_maze,2,2,1,31198256,h_next,100,False,nan,100,100,5.9520390941181445
C_hard_maze,2,2,1,31198256,h_legsum,100,False,nan,100,100,5.9520390941181445
C_hard_maze,2,2,1,31198256,h_oracle,100,True,5.952039094118144,67,67,5.9520390941181445
C_hard_maze,2,2,1,31198256,h_next,200,False,nan,200,200,5.9520390941181445
C_hard_maze,2,2,1,31198256,h_legsum,200,False,nan,200,200,5.9520390941181445
C_hard_maze,2,2,1,31198256,h_oracle,200,True,5.952039094118144,67,67,5.9520390941181445
C_hard_maze,2,2,1,31198256,h_next,400,False,nan,400,400,5.9520390941181445
C_hard_maze,2,2,1,31198256,h_legsum,400,False,nan,400,400,5.9520390941181445
C_hard_maze,2,2,1,31198256,h_oracle,400,True,5.952039094118144,67,67,5.9520390941181445
C_hard_maze,2,2,1,31198256,h_next,800,True,5.952039094118144,518,518,5.9520390941181445
C_hard_maze,2,2,1,31198256,h_legsum,800,True,5.952039094118144,505,505,5.9520390941181445
C_hard_maze,2,2,1,31198256,h_oracle,800,True,5.952039094118144,67,67,5.9520390941181445
C_hard_maze,2,2,1,31198256,h_next,1600,True,5.952039094118144,518,518,5.9520390941181445
C_hard_maze,2,2,1,31198256,h_legsum,1600,True,5.952039094118144,505,505,5.9520390941181445
C_hard_maze,2,2,1,31198256,h_oracle,1600,True,5.952039094118144,67,67,5.9520390941181445
C_hard_maze,2,2,1,31198256,h_next,3200,True,5.952039094118144,518,518,5.9520390941181445
C_hard_maze,2,2,1,31198256,h_legsum,3200,True,5.952039094118144,505,505,5.9520390941181445
C_hard_maze,2,2,1,31198256,h_oracle,3200,True,5.952039094118144,67,67,5.9520390941181445
C_hard_maze,2,2,2,31206175,h_next,100,False,nan,100,100,2.807705915890975
C_hard_maze,2,2,2,31206175,h_legsum,100,False,nan,100,100,2.807705915890975
C_hard_maze,2,2,2,31206175,h_oracle,100,True,2.807705915890976,32,32,2.807705915890975
C_hard_maze,2,2,2,31206175,h_next,200,False,nan,200,200,2.807705915890975
C_hard_maze,2,2,2,31206175,h_legsum,200,False,nan,200,200,2.807705915890975
C_hard_maze,2,2,2,31206175,h_oracle,200,True,2.807705915890976,32,32,2.807705915890975
C_hard_maze,2,2,2,31206175,h_next,400,False,nan,400,400,2.807705915890975
C_hard_maze,2,2,2,31206175,h_legsum,400,True,2.807705915890976,336,336,2.807705915890975
C_hard_maze,2,2,2,31206175,h_oracle,400,True,2.807705915890976,32,32,2.807705915890975
C_hard_maze,2,2,2,31206175,h_next,800,True,2.807705915890976,439,439,2.807705915890975
C_hard_maze,2,2,2,31206175,h_legsum,800,True,2.807705915890976,336,336,2.807705915890975
C_hard_maze,2,2,2,31206175,h_oracle,800,True,2.807705915890976,32,32,2.807705915890975
C_hard_maze,2,2,2,31206175,h_next,1600,True,2.807705915890976,439,439,2.807705915890975
C_hard_maze,2,2,2,31206175,h_legsum,1600,True,2.807705915890976,336,336,2.807705915890975
C_hard_maze,2,2,2,31206175,h_oracle,1600,True,2.807705915890976,32,32,2.807705915890975
C_hard_maze,2,2,2,31206175,h_next,3200,True,2.807705915890976,439,439,2.807705915890975
C_hard_maze,2,2,2,31206175,h_legsum,3200,True,2.807705915890976,336,336,2.807705915890975
C_hard_maze,2,2,2,31206175,h_oracle,3200,True,2.807705915890976,32,32,2.807705915890975
C_hard_maze,2,2,3,31229932,h_next,100,False,nan,100,100,2.106362440003393
C_hard_maze,2,2,3,31229932,h_legsum,100,False,nan,100,100,2.106362440003393
C_hard_maze,2,2,3,31229932,h_oracle,100,True,2.1063624400033927,25,25,2.106362440003393
C_hard_maze,2,2,3,31229932,h_next,200,False,nan,200,200,2.106362440003393
C_hard_maze,2,2,3,31229932,h_legsum,200,False,nan,200,200,2.106362440003393
C_hard_maze,2,2,3,31229932,h_oracle,200,True,2.1063624400033927,25,25,2.106362440003393
C_hard_maze,2,2,3,31229932,h_next,400,True,2.1063624400033927,244,244,2.106362440003393
C_hard_maze,2,2,3,31229932,h_legsum,400,True,2.1063624400033927,210,210,2.106362440003393
C_hard_maze,2,2,3,31229932,h_oracle,400,True,2.1063624400033927,25,25,2.106362440003393
C_hard_maze,2,2,3,31229932,h_next,800,True,2.1063624400033927,244,244,2.106362440003393
C_hard_maze,2,2,3,31229932,h_legsum,800,True,2.1063624400033927,210,210,2.106362440003393
C_hard_maze,2,2,3,31229932,h_oracle,800,True,2.1063624400033927,25,25,2.106362440003393
C_hard_maze,2,2,3,31229932,h_next,1600,True,2.1063624400033927,244,244,2.106362440003393
C_hard_maze,2,2,3,31229932,h_legsum,1600,True,2.1063624400033927,210,210,2.106362440003393
C_hard_maze,2,2,3,31229932,h_oracle,1600,True,2.1063624400033927,25,25,2.106362440003393
C_hard_maze,2,2,3,31229932,h_next,3200,True,2.1063624400033927,244,244,2.106362440003393
C_hard_maze,2,2,3,31229932,h_legsum,3200,True,2.1063624400033927,210,210,2.106362440003393
C_hard_maze,2,2,3,31229932,h_oracle,3200,True,2.1063624400033927,25,25,2.106362440003393
C_hard_maze,2,2,4,31277446,h_next,100,False,nan,100,100,5.641675135036829
C_hard_maze,2,2,4,31277446,h_legsum,100,False,nan,100,100,5.641675135036829
C_hard_maze,2,2,4,31277446,h_oracle,100,True,5.64167513503683,59,59,5.641675135036829
C_hard_maze,2,2,4,31277446,h_next,200,False,nan,200,200,5.641675135036829
C_hard_maze,2,2,4,31277446,h_legsum,200,False,nan,200,200,5.641675135036829
C_hard_maze,2,2,4,31277446,h_oracle,200,True,5.64167513503683,59,59,5.641675135036829
C_hard_maze,2,2,4,31277446,h_next,400,False,nan,400,400,5.641675135036829
C_hard_maze,2,2,4,31277446,h_legsum,400,False,nan,400,400,5.641675135036829
C_hard_maze,2,2,4,31277446,h_oracle,400,True,5.64167513503683,59,59,5.641675135036829
C_hard_maze,2,2,4,31277446,h_next,800,True,5.64167513503683,528,528,5.641675135036829
C_hard_maze,2,2,4,31277446,h_legsum,800,True,5.64167513503683,525,525,5.641675135036829
C_hard_maze,2,2,4,31277446,h_oracle,800,True,5.64167513503683,59,59,5.641675135036829
C_hard_maze,2,2,4,31277446,h_next,1600,True,5.64167513503683,528,528,5.641675135036829
C_hard_maze,2,2,4,31277446,h_legsum,1600,True,5.64167513503683,525,525,5.641675135036829
C_hard_maze,2,2,4,31277446,h_oracle,1600,True,5.64167513503683,59,59,5.641675135036829
C_hard_maze,2,2,4,31277446,h_next,3200,True,5.64167513503683,528,528,5.641675135036829
C_hard_maze,2,2,4,31277446,h_legsum,3200,True,5.64167513503683,525,525,5.641675135036829
C_hard_maze,2,2,4,31277446,h_oracle,3200,True,5.64167513503683,59,59,5.641675135036829
C_hard_maze,2,2,5,31348717,h_next,100,False,nan,100,100,2.816265071853562
C_hard_maze,2,2,5,31348717,h_legsum,100,False,nan,100,100,2.816265071853562
C_hard_maze,2,2,5,31348717,h_oracle,100,True,2.8162650718535613,30,30,2.816265071853562
C_hard_maze,2,2,5,31348717,h_next,200,False,nan,200,200,2.816265071853562
C_hard_maze,2,2,5,31348717,h_legsum,200,False,nan,200,200,2.816265071853562
C_hard_maze,2,2,5,31348717,h_oracle,200,True,2.8162650718535613,30,30,2.816265071853562
C_hard_maze,2,2,5,31348717,h_next,400,False,nan,400,400,2.816265071853562
C_hard_maze,2,2,5,31348717,h_legsum,400,True,2.8162650718535613,248,248,2.816265071853562
C_hard_maze,2,2,5,31348717,h_oracle,400,True,2.8162650718535613,30,30,2.816265071853562
C_hard_maze,2,2,5,31348717,h_next,800,True,2.8162650718535613,415,415,2.816265071853562
C_hard_maze,2,2,5,31348717,h_legsum,800,True,2.8162650718535613,248,248,2.816265071853562
C_hard_maze,2,2,5,31348717,h_oracle,800,True,2.8162650718535613,30,30,2.816265071853562
C_hard_maze,2,2,5,31348717,h_next,1600,True,2.8162650718535613,415,415,2.816265071853562
C_hard_maze,2,2,5,31348717,h_legsum,1600,True,2.8162650718535613,248,248,2.816265071853562
C_hard_maze,2,2,5,31348717,h_oracle,1600,True,2.8162650718535613,30,30,2.816265071853562
C_hard_maze,2,2,5,31348717,h_next,3200,True,2.8162650718535613,415,415,2.816265071853562
C_hard_maze,2,2,5,31348717,h_legsum,3200,True,2.8162650718535613,248,248,2.816265071853562
C_hard_maze,2,2,5,31348717,h_oracle,3200,True,2.8162650718535613,30,30,2.816265071853562
C_hard_maze,2,2,6,31396231,h_next,100,False,nan,100,100,4.7662588558413885
C_hard_maze,2,2,6,31396231,h_legsum,100,False,nan,100,100,4.7662588558413885
C_hard_maze,2,2,6,31396231,h_oracle,100,True,4.766258855841387,53,53,4.7662588558413885
C_hard_maze,2,2,6,31396231,h_next,200,False,nan,200,200,4.7662588558413885
C_hard_maze,2,2,6,31396231,h_legsum,200,False,nan,200,200,4.7662588558413885
C_hard_maze,2,2,6,31396231,h_oracle,200,True,4.766258855841387,53,53,4.7662588558413885
C_hard_maze,2,2,6,31396231,h_next,400,False,nan,400,400,4.7662588558413885
C_hard_maze,2,2,6,31396231,h_legsum,400,False,nan,400,400,4.7662588558413885
C_hard_maze,2,2,6,31396231,h_oracle,400,True,4.766258855841387,53,53,4.7662588558413885
C_hard_maze,2,2,6,31396231,h_next,800,True,4.766258855841387,513,513,4.7662588558413885
C_hard_maze,2,2,6,31396231,h_legsum,800,True,4.766258855841387,513,513,4.7662588558413885
C_hard_maze,2,2,6,31396231,h_oracle,800,True,4.766258855841387,53,53,4.7662588558413885
C_hard_maze,2,2,6,31396231,h_next,1600,True,4.766258855841387,513,513,4.7662588558413885
C_hard_maze,2,2,6,31396231,h_legsum,1600,True,4.766258855841387,513,513,4.7662588558413885
C_hard_maze,2,2,6,31396231,h_oracle,1600,True,4.766258855841387,53,53,4.7662588558413885
C_hard_maze,2,2,6,31396231,h_next,3200,True,4.766258855841387,513,513,4.7662588558413885
C_hard_maze,2,2,6,31396231,h_legsum,3200,True,4.766258855841387,513,513,4.7662588558413885
C_hard_maze,2,2,6,31396231,h_oracle,3200,True,4.766258855841387,53,53,4.7662588558413885
C_hard_maze,2,2,7,31419988,h_next,100,False,nan,100,100,1.8247276515532258
C_hard_maze,2,2,7,31419988,h_legsum,100,False,nan,100,100,1.8247276515532258
C_hard_maze,2,2,7,31419988,h_oracle,100,True,1.8247276515532258,20,20,1.8247276515532258
C_hard_maze,2,2,7,31419988,h_next,200,False,nan,200,200,1.8247276515532258
C_hard_maze,2,2,7,31419988,h_legsum,200,True,1.8247276515532258,170,170,1.8247276515532258
C_hard_maze,2,2,7,31419988,h_oracle,200,True,1.8247276515532258,20,20,1.8247276515532258
C_hard_maze,2,2,7,31419988,h_next,400,True,1.8247276515532258,280,280,1.8247276515532258
C_hard_maze,2,2,7,31419988,h_legsum,400,True,1.8247276515532258,170,170,1.8247276515532258
C_hard_maze,2,2,7,31419988,h_oracle,400,True,1.8247276515532258,20,20,1.8247276515532258
C_hard_maze,2,2,7,31419988,h_next,800,True,1.8247276515532258,280,280,1.8247276515532258
C_hard_maze,2,2,7,31419988,h_legsum,800,True,1.8247276515532258,170,170,1.8247276515532258
C_hard_maze,2,2,7,31419988,h_oracle,800,True,1.8247276515532258,20,20,1.8247276515532258
C_hard_maze,2,2,7,31419988,h_next,1600,True,1.8247276515532258,280,280,1.8247276515532258
C_hard_maze,2,2,7,31419988,h_legsum,1600,True,1.8247276515532258,170,170,1.8247276515532258
C_hard_maze,2,2,7,31419988,h_oracle,1600,True,1.8247276515532258,20,20,1.8247276515532258
C_hard_maze,2,2,7,31419988,h_next,3200,True,1.8247276515532258,280,280,1.8247276515532258
C_hard_maze,2,2,7,31419988,h_legsum,3200,True,1.8247276515532258,170,170,1.8247276515532258
C_hard_maze,2,2,7,31419988,h_oracle,3200,True,1.8247276515532258,20,20,1.8247276515532258
C_hard_maze,2,2,8,31459583,h_next,100,False,nan,100,100,2.960650121376793
C_hard_maze,2,2,8,31459583,h_legsum,100,False,nan,100,100,2.960650121376793
C_hard_maze,2,2,8,31459583,h_oracle,100,True,2.960650121376793,33,33,2.960650121376793
C_hard_maze,2,2,8,31459583,h_next,200,False,nan,200,200,2.960650121376793
C_hard_maze,2,2,8,31459583,h_legsum,200,False,nan,200,200,2.960650121376793
C_hard_maze,2,2,8,31459583,h_oracle,200,True,2.960650121376793,33,33,2.960650121376793
C_hard_maze,2,2,8,31459583,h_next,400,True,2.960650121376793,238,238,2.960650121376793
C_hard_maze,2,2,8,31459583,h_legsum,400,True,2.960650121376793,235,235,2.960650121376793
C_hard_maze,2,2,8,31459583,h_oracle,400,True,2.960650121376793,33,33,2.960650121376793
C_hard_maze,2,2,8,31459583,h_next,800,True,2.960650121376793,238,238,2.960650121376793
C_hard_maze,2,2,8,31459583,h_legsum,800,True,2.960650121376793,235,235,2.960650121376793
C_hard_maze,2,2,8,31459583,h_oracle,800,True,2.960650121376793,33,33,2.960650121376793
C_hard_maze,2,2,8,31459583,h_next,1600,True,2.960650121376793,238,238,2.960650121376793
C_hard_maze,2,2,8,31459583,h_legsum,1600,True,2.960650121376793,235,235,2.960650121376793
C_hard_maze,2,2,8,31459583,h_oracle,1600,True,2.960650121376793,33,33,2.960650121376793
C_hard_maze,2,2,8,31459583,h_next,3200,True,2.960650121376793,238,238,2.960650121376793
C_hard_maze,2,2,8,31459583,h_legsum,3200,True,2.960650121376793,235,235,2.960650121376793
C_hard_maze,2,2,8,31459583,h_oracle,3200,True,2.960650121376793,33,33,2.960650121376793
C_hard_maze,2,2,9,31475421,h_next,100,False,nan,100,100,5.003979368865076
C_hard_maze,2,2,9,31475421,h_legsum,100,False,nan,100,100,5.003979368865076
C_hard_maze,2,2,9,31475421,h_oracle,100,True,5.003979368865077,56,56,5.003979368865076
C_hard_maze,2,2,9,31475421,h_next,200,False,nan,200,200,5.003979368865076
C_hard_maze,2,2,9,31475421,h_legsum,200,False,nan,200,200,5.003979368865076
C_hard_maze,2,2,9,31475421,h_oracle,200,True,5.003979368865077,56,56,5.003979368865076
C_hard_maze,2,2,9,31475421,h_next,400,False,nan,400,400,5.003979368865076
C_hard_maze,2,2,9,31475421,h_legsum,400,False,nan,400,400,5.003979368865076
C_hard_maze,2,2,9,31475421,h_oracle,400,True,5.003979368865077,56,56,5.003979368865076
C_hard_maze,2,2,9,31475421,h_next,800,True,5.003979368865077,516,516,5.003979368865076
C_hard_maze,2,2,9,31475421,h_legsum,800,True,5.003979368865077,508,508,5.003979368865076
C_hard_maze,2,2,9,31475421,h_oracle,800,True,5.003979368865077,56,56,5.003979368865076
C_hard_maze,2,2,9,31475421,h_next,1600,True,5.003979368865077,516,516,5.003979368865076
C_hard_maze,2,2,9,31475421,h_legsum,1600,True,5.003979368865077,508,508,5.003979368865076
C_hard_maze,2,2,9,31475421,h_oracle,1600,True,5.003979368865077,56,56,5.003979368865076
C_hard_maze,2,2,9,31475421,h_next,3200,True,5.003979368865077,516,516,5.003979368865076
C_hard_maze,2,2,9,31475421,h_legsum,3200,True,5.003979368865077,508,508,5.003979368865076
C_hard_maze,2,2,9,31475421,h_oracle,3200,True,5.003979368865077,56,56,5.003979368865076
C_hard_maze,2,2,10,31483340,h_next,100,False,nan,100,100,3.9349465716626577
C_hard_maze,2,2,10,31483340,h_legsum,100,False,nan,100,100,3.9349465716626577
C_hard_maze,2,2,10,31483340,h_oracle,100,True,3.934946571662658,41,41,3.9349465716626577
C_hard_maze,2,2,10,31483340,h_next,200,False,nan,200,200,3.9349465716626577
C_hard_maze,2,2,10,31483340,h_legsum,200,False,nan,200,200,3.9349465716626577
C_hard_maze,2,2,10,31483340,h_oracle,200,True,3.934946571662658,41,41,3.9349465716626577
C_hard_maze,2,2,10,31483340,h_next,400,False,nan,400,400,3.9349465716626577
C_hard_maze,2,2,10,31483340,h_legsum,400,False,nan,400,400,3.9349465716626577
C_hard_maze,2,2,10,31483340,h_oracle,400,True,3.934946571662658,41,41,3.9349465716626577
C_hard_maze,2,2,10,31483340,h_next,800,True,3.934946571662658,493,493,3.9349465716626577
C_hard_maze,2,2,10,31483340,h_legsum,800,True,3.934946571662658,436,436,3.9349465716626577
C_hard_maze,2,2,10,31483340,h_oracle,800,True,3.934946571662658,41,41,3.9349465716626577
C_hard_maze,2,2,10,31483340,h_next,1600,True,3.934946571662658,493,493,3.9349465716626577
C_hard_maze,2,2,10,31483340,h_legsum,1600,True,3.934946571662658,436,436,3.9349465716626577
C_hard_maze,2,2,10,31483340,h_oracle,1600,True,3.934946571662658,41,41,3.9349465716626577
C_hard_maze,2,2,10,31483340,h_next,3200,True,3.934946571662658,493,493,3.9349465716626577
C_hard_maze,2,2,10,31483340,h_legsum,3200,True,3.934946571662658,436,436,3.9349465716626577
C_hard_maze,2,2,10,31483340,h_oracle,3200,True,3.934946571662658,41,41,3.9349465716626577
C_hard_maze,2,2,11,31515016,h_next,100,False,nan,100,100,3.1080031735532194
C_hard_maze,2,2,11,31515016,h_legsum,100,False,nan,100,100,3.1080031735532194
C_hard_maze,2,2,11,31515016,h_oracle,100,True,3.108003173553218,35,35,3.1080031735532194
C_hard_maze,2,2,11,31515016,h_next,200,False,nan,200,200,3.1080031735532194
C_hard_maze,2,2,11,31515016,h_legsum,200,False,nan,200,200,3.1080031735532194
C_hard_maze,2,2,11,31515016,h_oracle,200,True,3.108003173553218,35,35,3.1080031735532194
C_hard_maze,2,2,11,31515016,h_next,400,True,3.108003173553218,316,316,3.1080031735532194
C_hard_maze,2,2,11,31515016,h_legsum,400,True,3.108003173553218,273,273,3.1080031735532194
C_hard_maze,2,2,11,31515016,h_oracle,400,True,3.108003173553218,35,35,3.1080031735532194
C_hard_maze,2,2,11,31515016,h_next,800,True,3.108003173553218,316,316,3.1080031735532194
C_hard_maze,2,2,11,31515016,h_legsum,800,True,3.108003173553218,273,273,3.1080031735532194
C_hard_maze,2,2,11,31515016,h_oracle,800,True,3.108003173553218,35,35,3.1080031735532194
C_hard_maze,2,2,11,31515016,h_next,1600,True,3.108003173553218,316,316,3.1080031735532194
C_hard_maze,2,2,11,31515016,h_legsum,1600,True,3.108003173553218,273,273,3.1080031735532194
C_hard_maze,2,2,11,31515016,h_oracle,1600,True,3.108003173553218,35,35,3.1080031735532194
C_hard_maze,2,2,11,31515016,h_next,3200,True,3.108003173553218,316,316,3.1080031735532194
C_hard_maze,2,2,11,31515016,h_legsum,3200,True,3.108003173553218,273,273,3.1080031735532194
C_hard_maze,2,2,11,31515016,h_oracle,3200,True,3.108003173553218,35,35,3.1080031735532194
C_hard_maze,2,2,12,31522935,h_next,100,False,nan,100,100,3.374287175332684
C_hard_maze,2,2,12,31522935,h_legsum,100,False,nan,100,100,3.374287175332684
C_hard_maze,2,2,12,31522935,h_oracle,100,True,3.3742871753326846,37,37,3.374287175332684
C_hard_maze,2,2,12,31522935,h_next,200,False,nan,200,200,3.374287175332684
C_hard_maze,2,2,12,31522935,h_legsum,200,False,nan,200,200,3.374287175332684
C_hard_maze,2,2,12,31522935,h_oracle,200,True,3.3742871753326846,37,37,3.374287175332684
C_hard_maze,2,2,12,31522935,h_next,400,True,3.3742871753326846,249,249,3.374287175332684
C_hard_maze,2,2,12,31522935,h_legsum,400,True,3.3742871753326846,211,211,3.374287175332684
C_hard_maze,2,2,12,31522935,h_oracle,400,True,3.3742871753326846,37,37,3.374287175332684
C_hard_maze,2,2,12,31522935,h_next,800,True,3.3742871753326846,249,249,3.374287175332684
C_hard_maze,2,2,12,31522935,h_legsum,800,True,3.3742871753326846,211,211,3.374287175332684
C_hard_maze,2,2,12,31522935,h_oracle,800,True,3.3742871753326846,37,37,3.374287175332684
C_hard_maze,2,2,12,31522935,h_next,1600,True,3.3742871753326846,249,249,3.374287175332684
C_hard_maze,2,2,12,31522935,h_legsum,1600,True,3.3742871753326846,211,211,3.374287175332684
C_hard_maze,2,2,12,31522935,h_oracle,1600,True,3.3742871753326846,37,37,3.374287175332684
C_hard_maze,2,2,12,31522935,h_next,3200,True,3.3742871753326846,249,249,3.374287175332684
C_hard_maze,2,2,12,31522935,h_legsum,3200,True,3.3742871753326846,211,211,3.374287175332684
C_hard_maze,2,2,12,31522935,h_oracle,3200,True,3.3742871753326846,37,37,3.374287175332684
C_hard_maze,2,2,13,31530854,h_next,100,False,nan,100,100,2.3045980868713833
C_hard_maze,2,2,13,31530854,h_legsum,100,False,nan,100,100,2.3045980868713833
C_hard_maze,2,2,13,31530854,h_oracle,100,True,2.304598086871383,25,25,2.3045980868713833
C_hard_maze,2,2,13,31530854,h_next,200,False,nan,200,200,2.3045980868713833
C_hard_maze,2,2,13,31530854,h_legsum,200,True,2.304598086871383,174,174,2.3045980868713833
C_hard_maze,2,2,13,31530854,h_oracle,200,True,2.304598086871383,25,25,2.3045980868713833
C_hard_maze,2,2,13,31530854,h_next,400,True,2.304598086871383,339,339,2.3045980868713833
C_hard_maze,2,2,13,31530854,h_legsum,400,True,2.304598086871383,174,174,2.3045980868713833
C_hard_maze,2,2,13,31530854,h_oracle,400,True,2.304598086871383,25,25,2.3045980868713833
C_hard_maze,2,2,13,31530854,h_next,800,True,2.304598086871383,339,339,2.3045980868713833
C_hard_maze,2,2,13,31530854,h_legsum,800,True,2.304598086871383,174,174,2.3045980868713833
C_hard_maze,2,2,13,31530854,h_oracle,800,True,2.304598086871383,25,25,2.3045980868713833
C_hard_maze,2,2,13,31530854,h_next,1600,True,2.304598086871383,339,339,2.3045980868713833
C_hard_maze,2,2,13,31530854,h_legsum,1600,True,2.304598086871383,174,174,2.3045980868713833
C_hard_maze,2,2,13,31530854,h_oracle,1600,True,2.304598086871383,25,25,2.3045980868713833
C_hard_maze,2,2,13,31530854,h_next,3200,True,2.304598086871383,339,339,2.3045980868713833
C_hard_maze,2,2,13,31530854,h_legsum,3200,True,2.304598086871383,174,174,2.3045980868713833
C_hard_maze,2,2,13,31530854,h_oracle,3200,True,2.304598086871383,25,25,2.3045980868713833
C_hard_maze,2,2,14,31570449,h_next,100,False,nan,100,100,4.54068730674263
C_hard_maze,2,2,14,31570449,h_legsum,100,False,nan,100,100,4.54068730674263
C_hard_maze,2,2,14,31570449,h_oracle,100,True,4.540687306742631,52,52,4.54068730674263
C_hard_maze,2,2,14,31570449,h_next,200,False,nan,200,200,4.54068730674263
C_hard_maze,2,2,14,31570449,h_legsum,200,False,nan,200,200,4.54068730674263
C_hard_maze,2,2,14,31570449,h_oracle,200,True,4.540687306742631,52,52,4.54068730674263
C_hard_maze,2,2,14,31570449,h_next,400,False,nan,400,400,4.54068730674263
C_hard_maze,2,2,14,31570449,h_legsum,400,False,nan,400,400,4.54068730674263
C_hard_maze,2,2,14,31570449,h_oracle,400,True,4.540687306742631,52,52,4.54068730674263
C_hard_maze,2,2,14,31570449,h_next,800,True,4.540687306742631,422,422,4.54068730674263
C_hard_maze,2,2,14,31570449,h_legsum,800,True,4.540687306742631,401,401,4.54068730674263
C_hard_maze,2,2,14,31570449,h_oracle,800,True,4.540687306742631,52,52,4.54068730674263
C_hard_maze,2,2,14,31570449,h_next,1600,True,4.540687306742631,422,422,4.54068730674263
C_hard_maze,2,2,14,31570449,h_legsum,1600,True,4.540687306742631,401,401,4.54068730674263
C_hard_maze,2,2,14,31570449,h_oracle,1600,True,4.540687306742631,52,52,4.54068730674263
C_hard_maze,2,2,14,31570449,h_next,3200,True,4.540687306742631,422,422,4.54068730674263
C_hard_maze,2,2,14,31570449,h_legsum,3200,True,4.540687306742631,401,401,4.54068730674263
C_hard_maze,2,2,14,31570449,h_oracle,3200,True,4.540687306742631,52,52,4.54068730674263
C_hard_maze,2,2,15,31578368,h_next,100,False,nan,100,100,2.5065247163159214
C_hard_maze,2,2,15,31578368,h_legsum,100,False,nan,100,100,2.5065247163159214
C_hard_maze,2,2,15,31578368,h_oracle,100,True,2.506524716315922,26,26,2.5065247163159214
C_hard_maze,2,2,15,31578368,h_next,200,False,nan,200,200,2.5065247163159214
C_hard_maze,2,2,15,31578368,h_legsum,200,True,2.506524716315922,156,156,2.5065247163159214
C_hard_maze,2,2,15,31578368,h_oracle,200,True,2.506524716315922,26,26,2.5065247163159214
C_hard_maze,2,2,15,31578368,h_next,400,True,2.506524716315922,280,280,2.5065247163159214
C_hard_maze,2,2,15,31578368,h_legsum,400,True,2.506524716315922,156,156,2.5065247163159214
C_hard_maze,2,2,15,31578368,h_oracle,400,True,2.506524716315922,26,26,2.5065247163159214
C_hard_maze,2,2,15,31578368,h_next,800,True,2.506524716315922,280,280,2.5065247163159214
C_hard_maze,2,2,15,31578368,h_legsum,800,True,2.506524716315922,156,156,2.5065247163159214
C_hard_maze,2,2,15,31578368,h_oracle,800,True,2.506524716315922,26,26,2.5065247163159214
C_hard_maze,2,2,15,31578368,h_next,1600,True,2.506524716315922,280,280,2.5065247163159214
C_hard_maze,2,2,15,31578368,h_legsum,1600,True,2.506524716315922,156,156,2.5065247163159214
C_hard_maze,2,2,15,31578368,h_oracle,1600,True,2.506524716315922,26,26,2.5065247163159214
C_hard_maze,2,2,15,31578368,h_next,3200,True,2.506524716315922,280,280,2.5065247163159214
C_hard_maze,2,2,15,31578368,h_legsum,3200,True,2.506524716315922,156,156,2.5065247163159214
C_hard_maze,2,2,15,31578368,h_oracle,3200,True,2.506524716315922,26,26,2.5065247163159214
C_hard_maze,2,2,16,31602125,h_next,100,False,nan,100,100,1.8082791194592447
C_hard_maze,2,2,16,31602125,h_legsum,100,False,nan,100,100,1.8082791194592447
C_hard_maze,2,2,16,31602125,h_oracle,100,True,1.808279119459245,20,20,1.8082791194592447
C_hard_maze,2,2,16,31602125,h_next,200,False,nan,200,200,1.8082791194592447
C_hard_maze,2,2,16,31602125,h_legsum,200,True,1.808279119459245,187,187,1.8082791194592447
C_hard_maze,2,2,16,31602125,h_oracle,200,True,1.808279119459245,20,20,1.8082791194592447
C_hard_maze,2,2,16,31602125,h_next,400,True,1.808279119459245,272,272,1.8082791194592447
C_hard_maze,2,2,16,31602125,h_legsum,400,True,1.808279119459245,187,187,1.8082791194592447
C_hard_maze,2,2,16,31602125,h_oracle,400,True,1.808279119459245,20,20,1.8082791194592447
C_hard_maze,2,2,16,31602125,h_next,800,True,1.808279119459245,272,272,1.8082791194592447
C_hard_maze,2,2,16,31602125,h_legsum,800,True,1.808279119459245,187,187,1.8082791194592447
C_hard_maze,2,2,16,31602125,h_oracle,800,True,1.808279119459245,20,20,1.8082791194592447
C_hard_maze,2,2,16,31602125,h_next,1600,True,1.808279119459245,272,272,1.8082791194592447
C_hard_maze,2,2,16,31602125,h_legsum,1600,True,1.808279119459245,187,187,1.8082791194592447
C_hard_maze,2,2,16,31602125,h_oracle,1600,True,1.808279119459245,20,20,1.8082791194592447
C_hard_maze,2,2,16,31602125,h_next,3200,True,1.808279119459245,272,272,1.8082791194592447
C_hard_maze,2,2,16,31602125,h_legsum,3200,True,1.808279119459245,187,187,1.8082791194592447
C_hard_maze,2,2,16,31602125,h_oracle,3200,True,1.808279119459245,20,20,1.8082791194592447
C_hard_maze,2,2,17,31728829,h_next,100,False,nan,100,100,2.607966977299236
C_hard_maze,2,2,17,31728829,h_legsum,100,False,nan,100,100,2.607966977299236
C_hard_maze,2,2,17,31728829,h_oracle,100,True,2.6079669772992355,27,27,2.607966977299236
C_hard_maze,2,2,17,31728829,h_next,200,False,nan,200,200,2.607966977299236
C_hard_maze,2,2,17,31728829,h_legsum,200,False,nan,200,200,2.607966977299236
C_hard_maze,2,2,17,31728829,h_oracle,200,True,2.6079669772992355,27,27,2.607966977299236
C_hard_maze,2,2,17,31728829,h_next,400,True,2.6079669772992355,341,341,2.607966977299236
C_hard_maze,2,2,17,31728829,h_legsum,400,True,2.6079669772992355,314,314,2.607966977299236
C_hard_maze,2,2,17,31728829,h_oracle,400,True,2.6079669772992355,27,27,2.607966977299236
C_hard_maze,2,2,17,31728829,h_next,800,True,2.6079669772992355,341,341,2.607966977299236
C_hard_maze,2,2,17,31728829,h_legsum,800,True,2.6079669772992355,314,314,2.607966977299236
C_hard_maze,2,2,17,31728829,h_oracle,800,True,2.6079669772992355,27,27,2.607966977299236
C_hard_maze,2,2,17,31728829,h_next,1600,True,2.6079669772992355,341,341,2.607966977299236
C_hard_maze,2,2,17,31728829,h_legsum,1600,True,2.6079669772992355,314,314,2.607966977299236
C_hard_maze,2,2,17,31728829,h_oracle,1600,True,2.6079669772992355,27,27,2.607966977299236
C_hard_maze,2,2,17,31728829,h_next,3200,True,2.6079669772992355,341,341,2.607966977299236
C_hard_maze,2,2,17,31728829,h_legsum,3200,True,2.6079669772992355,314,314,2.607966977299236
C_hard_maze,2,2,17,31728829,h_oracle,3200,True,2.6079669772992355,27,27,2.607966977299236
C_hard_maze,2,2,18,31744667,h_next,100,False,nan,100,100,2.626148134844511
C_hard_maze,2,2,18,31744667,h_legsum,100,False,nan,100,100,2.626148134844511
C_hard_maze,2,2,18,31744667,h_oracle,100,True,2.626148134844511,25,25,2.626148134844511
C_hard_maze,2,2,18,31744667,h_next,200,True,2.626148134844511,167,167,2.626148134844511
C_hard_maze,2,2,18,31744667,h_legsum,200,True,2.626148134844511,139,139,2.626148134844511
C_hard_maze,2,2,18,31744667,h_oracle,200,True,2.626148134844511,25,25,2.626148134844511
C_hard_maze,2,2,18,31744667,h_next,400,True,2.626148134844511,167,167,2.626148134844511
C_hard_maze,2,2,18,31744667,h_legsum,400,True,2.626148134844511,139,139,2.626148134844511
C_hard_maze,2,2,18,31744667,h_oracle,400,True,2.626148134844511,25,25,2.626148134844511
C_hard_maze,2,2,18,31744667,h_next,800,True,2.626148134844511,167,167,2.626148134844511
C_hard_maze,2,2,18,31744667,h_legsum,800,True,2.626148134844511,139,139,2.626148134844511
C_hard_maze,2,2,18,31744667,h_oracle,800,True,2.626148134844511,25,25,2.626148134844511
C_hard_maze,2,2,18,31744667,h_next,1600,True,2.626148134844511,167,167,2.626148134844511
C_hard_maze,2,2,18,31744667,h_legsum,1600,True,2.626148134844511,139,139,2.626148134844511
C_hard_maze,2,2,18,31744667,h_oracle,1600,True,2.626148134844511,25,25,2.626148134844511
C_hard_maze,2,2,18,31744667,h_next,3200,True,2.626148134844511,167,167,2.626148134844511
C_hard_maze,2,2,18,31744667,h_legsum,3200,True,2.626148134844511,139,139,2.626148134844511
C_hard_maze,2,2,18,31744667,h_oracle,3200,True,2.626148134844511,25,25,2.626148134844511
C_hard_maze,2,2,19,31768424,h_next,100,False,nan,100,100,3.7768296114388606
C_hard_maze,2,2,19,31768424,h_legsum,100,False,nan,100,100,3.7768296114388606
C_hard_maze,2,2,19,31768424,h_oracle,100,True,3.7768296114388593,34,34,3.7768296114388606
C_hard_maze,2,2,19,31768424,h_next,200,False,nan,200,200,3.7768296114388606
C_hard_maze,2,2,19,31768424,h_legsum,200,False,nan,200,200,3.7768296114388606
C_hard_maze,2,2,19,31768424,h_oracle,200,True,3.7768296114388593,34,34,3.7768296114388606
C_hard_maze,2,2,19,31768424,h_next,400,True,3.7768296114388593,290,290,3.7768296114388606
C_hard_maze,2,2,19,31768424,h_legsum,400,True,3.7768296114388593,240,240,3.7768296114388606
C_hard_maze,2,2,19,31768424,h_oracle,400,True,3.7768296114388593,34,34,3.7768296114388606
C_hard_maze,2,2,19,31768424,h_next,800,True,3.7768296114388593,290,290,3.7768296114388606
C_hard_maze,2,2,19,31768424,h_legsum,800,True,3.7768296114388593,240,240,3.7768296114388606
C_hard_maze,2,2,19,31768424,h_oracle,800,True,3.7768296114388593,34,34,3.7768296114388606
C_hard_maze,2,2,19,31768424,h_next,1600,True,3.7768296114388593,290,290,3.7768296114388606
C_hard_maze,2,2,19,31768424,h_legsum,1600,True,3.7768296114388593,240,240,3.7768296114388606
C_hard_maze,2,2,19,31768424,h_oracle,1600,True,3.7768296114388593,34,34,3.7768296114388606
C_hard_maze,2,2,19,31768424,h_next,3200,True,3.7768296114388593,290,290,3.7768296114388606
C_hard_maze,2,2,19,31768424,h_legsum,3200,True,3.7768296114388593,240,240,3.7768296114388606
C_hard_maze,2,2,19,31768424,h_oracle,3200,True,3.7768296114388593,34,34,3.7768296114388606
C_hard_maze,2,2,20,31784262,h_next,100,False,nan,100,100,6.447174921179582
C_hard_maze,2,2,20,31784262,h_legsum,100,False,nan,100,100,6.447174921179582
C_hard_maze,2,2,20,31784262,h_oracle,100,True,6.447174921179582,67,67,6.447174921179582
C_hard_maze,2,2,20,31784262,h_next,200,False,nan,200,200,6.447174921179582
C_hard_maze,2,2,20,31784262,h_legsum,200,False,nan,200,200,6.447174921179582
C_hard_maze,2,2,20,31784262,h_oracle,200,True,6.447174921179582,67,67,6.447174921179582
C_hard_maze,2,2,20,31784262,h_next,400,True,6.447174921179582,332,332,6.447174921179582
C_hard_maze,2,2,20,31784262,h_legsum,400,True,6.447174921179582,332,332,6.447174921179582
C_hard_maze,2,2,20,31784262,h_oracle,400,True,6.447174921179582,67,67,6.447174921179582
C_hard_maze,2,2,20,31784262,h_next,800,True,6.447174921179582,332,332,6.447174921179582
C_hard_maze,2,2,20,31784262,h_legsum,800,True,6.447174921179582,332,332,6.447174921179582
C_hard_maze,2,2,20,31784262,h_oracle,800,True,6.447174921179582,67,67,6.447174921179582
C_hard_maze,2,2,20,31784262,h_next,1600,True,6.447174921179582,332,332,6.447174921179582
C_hard_maze,2,2,20,31784262,h_legsum,1600,True,6.447174921179582,332,332,6.447174921179582
C_hard_maze,2,2,20,31784262,h_oracle,1600,True,6.447174921179582,67,67,6.447174921179582
C_hard_maze,2,2,20,31784262,h_next,3200,True,6.447174921179582,332,332,6.447174921179582
C_hard_maze,2,2,20,31784262,h_legsum,3200,True,6.447174921179582,332,332,6.447174921179582
C_hard_maze,2,2,20,31784262,h_oracle,3200,True,6.447174921179582,67,67,6.447174921179582
C_hard_maze,2,2,21,31815938,h_next,100,False,nan,100,100,3.910295995653644
C_hard_maze,2,2,21,31815938,h_legsum,100,False,nan,100,100,3.910295995653644
C_hard_maze,2,2,21,31815938,h_oracle,100,True,3.910295995653644,44,44,3.910295995653644
C_hard_maze,2,2,21,31815938,h_next,200,False,nan,200,200,3.910295995653644
C_hard_maze,2,2,21,31815938,h_legsum,200,False,nan,200,200,3.910295995653644
C_hard_maze,2,2,21,31815938,h_oracle,200,True,3.910295995653644,44,44,3.910295995653644
C_hard_maze,2,2,21,31815938,h_next,400,False,nan,400,400,3.910295995653644
C_hard_maze,2,2,21,31815938,h_legsum,400,False,nan,400,400,3.910295995653644
C_hard_maze,2,2,21,31815938,h_oracle,400,True,3.910295995653644,44,44,3.910295995653644
C_hard_maze,2,2,21,31815938,h_next,800,True,3.910295995653644,499,499,3.910295995653644
C_hard_maze,2,2,21,31815938,h_legsum,800,True,3.910295995653644,411,411,3.910295995653644
C_hard_maze,2,2,21,31815938,h_oracle,800,True,3.910295995653644,44,44,3.910295995653644
C_hard_maze,2,2,21,31815938,h_next,1600,True,3.910295995653644,499,499,3.910295995653644
C_hard_maze,2,2,21,31815938,h_legsum,1600,True,3.910295995653644,411,411,3.910295995653644
C_hard_maze,2,2,21,31815938,h_oracle,1600,True,3.910295995653644,44,44,3.910295995653644
C_hard_maze,2,2,21,31815938,h_next,3200,True,3.910295995653644,499,499,3.910295995653644
C_hard_maze,2,2,21,31815938,h_legsum,3200,True,3.910295995653644,411,411,3.910295995653644
C_hard_maze,2,2,21,31815938,h_oracle,3200,True,3.910295995653644,44,44,3.910295995653644
C_hard_maze,2,2,22,31871371,h_next,100,False,nan,100,100,2.5410730072517724
C_hard_maze,2,2,22,31871371,h_legsum,100,False,nan,100,100,2.5410730072517724
C_hard_maze,2,2,22,31871371,h_oracle,100,True,2.5410730072517724,29,29,2.5410730072517724
C_hard_maze,2,2,22,31871371,h_next,200,False,nan,200,200,2.5410730072517724
C_hard_maze,2,2,22,31871371,h_legsum,200,False,nan,200,200,2.5410730072517724
C_hard_maze,2,2,22,31871371,h_oracle,200,True,2.5410730072517724,29,29,2.5410730072517724
C_hard_maze,2,2,22,31871371,h_next,400,True,2.5410730072517724,283,283,2.5410730072517724
C_hard_maze,2,2,22,31871371,h_legsum,400,True,2.5410730072517724,259,259,2.5410730072517724
C_hard_maze,2,2,22,31871371,h_oracle,400,True,2.5410730072517724,29,29,2.5410730072517724
C_hard_maze,2,2,22,31871371,h_next,800,True,2.5410730072517724,283,283,2.5410730072517724
C_hard_maze,2,2,22,31871371,h_legsum,800,True,2.5410730072517724,259,259,2.5410730072517724
C_hard_maze,2,2,22,31871371,h_oracle,800,True,2.5410730072517724,29,29,2.5410730072517724
C_hard_maze,2,2,22,31871371,h_next,1600,True,2.5410730072517724,283,283,2.5410730072517724
C_hard_maze,2,2,22,31871371,h_legsum,1600,True,2.5410730072517724,259,259,2.5410730072517724
C_hard_maze,2,2,22,31871371,h_oracle,1600,True,2.5410730072517724,29,29,2.5410730072517724
C_hard_maze,2,2,22,31871371,h_next,3200,True,2.5410730072517724,283,283,2.5410730072517724
C_hard_maze,2,2,22,31871371,h_legsum,3200,True,2.5410730072517724,259,259,2.5410730072517724
C_hard_maze,2,2,22,31871371,h_oracle,3200,True,2.5410730072517724,29,29,2.5410730072517724
C_hard_maze,2,2,23,31879290,h_next,100,False,nan,100,100,3.3766942590089726
C_hard_maze,2,2,23,31879290,h_legsum,100,False,nan,100,100,3.3766942590089726
C_hard_maze,2,2,23,31879290,h_oracle,100,True,3.3766942590089717,39,39,3.3766942590089726
C_hard_maze,2,2,23,31879290,h_next,200,False,nan,200,200,3.3766942590089726
C_hard_maze,2,2,23,31879290,h_legsum,200,False,nan,200,200,3.3766942590089726
C_hard_maze,2,2,23,31879290,h_oracle,200,True,3.3766942590089717,39,39,3.3766942590089726
C_hard_maze,2,2,23,31879290,h_next,400,True,3.3766942590089717,303,303,3.3766942590089726
C_hard_maze,2,2,23,31879290,h_legsum,400,True,3.3766942590089717,281,281,3.3766942590089726
C_hard_maze,2,2,23,31879290,h_oracle,400,True,3.3766942590089717,39,39,3.3766942590089726
C_hard_maze,2,2,23,31879290,h_next,800,True,3.3766942590089717,303,303,3.3766942590089726
C_hard_maze,2,2,23,31879290,h_legsum,800,True,3.3766942590089717,281,281,3.3766942590089726
C_hard_maze,2,2,23,31879290,h_oracle,800,True,3.3766942590089717,39,39,3.3766942590089726
C_hard_maze,2,2,23,31879290,h_next,1600,True,3.3766942590089717,303,303,3.3766942590089726
C_hard_maze,2,2,23,31879290,h_legsum,1600,True,3.3766942590089717,281,281,3.3766942590089726
C_hard_maze,2,2,23,31879290,h_oracle,1600,True,3.3766942590089717,39,39,3.3766942590089726
C_hard_maze,2,2,23,31879290,h_next,3200,True,3.3766942590089717,303,303,3.3766942590089726
C_hard_maze,2,2,23,31879290,h_legsum,3200,True,3.3766942590089717,281,281,3.3766942590089726
C_hard_maze,2,2,23,31879290,h_oracle,3200,True,3.3766942590089717,39,39,3.3766942590089726
C_hard_maze,2,2,24,31887209,h_next,100,False,nan,100,100,2.756652115006192
C_hard_maze,2,2,24,31887209,h_legsum,100,False,nan,100,100,2.756652115006192
C_hard_maze,2,2,24,31887209,h_oracle,100,True,2.7566521150061924,31,31,2.756652115006192
C_hard_maze,2,2,24,31887209,h_next,200,False,nan,200,200,2.756652115006192
C_hard_maze,2,2,24,31887209,h_legsum,200,False,nan,200,200,2.756652115006192
C_hard_maze,2,2,24,31887209,h_oracle,200,True,2.7566521150061924,31,31,2.756652115006192
C_hard_maze,2,2,24,31887209,h_next,400,True,2.7566521150061924,352,352,2.756652115006192
C_hard_maze,2,2,24,31887209,h_legsum,400,True,2.7566521150061924,268,268,2.756652115006192
C_hard_maze,2,2,24,31887209,h_oracle,400,True,2.7566521150061924,31,31,2.756652115006192
C_hard_maze,2,2,24,31887209,h_next,800,True,2.7566521150061924,352,352,2.756652115006192
C_hard_maze,2,2,24,31887209,h_legsum,800,True,2.7566521150061924,268,268,2.756652115006192
C_hard_maze,2,2,24,31887209,h_oracle,800,True,2.7566521150061924,31,31,2.756652115006192
C_hard_maze,2,2,24,31887209,h_next,1600,True,2.7566521150061924,352,352,2.756652115006192
C_hard_maze,2,2,24,31887209,h_legsum,1600,True,2.7566521150061924,268,268,2.756652115006192
C_hard_maze,2,2,24,31887209,h_oracle,1600,True,2.7566521150061924,31,31,2.756652115006192
C_hard_maze,2,2,24,31887209,h_next,3200,True,2.7566521150061924,352,352,2.756652115006192
C_hard_maze,2,2,24,31887209,h_legsum,3200,True,2.7566521150061924,268,268,2.756652115006192
C_hard_maze,2,2,24,31887209,h_oracle,3200,True,2.7566521150061924,31,31,2.756652115006192
C_hard_maze,2,4,0,62185820,h_next,100,False,nan,100,100,4.178650533183837
C_hard_maze,2,4,0,62185820,h_legsum,100,False,nan,100,100,4.178650533183837
C_hard_maze,2,4,0,62185820,h_oracle,100,True,4.178650533183836,47,47,4.178650533183837
C_hard_maze,2,4,0,62185820,h_next,200,False,nan,200,200,4.178650533183837
C_hard_maze,2,4,0,62185820,h_legsum,200,False,nan,200,200,4.178650533183837
C_hard_maze,2,4,0,62185820,h_oracle,200,True,4.178650533183836,47,47,4.178650533183837
C_hard_maze,2,4,0,62185820,h_next,400,False,nan,400,400,4.178650533183837
C_hard_maze,2,4,0,62185820,h_legsum,400,True,4.178650533183836,322,322,4.178650533183837
C_hard_maze,2,4,0,62185820,h_oracle,400,True,4.178650533183836,47,47,4.178650533183837
C_hard_maze,2,4,0,62185820,h_next,800,True,4.178650533183836,591,591,4.178650533183837
C_hard_maze,2,4,0,62185820,h_legsum,800,True,4.178650533183836,322,322,4.178650533183837
C_hard_maze,2,4,0,62185820,h_oracle,800,True,4.178650533183836,47,47,4.178650533183837
C_hard_maze,2,4,0,62185820,h_next,1600,True,4.178650533183836,591,591,4.178650533183837
C_hard_maze,2,4,0,62185820,h_legsum,1600,True,4.178650533183836,322,322,4.178650533183837
C_hard_maze,2,4,0,62185820,h_oracle,1600,True,4.178650533183836,47,47,4.178650533183837
C_hard_maze,2,4,0,62185820,h_next,3200,True,4.178650533183836,591,591,4.178650533183837
C_hard_maze,2,4,0,62185820,h_legsum,3200,True,4.178650533183836,322,322,4.178650533183837
C_hard_maze,2,4,0,62185820,h_oracle,3200,True,4.178650533183836,47,47,4.178650533183837
C_hard_maze,2,4,1,62193739,h_next,100,False,nan,100,100,6.57913107689377
C_hard_maze,2,4,1,62193739,h_legsum,100,False,nan,100,100,6.57913107689377
C_hard_maze,2,4,1,62193739,h_oracle,100,True,6.579131076893771,66,66,6.57913107689377
C_hard_maze,2,4,1,62193739,h_next,200,False,nan,200,200,6.57913107689377
C_hard_maze,2,4,1,62193739,h_legsum,200,False,nan,200,200,6.57913107689377
C_hard_maze,2,4,1,62193739,h_oracle,200,True,6.579131076893771,66,66,6.57913107689377
C_hard_maze,2,4,1,62193739,h_next,400,False,nan,400,400,6.57913107689377
C_hard_maze,2,4,1,62193739,h_legsum,400,False,nan,400,400,6.57913107689377
C_hard_maze,2,4,1,62193739,h_oracle,400,True,6.579131076893771,66,66,6.57913107689377
C_hard_maze,2,4,1,62193739,h_next,800,False,nan,800,800,6.57913107689377
C_hard_maze,2,4,1,62193739,h_legsum,800,False,nan,800,800,6.57913107689377
C_hard_maze,2,4,1,62193739,h_oracle,800,True,6.579131076893771,66,66,6.57913107689377
C_hard_maze,2,4,1,62193739,h_next,1600,True,6.579131076893771,895,895,6.57913107689377
C_hard_maze,2,4,1,62193739,h_legsum,1600,True,6.579131076893771,859,859,6.57913107689377
C_hard_maze,2,4,1,62193739,h_oracle,1600,True,6.579131076893771,66,66,6.57913107689377
C_hard_maze,2,4,1,62193739,h_next,3200,True,6.579131076893771,895,895,6.57913107689377
C_hard_maze,2,4,1,62193739,h_legsum,3200,True,6.579131076893771,859,859,6.57913107689377
C_hard_maze,2,4,1,62193739,h_oracle,3200,True,6.579131076893771,66,66,6.57913107689377
C_hard_maze,2,4,2,62217496,h_next,100,False,nan,100,100,3.4904051640693
C_hard_maze,2,4,2,62217496,h_legsum,100,False,nan,100,100,3.4904051640693
C_hard_maze,2,4,2,62217496,h_oracle,100,True,3.4904051640692995,34,34,3.4904051640693
C_hard_maze,2,4,2,62217496,h_next,200,False,nan,200,200,3.4904051640693
C_hard_maze,2,4,2,62217496,h_legsum,200,False,nan,200,200,3.4904051640693
C_hard_maze,2,4,2,62217496,h_oracle,200,True,3.4904051640692995,34,34,3.4904051640693
C_hard_maze,2,4,2,62217496,h_next,400,False,nan,400,400,3.4904051640693
C_hard_maze,2,4,2,62217496,h_legsum,400,True,3.4904051640692995,265,265,3.4904051640693
C_hard_maze,2,4,2,62217496,h_oracle,400,True,3.4904051640692995,34,34,3.4904051640693
C_hard_maze,2,4,2,62217496,h_next,800,True,3.4904051640692995,548,548,3.4904051640693
C_hard_maze,2,4,2,62217496,h_legsum,800,True,3.4904051640692995,265,265,3.4904051640693
C_hard_maze,2,4,2,62217496,h_oracle,800,True,3.4904051640692995,34,34,3.4904051640693
C_hard_maze,2,4,2,62217496,h_next,1600,True,3.4904051640692995,548,548,3.4904051640693
C_hard_maze,2,4,2,62217496,h_legsum,1600,True,3.4904051640692995,265,265,3.4904051640693
C_hard_maze,2,4,2,62217496,h_oracle,1600,True,3.4904051640692995,34,34,3.4904051640693
C_hard_maze,2,4,2,62217496,h_next,3200,True,3.4904051640692995,548,548,3.4904051640693
C_hard_maze,2,4,2,62217496,h_legsum,3200,True,3.4904051640692995,265,265,3.4904051640693
C_hard_maze,2,4,2,62217496,h_oracle,3200,True,3.4904051640692995,34,34,3.4904051640693
C_hard_maze,2,4,3,62233334,h_next,100,False,nan,100,100,6.684422432460721
C_hard_maze,2,4,3,62233334,h_legsum,100,False,nan,100,100,6.684422432460721
C_hard_maze,2,4,3,62233334,h_oracle,100,True,6.684422432460721,70,70,6.684422432460721
C_hard_maze,2,4,3,62233334,h_next,200,False,nan,200,200,6.684422432460721
C_hard_maze,2,4,3,62233334,h_legsum,200,False,nan,200,200,6.684422432460721
C_hard_maze,2,4,3,62233334,h_oracle,200,True,6.684422432460721,70,70,6.684422432460721
C_hard_maze,2,4,3,62233334,h_next,400,False,nan,400,400,6.684422432460721
C_hard_maze,2,4,3,62233334,h_legsum,400,False,nan,400,400,6.684422432460721
C_hard_maze,2,4,3,62233334,h_oracle,400,True,6.684422432460721,70,70,6.684422432460721
C_hard_maze,2,4,3,62233334,h_next,800,True,6.684422432460721,658,658,6.684422432460721
C_hard_maze,2,4,3,62233334,h_legsum,800,True,6.684422432460721,639,639,6.684422432460721
C_hard_maze,2,4,3,62233334,h_oracle,800,True,6.684422432460721,70,70,6.684422432460721
C_hard_maze,2,4,3,62233334,h_next,1600,True,6.684422432460721,658,658,6.684422432460721
C_hard_maze,2,4,3,62233334,h_legsum,1600,True,6.684422432460721,639,639,6.684422432460721
C_hard_maze,2,4,3,62233334,h_oracle,1600,True,6.684422432460721,70,70,6.684422432460721
C_hard_maze,2,4,3,62233334,h_next,3200,True,6.684422432460721,658,658,6.684422432460721
C_hard_maze,2,4,3,62233334,h_legsum,3200,True,6.684422432460721,639,639,6.684422432460721
C_hard_maze,2,4,3,62233334,h_oracle,3200,True,6.684422432460721,70,70,6.684422432460721
C_hard_maze,2,4,4,62257091,h_next,100,False,nan,100,100,7.635097027664591
C_hard_maze,2,4,4,62257091,h_legsum,100,False,nan,100,100,7.635097027664591
C_hard_maze,2,4,4,62257091,h_oracle,100,True,7.635097027664592,85,85,7.635097027664591
C_hard_maze,2,4,4,62257091,h_next,200,False,nan,200,200,7.635097027664591
C_hard_maze,2,4,4,62257091,h_legsum,200,False,nan,200,200,7.635097027664591
C_hard_maze,2,4,4,62257091,h_oracle,200,True,7.635097027664592,85,85,7.635097027664591
C_hard_maze,2,4,4,62257091,h_next,400,False,nan,400,400,7.635097027664591
C_hard_maze,2,4,4,62257091,h_legsum,400,False,nan,400,400,7.635097027664591
C_hard_maze,2,4,4,62257091,h_oracle,400,True,7.635097027664592,85,85,7.635097027664591
C_hard_maze,2,4,4,62257091,h_next,800,True,7.635097027664592,747,747,7.635097027664591
C_hard_maze,2,4,4,62257091,h_legsum,800,True,7.635097027664592,704,704,7.635097027664591
C_hard_maze,2,4,4,62257091,h_oracle,800,True,7.635097027664592,85,85,7.635097027664591
C_hard_maze,2,4,4,62257091,h_next,1600,True,7.635097027664592,747,747,7.635097027664591
C_hard_maze,2,4,4,62257091,h_legsum,1600,True,7.635097027664592,704,704,7.635097027664591
C_hard_maze,2,4,4,62257091,h_oracle,1600,True,7.635097027664592,85,85,7.635097027664591
C_hard_maze,2,4,4,62257091,h_next,3200,True,7.635097027664592,747,747,7.635097027664591
C_hard_maze,2,4,4,62257091,h_legsum,3200,True,7.635097027664592,704,704,7.635097027664591
C_hard_maze,2,4,4,62257091,h_oracle,3200,True,7.635097027664592,85,85,7.635097027664591
C_hard_maze,2,4,5,62265010,h_next,100,False,nan,100,100,5.330521779740336
C_hard_maze,2,4,5,62265010,h_legsum,100,False,nan,100,100,5.330521779740336
C_hard_maze,2,4,5,62265010,h_oracle,100,True,5.330521779740336,60,60,5.330521779740336
C_hard_maze,2,4,5,62265010,h_next,200,False,nan,200,200,5.330521779740336
C_hard_maze,2,4,5,62265010,h_legsum,200,False,nan,200,200,5.330521779740336
C_hard_maze,2,4,5,62265010,h_oracle,200,True,5.330521779740336,60,60,5.330521779740336
C_hard_maze,2,4,5,62265010,h_next,400,False,nan,400,400,5.330521779740336
C_hard_maze,2,4,5,62265010,h_legsum,400,False,nan,400,400,5.330521779740336
C_hard_maze,2,4,5,62265010,h_oracle,400,True,5.330521779740336,60,60,5.330521779740336
C_hard_maze,2,4,5,62265010,h_next,800,False,nan,800,800,5.330521779740336
C_hard_maze,2,4,5,62265010,h_legsum,800,True,5.330521779740336,702,702,5.330521779740336
C_hard_maze,2,4,5,62265010,h_oracle,800,True,5.330521779740336,60,60,5.330521779740336
C_hard_maze,2,4,5,62265010,h_next,1600,True,5.330521779740336,893,893,5.330521779740336
C_hard_maze,2,4,5,62265010,h_legsum,1600,True,5.330521779740336,702,702,5.330521779740336
C_hard_maze,2,4,5,62265010,h_oracle,1600,True,5.330521779740336,60,60,5.330521779740336
C_hard_maze,2,4,5,62265010,h_next,3200,True,5.330521779740336,893,893,5.330521779740336
C_hard_maze,2,4,5,62265010,h_legsum,3200,True,5.330521779740336,702,702,5.330521779740336
C_hard_maze,2,4,5,62265010,h_oracle,3200,True,5.330521779740336,60,60,5.330521779740336
C_hard_maze,2,4,6,62320443,h_next,100,False,nan,100,100,2.705907993283359
C_hard_maze,2,4,6,62320443,h_legsum,100,False,nan,100,100,2.705907993283359
C_hard_maze,2,4,6,62320443,h_oracle,100,True,2.70590799328336,32,32,2.705907993283359
C_hard_maze,2,4,6,62320443,h_next,200,False,nan,200,200,2.705907993283359
C_hard_maze,2,4,6,62320443,h_legsum,200,False,nan,200,200,2.705907993283359
C_hard_maze,2,4,6,62320443,h_oracle,200,True,2.70590799328336,32,32,2.705907993283359
C_hard_maze,2,4,6,62320443,h_next,400,False,nan,400,400,2.705907993283359
C_hard_maze,2,4,6,62320443,h_legsum,400,False,nan,400,400,2.705907993283359
C_hard_maze,2,4,6,62320443,h_oracle,400,True,2.70590799328336,32,32,2.705907993283359
C_hard_maze,2,4,6,62320443,h_next,800,True,2.70590799328336,663,663,2.705907993283359
C_hard_maze,2,4,6,62320443,h_legsum,800,True,2.70590799328336,493,493,2.705907993283359
C_hard_maze,2,4,6,62320443,h_oracle,800,True,2.70590799328336,32,32,2.705907993283359
C_hard_maze,2,4,6,62320443,h_next,1600,True,2.70590799328336,663,663,2.705907993283359
C_hard_maze,2,4,6,62320443,h_legsum,1600,True,2.70590799328336,493,493,2.705907993283359
C_hard_maze,2,4,6,62320443,h_oracle,1600,True,2.70590799328336,32,32,2.705907993283359
C_hard_maze,2,4,6,62320443,h_next,3200,True,2.70590799328336,663,663,2.705907993283359
C_hard_maze,2,4,6,62320443,h_legsum,3200,True,2.70590799328336,493,493,2.705907993283359
C_hard_maze,2,4,6,62320443,h_oracle,3200,True,2.70590799328336,32,32,2.705907993283359
C_hard_maze,2,4,7,62336281,h_next,100,False,nan,100,100,5.80623544689257
C_hard_maze,2,4,7,62336281,h_legsum,100,False,nan,100,100,5.80623544689257
C_hard_maze,2,4,7,62336281,h_oracle,100,True,5.806235446892574,72,72,5.80623544689257
C_hard_maze,2,4,7,62336281,h_next,200,False,nan,200,200,5.80623544689257
C_hard_maze,2,4,7,62336281,h_legsum,200,False,nan,200,200,5.80623544689257
C_hard_maze,2,4,7,62336281,h_oracle,200,True,5.806235446892574,72,72,5.80623544689257
C_hard_maze,2,4,7,62336281,h_next,400,False,nan,400,400,5.80623544689257
C_hard_maze,2,4,7,62336281,h_legsum,400,False,nan,400,400,5.80623544689257
C_hard_maze,2,4,7,62336281,h_oracle,400,True,5.806235446892574,72,72,5.80623544689257
C_hard_maze,2,4,7,62336281,h_next,800,False,nan,800,800,5.80623544689257
C_hard_maze,2,4,7,62336281,h_legsum,800,True,5.806235446892574,630,630,5.80623544689257
C_hard_maze,2,4,7,62336281,h_oracle,800,True,5.806235446892574,72,72,5.80623544689257
C_hard_maze,2,4,7,62336281,h_next,1600,True,5.806235446892574,833,833,5.80623544689257
C_hard_maze,2,4,7,62336281,h_legsum,1600,True,5.806235446892574,630,630,5.80623544689257
C_hard_maze,2,4,7,62336281,h_oracle,1600,True,5.806235446892574,72,72,5.80623544689257
C_hard_maze,2,4,7,62336281,h_next,3200,True,5.806235446892574,833,833,5.80623544689257
C_hard_maze,2,4,7,62336281,h_legsum,3200,True,5.806235446892574,630,630,5.80623544689257
C_hard_maze,2,4,7,62336281,h_oracle,3200,True,5.806235446892574,72,72,5.80623544689257
C_hard_maze,2,4,8,62344200,h_next,100,False,nan,100,100,3.9278117200318476
C_hard_maze,2,4,8,62344200,h_legsum,100,False,nan,100,100,3.9278117200318476
C_hard_maze,2,4,8,62344200,h_oracle,100,True,3.927811720031847,43,43,3.9278117200318476
C_hard_maze,2,4,8,62344200,h_next,200,False,nan,200,200,3.9278117200318476
C_hard_maze,2,4,8,62344200,h_legsum,200,False,nan,200,200,3.9278117200318476
C_hard_maze,2,4,8,62344200,h_oracle,200,True,3.927811720031847,43,43,3.9278117200318476
C_hard_maze,2,4,8,62344200,h_next,400,False,nan,400,400,3.9278117200318476
C_hard_maze,2,4,8,62344200,h_legsum,400,False,nan,400,400,3.9278117200318476
C_hard_maze,2,4,8,62344200,h_oracle,400,True,3.927811720031847,43,43,3.9278117200318476
C_hard_maze,2,4,8,62344200,h_next,800,True,3.927811720031847,639,639,3.9278117200318476
C_hard_maze,2,4,8,62344200,h_legsum,800,True,3.927811720031847,542,542,3.9278117200318476
C_hard_maze,2,4,8,62344200,h_oracle,800,True,3.927811720031847,43,43,3.9278117200318476
C_hard_maze,2,4,8,62344200,h_next,1600,True,3.927811720031847,639,639,3.9278117200318476
C_hard_maze,2,4,8,62344200,h_legsum,1600,True,3.927811720031847,542,542,3.9278117200318476
C_hard_maze,2,4,8,62344200,h_oracle,1600,True,3.927811720031847,43,43,3.9278117200318476
C_hard_maze,2,4,8,62344200,h_next,3200,True,3.927811720031847,639,639,3.9278117200318476
C_hard_maze,2,4,8,62344200,h_legsum,3200,True,3.927811720031847,542,542,3.9278117200318476
C_hard_maze,2,4,8,62344200,h_oracle,3200,True,3.927811720031847,43,43,3.9278117200318476
C_hard_maze,2,4,9,62352119,h_next,100,False,nan,100,100,7.4381243807523205
C_hard_maze,2,4,9,62352119,h_legsum,100,False,nan,100,100,7.4381243807523205
C_hard_maze,2,4,9,62352119,h_oracle,100,True,7.438124380752318,79,79,7.4381243807523205
C_hard_maze,2,4,9,62352119,h_next,200,False,nan,200,200,7.4381243807523205
C_hard_maze,2,4,9,62352119,h_legsum,200,False,nan,200,200,7.4381243807523205
C_hard_maze,2,4,9,62352119,h_oracle,200,True,7.438124380752318,79,79,7.4381243807523205
C_hard_maze,2,4,9,62352119,h_next,400,False,nan,400,400,7.4381243807523205
C_hard_maze,2,4,9,62352119,h_legsum,400,False,nan,400,400,7.4381243807523205
C_hard_maze,2,4,9,62352119,h_oracle,400,True,7.438124380752318,79,79,7.4381243807523205
C_hard_maze,2,4,9,62352119,h_next,800,False,nan,800,800,7.4381243807523205
C_hard_maze,2,4,9,62352119,h_legsum,800,False,nan,800,800,7.4381243807523205
C_hard_maze,2,4,9,62352119,h_oracle,800,True,7.438124380752318,79,79,7.4381243807523205
C_hard_maze,2,4,9,62352119,h_next,1600,True,7.438124380752318,887,887,7.4381243807523205
C_hard_maze,2,4,9,62352119,h_legsum,1600,True,7.438124380752318,881,881,7.4381243807523205
C_hard_maze,2,4,9,62352119,h_oracle,1600,True,7.438124380752318,79,79,7.4381243807523205
C_hard_maze,2,4,9,62352119,h_next,3200,True,7.438124380752318,887,887,7.4381243807523205
C_hard_maze,2,4,9,62352119,h_legsum,3200,True,7.438124380752318,881,881,7.4381243807523205
C_hard_maze,2,4,9,62352119,h_oracle,3200,True,7.438124380752318,79,79,7.4381243807523205
C_hard_maze,2,4,10,62399633,h_next,100,False,nan,100,100,4.200393095637422
C_hard_maze,2,4,10,62399633,h_legsum,100,False,nan,100,100,4.200393095637422
C_hard_maze,2,4,10,62399633,h_oracle,100,True,4.200393095637421,48,48,4.200393095637422
C_hard_maze,2,4,10,62399633,h_next,200,False,nan,200,200,4.200393095637422
C_hard_maze,2,4,10,62399633,h_legsum,200,False,nan,200,200,4.200393095637422
C_hard_maze,2,4,10,62399633,h_oracle,200,True,4.200393095637421,48,48,4.200393095637422
C_hard_maze,2,4,10,62399633,h_next,400,False,nan,400,400,4.200393095637422
C_hard_maze,2,4,10,62399633,h_legsum,400,False,nan,400,400,4.200393095637422
C_hard_maze,2,4,10,62399633,h_oracle,400,True,4.200393095637421,48,48,4.200393095637422
C_hard_maze,2,4,10,62399633,h_next,800,False,nan,800,800,4.200393095637422
C_hard_maze,2,4,10,62399633,h_legsum,800,True,4.200393095637421,554,554,4.200393095637422
C_hard_maze,2,4,10,62399633,h_oracle,800,True,4.200393095637421,48,48,4.200393095637422
C_hard_maze,2,4,10,62399633,h_next,1600,True,4.200393095637421,821,821,4.200393095637422
C_hard_maze,2,4,10,62399633,h_legsum,1600,True,4.200393095637421,554,554,4.200393095637422
C_hard_maze,2,4,10,62399633,h_oracle,1600,True,4.200393095637421,48,48,4.200393095637422
C_hard_maze,2,4,10,62399633,h_next,3200,True,4.200393095637421,821,821,4.200393095637422
C_hard_maze,2,4,10,62399633,h_legsum,3200,True,4.200393095637421,554,554,4.200393095637422
C_hard_maze,2,4,10,62399633,h_oracle,3200,True,4.200393095637421,48,48,4.200393095637422
C_hard_maze,2,4,11,62407552,h_next,100,False,nan,100,100,8.729774630066318
C_hard_maze,2,4,11,62407552,h_legsum,100,False,nan,100,100,8.729774630066318
C_hard_maze,2,4,11,62407552,h_oracle,100,True,8.729774630066322,95,95,8.729774630066318
C_hard_maze,2,4,11,62407552,h_next,200,False,nan,200,200,8.729774630066318
C_hard_maze,2,4,11,62407552,h_legsum,200,False,nan,200,200,8.729774630066318
C_hard_maze,2,4,11,62407552,h_oracle,200,True,8.729774630066322,95,95,8.729774630066318
C_hard_maze,2,4,11,62407552,h_next,400,False,nan,400,400,8.729774630066318
C_hard_maze,2,4,11,62407552,h_legsum,400,False,nan,400,400,8.729774630066318
C_hard_maze,2,4,11,62407552,h_oracle,400,True,8.729774630066322,95,95,8.729774630066318
C_hard_maze,2,4,11,62407552,h_next,800,False,nan,800,800,8.729774630066318
C_hard_maze,2,4,11,62407552,h_legsum,800,False,nan,800,800,8.729774630066318
C_hard_maze,2,4,11,62407552,h_oracle,800,True,8.729774630066322,95,95,8.729774630066318
C_hard_maze,2,4,11,62407552,h_next,1600,True,8.729774630066322,868,868,8.729774630066318
C_hard_maze,2,4,11,62407552,h_legsum,1600,True,8.729774630066322,868,868,8.729774630066318
C_hard_maze,2,4,11,62407552,h_oracle,1600,True,8.729774630066322,95,95,8.729774630066318
C_hard_maze,2,4,11,62407552,h_next,3200,True,8.729774630066322,868,868,8.729774630066318
C_hard_maze,2,4,11,62407552,h_legsum,3200,True,8.729774630066322,868,868,8.729774630066318
C_hard_maze,2,4,11,62407552,h_oracle,3200,True,8.729774630066322,95,95,8.729774630066318
C_hard_maze,2,4,12,62447147,h_next,100,False,nan,100,100,6.791784916176897
C_hard_maze,2,4,12,62447147,h_legsum,100,False,nan,100,100,6.791784916176897
C_hard_maze,2,4,12,62447147,h_oracle,100,True,6.791784916176895,73,73,6.791784916176897
C_hard_maze,2,4,12,62447147,h_next,200,False,nan,200,200,6.791784916176897
C_hard_maze,2,4,12,62447147,h_legsum,200,False,nan,200,200,6.791784916176897
C_hard_maze,2,4,12,62447147,h_oracle,200,True,6.791784916176895,73,73,6.791784916176897
C_hard_maze,2,4,12,62447147,h_next,400,False,nan,400,400,6.791784916176897
C_hard_maze,2,4,12,62447147,h_legsum,400,False,nan,400,400,6.791784916176897
C_hard_maze,2,4,12,62447147,h_oracle,400,True,6.791784916176895,73,73,6.791784916176897
C_hard_maze,2,4,12,62447147,h_next,800,True,6.791784916176895,658,658,6.791784916176897
C_hard_maze,2,4,12,62447147,h_legsum,800,True,6.791784916176895,600,600,6.791784916176897
C_hard_maze,2,4,12,62447147,h_oracle,800,True,6.791784916176895,73,73,6.791784916176897
C_hard_maze,2,4,12,62447147,h_next,1600,True,6.791784916176895,658,658,6.791784916176897
C_hard_maze,2,4,12,62447147,h_legsum,1600,True,6.791784916176895,600,600,6.791784916176897
C_hard_maze,2,4,12,62447147,h_oracle,1600,True,6.791784916176895,73,73,6.791784916176897
C_hard_maze,2,4,12,62447147,h_next,3200,True,6.791784916176895,658,658,6.791784916176897
C_hard_maze,2,4,12,62447147,h_legsum,3200,True,6.791784916176895,600,600,6.791784916176897
C_hard_maze,2,4,12,62447147,h_oracle,3200,True,6.791784916176895,73,73,6.791784916176897
C_hard_maze,2,4,13,62455066,h_next,100,False,nan,100,100,9.426182110277567
C_hard_maze,2,4,13,62455066,h_legsum,100,False,nan,100,100,9.426182110277567
C_hard_maze,2,4,13,62455066,h_oracle,100,True,9.426182110277566,90,90,9.426182110277567
C_hard_maze,2,4,13,62455066,h_next,200,False,nan,200,200,9.426182110277567
C_hard_maze,2,4,13,62455066,h_legsum,200,False,nan,200,200,9.426182110277567
C_hard_maze,2,4,13,62455066,h_oracle,200,True,9.426182110277566,90,90,9.426182110277567
C_hard_maze,2,4,13,62455066,h_next,400,False,nan,400,400,9.426182110277567
C_hard_maze,2,4,13,62455066,h_legsum,400,False,nan,400,400,9.426182110277567
C_hard_maze,2,4,13,62455066,h_oracle,400,True,9.426182110277566,90,90,9.426182110277567
C_hard_maze,2,4,13,62455066,h_next,800,True,9.426182110277566,766,766,9.426182110277567
C_hard_maze,2,4,13,62455066,h_legsum,800,True,9.426182110277566,766,766,9.426182110277567
C_hard_maze,2,4,13,62455066,h_oracle,800,True,9.426182110277566,90,90,9.426182110277567
C_hard_maze,2,4,13,62455066,h_next,1600,True,9.426182110277566,766,766,9.426182110277567
C_hard_maze,2,4,13,62455066,h_legsum,1600,True,9.426182110277566,766,766,9.426182110277567
C_hard_maze,2,4,13,62455066,h_oracle,1600,True,9.426182110277566,90,90,9.426182110277567
C_hard_maze,2,4,13,62455066,h_next,3200,True,9.426182110277566,766,766,9.426182110277567
C_hard_maze,2,4,13,62455066,h_legsum,3200,True,9.426182110277566,766,766,9.426182110277567
C_hard_maze,2,4,13,62455066,h_oracle,3200,True,9.426182110277566,90,90,9.426182110277567
C_hard_maze,2,4,14,62494661,h_next,100,False,nan,100,100,7.408639113716119
C_hard_maze,2,4,14,62494661,h_legsum,100,False,nan,100,100,7.408639113716119
C_hard_maze,2,4,14,62494661,h_oracle,100,True,7.408639113716118,91,91,7.408639113716119
C_hard_maze,2,4,14,62494661,h_next,200,False,nan,200,200,7.408639113716119
C_hard_maze,2,4,14,62494661,h_legsum,200,False,nan,200,200,7.408639113716119
C_hard_maze,2,4,14,62494661,h_oracle,200,True,7.408639113716118,91,91,7.408639113716119
C_hard_maze,2,4,14,62494661,h_next,400,False,nan,400,400,7.408639113716119
C_hard_maze,2,4,14,62494661,h_legsum,400,False,nan,400,400,7.408639113716119
C_hard_maze,2,4,14,62494661,h_oracle,400,True,7.408639113716118,91,91,7.408639113716119
C_hard_maze,2,4,14,62494661,h_next,800,False,nan,800,800,7.408639113716119
C_hard_maze,2,4,14,62494661,h_legsum,800,True,7.408639113716118,790,790,7.408639113716119
C_hard_maze,2,4,14,62494661,h_oracle,800,True,7.408639113716118,91,91,7.408639113716119
C_hard_maze,2,4,14,62494661,h_next,1600,True,7.408639113716118,847,847,7.408639113716119
C_hard_maze,2,4,14,62494661,h_legsum,1600,True,7.408639113716118,790,790,7.408639113716119
C_hard_maze,2,4,14,62494661,h_oracle,1600,True,7.408639113716118,91,91,7.408639113716119
C_hard_maze,2,4,14,62494661,h_next,3200,True,7.408639113716118,847,847,7.408639113716119
C_hard_maze,2,4,14,62494661,h_legsum,3200,True,7.408639113716118,790,790,7.408639113716119
C_hard_maze,2,4,14,62494661,h_oracle,3200,True,7.408639113716118,91,91,7.408639113716119
C_hard_maze,2,4,15,62510499,h_next,100,False,nan,100,100,5.687227775698269
C_hard_maze,2,4,15,62510499,h_legsum,100,False,nan,100,100,5.687227775698269
C_hard_maze,2,4,15,62510499,h_oracle,100,True,5.6872277756982665,68,68,5.687227775698269
C_hard_maze,2,4,15,62510499,h_next,200,False,nan,200,200,5.687227775698269
C_hard_maze,2,4,15,62510499,h_legsum,200,False,nan,200,200,5.687227775698269
C_hard_maze,2,4,15,62510499,h_oracle,200,True,5.6872277756982665,68,68,5.687227775698269
C_hard_maze,2,4,15,62510499,h_next,400,False,nan,400,400,5.687227775698269
C_hard_maze,2,4,15,62510499,h_legsum,400,False,nan,400,400,5.687227775698269
C_hard_maze,2,4,15,62510499,h_oracle,400,True,5.6872277756982665,68,68,5.687227775698269
C_hard_maze,2,4,15,62510499,h_next,800,True,5.6872277756982665,788,788,5.687227775698269
C_hard_maze,2,4,15,62510499,h_legsum,800,True,5.6872277756982665,691,691,5.687227775698269
C_hard_maze,2,4,15,62510499,h_oracle,800,True,5.6872277756982665,68,68,5.687227775698269
C_hard_maze,2,4,15,62510499,h_next,1600,True,5.6872277756982665,788,788,5.687227775698269
C_hard_maze,2,4,15,62510499,h_legsum,1600,True,5.6872277756982665,691,691,5.687227775698269
C_hard_maze,2,4,15,62510499,h_oracle,1600,True,5.6872277756982665,68,68,5.687227775698269
C_hard_maze,2,4,15,62510499,h_next,3200,True,5.6872277756982665,788,788,5.687227775698269
C_hard_maze,2,4,15,62510499,h_legsum,3200,True,5.6872277756982665,691,691,5.687227775698269
C_hard_maze,2,4,15,62510499,h_oracle,3200,True,5.6872277756982665,68,68,5.687227775698269
C_hard_maze,2,4,16,62534256,h_next,100,False,nan,100,100,5.991447778599261
C_hard_maze,2,4,16,62534256,h_legsum,100,False,nan,100,100,5.991447778599261
C_hard_maze,2,4,16,62534256,h_oracle,100,True,5.991447778599259,62,62,5.991447778599261
C_hard_maze,2,4,16,62534256,h_next,200,False,nan,200,200,5.991447778599261
C_hard_maze,2,4,16,62534256,h_legsum,200,False,nan,200,200,5.991447778599261
C_hard_maze,2,4,16,62534256,h_oracle,200,True,5.991447778599259,62,62,5.991447778599261
C_hard_maze,2,4,16,62534256,h_next,400,False,nan,400,400,5.991447778599261
C_hard_maze,2,4,16,62534256,h_legsum,400,False,nan,400,400,5.991447778599261
C_hard_maze,2,4,16,62534256,h_oracle,400,True,5.991447778599259,62,62,5.991447778599261
C_hard_maze,2,4,16,62534256,h_next,800,True,5.991447778599259,729,729,5.991447778599261
C_hard_maze,2,4,16,62534256,h_legsum,800,True,5.991447778599259,687,687,5.991447778599261
C_hard_maze,2,4,16,62534256,h_oracle,800,True,5.991447778599259,62,62,5.991447778599261
C_hard_maze,2,4,16,62534256,h_next,1600,True,5.991447778599259,729,729,5.991447778599261
C_hard_maze,2,4,16,62534256,h_legsum,1600,True,5.991447778599259,687,687,5.991447778599261
C_hard_maze,2,4,16,62534256,h_oracle,1600,True,5.991447778599259,62,62,5.991447778599261
C_hard_maze,2,4,16,62534256,h_next,3200,True,5.991447778599259,729,729,5.991447778599261
C_hard_maze,2,4,16,62534256,h_legsum,3200,True,5.991447778599259,687,687,5.991447778599261
C_hard_maze,2,4,16,62534256,h_oracle,3200,True,5.991447778599259,62,62,5.991447778599261
C_hard_maze,2,4,17,62542175,h_next,100,False,nan,100,100,5.607241235208075
C_hard_maze,2,4,17,62542175,h_legsum,100,False,nan,100,100,5.607241235208075
C_hard_maze,2,4,17,62542175,h_oracle,100,True,5.607241235208076,65,65,5.607241235208075
C_hard_maze,2,4,17,62542175,h_next,200,False,nan,200,200,5.607241235208075
C_hard_maze,2,4,17,62542175,h_legsum,200,False,nan,200,200,5.607241235208075
C_hard_maze,2,4,17,62542175,h_oracle,200,True,5.607241235208076,65,65,5.607241235208075
C_hard_maze,2,4,17,62542175,h_next,400,False,nan,400,400,5.607241235208075
C_hard_maze,2,4,17,62542175,h_legsum,400,False,nan,400,400,5.607241235208075
C_hard_maze,2,4,17,62542175,h_oracle,400,True,5.607241235208076,65,65,5.607241235208075
C_hard_maze,2,4,17,62542175,h_next,800,True,5.607241235208076,689,689,5.607241235208075
C_hard_maze,2,4,17,62542175,h_legsum,800,True,5.607241235208076,536,536,5.607241235208075
C_hard_maze,2,4,17,62542175,h_oracle,800,True,5.607241235208076,65,65,5.607241235208075
C_hard_maze,2,4,17,62542175,h_next,1600,True,5.607241235208076,689,689,5.607241235208075
C_hard_maze,2,4,17,62542175,h_legsum,1600,True,5.607241235208076,536,536,5.607241235208075
C_hard_maze,2,4,17,62542175,h_oracle,1600,True,5.607241235208076,65,65,5.607241235208075
C_hard_maze,2,4,17,62542175,h_next,3200,True,5.607241235208076,689,689,5.607241235208075
C_hard_maze,2,4,17,62542175,h_legsum,3200,True,5.607241235208076,536,536,5.607241235208075
C_hard_maze,2,4,17,62542175,h_oracle,3200,True,5.607241235208076,65,65,5.607241235208075
C_hard_maze,2,4,18,62558013,h_next,100,False,nan,100,100,5.044671850796662
C_hard_maze,2,4,18,62558013,h_legsum,100,False,nan,100,100,5.044671850796662
C_hard_maze,2,4,18,62558013,h_oracle,100,True,5.0446718507966635,54,54,5.044671850796662
C_hard_maze,2,4,18,62558013,h_next,200,False,nan,200,200,5.044671850796662
C_hard_maze,2,4,18,62558013,h_legsum,200,False,nan,200,200,5.044671850796662
C_hard_maze,2,4,18,62558013,h_oracle,200,True,5.0446718507966635,54,54,5.044671850796662
C_hard_maze,2,4,18,62558013,h_next,400,False,nan,400,400,5.044671850796662
C_hard_maze,2,4,18,62558013,h_legsum,400,False,nan,400,400,5.044671850796662
C_hard_maze,2,4,18,62558013,h_oracle,400,True,5.0446718507966635,54,54,5.044671850796662
C_hard_maze,2,4,18,62558013,h_next,800,True,5.0446718507966635,760,760,5.044671850796662
C_hard_maze,2,4,18,62558013,h_legsum,800,True,5.0446718507966635,647,647,5.044671850796662
C_hard_maze,2,4,18,62558013,h_oracle,800,True,5.0446718507966635,54,54,5.044671850796662
C_hard_maze,2,4,18,62558013,h_next,1600,True,5.0446718507966635,760,760,5.044671850796662
C_hard_maze,2,4,18,62558013,h_legsum,1600,True,5.0446718507966635,647,647,5.044671850796662
C_hard_maze,2,4,18,62558013,h_oracle,1600,True,5.0446718507966635,54,54,5.044671850796662
C_hard_maze,2,4,18,62558013,h_next,3200,True,5.0446718507966635,760,760,5.044671850796662
C_hard_maze,2,4,18,62558013,h_legsum,3200,True,5.0446718507966635,647,647,5.044671850796662
C_hard_maze,2,4,18,62558013,h_oracle,3200,True,5.0446718507966635,54,54,5.044671850796662
C_hard_maze,2,4,19,62605527,h_next,100,False,nan,100,100,6.885357268658396
C_hard_maze,2,4,19,62605527,h_legsum,100,False,nan,100,100,6.885357268658396
C_hard_maze,2,4,19,62605527,h_oracle,100,True,6.885357268658392,79,79,6.885357268658396
C_hard_maze,2,4,19,62605527,h_next,200,False,nan,200,200,6.885357268658396
C_hard_maze,2,4,19,62605527,h_legsum,200,False,nan,200,200,6.885357268658396
C_hard_maze,2,4,19,62605527,h_oracle,200,True,6.885357268658392,79,79,6.885357268658396
C_hard_maze,2,4,19,62605527,h_next,400,False,nan,400,400,6.885357268658396
C_hard_maze,2,4,19,62605527,h_legsum,400,False,nan,400,400,6.885357268658396
C_hard_maze,2,4,19,62605527,h_oracle,400,True,6.885357268658392,79,79,6.885357268658396
C_hard_maze,2,4,19,62605527,h_next,800,True,6.885357268658392,728,728,6.885357268658396
C_hard_maze,2,4,19,62605527,h_legsum,800,True,6.885357268658392,689,689,6.885357268658396
C_hard_maze,2,4,19,62605527,h_oracle,800,True,6.885357268658392,79,79,6.885357268658396
C_hard_maze,2,4,19,62605527,h_next,1600,True,6.885357268658392,728,728,6.885357268658396
C_hard_maze,2,4,19,62605527,h_legsum,1600,True,6.885357268658392,689,689,6.885357268658396
C_hard_maze,2,4,19,62605527,h_oracle,1600,True,6.885357268658392,79,79,6.885357268658396
C_hard_maze,2,4,19,62605527,h_next,3200,True,6.885357268658392,728,728,6.885357268658396
C_hard_maze,2,4,19,62605527,h_legsum,3200,True,6.885357268658392,689,689,6.885357268658396
C_hard_maze,2,4,19,62605527,h_oracle,3200,True,6.885357268658392,79,79,6.885357268658396
C_hard_maze,2,4,20,62629284,h_next,100,False,nan,100,100,3.375690833566539
C_hard_maze,2,4,20,62629284,h_legsum,100,False,nan,100,100,3.375690833566539
C_hard_maze,2,4,20,62629284,h_oracle,100,True,3.3756908335665394,39,39,3.375690833566539
C_hard_maze,2,4,20,62629284,h_next,200,False,nan,200,200,3.375690833566539
C_hard_maze,2,4,20,62629284,h_legsum,200,False,nan,200,200,3.375690833566539
C_hard_maze,2,4,20,62629284,h_oracle,200,True,3.3756908335665394,39,39,3.375690833566539
C_hard_maze,2,4,20,62629284,h_next,400,False,nan,400,400,3.375690833566539
C_hard_maze,2,4,20,62629284,h_legsum,400,True,3.3756908335665394,360,360,3.375690833566539
C_hard_maze,2,4,20,62629284,h_oracle,400,True,3.3756908335665394,39,39,3.375690833566539
C_hard_maze,2,4,20,62629284,h_next,800,True,3.3756908335665394,645,645,3.375690833566539
C_hard_maze,2,4,20,62629284,h_legsum,800,True,3.3756908335665394,360,360,3.375690833566539
C_hard_maze,2,4,20,62629284,h_oracle,800,True,3.3756908335665394,39,39,3.375690833566539
C_hard_maze,2,4,20,62629284,h_next,1600,True,3.3756908335665394,645,645,3.375690833566539
C_hard_maze,2,4,20,62629284,h_legsum,1600,True,3.3756908335665394,360,360,3.375690833566539
C_hard_maze,2,4,20,62629284,h_oracle,1600,True,3.3756908335665394,39,39,3.375690833566539
C_hard_maze,2,4,20,62629284,h_next,3200,True,3.3756908335665394,645,645,3.375690833566539
C_hard_maze,2,4,20,62629284,h_legsum,3200,True,3.3756908335665394,360,360,3.375690833566539
C_hard_maze,2,4,20,62629284,h_oracle,3200,True,3.3756908335665394,39,39,3.375690833566539
C_hard_maze,2,4,21,62660960,h_next,100,False,nan,100,100,5.467353063028937
C_hard_maze,2,4,21,62660960,h_legsum,100,False,nan,100,100,5.467353063028937
C_hard_maze,2,4,21,62660960,h_oracle,100,True,5.467353063028939,61,61,5.467353063028937
C_hard_maze,2,4,21,62660960,h_next,200,False,nan,200,200,5.467353063028937
C_hard_maze,2,4,21,62660960,h_legsum,200,False,nan,200,200,5.467353063028937
C_hard_maze,2,4,21,62660960,h_oracle,200,True,5.467353063028939,61,61,5.467353063028937
C_hard_maze,2,4,21,62660960,h_next,400,False,nan,400,400,5.467353063028937
C_hard_maze,2,4,21,62660960,h_legsum,400,False,nan,400,400,5.467353063028937
C_hard_maze,2,4,21,62660960,h_oracle,400,True,5.467353063028939,61,61,5.467353063028937
C_hard_maze,2,4,21,62660960,h_next,800,False,nan,800,800,5.467353063028937
C_hard_maze,2,4,21,62660960,h_legsum,800,True,5.467353063028939,626,626,5.467353063028937
C_hard_maze,2,4,21,62660960,h_oracle,800,True,5.467353063028939,61,61,5.467353063028937
C_hard_maze,2,4,21,62660960,h_next,1600,True,5.467353063028939,809,809,5.467353063028937
C_hard_maze,2,4,21,62660960,h_legsum,1600,True,5.467353063028939,626,626,5.467353063028937
C_hard_maze,2,4,21,62660960,h_oracle,1600,True,5.467353063028939,61,61,5.467353063028937
C_hard_maze,2,4,21,62660960,h_next,3200,True,5.467353063028939,809,809,5.467353063028937
C_hard_maze,2,4,21,62660960,h_legsum,3200,True,5.467353063028939,626,626,5.467353063028937
C_hard_maze,2,4,21,62660960,h_oracle,3200,True,5.467353063028939,61,61,5.467353063028937
C_hard_maze,2,4,22,62676798,h_next,100,False,nan,100,100,3.535513623593755
C_hard_maze,2,4,22,62676798,h_legsum,100,False,nan,100,100,3.535513623593755
C_hard_maze,2,4,22,62676798,h_oracle,100,True,3.535513623593756,43,43,3.535513623593755
C_hard_maze,2,4,22,62676798,h_next,200,False,nan,200,200,3.535513623593755
C_hard_maze,2,4,22,62676798,h_legsum,200,False,nan,200,200,3.535513623593755
C_hard_maze,2,4,22,62676798,h_oracle,200,True,3.535513623593756,43,43,3.535513623593755
C_hard_maze,2,4,22,62676798,h_next,400,False,nan,400,400,3.535513623593755
C_hard_maze,2,4,22,62676798,h_legsum,400,False,nan,400,400,3.535513623593755
C_hard_maze,2,4,22,62676798,h_oracle,400,True,3.535513623593756,43,43,3.535513623593755
C_hard_maze,2,4,22,62676798,h_next,800,True,3.535513623593756,667,667,3.535513623593755
C_hard_maze,2,4,22,62676798,h_legsum,800,True,3.535513623593756,430,430,3.535513623593755
C_hard_maze,2,4,22,62676798,h_oracle,800,True,3.535513623593756,43,43,3.535513623593755
C_hard_maze,2,4,22,62676798,h_next,1600,True,3.535513623593756,667,667,3.535513623593755
C_hard_maze,2,4,22,62676798,h_legsum,1600,True,3.535513623593756,430,430,3.535513623593755
C_hard_maze,2,4,22,62676798,h_oracle,1600,True,3.535513623593756,43,43,3.535513623593755
C_hard_maze,2,4,22,62676798,h_next,3200,True,3.535513623593756,667,667,3.535513623593755
C_hard_maze,2,4,22,62676798,h_legsum,3200,True,3.535513623593756,430,430,3.535513623593755
C_hard_maze,2,4,22,62676798,h_oracle,3200,True,3.535513623593756,43,43,3.535513623593755
C_hard_maze,2,4,23,62740150,h_next,100,False,nan,100,100,5.728259885766561
C_hard_maze,2,4,23,62740150,h_legsum,100,False,nan,100,100,5.728259885766561
C_hard_maze,2,4,23,62740150,h_oracle,100,True,5.728259885766561,69,69,5.728259885766561
C_hard_maze,2,4,23,62740150,h_next,200,False,nan,200,200,5.728259885766561
C_hard_maze,2,4,23,62740150,h_legsum,200,False,nan,200,200,5.728259885766561
C_hard_maze,2,4,23,62740150,h_oracle,200,True,5.728259885766561,69,69,5.728259885766561
C_hard_maze,2,4,23,62740150,h_next,400,False,nan,400,400,5.728259885766561
C_hard_maze,2,4,23,62740150,h_legsum,400,False,nan,400,400,5.728259885766561
C_hard_maze,2,4,23,62740150,h_oracle,400,True,5.728259885766561,69,69,5.728259885766561
C_hard_maze,2,4,23,62740150,h_next,800,False,nan,800,800,5.728259885766561
C_hard_maze,2,4,23,62740150,h_legsum,800,True,5.728259885766561,749,749,5.728259885766561
C_hard_maze,2,4,23,62740150,h_oracle,800,True,5.728259885766561,69,69,5.728259885766561
C_hard_maze,2,4,23,62740150,h_next,1600,True,5.728259885766561,819,819,5.728259885766561
C_hard_maze,2,4,23,62740150,h_legsum,1600,True,5.728259885766561,749,749,5.728259885766561
C_hard_maze,2,4,23,62740150,h_oracle,1600,True,5.728259885766561,69,69,5.728259885766561
C_hard_maze,2,4,23,62740150,h_next,3200,True,5.728259885766561,819,819,5.728259885766561
C_hard_maze,2,4,23,62740150,h_legsum,3200,True,5.728259885766561,749,749,5.728259885766561
C_hard_maze,2,4,23,62740150,h_oracle,3200,True,5.728259885766561,69,69,5.728259885766561
C_hard_maze,2,4,24,62748069,h_next,100,False,nan,100,100,4.422729275222728
C_hard_maze,2,4,24,62748069,h_legsum,100,False,nan,100,100,4.422729275222728
C_hard_maze,2,4,24,62748069,h_oracle,100,True,4.422729275222727,51,51,4.422729275222728
C_hard_maze,2,4,24,62748069,h_next,200,False,nan,200,200,4.422729275222728
C_hard_maze,2,4,24,62748069,h_legsum,200,False,nan,200,200,4.422729275222728
C_hard_maze,2,4,24,62748069,h_oracle,200,True,4.422729275222727,51,51,4.422729275222728
C_hard_maze,2,4,24,62748069,h_next,400,False,nan,400,400,4.422729275222728
C_hard_maze,2,4,24,62748069,h_legsum,400,False,nan,400,400,4.422729275222728
C_hard_maze,2,4,24,62748069,h_oracle,400,True,4.422729275222727,51,51,4.422729275222728
C_hard_maze,2,4,24,62748069,h_next,800,False,nan,800,800,4.422729275222728
C_hard_maze,2,4,24,62748069,h_legsum,800,True,4.422729275222727,591,591,4.422729275222728
C_hard_maze,2,4,24,62748069,h_oracle,800,True,4.422729275222727,51,51,4.422729275222728
C_hard_maze,2,4,24,62748069,h_next,1600,True,4.422729275222727,823,823,4.422729275222728
C_hard_maze,2,4,24,62748069,h_legsum,1600,True,4.422729275222727,591,591,4.422729275222728
C_hard_maze,2,4,24,62748069,h_oracle,1600,True,4.422729275222727,51,51,4.422729275222728
C_hard_maze,2,4,24,62748069,h_next,3200,True,4.422729275222727,823,823,4.422729275222728
C_hard_maze,2,4,24,62748069,h_legsum,3200,True,4.422729275222727,591,591,4.422729275222728
C_hard_maze,2,4,24,62748069,h_oracle,3200,True,4.422729275222727,51,51,4.422729275222728
C_hard_maze,2,8,0,124113434,h_next,100,False,nan,100,100,8.722212391381952
C_hard_maze,2,8,0,124113434,h_legsum,100,False,nan,100,100,8.722212391381952
C_hard_maze,2,8,0,124113434,h_oracle,100,True,8.722212391381953,89,89,8.722212391381952
C_hard_maze,2,8,0,124113434,h_next,200,False,nan,200,200,8.722212391381952
C_hard_maze,2,8,0,124113434,h_legsum,200,False,nan,200,200,8.722212391381952
C_hard_maze,2,8,0,124113434,h_oracle,200,True,8.722212391381953,89,89,8.722212391381952
C_hard_maze,2,8,0,124113434,h_next,400,False,nan,400,400,8.722212391381952
C_hard_maze,2,8,0,124113434,h_legsum,400,False,nan,400,400,8.722212391381952
C_hard_maze,2,8,0,124113434,h_oracle,400,True,8.722212391381953,89,89,8.722212391381952
C_hard_maze,2,8,0,124113434,h_next,800,False,nan,800,800,8.722212391381952
C_hard_maze,2,8,0,124113434,h_legsum,800,False,nan,800,800,8.722212391381952
C_hard_maze,2,8,0,124113434,h_oracle,800,True,8.722212391381953,89,89,8.722212391381952
C_hard_maze,2,8,0,124113434,h_next,1600,True,8.722212391381953,1348,1348,8.722212391381952
C_hard_maze,2,8,0,124113434,h_legsum,1600,True,8.722212391381953,1283,1283,8.722212391381952
C_hard_maze,2,8,0,124113434,h_oracle,1600,True,8.722212391381953,89,89,8.722212391381952
C_hard_maze,2,8,0,124113434,h_next,3200,True,8.722212391381953,1348,1348,8.722212391381952
C_hard_maze,2,8,0,124113434,h_legsum,3200,True,8.722212391381953,1283,1283,8.722212391381952
C_hard_maze,2,8,0,124113434,h_oracle,3200,True,8.722212391381953,89,89,8.722212391381952
C_hard_maze,2,8,1,124137191,h_next,100,False,nan,100,100,8.62237595170096
C_hard_maze,2,8,1,124137191,h_legsum,100,False,nan,100,100,8.62237595170096
C_hard_maze,2,8,1,124137191,h_oracle,100,True,8.622375951700956,91,91,8.62237595170096
C_hard_maze,2,8,1,124137191,h_next,200,False,nan,200,200,8.62237595170096
C_hard_maze,2,8,1,124137191,h_legsum,200,False,nan,200,200,8.62237595170096
C_hard_maze,2,8,1,124137191,h_oracle,200,True,8.622375951700956,91,91,8.62237595170096
C_hard_maze,2,8,1,124137191,h_next,400,False,nan,400,400,8.62237595170096
C_hard_maze,2,8,1,124137191,h_legsum,400,False,nan,400,400,8.62237595170096
C_hard_maze,2,8,1,124137191,h_oracle,400,True,8.622375951700956,91,91,8.62237595170096
C_hard_maze,2,8,1,124137191,h_next,800,False,nan,800,800,8.62237595170096
C_hard_maze,2,8,1,124137191,h_legsum,800,False,nan,800,800,8.62237595170096
C_hard_maze,2,8,1,124137191,h_oracle,800,True,8.622375951700956,91,91,8.62237595170096
C_hard_maze,2,8,1,124137191,h_next,1600,True,8.622375951700956,1388,1388,8.62237595170096
C_hard_maze,2,8,1,124137191,h_legsum,1600,True,8.622375951700956,1216,1216,8.62237595170096
C_hard_maze,2,8,1,124137191,h_oracle,1600,True,8.622375951700956,91,91,8.62237595170096
C_hard_maze,2,8,1,124137191,h_next,3200,True,8.622375951700956,1388,1388,8.62237595170096
C_hard_maze,2,8,1,124137191,h_legsum,3200,True,8.622375951700956,1216,1216,8.62237595170096
C_hard_maze,2,8,1,124137191,h_oracle,3200,True,8.622375951700956,91,91,8.62237595170096
C_hard_maze,2,8,2,124184705,h_next,100,False,nan,100,100,9.042969996420878
C_hard_maze,2,8,2,124184705,h_legsum,100,False,nan,100,100,9.042969996420878
C_hard_maze,2,8,2,124184705,h_oracle,100,False,nan,100,100,9.042969996420878
C_hard_maze,2,8,2,124184705,h_next,200,False,nan,200,200,9.042969996420878
C_hard_maze,2,8,2,124184705,h_legsum,200,False,nan,200,200,9.042969996420878
C_hard_maze,2,8,2,124184705,h_oracle,200,True,9.042969996420876,113,113,9.042969996420878
C_hard_maze,2,8,2,124184705,h_next,400,False,nan,400,400,9.042969996420878
C_hard_maze,2,8,2,124184705,h_legsum,400,False,nan,400,400,9.042969996420878
C_hard_maze,2,8,2,124184705,h_oracle,400,True,9.042969996420876,113,113,9.042969996420878
C_hard_maze,2,8,2,124184705,h_next,800,False,nan,800,800,9.042969996420878
C_hard_maze,2,8,2,124184705,h_legsum,800,False,nan,800,800,9.042969996420878
C_hard_maze,2,8,2,124184705,h_oracle,800,True,9.042969996420876,113,113,9.042969996420878
C_hard_maze,2,8,2,124184705,h_next,1600,False,nan,1600,1600,9.042969996420878
C_hard_maze,2,8,2,124184705,h_legsum,1600,False,nan,1600,1600,9.042969996420878
C_hard_maze,2,8,2,124184705,h_oracle,1600,True,9.042969996420876,113,113,9.042969996420878
C_hard_maze,2,8,2,124184705,h_next,3200,True,9.042969996420876,1677,1677,9.042969996420878
C_hard_maze,2,8,2,124184705,h_legsum,3200,True,9.042969996420876,1677,1677,9.042969996420878
C_hard_maze,2,8,2,124184705,h_oracle,3200,True,9.042969996420876,113,113,9.042969996420878
C_hard_maze,2,8,3,124232219,h_next,100,False,nan,100,100,10.099012495434902
C_hard_maze,2,8,3,124232219,h_legsum,100,False,nan,100,100,10.099012495434902
C_hard_maze,2,8,3,124232219,h_oracle,100,False,nan,100,100,10.099012495434902
C_hard_maze,2,8,3,124232219,h_next,200,False,nan,200,200,10.099012495434902
C_hard_maze,2,8,3,124232219,h_legsum,200,False,nan,200,200,10.099012495434902
C_hard_maze,2,8,3,124232219,h_oracle,200,True,10.099012495434906,105,105,10.099012495434902
C_hard_maze,2,8,3,124232219,h_next,400,False,nan,400,400,10.099012495434902
C_hard_maze,2,8,3,124232219,h_legsum,400,False,nan,400,400,10.099012495434902
C_hard_maze,2,8,3,124232219,h_oracle,400,True,10.099012495434906,105,105,10.099012495434902
C_hard_maze,2,8,3,124232219,h_next,800,False,nan,800,800,10.099012495434902
C_hard_maze,2,8,3,124232219,h_legsum,800,False,nan,800,800,10.099012495434902
C_hard_maze,2,8,3,124232219,h_oracle,800,True,10.099012495434906,105,105,10.099012495434902
C_hard_maze,2,8,3,124232219,h_next,1600,True,10.099012495434906,1392,1392,10.099012495434902
C_hard_maze,2,8,3,124232219,h_legsum,1600,True,10.099012495434906,1168,1168,10.099012495434902
C_hard_maze,2,8,3,124232219,h_oracle,1600,True,10.099012495434906,105,105,10.099012495434902
C_hard_maze,2,8,3,124232219,h_next,3200,True,10.099012495434906,1392,1392,10.099012495434902
C_hard_maze,2,8,3,124232219,h_legsum,3200,True,10.099012495434906,1168,1168,10.099012495434902
C_hard_maze,2,8,3,124232219,h_oracle,3200,True,10.099012495434906,105,105,10.099012495434902
C_hard_maze,2,8,4,124287652,h_next,100,False,nan,100,100,11.219660960997276
C_hard_maze,2,8,4,124287652,h_legsum,100,False,nan,100,100,11.219660960997276
C_hard_maze,2,8,4,124287652,h_oracle,100,False,nan,100,100,11.219660960997276
C_hard_maze,2,8,4,124287652,h_next,200,False,nan,200,200,11.219660960997276
C_hard_maze,2,8,4,124287652,h_legsum,200,False,nan,200,200,11.219660960997276
C_hard_maze,2,8,4,124287652,h_oracle,200,True,11.219660960997272,117,117,11.219660960997276
C_hard_maze,2,8,4,124287652,h_next,400,False,nan,400,400,11.219660960997276
C_hard_maze,2,8,4,124287652,h_legsum,400,False,nan,400,400,11.219660960997276
C_hard_maze,2,8,4,124287652,h_oracle,400,True,11.219660960997272,117,117,11.219660960997276
C_hard_maze,2,8,4,124287652,h_next,800,False,nan,800,800,11.219660960997276
C_hard_maze,2,8,4,124287652,h_legsum,800,False,nan,800,800,11.219660960997276
C_hard_maze,2,8,4,124287652,h_oracle,800,True,11.219660960997272,117,117,11.219660960997276
C_hard_maze,2,8,4,124287652,h_next,1600,True,11.219660960997272,1553,1553,11.219660960997276
C_hard_maze,2,8,4,124287652,h_legsum,1600,True,11.219660960997272,1389,1389,11.219660960997276
C_hard_maze,2,8,4,124287652,h_oracle,1600,True,11.219660960997272,117,117,11.219660960997276
C_hard_maze,2,8,4,124287652,h_next,3200,True,11.219660960997272,1553,1553,11.219660960997276
C_hard_maze,2,8,4,124287652,h_legsum,3200,True,11.219660960997272,1389,1389,11.219660960997276
C_hard_maze,2,8,4,124287652,h_oracle,3200,True,11.219660960997272,117,117,11.219660960997276
C_hard_maze,2,8,5,124295571,h_next,100,False,nan,100,100,10.274931542383372
C_hard_maze,2,8,5,124295571,h_legsum,100,False,nan,100,100,10.274931542383372
C_hard_maze,2,8,5,124295571,h_oracle,100,False,nan,100,100,10.274931542383372
C_hard_maze,2,8,5,124295571,h_next,200,False,nan,200,200,10.274931542383372
C_hard_maze,2,8,5,124295571,h_legsum,200,False,nan,200,200,10.274931542383372
C_hard_maze,2,8,5,124295571,h_oracle,200,True,10.27493154238337,111,111,10.274931542383372
C_hard_maze,2,8,5,124295571,h_next,400,False,nan,400,400,10.274931542383372
C_hard_maze,2,8,5,124295571,h_legsum,400,False,nan,400,400,10.274931542383372
C_hard_maze,2,8,5,124295571,h_oracle,400,True,10.27493154238337,111,111,10.274931542383372
C_hard_maze,2,8,5,124295571,h_next,800,False,nan,800,800,10.274931542383372
C_hard_maze,2,8,5,124295571,h_legsum,800,False,nan,800,800,10.274931542383372
C_hard_maze,2,8,5,124295571,h_oracle,800,True,10.27493154238337,111,111,10.274931542383372
C_hard_maze,2,8,5,124295571,h_next,1600,True,10.27493154238337,1533,1533,10.274931542383372
C_hard_maze,2,8,5,124295571,h_legsum,1600,True,10.27493154238337,1494,1494,10.274931542383372
C_hard_maze,2,8,5,124295571,h_oracle,1600,True,10.27493154238337,111,111,10.274931542383372
C_hard_maze,2,8,5,124295571,h_next,3200,True,10.27493154238337,1533,1533,10.274931542383372
C_hard_maze,2,8,5,124295571,h_legsum,3200,True,10.27493154238337,1494,1494,10.274931542383372
C_hard_maze,2,8,5,124295571,h_oracle,3200,True,10.27493154238337,111,111,10.274931542383372
C_hard_maze,2,8,6,124303490,h_next,100,False,nan,100,100,12.223809774259887
C_hard_maze,2,8,6,124303490,h_legsum,100,False,nan,100,100,12.223809774259887
C_hard_maze,2,8,6,124303490,h_oracle,100,False,nan,100,100,12.223809774259887
C_hard_maze,2,8,6,124303490,h_next,200,False,nan,200,200,12.223809774259887
C_hard_maze,2,8,6,124303490,h_legsum,200,False,nan,200,200,12.223809774259887
C_hard_maze,2,8,6,124303490,h_oracle,200,True,12.223809774259886,122,122,12.223809774259887
C_hard_maze,2,8,6,124303490,h_next,400,False,nan,400,400,12.223809774259887
C_hard_maze,2,8,6,124303490,h_legsum,400,False,nan,400,400,12.223809774259887
C_hard_maze,2,8,6,124303490,h_oracle,400,True,12.223809774259886,122,122,12.223809774259887
C_hard_maze,2,8,6,124303490,h_next,800,False,nan,800,800,12.223809774259887
C_hard_maze,2,8,6,124303490,h_legsum,800,False,nan,800,800,12.223809774259887
C_hard_maze,2,8,6,124303490,h_oracle,800,True,12.223809774259886,122,122,12.223809774259887
C_hard_maze,2,8,6,124303490,h_next,1600,True,12.223809774259886,1580,1580,12.223809774259887
C_hard_maze,2,8,6,124303490,h_legsum,1600,True,12.223809774259886,1363,1363,12.223809774259887
C_hard_maze,2,8,6,124303490,h_oracle,1600,True,12.223809774259886,122,122,12.223809774259887
C_hard_maze,2,8,6,124303490,h_next,3200,True,12.223809774259886,1580,1580,12.223809774259887
C_hard_maze,2,8,6,124303490,h_legsum,3200,True,12.223809774259886,1363,1363,12.223809774259887
C_hard_maze,2,8,6,124303490,h_oracle,3200,True,12.223809774259886,122,122,12.223809774259887
C_hard_maze,2,8,7,124327247,h_next,100,False,nan,100,100,9.582908084693239
C_hard_maze,2,8,7,124327247,h_legsum,100,False,nan,100,100,9.582908084693239
C_hard_maze,2,8,7,124327247,h_oracle,100,False,nan,100,100,9.582908084693239
C_hard_maze,2,8,7,124327247,h_next,200,False,nan,200,200,9.582908084693239
C_hard_maze,2,8,7,124327247,h_legsum,200,False,nan,200,200,9.582908084693239
C_hard_maze,2,8,7,124327247,h_oracle,200,True,9.582908084693239,101,101,9.582908084693239
C_hard_maze,2,8,7,124327247,h_next,400,False,nan,400,400,9.582908084693239
C_hard_maze,2,8,7,124327247,h_legsum,400,False,nan,400,400,9.582908084693239
C_hard_maze,2,8,7,124327247,h_oracle,400,True,9.582908084693239,101,101,9.582908084693239
C_hard_maze,2,8,7,124327247,h_next,800,False,nan,800,800,9.582908084693239
C_hard_maze,2,8,7,124327247,h_legsum,800,False,nan,800,800,9.582908084693239
C_hard_maze,2,8,7,124327247,h_oracle,800,True,9.582908084693239,101,101,9.582908084693239
C_hard_maze,2,8,7,124327247,h_next,1600,True,9.582908084693239,1436,1436,9.582908084693239
C_hard_maze,2,8,7,124327247,h_legsum,1600,True,9.582908084693239,1372,1372,9.582908084693239
C_hard_maze,2,8,7,124327247,h_oracle,1600,True,9.582908084693239,101,101,9.582908084693239
C_hard_maze,2,8,7,124327247,h_next,3200,True,9.582908084693239,1436,1436,9.582908084693239
C_hard_maze,2,8,7,124327247,h_legsum,3200,True,9.582908084693239,1372,1372,9.582908084693239
C_hard_maze,2,8,7,124327247,h_oracle,3200,True,9.582908084693239,101,101,9.582908084693239
C_hard_maze,2,8,8,124358923,h_next,100,False,nan,100,100,11.224692961458297
C_hard_maze,2,8,8,124358923,h_legsum,100,False,nan,100,100,11.224692961458297
C_hard_maze,2,8,8,124358923,h_oracle,100,False,nan,100,100,11.224692961458297
C_hard_maze,2,8,8,124358923,h_next,200,False,nan,200,200,11.224692961458297
C_hard_maze,2,8,8,124358923,h_legsum,200,False,nan,200,200,11.224692961458297
C_hard_maze,2,8,8,124358923,h_oracle,200,True,11.224692961458294,131,131,11.224692961458297
C_hard_maze,2,8,8,124358923,h_next,400,False,nan,400,400,11.224692961458297
C_hard_maze,2,8,8,124358923,h_legsum,400,False,nan,400,400,11.224692961458297
C_hard_maze,2,8,8,124358923,h_oracle,400,True,11.224692961458294,131,131,11.224692961458297
C_hard_maze,2,8,8,124358923,h_next,800,False,nan,800,800,11.224692961458297
C_hard_maze,2,8,8,124358923,h_legsum,800,False,nan,800,800,11.224692961458297
C_hard_maze,2,8,8,124358923,h_oracle,800,True,11.224692961458294,131,131,11.224692961458297
C_hard_maze,2,8,8,124358923,h_next,1600,True,11.224692961458294,1590,1590,11.224692961458297
C_hard_maze,2,8,8,124358923,h_legsum,1600,True,11.224692961458294,1526,1526,11.224692961458297
C_hard_maze,2,8,8,124358923,h_oracle,1600,True,11.224692961458294,131,131,11.224692961458297
C_hard_maze,2,8,8,124358923,h_next,3200,True,11.224692961458294,1590,1590,11.224692961458297
C_hard_maze,2,8,8,124358923,h_legsum,3200,True,11.224692961458294,1526,1526,11.224692961458297
C_hard_maze,2,8,8,124358923,h_oracle,3200,True,11.224692961458294,131,131,11.224692961458297
C_hard_maze,2,8,9,124382680,h_next,100,False,nan,100,100,8.093423179822974
C_hard_maze,2,8,9,124382680,h_legsum,100,False,nan,100,100,8.093423179822974
C_hard_maze,2,8,9,124382680,h_oracle,100,True,8.093423179822972,87,87,8.093423179822974
C_hard_maze,2,8,9,124382680,h_next,200,False,nan,200,200,8.093423179822974
C_hard_maze,2,8,9,124382680,h_legsum,200,False,nan,200,200,8.093423179822974
C_hard_maze,2,8,9,124382680,h_oracle,200,True,8.093423179822972,87,87,8.093423179822974
C_hard_maze,2,8,9,124382680,h_next,400,False,nan,400,400,8.093423179822974
C_hard_maze,2,8,9,124382680,h_legsum,400,False,nan,400,400,8.093423179822974
C_hard_maze,2,8,9,124382680,h_oracle,400,True,8.093423179822972,87,87,8.093423179822974
C_hard_maze,2,8,9,124382680,h_next,800,False,nan,800,800,8.093423179822974
C_hard_maze,2,8,9,124382680,h_legsum,800,False,nan,800,800,8.093423179822974
C_hard_maze,2,8,9,124382680,h_oracle,800,True,8.093423179822972,87,87,8.093423179822974
C_hard_maze,2,8,9,124382680,h_next,1600,True,8.093423179822972,1507,1507,8.093423179822974
C_hard_maze,2,8,9,124382680,h_legsum,1600,True,8.093423179822972,1377,1377,8.093423179822974
C_hard_maze,2,8,9,124382680,h_oracle,1600,True,8.093423179822972,87,87,8.093423179822974
C_hard_maze,2,8,9,124382680,h_next,3200,True,8.093423179822972,1507,1507,8.093423179822974
C_hard_maze,2,8,9,124382680,h_legsum,3200,True,8.093423179822972,1377,1377,8.093423179822974
C_hard_maze,2,8,9,124382680,h_oracle,3200,True,8.093423179822972,87,87,8.093423179822974
C_hard_maze,2,8,10,124390599,h_next,100,False,nan,100,100,5.6522796792984025
C_hard_maze,2,8,10,124390599,h_legsum,100,False,nan,100,100,5.6522796792984025
C_hard_maze,2,8,10,124390599,h_oracle,100,True,5.652279679298406,63,63,5.6522796792984025
C_hard_maze,2,8,10,124390599,h_next,200,False,nan,200,200,5.6522796792984025
C_hard_maze,2,8,10,124390599,h_legsum,200,False,nan,200,200,5.6522796792984025
C_hard_maze,2,8,10,124390599,h_oracle,200,True,5.652279679298406,63,63,5.6522796792984025
C_hard_maze,2,8,10,124390599,h_next,400,False,nan,400,400,5.6522796792984025
C_hard_maze,2,8,10,124390599,h_legsum,400,False,nan,400,400,5.6522796792984025
C_hard_maze,2,8,10,124390599,h_oracle,400,True,5.652279679298406,63,63,5.6522796792984025
C_hard_maze,2,8,10,124390599,h_next,800,False,nan,800,800,5.6522796792984025
C_hard_maze,2,8,10,124390599,h_legsum,800,False,nan,800,800,5.6522796792984025
C_hard_maze,2,8,10,124390599,h_oracle,800,True,5.652279679298406,63,63,5.6522796792984025
C_hard_maze,2,8,10,124390599,h_next,1600,True,5.652279679298406,1454,1454,5.6522796792984025
C_hard_maze,2,8,10,124390599,h_legsum,1600,True,5.652279679298406,1340,1340,5.6522796792984025
C_hard_maze,2,8,10,124390599,h_oracle,1600,True,5.652279679298406,63,63,5.6522796792984025
C_hard_maze,2,8,10,124390599,h_next,3200,True,5.652279679298406,1454,1454,5.6522796792984025
C_hard_maze,2,8,10,124390599,h_legsum,3200,True,5.652279679298406,1340,1340,5.6522796792984025
C_hard_maze,2,8,10,124390599,h_oracle,3200,True,5.652279679298406,63,63,5.6522796792984025
C_hard_maze,2,8,11,124414356,h_next,100,False,nan,100,100,10.714765640573306
C_hard_maze,2,8,11,124414356,h_legsum,100,False,nan,100,100,10.714765640573306
C_hard_maze,2,8,11,124414356,h_oracle,100,False,nan,100,100,10.714765640573306
C_hard_maze,2,8,11,124414356,h_next,200,False,nan,200,200,10.714765640573306
C_hard_maze,2,8,11,124414356,h_legsum,200,False,nan,200,200,10.714765640573306
C_hard_maze,2,8,11,124414356,h_oracle,200,True,10.71476564057331,120,120,10.714765640573306
C_hard_maze,2,8,11,124414356,h_next,400,False,nan,400,400,10.714765640573306
C_hard_maze,2,8,11,124414356,h_legsum,400,False,nan,400,400,10.714765640573306
C_hard_maze,2,8,11,124414356,h_oracle,400,True,10.71476564057331,120,120,10.714765640573306
C_hard_maze,2,8,11,124414356,h_next,800,False,nan,800,800,10.714765640573306
C_hard_maze,2,8,11,124414356,h_legsum,800,False,nan,800,800,10.714765640573306
C_hard_maze,2,8,11,124414356,h_oracle,800,True,10.71476564057331,120,120,10.714765640573306
C_hard_maze,2,8,11,124414356,h_next,1600,True,10.71476564057331,1529,1529,10.714765640573306
C_hard_maze,2,8,11,124414356,h_legsum,1600,True,10.71476564057331,1502,1502,10.714765640573306
C_hard_maze,2,8,11,124414356,h_oracle,1600,True,10.71476564057331,120,120,10.714765640573306
C_hard_maze,2,8,11,124414356,h_next,3200,True,10.71476564057331,1529,1529,10.714765640573306
C_hard_maze,2,8,11,124414356,h_legsum,3200,True,10.71476564057331,1502,1502,10.714765640573306
C_hard_maze,2,8,11,124414356,h_oracle,3200,True,10.71476564057331,120,120,10.714765640573306
C_hard_maze,2,8,12,124422275,h_next,100,False,nan,100,100,14.497671386248255
C_hard_maze,2,8,12,124422275,h_legsum,100,False,nan,100,100,14.497671386248255
C_hard_maze,2,8,12,124422275,h_oracle,100,False,nan,100,100,14.497671386248255
C_hard_maze,2,8,12,124422275,h_next,200,False,nan,200,200,14.497671386248255
C_hard_maze,2,8,12,124422275,h_legsum,200,False,nan,200,200,14.497671386248255
C_hard_maze,2,8,12,124422275,h_oracle,200,True,14.49767138624826,154,154,14.497671386248255
C_hard_maze,2,8,12,124422275,h_next,400,False,nan,400,400,14.497671386248255
C_hard_maze,2,8,12,124422275,h_legsum,400,False,nan,400,400,14.497671386248255
C_hard_maze,2,8,12,124422275,h_oracle,400,True,14.49767138624826,154,154,14.497671386248255
C_hard_maze,2,8,12,124422275,h_next,800,False,nan,800,800,14.497671386248255
C_hard_maze,2,8,12,124422275,h_legsum,800,False,nan,800,800,14.497671386248255
C_hard_maze,2,8,12,124422275,h_oracle,800,True,14.49767138624826,154,154,14.497671386248255
C_hard_maze,2,8,12,124422275,h_next,1600,False,nan,1600,1600,14.497671386248255
C_hard_maze,2,8,12,124422275,h_legsum,1600,True,14.49767138624826,1591,1591,14.497671386248255
C_hard_maze,2,8,12,124422275,h_oracle,1600,True,14.49767138624826,154,154,14.497671386248255
C_hard_maze,2,8,12,124422275,h_next,3200,True,14.49767138624826,1617,1617,14.497671386248255
C_hard_maze,2,8,12,124422275,h_legsum,3200,True,14.49767138624826,1591,1591,14.497671386248255
C_hard_maze,2,8,12,124422275,h_oracle,3200,True,14.49767138624826,154,154,14.497671386248255
C_hard_maze,2,8,13,124477708,h_next,100,False,nan,100,100,8.219765319541096
C_hard_maze,2,8,13,124477708,h_legsum,100,False,nan,100,100,8.219765319541096
C_hard_maze,2,8,13,124477708,h_oracle,100,True,8.219765319541096,98,98,8.219765319541096
C_hard_maze,2,8,13,124477708,h_next,200,False,nan,200,200,8.219765319541096
C_hard_maze,2,8,13,124477708,h_legsum,200,False,nan,200,200,8.219765319541096
C_hard_maze,2,8,13,124477708,h_oracle,200,True,8.219765319541096,98,98,8.219765319541096
C_hard_maze,2,8,13,124477708,h_next,400,False,nan,400,400,8.219765319541096
C_hard_maze,2,8,13,124477708,h_legsum,400,False,nan,400,400,8.219765319541096
C_hard_maze,2,8,13,124477708,h_oracle,400,True,8.219765319541096,98,98,8.219765319541096
C_hard_maze,2,8,13,124477708,h_next,800,False,nan,800,800,8.219765319541096
C_hard_maze,2,8,13,124477708,h_legsum,800,False,nan,800,800,8.219765319541096
C_hard_maze,2,8,13,124477708,h_oracle,800,True,8.219765319541096,98,98,8.219765319541096
C_hard_maze,2,8,13,124477708,h_next,1600,True,8.219765319541096,1325,1325,8.219765319541096
C_hard_maze,2,8,13,124477708,h_legsum,1600,True,8.219765319541096,1104,1104,8.219765319541096
C_hard_maze,2,8,13,124477708,h_oracle,1600,True,8.219765319541096,98,98,8.219765319541096
C_hard_maze,2,8,13,124477708,h_next,3200,True,8.219765319541096,1325,1325,8.219765319541096
C_hard_maze,2,8,13,124477708,h_legsum,3200,True,8.219765319541096,1104,1104,8.219765319541096
C_hard_maze,2,8,13,124477708,h_oracle,3200,True,8.219765319541096,98,98,8.219765319541096
C_hard_maze,2,8,14,124485627,h_next,100,False,nan,100,100,13.648571964120826
C_hard_maze,2,8,14,124485627,h_legsum,100,False,nan,100,100,13.648571964120826
C_hard_maze,2,8,14,124485627,h_oracle,100,False,nan,100,100,13.648571964120826
C_hard_maze,2,8,14,124485627,h_next,200,False,nan,200,200,13.648571964120826
C_hard_maze,2,8,14,124485627,h_legsum,200,False,nan,200,200,13.648571964120826
C_hard_maze,2,8,14,124485627,h_oracle,200,True,13.648571964120816,162,162,13.648571964120826
C_hard_maze,2,8,14,124485627,h_next,400,False,nan,400,400,13.648571964120826
C_hard_maze,2,8,14,124485627,h_legsum,400,False,nan,400,400,13.648571964120826
C_hard_maze,2,8,14,124485627,h_oracle,400,True,13.648571964120816,162,162,13.648571964120826
C_hard_maze,2,8,14,124485627,h_next,800,False,nan,800,800,13.648571964120826
C_hard_maze,2,8,14,124485627,h_legsum,800,False,nan,800,800,13.648571964120826
C_hard_maze,2,8,14,124485627,h_oracle,800,True,13.648571964120816,162,162,13.648571964120826
C_hard_maze,2,8,14,124485627,h_next,1600,True,13.648571964120816,1572,1572,13.648571964120826
C_hard_maze,2,8,14,124485627,h_legsum,1600,True,13.648571964120816,1572,1572,13.648571964120826
C_hard_maze,2,8,14,124485627,h_oracle,1600,True,13.648571964120816,162,162,13.648571964120826
C_hard_maze,2,8,14,124485627,h_next,3200,True,13.648571964120816,1572,1572,13.648571964120826
C_hard_maze,2,8,14,124485627,h_legsum,3200,True,13.648571964120816,1572,1572,13.648571964120826
C_hard_maze,2,8,14,124485627,h_oracle,3200,True,13.648571964120816,162,162,13.648571964120826
C_hard_maze,2,8,15,124493546,h_next,100,False,nan,100,100,10.509061552059405
C_hard_maze,2,8,15,124493546,h_legsum,100,False,nan,100,100,10.509061552059405
C_hard_maze,2,8,15,124493546,h_oracle,100,False,nan,100,100,10.509061552059405
C_hard_maze,2,8,15,124493546,h_next,200,False,nan,200,200,10.509061552059405
C_hard_maze,2,8,15,124493546,h_legsum,200,False,nan,200,200,10.509061552059405
C_hard_maze,2,8,15,124493546,h_oracle,200,True,10.509061552059405,130,130,10.509061552059405
C_hard_maze,2,8,15,124493546,h_next,400,False,nan,400,400,10.509061552059405
C_hard_maze,2,8,15,124493546,h_legsum,400,False,nan,400,400,10.509061552059405
C_hard_maze,2,8,15,124493546,h_oracle,400,True,10.509061552059405,130,130,10.509061552059405
C_hard_maze,2,8,15,124493546,h_next,800,False,nan,800,800,10.509061552059405
C_hard_maze,2,8,15,124493546,h_legsum,800,False,nan,800,800,10.509061552059405
C_hard_maze,2,8,15,124493546,h_oracle,800,True,10.509061552059405,130,130,10.509061552059405
C_hard_maze,2,8,15,124493546,h_next,1600,False,nan,1600,1600,10.509061552059405
C_hard_maze,2,8,15,124493546,h_legsum,1600,True,10.509061552059405,1548,1548,10.509061552059405
C_hard_maze,2,8,15,124493546,h_oracle,1600,True,10.509061552059405,130,130,10.509061552059405
C_hard_maze,2,8,15,124493546,h_next,3200,True,10.509061552059405,1665,1665,10.509061552059405
C_hard_maze,2,8,15,124493546,h_legsum,3200,True,10.509061552059405,1548,1548,10.509061552059405
C_hard_maze,2,8,15,124493546,h_oracle,3200,True,10.509061552059405,130,130,10.509061552059405
C_hard_maze,2,8,16,124501465,h_next,100,False,nan,100,100,8.738234433434018
C_hard_maze,2,8,16,124501465,h_legsum,100,False,nan,100,100,8.738234433434018
C_hard_maze,2,8,16,124501465,h_oracle,100,True,8.73823443343402,98,98,8.738234433434018
C_hard_maze,2,8,16,124501465,h_next,200,False,nan,200,200,8.738234433434018
C_hard_maze,2,8,16,124501465,h_legsum,200,False,nan,200,200,8.738234433434018
C_hard_maze,2,8,16,124501465,h_oracle,200,True,8.73823443343402,98,98,8.738234433434018
C_hard_maze,2,8,16,124501465,h_next,400,False,nan,400,400,8.738234433434018
C_hard_maze,2,8,16,124501465,h_legsum,400,False,nan,400,400,8.738234433434018
C_hard_maze,2,8,16,124501465,h_oracle,400,True,8.73823443343402,98,98,8.738234433434018
C_hard_maze,2,8,16,124501465,h_next,800,False,nan,800,800,8.738234433434018
C_hard_maze,2,8,16,124501465,h_legsum,800,False,nan,800,800,8.738234433434018
C_hard_maze,2,8,16,124501465,h_oracle,800,True,8.73823443343402,98,98,8.738234433434018
C_hard_maze,2,8,16,124501465,h_next,1600,True,8.73823443343402,1561,1561,8.738234433434018
C_hard_maze,2,8,16,124501465,h_legsum,1600,True,8.73823443343402,1427,1427,8.738234433434018
C_hard_maze,2,8,16,124501465,h_oracle,1600,True,8.73823443343402,98,98,8.738234433434018
C_hard_maze,2,8,16,124501465,h_next,3200,True,8.73823443343402,1561,1561,8.738234433434018
C_hard_maze,2,8,16,124501465,h_legsum,3200,True,8.73823443343402,1427,1427,8.738234433434018
C_hard_maze,2,8,16,124501465,h_oracle,3200,True,8.73823443343402,98,98,8.738234433434018
C_hard_maze,2,8,17,124509384,h_next,100,False,nan,100,100,9.60498976298374
C_hard_maze,2,8,17,124509384,h_legsum,100,False,nan,100,100,9.60498976298374
C_hard_maze,2,8,17,124509384,h_oracle,100,False,nan,100,100,9.60498976298374
C_hard_maze,2,8,17,124509384,h_next,200,False,nan,200,200,9.60498976298374
C_hard_maze,2,8,17,124509384,h_legsum,200,False,nan,200,200,9.60498976298374
C_hard_maze,2,8,17,124509384,h_oracle,200,True,9.604989762983738,103,103,9.60498976298374
C_hard_maze,2,8,17,124509384,h_next,400,False,nan,400,400,9.60498976298374
C_hard_maze,2,8,17,124509384,h_legsum,400,False,nan,400,400,9.60498976298374
C_hard_maze,2,8,17,124509384,h_oracle,400,True,9.604989762983738,103,103,9.60498976298374
C_hard_maze,2,8,17,124509384,h_next,800,False,nan,800,800,9.60498976298374
C_hard_maze,2,8,17,124509384,h_legsum,800,False,nan,800,800,9.60498976298374
C_hard_maze,2,8,17,124509384,h_oracle,800,True,9.604989762983738,103,103,9.60498976298374
C_hard_maze,2,8,17,124509384,h_next,1600,True,9.604989762983738,1425,1425,9.60498976298374
C_hard_maze,2,8,17,124509384,h_legsum,1600,True,9.604989762983738,1231,1231,9.60498976298374
C_hard_maze,2,8,17,124509384,h_oracle,1600,True,9.604989762983738,103,103,9.60498976298374
C_hard_maze,2,8,17,124509384,h_next,3200,True,9.604989762983738,1425,1425,9.60498976298374
C_hard_maze,2,8,17,124509384,h_legsum,3200,True,9.604989762983738,1231,1231,9.60498976298374
C_hard_maze,2,8,17,124509384,h_oracle,3200,True,9.604989762983738,103,103,9.60498976298374
C_hard_maze,2,8,18,124525222,h_next,100,False,nan,100,100,7.685099828153152
C_hard_maze,2,8,18,124525222,h_legsum,100,False,nan,100,100,7.685099828153152
C_hard_maze,2,8,18,124525222,h_oracle,100,True,7.685099828153153,80,80,7.685099828153152
C_hard_maze,2,8,18,124525222,h_next,200,False,nan,200,200,7.685099828153152
C_hard_maze,2,8,18,124525222,h_legsum,200,False,nan,200,200,7.685099828153152
C_hard_maze,2,8,18,124525222,h_oracle,200,True,7.685099828153153,80,80,7.685099828153152
C_hard_maze,2,8,18,124525222,h_next,400,False,nan,400,400,7.685099828153152
C_hard_maze,2,8,18,124525222,h_legsum,400,False,nan,400,400,7.685099828153152
C_hard_maze,2,8,18,124525222,h_oracle,400,True,7.685099828153153,80,80,7.685099828153152
C_hard_maze,2,8,18,124525222,h_next,800,False,nan,800,800,7.685099828153152
C_hard_maze,2,8,18,124525222,h_legsum,800,False,nan,800,800,7.685099828153152
C_hard_maze,2,8,18,124525222,h_oracle,800,True,7.685099828153153,80,80,7.685099828153152
C_hard_maze,2,8,18,124525222,h_next,1600,True,7.685099828153153,1438,1438,7.685099828153152
C_hard_maze,2,8,18,124525222,h_legsum,1600,True,7.685099828153153,1206,1206,7.685099828153152
C_hard_maze,2,8,18,124525222,h_oracle,1600,True,7.685099828153153,80,80,7.685099828153152
C_hard_maze,2,8,18,124525222,h_next,3200,True,7.685099828153153,1438,1438,7.685099828153152
C_hard_maze,2,8,18,124525222,h_legsum,3200,True,7.685099828153153,1206,1206,7.685099828153152
C_hard_maze,2,8,18,124525222,h_oracle,3200,True,7.685099828153153,80,80,7.685099828153152
C_hard_maze,2,8,19,124541060,h_next,100,False,nan,100,100,8.731030023742838
C_hard_maze,2,8,19,124541060,h_legsum,100,False,nan,100,100,8.731030023742838
C_hard_maze,2,8,19,124541060,h_oracle,100,True,8.731030023742832,95,95,8.731030023742838
C_hard_maze,2,8,19,124541060,h_next,200,False,nan,200,200,8.731030023742838
C_hard_maze,2,8,19,124541060,h_legsum,200,False,nan,200,200,8.731030023742838
C_hard_maze,2,8,19,124541060,h_oracle,200,True,8.731030023742832,95,95,8.731030023742838
C_hard_maze,2,8,19,124541060,h_next,400,False,nan,400,400,8.731030023742838
C_hard_maze,2,8,19,124541060,h_legsum,400,False,nan,400,400,8.731030023742838
C_hard_maze,2,8,19,124541060,h_oracle,400,True,8.731030023742832,95,95,8.731030023742838
C_hard_maze,2,8,19,124541060,h_next,800,False,nan,800,800,8.731030023742838
C_hard_maze,2,8,19,124541060,h_legsum,800,False,nan,800,800,8.731030023742838
C_hard_maze,2,8,19,124541060,h_oracle,800,True,8.731030023742832,95,95,8.731030023742838
C_hard_maze,2,8,19,124541060,h_next,1600,True,8.731030023742832,1578,1578,8.731030023742838
C_hard_maze,2,8,19,124541060,h_legsum,1600,True,8.731030023742832,1270,1270,8.731030023742838
C_hard_maze,2,8,19,124541060,h_oracle,1600,True,8.731030023742832,95,95,8.731030023742838
C_hard_maze,2,8,19,124541060,h_next,3200,True,8.731030023742832,1578,1578,8.731030023742838
C_hard_maze,2,8,19,124541060,h_legsum,3200,True,8.731030023742832,1270,1270,8.731030023742838
C_hard_maze,2,8,19,124541060,h_oracle,3200,True,8.731030023742832,95,95,8.731030023742838
C_hard_maze,2,8,20,124548979,h_next,100,False,nan,100,100,11.529638137510178
C_hard_maze,2,8,20,124548979,h_legsum,100,False,nan,100,100,11.529638137510178
C_hard_maze,2,8,20,124548979,h_oracle,100,False,nan,100,100,11.529638137510178
C_hard_maze,2,8,20,124548979,h_next,200,False,nan,200,200,11.529638137510178
C_hard_maze,2,8,20,124548979,h_legsum,200,False,nan,200,200,11.529638137510178
C_hard_maze,2,8,20,124548979,h_oracle,200,True,11.529638137510178,131,131,11.529638137510178
C_hard_maze,2,8,20,124548979,h_next,400,False,nan,400,400,11.529638137510178
C_hard_maze,2,8,20,124548979,h_legsum,400,False,nan,400,400,11.529638137510178
C_hard_maze,2,8,20,124548979,h_oracle,400,True,11.529638137510178,131,131,11.529638137510178
C_hard_maze,2,8,20,124548979,h_next,800,False,nan,800,800,11.529638137510178
C_hard_maze,2,8,20,124548979,h_legsum,800,False,nan,800,800,11.529638137510178
C_hard_maze,2,8,20,124548979,h_oracle,800,True,11.529638137510178,131,131,11.529638137510178
C_hard_maze,2,8,20,124548979,h_next,1600,True,11.529638137510178,1453,1453,11.529638137510178
C_hard_maze,2,8,20,124548979,h_legsum,1600,True,11.529638137510178,1342,1342,11.529638137510178
C_hard_maze,2,8,20,124548979,h_oracle,1600,True,11.529638137510178,131,131,11.529638137510178
C_hard_maze,2,8,20,124548979,h_next,3200,True,11.529638137510178,1453,1453,11.529638137510178
C_hard_maze,2,8,20,124548979,h_legsum,3200,True,11.529638137510178,1342,1342,11.529638137510178
C_hard_maze,2,8,20,124548979,h_oracle,3200,True,11.529638137510178,131,131,11.529638137510178
C_hard_maze,2,8,21,124556898,h_next,100,False,nan,100,100,9.79217700487891
C_hard_maze,2,8,21,124556898,h_legsum,100,False,nan,100,100,9.79217700487891
C_hard_maze,2,8,21,124556898,h_oracle,100,False,nan,100,100,9.79217700487891
C_hard_maze,2,8,21,124556898,h_next,200,False,nan,200,200,9.79217700487891
C_hard_maze,2,8,21,124556898,h_legsum,200,False,nan,200,200,9.79217700487891
C_hard_maze,2,8,21,124556898,h_oracle,200,True,9.79217700487891,103,103,9.79217700487891
C_hard_maze,2,8,21,124556898,h_next,400,False,nan,400,400,9.79217700487891
C_hard_maze,2,8,21,124556898,h_legsum,400,False,nan,400,400,9.79217700487891
C_hard_maze,2,8,21,124556898,h_oracle,400,True,9.79217700487891,103,103,9.79217700487891
C_hard_maze,2,8,21,124556898,h_next,800,False,nan,800,800,9.79217700487891
C_hard_maze,2,8,21,124556898,h_legsum,800,False,nan,800,800,9.79217700487891
C_hard_maze,2,8,21,124556898,h_oracle,800,True,9.79217700487891,103,103,9.79217700487891
C_hard_maze,2,8,21,124556898,h_next,1600,True,9.79217700487891,1394,1394,9.79217700487891
C_hard_maze,2,8,21,124556898,h_legsum,1600,True,9.79217700487891,1206,1206,9.79217700487891
C_hard_maze,2,8,21,124556898,h_oracle,1600,True,9.79217700487891,103,103,9.79217700487891
C_hard_maze,2,8,21,124556898,h_next,3200,True,9.79217700487891,1394,1394,9.79217700487891
C_hard_maze,2,8,21,124556898,h_legsum,3200,True,9.79217700487891,1206,1206,9.79217700487891
C_hard_maze,2,8,21,124556898,h_oracle,3200,True,9.79217700487891,103,103,9.79217700487891
C_hard_maze,2,8,22,124564817,h_next,100,False,nan,100,100,13.723474728190682
C_hard_maze,2,8,22,124564817,h_legsum,100,False,nan,100,100,13.723474728190682
C_hard_maze,2,8,22,124564817,h_oracle,100,False,nan,100,100,13.723474728190682
C_hard_maze,2,8,22,124564817,h_next,200,False,nan,200,200,13.723474728190682
C_hard_maze,2,8,22,124564817,h_legsum,200,False,nan,200,200,13.723474728190682
C_hard_maze,2,8,22,124564817,h_oracle,200,True,13.723474728190693,139,139,13.723474728190682
C_hard_maze,2,8,22,124564817,h_next,400,False,nan,400,400,13.723474728190682
C_hard_maze,2,8,22,124564817,h_legsum,400,False,nan,400,400,13.723474728190682
C_hard_maze,2,8,22,124564817,h_oracle,400,True,13.723474728190693,139,139,13.723474728190682
C_hard_maze,2,8,22,124564817,h_next,800,False,nan,800,800,13.723474728190682
C_hard_maze,2,8,22,124564817,h_legsum,800,False,nan,800,800,13.723474728190682
C_hard_maze,2,8,22,124564817,h_oracle,800,True,13.723474728190693,139,139,13.723474728190682
C_hard_maze,2,8,22,124564817,h_next,1600,True,13.723474728190693,1489,1489,13.723474728190682
C_hard_maze,2,8,22,124564817,h_legsum,1600,True,13.723474728190693,1489,1489,13.723474728190682
C_hard_maze,2,8,22,124564817,h_oracle,1600,True,13.723474728190693,139,139,13.723474728190682
C_hard_maze,2,8,22,124564817,h_next,3200,True,13.723474728190693,1489,1489,13.723474728190682
C_hard_maze,2,8,22,124564817,h_legsum,3200,True,13.723474728190693,1489,1489,13.723474728190682
C_hard_maze,2,8,22,124564817,h_oracle,3200,True,13.723474728190693,139,139,13.723474728190682
C_hard_maze,2,8,23,124588574,h_next,100,False,nan,100,100,10.222348143905437
C_hard_maze,2,8,23,124588574,h_legsum,100,False,nan,100,100,10.222348143905437
C_hard_maze,2,8,23,124588574,h_oracle,100,False,nan,100,100,10.222348143905437
C_hard_maze,2,8,23,124588574,h_next,200,False,nan,200,200,10.222348143905437
C_hard_maze,2,8,23,124588574,h_legsum,200,False,nan,200,200,10.222348143905437
C_hard_maze,2,8,23,124588574,h_oracle,200,True,10.222348143905435,108,108,10.222348143905437
C_hard_maze,2,8,23,124588574,h_next,400,False,nan,400,400,10.222348143905437
C_hard_maze,2,8,23,124588574,h_legsum,400,False,nan,400,400,10.222348143905437
C_hard_maze,2,8,23,124588574,h_oracle,400,True,10.222348143905435,108,108,10.222348143905437
C_hard_maze,2,8,23,124588574,h_next,800,False,nan,800,800,10.222348143905437
C_hard_maze,2,8,23,124588574,h_legsum,800,False,nan,800,800,10.222348143905437
C_hard_maze,2,8,23,124588574,h_oracle,800,True,10.222348143905435,108,108,10.222348143905437
C_hard_maze,2,8,23,124588574,h_next,1600,False,nan,1600,1600,10.222348143905437
C_hard_maze,2,8,23,124588574,h_legsum,1600,False,nan,1600,1600,10.222348143905437
C_hard_maze,2,8,23,124588574,h_oracle,1600,True,10.222348143905435,108,108,10.222348143905437
C_hard_maze,2,8,23,124588574,h_next,3200,True,10.222348143905435,1664,1664,10.222348143905437
C_hard_maze,2,8,23,124588574,h_legsum,3200,True,10.222348143905435,1609,1609,10.222348143905437
C_hard_maze,2,8,23,124588574,h_oracle,3200,True,10.222348143905435,108,108,10.222348143905437
C_hard_maze,2,8,24,124596493,h_next,100,False,nan,100,100,9.502824086190191
C_hard_maze,2,8,24,124596493,h_legsum,100,False,nan,100,100,9.502824086190191
C_hard_maze,2,8,24,124596493,h_oracle,100,True,9.50282408619019,96,96,9.502824086190191
C_hard_maze,2,8,24,124596493,h_next,200,False,nan,200,200,9.502824086190191
C_hard_maze,2,8,24,124596493,h_legsum,200,False,nan,200,200,9.502824086190191
C_hard_maze,2,8,24,124596493,h_oracle,200,True,9.50282408619019,96,96,9.502824086190191
C_hard_maze,2,8,24,124596493,h_next,400,False,nan,400,400,9.502824086190191
C_hard_maze,2,8,24,124596493,h_legsum,400,False,nan,400,400,9.502824086190191
C_hard_maze,2,8,24,124596493,h_oracle,400,True,9.50282408619019,96,96,9.502824086190191
C_hard_maze,2,8,24,124596493,h_next,800,False,nan,800,800,9.502824086190191
C_hard_maze,2,8,24,124596493,h_legsum,800,False,nan,800,800,9.502824086190191
C_hard_maze,2,8,24,124596493,h_oracle,800,True,9.50282408619019,96,96,9.502824086190191
C_hard_maze,2,8,24,124596493,h_next,1600,True,9.50282408619019,1503,1503,9.502824086190191
C_hard_maze,2,8,24,124596493,h_legsum,1600,True,9.50282408619019,1365,1365,9.502824086190191
C_hard_maze,2,8,24,124596493,h_oracle,1600,True,9.50282408619019,96,96,9.502824086190191
C_hard_maze,2,8,24,124596493,h_next,3200,True,9.50282408619019,1503,1503,9.502824086190191
C_hard_maze,2,8,24,124596493,h_legsum,3200,True,9.50282408619019,1365,1365,9.502824086190191
C_hard_maze,2,8,24,124596493,h_oracle,3200,True,9.50282408619019,96,96,9.502824086190191
