provider,mode,w,budget,found,expansions,closed,cost,optimal,suboptimality,nonfinite,suite,world_index
euclid,astar,,140,False,140,140,nan,2.962508982150149,nan,0,C_hard_maze_dense,0
euclid,focal,1.0,140,False,140,140,nan,2.962508982150149,nan,0,C_hard_maze_dense,0
euclid,focal,1.1,140,False,140,140,nan,2.962508982150149,nan,0,C_hard_maze_dense,0
euclid,astar,,152,False,152,152,nan,2.962508982150149,nan,0,C_hard_maze_dense,0
euclid,focal,1.0,152,False,152,152,nan,2.962508982150149,nan,0,C_hard_maze_dense,0
euclid,focal,1.1,152,True,149,149,3.0535610555037422,2.962508982150149,1.0307347838950716,0,C_hard_maze_dense,0
oracle,astar,,140,True,33,33,2.9625089821501485,2.962508982150149,0.9999999999999999,0,C_hard_maze_dense,0
oracle,focal,1.0,140,False,140,140,nan,2.962508982150149,nan,0,C_hard_maze_dense,0
oracle,focal,1.1,140,False,140,140,nan,2.962508982150149,nan,0,C_hard_maze_dense,0
oracle,astar,,152,True,33,33,2.9625089821501485,2.962508982150149,0.9999999999999999,0,C_hard_maze_dense,0
oracle,focal,1.0,152,False,152,152,nan,2.962508982150149,nan,0,C_hard_maze_dense,0
oracle,focal,1.1,152,True,149,149,3.024205453715604,2.962508982150149,1.0208257500440308,0,C_hard_maze_dense,0
scalar_hrm,astar,,140,True,134,134,3.0259103293821608,2.962508982150149,1.0214012337562588,0,C_hard_maze_dense,0
scalar_hrm,focal,1.0,140,False,140,140,nan,2.962508982150149,nan,0,C_hard_maze_dense,0
scalar_hrm,focal,1.1,140,False,140,140,nan,2.962508982150149,nan,0,C_hard_maze_dense,0
scalar_hrm,astar,,152,True,134,134,3.0259103293821608,2.962508982150149,1.0214012337562588,0,C_hard_maze_dense,0
scalar_hrm,focal,1.0,152,False,152,152,nan,2.962508982150149,nan,0,C_hard_maze_dense,0
scalar_hrm,focal,1.1,152,False,152,152,nan,2.962508982150149,nan,0,C_hard_maze_dense,0
scalar_onlstm,astar,,140,False,140,140,nan,2.962508982150149,nan,0,C_hard_maze_dense,0
scalar_onlstm,focal,1.0,140,False,140,140,nan,2.962508982150149,nan,0,C_hard_maze_dense,0
scalar_onlstm,focal,1.1,140,False,140,140,nan,2.962508982150149,nan,0,C_hard_maze_dense,0
scalar_onlstm,astar,,152,False,152,152,nan,2.962508982150149,nan,0,C_hard_maze_dense,0
scalar_onlstm,focal,1.0,152,False,152,152,nan,2.962508982150149,nan,0,C_hard_maze_dense,0
scalar_onlstm,focal,1.1,152,False,152,152,nan,2.962508982150149,nan,0,C_hard_maze_dense,0
field_unet,astar,,140,True,137,137,2.980889182859246,2.962508982150149,1.0062042683481611,0,C_hard_maze_dense,0
field_unet,focal,1.0,140,False,140,140,nan,2.962508982150149,nan,0,C_hard_maze_dense,0
field_unet,focal,1.1,140,False,140,140,nan,2.962508982150149,nan,0,C_hard_maze_dense,0
field_unet,astar,,152,True,137,137,2.980889182859246,2.962508982150149,1.0062042683481611,0,C_hard_maze_dense,0
field_unet,focal,1.0,152,False,152,152,nan,2.962508982150149,nan,0,C_hard_maze_dense,0
field_unet,focal,1.1,152,True,149,149,3.045679005778958,2.962508982150149,1.0280741844598376,0,C_hard_maze_dense,0
field_onlstm,astar,,140,False,140,140,nan,2.962508982150149,nan,0,C_hard_maze_dense,0
field_onlstm,focal,1.0,140,False,140,140,nan,2.962508982150149,nan,0,C_hard_maze_dense,0
field_onlstm,focal,1.1,140,False,140,140,nan,2.962508982150149,nan,0,C_hard_maze_dense,0
field_onlstm,astar,,152,True,147,147,2.9771720644325197,2.962508982150149,1.0049495486328377,0,C_hard_maze_dense,0
field_onlstm,focal,1.0,152,False,152,152,nan,2.962508982150149,nan,0,C_hard_maze_dense,0
field_onlstm,focal,1.1,152,True,148,148,3.009734397582378,2.962508982150149,1.0159410201679637,0,C_hard_maze_dense,0
field_hrm,astar,,140,False,140,140,nan,2.962508982150149,nan,0,C_hard_maze_dense,0
field_hrm,focal,1.0,140,False,140,140,nan,2.962508982150149,nan,0,C_hard_maze_dense,0
field_hrm,focal,1.1,140,False,140,140,nan,2.962508982150149,nan,0,C_hard_maze_dense,0
field_hrm,astar,,152,True,148,148,2.9719874082828786,2.962508982150149,1.0031994590361883,0,C_hard_maze_dense,0
field_hrm,focal,1.0,152,False,152,152,nan,2.962508982150149,nan,0,C_hard_maze_dense,0
field_hrm,focal,1.1,152,True,149,149,2.994565782988745,2.962508982150149,1.0108208282343603,0,C_hard_maze_dense,0
euclid,astar,,140,False,140,140,nan,2.6868604109522423,nan,0,C_hard_maze_dense,1
euclid,focal,1.0,140,False,140,140,nan,2.6868604109522423,nan,0,C_hard_maze_dense,1
euclid,focal,1.1,140,False,140,140,nan,2.6868604109522423,nan,0,C_hard_maze_dense,1
euclid,astar,,152,True,148,148,2.6868604109522423,2.6868604109522423,1.0,0,C_hard_maze_dense,1
euclid,focal,1.0,152,True,148,148,2.6868604109522423,2.6868604109522423,1.0,0,C_hard_maze_dense,1
euclid,focal,1.1,152,True,144,144,2.690930361983008,2.6868604109522423,1.0015147608763655,0,C_hard_maze_dense,1
oracle,astar,,140,True,30,30,2.6868604109522423,2.6868604109522423,1.0,0,C_hard_maze_dense,1
oracle,focal,1.0,140,False,140,140,nan,2.6868604109522423,nan,0,C_hard_maze_dense,1
oracle,focal,1.1,140,True,139,139,2.710305378678193,2.6868604109522423,1.008725785541513,0,C_hard_maze_dense,1
oracle,astar,,152,True,30,30,2.6868604109522423,2.6868604109522423,1.0,0,C_hard_maze_dense,1
oracle,focal,1.0,152,True,148,148,2.6868604109522423,2.6868604109522423,1.0,0,C_hard_maze_dense,1
oracle,focal,1.1,152,True,139,139,2.710305378678193,2.6868604109522423,1.008725785541513,0,C_hard_maze_dense,1
scalar_hrm,astar,,140,True,86,86,2.693032576154646,2.6868604109522423,1.0022971663050468,0,C_hard_maze_dense,1
scalar_hrm,focal,1.0,140,False,140,140,nan,2.6868604109522423,nan,0,C_hard_maze_dense,1
scalar_hrm,focal,1.1,140,False,140,140,nan,2.6868604109522423,nan,0,C_hard_maze_dense,1
scalar_hrm,astar,,152,True,86,86,2.693032576154646,2.6868604109522423,1.0022971663050468,0,C_hard_maze_dense,1
scalar_hrm,focal,1.0,152,True,148,148,2.6868604109522423,2.6868604109522423,1.0,0,C_hard_maze_dense,1
scalar_hrm,focal,1.1,152,True,144,144,2.693188155693632,2.6868604109522423,1.0023550701464043,0,C_hard_maze_dense,1
scalar_onlstm,astar,,140,True,125,125,2.6925372376523664,2.6868604109522423,1.0021128104299666,0,C_hard_maze_dense,1
scalar_onlstm,focal,1.0,140,False,140,140,nan,2.6868604109522423,nan,0,C_hard_maze_dense,1
scalar_onlstm,focal,1.1,140,True,140,140,2.6925372376523664,2.6868604109522423,1.0021128104299666,0,C_hard_maze_dense,1
scalar_onlstm,astar,,152,True,125,125,2.6925372376523664,2.6868604109522423,1.0021128104299666,0,C_hard_maze_dense,1
scalar_onlstm,focal,1.0,152,True,148,148,2.6868604109522423,2.6868604109522423,1.0,0,C_hard_maze_dense,1
scalar_onlstm,focal,1.1,152,True,140,140,2.6925372376523664,2.6868604109522423,1.0021128104299666,0,C_hard_maze_dense,1
field_unet,astar,,140,True,111,111,2.6886477182123674,2.6868604109522423,1.0006652028712917,0,C_hard_maze_dense,1
field_unet,focal,1.0,140,False,140,140,nan,2.6868604109522423,nan,0,C_hard_maze_dense,1
field_unet,focal,1.1,140,False,140,140,nan,2.6868604109522423,nan,0,C_hard_maze_dense,1
field_unet,astar,,152,True,111,111,2.6886477182123674,2.6868604109522423,1.0006652028712917,0,C_hard_maze_dense,1
field_unet,focal,1.0,152,True,148,148,2.6868604109522423,2.6868604109522423,1.0,0,C_hard_maze_dense,1
field_unet,focal,1.1,152,True,142,142,2.7191274582486766,2.6868604109522423,1.0120092012093025,0,C_hard_maze_dense,1
field_onlstm,astar,,140,True,116,116,2.7465460719665447,2.6868604109522423,1.0222139046639753,0,C_hard_maze_dense,1
field_onlstm,focal,1.0,140,False,140,140,nan,2.6868604109522423,nan,0,C_hard_maze_dense,1
field_onlstm,focal,1.1,140,False,140,140,nan,2.6868604109522423,nan,0,C_hard_maze_dense,1
field_onlstm,astar,,152,True,116,116,2.7465460719665447,2.6868604109522423,1.0222139046639753,0,C_hard_maze_dense,1
field_onlstm,focal,1.0,152,True,148,148,2.6868604109522423,2.6868604109522423,1.0,0,C_hard_maze_dense,1
field_onlstm,focal,1.1,152,True,143,143,2.7468322849984466,2.6868604109522423,1.022320427887413,0,C_hard_maze_dense,1
field_hrm,astar,,140,True,96,96,2.7934554576921737,2.6868604109522423,1.0396727147809488,0,C_hard_maze_dense,1
field_hrm,focal,1.0,140,False,140,140,nan,2.6868604109522423,nan,0,C_hard_maze_dense,1
field_hrm,focal,1.1,140,False,140,140,nan,2.6868604109522423,nan,0,C_hard_maze_dense,1
field_hrm,astar,,152,True,96,96,2.7934554576921737,2.6868604109522423,1.0396727147809488,0,C_hard_maze_dense,1
field_hrm,focal,1.0,152,True,148,148,2.6868604109522423,2.6868604109522423,1.0,0,C_hard_maze_dense,1
field_hrm,focal,1.1,152,True,142,142,2.7209147655088017,2.6868604109522423,1.012674404080594,0,C_hard_maze_dense,1
euclid,astar,,140,False,140,140,nan,2.46436691880004,nan,0,C_hard_maze_dense,2
euclid,focal,1.0,140,False,140,140,nan,2.46436691880004,nan,0,C_hard_maze_dense,2
euclid,focal,1.1,140,False,140,140,nan,2.46436691880004,nan,0,C_hard_maze_dense,2
euclid,astar,,152,False,152,152,nan,2.46436691880004,nan,0,C_hard_maze_dense,2
euclid,focal,1.0,152,False,152,152,nan,2.46436691880004,nan,0,C_hard_maze_dense,2
euclid,focal,1.1,152,True,152,152,2.515369151895214,2.46436691880004,1.0206958763754255,0,C_hard_maze_dense,2
oracle,astar,,140,True,28,28,2.46436691880004,2.46436691880004,1.0,0,C_hard_maze_dense,2
oracle,focal,1.0,140,False,140,140,nan,2.46436691880004,nan,0,C_hard_maze_dense,2
oracle,focal,1.1,140,False,140,140,nan,2.46436691880004,nan,0,C_hard_maze_dense,2
oracle,astar,,152,True,28,28,2.46436691880004,2.46436691880004,1.0,0,C_hard_maze_dense,2
oracle,focal,1.0,152,False,152,152,nan,2.46436691880004,nan,0,C_hard_maze_dense,2
oracle,focal,1.1,152,False,152,152,nan,2.46436691880004,nan,0,C_hard_maze_dense,2
scalar_hrm,astar,,140,True,97,97,2.718994007742656,2.46436691880004,1.1033235298689208,0,C_hard_maze_dense,2
scalar_hrm,focal,1.0,140,False,140,140,nan,2.46436691880004,nan,0,C_hard_maze_dense,2
scalar_hrm,focal,1.1,140,False,140,140,nan,2.46436691880004,nan,0,C_hard_maze_dense,2
scalar_hrm,astar,,152,True,97,97,2.718994007742656,2.46436691880004,1.1033235298689208,0,C_hard_maze_dense,2
scalar_hrm,focal,1.0,152,False,152,152,nan,2.46436691880004,nan,0,C_hard_maze_dense,2
scalar_hrm,focal,1.1,152,False,152,152,nan,2.46436691880004,nan,0,C_hard_maze_dense,2
scalar_onlstm,astar,,140,True,112,112,2.5165353295739026,2.46436691880004,1.0211690923035375,0,C_hard_maze_dense,2
scalar_onlstm,focal,1.0,140,False,140,140,nan,2.46436691880004,nan,0,C_hard_maze_dense,2
scalar_onlstm,focal,1.1,140,False,140,140,nan,2.46436691880004,nan,0,C_hard_maze_dense,2
scalar_onlstm,astar,,152,True,112,112,2.5165353295739026,2.46436691880004,1.0211690923035375,0,C_hard_maze_dense,2
scalar_onlstm,focal,1.0,152,False,152,152,nan,2.46436691880004,nan,0,C_hard_maze_dense,2
scalar_onlstm,focal,1.1,152,True,152,152,2.464805584358722,2.46436691880004,1.0001780033465535,0,C_hard_maze_dense,2
field_unet,astar,,140,True,121,121,2.5721690590893087,2.46436691880004,1.043744354571096,0,C_hard_maze_dense,2
field_unet,focal,1.0,140,False,140,140,nan,2.46436691880004,nan,0,C_hard_maze_dense,2
field_unet,focal,1.1,140,False,140,140,nan,2.46436691880004,nan,0,C_hard_maze_dense,2
field_unet,astar,,152,True,121,121,2.5721690590893087,2.46436691880004,1.043744354571096,0,C_hard_maze_dense,2
field_unet,focal,1.0,152,False,152,152,nan,2.46436691880004,nan,0,C_hard_maze_dense,2
field_unet,focal,1.1,152,False,152,152,nan,2.46436691880004,nan,0,C_hard_maze_dense,2
field_onlstm,astar,,140,True,116,116,2.516499480366212,2.46436691880004,1.0211545452783293,0,C_hard_maze_dense,2
field_onlstm,focal,1.0,140,False,140,140,nan,2.46436691880004,nan,0,C_hard_maze_dense,2
field_onlstm,focal,1.1,140,False,140,140,nan,2.46436691880004,nan,0,C_hard_maze_dense,2
field_onlstm,astar,,152,True,116,116,2.516499480366212,2.46436691880004,1.0211545452783293,0,C_hard_maze_dense,2
field_onlstm,focal,1.0,152,False,152,152,nan,2.46436691880004,nan,0,C_hard_maze_dense,2
field_onlstm,focal,1.1,152,False,152,152,nan,2.46436691880004,nan,0,C_hard_maze_dense,2
field_hrm,astar,,140,True,90,90,2.524551903288437,2.46436691880004,1.0244220874859424,0,C_hard_maze_dense,2
field_hrm,focal,1.0,140,False,140,140,nan,2.46436691880004,nan,0,C_hard_maze_dense,2
field_hrm,focal,1.1,140,False,140,140,nan,2.46436691880004,nan,0,C_hard_maze_dense,2
field_hrm,astar,,152,True,90,90,2.524551903288437,2.46436691880004,1.0244220874859424,0,C_hard_maze_dense,2
field_hrm,focal,1.0,152,False,152,152,nan,2.46436691880004,nan,0,C_hard_maze_dense,2
field_hrm,focal,1.1,152,False,152,152,nan,2.46436691880004,nan,0,C_hard_maze_dense,2
euclid,astar,,140,False,140,140,nan,2.3711047885589966,nan,0,C_hard_maze_dense,3
euclid,focal,1.0,140,False,140,140,nan,2.3711047885589966,nan,0,C_hard_maze_dense,3
euclid,focal,1.1,140,False,140,140,nan,2.3711047885589966,nan,0,C_hard_maze_dense,3
euclid,astar,,152,True,152,152,2.3711047885589975,2.3711047885589966,1.0000000000000004,0,C_hard_maze_dense,3
euclid,focal,1.0,152,True,152,152,2.3711047885589975,2.3711047885589966,1.0000000000000004,0,C_hard_maze_dense,3
euclid,focal,1.1,152,True,146,146,2.4521213051934256,2.3711047885589966,1.0341682565128913,0,C_hard_maze_dense,3
oracle,astar,,140,True,27,27,2.3711047885589975,2.3711047885589966,1.0000000000000004,0,C_hard_maze_dense,3
oracle,focal,1.0,140,False,140,140,nan,2.3711047885589966,nan,0,C_hard_maze_dense,3
oracle,focal,1.1,140,False,140,140,nan,2.3711047885589966,nan,0,C_hard_maze_dense,3
oracle,astar,,152,True,27,27,2.3711047885589975,2.3711047885589966,1.0000000000000004,0,C_hard_maze_dense,3
oracle,focal,1.0,152,True,152,152,2.3711047885589975,2.3711047885589966,1.0000000000000004,0,C_hard_maze_dense,3
oracle,focal,1.1,152,True,147,147,2.3960447263151754,2.3711047885589966,1.0105182773349024,0,C_hard_maze_dense,3
scalar_hrm,astar,,140,True,109,109,2.4149273240324387,2.3711047885589966,1.0184819058545593,0,C_hard_maze_dense,3
scalar_hrm,focal,1.0,140,False,140,140,nan,2.3711047885589966,nan,0,C_hard_maze_dense,3
scalar_hrm,focal,1.1,140,False,140,140,nan,2.3711047885589966,nan,0,C_hard_maze_dense,3
scalar_hrm,astar,,152,True,109,109,2.4149273240324387,2.3711047885589966,1.0184819058545593,0,C_hard_maze_dense,3
scalar_hrm,focal,1.0,152,True,152,152,2.3711047885589975,2.3711047885589966,1.0000000000000004,0,C_hard_maze_dense,3
scalar_hrm,focal,1.1,152,True,147,147,2.374952470060815,2.3711047885589966,1.0016227378563716,0,C_hard_maze_dense,3
scalar_onlstm,astar,,140,True,78,78,2.5281051393270477,2.3711047885589966,1.0662140077172488,0,C_hard_maze_dense,3
scalar_onlstm,focal,1.0,140,False,140,140,nan,2.3711047885589966,nan,0,C_hard_maze_dense,3
scalar_onlstm,focal,1.1,140,False,140,140,nan,2.3711047885589966,nan,0,C_hard_maze_dense,3
scalar_onlstm,astar,,152,True,78,78,2.5281051393270477,2.3711047885589966,1.0662140077172488,0,C_hard_maze_dense,3
scalar_onlstm,focal,1.0,152,True,152,152,2.3711047885589975,2.3711047885589966,1.0000000000000004,0,C_hard_maze_dense,3
scalar_onlstm,focal,1.1,152,True,148,148,2.4751026314740723,2.3711047885589966,1.0438605005636545,0,C_hard_maze_dense,3
field_unet,astar,,140,True,98,98,2.392333788989744,2.3711047885589966,1.008953210559559,0,C_hard_maze_dense,3
field_unet,focal,1.0,140,False,140,140,nan,2.3711047885589966,nan,0,C_hard_maze_dense,3
field_unet,focal,1.1,140,False,140,140,nan,2.3711047885589966,nan,0,C_hard_maze_dense,3
field_unet,astar,,152,True,98,98,2.392333788989744,2.3711047885589966,1.008953210559559,0,C_hard_maze_dense,3
field_unet,focal,1.0,152,True,152,152,2.3711047885589975,2.3711047885589966,1.0000000000000004,0,C_hard_maze_dense,3
field_unet,focal,1.1,152,True,147,147,2.392333788989744,2.3711047885589966,1.008953210559559,0,C_hard_maze_dense,3
field_onlstm,astar,,140,True,101,101,2.5748470889516066,2.3711047885589966,1.085927159936458,0,C_hard_maze_dense,3
field_onlstm,focal,1.0,140,False,140,140,nan,2.3711047885589966,nan,0,C_hard_maze_dense,3
field_onlstm,focal,1.1,140,False,140,140,nan,2.3711047885589966,nan,0,C_hard_maze_dense,3
field_onlstm,astar,,152,True,101,101,2.5748470889516066,2.3711047885589966,1.085927159936458,0,C_hard_maze_dense,3
field_onlstm,focal,1.0,152,True,152,152,2.3711047885589975,2.3711047885589966,1.0000000000000004,0,C_hard_maze_dense,3
field_onlstm,focal,1.1,152,True,146,146,2.4521213051934256,2.3711047885589966,1.0341682565128913,0,C_hard_maze_dense,3
field_hrm,astar,,140,True,105,105,2.4430625381866373,2.3711047885589966,1.030347772892556,0,C_hard_maze_dense,3
field_hrm,focal,1.0,140,False,140,140,nan,2.3711047885589966,nan,0,C_hard_maze_dense,3
field_hrm,focal,1.1,140,False,140,140,nan,2.3711047885589966,nan,0,C_hard_maze_dense,3
field_hrm,astar,,152,True,105,105,2.4430625381866373,2.3711047885589966,1.030347772892556,0,C_hard_maze_dense,3
field_hrm,focal,1.0,152,True,152,152,2.3711047885589975,2.3711047885589966,1.0000000000000004,0,C_hard_maze_dense,3
field_hrm,focal,1.1,152,True,150,150,2.444095160740935,2.3711047885589966,1.0307832755996824,0,C_hard_maze_dense,3
euclid,astar,,140,False,140,140,nan,2.3432888175187405,nan,0,C_hard_maze_dense,4
euclid,focal,1.0,140,False,140,140,nan,2.3432888175187405,nan,0,C_hard_maze_dense,4
euclid,focal,1.1,140,False,140,140,nan,2.3432888175187405,nan,0,C_hard_maze_dense,4
euclid,astar,,152,True,144,144,2.3432888175187405,2.3432888175187405,1.0,0,C_hard_maze_dense,4
euclid,focal,1.0,152,True,144,144,2.3432888175187405,2.3432888175187405,1.0,0,C_hard_maze_dense,4
euclid,focal,1.1,152,True,142,142,2.3805932712919056,2.3432888175187405,1.0159196994814603,0,C_hard_maze_dense,4
oracle,astar,,140,True,28,28,2.3432888175187405,2.3432888175187405,1.0,0,C_hard_maze_dense,4
oracle,focal,1.0,140,False,140,140,nan,2.3432888175187405,nan,0,C_hard_maze_dense,4
oracle,focal,1.1,140,False,140,140,nan,2.3432888175187405,nan,0,C_hard_maze_dense,4
oracle,astar,,152,True,28,28,2.3432888175187405,2.3432888175187405,1.0,0,C_hard_maze_dense,4
oracle,focal,1.0,152,True,144,144,2.3432888175187405,2.3432888175187405,1.0,0,C_hard_maze_dense,4
oracle,focal,1.1,152,True,142,142,2.3892678857458467,2.3432888175187405,1.0196215967418785,0,C_hard_maze_dense,4
scalar_hrm,astar,,140,True,79,79,2.4724030480877994,2.3432888175187405,1.0550995803862433,0,C_hard_maze_dense,4
scalar_hrm,focal,1.0,140,False,140,140,nan,2.3432888175187405,nan,0,C_hard_maze_dense,4
scalar_hrm,focal,1.1,140,False,140,140,nan,2.3432888175187405,nan,0,C_hard_maze_dense,4
scalar_hrm,astar,,152,True,79,79,2.4724030480877994,2.3432888175187405,1.0550995803862433,0,C_hard_maze_dense,4
scalar_hrm,focal,1.0,152,True,144,144,2.3432888175187405,2.3432888175187405,1.0,0,C_hard_maze_dense,4
scalar_hrm,focal,1.1,152,True,143,143,2.460801116660662,2.3432888175187405,1.050148448737255,0,C_hard_maze_dense,4
scalar_onlstm,astar,,140,True,131,131,2.4961936890945187,2.3432888175187405,1.0652522516356673,0,C_hard_maze_dense,4
scalar_onlstm,focal,1.0,140,False,140,140,nan,2.3432888175187405,nan,0,C_hard_maze_dense,4
scalar_onlstm,focal,1.1,140,False,140,140,nan,2.3432888175187405,nan,0,C_hard_maze_dense,4
scalar_onlstm,astar,,152,True,131,131,2.4961936890945187,2.3432888175187405,1.0652522516356673,0,C_hard_maze_dense,4
scalar_onlstm,focal,1.0,152,True,144,144,2.3432888175187405,2.3432888175187405,1.0,0,C_hard_maze_dense,4
scalar_onlstm,focal,1.1,152,True,142,142,2.4794616128326297,2.3432888175187405,1.0581118274008066,0,C_hard_maze_dense,4
field_unet,astar,,140,True,95,95,2.418849002466063,2.3432888175187405,1.0322453572015642,0,C_hard_maze_dense,4
field_unet,focal,1.0,140,False,140,140,nan,2.3432888175187405,nan,0,C_hard_maze_dense,4
field_unet,focal,1.1,140,False,140,140,nan,2.3432888175187405,nan,0,C_hard_maze_dense,4
field_unet,astar,,152,True,95,95,2.418849002466063,2.3432888175187405,1.0322453572015642,0,C_hard_maze_dense,4
field_unet,focal,1.0,152,True,144,144,2.3432888175187405,2.3432888175187405,1.0,0,C_hard_maze_dense,4
field_unet,focal,1.1,152,True,142,142,2.4678690119563744,2.3432888175187405,1.0531646775703685,0,C_hard_maze_dense,4
field_onlstm,astar,,140,True,104,104,2.4729072834210513,2.3432888175187405,1.0553147631368638,0,C_hard_maze_dense,4
field_onlstm,focal,1.0,140,False,140,140,nan,2.3432888175187405,nan,0,C_hard_maze_dense,4
field_onlstm,focal,1.1,140,True,139,139,2.3814809069873695,2.3432888175187405,1.0162984985816088,0,C_hard_maze_dense,4
field_onlstm,astar,,152,True,104,104,2.4729072834210513,2.3432888175187405,1.0553147631368638,0,C_hard_maze_dense,4
field_onlstm,focal,1.0,152,True,144,144,2.3432888175187405,2.3432888175187405,1.0,0,C_hard_maze_dense,4
field_onlstm,focal,1.1,152,True,139,139,2.3814809069873695,2.3432888175187405,1.0162984985816088,0,C_hard_maze_dense,4
field_hrm,astar,,140,True,82,82,2.418849002466063,2.3432888175187405,1.0322453572015642,0,C_hard_maze_dense,4
field_hrm,focal,1.0,140,False,140,140,nan,2.3432888175187405,nan,0,C_hard_maze_dense,4
field_hrm,focal,1.1,140,True,139,139,2.3585561562072024,2.3432888175187405,1.006515346539582,0,C_hard_maze_dense,4
field_hrm,astar,,152,True,82,82,2.418849002466063,2.3432888175187405,1.0322453572015642,0,C_hard_maze_dense,4
field_hrm,focal,1.0,152,True,144,144,2.3432888175187405,2.3432888175187405,1.0,0,C_hard_maze_dense,4
field_hrm,focal,1.1,152,True,139,139,2.3585561562072024,2.3432888175187405,1.006515346539582,0,C_hard_maze_dense,4
euclid,astar,,140,False,140,140,nan,2.696100142237437,nan,0,C_hard_maze_dense,5
euclid,focal,1.0,140,False,140,140,nan,2.696100142237437,nan,0,C_hard_maze_dense,5
euclid,focal,1.1,140,False,140,140,nan,2.696100142237437,nan,0,C_hard_maze_dense,5
euclid,astar,,152,True,149,149,2.696100142237437,2.696100142237437,1.0,0,C_hard_maze_dense,5
euclid,focal,1.0,152,True,149,149,2.696100142237437,2.696100142237437,1.0,0,C_hard_maze_dense,5
euclid,focal,1.1,152,True,147,147,2.74171859322161,2.696100142237437,1.0169201619292656,0,C_hard_maze_dense,5
oracle,astar,,140,True,34,34,2.696100142237437,2.696100142237437,1.0,0,C_hard_maze_dense,5
oracle,focal,1.0,140,False,140,140,nan,2.696100142237437,nan,0,C_hard_maze_dense,5
oracle,focal,1.1,140,False,140,140,nan,2.696100142237437,nan,0,C_hard_maze_dense,5
oracle,astar,,152,True,34,34,2.696100142237437,2.696100142237437,1.0,0,C_hard_maze_dense,5
oracle,focal,1.0,152,True,149,149,2.696100142237437,2.696100142237437,1.0,0,C_hard_maze_dense,5
oracle,focal,1.1,152,True,146,146,2.7417142599555215,2.696100142237437,1.0169185546944226,0,C_hard_maze_dense,5
scalar_hrm,astar,,140,True,111,111,2.777719641708584,2.696100142237437,1.0302731705668071,0,C_hard_maze_dense,5
scalar_hrm,focal,1.0,140,False,140,140,nan,2.696100142237437,nan,0,C_hard_maze_dense,5
scalar_hrm,focal,1.1,140,False,140,140,nan,2.696100142237437,nan,0,C_hard_maze_dense,5
scalar_hrm,astar,,152,True,111,111,2.777719641708584,2.696100142237437,1.0302731705668071,0,C_hard_maze_dense,5
scalar_hrm,focal,1.0,152,True,149,149,2.696100142237437,2.696100142237437,1.0,0,C_hard_maze_dense,5
scalar_hrm,focal,1.1,152,True,146,146,2.771178363902634,2.696100142237437,1.0278469707000168,0,C_hard_maze_dense,5
scalar_onlstm,astar,,140,True,110,110,2.8234394854692266,2.696100142237437,1.0472309396957762,0,C_hard_maze_dense,5
scalar_onlstm,focal,1.0,140,False,140,140,nan,2.696100142237437,nan,0,C_hard_maze_dense,5
scalar_onlstm,focal,1.1,140,False,140,140,nan,2.696100142237437,nan,0,C_hard_maze_dense,5
scalar_onlstm,astar,,152,True,110,110,2.8234394854692266,2.696100142237437,1.0472309396957762,0,C_hard_maze_dense,5
scalar_onlstm,focal,1.0,152,True,149,149,2.696100142237437,2.696100142237437,1.0,0,C_hard_maze_dense,5
scalar_onlstm,focal,1.1,152,True,146,146,2.7075895432373254,2.696100142237437,1.0042614889632229,0,C_hard_maze_dense,5
field_unet,astar,,140,True,137,137,2.7012088920193107,2.696100142237437,1.0018948664783773,0,C_hard_maze_dense,5
field_unet,focal,1.0,140,False,140,140,nan,2.696100142237437,nan,0,C_hard_maze_dense,5
field_unet,focal,1.1,140,False,140,140,nan,2.696100142237437,nan,0,C_hard_maze_dense,5
field_unet,astar,,152,True,137,137,2.7012088920193107,2.696100142237437,1.0018948664783773,0,C_hard_maze_dense,5
field_unet,focal,1.0,152,True,149,149,2.696100142237437,2.696100142237437,1.0,0,C_hard_maze_dense,5
field_unet,focal,1.1,152,True,148,148,2.7230662665191336,2.696100142237437,1.010001900099793,0,C_hard_maze_dense,5
field_onlstm,astar,,140,True,133,133,2.754107006834644,2.696100142237437,1.02151510015836,0,C_hard_maze_dense,5
field_onlstm,focal,1.0,140,False,140,140,nan,2.696100142237437,nan,0,C_hard_maze_dense,5
field_onlstm,focal,1.1,140,False,140,140,nan,2.696100142237437,nan,0,C_hard_maze_dense,5
field_onlstm,astar,,152,True,133,133,2.754107006834644,2.696100142237437,1.02151510015836,0,C_hard_maze_dense,5
field_onlstm,focal,1.0,152,True,149,149,2.696100142237437,2.696100142237437,1.0,0,C_hard_maze_dense,5
field_onlstm,focal,1.1,152,True,146,146,2.73564658682513,2.696100142237437,1.0146680176927234,0,C_hard_maze_dense,5
field_hrm,astar,,140,True,121,121,2.7895868394319385,2.696100142237437,1.0346747866408696,0,C_hard_maze_dense,5
field_hrm,focal,1.0,140,False,140,140,nan,2.696100142237437,nan,0,C_hard_maze_dense,5
field_hrm,focal,1.1,140,False,140,140,nan,2.696100142237437,nan,0,C_hard_maze_dense,5
field_hrm,astar,,152,True,121,121,2.7895868394319385,2.696100142237437,1.0346747866408696,0,C_hard_maze_dense,5
field_hrm,focal,1.0,152,True,149,149,2.696100142237437,2.696100142237437,1.0,0,C_hard_maze_dense,5
field_hrm,focal,1.1,152,True,146,146,2.777049321810062,2.696100142237437,1.030024544824751,0,C_hard_maze_dense,5
euclid,astar,,140,False,140,140,nan,2.587431496060083,nan,0,C_hard_maze_dense,6
euclid,focal,1.0,140,False,140,140,nan,2.587431496060083,nan,0,C_hard_maze_dense,6
euclid,focal,1.1,140,True,140,140,2.6813324563485548,2.587431496060083,1.0362911870059,0,C_hard_maze_dense,6
euclid,astar,,152,True,146,146,2.5874314960600833,2.587431496060083,1.0000000000000002,0,C_hard_maze_dense,6
euclid,focal,1.0,152,True,146,146,2.5874314960600833,2.587431496060083,1.0000000000000002,0,C_hard_maze_dense,6
euclid,focal,1.1,152,True,140,140,2.6813324563485548,2.587431496060083,1.0362911870059,0,C_hard_maze_dense,6
oracle,astar,,140,True,32,32,2.5874314960600833,2.587431496060083,1.0000000000000002,0,C_hard_maze_dense,6
oracle,focal,1.0,140,False,140,140,nan,2.587431496060083,nan,0,C_hard_maze_dense,6
oracle,focal,1.1,140,True,136,136,2.600951617706789,2.587431496060083,1.0052253061258989,0,C_hard_maze_dense,6
oracle,astar,,152,True,32,32,2.5874314960600833,2.587431496060083,1.0000000000000002,0,C_hard_maze_dense,6
oracle,focal,1.0,152,True,146,146,2.5874314960600833,2.587431496060083,1.0000000000000002,0,C_hard_maze_dense,6
oracle,focal,1.1,152,True,136,136,2.600951617706789,2.587431496060083,1.0052253061258989,0,C_hard_maze_dense,6
scalar_hrm,astar,,140,True,122,122,2.685581270454055,2.587431496060083,1.0379332842409263,0,C_hard_maze_dense,6
scalar_hrm,focal,1.0,140,False,140,140,nan,2.587431496060083,nan,0,C_hard_maze_dense,6
scalar_hrm,focal,1.1,140,True,140,140,2.7063491695368724,2.587431496060083,1.0459597379323344,0,C_hard_maze_dense,6
scalar_hrm,astar,,152,True,122,122,2.685581270454055,2.587431496060083,1.0379332842409263,0,C_hard_maze_dense,6
scalar_hrm,focal,1.0,152,True,146,146,2.5874314960600833,2.587431496060083,1.0000000000000002,0,C_hard_maze_dense,6
scalar_hrm,focal,1.1,152,True,140,140,2.7063491695368724,2.587431496060083,1.0459597379323344,0,C_hard_maze_dense,6
scalar_onlstm,astar,,140,True,140,140,2.68378145926746,2.587431496060083,1.0372376866224633,0,C_hard_maze_dense,6
scalar_onlstm,focal,1.0,140,False,140,140,nan,2.587431496060083,nan,0,C_hard_maze_dense,6
scalar_onlstm,focal,1.1,140,True,139,139,2.6959553537520513,2.587431496060083,1.0419426979447453,0,C_hard_maze_dense,6
scalar_onlstm,astar,,152,True,140,140,2.68378145926746,2.587431496060083,1.0372376866224633,0,C_hard_maze_dense,6
scalar_onlstm,focal,1.0,152,True,146,146,2.5874314960600833,2.587431496060083,1.0000000000000002,0,C_hard_maze_dense,6
scalar_onlstm,focal,1.1,152,True,139,139,2.6959553537520513,2.587431496060083,1.0419426979447453,0,C_hard_maze_dense,6
field_unet,astar,,140,True,127,127,2.628720674824502,2.587431496060083,1.0159575930134925,0,C_hard_maze_dense,6
field_unet,focal,1.0,140,False,140,140,nan,2.587431496060083,nan,0,C_hard_maze_dense,6
field_unet,focal,1.1,140,False,140,140,nan,2.587431496060083,nan,0,C_hard_maze_dense,6
field_unet,astar,,152,True,127,127,2.628720674824502,2.587431496060083,1.0159575930134925,0,C_hard_maze_dense,6
field_unet,focal,1.0,152,True,146,146,2.5874314960600833,2.587431496060083,1.0000000000000002,0,C_hard_maze_dense,6
field_unet,focal,1.1,152,True,143,143,2.7496057221458066,2.587431496060083,1.0626776887939522,0,C_hard_maze_dense,6
field_onlstm,astar,,140,True,118,118,2.6715128420159666,2.587431496060083,1.0324960664983462,0,C_hard_maze_dense,6
field_onlstm,focal,1.0,140,False,140,140,nan,2.587431496060083,nan,0,C_hard_maze_dense,6
field_onlstm,focal,1.1,140,True,140,140,2.700733641657796,2.587431496060083,1.0437894281530697,0,C_hard_maze_dense,6
field_onlstm,astar,,152,True,118,118,2.6715128420159666,2.587431496060083,1.0324960664983462,0,C_hard_maze_dense,6
field_onlstm,focal,1.0,152,True,146,146,2.5874314960600833,2.587431496060083,1.0000000000000002,0,C_hard_maze_dense,6
field_onlstm,focal,1.1,152,True,140,140,2.700733641657796,2.587431496060083,1.0437894281530697,0,C_hard_maze_dense,6
field_hrm,astar,,140,True,119,119,2.7600099997430423,2.587431496060083,1.0666987721011154,0,C_hard_maze_dense,6
field_hrm,focal,1.0,140,False,140,140,nan,2.587431496060083,nan,0,C_hard_maze_dense,6
field_hrm,focal,1.1,140,True,140,140,2.682820419255148,2.587431496060083,1.0368662603590917,0,C_hard_maze_dense,6
field_hrm,astar,,152,True,119,119,2.7600099997430423,2.587431496060083,1.0666987721011154,0,C_hard_maze_dense,6
field_hrm,focal,1.0,152,True,146,146,2.5874314960600833,2.587431496060083,1.0000000000000002,0,C_hard_maze_dense,6
field_hrm,focal,1.1,152,True,140,140,2.682820419255148,2.587431496060083,1.0368662603590917,0,C_hard_maze_dense,6
euclid,astar,,140,False,140,140,nan,2.485417228651834,nan,0,C_hard_maze_dense,7
euclid,focal,1.0,140,False,140,140,nan,2.485417228651834,nan,0,C_hard_maze_dense,7
euclid,focal,1.1,140,False,140,140,nan,2.485417228651834,nan,0,C_hard_maze_dense,7
euclid,astar,,152,False,152,152,nan,2.485417228651834,nan,0,C_hard_maze_dense,7
euclid,focal,1.0,152,False,152,152,nan,2.485417228651834,nan,0,C_hard_maze_dense,7
euclid,focal,1.1,152,True,148,148,2.5175696944915495,2.485417228651834,1.01293644602969,0,C_hard_maze_dense,7
oracle,astar,,140,True,26,26,2.4854172286518335,2.485417228651834,0.9999999999999998,0,C_hard_maze_dense,7
oracle,focal,1.0,140,False,140,140,nan,2.485417228651834,nan,0,C_hard_maze_dense,7
oracle,focal,1.1,140,False,140,140,nan,2.485417228651834,nan,0,C_hard_maze_dense,7
oracle,astar,,152,True,26,26,2.4854172286518335,2.485417228651834,0.9999999999999998,0,C_hard_maze_dense,7
oracle,focal,1.0,152,False,152,152,nan,2.485417228651834,nan,0,C_hard_maze_dense,7
oracle,focal,1.1,152,True,148,148,2.5175696944915495,2.485417228651834,1.01293644602969,0,C_hard_maze_dense,7
scalar_hrm,astar,,140,True,89,89,2.6071360055464847,2.485417228651834,1.048973176612554,0,C_hard_maze_dense,7
scalar_hrm,focal,1.0,140,False,140,140,nan,2.485417228651834,nan,0,C_hard_maze_dense,7
scalar_hrm,focal,1.1,140,False,140,140,nan,2.485417228651834,nan,0,C_hard_maze_dense,7
scalar_hrm,astar,,152,True,89,89,2.6071360055464847,2.485417228651834,1.048973176612554,0,C_hard_maze_dense,7
scalar_hrm,focal,1.0,152,False,152,152,nan,2.485417228651834,nan,0,C_hard_maze_dense,7
scalar_hrm,focal,1.1,152,True,145,145,2.603243889400213,2.485417228651834,1.0474071956169275,0,C_hard_maze_dense,7
scalar_onlstm,astar,,140,True,92,92,2.5804831818526437,2.485417228651834,1.0382494947346834,0,C_hard_maze_dense,7
scalar_onlstm,focal,1.0,140,False,140,140,nan,2.485417228651834,nan,0,C_hard_maze_dense,7
scalar_onlstm,focal,1.1,140,False,140,140,nan,2.485417228651834,nan,0,C_hard_maze_dense,7
scalar_onlstm,astar,,152,True,92,92,2.5804831818526437,2.485417228651834,1.0382494947346834,0,C_hard_maze_dense,7
scalar_onlstm,focal,1.0,152,False,152,152,nan,2.485417228651834,nan,0,C_hard_maze_dense,7
scalar_onlstm,focal,1.1,152,True,148,148,2.4854172286518335,2.485417228651834,0.9999999999999998,0,C_hard_maze_dense,7
field_unet,astar,,140,True,135,135,2.575874854174565,2.485417228651834,1.036395348225617,0,C_hard_maze_dense,7
field_unet,focal,1.0,140,False,140,140,nan,2.485417228651834,nan,0,C_hard_maze_dense,7
field_unet,focal,1.1,140,False,140,140,nan,2.485417228651834,nan,0,C_hard_maze_dense,7
field_unet,astar,,152,True,135,135,2.575874854174565,2.485417228651834,1.036395348225617,0,C_hard_maze_dense,7
field_unet,focal,1.0,152,False,152,152,nan,2.485417228651834,nan,0,C_hard_maze_dense,7
field_unet,focal,1.1,152,False,152,152,nan,2.485417228651834,nan,0,C_hard_maze_dense,7
field_onlstm,astar,,140,False,140,140,nan,2.485417228651834,nan,0,C_hard_maze_dense,7
field_onlstm,focal,1.0,140,False,140,140,nan,2.485417228651834,nan,0,C_hard_maze_dense,7
field_onlstm,focal,1.1,140,False,140,140,nan,2.485417228651834,nan,0,C_hard_maze_dense,7
field_onlstm,astar,,152,True,141,141,2.571091423560497,2.485417228651834,1.0344707495872374,0,C_hard_maze_dense,7
field_onlstm,focal,1.0,152,False,152,152,nan,2.485417228651834,nan,0,C_hard_maze_dense,7
field_onlstm,focal,1.1,152,False,152,152,nan,2.485417228651834,nan,0,C_hard_maze_dense,7
field_hrm,astar,,140,True,100,100,2.4854172286518335,2.485417228651834,0.9999999999999998,0,C_hard_maze_dense,7
field_hrm,focal,1.0,140,False,140,140,nan,2.485417228651834,nan,0,C_hard_maze_dense,7
field_hrm,focal,1.1,140,False,140,140,nan,2.485417228651834,nan,0,C_hard_maze_dense,7
field_hrm,astar,,152,True,100,100,2.4854172286518335,2.485417228651834,0.9999999999999998,0,C_hard_maze_dense,7
field_hrm,focal,1.0,152,False,152,152,nan,2.485417228651834,nan,0,C_hard_maze_dense,7
field_hrm,focal,1.1,152,True,149,149,2.571091423560497,2.485417228651834,1.0344707495872374,0,C_hard_maze_dense,7
euclid,astar,,140,True,140,140,2.5790641867135577,2.5790641867135586,0.9999999999999997,0,C_hard_maze_dense,8
euclid,focal,1.0,140,True,140,140,2.5790641867135577,2.5790641867135586,0.9999999999999997,0,C_hard_maze_dense,8
euclid,focal,1.1,140,True,133,133,2.666677427510294,2.5790641867135586,1.0339709423472623,0,C_hard_maze_dense,8
euclid,astar,,152,True,140,140,2.5790641867135577,2.5790641867135586,0.9999999999999997,0,C_hard_maze_dense,8
euclid,focal,1.0,152,True,140,140,2.5790641867135577,2.5790641867135586,0.9999999999999997,0,C_hard_maze_dense,8
euclid,focal,1.1,152,True,133,133,2.666677427510294,2.5790641867135586,1.0339709423472623,0,C_hard_maze_dense,8
oracle,astar,,140,True,30,30,2.5790641867135577,2.5790641867135586,0.9999999999999997,0,C_hard_maze_dense,8
oracle,focal,1.0,140,True,140,140,2.5790641867135577,2.5790641867135586,0.9999999999999997,0,C_hard_maze_dense,8
oracle,focal,1.1,140,True,132,132,2.610055090074855,2.5790641867135586,1.0120163365925325,0,C_hard_maze_dense,8
oracle,astar,,152,True,30,30,2.5790641867135577,2.5790641867135586,0.9999999999999997,0,C_hard_maze_dense,8
oracle,focal,1.0,152,True,140,140,2.5790641867135577,2.5790641867135586,0.9999999999999997,0,C_hard_maze_dense,8
oracle,focal,1.1,152,True,132,132,2.610055090074855,2.5790641867135586,1.0120163365925325,0,C_hard_maze_dense,8
scalar_hrm,astar,,140,True,85,85,2.782527165719254,2.5790641867135586,1.0788902347036826,0,C_hard_maze_dense,8
scalar_hrm,focal,1.0,140,True,140,140,2.5790641867135577,2.5790641867135586,0.9999999999999997,0,C_hard_maze_dense,8
scalar_hrm,focal,1.1,140,True,135,135,2.6048853502813363,2.5790641867135586,1.010011834409085,0,C_hard_maze_dense,8
scalar_hrm,astar,,152,True,85,85,2.782527165719254,2.5790641867135586,1.0788902347036826,0,C_hard_maze_dense,8
scalar_hrm,focal,1.0,152,True,140,140,2.5790641867135577,2.5790641867135586,0.9999999999999997,0,C_hard_maze_dense,8
scalar_hrm,focal,1.1,152,True,135,135,2.6048853502813363,2.5790641867135586,1.010011834409085,0,C_hard_maze_dense,8
scalar_onlstm,astar,,140,True,123,123,2.687260224794494,2.5790641867135586,1.0419516655065522,0,C_hard_maze_dense,8
scalar_onlstm,focal,1.0,140,True,140,140,2.5790641867135577,2.5790641867135586,0.9999999999999997,0,C_hard_maze_dense,8
scalar_onlstm,focal,1.1,140,True,134,134,2.6048853502813363,2.5790641867135586,1.010011834409085,0,C_hard_maze_dense,8
scalar_onlstm,astar,,152,True,123,123,2.687260224794494,2.5790641867135586,1.0419516655065522,0,C_hard_maze_dense,8
scalar_onlstm,focal,1.0,152,True,140,140,2.5790641867135577,2.5790641867135586,0.9999999999999997,0,C_hard_maze_dense,8
scalar_onlstm,focal,1.1,152,True,134,134,2.6048853502813363,2.5790641867135586,1.010011834409085,0,C_hard_maze_dense,8
field_unet,astar,,140,True,102,102,2.5950748250103355,2.5790641867135586,1.006207925486794,0,C_hard_maze_dense,8
field_unet,focal,1.0,140,True,140,140,2.5790641867135577,2.5790641867135586,0.9999999999999997,0,C_hard_maze_dense,8
field_unet,focal,1.1,140,True,133,133,2.6069266884095588,2.5790641867135586,1.0108033378306511,0,C_hard_maze_dense,8
field_unet,astar,,152,True,102,102,2.5950748250103355,2.5790641867135586,1.006207925486794,0,C_hard_maze_dense,8
field_unet,focal,1.0,152,True,140,140,2.5790641867135577,2.5790641867135586,0.9999999999999997,0,C_hard_maze_dense,8
field_unet,focal,1.1,152,True,133,133,2.6069266884095588,2.5790641867135586,1.0108033378306511,0,C_hard_maze_dense,8
field_onlstm,astar,,140,True,107,107,2.730581390664928,2.5790641867135586,1.0587489077363539,0,C_hard_maze_dense,8
field_onlstm,focal,1.0,140,True,140,140,2.5790641867135577,2.5790641867135586,0.9999999999999997,0,C_hard_maze_dense,8
field_onlstm,focal,1.1,140,True,134,134,2.6123080292885628,2.5790641867135586,1.0128898856981787,0,C_hard_maze_dense,8
field_onlstm,astar,,152,True,107,107,2.730581390664928,2.5790641867135586,1.0587489077363539,0,C_hard_maze_dense,8
field_onlstm,focal,1.0,152,True,140,140,2.5790641867135577,2.5790641867135586,0.9999999999999997,0,C_hard_maze_dense,8
field_onlstm,focal,1.1,152,True,134,134,2.6123080292885628,2.5790641867135586,1.0128898856981787,0,C_hard_maze_dense,8
field_hrm,astar,,140,True,94,94,2.6081355401023214,2.5790641867135586,1.0112720550107004,0,C_hard_maze_dense,8
field_hrm,focal,1.0,140,True,140,140,2.5790641867135577,2.5790641867135586,0.9999999999999997,0,C_hard_maze_dense,8
field_hrm,focal,1.1,140,True,132,132,2.619851901057169,2.5790641867135586,1.0158149279702826,0,C_hard_maze_dense,8
field_hrm,astar,,152,True,94,94,2.6081355401023214,2.5790641867135586,1.0112720550107004,0,C_hard_maze_dense,8
field_hrm,focal,1.0,152,True,140,140,2.5790641867135577,2.5790641867135586,0.9999999999999997,0,C_hard_maze_dense,8
field_hrm,focal,1.1,152,True,132,132,2.619851901057169,2.5790641867135586,1.0158149279702826,0,C_hard_maze_dense,8
euclid,astar,,140,False,140,140,nan,2.624659368892975,nan,0,C_hard_maze_dense,9
euclid,focal,1.0,140,False,140,140,nan,2.624659368892975,nan,0,C_hard_maze_dense,9
euclid,focal,1.1,140,False,140,140,nan,2.624659368892975,nan,0,C_hard_maze_dense,9
euclid,astar,,152,True,149,149,2.6246593688929756,2.624659368892975,1.0000000000000002,0,C_hard_maze_dense,9
euclid,focal,1.0,152,True,149,149,2.6246593688929756,2.624659368892975,1.0000000000000002,0,C_hard_maze_dense,9
euclid,focal,1.1,152,True,145,145,2.6317284743295857,2.624659368892975,1.0026933420467403,0,C_hard_maze_dense,9
oracle,astar,,140,True,24,24,2.6246593688929756,2.624659368892975,1.0000000000000002,0,C_hard_maze_dense,9
oracle,focal,1.0,140,False,140,140,nan,2.624659368892975,nan,0,C_hard_maze_dense,9
oracle,focal,1.1,140,False,140,140,nan,2.624659368892975,nan,0,C_hard_maze_dense,9
oracle,astar,,152,True,24,24,2.6246593688929756,2.624659368892975,1.0000000000000002,0,C_hard_maze_dense,9
oracle,focal,1.0,152,True,149,149,2.6246593688929756,2.624659368892975,1.0000000000000002,0,C_hard_maze_dense,9
oracle,focal,1.1,152,True,142,142,2.662431459457714,2.624659368892975,1.0143912353017719,0,C_hard_maze_dense,9
scalar_hrm,astar,,140,True,66,66,2.704046994705836,2.624659368892975,1.0302468300282124,0,C_hard_maze_dense,9
scalar_hrm,focal,1.0,140,False,140,140,nan,2.624659368892975,nan,0,C_hard_maze_dense,9
scalar_hrm,focal,1.1,140,False,140,140,nan,2.624659368892975,nan,0,C_hard_maze_dense,9
scalar_hrm,astar,,152,True,66,66,2.704046994705836,2.624659368892975,1.0302468300282124,0,C_hard_maze_dense,9
scalar_hrm,focal,1.0,152,True,149,149,2.6246593688929756,2.624659368892975,1.0000000000000002,0,C_hard_maze_dense,9
scalar_hrm,focal,1.1,152,True,141,141,2.7146532207918104,2.624659368892975,1.0342878214847333,0,C_hard_maze_dense,9
scalar_onlstm,astar,,140,True,102,102,2.668192993069134,2.624659368892975,1.0165863901015546,0,C_hard_maze_dense,9
scalar_onlstm,focal,1.0,140,False,140,140,nan,2.624659368892975,nan,0,C_hard_maze_dense,9
scalar_onlstm,focal,1.1,140,False,140,140,nan,2.624659368892975,nan,0,C_hard_maze_dense,9
scalar_onlstm,astar,,152,True,102,102,2.668192993069134,2.624659368892975,1.0165863901015546,0,C_hard_maze_dense,9
scalar_onlstm,focal,1.0,152,True,149,149,2.6246593688929756,2.624659368892975,1.0000000000000002,0,C_hard_maze_dense,9
scalar_onlstm,focal,1.1,152,True,147,147,2.6277829013047618,2.624659368892975,1.0011900715379702,0,C_hard_maze_dense,9
field_unet,astar,,140,True,91,91,2.6286049419177995,2.624659368892975,1.0015032705087703,0,C_hard_maze_dense,9
field_unet,focal,1.0,140,False,140,140,nan,2.624659368892975,nan,0,C_hard_maze_dense,9
field_unet,focal,1.1,140,False,140,140,nan,2.624659368892975,nan,0,C_hard_maze_dense,9
field_unet,astar,,152,True,91,91,2.6286049419177995,2.624659368892975,1.0015032705087703,0,C_hard_maze_dense,9
field_unet,focal,1.0,152,True,149,149,2.6246593688929756,2.624659368892975,1.0000000000000002,0,C_hard_maze_dense,9
field_unet,focal,1.1,152,True,146,146,2.6666440341662883,2.624659368892975,1.0159962339383573,0,C_hard_maze_dense,9
field_onlstm,astar,,140,True,95,95,2.66664823340718,2.624659368892975,1.0159978338567854,0,C_hard_maze_dense,9
field_onlstm,focal,1.0,140,False,140,140,nan,2.624659368892975,nan,0,C_hard_maze_dense,9
field_onlstm,focal,1.1,140,False,140,140,nan,2.624659368892975,nan,0,C_hard_maze_dense,9
field_onlstm,astar,,152,True,95,95,2.66664823340718,2.624659368892975,1.0159978338567854,0,C_hard_maze_dense,9
field_onlstm,focal,1.0,152,True,149,149,2.6246593688929756,2.624659368892975,1.0000000000000002,0,C_hard_maze_dense,9
field_onlstm,focal,1.1,152,True,147,147,2.641379750217916,2.624659368892975,1.0063704957386501,0,C_hard_maze_dense,9
field_hrm,astar,,140,True,85,85,2.6246635681338675,2.624659368892975,1.0000015999184284,0,C_hard_maze_dense,9
field_hrm,focal,1.0,140,False,140,140,nan,2.624659368892975,nan,0,C_hard_maze_dense,9
field_hrm,focal,1.1,140,False,140,140,nan,2.624659368892975,nan,0,C_hard_maze_dense,9
field_hrm,astar,,152,True,85,85,2.6246635681338675,2.624659368892975,1.0000015999184284,0,C_hard_maze_dense,9
field_hrm,focal,1.0,152,True,149,149,2.6246593688929756,2.624659368892975,1.0000000000000002,0,C_hard_maze_dense,9
field_hrm,focal,1.1,152,True,148,148,2.6453211240018475,2.624659368892975,1.0078721663289918,0,C_hard_maze_dense,9
euclid,astar,,140,True,136,136,2.655996011484469,2.6559960114844694,0.9999999999999998,0,C_hard_maze_dense,10
euclid,focal,1.0,140,True,136,136,2.655996011484469,2.6559960114844694,0.9999999999999998,0,C_hard_maze_dense,10
euclid,focal,1.1,140,True,122,122,2.7467396154087247,2.6559960114844694,1.0341655648321315,0,C_hard_maze_dense,10
euclid,astar,,152,True,136,136,2.655996011484469,2.6559960114844694,0.9999999999999998,0,C_hard_maze_dense,10
euclid,focal,1.0,152,True,136,136,2.655996011484469,2.6559960114844694,0.9999999999999998,0,C_hard_maze_dense,10
euclid,focal,1.1,152,True,122,122,2.7467396154087247,2.6559960114844694,1.0341655648321315,0,C_hard_maze_dense,10
oracle,astar,,140,True,28,28,2.655996011484469,2.6559960114844694,0.9999999999999998,0,C_hard_maze_dense,10
oracle,focal,1.0,140,True,136,136,2.655996011484469,2.6559960114844694,0.9999999999999998,0,C_hard_maze_dense,10
oracle,focal,1.1,140,True,122,122,2.726713337940124,2.6559960114844694,1.0266255394021204,0,C_hard_maze_dense,10
oracle,astar,,152,True,28,28,2.655996011484469,2.6559960114844694,0.9999999999999998,0,C_hard_maze_dense,10
oracle,focal,1.0,152,True,136,136,2.655996011484469,2.6559960114844694,0.9999999999999998,0,C_hard_maze_dense,10
oracle,focal,1.1,152,True,122,122,2.726713337940124,2.6559960114844694,1.0266255394021204,0,C_hard_maze_dense,10
scalar_hrm,astar,,140,True,103,103,2.772093499540346,2.6559960114844694,1.0437114692770144,0,C_hard_maze_dense,10
scalar_hrm,focal,1.0,140,True,136,136,2.655996011484469,2.6559960114844694,0.9999999999999998,0,C_hard_maze_dense,10
scalar_hrm,focal,1.1,140,True,126,126,2.727543934088858,2.6559960114844694,1.026938264325329,0,C_hard_maze_dense,10
scalar_hrm,astar,,152,True,103,103,2.772093499540346,2.6559960114844694,1.0437114692770144,0,C_hard_maze_dense,10
scalar_hrm,focal,1.0,152,True,136,136,2.655996011484469,2.6559960114844694,0.9999999999999998,0,C_hard_maze_dense,10
scalar_hrm,focal,1.1,152,True,126,126,2.727543934088858,2.6559960114844694,1.026938264325329,0,C_hard_maze_dense,10
scalar_onlstm,astar,,140,True,120,120,2.6588936598316324,2.6559960114844694,1.00109098369675,0,C_hard_maze_dense,10
scalar_onlstm,focal,1.0,140,True,136,136,2.655996011484469,2.6559960114844694,0.9999999999999998,0,C_hard_maze_dense,10
scalar_onlstm,focal,1.1,140,True,126,126,2.6986333995657628,2.6559960114844694,1.0160532575715213,0,C_hard_maze_dense,10
scalar_onlstm,astar,,152,True,120,120,2.6588936598316324,2.6559960114844694,1.00109098369675,0,C_hard_maze_dense,10
scalar_onlstm,focal,1.0,152,True,136,136,2.655996011484469,2.6559960114844694,0.9999999999999998,0,C_hard_maze_dense,10
scalar_onlstm,focal,1.1,152,True,126,126,2.6986333995657628,2.6559960114844694,1.0160532575715213,0,C_hard_maze_dense,10
field_unet,astar,,140,True,118,118,2.655996011484469,2.6559960114844694,0.9999999999999998,0,C_hard_maze_dense,10
field_unet,focal,1.0,140,True,136,136,2.655996011484469,2.6559960114844694,0.9999999999999998,0,C_hard_maze_dense,10
field_unet,focal,1.1,140,True,127,127,2.7281254492780906,2.6559960114844694,1.0271572086259675,0,C_hard_maze_dense,10
field_unet,astar,,152,True,118,118,2.655996011484469,2.6559960114844694,0.9999999999999998,0,C_hard_maze_dense,10
field_unet,focal,1.0,152,True,136,136,2.655996011484469,2.6559960114844694,0.9999999999999998,0,C_hard_maze_dense,10
field_unet,focal,1.1,152,True,127,127,2.7281254492780906,2.6559960114844694,1.0271572086259675,0,C_hard_maze_dense,10
field_onlstm,astar,,140,True,106,106,2.7718042161459935,2.6559960114844694,1.043602552172809,0,C_hard_maze_dense,10
field_onlstm,focal,1.0,140,True,136,136,2.655996011484469,2.6559960114844694,0.9999999999999998,0,C_hard_maze_dense,10
field_onlstm,focal,1.1,140,True,123,123,2.6999666895659944,2.6559960114844694,1.016555250042318,0,C_hard_maze_dense,10
field_onlstm,astar,,152,True,106,106,2.7718042161459935,2.6559960114844694,1.043602552172809,0,C_hard_maze_dense,10
field_onlstm,focal,1.0,152,True,136,136,2.655996011484469,2.6559960114844694,0.9999999999999998,0,C_hard_maze_dense,10
field_onlstm,focal,1.1,152,True,123,123,2.6999666895659944,2.6559960114844694,1.016555250042318,0,C_hard_maze_dense,10
field_hrm,astar,,140,True,113,113,2.6941340676931573,2.6559960114844694,1.0143592294731543,0,C_hard_maze_dense,10
field_hrm,focal,1.0,140,True,136,136,2.655996011484469,2.6559960114844694,0.9999999999999998,0,C_hard_maze_dense,10
field_hrm,focal,1.1,140,True,129,129,2.78639997319673,2.6559960114844694,1.0490979508810996,0,C_hard_maze_dense,10
field_hrm,astar,,152,True,113,113,2.6941340676931573,2.6559960114844694,1.0143592294731543,0,C_hard_maze_dense,10
field_hrm,focal,1.0,152,True,136,136,2.655996011484469,2.6559960114844694,0.9999999999999998,0,C_hard_maze_dense,10
field_hrm,focal,1.1,152,True,129,129,2.78639997319673,2.6559960114844694,1.0490979508810996,0,C_hard_maze_dense,10
euclid,astar,,140,True,128,128,2.45414731637111,2.45414731637111,1.0,0,C_hard_maze_dense,11
euclid,focal,1.0,140,True,128,128,2.45414731637111,2.45414731637111,1.0,0,C_hard_maze_dense,11
euclid,focal,1.1,140,True,124,124,2.464585244244111,2.45414731637111,1.0042531790179716,0,C_hard_maze_dense,11
euclid,astar,,152,True,128,128,2.45414731637111,2.45414731637111,1.0,0,C_hard_maze_dense,11
euclid,focal,1.0,152,True,128,128,2.45414731637111,2.45414731637111,1.0,0,C_hard_maze_dense,11
euclid,focal,1.1,152,True,124,124,2.464585244244111,2.45414731637111,1.0042531790179716,0,C_hard_maze_dense,11
oracle,astar,,140,True,28,28,2.45414731637111,2.45414731637111,1.0,0,C_hard_maze_dense,11
oracle,focal,1.0,140,True,128,128,2.45414731637111,2.45414731637111,1.0,0,C_hard_maze_dense,11
oracle,focal,1.1,140,True,124,124,2.5588745570201525,2.45414731637111,1.042673575441225,0,C_hard_maze_dense,11
oracle,astar,,152,True,28,28,2.45414731637111,2.45414731637111,1.0,0,C_hard_maze_dense,11
oracle,focal,1.0,152,True,128,128,2.45414731637111,2.45414731637111,1.0,0,C_hard_maze_dense,11
oracle,focal,1.1,152,True,124,124,2.5588745570201525,2.45414731637111,1.042673575441225,0,C_hard_maze_dense,11
scalar_hrm,astar,,140,True,85,85,2.6328183246396426,2.45414731637111,1.0728037013412581,0,C_hard_maze_dense,11
scalar_hrm,focal,1.0,140,True,128,128,2.45414731637111,2.45414731637111,1.0,0,C_hard_maze_dense,11
scalar_hrm,focal,1.1,140,True,124,124,2.464303244273714,2.45414731637111,1.004138271502634,0,C_hard_maze_dense,11
scalar_hrm,astar,,152,True,85,85,2.6328183246396426,2.45414731637111,1.0728037013412581,0,C_hard_maze_dense,11
scalar_hrm,focal,1.0,152,True,128,128,2.45414731637111,2.45414731637111,1.0,0,C_hard_maze_dense,11
scalar_hrm,focal,1.1,152,True,124,124,2.464303244273714,2.45414731637111,1.004138271502634,0,C_hard_maze_dense,11
scalar_onlstm,astar,,140,True,95,95,2.458349178198481,2.45414731637111,1.001712147351278,0,C_hard_maze_dense,11
scalar_onlstm,focal,1.0,140,True,128,128,2.45414731637111,2.45414731637111,1.0,0,C_hard_maze_dense,11
scalar_onlstm,focal,1.1,140,True,124,124,2.5015997379267065,2.45414731637111,1.0193356043620736,0,C_hard_maze_dense,11
scalar_onlstm,astar,,152,True,95,95,2.458349178198481,2.45414731637111,1.001712147351278,0,C_hard_maze_dense,11
scalar_onlstm,focal,1.0,152,True,128,128,2.45414731637111,2.45414731637111,1.0,0,C_hard_maze_dense,11
scalar_onlstm,focal,1.1,152,True,124,124,2.5015997379267065,2.45414731637111,1.0193356043620736,0,C_hard_maze_dense,11
field_unet,astar,,140,True,104,104,2.45414731637111,2.45414731637111,1.0,0,C_hard_maze_dense,11
field_unet,focal,1.0,140,True,128,128,2.45414731637111,2.45414731637111,1.0,0,C_hard_maze_dense,11
field_unet,focal,1.1,140,True,124,124,2.4645925086695954,2.45414731637111,1.0042561390788596,0,C_hard_maze_dense,11
field_unet,astar,,152,True,104,104,2.45414731637111,2.45414731637111,1.0,0,C_hard_maze_dense,11
field_unet,focal,1.0,152,True,128,128,2.45414731637111,2.45414731637111,1.0,0,C_hard_maze_dense,11
field_unet,focal,1.1,152,True,124,124,2.4645925086695954,2.45414731637111,1.0042561390788596,0,C_hard_maze_dense,11
field_onlstm,astar,,140,True,98,98,2.4619154574006683,2.45414731637111,1.0031653116248314,0,C_hard_maze_dense,11
field_onlstm,focal,1.0,140,True,128,128,2.45414731637111,2.45414731637111,1.0,0,C_hard_maze_dense,11
field_onlstm,focal,1.1,140,True,124,124,2.470662517137361,2.45414731637111,1.0067295066828634,0,C_hard_maze_dense,11
field_onlstm,astar,,152,True,98,98,2.4619154574006683,2.45414731637111,1.0031653116248314,0,C_hard_maze_dense,11
field_onlstm,focal,1.0,152,True,128,128,2.45414731637111,2.45414731637111,1.0,0,C_hard_maze_dense,11
field_onlstm,focal,1.1,152,True,124,124,2.470662517137361,2.45414731637111,1.0067295066828634,0,C_hard_maze_dense,11
field_hrm,astar,,140,True,95,95,2.461835327625963,2.45414731637111,1.0031326608649642,0,C_hard_maze_dense,11
field_hrm,focal,1.0,140,True,128,128,2.45414731637111,2.45414731637111,1.0,0,C_hard_maze_dense,11
field_hrm,focal,1.1,140,True,125,125,2.461835327625963,2.45414731637111,1.0031326608649642,0,C_hard_maze_dense,11
field_hrm,astar,,152,True,95,95,2.461835327625963,2.45414731637111,1.0031326608649642,0,C_hard_maze_dense,11
field_hrm,focal,1.0,152,True,128,128,2.45414731637111,2.45414731637111,1.0,0,C_hard_maze_dense,11
field_hrm,focal,1.1,152,True,125,125,2.461835327625963,2.45414731637111,1.0031326608649642,0,C_hard_maze_dense,11
euclid,astar,,140,False,140,140,nan,2.7345572856526537,nan,0,C_hard_maze_dense,12
euclid,focal,1.0,140,False,140,140,nan,2.7345572856526537,nan,0,C_hard_maze_dense,12
euclid,focal,1.1,140,False,140,140,nan,2.7345572856526537,nan,0,C_hard_maze_dense,12
euclid,astar,,152,True,150,150,2.7345572856526528,2.7345572856526537,0.9999999999999997,0,C_hard_maze_dense,12
euclid,focal,1.0,152,True,150,150,2.7345572856526528,2.7345572856526537,0.9999999999999997,0,C_hard_maze_dense,12
euclid,focal,1.1,152,True,146,146,2.782702388565783,2.7345572856526537,1.0176061782160248,0,C_hard_maze_dense,12
oracle,astar,,140,True,33,33,2.7345572856526528,2.7345572856526537,0.9999999999999997,0,C_hard_maze_dense,12
oracle,focal,1.0,140,False,140,140,nan,2.7345572856526537,nan,0,C_hard_maze_dense,12
oracle,focal,1.1,140,False,140,140,nan,2.7345572856526537,nan,0,C_hard_maze_dense,12
oracle,astar,,152,True,33,33,2.7345572856526528,2.7345572856526537,0.9999999999999997,0,C_hard_maze_dense,12
oracle,focal,1.0,152,True,150,150,2.7345572856526528,2.7345572856526537,0.9999999999999997,0,C_hard_maze_dense,12
oracle,focal,1.1,152,True,145,145,2.7464379240427768,2.7345572856526537,1.0043446295502592,0,C_hard_maze_dense,12
scalar_hrm,astar,,140,True,120,120,2.86531523113678,2.7345572856526537,1.0478168609486338,0,C_hard_maze_dense,12
scalar_hrm,focal,1.0,140,False,140,140,nan,2.7345572856526537,nan,0,C_hard_maze_dense,12
scalar_hrm,focal,1.1,140,False,140,140,nan,2.7345572856526537,nan,0,C_hard_maze_dense,12
scalar_hrm,astar,,152,True,120,120,2.86531523113678,2.7345572856526537,1.0478168609486338,0,C_hard_maze_dense,12
scalar_hrm,focal,1.0,152,True,150,150,2.7345572856526528,2.7345572856526537,0.9999999999999997,0,C_hard_maze_dense,12
scalar_hrm,focal,1.1,152,True,145,145,2.8109437925130365,2.7345572856526537,1.027933774604452,0,C_hard_maze_dense,12
scalar_onlstm,astar,,140,False,140,140,nan,2.7345572856526537,nan,0,C_hard_maze_dense,12
scalar_onlstm,focal,1.0,140,False,140,140,nan,2.7345572856526537,nan,0,C_hard_maze_dense,12
scalar_onlstm,focal,1.1,140,False,140,140,nan,2.7345572856526537,nan,0,C_hard_maze_dense,12
scalar_onlstm,astar,,152,True,142,142,2.7937134850876335,2.7345572856526537,1.0216328250811761,0,C_hard_maze_dense,12
scalar_onlstm,focal,1.0,152,True,150,150,2.7345572856526528,2.7345572856526537,0.9999999999999997,0,C_hard_maze_dense,12
scalar_onlstm,focal,1.1,152,True,145,145,2.9044447170690697,2.7345572856526537,1.0621261190276616,0,C_hard_maze_dense,12
field_unet,astar,,140,True,121,121,2.7407759961570846,2.7345572856526537,1.0022741196672158,0,C_hard_maze_dense,12
field_unet,focal,1.0,140,False,140,140,nan,2.7345572856526537,nan,0,C_hard_maze_dense,12
field_unet,focal,1.1,140,False,140,140,nan,2.7345572856526537,nan,0,C_hard_maze_dense,12
field_unet,astar,,152,True,121,121,2.7407759961570846,2.7345572856526537,1.0022741196672158,0,C_hard_maze_dense,12
field_unet,focal,1.0,152,True,150,150,2.7345572856526528,2.7345572856526537,0.9999999999999997,0,C_hard_maze_dense,12
field_unet,focal,1.1,152,True,145,145,2.747041061193608,2.7345572856526537,1.0045651907189703,0,C_hard_maze_dense,12
field_onlstm,astar,,140,True,130,130,2.854241762491617,2.7345572856526537,1.0437674052274968,0,C_hard_maze_dense,12
field_onlstm,focal,1.0,140,False,140,140,nan,2.7345572856526537,nan,0,C_hard_maze_dense,12
field_onlstm,focal,1.1,140,False,140,140,nan,2.7345572856526537,nan,0,C_hard_maze_dense,12
field_onlstm,astar,,152,True,130,130,2.854241762491617,2.7345572856526537,1.0437674052274968,0,C_hard_maze_dense,12
field_onlstm,focal,1.0,152,True,150,150,2.7345572856526528,2.7345572856526537,0.9999999999999997,0,C_hard_maze_dense,12
field_onlstm,focal,1.1,152,True,145,145,2.8169777401751253,2.7345572856526537,1.030140328364999,0,C_hard_maze_dense,12
field_hrm,astar,,140,True,114,114,2.7488103752299975,2.7345572856526537,1.0052122110047301,0,C_hard_maze_dense,12
field_hrm,focal,1.0,140,False,140,140,nan,2.7345572856526537,nan,0,C_hard_maze_dense,12
field_hrm,focal,1.1,140,False,140,140,nan,2.7345572856526537,nan,0,C_hard_maze_dense,12
field_hrm,astar,,152,True,114,114,2.7488103752299975,2.7345572856526537,1.0052122110047301,0,C_hard_maze_dense,12
field_hrm,focal,1.0,152,True,150,150,2.7345572856526528,2.7345572856526537,0.9999999999999997,0,C_hard_maze_dense,12
field_hrm,focal,1.1,152,True,145,145,2.7750846816069705,2.7345572856526537,1.014820459665245,0,C_hard_maze_dense,12
euclid,astar,,140,False,140,140,nan,2.485260474395254,nan,0,C_hard_maze_dense,13
euclid,focal,1.0,140,False,140,140,nan,2.485260474395254,nan,0,C_hard_maze_dense,13
euclid,focal,1.1,140,False,140,140,nan,2.485260474395254,nan,0,C_hard_maze_dense,13
euclid,astar,,152,False,152,152,nan,2.485260474395254,nan,0,C_hard_maze_dense,13
euclid,focal,1.0,152,False,152,152,nan,2.485260474395254,nan,0,C_hard_maze_dense,13
euclid,focal,1.1,152,False,152,152,nan,2.485260474395254,nan,0,C_hard_maze_dense,13
oracle,astar,,140,True,24,24,2.4852604743952535,2.485260474395254,0.9999999999999998,0,C_hard_maze_dense,13
oracle,focal,1.0,140,False,140,140,nan,2.485260474395254,nan,0,C_hard_maze_dense,13
oracle,focal,1.1,140,False,140,140,nan,2.485260474395254,nan,0,C_hard_maze_dense,13
oracle,astar,,152,True,24,24,2.4852604743952535,2.485260474395254,0.9999999999999998,0,C_hard_maze_dense,13
oracle,focal,1.0,152,False,152,152,nan,2.485260474395254,nan,0,C_hard_maze_dense,13
oracle,focal,1.1,152,False,152,152,nan,2.485260474395254,nan,0,C_hard_maze_dense,13
scalar_hrm,astar,,140,True,103,103,2.6295845300670875,2.485260474395254,1.0580720037834073,0,C_hard_maze_dense,13
scalar_hrm,focal,1.0,140,False,140,140,nan,2.485260474395254,nan,0,C_hard_maze_dense,13
scalar_hrm,focal,1.1,140,False,140,140,nan,2.485260474395254,nan,0,C_hard_maze_dense,13
scalar_hrm,astar,,152,True,103,103,2.6295845300670875,2.485260474395254,1.0580720037834073,0,C_hard_maze_dense,13
scalar_hrm,focal,1.0,152,False,152,152,nan,2.485260474395254,nan,0,C_hard_maze_dense,13
scalar_hrm,focal,1.1,152,True,151,151,2.500507223221667,2.485260474395254,1.0061348695573342,0,C_hard_maze_dense,13
scalar_onlstm,astar,,140,True,138,138,2.550832560215658,2.485260474395254,1.0263843916949429,0,C_hard_maze_dense,13
scalar_onlstm,focal,1.0,140,False,140,140,nan,2.485260474395254,nan,0,C_hard_maze_dense,13
scalar_onlstm,focal,1.1,140,False,140,140,nan,2.485260474395254,nan,0,C_hard_maze_dense,13
scalar_onlstm,astar,,152,True,138,138,2.550832560215658,2.485260474395254,1.0263843916949429,0,C_hard_maze_dense,13
scalar_onlstm,focal,1.0,152,False,152,152,nan,2.485260474395254,nan,0,C_hard_maze_dense,13
scalar_onlstm,focal,1.1,152,False,152,152,nan,2.485260474395254,nan,0,C_hard_maze_dense,13
field_unet,astar,,140,True,92,92,2.491687518665065,2.485260474395254,1.0025860646544,0,C_hard_maze_dense,13
field_unet,focal,1.0,140,False,140,140,nan,2.485260474395254,nan,0,C_hard_maze_dense,13
field_unet,focal,1.1,140,False,140,140,nan,2.485260474395254,nan,0,C_hard_maze_dense,13
field_unet,astar,,152,True,92,92,2.491687518665065,2.485260474395254,1.0025860646544,0,C_hard_maze_dense,13
field_unet,focal,1.0,152,False,152,152,nan,2.485260474395254,nan,0,C_hard_maze_dense,13
field_unet,focal,1.1,152,False,152,152,nan,2.485260474395254,nan,0,C_hard_maze_dense,13
field_onlstm,astar,,140,True,95,95,2.4852604743952535,2.485260474395254,0.9999999999999998,0,C_hard_maze_dense,13
field_onlstm,focal,1.0,140,False,140,140,nan,2.485260474395254,nan,0,C_hard_maze_dense,13
field_onlstm,focal,1.1,140,False,140,140,nan,2.485260474395254,nan,0,C_hard_maze_dense,13
field_onlstm,astar,,152,True,95,95,2.4852604743952535,2.485260474395254,0.9999999999999998,0,C_hard_maze_dense,13
field_onlstm,focal,1.0,152,False,152,152,nan,2.485260474395254,nan,0,C_hard_maze_dense,13
field_onlstm,focal,1.1,152,False,152,152,nan,2.485260474395254,nan,0,C_hard_maze_dense,13
field_hrm,astar,,140,True,83,83,2.502551249993188,2.485260474395254,1.0069573293327096,0,C_hard_maze_dense,13
field_hrm,focal,1.0,140,False,140,140,nan,2.485260474395254,nan,0,C_hard_maze_dense,13
field_hrm,focal,1.1,140,False,140,140,nan,2.485260474395254,nan,0,C_hard_maze_dense,13
field_hrm,astar,,152,True,83,83,2.502551249993188,2.485260474395254,1.0069573293327096,0,C_hard_maze_dense,13
field_hrm,focal,1.0,152,False,152,152,nan,2.485260474395254,nan,0,C_hard_maze_dense,13
field_hrm,focal,1.1,152,True,151,151,2.526435637069436,2.485260474395254,1.0165677453524067,0,C_hard_maze_dense,13
euclid,astar,,140,True,138,138,2.85763654059185,2.8576365405918507,0.9999999999999997,0,C_hard_maze_dense,14
euclid,focal,1.0,140,True,138,138,2.85763654059185,2.8576365405918507,0.9999999999999997,0,C_hard_maze_dense,14
euclid,focal,1.1,140,True,133,133,2.9259892124227718,2.8576365405918507,1.0239193021435695,0,C_hard_maze_dense,14
euclid,astar,,152,True,138,138,2.85763654059185,2.8576365405918507,0.9999999999999997,0,C_hard_maze_dense,14
euclid,focal,1.0,152,True,138,138,2.85763654059185,2.8576365405918507,0.9999999999999997,0,C_hard_maze_dense,14
euclid,focal,1.1,152,True,133,133,2.9259892124227718,2.8576365405918507,1.0239193021435695,0,C_hard_maze_dense,14
oracle,astar,,140,True,33,33,2.85763654059185,2.8576365405918507,0.9999999999999997,0,C_hard_maze_dense,14
oracle,focal,1.0,140,True,138,138,2.85763654059185,2.8576365405918507,0.9999999999999997,0,C_hard_maze_dense,14
oracle,focal,1.1,140,True,133,133,2.879462160350563,2.8576365405918507,1.007637647212543,0,C_hard_maze_dense,14
oracle,astar,,152,True,33,33,2.85763654059185,2.8576365405918507,0.9999999999999997,0,C_hard_maze_dense,14
oracle,focal,1.0,152,True,138,138,2.85763654059185,2.8576365405918507,0.9999999999999997,0,C_hard_maze_dense,14
oracle,focal,1.1,152,True,133,133,2.879462160350563,2.8576365405918507,1.007637647212543,0,C_hard_maze_dense,14
scalar_hrm,astar,,140,True,106,106,2.9176317650707526,2.8576365405918507,1.0209947009098912,0,C_hard_maze_dense,14
scalar_hrm,focal,1.0,140,True,138,138,2.85763654059185,2.8576365405918507,0.9999999999999997,0,C_hard_maze_dense,14
scalar_hrm,focal,1.1,140,True,136,136,2.9210698533591706,2.8576365405918507,1.0221978239241658,0,C_hard_maze_dense,14
scalar_hrm,astar,,152,True,106,106,2.9176317650707526,2.8576365405918507,1.0209947009098912,0,C_hard_maze_dense,14
scalar_hrm,focal,1.0,152,True,138,138,2.85763654059185,2.8576365405918507,0.9999999999999997,0,C_hard_maze_dense,14
scalar_hrm,focal,1.1,152,True,136,136,2.9210698533591706,2.8576365405918507,1.0221978239241658,0,C_hard_maze_dense,14
scalar_onlstm,astar,,140,True,125,125,2.98206102775739,2.8576365405918507,1.0435410470849347,0,C_hard_maze_dense,14
scalar_onlstm,focal,1.0,140,True,138,138,2.85763654059185,2.8576365405918507,0.9999999999999997,0,C_hard_maze_dense,14
scalar_onlstm,focal,1.1,140,True,135,135,2.9761988068740672,2.8576365405918507,1.0414896242394986,0,C_hard_maze_dense,14
scalar_onlstm,astar,,152,True,125,125,2.98206102775739,2.8576365405918507,1.0435410470849347,0,C_hard_maze_dense,14
scalar_onlstm,focal,1.0,152,True,138,138,2.85763654059185,2.8576365405918507,0.9999999999999997,0,C_hard_maze_dense,14
scalar_onlstm,focal,1.1,152,True,135,135,2.9761988068740672,2.8576365405918507,1.0414896242394986,0,C_hard_maze_dense,14
field_unet,astar,,140,True,115,115,2.917901129412323,2.8576365405918507,1.0210889621421173,0,C_hard_maze_dense,14
field_unet,focal,1.0,140,True,138,138,2.85763654059185,2.8576365405918507,0.9999999999999997,0,C_hard_maze_dense,14
field_unet,focal,1.1,140,True,135,135,2.877826692211651,2.8576365405918507,1.0070653322537717,0,C_hard_maze_dense,14
field_unet,astar,,152,True,115,115,2.917901129412323,2.8576365405918507,1.0210889621421173,0,C_hard_maze_dense,14
field_unet,focal,1.0,152,True,138,138,2.85763654059185,2.8576365405918507,0.9999999999999997,0,C_hard_maze_dense,14
field_unet,focal,1.1,152,True,135,135,2.877826692211651,2.8576365405918507,1.0070653322537717,0,C_hard_maze_dense,14
field_onlstm,astar,,140,True,123,123,2.9176317650707526,2.8576365405918507,1.0209947009098912,0,C_hard_maze_dense,14
field_onlstm,focal,1.0,140,True,138,138,2.85763654059185,2.8576365405918507,0.9999999999999997,0,C_hard_maze_dense,14
field_onlstm,focal,1.1,140,True,134,134,2.879810378536927,2.8576365405918507,1.0077595025224881,0,C_hard_maze_dense,14
field_onlstm,astar,,152,True,123,123,2.9176317650707526,2.8576365405918507,1.0209947009098912,0,C_hard_maze_dense,14
field_onlstm,focal,1.0,152,True,138,138,2.85763654059185,2.8576365405918507,0.9999999999999997,0,C_hard_maze_dense,14
field_onlstm,focal,1.1,152,True,134,134,2.879810378536927,2.8576365405918507,1.0077595025224881,0,C_hard_maze_dense,14
field_hrm,astar,,140,True,113,113,2.8911034497561747,2.8576365405918507,1.011711394604925,0,C_hard_maze_dense,14
field_hrm,focal,1.0,140,True,138,138,2.85763654059185,2.8576365405918507,0.9999999999999997,0,C_hard_maze_dense,14
field_hrm,focal,1.1,140,True,134,134,2.9789075514434114,2.8576365405918507,1.0424375210524304,0,C_hard_maze_dense,14
field_hrm,astar,,152,True,113,113,2.8911034497561747,2.8576365405918507,1.011711394604925,0,C_hard_maze_dense,14
field_hrm,focal,1.0,152,True,138,138,2.85763654059185,2.8576365405918507,0.9999999999999997,0,C_hard_maze_dense,14
field_hrm,focal,1.1,152,True,134,134,2.9789075514434114,2.8576365405918507,1.0424375210524304,0,C_hard_maze_dense,14
euclid,astar,,140,False,140,140,nan,2.7253471181880076,nan,0,C_hard_maze_dense,15
euclid,focal,1.0,140,False,140,140,nan,2.7253471181880076,nan,0,C_hard_maze_dense,15
euclid,focal,1.1,140,False,140,140,nan,2.7253471181880076,nan,0,C_hard_maze_dense,15
euclid,astar,,152,False,152,152,nan,2.7253471181880076,nan,0,C_hard_maze_dense,15
euclid,focal,1.0,152,False,152,152,nan,2.7253471181880076,nan,0,C_hard_maze_dense,15
euclid,focal,1.1,152,True,148,148,2.743018837280469,2.7253471181880076,1.0064842085525645,0,C_hard_maze_dense,15
oracle,astar,,140,True,28,28,2.725347118188008,2.7253471181880076,1.0000000000000002,0,C_hard_maze_dense,15
oracle,focal,1.0,140,False,140,140,nan,2.7253471181880076,nan,0,C_hard_maze_dense,15
oracle,focal,1.1,140,False,140,140,nan,2.7253471181880076,nan,0,C_hard_maze_dense,15
oracle,astar,,152,True,28,28,2.725347118188008,2.7253471181880076,1.0000000000000002,0,C_hard_maze_dense,15
oracle,focal,1.0,152,False,152,152,nan,2.7253471181880076,nan,0,C_hard_maze_dense,15
oracle,focal,1.1,152,True,147,147,2.743018837280469,2.7253471181880076,1.0064842085525645,0,C_hard_maze_dense,15
scalar_hrm,astar,,140,True,93,93,2.7441730383010485,2.7253471181880076,1.0069077146127197,0,C_hard_maze_dense,15
scalar_hrm,focal,1.0,140,False,140,140,nan,2.7253471181880076,nan,0,C_hard_maze_dense,15
scalar_hrm,focal,1.1,140,False,140,140,nan,2.7253471181880076,nan,0,C_hard_maze_dense,15
scalar_hrm,astar,,152,True,93,93,2.7441730383010485,2.7253471181880076,1.0069077146127197,0,C_hard_maze_dense,15
scalar_hrm,focal,1.0,152,False,152,152,nan,2.7253471181880076,nan,0,C_hard_maze_dense,15
scalar_hrm,focal,1.1,152,True,151,151,2.7364970891930285,2.7253471181880076,1.0040912113288651,0,C_hard_maze_dense,15
scalar_onlstm,astar,,140,True,99,99,2.7963418720197706,2.7253471181880076,1.026049802374886,0,C_hard_maze_dense,15
scalar_onlstm,focal,1.0,140,False,140,140,nan,2.7253471181880076,nan,0,C_hard_maze_dense,15
scalar_onlstm,focal,1.1,140,False,140,140,nan,2.7253471181880076,nan,0,C_hard_maze_dense,15
scalar_onlstm,astar,,152,True,99,99,2.7963418720197706,2.7253471181880076,1.026049802374886,0,C_hard_maze_dense,15
scalar_onlstm,focal,1.0,152,False,152,152,nan,2.7253471181880076,nan,0,C_hard_maze_dense,15
scalar_onlstm,focal,1.1,152,True,151,151,2.7648579994606686,2.7253471181880076,1.014497559231622,0,C_hard_maze_dense,15
field_unet,astar,,140,True,119,119,2.725347118188008,2.7253471181880076,1.0000000000000002,0,C_hard_maze_dense,15
field_unet,focal,1.0,140,False,140,140,nan,2.7253471181880076,nan,0,C_hard_maze_dense,15
field_unet,focal,1.1,140,False,140,140,nan,2.7253471181880076,nan,0,C_hard_maze_dense,15
field_unet,astar,,152,True,119,119,2.725347118188008,2.7253471181880076,1.0000000000000002,0,C_hard_maze_dense,15
field_unet,focal,1.0,152,False,152,152,nan,2.7253471181880076,nan,0,C_hard_maze_dense,15
field_unet,focal,1.1,152,False,152,152,nan,2.7253471181880076,nan,0,C_hard_maze_dense,15
field_onlstm,astar,,140,True,136,136,2.8028636201072112,2.7253471181880076,1.0284427995985854,0,C_hard_maze_dense,15
field_onlstm,focal,1.0,140,False,140,140,nan,2.7253471181880076,nan,0,C_hard_maze_dense,15
field_onlstm,focal,1.1,140,False,140,140,nan,2.7253471181880076,nan,0,C_hard_maze_dense,15
field_onlstm,astar,,152,True,136,136,2.8028636201072112,2.7253471181880076,1.0284427995985854,0,C_hard_maze_dense,15
field_onlstm,focal,1.0,152,False,152,152,nan,2.7253471181880076,nan,0,C_hard_maze_dense,15
field_onlstm,focal,1.1,152,True,151,151,2.824702782287411,2.7253471181880076,1.036456150277643,0,C_hard_maze_dense,15
field_hrm,astar,,140,True,114,114,2.7304119027848572,2.7253471181880076,1.0018583998210904,0,C_hard_maze_dense,15
field_hrm,focal,1.0,140,False,140,140,nan,2.7253471181880076,nan,0,C_hard_maze_dense,15
field_hrm,focal,1.1,140,False,140,140,nan,2.7253471181880076,nan,0,C_hard_maze_dense,15
field_hrm,astar,,152,True,114,114,2.7304119027848572,2.7253471181880076,1.0018583998210904,0,C_hard_maze_dense,15
field_hrm,focal,1.0,152,False,152,152,nan,2.7253471181880076,nan,0,C_hard_maze_dense,15
field_hrm,focal,1.1,152,True,149,149,2.726350896355625,2.7253471181880076,1.0003683120439661,0,C_hard_maze_dense,15
euclid,astar,,140,False,140,140,nan,2.022065548947931,nan,0,C_hard_maze_dense,16
euclid,focal,1.0,140,False,140,140,nan,2.022065548947931,nan,0,C_hard_maze_dense,16
euclid,focal,1.1,140,False,140,140,nan,2.022065548947931,nan,0,C_hard_maze_dense,16
euclid,astar,,152,True,148,148,2.022065548947931,2.022065548947931,1.0,0,C_hard_maze_dense,16
euclid,focal,1.0,152,True,148,148,2.022065548947931,2.022065548947931,1.0,0,C_hard_maze_dense,16
euclid,focal,1.1,152,True,142,142,2.043170697767713,2.022065548947931,1.0104374207012046,0,C_hard_maze_dense,16
oracle,astar,,140,True,22,22,2.022065548947931,2.022065548947931,1.0,0,C_hard_maze_dense,16
oracle,focal,1.0,140,False,140,140,nan,2.022065548947931,nan,0,C_hard_maze_dense,16
oracle,focal,1.1,140,False,140,140,nan,2.022065548947931,nan,0,C_hard_maze_dense,16
oracle,astar,,152,True,22,22,2.022065548947931,2.022065548947931,1.0,0,C_hard_maze_dense,16
oracle,focal,1.0,152,True,148,148,2.022065548947931,2.022065548947931,1.0,0,C_hard_maze_dense,16
oracle,focal,1.1,152,True,148,148,2.1676251886890445,2.022065548947931,1.0719856187732624,0,C_hard_maze_dense,16
scalar_hrm,astar,,140,True,78,78,2.1272493696909582,2.022065548947931,1.0520180074269865,0,C_hard_maze_dense,16
scalar_hrm,focal,1.0,140,False,140,140,nan,2.022065548947931,nan,0,C_hard_maze_dense,16
scalar_hrm,focal,1.1,140,False,140,140,nan,2.022065548947931,nan,0,C_hard_maze_dense,16
scalar_hrm,astar,,152,True,78,78,2.1272493696909582,2.022065548947931,1.0520180074269865,0,C_hard_maze_dense,16
scalar_hrm,focal,1.0,152,True,148,148,2.022065548947931,2.022065548947931,1.0,0,C_hard_maze_dense,16
scalar_hrm,focal,1.1,152,True,146,146,2.054320392227916,2.022065548947931,1.0159514330763249,0,C_hard_maze_dense,16
scalar_onlstm,astar,,140,True,99,99,2.0592036675839225,2.022065548947931,1.0183664266746022,0,C_hard_maze_dense,16
scalar_onlstm,focal,1.0,140,False,140,140,nan,2.022065548947931,nan,0,C_hard_maze_dense,16
scalar_onlstm,focal,1.1,140,False,140,140,nan,2.022065548947931,nan,0,C_hard_maze_dense,16
scalar_onlstm,astar,,152,True,99,99,2.0592036675839225,2.022065548947931,1.0183664266746022,0,C_hard_maze_dense,16
scalar_onlstm,focal,1.0,152,True,148,148,2.022065548947931,2.022065548947931,1.0,0,C_hard_maze_dense,16
scalar_onlstm,focal,1.1,152,True,144,144,2.0966319765229624,2.022065548947931,1.0368763651672062,0,C_hard_maze_dense,16
field_unet,astar,,140,True,74,74,2.028565894367689,2.022065548947931,1.003214705588125,0,C_hard_maze_dense,16
field_unet,focal,1.0,140,False,140,140,nan,2.022065548947931,nan,0,C_hard_maze_dense,16
field_unet,focal,1.1,140,False,140,140,nan,2.022065548947931,nan,0,C_hard_maze_dense,16
field_unet,astar,,152,True,74,74,2.028565894367689,2.022065548947931,1.003214705588125,0,C_hard_maze_dense,16
field_unet,focal,1.0,152,True,148,148,2.022065548947931,2.022065548947931,1.0,0,C_hard_maze_dense,16
field_unet,focal,1.1,152,True,147,147,2.0632350911140644,2.022065548947931,1.0203601422256334,0,C_hard_maze_dense,16
field_onlstm,astar,,140,True,79,79,2.1712777021125453,2.022065548947931,1.073791946676629,0,C_hard_maze_dense,16
field_onlstm,focal,1.0,140,False,140,140,nan,2.022065548947931,nan,0,C_hard_maze_dense,16
field_onlstm,focal,1.1,140,False,140,140,nan,2.022065548947931,nan,0,C_hard_maze_dense,16
field_onlstm,astar,,152,True,79,79,2.1712777021125453,2.022065548947931,1.073791946676629,0,C_hard_maze_dense,16
field_onlstm,focal,1.0,152,True,148,148,2.022065548947931,2.022065548947931,1.0,0,C_hard_maze_dense,16
field_onlstm,focal,1.1,152,True,142,142,2.084691308264146,2.022065548947931,1.0309711815963625,0,C_hard_maze_dense,16
field_hrm,astar,,140,True,85,85,2.0873332752289198,2.022065548947931,1.0322777500041713,0,C_hard_maze_dense,16
field_hrm,focal,1.0,140,False,140,140,nan,2.022065548947931,nan,0,C_hard_maze_dense,16
field_hrm,focal,1.1,140,False,140,140,nan,2.022065548947931,nan,0,C_hard_maze_dense,16
field_hrm,astar,,152,True,85,85,2.0873332752289198,2.022065548947931,1.0322777500041713,0,C_hard_maze_dense,16
field_hrm,focal,1.0,152,True,148,148,2.022065548947931,2.022065548947931,1.0,0,C_hard_maze_dense,16
field_hrm,focal,1.1,152,True,144,144,2.138727038592382,2.022065548947931,1.0576942175317459,0,C_hard_maze_dense,16
euclid,astar,,140,False,140,140,nan,2.7859036519774225,nan,0,C_hard_maze_dense,17
euclid,focal,1.0,140,False,140,140,nan,2.7859036519774225,nan,0,C_hard_maze_dense,17
euclid,focal,1.1,140,False,140,140,nan,2.7859036519774225,nan,0,C_hard_maze_dense,17
euclid,astar,,152,True,145,145,2.785903651977424,2.7859036519774225,1.0000000000000004,0,C_hard_maze_dense,17
euclid,focal,1.0,152,True,145,145,2.785903651977424,2.7859036519774225,1.0000000000000004,0,C_hard_maze_dense,17
euclid,focal,1.1,152,True,141,141,2.9105504030549647,2.7859036519774225,1.044741946114708,0,C_hard_maze_dense,17
oracle,astar,,140,True,31,31,2.785903651977424,2.7859036519774225,1.0000000000000004,0,C_hard_maze_dense,17
oracle,focal,1.0,140,False,140,140,nan,2.7859036519774225,nan,0,C_hard_maze_dense,17
oracle,focal,1.1,140,False,140,140,nan,2.7859036519774225,nan,0,C_hard_maze_dense,17
oracle,astar,,152,True,31,31,2.785903651977424,2.7859036519774225,1.0000000000000004,0,C_hard_maze_dense,17
oracle,focal,1.0,152,True,145,145,2.785903651977424,2.7859036519774225,1.0000000000000004,0,C_hard_maze_dense,17
oracle,focal,1.1,152,True,141,141,2.827414241618903,2.7859036519774225,1.0149002244252119,0,C_hard_maze_dense,17
scalar_hrm,astar,,140,True,118,118,2.852029622969608,2.7859036519774225,1.0237359145371914,0,C_hard_maze_dense,17
scalar_hrm,focal,1.0,140,False,140,140,nan,2.7859036519774225,nan,0,C_hard_maze_dense,17
scalar_hrm,focal,1.1,140,False,140,140,nan,2.7859036519774225,nan,0,C_hard_maze_dense,17
scalar_hrm,astar,,152,True,118,118,2.852029622969608,2.7859036519774225,1.0237359145371914,0,C_hard_maze_dense,17
scalar_hrm,focal,1.0,152,True,145,145,2.785903651977424,2.7859036519774225,1.0000000000000004,0,C_hard_maze_dense,17
scalar_hrm,focal,1.1,152,True,141,141,2.8245467872310623,2.7859036519774225,1.0138709517919657,0,C_hard_maze_dense,17
scalar_onlstm,astar,,140,True,115,115,2.823605355737255,2.7859036519774225,1.0135330249964214,0,C_hard_maze_dense,17
scalar_onlstm,focal,1.0,140,False,140,140,nan,2.7859036519774225,nan,0,C_hard_maze_dense,17
scalar_onlstm,focal,1.1,140,False,140,140,nan,2.7859036519774225,nan,0,C_hard_maze_dense,17
scalar_onlstm,astar,,152,True,115,115,2.823605355737255,2.7859036519774225,1.0135330249964214,0,C_hard_maze_dense,17
scalar_onlstm,focal,1.0,152,True,145,145,2.785903651977424,2.7859036519774225,1.0000000000000004,0,C_hard_maze_dense,17
scalar_onlstm,focal,1.1,152,True,141,141,2.859109358203073,2.7859036519774225,1.026277185204768,0,C_hard_maze_dense,17
field_unet,astar,,140,True,123,123,2.8193258246151336,2.7859036519774225,1.0119968874781395,0,C_hard_maze_dense,17
field_unet,focal,1.0,140,False,140,140,nan,2.7859036519774225,nan,0,C_hard_maze_dense,17
field_unet,focal,1.1,140,True,139,139,2.870237345221867,2.7859036519774225,1.030271575682305,0,C_hard_maze_dense,17
field_unet,astar,,152,True,123,123,2.8193258246151336,2.7859036519774225,1.0119968874781395,0,C_hard_maze_dense,17
field_unet,focal,1.0,152,True,145,145,2.785903651977424,2.7859036519774225,1.0000000000000004,0,C_hard_maze_dense,17
field_unet,focal,1.1,152,True,139,139,2.870237345221867,2.7859036519774225,1.030271575682305,0,C_hard_maze_dense,17
field_onlstm,astar,,140,True,122,122,2.8955954358132425,2.7859036519774225,1.039373861245331,0,C_hard_maze_dense,17
field_onlstm,focal,1.0,140,False,140,140,nan,2.7859036519774225,nan,0,C_hard_maze_dense,17
field_onlstm,focal,1.1,140,False,140,140,nan,2.7859036519774225,nan,0,C_hard_maze_dense,17
field_onlstm,astar,,152,True,122,122,2.8955954358132425,2.7859036519774225,1.039373861245331,0,C_hard_maze_dense,17
field_onlstm,focal,1.0,152,True,145,145,2.785903651977424,2.7859036519774225,1.0000000000000004,0,C_hard_maze_dense,17
field_onlstm,focal,1.1,152,True,141,141,2.911928451655004,2.7859036519774225,1.0452365966023733,0,C_hard_maze_dense,17
field_hrm,astar,,140,True,117,117,2.8327208290331654,2.7859036519774225,1.0168050237568382,0,C_hard_maze_dense,17
field_hrm,focal,1.0,140,False,140,140,nan,2.7859036519774225,nan,0,C_hard_maze_dense,17
field_hrm,focal,1.1,140,False,140,140,nan,2.7859036519774225,nan,0,C_hard_maze_dense,17
field_hrm,astar,,152,True,117,117,2.8327208290331654,2.7859036519774225,1.0168050237568382,0,C_hard_maze_dense,17
field_hrm,focal,1.0,152,True,145,145,2.785903651977424,2.7859036519774225,1.0000000000000004,0,C_hard_maze_dense,17
field_hrm,focal,1.1,152,True,141,141,2.9841871532933566,2.7859036519774225,1.0711738545499208,0,C_hard_maze_dense,17
euclid,astar,,140,True,133,133,2.681765430452509,2.681765430452509,1.0,0,C_hard_maze_dense,18
euclid,focal,1.0,140,True,133,133,2.681765430452509,2.681765430452509,1.0,0,C_hard_maze_dense,18
euclid,focal,1.1,140,True,129,129,2.7134493637013146,2.681765430452509,1.0118145803838852,0,C_hard_maze_dense,18
euclid,astar,,152,True,133,133,2.681765430452509,2.681765430452509,1.0,0,C_hard_maze_dense,18
euclid,focal,1.0,152,True,133,133,2.681765430452509,2.681765430452509,1.0,0,C_hard_maze_dense,18
euclid,focal,1.1,152,True,129,129,2.7134493637013146,2.681765430452509,1.0118145803838852,0,C_hard_maze_dense,18
oracle,astar,,140,True,29,29,2.681765430452509,2.681765430452509,1.0,0,C_hard_maze_dense,18
oracle,focal,1.0,140,True,133,133,2.681765430452509,2.681765430452509,1.0,0,C_hard_maze_dense,18
oracle,focal,1.1,140,True,128,128,2.6889717939461346,2.681765430452509,1.0026871714475079,0,C_hard_maze_dense,18
oracle,astar,,152,True,29,29,2.681765430452509,2.681765430452509,1.0,0,C_hard_maze_dense,18
oracle,focal,1.0,152,True,133,133,2.681765430452509,2.681765430452509,1.0,0,C_hard_maze_dense,18
oracle,focal,1.1,152,True,128,128,2.6889717939461346,2.681765430452509,1.0026871714475079,0,C_hard_maze_dense,18
scalar_hrm,astar,,140,True,91,91,2.7321799780172387,2.681765430452509,1.0187990146312769,0,C_hard_maze_dense,18
scalar_hrm,focal,1.0,140,True,133,133,2.681765430452509,2.681765430452509,1.0,0,C_hard_maze_dense,18
scalar_hrm,focal,1.1,140,True,131,131,2.756247211871517,2.681765430452509,1.0277734139508392,0,C_hard_maze_dense,18
scalar_hrm,astar,,152,True,91,91,2.7321799780172387,2.681765430452509,1.0187990146312769,0,C_hard_maze_dense,18
scalar_hrm,focal,1.0,152,True,133,133,2.681765430452509,2.681765430452509,1.0,0,C_hard_maze_dense,18
scalar_hrm,focal,1.1,152,True,131,131,2.756247211871517,2.681765430452509,1.0277734139508392,0,C_hard_maze_dense,18
scalar_onlstm,astar,,140,True,88,88,2.708778979706544,2.681765430452509,1.0100730470112282,0,C_hard_maze_dense,18
scalar_onlstm,focal,1.0,140,True,133,133,2.681765430452509,2.681765430452509,1.0,0,C_hard_maze_dense,18
scalar_onlstm,focal,1.1,140,True,128,128,2.704598553354918,2.681765430452509,1.008514213302599,0,C_hard_maze_dense,18
scalar_onlstm,astar,,152,True,88,88,2.708778979706544,2.681765430452509,1.0100730470112282,0,C_hard_maze_dense,18
scalar_onlstm,focal,1.0,152,True,133,133,2.681765430452509,2.681765430452509,1.0,0,C_hard_maze_dense,18
scalar_onlstm,focal,1.1,152,True,128,128,2.704598553354918,2.681765430452509,1.008514213302599,0,C_hard_maze_dense,18
field_unet,astar,,140,True,112,112,2.7170346110456567,2.681765430452509,1.0131514785717841,0,C_hard_maze_dense,18
field_unet,focal,1.0,140,True,133,133,2.681765430452509,2.681765430452509,1.0,0,C_hard_maze_dense,18
field_unet,focal,1.1,140,True,130,130,2.706349429802445,2.681765430452509,1.0091670953286125,0,C_hard_maze_dense,18
field_unet,astar,,152,True,112,112,2.7170346110456567,2.681765430452509,1.0131514785717841,0,C_hard_maze_dense,18
field_unet,focal,1.0,152,True,133,133,2.681765430452509,2.681765430452509,1.0,0,C_hard_maze_dense,18
field_unet,focal,1.1,152,True,130,130,2.706349429802445,2.681765430452509,1.0091670953286125,0,C_hard_maze_dense,18
field_onlstm,astar,,140,True,109,109,2.709126023800623,2.681765430452509,1.0102024558290683,0,C_hard_maze_dense,18
field_onlstm,focal,1.0,140,True,133,133,2.681765430452509,2.681765430452509,1.0,0,C_hard_maze_dense,18
field_onlstm,focal,1.1,140,True,129,129,2.7154335619219583,2.681765430452509,1.012554465460377,0,C_hard_maze_dense,18
field_onlstm,astar,,152,True,109,109,2.709126023800623,2.681765430452509,1.0102024558290683,0,C_hard_maze_dense,18
field_onlstm,focal,1.0,152,True,133,133,2.681765430452509,2.681765430452509,1.0,0,C_hard_maze_dense,18
field_onlstm,focal,1.1,152,True,129,129,2.7154335619219583,2.681765430452509,1.012554465460377,0,C_hard_maze_dense,18
field_hrm,astar,,140,True,105,105,2.687223372773163,2.681765430452509,1.0020352049656083,0,C_hard_maze_dense,18
field_hrm,focal,1.0,140,True,133,133,2.681765430452509,2.681765430452509,1.0,0,C_hard_maze_dense,18
field_hrm,focal,1.1,140,True,132,132,2.694429736266788,2.681765430452509,1.004722376413116,0,C_hard_maze_dense,18
field_hrm,astar,,152,True,105,105,2.687223372773163,2.681765430452509,1.0020352049656083,0,C_hard_maze_dense,18
field_hrm,focal,1.0,152,True,133,133,2.681765430452509,2.681765430452509,1.0,0,C_hard_maze_dense,18
field_hrm,focal,1.1,152,True,132,132,2.694429736266788,2.681765430452509,1.004722376413116,0,C_hard_maze_dense,18
euclid,astar,,140,False,140,140,nan,2.2683330841482015,nan,0,C_hard_maze_dense,19
euclid,focal,1.0,140,False,140,140,nan,2.2683330841482015,nan,0,C_hard_maze_dense,19
euclid,focal,1.1,140,False,140,140,nan,2.2683330841482015,nan,0,C_hard_maze_dense,19
euclid,astar,,152,True,143,143,2.268333084148201,2.2683330841482015,0.9999999999999998,0,C_hard_maze_dense,19
euclid,focal,1.0,152,True,143,143,2.268333084148201,2.2683330841482015,0.9999999999999998,0,C_hard_maze_dense,19
euclid,focal,1.1,152,True,142,142,2.289797667714315,2.2683330841482015,1.009462712383871,0,C_hard_maze_dense,19
oracle,astar,,140,True,25,25,2.268333084148201,2.2683330841482015,0.9999999999999998,0,C_hard_maze_dense,19
oracle,focal,1.0,140,False,140,140,nan,2.2683330841482015,nan,0,C_hard_maze_dense,19
oracle,focal,1.1,140,False,140,140,nan,2.2683330841482015,nan,0,C_hard_maze_dense,19
oracle,astar,,152,True,25,25,2.268333084148201,2.2683330841482015,0.9999999999999998,0,C_hard_maze_dense,19
oracle,focal,1.0,152,True,143,143,2.268333084148201,2.2683330841482015,0.9999999999999998,0,C_hard_maze_dense,19
oracle,focal,1.1,152,True,142,142,2.294433625137871,2.2683330841482015,1.011506485168368,0,C_hard_maze_dense,19
scalar_hrm,astar,,140,True,78,78,2.3285666953868827,2.2683330841482015,1.026554129840812,0,C_hard_maze_dense,19
scalar_hrm,focal,1.0,140,False,140,140,nan,2.2683330841482015,nan,0,C_hard_maze_dense,19
scalar_hrm,focal,1.1,140,False,140,140,nan,2.2683330841482015,nan,0,C_hard_maze_dense,19
scalar_hrm,astar,,152,True,78,78,2.3285666953868827,2.2683330841482015,1.026554129840812,0,C_hard_maze_dense,19
scalar_hrm,focal,1.0,152,True,143,143,2.268333084148201,2.2683330841482015,0.9999999999999998,0,C_hard_maze_dense,19
scalar_hrm,focal,1.1,152,True,142,142,2.36108673553557,2.2683330841482015,1.0408906663820932,0,C_hard_maze_dense,19
scalar_onlstm,astar,,140,True,89,89,2.2729478469227895,2.2683330841482015,1.0020344290734184,0,C_hard_maze_dense,19
scalar_onlstm,focal,1.0,140,False,140,140,nan,2.2683330841482015,nan,0,C_hard_maze_dense,19
scalar_onlstm,focal,1.1,140,False,140,140,nan,2.2683330841482015,nan,0,C_hard_maze_dense,19
scalar_onlstm,astar,,152,True,89,89,2.2729478469227895,2.2683330841482015,1.0020344290734184,0,C_hard_maze_dense,19
scalar_onlstm,focal,1.0,152,True,143,143,2.268333084148201,2.2683330841482015,0.9999999999999998,0,C_hard_maze_dense,19
scalar_onlstm,focal,1.1,152,True,143,143,2.302020338672274,2.2683330841482015,1.0148511057566851,0,C_hard_maze_dense,19
field_unet,astar,,140,True,124,124,2.268333084148201,2.2683330841482015,0.9999999999999998,0,C_hard_maze_dense,19
field_unet,focal,1.0,140,False,140,140,nan,2.2683330841482015,nan,0,C_hard_maze_dense,19
field_unet,focal,1.1,140,False,140,140,nan,2.2683330841482015,nan,0,C_hard_maze_dense,19
field_unet,astar,,152,True,124,124,2.268333084148201,2.2683330841482015,0.9999999999999998,0,C_hard_maze_dense,19
field_unet,focal,1.0,152,True,143,143,2.268333084148201,2.2683330841482015,0.9999999999999998,0,C_hard_maze_dense,19
field_unet,focal,1.1,152,True,146,146,2.3298398963612645,2.2683330841482015,1.02711542349882,0,C_hard_maze_dense,19
field_onlstm,astar,,140,True,121,121,2.325351529629856,2.2683330841482015,1.025136716419699,0,C_hard_maze_dense,19
field_onlstm,focal,1.0,140,False,140,140,nan,2.2683330841482015,nan,0,C_hard_maze_dense,19
field_onlstm,focal,1.1,140,False,140,140,nan,2.2683330841482015,nan,0,C_hard_maze_dense,19
field_onlstm,astar,,152,True,121,121,2.325351529629856,2.2683330841482015,1.025136716419699,0,C_hard_maze_dense,19
field_onlstm,focal,1.0,152,True,143,143,2.268333084148201,2.2683330841482015,0.9999999999999998,0,C_hard_maze_dense,19
field_onlstm,focal,1.1,152,True,142,142,2.3145926726326866,2.2683330841482015,1.020393648890351,0,C_hard_maze_dense,19
field_hrm,astar,,140,True,105,105,2.310330787892715,2.2683330841482015,1.0185147869323101,0,C_hard_maze_dense,19
field_hrm,focal,1.0,140,False,140,140,nan,2.2683330841482015,nan,0,C_hard_maze_dense,19
field_hrm,focal,1.1,140,False,140,140,nan,2.2683330841482015,nan,0,C_hard_maze_dense,19
field_hrm,astar,,152,True,105,105,2.310330787892715,2.2683330841482015,1.0185147869323101,0,C_hard_maze_dense,19
field_hrm,focal,1.0,152,True,143,143,2.268333084148201,2.2683330841482015,0.9999999999999998,0,C_hard_maze_dense,19
field_hrm,focal,1.1,152,True,141,141,2.36108673553557,2.2683330841482015,1.0408906663820932,0,C_hard_maze_dense,19
euclid,astar,,140,True,140,140,2.8551502683414256,2.8551502683414265,0.9999999999999997,0,C_hard_maze_dense,20
euclid,focal,1.0,140,True,140,140,2.8551502683414256,2.8551502683414265,0.9999999999999997,0,C_hard_maze_dense,20
euclid,focal,1.1,140,True,139,139,2.877345200288566,2.8551502683414265,1.0077736475705823,0,C_hard_maze_dense,20
euclid,astar,,152,True,140,140,2.8551502683414256,2.8551502683414265,0.9999999999999997,0,C_hard_maze_dense,20
euclid,focal,1.0,152,True,140,140,2.8551502683414256,2.8551502683414265,0.9999999999999997,0,C_hard_maze_dense,20
euclid,focal,1.1,152,True,139,139,2.877345200288566,2.8551502683414265,1.0077736475705823,0,C_hard_maze_dense,20
oracle,astar,,140,True,34,34,2.8551502683414256,2.8551502683414265,0.9999999999999997,0,C_hard_maze_dense,20
oracle,focal,1.0,140,True,140,140,2.8551502683414256,2.8551502683414265,0.9999999999999997,0,C_hard_maze_dense,20
oracle,focal,1.1,140,True,137,137,2.9254508009310998,2.8551502683414265,1.0246223581887026,0,C_hard_maze_dense,20
oracle,astar,,152,True,34,34,2.8551502683414256,2.8551502683414265,0.9999999999999997,0,C_hard_maze_dense,20
oracle,focal,1.0,152,True,140,140,2.8551502683414256,2.8551502683414265,0.9999999999999997,0,C_hard_maze_dense,20
oracle,focal,1.1,152,True,137,137,2.9254508009310998,2.8551502683414265,1.0246223581887026,0,C_hard_maze_dense,20
scalar_hrm,astar,,140,True,113,113,3.098952318863101,2.8551502683414265,1.0853902693756643,0,C_hard_maze_dense,20
scalar_hrm,focal,1.0,140,True,140,140,2.8551502683414256,2.8551502683414265,0.9999999999999997,0,C_hard_maze_dense,20
scalar_hrm,focal,1.1,140,True,139,139,2.880317639698127,2.8551502683414265,1.0088147274193455,0,C_hard_maze_dense,20
scalar_hrm,astar,,152,True,113,113,3.098952318863101,2.8551502683414265,1.0853902693756643,0,C_hard_maze_dense,20
scalar_hrm,focal,1.0,152,True,140,140,2.8551502683414256,2.8551502683414265,0.9999999999999997,0,C_hard_maze_dense,20
scalar_hrm,focal,1.1,152,True,139,139,2.880317639698127,2.8551502683414265,1.0088147274193455,0,C_hard_maze_dense,20
scalar_onlstm,astar,,140,True,125,125,2.879374546036181,2.8551502683414265,1.0084844142752691,0,C_hard_maze_dense,20
scalar_onlstm,focal,1.0,140,True,140,140,2.8551502683414256,2.8551502683414265,0.9999999999999997,0,C_hard_maze_dense,20
scalar_onlstm,focal,1.1,140,True,137,137,3.0205546739890075,2.8551502683414265,1.0579319440667008,0,C_hard_maze_dense,20
scalar_onlstm,astar,,152,True,125,125,2.879374546036181,2.8551502683414265,1.0084844142752691,0,C_hard_maze_dense,20
scalar_onlstm,focal,1.0,152,True,140,140,2.8551502683414256,2.8551502683414265,0.9999999999999997,0,C_hard_maze_dense,20
scalar_onlstm,focal,1.1,152,True,137,137,3.0205546739890075,2.8551502683414265,1.0579319440667008,0,C_hard_maze_dense,20
field_unet,astar,,140,True,128,128,2.8566276527820174,2.8551502683414265,1.0005174454237917,0,C_hard_maze_dense,20
field_unet,focal,1.0,140,True,140,140,2.8551502683414256,2.8551502683414265,0.9999999999999997,0,C_hard_maze_dense,20
field_unet,focal,1.1,140,True,140,140,2.8978546316850005,2.8551502683414265,1.014956958243876,0,C_hard_maze_dense,20
field_unet,astar,,152,True,128,128,2.8566276527820174,2.8551502683414265,1.0005174454237917,0,C_hard_maze_dense,20
field_unet,focal,1.0,152,True,140,140,2.8551502683414256,2.8551502683414265,0.9999999999999997,0,C_hard_maze_dense,20
field_unet,focal,1.1,152,True,140,140,2.8978546316850005,2.8551502683414265,1.014956958243876,0,C_hard_maze_dense,20
field_onlstm,astar,,140,True,131,131,2.8803487060449573,2.8551502683414265,1.008825608229079,0,C_hard_maze_dense,20
field_onlstm,focal,1.0,140,True,140,140,2.8551502683414256,2.8551502683414265,0.9999999999999997,0,C_hard_maze_dense,20
field_onlstm,focal,1.1,140,True,139,139,2.877345200288566,2.8551502683414265,1.0077736475705823,0,C_hard_maze_dense,20
field_onlstm,astar,,152,True,131,131,2.8803487060449573,2.8551502683414265,1.008825608229079,0,C_hard_maze_dense,20
field_onlstm,focal,1.0,152,True,140,140,2.8551502683414256,2.8551502683414265,0.9999999999999997,0,C_hard_maze_dense,20
field_onlstm,focal,1.1,152,True,139,139,2.877345200288566,2.8551502683414265,1.0077736475705823,0,C_hard_maze_dense,20
field_hrm,astar,,140,True,116,116,2.8731838740197704,2.8551502683414265,1.0063161669206362,0,C_hard_maze_dense,20
field_hrm,focal,1.0,140,True,140,140,2.8551502683414256,2.8551502683414265,0.9999999999999997,0,C_hard_maze_dense,20
field_hrm,focal,1.1,140,True,139,139,2.875771216980917,2.8551502683414265,1.0072223689478415,0,C_hard_maze_dense,20
field_hrm,astar,,152,True,116,116,2.8731838740197704,2.8551502683414265,1.0063161669206362,0,C_hard_maze_dense,20
field_hrm,focal,1.0,152,True,140,140,2.8551502683414256,2.8551502683414265,0.9999999999999997,0,C_hard_maze_dense,20
field_hrm,focal,1.1,152,True,139,139,2.875771216980917,2.8551502683414265,1.0072223689478415,0,C_hard_maze_dense,20
euclid,astar,,140,False,140,140,nan,2.3761064362916766,nan,0,C_hard_maze_dense,21
euclid,focal,1.0,140,False,140,140,nan,2.3761064362916766,nan,0,C_hard_maze_dense,21
euclid,focal,1.1,140,False,140,140,nan,2.3761064362916766,nan,0,C_hard_maze_dense,21
euclid,astar,,152,True,148,148,2.376106436291676,2.3761064362916766,0.9999999999999998,0,C_hard_maze_dense,21
euclid,focal,1.0,152,True,148,148,2.376106436291676,2.3761064362916766,0.9999999999999998,0,C_hard_maze_dense,21
euclid,focal,1.1,152,True,146,146,2.494887019235789,2.3761064362916766,1.0499895884838768,0,C_hard_maze_dense,21
oracle,astar,,140,True,31,31,2.376106436291676,2.3761064362916766,0.9999999999999998,0,C_hard_maze_dense,21
oracle,focal,1.0,140,False,140,140,nan,2.3761064362916766,nan,0,C_hard_maze_dense,21
oracle,focal,1.1,140,False,140,140,nan,2.3761064362916766,nan,0,C_hard_maze_dense,21
oracle,astar,,152,True,31,31,2.376106436291676,2.3761064362916766,0.9999999999999998,0,C_hard_maze_dense,21
oracle,focal,1.0,152,True,148,148,2.376106436291676,2.3761064362916766,0.9999999999999998,0,C_hard_maze_dense,21
oracle,focal,1.1,152,True,145,145,2.4545144587053924,2.3761064362916766,1.0329985312173495,0,C_hard_maze_dense,21
scalar_hrm,astar,,140,True,107,107,2.577491970517832,2.3761064362916766,1.0847544247809253,0,C_hard_maze_dense,21
scalar_hrm,focal,1.0,140,False,140,140,nan,2.3761064362916766,nan,0,C_hard_maze_dense,21
scalar_hrm,focal,1.1,140,False,140,140,nan,2.3761064362916766,nan,0,C_hard_maze_dense,21
scalar_hrm,astar,,152,True,107,107,2.577491970517832,2.3761064362916766,1.0847544247809253,0,C_hard_maze_dense,21
scalar_hrm,focal,1.0,152,True,148,148,2.376106436291676,2.3761064362916766,0.9999999999999998,0,C_hard_maze_dense,21
scalar_hrm,focal,1.1,152,True,146,146,2.5580602006086024,2.3761064362916766,1.076576436786601,0,C_hard_maze_dense,21
scalar_onlstm,astar,,140,True,112,112,2.551161017044275,2.3761064362916766,1.0736728700696594,0,C_hard_maze_dense,21
scalar_onlstm,focal,1.0,140,False,140,140,nan,2.3761064362916766,nan,0,C_hard_maze_dense,21
scalar_onlstm,focal,1.1,140,False,140,140,nan,2.3761064362916766,nan,0,C_hard_maze_dense,21
scalar_onlstm,astar,,152,True,112,112,2.551161017044275,2.3761064362916766,1.0736728700696594,0,C_hard_maze_dense,21
scalar_onlstm,focal,1.0,152,True,148,148,2.376106436291676,2.3761064362916766,0.9999999999999998,0,C_hard_maze_dense,21
scalar_onlstm,focal,1.1,152,True,146,146,2.4947801500386886,2.3761064362916766,1.0499446118803595,0,C_hard_maze_dense,21
field_unet,astar,,140,True,124,124,2.4121214580140466,2.3761064362916766,1.0151571584388188,0,C_hard_maze_dense,21
field_unet,focal,1.0,140,False,140,140,nan,2.3761064362916766,nan,0,C_hard_maze_dense,21
field_unet,focal,1.1,140,False,140,140,nan,2.3761064362916766,nan,0,C_hard_maze_dense,21
field_unet,astar,,152,True,124,124,2.4121214580140466,2.3761064362916766,1.0151571584388188,0,C_hard_maze_dense,21
field_unet,focal,1.0,152,True,148,148,2.376106436291676,2.3761064362916766,0.9999999999999998,0,C_hard_maze_dense,21
field_unet,focal,1.1,152,True,146,146,2.4579249618369263,2.3761064362916766,1.0344338638604682,0,C_hard_maze_dense,21
field_onlstm,astar,,140,True,111,111,2.486310829914321,2.3761064362916766,1.046380242879455,0,C_hard_maze_dense,21
field_onlstm,focal,1.0,140,False,140,140,nan,2.3761064362916766,nan,0,C_hard_maze_dense,21
field_onlstm,focal,1.1,140,False,140,140,nan,2.3761064362916766,nan,0,C_hard_maze_dense,21
field_onlstm,astar,,152,True,111,111,2.486310829914321,2.3761064362916766,1.046380242879455,0,C_hard_maze_dense,21
field_onlstm,focal,1.0,152,True,148,148,2.376106436291676,2.3761064362916766,0.9999999999999998,0,C_hard_maze_dense,21
field_onlstm,focal,1.1,152,True,146,146,2.507161795876001,2.3761064362916766,1.0551555088537443,0,C_hard_maze_dense,21
field_hrm,astar,,140,True,105,105,2.4179639661590326,2.3761064362916766,1.0176160163652779,0,C_hard_maze_dense,21
field_hrm,focal,1.0,140,False,140,140,nan,2.3761064362916766,nan,0,C_hard_maze_dense,21
field_hrm,focal,1.1,140,False,140,140,nan,2.3761064362916766,nan,0,C_hard_maze_dense,21
field_hrm,astar,,152,True,105,105,2.4179639661590326,2.3761064362916766,1.0176160163652779,0,C_hard_maze_dense,21
field_hrm,focal,1.0,152,True,148,148,2.376106436291676,2.3761064362916766,0.9999999999999998,0,C_hard_maze_dense,21
field_hrm,focal,1.1,152,True,146,146,2.4482261298415517,2.3761064362916766,1.0303520467132063,0,C_hard_maze_dense,21
euclid,astar,,140,False,140,140,nan,2.4685027057048456,nan,0,C_hard_maze_dense,22
euclid,focal,1.0,140,False,140,140,nan,2.4685027057048456,nan,0,C_hard_maze_dense,22
euclid,focal,1.1,140,False,140,140,nan,2.4685027057048456,nan,0,C_hard_maze_dense,22
euclid,astar,,152,True,152,152,2.4685027057048456,2.4685027057048456,1.0,0,C_hard_maze_dense,22
euclid,focal,1.0,152,True,152,152,2.4685027057048456,2.4685027057048456,1.0,0,C_hard_maze_dense,22
euclid,focal,1.1,152,True,148,148,2.4885341195557094,2.4685027057048456,1.0081148032791578,0,C_hard_maze_dense,22
oracle,astar,,140,True,28,28,2.4685027057048456,2.4685027057048456,1.0,0,C_hard_maze_dense,22
oracle,focal,1.0,140,False,140,140,nan,2.4685027057048456,nan,0,C_hard_maze_dense,22
oracle,focal,1.1,140,False,140,140,nan,2.4685027057048456,nan,0,C_hard_maze_dense,22
oracle,astar,,152,True,28,28,2.4685027057048456,2.4685027057048456,1.0,0,C_hard_maze_dense,22
oracle,focal,1.0,152,True,152,152,2.4685027057048456,2.4685027057048456,1.0,0,C_hard_maze_dense,22
oracle,focal,1.1,152,True,146,146,2.4685027057048456,2.4685027057048456,1.0,0,C_hard_maze_dense,22
scalar_hrm,astar,,140,True,106,106,2.5538338138835015,2.4685027057048456,1.034567962182683,0,C_hard_maze_dense,22
scalar_hrm,focal,1.0,140,False,140,140,nan,2.4685027057048456,nan,0,C_hard_maze_dense,22
scalar_hrm,focal,1.1,140,False,140,140,nan,2.4685027057048456,nan,0,C_hard_maze_dense,22
scalar_hrm,astar,,152,True,106,106,2.5538338138835015,2.4685027057048456,1.034567962182683,0,C_hard_maze_dense,22
scalar_hrm,focal,1.0,152,True,152,152,2.4685027057048456,2.4685027057048456,1.0,0,C_hard_maze_dense,22
scalar_hrm,focal,1.1,152,True,151,151,2.529600782580654,2.4685027057048456,1.0247510674120823,0,C_hard_maze_dense,22
scalar_onlstm,astar,,140,True,140,140,2.5276082768058905,2.4685027057048456,1.0239438956110718,0,C_hard_maze_dense,22
scalar_onlstm,focal,1.0,140,False,140,140,nan,2.4685027057048456,nan,0,C_hard_maze_dense,22
scalar_onlstm,focal,1.1,140,False,140,140,nan,2.4685027057048456,nan,0,C_hard_maze_dense,22
scalar_onlstm,astar,,152,True,140,140,2.5276082768058905,2.4685027057048456,1.0239438956110718,0,C_hard_maze_dense,22
scalar_onlstm,focal,1.0,152,True,152,152,2.4685027057048456,2.4685027057048456,1.0,0,C_hard_maze_dense,22
scalar_onlstm,focal,1.1,152,True,151,151,2.529600782580654,2.4685027057048456,1.0247510674120823,0,C_hard_maze_dense,22
field_unet,astar,,140,True,113,113,2.492735737007693,2.4685027057048456,1.0098168947706005,0,C_hard_maze_dense,22
field_unet,focal,1.0,140,False,140,140,nan,2.4685027057048456,nan,0,C_hard_maze_dense,22
field_unet,focal,1.1,140,False,140,140,nan,2.4685027057048456,nan,0,C_hard_maze_dense,22
field_unet,astar,,152,True,113,113,2.492735737007693,2.4685027057048456,1.0098168947706005,0,C_hard_maze_dense,22
field_unet,focal,1.0,152,True,152,152,2.4685027057048456,2.4685027057048456,1.0,0,C_hard_maze_dense,22
field_unet,focal,1.1,152,True,146,146,2.4885341195557094,2.4685027057048456,1.0081148032791578,0,C_hard_maze_dense,22
field_onlstm,astar,,140,True,99,99,2.571459283937221,2.4685027057048456,1.0417081083178223,0,C_hard_maze_dense,22
field_onlstm,focal,1.0,140,False,140,140,nan,2.4685027057048456,nan,0,C_hard_maze_dense,22
field_onlstm,focal,1.1,140,False,140,140,nan,2.4685027057048456,nan,0,C_hard_maze_dense,22
field_onlstm,astar,,152,True,99,99,2.571459283937221,2.4685027057048456,1.0417081083178223,0,C_hard_maze_dense,22
field_onlstm,focal,1.0,152,True,152,152,2.4685027057048456,2.4685027057048456,1.0,0,C_hard_maze_dense,22
field_onlstm,focal,1.1,152,True,148,148,2.4885341195557094,2.4685027057048456,1.0081148032791578,0,C_hard_maze_dense,22
field_hrm,astar,,140,True,95,95,2.4685027057048456,2.4685027057048456,1.0,0,C_hard_maze_dense,22
field_hrm,focal,1.0,140,False,140,140,nan,2.4685027057048456,nan,0,C_hard_maze_dense,22
field_hrm,focal,1.1,140,False,140,140,nan,2.4685027057048456,nan,0,C_hard_maze_dense,22
field_hrm,astar,,152,True,95,95,2.4685027057048456,2.4685027057048456,1.0,0,C_hard_maze_dense,22
field_hrm,focal,1.0,152,True,152,152,2.4685027057048456,2.4685027057048456,1.0,0,C_hard_maze_dense,22
field_hrm,focal,1.1,152,True,147,147,2.4885341195557094,2.4685027057048456,1.0081148032791578,0,C_hard_maze_dense,22
euclid,astar,,140,False,140,140,nan,2.215015124399179,nan,0,C_hard_maze_dense,23
euclid,focal,1.0,140,False,140,140,nan,2.215015124399179,nan,0,C_hard_maze_dense,23
euclid,focal,1.1,140,False,140,140,nan,2.215015124399179,nan,0,C_hard_maze_dense,23
euclid,astar,,152,False,152,152,nan,2.215015124399179,nan,0,C_hard_maze_dense,23
euclid,focal,1.0,152,False,152,152,nan,2.215015124399179,nan,0,C_hard_maze_dense,23
euclid,focal,1.1,152,True,151,151,2.2521296959154062,2.215015124399179,1.0167558998163926,0,C_hard_maze_dense,23
oracle,astar,,140,True,29,29,2.2150151243991782,2.215015124399179,0.9999999999999996,0,C_hard_maze_dense,23
oracle,focal,1.0,140,False,140,140,nan,2.215015124399179,nan,0,C_hard_maze_dense,23
oracle,focal,1.1,140,False,140,140,nan,2.215015124399179,nan,0,C_hard_maze_dense,23
oracle,astar,,152,True,29,29,2.2150151243991782,2.215015124399179,0.9999999999999996,0,C_hard_maze_dense,23
oracle,focal,1.0,152,False,152,152,nan,2.215015124399179,nan,0,C_hard_maze_dense,23
oracle,focal,1.1,152,False,152,152,nan,2.215015124399179,nan,0,C_hard_maze_dense,23
scalar_hrm,astar,,140,True,88,88,2.5607836990744914,2.215015124399179,1.1561021280922863,0,C_hard_maze_dense,23
scalar_hrm,focal,1.0,140,False,140,140,nan,2.215015124399179,nan,0,C_hard_maze_dense,23
scalar_hrm,focal,1.1,140,False,140,140,nan,2.215015124399179,nan,0,C_hard_maze_dense,23
scalar_hrm,astar,,152,True,88,88,2.5607836990744914,2.215015124399179,1.1561021280922863,0,C_hard_maze_dense,23
scalar_hrm,focal,1.0,152,False,152,152,nan,2.215015124399179,nan,0,C_hard_maze_dense,23
scalar_hrm,focal,1.1,152,False,152,152,nan,2.215015124399179,nan,0,C_hard_maze_dense,23
scalar_onlstm,astar,,140,True,99,99,2.471017491303484,2.215015124399179,1.1155759001752845,0,C_hard_maze_dense,23
scalar_onlstm,focal,1.0,140,False,140,140,nan,2.215015124399179,nan,0,C_hard_maze_dense,23
scalar_onlstm,focal,1.1,140,False,140,140,nan,2.215015124399179,nan,0,C_hard_maze_dense,23
scalar_onlstm,astar,,152,True,99,99,2.471017491303484,2.215015124399179,1.1155759001752845,0,C_hard_maze_dense,23
scalar_onlstm,focal,1.0,152,False,152,152,nan,2.215015124399179,nan,0,C_hard_maze_dense,23
scalar_onlstm,focal,1.1,152,False,152,152,nan,2.215015124399179,nan,0,C_hard_maze_dense,23
field_unet,astar,,140,True,122,122,2.2150151243991782,2.215015124399179,0.9999999999999996,0,C_hard_maze_dense,23
field_unet,focal,1.0,140,False,140,140,nan,2.215015124399179,nan,0,C_hard_maze_dense,23
field_unet,focal,1.1,140,False,140,140,nan,2.215015124399179,nan,0,C_hard_maze_dense,23
field_unet,astar,,152,True,122,122,2.2150151243991782,2.215015124399179,0.9999999999999996,0,C_hard_maze_dense,23
field_unet,focal,1.0,152,False,152,152,nan,2.215015124399179,nan,0,C_hard_maze_dense,23
field_unet,focal,1.1,152,False,152,152,nan,2.215015124399179,nan,0,C_hard_maze_dense,23
field_onlstm,astar,,140,True,102,102,2.26460246735101,2.215015124399179,1.0223869094190863,0,C_hard_maze_dense,23
field_onlstm,focal,1.0,140,False,140,140,nan,2.215015124399179,nan,0,C_hard_maze_dense,23
field_onlstm,focal,1.1,140,False,140,140,nan,2.215015124399179,nan,0,C_hard_maze_dense,23
field_onlstm,astar,,152,True,102,102,2.26460246735101,2.215015124399179,1.0223869094190863,0,C_hard_maze_dense,23
field_onlstm,focal,1.0,152,False,152,152,nan,2.215015124399179,nan,0,C_hard_maze_dense,23
field_onlstm,focal,1.1,152,False,152,152,nan,2.215015124399179,nan,0,C_hard_maze_dense,23
field_hrm,astar,,140,True,105,105,2.2272545886978605,2.215015124399179,1.0055256797860472,0,C_hard_maze_dense,23
field_hrm,focal,1.0,140,False,140,140,nan,2.215015124399179,nan,0,C_hard_maze_dense,23
field_hrm,focal,1.1,140,False,140,140,nan,2.215015124399179,nan,0,C_hard_maze_dense,23
field_hrm,astar,,152,True,105,105,2.2272545886978605,2.215015124399179,1.0055256797860472,0,C_hard_maze_dense,23
field_hrm,focal,1.0,152,False,152,152,nan,2.215015124399179,nan,0,C_hard_maze_dense,23
field_hrm,focal,1.1,152,False,152,152,nan,2.215015124399179,nan,0,C_hard_maze_dense,23
