stage,suite,world_index,method,backbone,expert_task,alpha,budget,found,cost,cost_ratio,oracle_cost,expansions,closed,roadmap_nodes,roadmap_edges,obstacle_count,side_len,heuristic_max,heuristic_min,heuristic_mean,heuristic_std,spearman_to_prm_oracle,heatmap_min,heatmap_max,heatmap_mean,heatmap_std,nonfinite_heuristic
c6,C_hard_rooms,0,euclidean,,,0.0,128,0,nan,nan,5.979236080123035,128,128,192,602,36,2.0,2.2110159395620634,0.0,1.1504425455376792,0.5181177468239369,0.9205215934677049,0.0,2.2110159395620634,1.1504425455376792,0.5181177468239369,0
c6,C_hard_rooms,0,euclidean,,,0.0,144,0,nan,nan,5.979236080123035,144,144,192,602,36,2.0,2.2110159395620634,0.0,1.1504425455376792,0.5181177468239369,0.9205215934677049,0.0,2.2110159395620634,1.1504425455376792,0.5181177468239369,0
c6,C_hard_rooms,0,euclidean,,,0.0,168,1,5.979236080123035,1.0,5.979236080123035,155,155,192,602,36,2.0,2.2110159395620634,0.0,1.1504425455376792,0.5181177468239369,0.9205215934677049,0.0,2.2110159395620634,1.1504425455376792,0.5181177468239369,0
c6,C_hard_rooms,0,grid_oracle,,,0.0,128,1,5.979236080123035,1.0,5.979236080123035,128,128,192,602,36,2.0,5.771491770272199,0.01376340449875722,2.994277071344099,1.6992374112726745,0.9753275642242901,0.0,5.897208691207963,2.8642679841108687,1.705827627859117,0
c6,C_hard_rooms,0,grid_oracle,,,0.0,144,1,5.979236080123035,1.0,5.979236080123035,128,128,192,602,36,2.0,5.771491770272199,0.01376340449875722,2.994277071344099,1.6992374112726745,0.9753275642242901,0.0,5.897208691207963,2.8642679841108687,1.705827627859117,0
c6,C_hard_rooms,0,grid_oracle,,,0.0,168,1,5.979236080123035,1.0,5.979236080123035,128,128,192,602,36,2.0,5.771491770272199,0.01376340449875722,2.994277071344099,1.6992374112726745,0.9753275642242901,0.0,5.897208691207963,2.8642679841108687,1.705827627859117,0
c6,C_hard_rooms,0,unet,unet,,0.0,128,0,nan,nan,5.979236080123035,128,128,192,602,36,2.0,6.038281205098681,0.08443577782651163,2.9527876936852913,1.6941045873469176,0.9731590619320187,0.02888205274939537,2.2234103679656982,0.8518154658199819,0.6009604924812934,0
c6,C_hard_rooms,0,unet,unet,,0.0,144,1,5.986411827516942,1.0012001110673254,5.979236080123035,133,133,192,602,36,2.0,6.038281205098681,0.08443577782651163,2.9527876936852913,1.6941045873469176,0.9731590619320187,0.02888205274939537,2.2234103679656982,0.8518154658199819,0.6009604924812934,0
c6,C_hard_rooms,0,unet,unet,,0.0,168,1,5.986411827516942,1.0012001110673254,5.979236080123035,133,133,192,602,36,2.0,6.038281205098681,0.08443577782651163,2.9527876936852913,1.6941045873469176,0.9731590619320187,0.02888205274939537,2.2234103679656982,0.8518154658199819,0.6009604924812934,0
c6,C_hard_rooms,0,onlstm,onlstm,,0.0,128,0,nan,nan,5.979236080123035,128,128,192,602,36,2.0,4.845380409679786,0.03623201647962966,2.67634316569017,1.402230166336717,0.9433137563410467,0.007890598848462105,1.5758798122406006,0.7254598774172791,0.4564597510318464,0
c6,C_hard_rooms,0,onlstm,onlstm,,0.0,144,0,nan,nan,5.979236080123035,144,144,192,602,36,2.0,4.845380409679786,0.03623201647962966,2.67634316569017,1.402230166336717,0.9433137563410467,0.007890598848462105,1.5758798122406006,0.7254598774172791,0.4564597510318464,0
c6,C_hard_rooms,0,onlstm,onlstm,,0.0,168,1,6.008668729543944,1.0049224765549487,5.979236080123035,153,153,192,602,36,2.0,4.845380409679786,0.03623201647962966,2.67634316569017,1.402230166336717,0.9433137563410467,0.007890598848462105,1.5758798122406006,0.7254598774172791,0.4564597510318464,0
c6,C_hard_rooms,0,hrm,hrm,,0.0,128,0,nan,nan,5.979236080123035,128,128,192,602,36,2.0,5.920566221589113,0.0004647831642372675,2.973879820953839,1.7722511768785703,0.9641680004340397,0.00010775472037494183,2.1724374294281006,0.8686273726871718,0.6519497370925161,0
c6,C_hard_rooms,0,hrm,hrm,,0.0,144,1,6.245557198406407,1.0445409939856216,5.979236080123035,133,133,192,602,36,2.0,5.920566221589113,0.0004647831642372675,2.973879820953839,1.7722511768785703,0.9641680004340397,0.00010775472037494183,2.1724374294281006,0.8686273726871718,0.6519497370925161,0
c6,C_hard_rooms,0,hrm,hrm,,0.0,168,1,6.245557198406407,1.0445409939856216,5.979236080123035,133,133,192,602,36,2.0,5.920566221589113,0.0004647831642372675,2.973879820953839,1.7722511768785703,0.9641680004340397,0.00010775472037494183,2.1724374294281006,0.8686273726871718,0.6519497370925161,0
c6,C_hard_rooms,1,euclidean,,,0.0,128,0,nan,nan,6.45404926900633,128,128,192,624,34,2.0,2.0765702649604725,0.0,1.113919012405174,0.5163629729031208,0.9406620459539377,0.0,2.0765702649604725,1.113919012405174,0.5163629729031208,0
c6,C_hard_rooms,1,euclidean,,,0.0,144,1,6.454049269006329,0.9999999999999999,6.45404926900633,132,132,192,624,34,2.0,2.0765702649604725,0.0,1.113919012405174,0.5163629729031208,0.9406620459539377,0.0,2.0765702649604725,1.113919012405174,0.5163629729031208,0
c6,C_hard_rooms,1,euclidean,,,0.0,168,1,6.454049269006329,0.9999999999999999,6.45404926900633,132,132,192,624,34,2.0,2.0765702649604725,0.0,1.113919012405174,0.5163629729031208,0.9406620459539377,0.0,2.0765702649604725,1.113919012405174,0.5163629729031208,0
c6,C_hard_rooms,1,grid_oracle,,,0.0,128,1,6.457507142392819,1.00053576804923,6.45404926900633,122,122,192,624,34,2.0,5.996564990023144,0.024823354362293253,2.8372410010430067,1.8686853719239525,0.96720288636302,0.0,6.0976528650321224,2.7898360770630153,1.8309893341708026,0
c6,C_hard_rooms,1,grid_oracle,,,0.0,144,1,6.457507142392819,1.00053576804923,6.45404926900633,122,122,192,624,34,2.0,5.996564990023144,0.024823354362293253,2.8372410010430067,1.8686853719239525,0.96720288636302,0.0,6.0976528650321224,2.7898360770630153,1.8309893341708026,0
c6,C_hard_rooms,1,grid_oracle,,,0.0,168,1,6.457507142392819,1.00053576804923,6.45404926900633,122,122,192,624,34,2.0,5.996564990023144,0.024823354362293253,2.8372410010430067,1.8686853719239525,0.96720288636302,0.0,6.0976528650321224,2.7898360770630153,1.8309893341708026,0
c6,C_hard_rooms,1,unet,unet,,0.0,128,1,6.47564277219553,1.003345729524083,6.45404926900633,121,121,192,624,34,2.0,6.042668125006303,0.09719332639360208,2.7913819822279478,1.724375853753625,0.9668468382931397,0.02413899265229702,2.1602981090545654,0.8217137601645845,0.5917398123033393,0
c6,C_hard_rooms,1,unet,unet,,0.0,144,1,6.47564277219553,1.003345729524083,6.45404926900633,121,121,192,624,34,2.0,6.042668125006303,0.09719332639360208,2.7913819822279478,1.724375853753625,0.9668468382931397,0.02413899265229702,2.1602981090545654,0.8217137601645845,0.5917398123033393,0
c6,C_hard_rooms,1,unet,unet,,0.0,168,1,6.47564277219553,1.003345729524083,6.45404926900633,121,121,192,624,34,2.0,6.042668125006303,0.09719332639360208,2.7913819822279478,1.724375853753625,0.9668468382931397,0.02413899265229702,2.1602981090545654,0.8217137601645845,0.5917398123033393,0
c6,C_hard_rooms,1,onlstm,onlstm,,0.0,128,1,6.4763794876360965,1.0034598773109777,6.45404926900633,127,127,192,624,34,2.0,5.082982638685934,0.002910341355193144,2.5463352001954114,1.4456318182710552,0.9448159401025419,0.0007109646685421467,1.5500156879425049,0.7294704379153814,0.46034921573675175,0
c6,C_hard_rooms,1,onlstm,onlstm,,0.0,144,1,6.4763794876360965,1.0034598773109777,6.45404926900633,127,127,192,624,34,2.0,5.082982638685934,0.002910341355193144,2.5463352001954114,1.4456318182710552,0.9448159401025419,0.0007109646685421467,1.5500156879425049,0.7294704379153814,0.46034921573675175,0
c6,C_hard_rooms,1,onlstm,onlstm,,0.0,168,1,6.4763794876360965,1.0034598773109777,6.45404926900633,127,127,192,624,34,2.0,5.082982638685934,0.002910341355193144,2.5463352001954114,1.4456318182710552,0.9448159401025419,0.0007109646685421467,1.5500156879425049,0.7294704379153814,0.46034921573675175,0
c6,C_hard_rooms,1,hrm,hrm,,0.0,128,1,6.572077400144666,1.0182874543126177,6.45404926900633,120,120,192,624,34,2.0,6.056201175228091,0.0014738376076039864,2.6266621841531834,1.7224759326823393,0.9543054688983534,0.0005722477217204869,2.0753672122955322,0.7382963633041442,0.5889509158829969,0
c6,C_hard_rooms,1,hrm,hrm,,0.0,144,1,6.572077400144666,1.0182874543126177,6.45404926900633,120,120,192,624,34,2.0,6.056201175228091,0.0014738376076039864,2.6266621841531834,1.7224759326823393,0.9543054688983534,0.0005722477217204869,2.0753672122955322,0.7382963633041442,0.5889509158829969,0
c6,C_hard_rooms,1,hrm,hrm,,0.0,168,1,6.572077400144666,1.0182874543126177,6.45404926900633,120,120,192,624,34,2.0,6.056201175228091,0.0014738376076039864,2.6266621841531834,1.7224759326823393,0.9543054688983534,0.0005722477217204869,2.0753672122955322,0.7382963633041442,0.5889509158829969,0
c6,C_hard_rooms,2,euclidean,,,0.0,128,0,nan,nan,5.935564095786787,128,128,192,574,48,2.0,2.036352937673393,0.0,1.1366350351983114,0.5128649082989623,0.8703323793505685,0.0,2.036352937673393,1.1366350351983114,0.5128649082989623,0
c6,C_hard_rooms,2,euclidean,,,0.0,144,1,5.9355640957867895,1.0000000000000004,5.935564095786787,140,140,192,574,48,2.0,2.036352937673393,0.0,1.1366350351983114,0.5128649082989623,0.8703323793505685,0.0,2.036352937673393,1.1366350351983114,0.5128649082989623,0
c6,C_hard_rooms,2,euclidean,,,0.0,168,1,5.9355640957867895,1.0000000000000004,5.935564095786787,140,140,192,574,48,2.0,2.036352937673393,0.0,1.1366350351983114,0.5128649082989623,0.8703323793505685,0.0,2.036352937673393,1.1366350351983114,0.5128649082989623,0
c6,C_hard_rooms,2,grid_oracle,,,0.0,128,1,5.9355640957867895,1.0000000000000004,5.935564095786787,100,100,192,574,48,2.0,8.00436357221124,0.012824301707250761,2.991781496130096,1.9070064323843687,0.9071714863141905,0.0,6.5976528650321224,2.930016084032185,1.77644821867778,0
c6,C_hard_rooms,2,grid_oracle,,,0.0,144,1,5.9355640957867895,1.0000000000000004,5.935564095786787,100,100,192,574,48,2.0,8.00436357221124,0.012824301707250761,2.991781496130096,1.9070064323843687,0.9071714863141905,0.0,6.5976528650321224,2.930016084032185,1.77644821867778,0
c6,C_hard_rooms,2,grid_oracle,,,0.0,168,1,5.9355640957867895,1.0000000000000004,5.935564095786787,100,100,192,574,48,2.0,8.00436357221124,0.012824301707250761,2.991781496130096,1.9070064323843687,0.9071714863141905,0.0,6.5976528650321224,2.930016084032185,1.77644821867778,0
c6,C_hard_rooms,2,unet,unet,,0.0,128,1,5.972698008655449,1.0062561725001034,5.935564095786787,99,99,192,574,48,2.0,6.137397755229979,0.11616497299453622,2.9319234001230026,1.7637123434965507,0.8735351165124924,0.0303144920617342,2.3137857913970947,0.877958033401228,0.6156008960717569,0
c6,C_hard_rooms,2,unet,unet,,0.0,144,1,5.972698008655449,1.0062561725001034,5.935564095786787,99,99,192,574,48,2.0,6.137397755229979,0.11616497299453622,2.9319234001230026,1.7637123434965507,0.8735351165124924,0.0303144920617342,2.3137857913970947,0.877958033401228,0.6156008960717569,0
c6,C_hard_rooms,2,unet,unet,,0.0,168,1,5.972698008655449,1.0062561725001034,5.935564095786787,99,99,192,574,48,2.0,6.137397755229979,0.11616497299453622,2.9319234001230026,1.7637123434965507,0.8735351165124924,0.0303144920617342,2.3137857913970947,0.877958033401228,0.6156008960717569,0
c6,C_hard_rooms,2,onlstm,onlstm,,0.0,128,0,nan,nan,5.935564095786787,128,128,192,574,48,2.0,4.97646196186162,0.03674416290015488,2.6068176507051914,1.4544454906484487,0.8635166020128585,0.005453724414110184,1.5705840587615967,0.727989932918149,0.46749367246337087,0
c6,C_hard_rooms,2,onlstm,onlstm,,0.0,144,1,6.2234265001928915,1.0484979017597396,5.935564095786787,129,129,192,574,48,2.0,4.97646196186162,0.03674416290015488,2.6068176507051914,1.4544454906484487,0.8635166020128585,0.005453724414110184,1.5705840587615967,0.727989932918149,0.46749367246337087,0
c6,C_hard_rooms,2,onlstm,onlstm,,0.0,168,1,6.2234265001928915,1.0484979017597396,5.935564095786787,129,129,192,574,48,2.0,4.97646196186162,0.03674416290015488,2.6068176507051914,1.4544454906484487,0.8635166020128585,0.005453724414110184,1.5705840587615967,0.727989932918149,0.46749367246337087,0
c6,C_hard_rooms,2,hrm,hrm,,0.0,128,1,6.263123658120344,1.0551859194926507,5.935564095786787,108,108,192,574,48,2.0,6.035829540496073,0.00024347810564709517,2.7698634242144755,1.7823029747768377,0.8603562515259204,7.995415217010304e-05,2.160883665084839,0.815058859734286,0.6317622824362423,0
c6,C_hard_rooms,2,hrm,hrm,,0.0,144,1,6.263123658120344,1.0551859194926507,5.935564095786787,108,108,192,574,48,2.0,6.035829540496073,0.00024347810564709517,2.7698634242144755,1.7823029747768377,0.8603562515259204,7.995415217010304e-05,2.160883665084839,0.815058859734286,0.6317622824362423,0
c6,C_hard_rooms,2,hrm,hrm,,0.0,168,1,6.263123658120344,1.0551859194926507,5.935564095786787,108,108,192,574,48,2.0,6.035829540496073,0.00024347810564709517,2.7698634242144755,1.7823029747768377,0.8603562515259204,7.995415217010304e-05,2.160883665084839,0.815058859734286,0.6317622824362423,0
c6,C_hard_rooms,3,euclidean,,,0.0,128,0,nan,nan,6.4535511653495385,128,128,192,605,38,2.0,1.8868220420691633,0.0,0.9700232264574046,0.466512223742177,0.9128224778232917,0.0,1.8868220420691633,0.9700232264574046,0.466512223742177,0
c6,C_hard_rooms,3,euclidean,,,0.0,144,1,6.453551165349536,0.9999999999999996,6.4535511653495385,140,140,192,605,38,2.0,1.8868220420691633,0.0,0.9700232264574046,0.466512223742177,0.9128224778232917,0.0,1.8868220420691633,0.9700232264574046,0.466512223742177,0
c6,C_hard_rooms,3,euclidean,,,0.0,168,1,6.453551165349536,0.9999999999999996,6.4535511653495385,140,140,192,605,38,2.0,1.8868220420691633,0.0,0.9700232264574046,0.466512223742177,0.9128224778232917,0.0,1.8868220420691633,0.9700232264574046,0.466512223742177,0
c6,C_hard_rooms,3,grid_oracle,,,0.0,128,1,6.453636274631282,1.000013187976598,6.4535511653495385,109,109,192,605,38,2.0,6.635374674898982,0.016318884054970836,2.8720857077630364,2.113942655938655,0.9932723869462606,0.0,6.762405300614692,3.0811144260737535,2.1259703439816446,0
c6,C_hard_rooms,3,grid_oracle,,,0.0,144,1,6.453636274631282,1.000013187976598,6.4535511653495385,109,109,192,605,38,2.0,6.635374674898982,0.016318884054970836,2.8720857077630364,2.113942655938655,0.9932723869462606,0.0,6.762405300614692,3.0811144260737535,2.1259703439816446,0
c6,C_hard_rooms,3,grid_oracle,,,0.0,168,1,6.453636274631282,1.000013187976598,6.4535511653495385,109,109,192,605,38,2.0,6.635374674898982,0.016318884054970836,2.8720857077630364,2.113942655938655,0.9932723869462606,0.0,6.762405300614692,3.0811144260737535,2.1259703439816446,0
c6,C_hard_rooms,3,unet,unet,,0.0,128,0,nan,nan,6.4535511653495385,128,128,192,605,38,2.0,6.062968250221607,0.10638736896672689,2.5498148829213716,1.7189707381911004,0.9856546537178201,0.02815387211740017,2.219522714614868,0.8434077705896925,0.6167671038883487,0
c6,C_hard_rooms,3,unet,unet,,0.0,144,1,6.596265879285335,1.022114136895987,6.4535511653495385,131,131,192,605,38,2.0,6.062968250221607,0.10638736896672689,2.5498148829213716,1.7189707381911004,0.9856546537178201,0.02815387211740017,2.219522714614868,0.8434077705896925,0.6167671038883487,0
c6,C_hard_rooms,3,unet,unet,,0.0,168,1,6.596265879285335,1.022114136895987,6.4535511653495385,131,131,192,605,38,2.0,6.062968250221607,0.10638736896672689,2.5498148829213716,1.7189707381911004,0.9856546537178201,0.02815387211740017,2.219522714614868,0.8434077705896925,0.6167671038883487,0
c6,C_hard_rooms,3,onlstm,onlstm,,0.0,128,0,nan,nan,6.4535511653495385,128,128,192,605,38,2.0,4.647681916189735,0.005699262278697032,2.1672177456094004,1.396478413380916,0.9624386240946208,0.0013297322439029813,1.4573204517364502,0.6447529398598704,0.469573171765899,0
c6,C_hard_rooms,3,onlstm,onlstm,,0.0,144,1,6.527884980883402,1.011518280963352,6.4535511653495385,138,138,192,605,38,2.0,4.647681916189735,0.005699262278697032,2.1672177456094004,1.396478413380916,0.9624386240946208,0.0013297322439029813,1.4573204517364502,0.6447529398598704,0.469573171765899,0
c6,C_hard_rooms,3,onlstm,onlstm,,0.0,168,1,6.527884980883402,1.011518280963352,6.4535511653495385,138,138,192,605,38,2.0,4.647681916189735,0.005699262278697032,2.1672177456094004,1.396478413380916,0.9624386240946208,0.0013297322439029813,1.4573204517364502,0.6447529398598704,0.469573171765899,0
c6,C_hard_rooms,3,hrm,hrm,,0.0,128,1,6.552546515716326,1.0153396707999023,6.4535511653495385,119,119,192,605,38,2.0,5.96319205155771,0.004692722452919169,2.474362160224699,1.7428386218847716,0.9785625152592031,0.0004659859696403146,2.1395559310913086,0.8087810495867842,0.6328594586666829,0
c6,C_hard_rooms,3,hrm,hrm,,0.0,144,1,6.552546515716326,1.0153396707999023,6.4535511653495385,119,119,192,605,38,2.0,5.96319205155771,0.004692722452919169,2.474362160224699,1.7428386218847716,0.9785625152592031,0.0004659859696403146,2.1395559310913086,0.8087810495867842,0.6328594586666829,0
c6,C_hard_rooms,3,hrm,hrm,,0.0,168,1,6.552546515716326,1.0153396707999023,6.4535511653495385,119,119,192,605,38,2.0,5.96319205155771,0.004692722452919169,2.474362160224699,1.7428386218847716,0.9785625152592031,0.0004659859696403146,2.1395559310913086,0.8087810495867842,0.6328594586666829,0
c6,C_hard_rooms,4,euclidean,,,0.0,128,0,nan,nan,5.574288731521074,128,128,192,576,47,2.0,1.9240971913062472,0.0,0.9854107140409306,0.4904379637490773,0.9200621219108592,0.0,1.9240971913062472,0.9854107140409306,0.4904379637490773,0
c6,C_hard_rooms,4,euclidean,,,0.0,144,0,nan,nan,5.574288731521074,144,144,192,576,47,2.0,1.9240971913062472,0.0,0.9854107140409306,0.4904379637490773,0.9200621219108592,0.0,1.9240971913062472,0.9854107140409306,0.4904379637490773,0
c6,C_hard_rooms,4,euclidean,,,0.0,168,1,5.574288731521074,1.0,5.574288731521074,149,149,192,576,47,2.0,1.9240971913062472,0.0,0.9854107140409306,0.4904379637490773,0.9200621219108592,0.0,1.9240971913062472,0.9854107140409306,0.4904379637490773,0
c6,C_hard_rooms,4,grid_oracle,,,0.0,128,1,5.574288731521074,1.0,5.574288731521074,104,104,192,576,47,2.0,5.703196212879079,0.016922303936576587,2.592493181379585,1.668294540535659,0.9554363453869735,0.0,5.76776695296637,2.5376650115881434,1.6288050943961565,0
c6,C_hard_rooms,4,grid_oracle,,,0.0,144,1,5.574288731521074,1.0,5.574288731521074,104,104,192,576,47,2.0,5.703196212879079,0.016922303936576587,2.592493181379585,1.668294540535659,0.9554363453869735,0.0,5.76776695296637,2.5376650115881434,1.6288050943961565,0
c6,C_hard_rooms,4,grid_oracle,,,0.0,168,1,5.574288731521074,1.0,5.574288731521074,104,104,192,576,47,2.0,5.703196212879079,0.016922303936576587,2.592493181379585,1.668294540535659,0.9554363453869735,0.0,5.76776695296637,2.5376650115881434,1.6288050943961565,0
c6,C_hard_rooms,4,unet,unet,,0.0,128,1,5.586208984378959,1.0021384347729387,5.574288731521074,104,104,192,576,47,2.0,5.996625849157879,0.0993844930244085,2.7126732904819657,1.7043729281495574,0.9544495835933051,0.03310391306877136,2.1723508834838867,0.8223038160394935,0.5908095595682326,0
c6,C_hard_rooms,4,unet,unet,,0.0,144,1,5.586208984378959,1.0021384347729387,5.574288731521074,104,104,192,576,47,2.0,5.996625849157879,0.0993844930244085,2.7126732904819657,1.7043729281495574,0.9544495835933051,0.03310391306877136,2.1723508834838867,0.8223038160394935,0.5908095595682326,0
c6,C_hard_rooms,4,unet,unet,,0.0,168,1,5.586208984378959,1.0021384347729387,5.574288731521074,104,104,192,576,47,2.0,5.996625849157879,0.0993844930244085,2.7126732904819657,1.7043729281495574,0.9544495835933051,0.03310391306877136,2.1723508834838867,0.8223038160394935,0.5908095595682326,0
c6,C_hard_rooms,4,onlstm,onlstm,,0.0,128,0,nan,nan,5.574288731521074,128,128,192,576,47,2.0,4.68331699018535,0.019661663798134714,2.212111314129352,1.3921071057728636,0.927479790033367,0.0035667961928993464,1.453108549118042,0.5875921661711345,0.4375410603619827,0
c6,C_hard_rooms,4,onlstm,onlstm,,0.0,144,1,5.586208984378959,1.0021384347729387,5.574288731521074,138,138,192,576,47,2.0,4.68331699018535,0.019661663798134714,2.212111314129352,1.3921071057728636,0.927479790033367,0.0035667961928993464,1.453108549118042,0.5875921661711345,0.4375410603619827,0
c6,C_hard_rooms,4,onlstm,onlstm,,0.0,168,1,5.586208984378959,1.0021384347729387,5.574288731521074,138,138,192,576,47,2.0,4.68331699018535,0.019661663798134714,2.212111314129352,1.3921071057728636,0.927479790033367,0.0035667961928993464,1.453108549118042,0.5875921661711345,0.4375410603619827,0
c6,C_hard_rooms,4,hrm,hrm,,0.0,128,1,5.583455729595005,1.0016445143973425,5.574288731521074,94,94,192,576,47,2.0,6.081658654519234,0.0004796699444977786,2.765878233350891,1.8141906950169393,0.9475168190326345,0.00010001139162341133,2.1705121994018555,0.8517248541713656,0.6560189723669315,0
c6,C_hard_rooms,4,hrm,hrm,,0.0,144,1,5.583455729595005,1.0016445143973425,5.574288731521074,94,94,192,576,47,2.0,6.081658654519234,0.0004796699444977786,2.765878233350891,1.8141906950169393,0.9475168190326345,0.00010001139162341133,2.1705121994018555,0.8517248541713656,0.6560189723669315,0
c6,C_hard_rooms,4,hrm,hrm,,0.0,168,1,5.583455729595005,1.0016445143973425,5.574288731521074,94,94,192,576,47,2.0,6.081658654519234,0.0004796699444977786,2.765878233350891,1.8141906950169393,0.9475168190326345,0.00010001139162341133,2.1705121994018555,0.8517248541713656,0.6560189723669315,0
c6,C_hard_rooms,5,euclidean,,,0.0,128,0,nan,nan,4.938755654766066,128,128,192,574,34,2.0,2.148697665014123,0.0,1.1861368831340957,0.5169527827318618,0.8641795296096357,0.0,2.148697665014123,1.1861368831340957,0.5169527827318618,0
c6,C_hard_rooms,5,euclidean,,,0.0,144,0,nan,nan,4.938755654766066,144,144,192,574,34,2.0,2.148697665014123,0.0,1.1861368831340957,0.5169527827318618,0.8641795296096357,0.0,2.148697665014123,1.1861368831340957,0.5169527827318618,0
c6,C_hard_rooms,5,euclidean,,,0.0,168,1,4.938755654766065,0.9999999999999998,4.938755654766066,157,157,192,574,34,2.0,2.148697665014123,0.0,1.1861368831340957,0.5169527827318618,0.8641795296096357,0.0,2.148697665014123,1.1861368831340957,0.5169527827318618,0
c6,C_hard_rooms,5,grid_oracle,,,0.0,128,1,4.945535706032132,1.0013728258168682,4.938755654766066,90,90,192,574,34,2.0,5.356631928755202,0.024000896247102582,2.722721810656159,1.502126604614642,0.8589897051243796,0.0,5.384264517383803,2.5356370639917225,1.517905691880697,0
c6,C_hard_rooms,5,grid_oracle,,,0.0,144,1,4.945535706032132,1.0013728258168682,4.938755654766066,90,90,192,574,34,2.0,5.356631928755202,0.024000896247102582,2.722721810656159,1.502126604614642,0.8589897051243796,0.0,5.384264517383803,2.5356370639917225,1.517905691880697,0
c6,C_hard_rooms,5,grid_oracle,,,0.0,168,1,4.945535706032132,1.0013728258168682,4.938755654766066,90,90,192,574,34,2.0,5.356631928755202,0.024000896247102582,2.722721810656159,1.502126604614642,0.8589897051243796,0.0,5.384264517383803,2.5356370639917225,1.517905691880697,0
c6,C_hard_rooms,5,unet,unet,,0.0,128,1,4.94874276532607,1.0020221916729908,4.938755654766066,75,75,192,574,34,2.0,6.27172905388129,0.10825212843805909,3.0349563688245538,1.7069182002631282,0.8541915335159918,0.03744953125715256,2.2440521717071533,0.84459801930916,0.6003940461999896,0
c6,C_hard_rooms,5,unet,unet,,0.0,144,1,4.94874276532607,1.0020221916729908,4.938755654766066,75,75,192,574,34,2.0,6.27172905388129,0.10825212843805909,3.0349563688245538,1.7069182002631282,0.8541915335159918,0.03744953125715256,2.2440521717071533,0.84459801930916,0.6003940461999896,0
c6,C_hard_rooms,5,unet,unet,,0.0,168,1,4.94874276532607,1.0020221916729908,4.938755654766066,75,75,192,574,34,2.0,6.27172905388129,0.10825212843805909,3.0349563688245538,1.7069182002631282,0.8541915335159918,0.03744953125715256,2.2440521717071533,0.84459801930916,0.6003940461999896,0
c6,C_hard_rooms,5,onlstm,onlstm,,0.0,128,1,5.01441640107413,1.0153197994792573,4.938755654766066,113,113,192,574,34,2.0,5.120667921099323,0.029784067170657957,2.7842972116610145,1.4509039029328556,0.8383558717413125,0.005611834581941366,1.5520211458206177,0.7467237288369688,0.48589564089742704,0
c6,C_hard_rooms,5,onlstm,onlstm,,0.0,144,1,5.01441640107413,1.0153197994792573,4.938755654766066,113,113,192,574,34,2.0,5.120667921099323,0.029784067170657957,2.7842972116610145,1.4509039029328556,0.8383558717413125,0.005611834581941366,1.5520211458206177,0.7467237288369688,0.48589564089742704,0
c6,C_hard_rooms,5,onlstm,onlstm,,0.0,168,1,5.01441640107413,1.0153197994792573,4.938755654766066,113,113,192,574,34,2.0,5.120667921099323,0.029784067170657957,2.7842972116610145,1.4509039029328556,0.8383558717413125,0.005611834581941366,1.5520211458206177,0.7467237288369688,0.48589564089742704,0
c6,C_hard_rooms,5,hrm,hrm,,0.0,128,1,4.945974983539853,1.001461770793787,4.938755654766066,72,72,192,574,34,2.0,6.387384418949064,0.0003333108946338226,2.992122511130196,1.8252905650973612,0.846643314434528,0.00013297187979333103,2.218357801437378,0.8208745817296439,0.6660173552704375,0
c6,C_hard_rooms,5,hrm,hrm,,0.0,144,1,4.945974983539853,1.001461770793787,4.938755654766066,72,72,192,574,34,2.0,6.387384418949064,0.0003333108946338226,2.992122511130196,1.8252905650973612,0.846643314434528,0.00013297187979333103,2.218357801437378,0.8208745817296439,0.6660173552704375,0
c6,C_hard_rooms,5,hrm,hrm,,0.0,168,1,4.945974983539853,1.001461770793787,4.938755654766066,72,72,192,574,34,2.0,6.387384418949064,0.0003333108946338226,2.992122511130196,1.8252905650973612,0.846643314434528,0.00013297187979333103,2.218357801437378,0.8208745817296439,0.6660173552704375,0
c6,C_hard_rooms,6,euclidean,,,0.0,128,0,nan,nan,6.515835773119606,128,128,192,562,39,2.0,2.0193478110960936,0.0,0.9836040929881277,0.4680445771755395,0.9108303040989612,0.0,2.0193478110960936,0.9836040929881277,0.4680445771755395,0
c6,C_hard_rooms,6,euclidean,,,0.0,144,0,nan,nan,6.515835773119606,144,144,192,562,39,2.0,2.0193478110960936,0.0,0.9836040929881277,0.4680445771755395,0.9108303040989612,0.0,2.0193478110960936,0.9836040929881277,0.4680445771755395,0
c6,C_hard_rooms,6,euclidean,,,0.0,168,1,6.5158357731196075,1.0000000000000002,6.515835773119606,161,161,192,562,39,2.0,2.0193478110960936,0.0,0.9836040929881277,0.4680445771755395,0.9108303040989612,0.0,2.0193478110960936,0.9836040929881277,0.4680445771755395,0
c6,C_hard_rooms,6,grid_oracle,,,0.0,128,0,nan,nan,6.515835773119606,128,128,192,562,39,2.0,6.39276695296637,0.020914019996658408,2.8046839286848666,1.8915845756756007,0.9908461736700759,0.0,6.39276695296637,2.782500633057198,1.8304434550317772,0
c6,C_hard_rooms,6,grid_oracle,,,0.0,144,0,nan,nan,6.515835773119606,144,144,192,562,39,2.0,6.39276695296637,0.020914019996658408,2.8046839286848666,1.8915845756756007,0.9908461736700759,0.0,6.39276695296637,2.782500633057198,1.8304434550317772,0
c6,C_hard_rooms,6,grid_oracle,,,0.0,168,1,6.5158357731196075,1.0000000000000002,6.515835773119606,145,145,192,562,39,2.0,6.39276695296637,0.020914019996658408,2.8046839286848666,1.8915845756756007,0.9908461736700759,0.0,6.39276695296637,2.782500633057198,1.8304434550317772,0
c6,C_hard_rooms,6,unet,unet,,0.0,128,0,nan,nan,6.515835773119606,128,128,192,562,39,2.0,5.863652134657989,0.12331403478051746,2.547457163496835,1.6482945898857762,0.9822671106529585,0.02774066850543022,2.241246461868286,0.7889210653611372,0.5806871870645677,0
c6,C_hard_rooms,6,unet,unet,,0.0,144,0,nan,nan,6.515835773119606,144,144,192,562,39,2.0,5.863652134657989,0.12331403478051746,2.547457163496835,1.6482945898857762,0.9822671106529585,0.02774066850543022,2.241246461868286,0.7889210653611372,0.5806871870645677,0
c6,C_hard_rooms,6,unet,unet,,0.0,168,1,6.517578656674951,1.000267484266951,6.515835773119606,152,152,192,562,39,2.0,5.863652134657989,0.12331403478051746,2.547457163496835,1.6482945898857762,0.9822671106529585,0.02774066850543022,2.241246461868286,0.7889210653611372,0.5806871870645677,0
c6,C_hard_rooms,6,onlstm,onlstm,,0.0,128,0,nan,nan,6.515835773119606,128,128,192,562,39,2.0,4.679816264797158,0.009615954635986905,2.167370166168795,1.3609344989222758,0.9628709681794755,0.0007190465112216771,1.4459455013275146,0.6006061687518951,0.460761052722241,0
c6,C_hard_rooms,6,onlstm,onlstm,,0.0,144,0,nan,nan,6.515835773119606,144,144,192,562,39,2.0,4.679816264797158,0.009615954635986905,2.167370166168795,1.3609344989222758,0.9628709681794755,0.0007190465112216771,1.4459455013275146,0.6006061687518951,0.460761052722241,0
c6,C_hard_rooms,6,onlstm,onlstm,,0.0,168,1,6.5158357731196075,1.0000000000000002,6.515835773119606,151,151,192,562,39,2.0,4.679816264797158,0.009615954635986905,2.167370166168795,1.3609344989222758,0.9628709681794755,0.0007190465112216771,1.4459455013275146,0.6006061687518951,0.460761052722241,0
c6,C_hard_rooms,6,hrm,hrm,,0.0,128,0,nan,nan,6.515835773119606,128,128,192,562,39,2.0,6.160084853516995,0.003344204601084956,2.5816226967327025,1.7613534302980236,0.9787897078371267,0.000355432799551636,2.1904447078704834,0.8050223029969175,0.643052287157796,0
c6,C_hard_rooms,6,hrm,hrm,,0.0,144,0,nan,nan,6.515835773119606,144,144,192,562,39,2.0,6.160084853516995,0.003344204601084956,2.5816226967327025,1.7613534302980236,0.9787897078371267,0.000355432799551636,2.1904447078704834,0.8050223029969175,0.643052287157796,0
c6,C_hard_rooms,6,hrm,hrm,,0.0,168,1,6.515997712120889,1.000024853143468,6.515835773119606,145,145,192,562,39,2.0,6.160084853516995,0.003344204601084956,2.5816226967327025,1.7613534302980236,0.9787897078371267,0.000355432799551636,2.1904447078704834,0.8050223029969175,0.643052287157796,0
c6,C_hard_rooms,7,euclidean,,,0.0,128,0,nan,nan,5.24319588295689,128,128,192,601,46,2.0,1.9730391014878192,0.0,1.0453154151833426,0.4778121559761608,0.9459790304641512,0.0,1.9730391014878192,1.0453154151833426,0.4778121559761608,0
c6,C_hard_rooms,7,euclidean,,,0.0,144,0,nan,nan,5.24319588295689,144,144,192,601,46,2.0,1.9730391014878192,0.0,1.0453154151833426,0.4778121559761608,0.9459790304641512,0.0,1.9730391014878192,1.0453154151833426,0.4778121559761608,0
c6,C_hard_rooms,7,euclidean,,,0.0,168,1,5.243195882956887,0.9999999999999994,5.24319588295689,148,148,192,601,46,2.0,1.9730391014878192,0.0,1.0453154151833426,0.4778121559761608,0.9459790304641512,0.0,1.9730391014878192,1.0453154151833426,0.4778121559761608,0
c6,C_hard_rooms,7,grid_oracle,,,0.0,128,1,5.243195882956887,0.9999999999999994,5.24319588295689,108,108,192,601,46,2.0,4.742980423259716,0.014535503541842864,2.2610009040191077,1.3433172988787954,0.9868550443534168,0.0,4.933820343559642,2.2367398481631233,1.3544678764911704,0
c6,C_hard_rooms,7,grid_oracle,,,0.0,144,1,5.243195882956887,0.9999999999999994,5.24319588295689,108,108,192,601,46,2.0,4.742980423259716,0.014535503541842864,2.2610009040191077,1.3433172988787954,0.9868550443534168,0.0,4.933820343559642,2.2367398481631233,1.3544678764911704,0
c6,C_hard_rooms,7,grid_oracle,,,0.0,168,1,5.243195882956887,0.9999999999999994,5.24319588295689,108,108,192,601,46,2.0,4.742980423259716,0.014535503541842864,2.2610009040191077,1.3433172988787954,0.9868550443534168,0.0,4.933820343559642,2.2367398481631233,1.3544678764911704,0
c6,C_hard_rooms,7,unet,unet,,0.0,128,1,5.243195882956887,0.9999999999999994,5.24319588295689,72,72,192,601,46,2.0,5.847627207807851,0.13632235021732986,2.761577793169168,1.6727069429579409,0.9844135718742372,0.030396390706300735,2.3272299766540527,0.8402892041904124,0.613115487755815,0
c6,C_hard_rooms,7,unet,unet,,0.0,144,1,5.243195882956887,0.9999999999999994,5.24319588295689,72,72,192,601,46,2.0,5.847627207807851,0.13632235021732986,2.761577793169168,1.6727069429579409,0.9844135718742372,0.030396390706300735,2.3272299766540527,0.8402892041904124,0.613115487755815,0
c6,C_hard_rooms,7,unet,unet,,0.0,168,1,5.243195882956887,0.9999999999999994,5.24319588295689,72,72,192,601,46,2.0,5.847627207807851,0.13632235021732986,2.761577793169168,1.6727069429579409,0.9844135718742372,0.030396390706300735,2.3272299766540527,0.8402892041904124,0.613115487755815,0
c6,C_hard_rooms,7,onlstm,onlstm,,0.0,128,1,5.610425427027917,1.07003925702351,5.24319588295689,120,120,192,601,46,2.0,4.569264489317586,0.01292856467902279,2.4020584324731376,1.3873163764402,0.960753329897187,0.0014101151609793305,1.5085800886154175,0.6772645584700285,0.4734591282040124,0
c6,C_hard_rooms,7,onlstm,onlstm,,0.0,144,1,5.610425427027917,1.07003925702351,5.24319588295689,120,120,192,601,46,2.0,4.569264489317586,0.01292856467902279,2.4020584324731376,1.3873163764402,0.960753329897187,0.0014101151609793305,1.5085800886154175,0.6772645584700285,0.4734591282040124,0
c6,C_hard_rooms,7,onlstm,onlstm,,0.0,168,1,5.610425427027917,1.07003925702351,5.24319588295689,120,120,192,601,46,2.0,4.569264489317586,0.01292856467902279,2.4020584324731376,1.3873163764402,0.960753329897187,0.0014101151609793305,1.5085800886154175,0.6772645584700285,0.4734591282040124,0
c6,C_hard_rooms,7,hrm,hrm,,0.0,128,1,5.264762974278605,1.0041133483858231,5.24319588295689,80,80,192,601,46,2.0,5.668778146715535,0.001742604987703626,2.6637569377226895,1.7042498218276811,0.9716568781705235,0.0004238080873619765,2.1623239517211914,0.8046970382870953,0.6465405929441332,0
c6,C_hard_rooms,7,hrm,hrm,,0.0,144,1,5.264762974278605,1.0041133483858231,5.24319588295689,80,80,192,601,46,2.0,5.668778146715535,0.001742604987703626,2.6637569377226895,1.7042498218276811,0.9716568781705235,0.0004238080873619765,2.1623239517211914,0.8046970382870953,0.6465405929441332,0
c6,C_hard_rooms,7,hrm,hrm,,0.0,168,1,5.264762974278605,1.0041133483858231,5.24319588295689,80,80,192,601,46,2.0,5.668778146715535,0.001742604987703626,2.6637569377226895,1.7042498218276811,0.9716568781705235,0.0004238080873619765,2.1623239517211914,0.8046970382870953,0.6465405929441332,0
c6,C_hard_rooms,8,euclidean,,,0.0,128,0,nan,nan,6.236196919958746,128,128,192,571,53,2.0,2.00724889027026,0.0,1.0503526745805258,0.4742758558749765,0.9318083172829126,0.0,2.00724889027026,1.0503526745805258,0.4742758558749765,0
c6,C_hard_rooms,8,euclidean,,,0.0,144,0,nan,nan,6.236196919958746,144,144,192,571,53,2.0,2.00724889027026,0.0,1.0503526745805258,0.4742758558749765,0.9318083172829126,0.0,2.00724889027026,1.0503526745805258,0.4742758558749765,0
c6,C_hard_rooms,8,euclidean,,,0.0,168,1,6.236196919958744,0.9999999999999997,6.236196919958746,153,153,192,571,53,2.0,2.00724889027026,0.0,1.0503526745805258,0.4742758558749765,0.9318083172829126,0.0,2.00724889027026,1.0503526745805258,0.4742758558749765,0
c6,C_hard_rooms,8,grid_oracle,,,0.0,128,1,6.247009414607197,1.0017338282910608,6.236196919958746,120,120,192,571,53,2.0,6.1557111267905285,0.02258288869461732,2.689685267689376,1.7213672142086847,0.995250996934596,0.0,6.288293648263007,2.787389728409647,1.8399236290129068,0
c6,C_hard_rooms,8,grid_oracle,,,0.0,144,1,6.247009414607197,1.0017338282910608,6.236196919958746,120,120,192,571,53,2.0,6.1557111267905285,0.02258288869461732,2.689685267689376,1.7213672142086847,0.995250996934596,0.0,6.288293648263007,2.787389728409647,1.8399236290129068,0
c6,C_hard_rooms,8,grid_oracle,,,0.0,168,1,6.247009414607197,1.0017338282910608,6.236196919958746,120,120,192,571,53,2.0,6.1557111267905285,0.02258288869461732,2.689685267689376,1.7213672142086847,0.995250996934596,0.0,6.288293648263007,2.787389728409647,1.8399236290129068,0
c6,C_hard_rooms,8,unet,unet,,0.0,128,1,6.481025683795485,1.039259306109012,6.236196919958746,128,128,192,571,53,2.0,6.342153691937442,0.13909887708579505,2.8409705827936853,1.689526233456676,0.9886166345658249,0.03388635441660881,2.3571667671203613,0.9004835266177906,0.6411667039739055,0
c6,C_hard_rooms,8,unet,unet,,0.0,144,1,6.481025683795485,1.039259306109012,6.236196919958746,128,128,192,571,53,2.0,6.342153691937442,0.13909887708579505,2.8409705827936853,1.689526233456676,0.9886166345658249,0.03388635441660881,2.3571667671203613,0.9004835266177906,0.6411667039739055,0
c6,C_hard_rooms,8,unet,unet,,0.0,168,1,6.481025683795485,1.039259306109012,6.236196919958746,128,128,192,571,53,2.0,6.342153691937442,0.13909887708579505,2.8409705827936853,1.689526233456676,0.9886166345658249,0.03388635441660881,2.3571667671203613,0.9004835266177906,0.6411667039739055,0
c6,C_hard_rooms,8,onlstm,onlstm,,0.0,128,0,nan,nan,6.236196919958746,128,128,192,571,53,2.0,4.804283707631821,0.012707072451370698,2.5134969934933173,1.3381167471690614,0.9605583511922524,0.0030330605804920197,1.534868597984314,0.7401017595609574,0.4621835288303061,0
c6,C_hard_rooms,8,onlstm,onlstm,,0.0,144,1,6.385241949381037,1.0238999876583879,6.236196919958746,138,138,192,571,53,2.0,4.804283707631821,0.012707072451370698,2.5134969934933173,1.3381167471690614,0.9605583511922524,0.0030330605804920197,1.534868597984314,0.7401017595609574,0.4621835288303061,0
c6,C_hard_rooms,8,onlstm,onlstm,,0.0,168,1,6.385241949381037,1.0238999876583879,6.236196919958746,138,138,192,571,53,2.0,4.804283707631821,0.012707072451370698,2.5134969934933173,1.3381167471690614,0.9605583511922524,0.0030330605804920197,1.534868597984314,0.7401017595609574,0.4621835288303061,0
c6,C_hard_rooms,8,hrm,hrm,,0.0,128,1,6.343577247575878,1.0172188801917823,6.236196919958746,117,117,192,571,53,2.0,5.833335888854758,0.002999762183124637,2.6550849860711554,1.6587823213569937,0.9743933619076041,0.0007278915145434439,2.1187164783477783,0.8199465802075707,0.6385733134990786,0
c6,C_hard_rooms,8,hrm,hrm,,0.0,144,1,6.343577247575878,1.0172188801917823,6.236196919958746,117,117,192,571,53,2.0,5.833335888854758,0.002999762183124637,2.6550849860711554,1.6587823213569937,0.9743933619076041,0.0007278915145434439,2.1187164783477783,0.8199465802075707,0.6385733134990786,0
c6,C_hard_rooms,8,hrm,hrm,,0.0,168,1,6.343577247575878,1.0172188801917823,6.236196919958746,117,117,192,571,53,2.0,5.833335888854758,0.002999762183124637,2.6550849860711554,1.6587823213569937,0.9743933619076041,0.0007278915145434439,2.1187164783477783,0.8199465802075707,0.6385733134990786,0
c6,C_hard_rooms,9,euclidean,,,0.0,128,0,nan,nan,5.506120847479612,128,128,192,591,42,2.0,2.0939104247266265,0.0,1.0396331868393462,0.5167483551846499,0.8834061253831756,0.0,2.0939104247266265,1.0396331868393462,0.5167483551846499,0
c6,C_hard_rooms,9,euclidean,,,0.0,144,0,nan,nan,5.506120847479612,144,144,192,591,42,2.0,2.0939104247266265,0.0,1.0396331868393462,0.5167483551846499,0.8834061253831756,0.0,2.0939104247266265,1.0396331868393462,0.5167483551846499,0
c6,C_hard_rooms,9,euclidean,,,0.0,168,1,5.506120847479612,1.0,5.506120847479612,150,150,192,591,42,2.0,2.0939104247266265,0.0,1.0396331868393462,0.5167483551846499,0.8834061253831756,0.0,2.0939104247266265,1.0396331868393462,0.5167483551846499,0
c6,C_hard_rooms,9,grid_oracle,,,0.0,128,1,5.513924003306452,1.0014171784533956,5.506120847479612,104,104,192,591,42,2.0,6.0630559120027225,0.0013905503162008693,2.7680642189332034,1.823450704993731,0.9382477009467488,0.0,6.178458691207964,2.7933959522022778,1.7329761301823337,0
c6,C_hard_rooms,9,grid_oracle,,,0.0,144,1,5.513924003306452,1.0014171784533956,5.506120847479612,104,104,192,591,42,2.0,6.0630559120027225,0.0013905503162008693,2.7680642189332034,1.823450704993731,0.9382477009467488,0.0,6.178458691207964,2.7933959522022778,1.7329761301823337,0
c6,C_hard_rooms,9,grid_oracle,,,0.0,168,1,5.513924003306452,1.0014171784533956,5.506120847479612,104,104,192,591,42,2.0,6.0630559120027225,0.0013905503162008693,2.7680642189332034,1.823450704993731,0.9382477009467488,0.0,6.178458691207964,2.7933959522022778,1.7329761301823337,0
c6,C_hard_rooms,9,unet,unet,,0.0,128,1,5.532835155498373,1.0048517474931538,5.506120847479612,120,120,192,591,42,2.0,6.211429368252924,0.12503912373619655,2.7474969909323974,1.7540015640829991,0.9349194992268671,0.02706078626215458,2.287299633026123,0.8431816435759174,0.6023897098878628,0
c6,C_hard_rooms,9,unet,unet,,0.0,144,1,5.532835155498373,1.0048517474931538,5.506120847479612,120,120,192,591,42,2.0,6.211429368252924,0.12503912373619655,2.7474969909323974,1.7540015640829991,0.9349194992268671,0.02706078626215458,2.287299633026123,0.8431816435759174,0.6023897098878628,0
c6,C_hard_rooms,9,unet,unet,,0.0,168,1,5.532835155498373,1.0048517474931538,5.506120847479612,120,120,192,591,42,2.0,6.211429368252924,0.12503912373619655,2.7474969909323974,1.7540015640829991,0.9349194992268671,0.02706078626215458,2.287299633026123,0.8431816435759174,0.6023897098878628,0
c6,C_hard_rooms,9,onlstm,onlstm,,0.0,128,0,nan,nan,5.506120847479612,128,128,192,591,42,2.0,4.7390671799029604,0.01145434750706423,2.386378416385937,1.3952517118649197,0.9055201014567454,0.0035208542831242085,1.48292875289917,0.6708097114898806,0.44111479742696874,0
c6,C_hard_rooms,9,onlstm,onlstm,,0.0,144,1,5.675788613681296,1.0308143920014665,5.506120847479612,138,138,192,591,42,2.0,4.7390671799029604,0.01145434750706423,2.386378416385937,1.3952517118649197,0.9055201014567454,0.0035208542831242085,1.48292875289917,0.6708097114898806,0.44111479742696874,0
c6,C_hard_rooms,9,onlstm,onlstm,,0.0,168,1,5.675788613681296,1.0308143920014665,5.506120847479612,138,138,192,591,42,2.0,4.7390671799029604,0.01145434750706423,2.386378416385937,1.3952517118649197,0.9055201014567454,0.0035208542831242085,1.48292875289917,0.6708097114898806,0.44111479742696874,0
c6,C_hard_rooms,9,hrm,hrm,,0.0,128,1,5.547859497876469,1.0075804094303455,5.506120847479612,107,107,192,591,42,2.0,6.0386762365855535,0.00471014014682855,2.704098762782296,1.7987932647153064,0.9225493719990236,0.0006116033182479441,2.1222145557403564,0.8133950904144029,0.6287164450730254,0
c6,C_hard_rooms,9,hrm,hrm,,0.0,144,1,5.547859497876469,1.0075804094303455,5.506120847479612,107,107,192,591,42,2.0,6.0386762365855535,0.00471014014682855,2.704098762782296,1.7987932647153064,0.9225493719990236,0.0006116033182479441,2.1222145557403564,0.8133950904144029,0.6287164450730254,0
c6,C_hard_rooms,9,hrm,hrm,,0.0,168,1,5.547859497876469,1.0075804094303455,5.506120847479612,107,107,192,591,42,2.0,6.0386762365855535,0.00471014014682855,2.704098762782296,1.7987932647153064,0.9225493719990236,0.0006116033182479441,2.1222145557403564,0.8133950904144029,0.6287164450730254,0
c6,C_hard_rooms,10,euclidean,,,0.0,128,0,nan,nan,6.6984242192428045,128,128,192,572,39,2.0,1.933215103774335,0.0,0.9782414505949957,0.47152206034839067,0.8813274828418742,0.0,1.933215103774335,0.9782414505949957,0.47152206034839067,0
c6,C_hard_rooms,10,euclidean,,,0.0,144,0,nan,nan,6.6984242192428045,144,144,192,572,39,2.0,1.933215103774335,0.0,0.9782414505949957,0.47152206034839067,0.8813274828418742,0.0,1.933215103774335,0.9782414505949957,0.47152206034839067,0
c6,C_hard_rooms,10,euclidean,,,0.0,168,1,6.6984242192428045,1.0,6.6984242192428045,158,158,192,572,39,2.0,1.933215103774335,0.0,0.9782414505949957,0.47152206034839067,0.8813274828418742,0.0,1.933215103774335,0.9782414505949957,0.47152206034839067,0
c6,C_hard_rooms,10,grid_oracle,,,0.0,128,0,nan,nan,6.6984242192428045,128,128,192,572,39,2.0,5.9810514084177395,0.01145195012095155,2.888726231862092,1.8229274441682317,0.9569690475544586,0.0,6.04365530061469,2.812607781506779,1.8131135059226968,0
c6,C_hard_rooms,10,grid_oracle,,,0.0,144,0,nan,nan,6.6984242192428045,144,144,192,572,39,2.0,5.9810514084177395,0.01145195012095155,2.888726231862092,1.8229274441682317,0.9569690475544586,0.0,6.04365530061469,2.812607781506779,1.8131135059226968,0
c6,C_hard_rooms,10,grid_oracle,,,0.0,168,1,6.709858432243197,1.0017070004266893,6.6984242192428045,149,149,192,572,39,2.0,5.9810514084177395,0.01145195012095155,2.888726231862092,1.8229274441682317,0.9569690475544586,0.0,6.04365530061469,2.812607781506779,1.8131135059226968,0
c6,C_hard_rooms,10,unet,unet,,0.0,128,0,nan,nan,6.6984242192428045,128,128,192,572,39,2.0,6.005829899441561,0.10637283779856861,2.653162302214645,1.6480508334572497,0.94919702682907,0.02920030988752842,2.199657917022705,0.8213708929624772,0.5996377674145046,0
c6,C_hard_rooms,10,unet,unet,,0.0,144,0,nan,nan,6.6984242192428045,144,144,192,572,39,2.0,6.005829899441561,0.10637283779856861,2.653162302214645,1.6480508334572497,0.94919702682907,0.02920030988752842,2.199657917022705,0.8213708929624772,0.5996377674145046,0
c6,C_hard_rooms,10,unet,unet,,0.0,168,1,6.7073976571698255,1.001339634163695,6.6984242192428045,154,154,192,572,39,2.0,6.005829899441561,0.10637283779856861,2.653162302214645,1.6480508334572497,0.94919702682907,0.02920030988752842,2.199657917022705,0.8213708929624772,0.5996377674145046,0
c6,C_hard_rooms,10,onlstm,onlstm,,0.0,128,0,nan,nan,6.6984242192428045,128,128,192,572,39,2.0,4.831820952380176,0.008983410158339896,2.149429124595521,1.3612097295963603,0.9291532159618048,0.0012232775334268808,1.469084620475769,0.5899946874610862,0.4507966265905426,0
c6,C_hard_rooms,10,onlstm,onlstm,,0.0,144,0,nan,nan,6.6984242192428045,144,144,192,572,39,2.0,4.831820952380176,0.008983410158339896,2.149429124595521,1.3612097295963603,0.9291532159618048,0.0012232775334268808,1.469084620475769,0.5899946874610862,0.4507966265905426,0
c6,C_hard_rooms,10,onlstm,onlstm,,0.0,168,1,6.720964681700701,1.0033650395555933,6.6984242192428045,155,155,192,572,39,2.0,4.831820952380176,0.008983410158339896,2.149429124595521,1.3612097295963603,0.9291532159618048,0.0012232775334268808,1.469084620475769,0.5899946874610862,0.4507966265905426,0
c6,C_hard_rooms,10,hrm,hrm,,0.0,128,0,nan,nan,6.6984242192428045,128,128,192,572,39,2.0,6.159621736449322,0.0019298075502381196,2.665776561897621,1.7547675198849924,0.9421303203754443,0.00027238455368205905,2.1651415824890137,0.8239439335858023,0.6521240367807829,0
c6,C_hard_rooms,10,hrm,hrm,,0.0,144,0,nan,nan,6.6984242192428045,144,144,192,572,39,2.0,6.159621736449322,0.0019298075502381196,2.665776561897621,1.7547675198849924,0.9421303203754443,0.00027238455368205905,2.1651415824890137,0.8239439335858023,0.6521240367807829,0
c6,C_hard_rooms,10,hrm,hrm,,0.0,168,1,6.83320227350203,1.0201208597496771,6.6984242192428045,155,155,192,572,39,2.0,6.159621736449322,0.0019298075502381196,2.665776561897621,1.7547675198849924,0.9421303203754443,0.00027238455368205905,2.1651415824890137,0.8239439335858023,0.6521240367807829,0
c6,C_hard_rooms,11,euclidean,,,0.0,128,0,nan,nan,5.967407406173108,128,128,192,620,39,2.0,2.06229878757421,0.0,1.1035959198548047,0.4912866638459863,0.851104088110029,0.0,2.06229878757421,1.1035959198548047,0.4912866638459863,0
c6,C_hard_rooms,11,euclidean,,,0.0,144,1,5.967407406173109,1.0000000000000002,5.967407406173108,141,141,192,620,39,2.0,2.06229878757421,0.0,1.1035959198548047,0.4912866638459863,0.851104088110029,0.0,2.06229878757421,1.1035959198548047,0.4912866638459863,0
c6,C_hard_rooms,11,euclidean,,,0.0,168,1,5.967407406173109,1.0000000000000002,5.967407406173108,141,141,192,620,39,2.0,2.06229878757421,0.0,1.1035959198548047,0.4912866638459863,0.851104088110029,0.0,2.06229878757421,1.1035959198548047,0.4912866638459863,0
c6,C_hard_rooms,11,grid_oracle,,,0.0,128,1,5.973786152480549,1.0010689309231413,5.967407406173108,112,112,192,620,39,2.0,5.919623963904956,0.0011034714714104204,2.7737786053041646,1.7242058652705623,0.8760138892656595,0.0,6.082487822087165,2.761490928830123,1.7158953980787173,0
c6,C_hard_rooms,11,grid_oracle,,,0.0,144,1,5.973786152480549,1.0010689309231413,5.967407406173108,112,112,192,620,39,2.0,5.919623963904956,0.0011034714714104204,2.7737786053041646,1.7242058652705623,0.8760138892656595,0.0,6.082487822087165,2.761490928830123,1.7158953980787173,0
c6,C_hard_rooms,11,grid_oracle,,,0.0,168,1,5.973786152480549,1.0010689309231413,5.967407406173108,112,112,192,620,39,2.0,5.919623963904956,0.0011034714714104204,2.7737786053041646,1.7242058652705623,0.8760138892656595,0.0,6.082487822087165,2.761490928830123,1.7158953980787173,0
c6,C_hard_rooms,11,unet,unet,,0.0,128,1,6.09295938281035,1.0210396187308013,5.967407406173108,124,124,192,620,39,2.0,6.150050760475192,0.1095517849047689,2.7974829661147873,1.6909771260085078,0.8796828798524267,0.02497374266386032,2.1502039432525635,0.8367928592138014,0.6040333039762537,0
c6,C_hard_rooms,11,unet,unet,,0.0,144,1,6.09295938281035,1.0210396187308013,5.967407406173108,124,124,192,620,39,2.0,6.150050760475192,0.1095517849047689,2.7974829661147873,1.6909771260085078,0.8796828798524267,0.02497374266386032,2.1502039432525635,0.8367928592138014,0.6040333039762537,0
c6,C_hard_rooms,11,unet,unet,,0.0,168,1,6.09295938281035,1.0210396187308013,5.967407406173108,124,124,192,620,39,2.0,6.150050760475192,0.1095517849047689,2.7974829661147873,1.6909771260085078,0.8796828798524267,0.02497374266386032,2.1502039432525635,0.8367928592138014,0.6040333039762537,0
c6,C_hard_rooms,11,onlstm,onlstm,,0.0,128,1,5.9918829775896665,1.004101541884209,5.967407406173108,127,127,192,620,39,2.0,4.88725168451116,0.005366406991539414,2.5411648564533853,1.4051563996110528,0.8505937525432007,0.0009222403168678284,1.495322823524475,0.6980268722621048,0.4645245542419295,0
c6,C_hard_rooms,11,onlstm,onlstm,,0.0,144,1,5.9918829775896665,1.004101541884209,5.967407406173108,127,127,192,620,39,2.0,4.88725168451116,0.005366406991539414,2.5411648564533853,1.4051563996110528,0.8505937525432007,0.0009222403168678284,1.495322823524475,0.6980268722621048,0.4645245542419295,0
c6,C_hard_rooms,11,onlstm,onlstm,,0.0,168,1,5.9918829775896665,1.004101541884209,5.967407406173108,127,127,192,620,39,2.0,4.88725168451116,0.005366406991539414,2.5411648564533853,1.4051563996110528,0.8505937525432007,0.0009222403168678284,1.495322823524475,0.6980268722621048,0.4645245542419295,0
c6,C_hard_rooms,11,hrm,hrm,,0.0,128,1,5.990575715034226,1.0038824747975397,5.967407406173108,111,111,192,620,39,2.0,5.966758653044989,0.0019411883873529893,2.6660847359295547,1.6914355347520948,0.8498477470634513,0.0006045683403499424,2.0848467350006104,0.7519982704268102,0.5912369469462967,0
c6,C_hard_rooms,11,hrm,hrm,,0.0,144,1,5.990575715034226,1.0038824747975397,5.967407406173108,111,111,192,620,39,2.0,5.966758653044989,0.0019411883873529893,2.6660847359295547,1.6914355347520948,0.8498477470634513,0.0006045683403499424,2.0848467350006104,0.7519982704268102,0.5912369469462967,0
c6,C_hard_rooms,11,hrm,hrm,,0.0,168,1,5.990575715034226,1.0038824747975397,5.967407406173108,111,111,192,620,39,2.0,5.966758653044989,0.0019411883873529893,2.6660847359295547,1.6914355347520948,0.8498477470634513,0.0006045683403499424,2.0848467350006104,0.7519982704268102,0.5912369469462967,0
c6,C_hard_rooms,12,euclidean,,,0.0,128,0,nan,nan,5.808428612909316,128,128,192,552,46,2.0,1.8633385720712863,0.0,0.9861811167508744,0.48203911964929413,0.903887366736294,0.0,1.8633385720712863,0.9861811167508744,0.48203911964929413,0
c6,C_hard_rooms,12,euclidean,,,0.0,144,1,5.808428612909317,1.0000000000000002,5.808428612909316,138,138,192,552,46,2.0,1.8633385720712863,0.0,0.9861811167508744,0.48203911964929413,0.903887366736294,0.0,1.8633385720712863,0.9861811167508744,0.48203911964929413,0
c6,C_hard_rooms,12,euclidean,,,0.0,168,1,5.808428612909317,1.0000000000000002,5.808428612909316,138,138,192,552,46,2.0,1.8633385720712863,0.0,0.9861811167508744,0.48203911964929413,0.903887366736294,0.0,1.8633385720712863,0.9861811167508744,0.48203911964929413,0
c6,C_hard_rooms,12,grid_oracle,,,0.0,128,1,5.8198284168459615,1.0019626313236094,5.808428612909316,104,104,192,552,46,2.0,5.869417860065413,0.00959251215425103,2.5786793802983716,1.7257002311700007,0.9911666169329681,0.0,5.931599474438848,2.7119622209123646,1.7169552230305152,0
c6,C_hard_rooms,12,grid_oracle,,,0.0,144,1,5.8198284168459615,1.0019626313236094,5.808428612909316,104,104,192,552,46,2.0,5.869417860065413,0.00959251215425103,2.5786793802983716,1.7257002311700007,0.9911666169329681,0.0,5.931599474438848,2.7119622209123646,1.7169552230305152,0
c6,C_hard_rooms,12,grid_oracle,,,0.0,168,1,5.8198284168459615,1.0019626313236094,5.808428612909316,104,104,192,552,46,2.0,5.869417860065413,0.00959251215425103,2.5786793802983716,1.7257002311700007,0.9911666169329681,0.0,5.931599474438848,2.7119622209123646,1.7169552230305152,0
c6,C_hard_rooms,12,unet,unet,,0.0,128,1,5.852705034710051,1.0076227883221858,5.808428612909316,113,113,192,552,46,2.0,5.96312084730816,0.08939083708529671,2.5519284248789464,1.6439792714753871,0.988033393918021,0.02461557649075985,2.1469974517822266,0.8290591000463792,0.5852995231941949,0
c6,C_hard_rooms,12,unet,unet,,0.0,144,1,5.852705034710051,1.0076227883221858,5.808428612909316,113,113,192,552,46,2.0,5.96312084730816,0.08939083708529671,2.5519284248789464,1.6439792714753871,0.988033393918021,0.02461557649075985,2.1469974517822266,0.8290591000463792,0.5852995231941949,0
c6,C_hard_rooms,12,unet,unet,,0.0,168,1,5.852705034710051,1.0076227883221858,5.808428612909316,113,113,192,552,46,2.0,5.96312084730816,0.08939083708529671,2.5519284248789464,1.6439792714753871,0.988033393918021,0.02461557649075985,2.1469974517822266,0.8290591000463792,0.5852995231941949,0
c6,C_hard_rooms,12,onlstm,onlstm,,0.0,128,0,nan,nan,5.808428612909316,128,128,192,552,46,2.0,4.682528176572601,0.02452812778892862,2.2075230398790597,1.3751589377252293,0.9456636736022571,0.008303039707243443,1.450993299484253,0.6415912632464824,0.4518044399910692,0
c6,C_hard_rooms,12,onlstm,onlstm,,0.0,144,1,5.827857252546497,1.0033449046087957,5.808428612909316,142,142,192,552,46,2.0,4.682528176572601,0.02452812778892862,2.2075230398790597,1.3751589377252293,0.9456636736022571,0.008303039707243443,1.450993299484253,0.6415912632464824,0.4518044399910692,0
c6,C_hard_rooms,12,onlstm,onlstm,,0.0,168,1,5.827857252546497,1.0033449046087957,5.808428612909316,142,142,192,552,46,2.0,4.682528176572601,0.02452812778892862,2.2075230398790597,1.3751589377252293,0.9456636736022571,0.008303039707243443,1.450993299484253,0.6415912632464824,0.4518044399910692,0
c6,C_hard_rooms,12,hrm,hrm,,0.0,128,1,5.824252850130656,1.0027243577008367,5.808428612909316,104,104,192,552,46,2.0,6.1119790122013065,0.0009205806291411717,2.57035399326841,1.7763575326366317,0.9737151751078319,0.00017221244343090802,2.169874429702759,0.8500038020488887,0.6576007653147096,0
c6,C_hard_rooms,12,hrm,hrm,,0.0,144,1,5.824252850130656,1.0027243577008367,5.808428612909316,104,104,192,552,46,2.0,6.1119790122013065,0.0009205806291411717,2.57035399326841,1.7763575326366317,0.9737151751078319,0.00017221244343090802,2.169874429702759,0.8500038020488887,0.6576007653147096,0
c6,C_hard_rooms,12,hrm,hrm,,0.0,168,1,5.824252850130656,1.0027243577008367,5.808428612909316,104,104,192,552,46,2.0,6.1119790122013065,0.0009205806291411717,2.57035399326841,1.7763575326366317,0.9737151751078319,0.00017221244343090802,2.169874429702759,0.8500038020488887,0.6576007653147096,0
c6,C_hard_rooms,13,euclidean,,,0.0,128,0,nan,nan,6.38640113572646,128,128,192,566,50,2.0,2.098863123100277,0.0,1.0964395560533327,0.48094033870492575,0.8686674307571278,0.0,2.098863123100277,1.0964395560533327,0.48094033870492575,0
c6,C_hard_rooms,13,euclidean,,,0.0,144,0,nan,nan,6.38640113572646,144,144,192,566,50,2.0,2.098863123100277,0.0,1.0964395560533327,0.48094033870492575,0.8686674307571278,0.0,2.098863123100277,1.0964395560533327,0.48094033870492575,0
c6,C_hard_rooms,13,euclidean,,,0.0,168,1,6.3864011357264605,1.0000000000000002,6.38640113572646,155,155,192,566,50,2.0,2.098863123100277,0.0,1.0964395560533327,0.48094033870492575,0.8686674307571278,0.0,2.098863123100277,1.0964395560533327,0.48094033870492575,0
c6,C_hard_rooms,13,grid_oracle,,,0.0,128,1,6.3864011357264605,1.0000000000000002,6.38640113572646,112,112,192,566,50,2.0,6.2070832792797095,0.013297297447961045,3.0247952254723116,1.8008867832731144,0.8786655996527686,0.0,6.251681995911326,2.890681084607826,1.8282370394161982,0
c6,C_hard_rooms,13,grid_oracle,,,0.0,144,1,6.3864011357264605,1.0000000000000002,6.38640113572646,112,112,192,566,50,2.0,6.2070832792797095,0.013297297447961045,3.0247952254723116,1.8008867832731144,0.8786655996527686,0.0,6.251681995911326,2.890681084607826,1.8282370394161982,0
c6,C_hard_rooms,13,grid_oracle,,,0.0,168,1,6.3864011357264605,1.0000000000000002,6.38640113572646,112,112,192,566,50,2.0,6.2070832792797095,0.013297297447961045,3.0247952254723116,1.8008867832731144,0.8786655996527686,0.0,6.251681995911326,2.890681084607826,1.8282370394161982,0
c6,C_hard_rooms,13,unet,unet,,0.0,128,0,nan,nan,6.38640113572646,128,128,192,566,50,2.0,6.274918297188973,0.13945586088675374,2.9062544752803796,1.6911712877095857,0.8796184521064484,0.02829643152654171,2.3686654567718506,0.8532768243917417,0.6115980682272868,0
c6,C_hard_rooms,13,unet,unet,,0.0,144,1,6.498706758836159,1.0175851188678777,6.38640113572646,138,138,192,566,50,2.0,6.274918297188973,0.13945586088675374,2.9062544752803796,1.6911712877095857,0.8796184521064484,0.02829643152654171,2.3686654567718506,0.8532768243917417,0.6115980682272868,0
c6,C_hard_rooms,13,unet,unet,,0.0,168,1,6.498706758836159,1.0175851188678777,6.38640113572646,138,138,192,566,50,2.0,6.274918297188973,0.13945586088675374,2.9062544752803796,1.6911712877095857,0.8796184521064484,0.02829643152654171,2.3686654567718506,0.8532768243917417,0.6115980682272868,0
c6,C_hard_rooms,13,onlstm,onlstm,,0.0,128,0,nan,nan,6.38640113572646,128,128,192,566,50,2.0,5.074204348899199,0.009905011123855053,2.512158829245584,1.3669694553112528,0.8564515910262325,0.000948533823247999,1.5381501913070679,0.67671360180654,0.4660121065844295,0
c6,C_hard_rooms,13,onlstm,onlstm,,0.0,144,0,nan,nan,6.38640113572646,144,144,192,566,50,2.0,5.074204348899199,0.009905011123855053,2.512158829245584,1.3669694553112528,0.8564515910262325,0.000948533823247999,1.5381501913070679,0.67671360180654,0.4660121065844295,0
c6,C_hard_rooms,13,onlstm,onlstm,,0.0,168,1,6.50152559819,1.01802650037429,6.38640113572646,148,148,192,566,50,2.0,5.074204348899199,0.009905011123855053,2.512158829245584,1.3669694553112528,0.8564515910262325,0.000948533823247999,1.5381501913070679,0.67671360180654,0.4660121065844295,0
c6,C_hard_rooms,13,hrm,hrm,,0.0,128,0,nan,nan,6.38640113572646,128,128,192,566,50,2.0,6.3162779508908375,0.0028354075611277136,2.7930908060004445,1.7008071273036118,0.8644524997965441,0.0005090517224743962,2.1366403102874756,0.804702530819327,0.6226558230816096,0
c6,C_hard_rooms,13,hrm,hrm,,0.0,144,1,6.493849472242478,1.016824551767495,6.38640113572646,131,131,192,566,50,2.0,6.3162779508908375,0.0028354075611277136,2.7930908060004445,1.7008071273036118,0.8644524997965441,0.0005090517224743962,2.1366403102874756,0.804702530819327,0.6226558230816096,0
c6,C_hard_rooms,13,hrm,hrm,,0.0,168,1,6.493849472242478,1.016824551767495,6.38640113572646,131,131,192,566,50,2.0,6.3162779508908375,0.0028354075611277136,2.7930908060004445,1.7008071273036118,0.8644524997965441,0.0005090517224743962,2.1366403102874756,0.804702530819327,0.6226558230816096,0
c6,C_hard_rooms,14,euclidean,,,0.0,128,0,nan,nan,6.130292117201376,128,128,192,594,37,2.0,2.1227083299874105,0.0,1.1299994457692144,0.5226419847042345,0.9390852616444674,0.0,2.1227083299874105,1.1299994457692144,0.5226419847042345,0
c6,C_hard_rooms,14,euclidean,,,0.0,144,0,nan,nan,6.130292117201376,144,144,192,594,37,2.0,2.1227083299874105,0.0,1.1299994457692144,0.5226419847042345,0.9390852616444674,0.0,2.1227083299874105,1.1299994457692144,0.5226419847042345,0
c6,C_hard_rooms,14,euclidean,,,0.0,168,1,6.130292117201375,0.9999999999999999,6.130292117201376,151,151,192,594,37,2.0,2.1227083299874105,0.0,1.1299994457692144,0.5226419847042345,0.9390852616444674,0.0,2.1227083299874105,1.1299994457692144,0.5226419847042345,0
c6,C_hard_rooms,14,grid_oracle,,,0.0,128,1,6.135423851892684,1.0008371109554322,6.130292117201376,99,99,192,594,37,2.0,6.528155736854703,0.018537889961958275,2.9512951965703387,1.9406150788858005,0.9895016683395275,0.0,6.626681995911328,2.8904048792021886,1.9194779241131317,0
c6,C_hard_rooms,14,grid_oracle,,,0.0,144,1,6.135423851892684,1.0008371109554322,6.130292117201376,99,99,192,594,37,2.0,6.528155736854703,0.018537889961958275,2.9512951965703387,1.9406150788858005,0.9895016683395275,0.0,6.626681995911328,2.8904048792021886,1.9194779241131317,0
c6,C_hard_rooms,14,grid_oracle,,,0.0,168,1,6.135423851892684,1.0008371109554322,6.130292117201376,99,99,192,594,37,2.0,6.528155736854703,0.018537889961958275,2.9512951965703387,1.9406150788858005,0.9895016683395275,0.0,6.626681995911328,2.8904048792021886,1.9194779241131317,0
c6,C_hard_rooms,14,unet,unet,,0.0,128,1,6.183077329960339,1.0086105542362085,6.130292117201376,118,118,192,594,37,2.0,6.2590893119483715,0.10340103509473506,2.825714786947932,1.7848907908277858,0.9854155928709005,0.0322146937251091,2.327664613723755,0.8454439891693255,0.6092809620016099,0
c6,C_hard_rooms,14,unet,unet,,0.0,144,1,6.183077329960339,1.0086105542362085,6.130292117201376,118,118,192,594,37,2.0,6.2590893119483715,0.10340103509473506,2.825714786947932,1.7848907908277858,0.9854155928709005,0.0322146937251091,2.327664613723755,0.8454439891693255,0.6092809620016099,0
c6,C_hard_rooms,14,unet,unet,,0.0,168,1,6.183077329960339,1.0086105542362085,6.130292117201376,118,118,192,594,37,2.0,6.2590893119483715,0.10340103509473506,2.825714786947932,1.7848907908277858,0.9854155928709005,0.0322146937251091,2.327664613723755,0.8454439891693255,0.6092809620016099,0
c6,C_hard_rooms,14,onlstm,onlstm,,0.0,128,0,nan,nan,6.130292117201376,128,128,192,594,37,2.0,4.963204981658075,0.005167287835603345,2.5690290758736816,1.4403897184078864,0.9557822206548574,0.0010100483195856214,1.5674086809158325,0.7308578784089832,0.46191642678255246,0
c6,C_hard_rooms,14,onlstm,onlstm,,0.0,144,1,6.136629040217908,1.0010337065339434,6.130292117201376,136,136,192,594,37,2.0,4.963204981658075,0.005167287835603345,2.5690290758736816,1.4403897184078864,0.9557822206548574,0.0010100483195856214,1.5674086809158325,0.7308578784089832,0.46191642678255246,0
c6,C_hard_rooms,14,onlstm,onlstm,,0.0,168,1,6.136629040217908,1.0010337065339434,6.130292117201376,136,136,192,594,37,2.0,4.963204981658075,0.005167287835603345,2.5690290758736816,1.4403897184078864,0.9557822206548574,0.0010100483195856214,1.5674086809158325,0.7308578784089832,0.46191642678255246,0
c6,C_hard_rooms,14,hrm,hrm,,0.0,128,1,6.201347465399728,1.0115908584517488,6.130292117201376,107,107,192,594,37,2.0,6.258618640763352,0.0016467981178893637,2.773580407255564,1.8698533119008796,0.9754665925182433,0.0004518773639574647,2.1466944217681885,0.8192540569444304,0.6539202678500119,0
c6,C_hard_rooms,14,hrm,hrm,,0.0,144,1,6.201347465399728,1.0115908584517488,6.130292117201376,107,107,192,594,37,2.0,6.258618640763352,0.0016467981178893637,2.773580407255564,1.8698533119008796,0.9754665925182433,0.0004518773639574647,2.1466944217681885,0.8192540569444304,0.6539202678500119,0
c6,C_hard_rooms,14,hrm,hrm,,0.0,168,1,6.201347465399728,1.0115908584517488,6.130292117201376,107,107,192,594,37,2.0,6.258618640763352,0.0016467981178893637,2.773580407255564,1.8698533119008796,0.9754665925182433,0.0004518773639574647,2.1466944217681885,0.8192540569444304,0.6539202678500119,0
c6,C_hard_rooms,15,euclidean,,,0.0,128,0,nan,nan,6.349543749194753,128,128,192,616,36,2.0,1.902522358033188,0.0,1.0112526759334324,0.4516598155862502,0.9143382253207825,0.0,1.902522358033188,1.0112526759334324,0.4516598155862502,0
c6,C_hard_rooms,15,euclidean,,,0.0,144,1,6.349543749194752,0.9999999999999999,6.349543749194753,141,141,192,616,36,2.0,1.902522358033188,0.0,1.0112526759334324,0.4516598155862502,0.9143382253207825,0.0,1.902522358033188,1.0112526759334324,0.4516598155862502,0
c6,C_hard_rooms,15,euclidean,,,0.0,168,1,6.349543749194752,0.9999999999999999,6.349543749194753,141,141,192,616,36,2.0,1.902522358033188,0.0,1.0112526759334324,0.4516598155862502,0.9143382253207825,0.0,1.902522358033188,1.0112526759334324,0.4516598155862502,0
c6,C_hard_rooms,15,grid_oracle,,,0.0,128,1,6.366478372057587,1.0026670613719264,6.349543749194753,111,111,192,616,36,2.0,6.487923651067568,0.00648416911811874,2.7535113454198843,1.861900098653756,0.9981265089656297,0.0,6.613737822087168,2.8518771850787354,1.9188519075954338,0
c6,C_hard_rooms,15,grid_oracle,,,0.0,144,1,6.366478372057587,1.0026670613719264,6.349543749194753,111,111,192,616,36,2.0,6.487923651067568,0.00648416911811874,2.7535113454198843,1.861900098653756,0.9981265089656297,0.0,6.613737822087168,2.8518771850787354,1.9188519075954338,0
c6,C_hard_rooms,15,grid_oracle,,,0.0,168,1,6.366478372057587,1.0026670613719264,6.349543749194753,111,111,192,616,36,2.0,6.487923651067568,0.00648416911811874,2.7535113454198843,1.861900098653756,0.9981265089656297,0.0,6.613737822087168,2.8518771850787354,1.9188519075954338,0
c6,C_hard_rooms,15,unet,unet,,0.0,128,1,6.377044607081458,1.0043311549574239,6.349543749194753,126,126,192,616,36,2.0,6.0556878160494305,0.09194021985576828,2.5887695890726055,1.6367017166456022,0.9897186881154546,0.029903771355748177,2.2408907413482666,0.8362112572576734,0.6060431729733577,0
c6,C_hard_rooms,15,unet,unet,,0.0,144,1,6.377044607081458,1.0043311549574239,6.349543749194753,126,126,192,616,36,2.0,6.0556878160494305,0.09194021985576828,2.5887695890726055,1.6367017166456022,0.9897186881154546,0.029903771355748177,2.2408907413482666,0.8362112572576734,0.6060431729733577,0
c6,C_hard_rooms,15,unet,unet,,0.0,168,1,6.377044607081458,1.0043311549574239,6.349543749194753,126,126,192,616,36,2.0,6.0556878160494305,0.09194021985576828,2.5887695890726055,1.6367017166456022,0.9897186881154546,0.029903771355748177,2.2408907413482666,0.8362112572576734,0.6060431729733577,0
c6,C_hard_rooms,15,onlstm,onlstm,,0.0,128,0,nan,nan,6.349543749194753,128,128,192,616,36,2.0,4.613263921899857,0.004551971718761145,2.2418602086943964,1.3435436087873212,0.9668281881561458,0.0012846492463722825,1.4588003158569336,0.657906641155904,0.46403192184424447,0
c6,C_hard_rooms,15,onlstm,onlstm,,0.0,144,1,6.43289180152868,1.0131266206874308,6.349543749194753,131,131,192,616,36,2.0,4.613263921899857,0.004551971718761145,2.2418602086943964,1.3435436087873212,0.9668281881561458,0.0012846492463722825,1.4588003158569336,0.657906641155904,0.46403192184424447,0
c6,C_hard_rooms,15,onlstm,onlstm,,0.0,168,1,6.43289180152868,1.0131266206874308,6.349543749194753,131,131,192,616,36,2.0,4.613263921899857,0.004551971718761145,2.2418602086943964,1.3435436087873212,0.9668281881561458,0.0012846492463722825,1.4588003158569336,0.657906641155904,0.46403192184424447,0
c6,C_hard_rooms,15,hrm,hrm,,0.0,128,1,6.385367825706972,1.0056419922323965,6.349543749194753,128,128,192,616,36,2.0,5.900588504383424,0.0038123976381755297,2.533656741388499,1.7132795463263089,0.9851443181509917,0.00042991479858756065,2.115328311920166,0.8183787516195764,0.6337353030701016,0
c6,C_hard_rooms,15,hrm,hrm,,0.0,144,1,6.385367825706972,1.0056419922323965,6.349543749194753,128,128,192,616,36,2.0,5.900588504383424,0.0038123976381755297,2.533656741388499,1.7132795463263089,0.9851443181509917,0.00042991479858756065,2.115328311920166,0.8183787516195764,0.6337353030701016,0
c6,C_hard_rooms,15,hrm,hrm,,0.0,168,1,6.385367825706972,1.0056419922323965,6.349543749194753,128,128,192,616,36,2.0,5.900588504383424,0.0038123976381755297,2.533656741388499,1.7132795463263089,0.9851443181509917,0.00042991479858756065,2.115328311920166,0.8183787516195764,0.6337353030701016,0
c6,C_hard_rooms,16,euclidean,,,0.0,128,0,nan,nan,6.294912953264668,128,128,192,557,46,2.0,2.0360960393792786,0.0,1.0917656073292978,0.5040517426289941,0.8288561701435044,0.0,2.0360960393792786,1.0917656073292978,0.5040517426289941,0
c6,C_hard_rooms,16,euclidean,,,0.0,144,0,nan,nan,6.294912953264668,144,144,192,557,46,2.0,2.0360960393792786,0.0,1.0917656073292978,0.5040517426289941,0.8288561701435044,0.0,2.0360960393792786,1.0917656073292978,0.5040517426289941,0
c6,C_hard_rooms,16,euclidean,,,0.0,168,1,6.294912953264672,1.0000000000000007,6.294912953264668,149,149,192,557,46,2.0,2.0360960393792786,0.0,1.0917656073292978,0.5040517426289941,0.8288561701435044,0.0,2.0360960393792786,1.0917656073292978,0.5040517426289941,0
c6,C_hard_rooms,16,grid_oracle,,,0.0,128,1,6.294912953264672,1.0000000000000007,6.294912953264668,106,106,192,557,46,2.0,6.852401398712521,0.02349964088431556,3.2955807443887717,2.063833741251688,0.8667329029107779,0.0,6.913293648263011,3.2145501804338643,2.072592134623868,0
c6,C_hard_rooms,16,grid_oracle,,,0.0,144,1,6.294912953264672,1.0000000000000007,6.294912953264668,106,106,192,557,46,2.0,6.852401398712521,0.02349964088431556,3.2955807443887717,2.063833741251688,0.8667329029107779,0.0,6.913293648263011,3.2145501804338643,2.072592134623868,0
c6,C_hard_rooms,16,grid_oracle,,,0.0,168,1,6.294912953264672,1.0000000000000007,6.294912953264668,106,106,192,557,46,2.0,6.852401398712521,0.02349964088431556,3.2955807443887717,2.063833741251688,0.8667329029107779,0.0,6.913293648263011,3.2145501804338643,2.072592134623868,0
c6,C_hard_rooms,16,unet,unet,,0.0,128,0,nan,nan,6.294912953264668,128,128,192,557,46,2.0,6.165356250536785,0.10251979093313433,2.8972330366110803,1.7260568509248682,0.8659089059490548,0.027513910084962845,2.279362201690674,0.8625215815604861,0.6149899678354553,0
c6,C_hard_rooms,16,unet,unet,,0.0,144,1,6.319974568310374,1.003981248864245,6.294912953264668,133,133,192,557,46,2.0,6.165356250536785,0.10251979093313433,2.8972330366110803,1.7260568509248682,0.8659089059490548,0.027513910084962845,2.279362201690674,0.8625215815604861,0.6149899678354553,0
c6,C_hard_rooms,16,unet,unet,,0.0,168,1,6.319974568310374,1.003981248864245,6.294912953264668,133,133,192,557,46,2.0,6.165356250536785,0.10251979093313433,2.8972330366110803,1.7260568509248682,0.8659089059490548,0.027513910084962845,2.279362201690674,0.8625215815604861,0.6149899678354553,0
c6,C_hard_rooms,16,onlstm,onlstm,,0.0,128,0,nan,nan,6.294912953264668,128,128,192,557,46,2.0,4.609042479791977,0.016673757727530394,2.5061705807219408,1.3835755470124937,0.8230949732794403,0.0036896103993058205,1.5073469877243042,0.6929126612510004,0.4475587820615455,0
c6,C_hard_rooms,16,onlstm,onlstm,,0.0,144,1,6.314556455519204,1.0031205359629871,6.294912953264668,143,143,192,557,46,2.0,4.609042479791977,0.016673757727530394,2.5061705807219408,1.3835755470124937,0.8230949732794403,0.0036896103993058205,1.5073469877243042,0.6929126612510004,0.4475587820615455,0
c6,C_hard_rooms,16,onlstm,onlstm,,0.0,168,1,6.314556455519204,1.0031205359629871,6.294912953264668,143,143,192,557,46,2.0,4.609042479791977,0.016673757727530394,2.5061705807219408,1.3835755470124937,0.8230949732794403,0.0036896103993058205,1.5073469877243042,0.6929126612510004,0.4475587820615455,0
c6,C_hard_rooms,16,hrm,hrm,,0.0,128,1,6.294912953264672,1.0000000000000007,6.294912953264668,128,128,192,557,46,2.0,5.959277807562485,0.005655102470696371,2.832721793937651,1.7765543647923305,0.8477063722431709,0.0005454883212223649,2.147420644760132,0.8398537018552474,0.6469828700028349,0
c6,C_hard_rooms,16,hrm,hrm,,0.0,144,1,6.294912953264672,1.0000000000000007,6.294912953264668,128,128,192,557,46,2.0,5.959277807562485,0.005655102470696371,2.832721793937651,1.7765543647923305,0.8477063722431709,0.0005454883212223649,2.147420644760132,0.8398537018552474,0.6469828700028349,0
c6,C_hard_rooms,16,hrm,hrm,,0.0,168,1,6.294912953264672,1.0000000000000007,6.294912953264668,128,128,192,557,46,2.0,5.959277807562485,0.005655102470696371,2.832721793937651,1.7765543647923305,0.8477063722431709,0.0005454883212223649,2.147420644760132,0.8398537018552474,0.6469828700028349,0
c6,C_hard_rooms,17,euclidean,,,0.0,128,0,nan,nan,6.381665053761392,128,128,192,590,34,2.0,1.9658038886324287,0.0,1.030070884736756,0.46747271772254895,0.9191499606651657,0.0,1.9658038886324287,1.030070884736756,0.46747271772254895,0
c6,C_hard_rooms,17,euclidean,,,0.0,144,1,6.381665053761393,1.0000000000000002,6.381665053761392,143,143,192,590,34,2.0,1.9658038886324287,0.0,1.030070884736756,0.46747271772254895,0.9191499606651657,0.0,1.9658038886324287,1.030070884736756,0.46747271772254895,0
c6,C_hard_rooms,17,euclidean,,,0.0,168,1,6.381665053761393,1.0000000000000002,6.381665053761392,143,143,192,590,34,2.0,1.9658038886324287,0.0,1.030070884736756,0.46747271772254895,0.9191499606651657,0.0,1.9658038886324287,1.030070884736756,0.46747271772254895,0
c6,C_hard_rooms,17,grid_oracle,,,0.0,128,1,6.383753639966988,1.0003272791956335,6.381665053761392,92,92,192,590,34,2.0,7.056153870637736,0.021591673203648767,3.046379886426376,2.0575376174946842,0.9849154301060686,0.0,7.152570343559648,3.007953964676009,2.0484620589938984,0
c6,C_hard_rooms,17,grid_oracle,,,0.0,144,1,6.383753639966988,1.0003272791956335,6.381665053761392,92,92,192,590,34,2.0,7.056153870637736,0.021591673203648767,3.046379886426376,2.0575376174946842,0.9849154301060686,0.0,7.152570343559648,3.007953964676009,2.0484620589938984,0
c6,C_hard_rooms,17,grid_oracle,,,0.0,168,1,6.383753639966988,1.0003272791956335,6.381665053761392,92,92,192,590,34,2.0,7.056153870637736,0.021591673203648767,3.046379886426376,2.0575376174946842,0.9849154301060686,0.0,7.152570343559648,3.007953964676009,2.0484620589938984,0
c6,C_hard_rooms,17,unet,unet,,0.0,128,1,6.46365587581081,1.0128478729859212,6.381665053761392,125,125,192,590,34,2.0,6.289717985610494,0.08972646248495697,2.7519372778607227,1.7006111842133598,0.9844033990722407,0.030652834102511406,2.345763683319092,0.8473340012196786,0.6123239147512279,0
c6,C_hard_rooms,17,unet,unet,,0.0,144,1,6.46365587581081,1.0128478729859212,6.381665053761392,125,125,192,590,34,2.0,6.289717985610494,0.08972646248495697,2.7519372778607227,1.7006111842133598,0.9844033990722407,0.030652834102511406,2.345763683319092,0.8473340012196786,0.6123239147512279,0
c6,C_hard_rooms,17,unet,unet,,0.0,168,1,6.46365587581081,1.0128478729859212,6.381665053761392,125,125,192,590,34,2.0,6.289717985610494,0.08972646248495697,2.7519372778607227,1.7006111842133598,0.9844033990722407,0.030652834102511406,2.345763683319092,0.8473340012196786,0.6123239147512279,0
c6,C_hard_rooms,17,onlstm,onlstm,,0.0,128,0,nan,nan,6.381665053761392,128,128,192,590,34,2.0,4.6817365416265915,0.007996307710439576,2.3883867123085243,1.401316930167093,0.9655243740335839,0.002452362095937133,1.4365943670272827,0.673829761815341,0.46149667845331516,0
c6,C_hard_rooms,17,onlstm,onlstm,,0.0,144,1,6.441464431901886,1.009370497767702,6.381665053761392,133,133,192,590,34,2.0,4.6817365416265915,0.007996307710439576,2.3883867123085243,1.401316930167093,0.9655243740335839,0.002452362095937133,1.4365943670272827,0.673829761815341,0.46149667845331516,0
c6,C_hard_rooms,17,onlstm,onlstm,,0.0,168,1,6.441464431901886,1.009370497767702,6.381665053761392,133,133,192,590,34,2.0,4.6817365416265915,0.007996307710439576,2.3883867123085243,1.401316930167093,0.9655243740335839,0.002452362095937133,1.4365943670272827,0.673829761815341,0.46149667845331516,0
c6,C_hard_rooms,17,hrm,hrm,,0.0,128,1,6.409111455860323,1.004300821473348,6.381665053761392,118,118,192,590,34,2.0,5.998738959742868,0.0048666773217245374,2.663673208248283,1.7299506467095789,0.9741526055936849,0.0005531816277652979,2.110840320587158,0.7962919093771461,0.6283500684343825,0
c6,C_hard_rooms,17,hrm,hrm,,0.0,144,1,6.409111455860323,1.004300821473348,6.381665053761392,118,118,192,590,34,2.0,5.998738959742868,0.0048666773217245374,2.663673208248283,1.7299506467095789,0.9741526055936849,0.0005531816277652979,2.110840320587158,0.7962919093771461,0.6283500684343825,0
c6,C_hard_rooms,17,hrm,hrm,,0.0,168,1,6.409111455860323,1.004300821473348,6.381665053761392,118,118,192,590,34,2.0,5.998738959742868,0.0048666773217245374,2.663673208248283,1.7299506467095789,0.9741526055936849,0.0005531816277652979,2.110840320587158,0.7962919093771461,0.6283500684343825,0
c6,C_hard_rooms,18,euclidean,,,0.0,128,0,nan,nan,6.384822513849946,128,128,192,564,54,2.0,2.123090628569997,0.0,1.1097137110835258,0.49975988443516867,0.9208640778015899,0.0,2.123090628569997,1.1097137110835258,0.49975988443516867,0
c6,C_hard_rooms,18,euclidean,,,0.0,144,0,nan,nan,6.384822513849946,144,144,192,564,54,2.0,2.123090628569997,0.0,1.1097137110835258,0.49975988443516867,0.9208640778015899,0.0,2.123090628569997,1.1097137110835258,0.49975988443516867,0
c6,C_hard_rooms,18,euclidean,,,0.0,168,1,6.384822513849948,1.0000000000000002,6.384822513849946,150,150,192,564,54,2.0,2.123090628569997,0.0,1.1097137110835258,0.49975988443516867,0.9208640778015899,0.0,2.123090628569997,1.1097137110835258,0.49975988443516867,0
c6,C_hard_rooms,18,grid_oracle,,,0.0,128,1,6.396342666259497,1.0018043026857146,6.384822513849946,100,100,192,564,54,2.0,6.207471979370581,0.00978028286007333,2.778614580913454,1.7353780831381163,0.9422150937254158,0.0,6.319543648263005,2.8379277252489663,1.806205778439779,0
c6,C_hard_rooms,18,grid_oracle,,,0.0,144,1,6.396342666259497,1.0018043026857146,6.384822513849946,100,100,192,564,54,2.0,6.207471979370581,0.00978028286007333,2.778614580913454,1.7353780831381163,0.9422150937254158,0.0,6.319543648263005,2.8379277252489663,1.806205778439779,0
c6,C_hard_rooms,18,grid_oracle,,,0.0,168,1,6.396342666259497,1.0018043026857146,6.384822513849946,100,100,192,564,54,2.0,6.207471979370581,0.00978028286007333,2.778614580913454,1.7353780831381163,0.9422150937254158,0.0,6.319543648263005,2.8379277252489663,1.806205778439779,0
c6,C_hard_rooms,18,unet,unet,,0.0,128,1,6.578055108302932,1.030264364284806,6.384822513849946,121,121,192,564,54,2.0,6.232353912527026,0.1278580194846114,2.845486520355147,1.7052142014875153,0.9439936386078183,0.03947942331433296,2.327017068862915,0.8876204460984809,0.621252519123824,0
c6,C_hard_rooms,18,unet,unet,,0.0,144,1,6.578055108302932,1.030264364284806,6.384822513849946,121,121,192,564,54,2.0,6.232353912527026,0.1278580194846114,2.845486520355147,1.7052142014875153,0.9439936386078183,0.03947942331433296,2.327017068862915,0.8876204460984809,0.621252519123824,0
c6,C_hard_rooms,18,unet,unet,,0.0,168,1,6.578055108302932,1.030264364284806,6.384822513849946,121,121,192,564,54,2.0,6.232353912527026,0.1278580194846114,2.845486520355147,1.7052142014875153,0.9439936386078183,0.03947942331433296,2.327017068862915,0.8876204460984809,0.621252519123824,0
c6,C_hard_rooms,18,onlstm,onlstm,,0.0,128,0,nan,nan,6.384822513849946,128,128,192,564,54,2.0,5.098873973820602,0.044320464925894615,2.5390232338082637,1.4134006269029462,0.9261318937688198,0.006585028022527695,1.5869486331939697,0.7284944719443729,0.4659978430616807,0
c6,C_hard_rooms,18,onlstm,onlstm,,0.0,144,1,6.544866032264035,1.0250662439037141,6.384822513849946,133,133,192,564,54,2.0,5.098873973820602,0.044320464925894615,2.5390232338082637,1.4134006269029462,0.9261318937688198,0.006585028022527695,1.5869486331939697,0.7284944719443729,0.4659978430616807,0
c6,C_hard_rooms,18,onlstm,onlstm,,0.0,168,1,6.544866032264035,1.0250662439037141,6.384822513849946,133,133,192,564,54,2.0,5.098873973820602,0.044320464925894615,2.5390232338082637,1.4134006269029462,0.9261318937688198,0.006585028022527695,1.5869486331939697,0.7284944719443729,0.4659978430616807,0
c6,C_hard_rooms,18,hrm,hrm,,0.0,128,1,6.519947495899291,1.021163467231271,6.384822513849946,110,110,192,564,54,2.0,6.391022848286793,0.0004852152014103794,2.758603630114847,1.8047795257250698,0.9360588530504844,0.00016447568486910313,2.21856689453125,0.8425214225441664,0.6718840059684648,0
c6,C_hard_rooms,18,hrm,hrm,,0.0,144,1,6.519947495899291,1.021163467231271,6.384822513849946,110,110,192,564,54,2.0,6.391022848286793,0.0004852152014103794,2.758603630114847,1.8047795257250698,0.9360588530504844,0.00016447568486910313,2.21856689453125,0.8425214225441664,0.6718840059684648,0
c6,C_hard_rooms,18,hrm,hrm,,0.0,168,1,6.519947495899291,1.021163467231271,6.384822513849946,110,110,192,564,54,2.0,6.391022848286793,0.0004852152014103794,2.758603630114847,1.8047795257250698,0.9360588530504844,0.00016447568486910313,2.21856689453125,0.8425214225441664,0.6718840059684648,0
c6,C_hard_rooms,19,euclidean,,,0.0,128,0,nan,nan,6.524465783362381,128,128,192,553,46,2.0,2.0952572779265126,0.0,1.0854436158166711,0.5284534768631981,0.9341904484171121,0.0,2.0952572779265126,1.0854436158166711,0.5284534768631981,0
c6,C_hard_rooms,19,euclidean,,,0.0,144,0,nan,nan,6.524465783362381,144,144,192,553,46,2.0,2.0952572779265126,0.0,1.0854436158166711,0.5284534768631981,0.9341904484171121,0.0,2.0952572779265126,1.0854436158166711,0.5284534768631981,0
c6,C_hard_rooms,19,euclidean,,,0.0,168,1,6.524465783362381,1.0,6.524465783362381,145,145,192,553,46,2.0,2.0952572779265126,0.0,1.0854436158166711,0.5284534768631981,0.9341904484171121,0.0,2.0952572779265126,1.0854436158166711,0.5284534768631981,0
c6,C_hard_rooms,19,grid_oracle,,,0.0,128,1,6.524465783362381,1.0,6.524465783362381,127,127,192,553,46,2.0,6.0834838883806555,0.005360731417420298,2.8209364796090886,1.849773999960031,0.9544122833193177,0.0,6.144987822087166,2.836730020132266,1.7822764793073578,0
c6,C_hard_rooms,19,grid_oracle,,,0.0,144,1,6.524465783362381,1.0,6.524465783362381,127,127,192,553,46,2.0,6.0834838883806555,0.005360731417420298,2.8209364796090886,1.849773999960031,0.9544122833193177,0.0,6.144987822087166,2.836730020132266,1.7822764793073578,0
c6,C_hard_rooms,19,grid_oracle,,,0.0,168,1,6.524465783362381,1.0,6.524465783362381,127,127,192,553,46,2.0,6.0834838883806555,0.005360731417420298,2.8209364796090886,1.849773999960031,0.9544122833193177,0.0,6.144987822087166,2.836730020132266,1.7822764793073578,0
c6,C_hard_rooms,19,unet,unet,,0.0,128,0,nan,nan,6.524465783362381,128,128,192,553,46,2.0,6.281500644491134,0.12236416168019597,2.753798303545357,1.771182263421968,0.95151812115129,0.04209340363740921,2.2388978004455566,0.8465645729811513,0.6003938437633292,0
c6,C_hard_rooms,19,unet,unet,,0.0,144,1,6.585236955698086,1.009314352217261,6.524465783362381,137,137,192,553,46,2.0,6.281500644491134,0.12236416168019597,2.753798303545357,1.771182263421968,0.95151812115129,0.04209340363740921,2.2388978004455566,0.8465645729811513,0.6003938437633292,0
c6,C_hard_rooms,19,unet,unet,,0.0,168,1,6.585236955698086,1.009314352217261,6.524465783362381,137,137,192,553,46,2.0,6.281500644491134,0.12236416168019597,2.753798303545357,1.771182263421968,0.95151812115129,0.04209340363740921,2.2388978004455566,0.8465645729811513,0.6003938437633292,0
c6,C_hard_rooms,19,onlstm,onlstm,,0.0,128,0,nan,nan,6.524465783362381,128,128,192,553,46,2.0,4.966302520827806,0.03542802624125357,2.459507886053649,1.4762153919282188,0.931069093671161,0.005535868927836418,1.5943176746368408,0.6997857965949379,0.4764521226430381,0
c6,C_hard_rooms,19,onlstm,onlstm,,0.0,144,1,6.657030542465451,1.0203181016660574,6.524465783362381,143,143,192,553,46,2.0,4.966302520827806,0.03542802624125357,2.459507886053649,1.4762153919282188,0.931069093671161,0.005535868927836418,1.5943176746368408,0.6997857965949379,0.4764521226430381,0
c6,C_hard_rooms,19,onlstm,onlstm,,0.0,168,1,6.657030542465451,1.0203181016660574,6.524465783362381,143,143,192,553,46,2.0,4.966302520827806,0.03542802624125357,2.459507886053649,1.4762153919282188,0.931069093671161,0.005535868927836418,1.5943176746368408,0.6997857965949379,0.4764521226430381,0
c6,C_hard_rooms,19,hrm,hrm,,0.0,128,0,nan,nan,6.524465783362381,128,128,192,553,46,2.0,6.408868257419963,0.0003438502061851947,2.684465089401727,1.8670558715703292,0.9419692510104983,0.00014256213034968823,2.2316744327545166,0.8174274718256669,0.6632393641815687,0
c6,C_hard_rooms,19,hrm,hrm,,0.0,144,1,6.6930137366678215,1.0258332189794364,6.524465783362381,136,136,192,553,46,2.0,6.408868257419963,0.0003438502061851947,2.684465089401727,1.8670558715703292,0.9419692510104983,0.00014256213034968823,2.2316744327545166,0.8174274718256669,0.6632393641815687,0
c6,C_hard_rooms,19,hrm,hrm,,0.0,168,1,6.6930137366678215,1.0258332189794364,6.524465783362381,136,136,192,553,46,2.0,6.408868257419963,0.0003438502061851947,2.684465089401727,1.8670558715703292,0.9419692510104983,0.00014256213034968823,2.2316744327545166,0.8174274718256669,0.6632393641815687,0
c6,C_hard_rooms,20,euclidean,,,0.0,128,0,nan,nan,5.8746152717655225,128,128,192,581,37,2.0,2.0936831517556946,0.0,1.129586060289303,0.5180953659794945,0.8328116946531754,0.0,2.0936831517556946,1.129586060289303,0.5180953659794945,0
c6,C_hard_rooms,20,euclidean,,,0.0,144,1,5.874615271765521,0.9999999999999997,5.8746152717655225,135,135,192,581,37,2.0,2.0936831517556946,0.0,1.129586060289303,0.5180953659794945,0.8328116946531754,0.0,2.0936831517556946,1.129586060289303,0.5180953659794945,0
c6,C_hard_rooms,20,euclidean,,,0.0,168,1,5.874615271765521,0.9999999999999997,5.8746152717655225,135,135,192,581,37,2.0,2.0936831517556946,0.0,1.129586060289303,0.5180953659794945,0.8328116946531754,0.0,2.0936831517556946,1.129586060289303,0.5180953659794945,0
c6,C_hard_rooms,20,grid_oracle,,,0.0,128,1,5.874615271765521,0.9999999999999997,5.8746152717655225,99,99,192,581,37,2.0,5.815169896607614,0.014588447634890983,2.7036937908055734,1.6978694114642914,0.8691235113799747,0.0,5.915514517383803,2.726633772741976,1.6867893836439383,0
c6,C_hard_rooms,20,grid_oracle,,,0.0,144,1,5.874615271765521,0.9999999999999997,5.8746152717655225,99,99,192,581,37,2.0,5.815169896607614,0.014588447634890983,2.7036937908055734,1.6978694114642914,0.8691235113799747,0.0,5.915514517383803,2.726633772741976,1.6867893836439383,0
c6,C_hard_rooms,20,grid_oracle,,,0.0,168,1,5.874615271765521,0.9999999999999997,5.8746152717655225,99,99,192,581,37,2.0,5.815169896607614,0.014588447634890983,2.7036937908055734,1.6978694114642914,0.8691235113799747,0.0,5.915514517383803,2.726633772741976,1.6867893836439383,0
c6,C_hard_rooms,20,unet,unet,,0.0,128,1,6.063743877875558,1.0321942114267502,5.8746152717655225,104,104,192,581,37,2.0,6.092767712188351,0.11455682632693306,2.823172183123802,1.7188035885889885,0.8587082576024742,0.0320061519742012,2.3000590801239014,0.8389869210423058,0.6054074579885933,0
c6,C_hard_rooms,20,unet,unet,,0.0,144,1,6.063743877875558,1.0321942114267502,5.8746152717655225,104,104,192,581,37,2.0,6.092767712188351,0.11455682632693306,2.823172183123802,1.7188035885889885,0.8587082576024742,0.0320061519742012,2.3000590801239014,0.8389869210423058,0.6054074579885933,0
c6,C_hard_rooms,20,unet,unet,,0.0,168,1,6.063743877875558,1.0321942114267502,5.8746152717655225,104,104,192,581,37,2.0,6.092767712188351,0.11455682632693306,2.823172183123802,1.7188035885889885,0.8587082576024742,0.0320061519742012,2.3000590801239014,0.8389869210423058,0.6054074579885933,0
c6,C_hard_rooms,20,onlstm,onlstm,,0.0,128,1,5.87671477150741,1.000357385061789,5.8746152717655225,122,122,192,581,37,2.0,5.235187441277007,0.03108144801543429,2.572009758083141,1.4505745942363915,0.8421706724900307,0.00486712995916605,1.6182575225830078,0.7287726019909542,0.4832411630673015,0
c6,C_hard_rooms,20,onlstm,onlstm,,0.0,144,1,5.87671477150741,1.000357385061789,5.8746152717655225,122,122,192,581,37,2.0,5.235187441277007,0.03108144801543429,2.572009758083141,1.4505745942363915,0.8421706724900307,0.00486712995916605,1.6182575225830078,0.7287726019909542,0.4832411630673015,0
c6,C_hard_rooms,20,onlstm,onlstm,,0.0,168,1,5.87671477150741,1.000357385061789,5.8746152717655225,122,122,192,581,37,2.0,5.235187441277007,0.03108144801543429,2.572009758083141,1.4505745942363915,0.8421706724900307,0.00486712995916605,1.6182575225830078,0.7287726019909542,0.4832411630673015,0
c6,C_hard_rooms,20,hrm,hrm,,0.0,128,1,6.011548844781025,1.023309368644723,5.8746152717655225,114,114,192,581,37,2.0,6.23803526401105,0.00028623838106704887,2.7226252397127744,1.816090427920102,0.8534540053712396,0.00011341521167196333,2.1937406063079834,0.8095312124062044,0.6574605266205827,0
c6,C_hard_rooms,20,hrm,hrm,,0.0,144,1,6.011548844781025,1.023309368644723,5.8746152717655225,114,114,192,581,37,2.0,6.23803526401105,0.00028623838106704887,2.7226252397127744,1.816090427920102,0.8534540053712396,0.00011341521167196333,2.1937406063079834,0.8095312124062044,0.6574605266205827,0
c6,C_hard_rooms,20,hrm,hrm,,0.0,168,1,6.011548844781025,1.023309368644723,5.8746152717655225,114,114,192,581,37,2.0,6.23803526401105,0.00028623838106704887,2.7226252397127744,1.816090427920102,0.8534540053712396,0.00011341521167196333,2.1937406063079834,0.8095312124062044,0.6574605266205827,0
c6,C_hard_rooms,21,euclidean,,,0.0,128,0,nan,nan,5.473782902219071,128,128,192,550,47,2.0,2.014692286030977,0.0,0.9610540005311474,0.4689666840079396,0.9038822803352956,0.0,2.014692286030977,0.9610540005311474,0.4689666840079396,0
c6,C_hard_rooms,21,euclidean,,,0.0,144,1,5.473782902219072,1.0000000000000002,5.473782902219071,132,132,192,550,47,2.0,2.014692286030977,0.0,0.9610540005311474,0.4689666840079396,0.9038822803352956,0.0,2.014692286030977,0.9610540005311474,0.4689666840079396,0
c6,C_hard_rooms,21,euclidean,,,0.0,168,1,5.473782902219072,1.0000000000000002,5.473782902219071,132,132,192,550,47,2.0,2.014692286030977,0.0,0.9610540005311474,0.4689666840079396,0.9038822803352956,0.0,2.014692286030977,0.9610540005311474,0.4689666840079396,0
c6,C_hard_rooms,21,grid_oracle,,,0.0,128,1,5.473782902219072,1.0000000000000002,5.473782902219071,94,94,192,550,47,2.0,7.805478845668812,0.010528464969737137,2.524097023301598,1.724011555187295,0.9653921276076284,0.0,5.850793648263007,2.6207056913165063,1.6921687153308218,0
c6,C_hard_rooms,21,grid_oracle,,,0.0,144,1,5.473782902219072,1.0000000000000002,5.473782902219071,94,94,192,550,47,2.0,7.805478845668812,0.010528464969737137,2.524097023301598,1.724011555187295,0.9653921276076284,0.0,5.850793648263007,2.6207056913165063,1.6921687153308218,0
c6,C_hard_rooms,21,grid_oracle,,,0.0,168,1,5.473782902219072,1.0000000000000002,5.473782902219071,94,94,192,550,47,2.0,7.805478845668812,0.010528464969737137,2.524097023301598,1.724011555187295,0.9653921276076284,0.0,5.850793648263007,2.6207056913165063,1.6921687153308218,0
c6,C_hard_rooms,21,unet,unet,,0.0,128,1,5.542683082601377,1.01258730600265,5.473782902219071,100,100,192,550,47,2.0,6.007770089126253,0.11586623391840037,2.524249364909849,1.657903520462675,0.9594359520386297,0.03289761766791344,2.3458526134490967,0.8129098880053789,0.5977257749847428,0
c6,C_hard_rooms,21,unet,unet,,0.0,144,1,5.542683082601377,1.01258730600265,5.473782902219071,100,100,192,550,47,2.0,6.007770089126253,0.11586623391840037,2.524249364909849,1.657903520462675,0.9594359520386297,0.03289761766791344,2.3458526134490967,0.8129098880053789,0.5977257749847428,0
c6,C_hard_rooms,21,unet,unet,,0.0,168,1,5.542683082601377,1.01258730600265,5.473782902219071,100,100,192,550,47,2.0,6.007770089126253,0.11586623391840037,2.524249364909849,1.657903520462675,0.9594359520386297,0.03289761766791344,2.3458526134490967,0.8129098880053789,0.5977257749847428,0
c6,C_hard_rooms,21,onlstm,onlstm,,0.0,128,1,5.665695017951403,1.035060235153742,5.473782902219071,123,123,192,550,47,2.0,4.7827065219400975,0.013809443818197842,2.126978195963932,1.3355146516681817,0.9252926376041017,0.0031877239234745502,1.501824140548706,0.6050030278472605,0.4444022937772527,0
c6,C_hard_rooms,21,onlstm,onlstm,,0.0,144,1,5.665695017951403,1.035060235153742,5.473782902219071,123,123,192,550,47,2.0,4.7827065219400975,0.013809443818197842,2.126978195963932,1.3355146516681817,0.9252926376041017,0.0031877239234745502,1.501824140548706,0.6050030278472605,0.4444022937772527,0
c6,C_hard_rooms,21,onlstm,onlstm,,0.0,168,1,5.665695017951403,1.035060235153742,5.473782902219071,123,123,192,550,47,2.0,4.7827065219400975,0.013809443818197842,2.126978195963932,1.3355146516681817,0.9252926376041017,0.0031877239234745502,1.501824140548706,0.6050030278472605,0.4444022937772527,0
c6,C_hard_rooms,21,hrm,hrm,,0.0,128,1,5.5029348291709965,1.0053257367843558,5.473782902219071,83,83,192,550,47,2.0,6.206278001002946,0.0004239199278189931,2.5856490770477074,1.7815922456728517,0.9454534356943277,0.00017089179891627282,2.2033755779266357,0.8455133332781593,0.6596175720770324,0
c6,C_hard_rooms,21,hrm,hrm,,0.0,144,1,5.5029348291709965,1.0053257367843558,5.473782902219071,83,83,192,550,47,2.0,6.206278001002946,0.0004239199278189931,2.5856490770477074,1.7815922456728517,0.9454534356943277,0.00017089179891627282,2.2033755779266357,0.8455133332781593,0.6596175720770324,0
c6,C_hard_rooms,21,hrm,hrm,,0.0,168,1,5.5029348291709965,1.0053257367843558,5.473782902219071,83,83,192,550,47,2.0,6.206278001002946,0.0004239199278189931,2.5856490770477074,1.7815922456728517,0.9454534356943277,0.00017089179891627282,2.2033755779266357,0.8455133332781593,0.6596175720770324,0
c6,C_hard_rooms,22,euclidean,,,0.0,128,0,nan,nan,5.844142467163266,128,128,192,570,52,2.0,1.9854340989634083,0.0,1.0150377239310726,0.49305246276382786,0.9055692699997288,0.0,1.9854340989634083,1.0150377239310726,0.49305246276382786,0
c6,C_hard_rooms,22,euclidean,,,0.0,144,1,5.844142467163268,1.0000000000000002,5.844142467163266,137,137,192,570,52,2.0,1.9854340989634083,0.0,1.0150377239310726,0.49305246276382786,0.9055692699997288,0.0,1.9854340989634083,1.0150377239310726,0.49305246276382786,0
c6,C_hard_rooms,22,euclidean,,,0.0,168,1,5.844142467163268,1.0000000000000002,5.844142467163266,137,137,192,570,52,2.0,1.9854340989634083,0.0,1.0150377239310726,0.49305246276382786,0.9055692699997288,0.0,1.9854340989634083,1.0150377239310726,0.49305246276382786,0
c6,C_hard_rooms,22,grid_oracle,,,0.0,128,1,5.858623989155893,1.0024779549906586,5.844142467163266,101,101,192,570,52,2.0,5.600793648263005,0.0,2.5644871197886103,1.6734027654007633,0.9859971380517051,0.0,5.652570343559644,2.6350100455844783,1.5807226519560464,0
c6,C_hard_rooms,22,grid_oracle,,,0.0,144,1,5.858623989155893,1.0024779549906586,5.844142467163266,101,101,192,570,52,2.0,5.600793648263005,0.0,2.5644871197886103,1.6734027654007633,0.9859971380517051,0.0,5.652570343559644,2.6350100455844783,1.5807226519560464,0
c6,C_hard_rooms,22,grid_oracle,,,0.0,168,1,5.858623989155893,1.0024779549906586,5.844142467163266,101,101,192,570,52,2.0,5.600793648263005,0.0,2.5644871197886103,1.6734027654007633,0.9859971380517051,0.0,5.652570343559644,2.6350100455844783,1.5807226519560464,0
c6,C_hard_rooms,22,unet,unet,,0.0,128,1,5.919751178880639,1.012937520285003,5.844142467163266,118,118,192,570,52,2.0,6.411750821729585,0.19943400144725953,2.6453960859220818,1.761382983782123,0.9797815560317935,0.02784271538257599,2.2542665004730225,0.829059977392717,0.604249199137553,0
c6,C_hard_rooms,22,unet,unet,,0.0,144,1,5.919751178880639,1.012937520285003,5.844142467163266,118,118,192,570,52,2.0,6.411750821729585,0.19943400144725953,2.6453960859220818,1.761382983782123,0.9797815560317935,0.02784271538257599,2.2542665004730225,0.829059977392717,0.604249199137553,0
c6,C_hard_rooms,22,unet,unet,,0.0,168,1,5.919751178880639,1.012937520285003,5.844142467163266,118,118,192,570,52,2.0,6.411750821729585,0.19943400144725953,2.6453960859220818,1.761382983782123,0.9797815560317935,0.02784271538257599,2.2542665004730225,0.829059977392717,0.604249199137553,0
c6,C_hard_rooms,22,onlstm,onlstm,,0.0,128,1,5.970804888078997,1.0216733971882812,5.844142467163266,123,123,192,570,52,2.0,4.813811882416751,0.0067246971637457235,2.2596206192645387,1.413458181094636,0.9519267286981528,0.0015519915614277124,1.488918423652649,0.6533513541990885,0.4622478394748112,0
c6,C_hard_rooms,22,onlstm,onlstm,,0.0,144,1,5.970804888078997,1.0216733971882812,5.844142467163266,123,123,192,570,52,2.0,4.813811882416751,0.0067246971637457235,2.2596206192645387,1.413458181094636,0.9519267286981528,0.0015519915614277124,1.488918423652649,0.6533513541990885,0.4622478394748112,0
c6,C_hard_rooms,22,onlstm,onlstm,,0.0,168,1,5.970804888078997,1.0216733971882812,5.844142467163266,123,123,192,570,52,2.0,4.813811882416751,0.0067246971637457235,2.2596206192645387,1.413458181094636,0.9519267286981528,0.0015519915614277124,1.488918423652649,0.6533513541990885,0.4622478394748112,0
c6,C_hard_rooms,22,hrm,hrm,,0.0,128,1,5.926505943294924,1.014093338174837,5.844142467163266,115,115,192,570,52,2.0,5.6196314505534275,0.004577604362476911,2.391845344614638,1.6391086483996145,0.9706362070368665,0.0005569307249970734,2.0565907955169678,0.7026046402450987,0.557166445954369,0
c6,C_hard_rooms,22,hrm,hrm,,0.0,144,1,5.926505943294924,1.014093338174837,5.844142467163266,115,115,192,570,52,2.0,5.6196314505534275,0.004577604362476911,2.391845344614638,1.6391086483996145,0.9706362070368665,0.0005569307249970734,2.0565907955169678,0.7026046402450987,0.557166445954369,0
c6,C_hard_rooms,22,hrm,hrm,,0.0,168,1,5.926505943294924,1.014093338174837,5.844142467163266,115,115,192,570,52,2.0,5.6196314505534275,0.004577604362476911,2.391845344614638,1.6391086483996145,0.9706362070368665,0.0005569307249970734,2.0565907955169678,0.7026046402450987,0.557166445954369,0
c6,C_hard_rooms,23,euclidean,,,0.0,128,0,nan,nan,6.1623188964793325,128,128,192,564,50,2.0,2.054085652714144,0.0,1.0975425208248022,0.4877951669847477,0.8317520277785314,0.0,2.054085652714144,1.0975425208248022,0.4877951669847477,0
c6,C_hard_rooms,23,euclidean,,,0.0,144,0,nan,nan,6.1623188964793325,144,144,192,564,50,2.0,2.054085652714144,0.0,1.0975425208248022,0.4877951669847477,0.8317520277785314,0.0,2.054085652714144,1.0975425208248022,0.4877951669847477,0
c6,C_hard_rooms,23,euclidean,,,0.0,168,1,6.162318896479332,0.9999999999999999,6.1623188964793325,154,154,192,564,50,2.0,2.054085652714144,0.0,1.0975425208248022,0.4877951669847477,0.8317520277785314,0.0,2.054085652714144,1.0975425208248022,0.4877951669847477,0
c6,C_hard_rooms,23,grid_oracle,,,0.0,128,0,nan,nan,6.1623188964793325,128,128,192,564,50,2.0,6.260025032059766,0.0056802795943741895,2.8339273249268095,1.7951548187416655,0.8250244147247919,0.0,6.335628605318051,3.0544261940311364,1.8426223814983616,0
c6,C_hard_rooms,23,grid_oracle,,,0.0,144,1,6.162775916629044,1.0000741636642616,6.1623188964793325,129,129,192,564,50,2.0,6.260025032059766,0.0056802795943741895,2.8339273249268095,1.7951548187416655,0.8250244147247919,0.0,6.335628605318051,3.0544261940311364,1.8426223814983616,0
c6,C_hard_rooms,23,grid_oracle,,,0.0,168,1,6.162775916629044,1.0000741636642616,6.1623188964793325,129,129,192,564,50,2.0,6.260025032059766,0.0056802795943741895,2.8339273249268095,1.7951548187416655,0.8250244147247919,0.0,6.335628605318051,3.0544261940311364,1.8426223814983616,0
c6,C_hard_rooms,23,unet,unet,,0.0,128,0,nan,nan,6.1623188964793325,128,128,192,564,50,2.0,6.381427262600465,0.10921300287670772,2.7728035295871094,1.7523083029282986,0.8411635650923691,0.03177788108587265,2.233659029006958,0.8885318304155589,0.6392276634294645,0
c6,C_hard_rooms,23,unet,unet,,0.0,144,1,6.23504679623485,1.0118020344252339,6.1623188964793325,138,138,192,564,50,2.0,6.381427262600465,0.10921300287670772,2.7728035295871094,1.7523083029282986,0.8411635650923691,0.03177788108587265,2.233659029006958,0.8885318304155589,0.6392276634294645,0
c6,C_hard_rooms,23,unet,unet,,0.0,168,1,6.23504679623485,1.0118020344252339,6.1623188964793325,138,138,192,564,50,2.0,6.381427262600465,0.10921300287670772,2.7728035295871094,1.7523083029282986,0.8411635650923691,0.03177788108587265,2.233659029006958,0.8885318304155589,0.6392276634294645,0
c6,C_hard_rooms,23,onlstm,onlstm,,0.0,128,0,nan,nan,6.1623188964793325,128,128,192,564,50,2.0,5.099174342306105,0.007158093701421996,2.528982896618165,1.4136050663226982,0.8173541220193692,0.0017091826302930713,1.5487494468688965,0.7529126398134451,0.4684757571483421,0
c6,C_hard_rooms,23,onlstm,onlstm,,0.0,144,1,6.232865262127409,1.0114480225436533,6.1623188964793325,142,142,192,564,50,2.0,5.099174342306105,0.007158093701421996,2.528982896618165,1.4136050663226982,0.8173541220193692,0.0017091826302930713,1.5487494468688965,0.7529126398134451,0.4684757571483421,0
c6,C_hard_rooms,23,onlstm,onlstm,,0.0,168,1,6.232865262127409,1.0114480225436533,6.1623188964793325,142,142,192,564,50,2.0,5.099174342306105,0.007158093701421996,2.528982896618165,1.4136050663226982,0.8173541220193692,0.0017091826302930713,1.5487494468688965,0.7529126398134451,0.4684757571483421,0
c6,C_hard_rooms,23,hrm,hrm,,0.0,128,0,nan,nan,6.1623188964793325,128,128,192,564,50,2.0,6.271871192484548,0.0015914997974987907,2.5888539053751214,1.7497630053679745,0.819220831185742,0.0005363910458981991,2.154325246810913,0.7899430580136197,0.6407620023119385,0
c6,C_hard_rooms,23,hrm,hrm,,0.0,144,1,6.170450479248363,1.0013195653950457,6.1623188964793325,140,140,192,564,50,2.0,6.271871192484548,0.0015914997974987907,2.5888539053751214,1.7497630053679745,0.819220831185742,0.0005363910458981991,2.154325246810913,0.7899430580136197,0.6407620023119385,0
c6,C_hard_rooms,23,hrm,hrm,,0.0,168,1,6.170450479248363,1.0013195653950457,6.1623188964793325,140,140,192,564,50,2.0,6.271871192484548,0.0015914997974987907,2.5888539053751214,1.7497630053679745,0.819220831185742,0.0005363910458981991,2.154325246810913,0.7899430580136197,0.6407620023119385,0
c6,C_hard_rooms,24,euclidean,,,0.0,128,0,nan,nan,6.126243127498798,128,128,192,564,48,2.0,2.007645083447088,0.0,0.9796426291916992,0.4844385709841724,0.907914100859941,0.0,2.007645083447088,0.9796426291916992,0.4844385709841724,0
c6,C_hard_rooms,24,euclidean,,,0.0,144,0,nan,nan,6.126243127498798,144,144,192,564,48,2.0,2.007645083447088,0.0,0.9796426291916992,0.4844385709841724,0.907914100859941,0.0,2.007645083447088,0.9796426291916992,0.4844385709841724,0
c6,C_hard_rooms,24,euclidean,,,0.0,168,1,6.1262431274988,1.0000000000000002,6.126243127498798,146,146,192,564,48,2.0,2.007645083447088,0.0,0.9796426291916992,0.4844385709841724,0.907914100859941,0.0,2.007645083447088,0.9796426291916992,0.4844385709841724,0
c6,C_hard_rooms,24,grid_oracle,,,0.0,128,1,6.1262431274988,1.0000000000000002,6.126243127498798,113,113,192,564,48,2.0,5.930583598459473,0.012896556866993255,2.6723571945874607,1.7769128449498768,0.9257232862219571,0.0,5.936961126790529,2.7872713264396354,1.74114212763077,0
c6,C_hard_rooms,24,grid_oracle,,,0.0,144,1,6.1262431274988,1.0000000000000002,6.126243127498798,113,113,192,564,48,2.0,5.930583598459473,0.012896556866993255,2.6723571945874607,1.7769128449498768,0.9257232862219571,0.0,5.936961126790529,2.7872713264396354,1.74114212763077,0
c6,C_hard_rooms,24,grid_oracle,,,0.0,168,1,6.1262431274988,1.0000000000000002,6.126243127498798,113,113,192,564,48,2.0,5.930583598459473,0.012896556866993255,2.6723571945874607,1.7769128449498768,0.9257232862219571,0.0,5.936961126790529,2.7872713264396354,1.74114212763077,0
c6,C_hard_rooms,24,unet,unet,,0.0,128,0,nan,nan,6.126243127498798,128,128,192,564,48,2.0,6.172596687189178,0.12428289987323227,2.6945824684487225,1.7607563027793292,0.9266897024116324,0.038189489394426346,2.234571695327759,0.87183449087388,0.6339769680251687,0
c6,C_hard_rooms,24,unet,unet,,0.0,144,1,6.222061096423934,1.015640575623752,6.126243127498798,131,131,192,564,48,2.0,6.172596687189178,0.12428289987323227,2.6945824684487225,1.7607563027793292,0.9266897024116324,0.038189489394426346,2.234571695327759,0.87183449087388,0.6339769680251687,0
c6,C_hard_rooms,24,unet,unet,,0.0,168,1,6.222061096423934,1.015640575623752,6.126243127498798,131,131,192,564,48,2.0,6.172596687189178,0.12428289987323227,2.6945824684487225,1.7607563027793292,0.9266897024116324,0.038189489394426346,2.234571695327759,0.87183449087388,0.6339769680251687,0
c6,C_hard_rooms,24,onlstm,onlstm,,0.0,128,0,nan,nan,6.126243127498798,128,128,192,564,48,2.0,4.6414418876588845,0.019060017561055177,2.1969500260960824,1.398999822857475,0.928583539049996,0.002938020508736372,1.478834629058838,0.6203716866534137,0.4528111675279048,0
c6,C_hard_rooms,24,onlstm,onlstm,,0.0,144,1,6.140185198260616,1.0022757945565752,6.126243127498798,140,140,192,564,48,2.0,4.6414418876588845,0.019060017561055177,2.1969500260960824,1.398999822857475,0.928583539049996,0.002938020508736372,1.478834629058838,0.6203716866534137,0.4528111675279048,0
c6,C_hard_rooms,24,onlstm,onlstm,,0.0,168,1,6.140185198260616,1.0022757945565752,6.126243127498798,140,140,192,564,48,2.0,4.6414418876588845,0.019060017561055177,2.1969500260960824,1.398999822857475,0.928583539049996,0.002938020508736372,1.478834629058838,0.6203716866534137,0.4528111675279048,0
c6,C_hard_rooms,24,hrm,hrm,,0.0,128,1,6.140185198260616,1.0022757945565752,6.126243127498798,109,109,192,564,48,2.0,5.963805674453512,0.0025963467758581397,2.5872452629986173,1.7772535564847078,0.9255757805930066,0.0005480896215885878,2.158878803253174,0.8197501790771327,0.6303286959806168,0
c6,C_hard_rooms,24,hrm,hrm,,0.0,144,1,6.140185198260616,1.0022757945565752,6.126243127498798,109,109,192,564,48,2.0,5.963805674453512,0.0025963467758581397,2.5872452629986173,1.7772535564847078,0.9255757805930066,0.0005480896215885878,2.158878803253174,0.8197501790771327,0.6303286959806168,0
c6,C_hard_rooms,24,hrm,hrm,,0.0,168,1,6.140185198260616,1.0022757945565752,6.126243127498798,109,109,192,564,48,2.0,5.963805674453512,0.0025963467758581397,2.5872452629986173,1.7772535564847078,0.9255757805930066,0.0005480896215885878,2.158878803253174,0.8197501790771327,0.6303286959806168,0
c6,C_hard_rooms,25,euclidean,,,0.0,128,0,nan,nan,6.383517391891626,128,128,192,584,35,2.0,2.145455524796687,0.0,1.1293707592104354,0.5285683625609343,0.906598418468383,0.0,2.145455524796687,1.1293707592104354,0.5285683625609343,0
c6,C_hard_rooms,25,euclidean,,,0.0,144,1,6.383517391891628,1.0000000000000002,6.383517391891626,143,143,192,584,35,2.0,2.145455524796687,0.0,1.1293707592104354,0.5285683625609343,0.906598418468383,0.0,2.145455524796687,1.1293707592104354,0.5285683625609343,0
c6,C_hard_rooms,25,euclidean,,,0.0,168,1,6.383517391891628,1.0000000000000002,6.383517391891626,143,143,192,584,35,2.0,2.145455524796687,0.0,1.1293707592104354,0.5285683625609343,0.906598418468383,0.0,2.145455524796687,1.1293707592104354,0.5285683625609343,0
c6,C_hard_rooms,25,grid_oracle,,,0.0,128,1,6.3836507620687115,1.000020892897896,6.383517391891626,106,106,192,584,35,2.0,5.960521084341959,0.017363780749422034,2.7682986568112433,1.6376609257277734,0.9733862545099424,0.0,6.014626169735484,2.7898860963589227,1.6137113852175005,0
c6,C_hard_rooms,25,grid_oracle,,,0.0,144,1,6.3836507620687115,1.000020892897896,6.383517391891626,106,106,192,584,35,2.0,5.960521084341959,0.017363780749422034,2.7682986568112433,1.6376609257277734,0.9733862545099424,0.0,6.014626169735484,2.7898860963589227,1.6137113852175005,0
c6,C_hard_rooms,25,grid_oracle,,,0.0,168,1,6.3836507620687115,1.000020892897896,6.383517391891626,106,106,192,584,35,2.0,5.960521084341959,0.017363780749422034,2.7682986568112433,1.6376609257277734,0.9733862545099424,0.0,6.014626169735484,2.7898860963589227,1.6137113852175005,0
c6,C_hard_rooms,25,unet,unet,,0.0,128,1,6.473574083600612,1.0141076911333204,6.383517391891626,122,122,192,584,35,2.0,5.970004175098614,0.09425169703573114,2.8018334091525117,1.7266640345497812,0.9655633697745708,0.029946008697152138,2.219886064529419,0.8422176519620734,0.5962854250919256,0
c6,C_hard_rooms,25,unet,unet,,0.0,144,1,6.473574083600612,1.0141076911333204,6.383517391891626,122,122,192,584,35,2.0,5.970004175098614,0.09425169703573114,2.8018334091525117,1.7266640345497812,0.9655633697745708,0.029946008697152138,2.219886064529419,0.8422176519620734,0.5962854250919256,0
c6,C_hard_rooms,25,unet,unet,,0.0,168,1,6.473574083600612,1.0141076911333204,6.383517391891626,122,122,192,584,35,2.0,5.970004175098614,0.09425169703573114,2.8018334091525117,1.7266640345497812,0.9655633697745708,0.029946008697152138,2.219886064529419,0.8422176519620734,0.5962854250919256,0
c6,C_hard_rooms,25,onlstm,onlstm,,0.0,128,0,nan,nan,6.383517391891626,128,128,192,584,35,2.0,5.130803151701476,0.03156896348876452,2.6138495437215514,1.4520244213207965,0.9442818679977215,0.007718552369624376,1.6061195135116577,0.7522439651730792,0.4594440054580987,0
c6,C_hard_rooms,25,onlstm,onlstm,,0.0,144,1,6.652444527913542,1.042128362705412,6.383517391891626,130,130,192,584,35,2.0,5.130803151701476,0.03156896348876452,2.6138495437215514,1.4520244213207965,0.9442818679977215,0.007718552369624376,1.6061195135116577,0.7522439651730792,0.4594440054580987,0
c6,C_hard_rooms,25,onlstm,onlstm,,0.0,168,1,6.652444527913542,1.042128362705412,6.383517391891626,130,130,192,584,35,2.0,5.130803151701476,0.03156896348876452,2.6138495437215514,1.4520244213207965,0.9442818679977215,0.007718552369624376,1.6061195135116577,0.7522439651730792,0.4594440054580987,0
c6,C_hard_rooms,25,hrm,hrm,,0.0,128,1,6.48178444532388,1.015393872593983,6.383517391891626,106,106,192,584,35,2.0,6.241037387315746,0.00034970674393308037,2.8398081949687453,1.8306312809400151,0.9550446925101052,0.00010706435568863526,2.18192195892334,0.8632976445527589,0.6496051896724824,0
c6,C_hard_rooms,25,hrm,hrm,,0.0,144,1,6.48178444532388,1.015393872593983,6.383517391891626,106,106,192,584,35,2.0,6.241037387315746,0.00034970674393308037,2.8398081949687453,1.8306312809400151,0.9550446925101052,0.00010706435568863526,2.18192195892334,0.8632976445527589,0.6496051896724824,0
c6,C_hard_rooms,25,hrm,hrm,,0.0,168,1,6.48178444532388,1.015393872593983,6.383517391891626,106,106,192,584,35,2.0,6.241037387315746,0.00034970674393308037,2.8398081949687453,1.8306312809400151,0.9550446925101052,0.00010706435568863526,2.18192195892334,0.8632976445527589,0.6496051896724824,0
c6,C_hard_rooms,26,euclidean,,,0.0,128,0,nan,nan,6.146020407603822,128,128,192,591,38,2.0,2.1571080442524777,0.0,1.1288876525227116,0.5026240179279041,0.9275798225863333,0.0,2.1571080442524777,1.1288876525227116,0.5026240179279041,0
c6,C_hard_rooms,26,euclidean,,,0.0,144,0,nan,nan,6.146020407603822,144,144,192,591,38,2.0,2.1571080442524777,0.0,1.1288876525227116,0.5026240179279041,0.9275798225863333,0.0,2.1571080442524777,1.1288876525227116,0.5026240179279041,0
c6,C_hard_rooms,26,euclidean,,,0.0,168,1,6.146020407603824,1.0000000000000002,6.146020407603822,159,159,192,591,38,2.0,2.1571080442524777,0.0,1.1288876525227116,0.5026240179279041,0.9275798225863333,0.0,2.1571080442524777,1.1288876525227116,0.5026240179279041,0
c6,C_hard_rooms,26,grid_oracle,,,0.0,128,0,nan,nan,6.146020407603822,128,128,192,591,38,2.0,5.910969056453127,0.0161809793925044,3.130383180406916,1.6957179019218172,0.973688047635841,0.0,5.952126169735485,2.9022693922314406,1.706240679688843,0
c6,C_hard_rooms,26,grid_oracle,,,0.0,144,1,6.1528425191751746,1.001110004705307,6.146020407603822,143,143,192,591,38,2.0,5.910969056453127,0.0161809793925044,3.130383180406916,1.6957179019218172,0.973688047635841,0.0,5.952126169735485,2.9022693922314406,1.706240679688843,0
c6,C_hard_rooms,26,grid_oracle,,,0.0,168,1,6.1528425191751746,1.001110004705307,6.146020407603822,143,143,192,591,38,2.0,5.910969056453127,0.0161809793925044,3.130383180406916,1.6957179019218172,0.973688047635841,0.0,5.952126169735485,2.9022693922314406,1.706240679688843,0
c6,C_hard_rooms,26,unet,unet,,0.0,128,0,nan,nan,6.146020407603822,128,128,192,591,38,2.0,6.3152510348973445,0.09176298181822277,3.0289069439809744,1.7171222569077984,0.9697783007351547,0.024074669927358627,2.411918878555298,0.8612735466285812,0.6105812788832519,0
c6,C_hard_rooms,26,unet,unet,,0.0,144,0,nan,nan,6.146020407603822,144,144,192,591,38,2.0,6.3152510348973445,0.09176298181822277,3.0289069439809744,1.7171222569077984,0.9697783007351547,0.024074669927358627,2.411918878555298,0.8612735466285812,0.6105812788832519,0
c6,C_hard_rooms,26,unet,unet,,0.0,168,1,6.30033357718511,1.0251078192630751,6.146020407603822,153,153,192,591,38,2.0,6.3152510348973445,0.09176298181822277,3.0289069439809744,1.7171222569077984,0.9697783007351547,0.024074669927358627,2.411918878555298,0.8612735466285812,0.6105812788832519,0
c6,C_hard_rooms,26,onlstm,onlstm,,0.0,128,0,nan,nan,6.146020407603822,128,128,192,591,38,2.0,4.867614798058627,0.011633669252816285,2.667384268774787,1.3716033155050291,0.9386902178336002,0.0019883245695382357,1.5640825033187866,0.7194084851109324,0.4566367392570539,0
c6,C_hard_rooms,26,onlstm,onlstm,,0.0,144,0,nan,nan,6.146020407603822,144,144,192,591,38,2.0,4.867614798058627,0.011633669252816285,2.667384268774787,1.3716033155050291,0.9386902178336002,0.0019883245695382357,1.5640825033187866,0.7194084851109324,0.4566367392570539,0
c6,C_hard_rooms,26,onlstm,onlstm,,0.0,168,1,6.252652489817289,1.0173497767891468,6.146020407603822,155,155,192,591,38,2.0,4.867614798058627,0.011633669252816285,2.667384268774787,1.3716033155050291,0.9386902178336002,0.0019883245695382357,1.5640825033187866,0.7194084851109324,0.4566367392570539,0
c6,C_hard_rooms,26,hrm,hrm,,0.0,128,0,nan,nan,6.146020407603822,128,128,192,591,38,2.0,5.926669556610396,0.0032347944614746337,2.778651648871985,1.6226917719023566,0.9505076228196295,0.0005958362598903477,2.0296196937561035,0.7466961553982685,0.5775406517423679,0
c6,C_hard_rooms,26,hrm,hrm,,0.0,144,0,nan,nan,6.146020407603822,144,144,192,591,38,2.0,5.926669556610396,0.0032347944614746337,2.778651648871985,1.6226917719023566,0.9505076228196295,0.0005958362598903477,2.0296196937561035,0.7466961553982685,0.5775406517423679,0
c6,C_hard_rooms,26,hrm,hrm,,0.0,168,1,6.327381258917499,1.0295086640274247,6.146020407603822,156,156,192,591,38,2.0,5.926669556610396,0.0032347944614746337,2.778651648871985,1.6226917719023566,0.9505076228196295,0.0005958362598903477,2.0296196937561035,0.7466961553982685,0.5775406517423679,0
c6,C_hard_rooms,27,euclidean,,,0.0,128,0,nan,nan,6.331278515147455,128,128,192,560,46,2.0,1.8495854869780903,0.0,0.986746601468929,0.4641854093571039,0.8902846349998644,0.0,1.8495854869780903,0.986746601468929,0.4641854093571039,0
c6,C_hard_rooms,27,euclidean,,,0.0,144,0,nan,nan,6.331278515147455,144,144,192,560,46,2.0,1.8495854869780903,0.0,0.986746601468929,0.4641854093571039,0.8902846349998644,0.0,1.8495854869780903,0.986746601468929,0.4641854093571039,0
c6,C_hard_rooms,27,euclidean,,,0.0,168,1,6.331278515147455,1.0,6.331278515147455,163,163,192,560,46,2.0,1.8495854869780903,0.0,0.986746601468929,0.4641854093571039,0.8902846349998644,0.0,1.8495854869780903,0.986746601468929,0.4641854093571039,0
c6,C_hard_rooms,27,grid_oracle,,,0.0,128,0,nan,nan,6.331278515147455,128,128,192,560,46,2.0,5.7472402576697315,0.013904892192836592,2.812464205461259,1.5823338216733926,0.9618452106448201,0.0,5.936961126790529,2.7983610619920563,1.6471735304465818,0
c6,C_hard_rooms,27,grid_oracle,,,0.0,144,0,nan,nan,6.331278515147455,144,144,192,560,46,2.0,5.7472402576697315,0.013904892192836592,2.812464205461259,1.5823338216733926,0.9618452106448201,0.0,5.936961126790529,2.7983610619920563,1.6471735304465818,0
c6,C_hard_rooms,27,grid_oracle,,,0.0,168,1,6.331278515147455,1.0,6.331278515147455,150,150,192,560,46,2.0,5.7472402576697315,0.013904892192836592,2.812464205461259,1.5823338216733926,0.9618452106448201,0.0,5.936961126790529,2.7983610619920563,1.6471735304465818,0
c6,C_hard_rooms,27,unet,unet,,0.0,128,0,nan,nan,6.331278515147455,128,128,192,560,46,2.0,5.7980544798490055,0.12141348797868878,2.7387845652422302,1.6456116939098988,0.9529711363698018,0.03547155112028122,2.423393964767456,0.8565756276984757,0.6164430085867153,0
c6,C_hard_rooms,27,unet,unet,,0.0,144,0,nan,nan,6.331278515147455,144,144,192,560,46,2.0,5.7980544798490055,0.12141348797868878,2.7387845652422302,1.6456116939098988,0.9529711363698018,0.03547155112028122,2.423393964767456,0.8565756276984757,0.6164430085867153,0
c6,C_hard_rooms,27,unet,unet,,0.0,168,1,6.577771640403955,1.0389325986318199,6.331278515147455,158,158,192,560,46,2.0,5.7980544798490055,0.12141348797868878,2.7387845652422302,1.6456116939098988,0.9529711363698018,0.03547155112028122,2.423393964767456,0.8565756276984757,0.6164430085867153,0
c6,C_hard_rooms,27,onlstm,onlstm,,0.0,128,0,nan,nan,6.331278515147455,128,128,192,560,46,2.0,4.643739259542288,0.020652037123148993,2.3101096761695517,1.3275398273766281,0.9258623145159104,0.004761934746056795,1.522357702255249,0.6404491985514369,0.44707434304455124,0
c6,C_hard_rooms,27,onlstm,onlstm,,0.0,144,0,nan,nan,6.331278515147455,144,144,192,560,46,2.0,4.643739259542288,0.020652037123148993,2.3101096761695517,1.3275398273766281,0.9258623145159104,0.004761934746056795,1.522357702255249,0.6404491985514369,0.44707434304455124,0
c6,C_hard_rooms,27,onlstm,onlstm,,0.0,168,1,6.379644417091671,1.0076391998596337,6.331278515147455,161,161,192,560,46,2.0,4.643739259542288,0.020652037123148993,2.3101096761695517,1.3275398273766281,0.9258623145159104,0.004761934746056795,1.522357702255249,0.6404491985514369,0.44707434304455124,0
c6,C_hard_rooms,27,hrm,hrm,,0.0,128,0,nan,nan,6.331278515147455,128,128,192,560,46,2.0,5.553670961699334,0.003383689364550445,2.67437983256676,1.6732932731271224,0.9402941296150613,0.0007311890949495137,2.117680549621582,0.8143146104946482,0.6320188440218436,0
c6,C_hard_rooms,27,hrm,hrm,,0.0,144,0,nan,nan,6.331278515147455,144,144,192,560,46,2.0,5.553670961699334,0.003383689364550445,2.67437983256676,1.6732932731271224,0.9402941296150613,0.0007311890949495137,2.117680549621582,0.8143146104946482,0.6320188440218436,0
c6,C_hard_rooms,27,hrm,hrm,,0.0,168,1,6.353093068274645,1.0034455210073288,6.331278515147455,151,151,192,560,46,2.0,5.553670961699334,0.003383689364550445,2.67437983256676,1.6732932731271224,0.9402941296150613,0.0007311890949495137,2.117680549621582,0.8143146104946482,0.6320188440218436,0
c6,C_hard_rooms,28,euclidean,,,0.0,128,0,nan,nan,5.867484928538361,128,128,192,636,35,2.0,2.0072514593436828,0.0,1.064867470345414,0.48647546684341936,0.8972530043675231,0.0,2.0072514593436828,1.064867470345414,0.48647546684341936,0
c6,C_hard_rooms,28,euclidean,,,0.0,144,0,nan,nan,5.867484928538361,144,144,192,636,35,2.0,2.0072514593436828,0.0,1.064867470345414,0.48647546684341936,0.8972530043675231,0.0,2.0072514593436828,1.064867470345414,0.48647546684341936,0
c6,C_hard_rooms,28,euclidean,,,0.0,168,1,5.867484928538362,1.0000000000000002,5.867484928538361,161,161,192,636,35,2.0,2.0072514593436828,0.0,1.064867470345414,0.48647546684341936,0.8972530043675231,0.0,2.0072514593436828,1.064867470345414,0.48647546684341936,0
c6,C_hard_rooms,28,grid_oracle,,,0.0,128,1,5.872654961521522,1.0008811327248606,5.867484928538361,91,91,192,636,35,2.0,6.307285759719512,0.017479537394511777,3.2579785769836587,1.8706291501652852,0.9053471638228033,0.0,6.343211126790532,3.025138610990915,1.8925908053044123,0
c6,C_hard_rooms,28,grid_oracle,,,0.0,144,1,5.872654961521522,1.0008811327248606,5.867484928538361,91,91,192,636,35,2.0,6.307285759719512,0.017479537394511777,3.2579785769836587,1.8706291501652852,0.9053471638228033,0.0,6.343211126790532,3.025138610990915,1.8925908053044123,0
c6,C_hard_rooms,28,grid_oracle,,,0.0,168,1,5.872654961521522,1.0008811327248606,5.867484928538361,91,91,192,636,35,2.0,6.307285759719512,0.017479537394511777,3.2579785769836587,1.8706291501652852,0.9053471638228033,0.0,6.343211126790532,3.025138610990915,1.8925908053044123,0
c6,C_hard_rooms,28,unet,unet,,0.0,128,0,nan,nan,5.867484928538361,128,128,192,636,35,2.0,5.923226702899847,0.09575530411863692,2.894289796716848,1.684101846030211,0.9057998535116514,0.029284171760082245,2.3230855464935303,0.8311591343594955,0.6009563695939499,0
c6,C_hard_rooms,28,unet,unet,,0.0,144,0,nan,nan,5.867484928538361,144,144,192,636,35,2.0,5.923226702899847,0.09575530411863692,2.894289796716848,1.684101846030211,0.9057998535116514,0.029284171760082245,2.3230855464935303,0.8311591343594955,0.6009563695939499,0
c6,C_hard_rooms,28,unet,unet,,0.0,168,1,5.867484928538362,1.0000000000000002,5.867484928538361,151,151,192,636,35,2.0,5.923226702899847,0.09575530411863692,2.894289796716848,1.684101846030211,0.9057998535116514,0.029284171760082245,2.3230855464935303,0.8311591343594955,0.6009563695939499,0
c6,C_hard_rooms,28,onlstm,onlstm,,0.0,128,0,nan,nan,5.867484928538361,128,128,192,636,35,2.0,4.701879540211026,0.009918156373862872,2.3833837225068493,1.3632342454415445,0.9066882782193528,0.0011881465325132012,1.4873067140579224,0.6129226292797796,0.4428312230316748,0
c6,C_hard_rooms,28,onlstm,onlstm,,0.0,144,0,nan,nan,5.867484928538361,144,144,192,636,35,2.0,4.701879540211026,0.009918156373862872,2.3833837225068493,1.3632342454415445,0.9066882782193528,0.0011881465325132012,1.4873067140579224,0.6129226292797796,0.4428312230316748,0
c6,C_hard_rooms,28,onlstm,onlstm,,0.0,168,1,6.03303003121308,1.0282139800427161,5.867484928538361,160,160,192,636,35,2.0,4.701879540211026,0.009918156373862872,2.3833837225068493,1.3632342454415445,0.9066882782193528,0.0011881465325132012,1.4873067140579224,0.6129226292797796,0.4428312230316748,0
c6,C_hard_rooms,28,hrm,hrm,,0.0,128,1,5.888028812697099,1.0035013100858285,5.867484928538361,124,124,192,636,35,2.0,6.00909336091327,0.0029542035246308183,2.8630667109309442,1.7425874391961769,0.9006795431733717,0.00036789962905459106,2.1106104850769043,0.808223952591618,0.6351456992099228,0
c6,C_hard_rooms,28,hrm,hrm,,0.0,144,1,5.888028812697099,1.0035013100858285,5.867484928538361,124,124,192,636,35,2.0,6.00909336091327,0.0029542035246308183,2.8630667109309442,1.7425874391961769,0.9006795431733717,0.00036789962905459106,2.1106104850769043,0.808223952591618,0.6351456992099228,0
c6,C_hard_rooms,28,hrm,hrm,,0.0,168,1,5.888028812697099,1.0035013100858285,5.867484928538361,124,124,192,636,35,2.0,6.00909336091327,0.0029542035246308183,2.8630667109309442,1.7425874391961769,0.9006795431733717,0.00036789962905459106,2.1106104850769043,0.808223952591618,0.6351456992099228,0
c6,C_hard_rooms,29,euclidean,,,0.0,128,0,nan,nan,6.517209298265122,128,128,192,575,53,2.0,2.127550100499922,0.0,1.142025495553109,0.5199713731804426,0.8559853376013891,0.0,2.127550100499922,1.142025495553109,0.5199713731804426,0
c6,C_hard_rooms,29,euclidean,,,0.0,144,0,nan,nan,6.517209298265122,144,144,192,575,53,2.0,2.127550100499922,0.0,1.142025495553109,0.5199713731804426,0.8559853376013891,0.0,2.127550100499922,1.142025495553109,0.5199713731804426,0
c6,C_hard_rooms,29,euclidean,,,0.0,168,1,6.517209298265125,1.0000000000000004,6.517209298265122,148,148,192,575,53,2.0,2.127550100499922,0.0,1.142025495553109,0.5199713731804426,0.8559853376013891,0.0,2.127550100499922,1.142025495553109,0.5199713731804426,0
c6,C_hard_rooms,29,grid_oracle,,,0.0,128,1,6.517209298265125,1.0000000000000004,6.517209298265122,123,123,192,575,53,2.0,8.93158841596671,0.003107873782415806,3.3288552478957576,2.2084658777813657,0.8619906817133712,0.0,6.948985386504605,3.090929202669012,1.9846399978430018,0
c6,C_hard_rooms,29,grid_oracle,,,0.0,144,1,6.517209298265125,1.0000000000000004,6.517209298265122,123,123,192,575,53,2.0,8.93158841596671,0.003107873782415806,3.3288552478957576,2.2084658777813657,0.8619906817133712,0.0,6.948985386504605,3.090929202669012,1.9846399978430018,0
c6,C_hard_rooms,29,grid_oracle,,,0.0,168,1,6.517209298265125,1.0000000000000004,6.517209298265122,123,123,192,575,53,2.0,8.93158841596671,0.003107873782415806,3.3288552478957576,2.2084658777813657,0.8619906817133712,0.0,6.948985386504605,3.090929202669012,1.9846399978430018,0
c6,C_hard_rooms,29,unet,unet,,0.0,128,0,nan,nan,6.517209298265122,128,128,192,575,53,2.0,6.172482186153861,0.1161754823922454,3.045503804969771,1.800306771699847,0.8428200363508126,0.028142403811216354,2.2947113513946533,0.8972333883598367,0.6344045704723571,0
c6,C_hard_rooms,29,unet,unet,,0.0,144,1,6.594413870020541,1.0118462624448736,6.517209298265122,132,132,192,575,53,2.0,6.172482186153861,0.1161754823922454,3.045503804969771,1.800306771699847,0.8428200363508126,0.028142403811216354,2.2947113513946533,0.8972333883598367,0.6344045704723571,0
c6,C_hard_rooms,29,unet,unet,,0.0,168,1,6.594413870020541,1.0118462624448736,6.517209298265122,132,132,192,575,53,2.0,6.172482186153861,0.1161754823922454,3.045503804969771,1.800306771699847,0.8428200363508126,0.028142403811216354,2.2947113513946533,0.8972333883598367,0.6344045704723571,0
c6,C_hard_rooms,29,onlstm,onlstm,,0.0,128,0,nan,nan,6.517209298265122,128,128,192,575,53,2.0,4.897545540969646,0.01618708909857027,2.7151694693578805,1.4302223264061609,0.8265672896942735,0.0028864992782473564,1.556064248085022,0.7586726794025367,0.4584445033257691,0
c6,C_hard_rooms,29,onlstm,onlstm,,0.0,144,1,6.531063943208976,1.0021258554558838,6.517209298265122,141,141,192,575,53,2.0,4.897545540969646,0.01618708909857027,2.7151694693578805,1.4302223264061609,0.8265672896942735,0.0028864992782473564,1.556064248085022,0.7586726794025367,0.4584445033257691,0
c6,C_hard_rooms,29,onlstm,onlstm,,0.0,168,1,6.531063943208976,1.0021258554558838,6.517209298265122,141,141,192,575,53,2.0,4.897545540969646,0.01618708909857027,2.7151694693578805,1.4302223264061609,0.8265672896942735,0.0028864992782473564,1.556064248085022,0.7586726794025367,0.4584445033257691,0
c6,C_hard_rooms,29,hrm,hrm,,0.0,128,0,nan,nan,6.517209298265122,128,128,192,575,53,2.0,6.098121878192663,0.0013857038088659866,2.944156482501531,1.8100378024291914,0.8256907332555681,0.0004397639713715762,2.1557047367095947,0.8515894983833192,0.6407571876076389,0
c6,C_hard_rooms,29,hrm,hrm,,0.0,144,1,6.531063943208976,1.0021258554558838,6.517209298265122,133,133,192,575,53,2.0,6.098121878192663,0.0013857038088659866,2.944156482501531,1.8100378024291914,0.8256907332555681,0.0004397639713715762,2.1557047367095947,0.8515894983833192,0.6407571876076389,0
c6,C_hard_rooms,29,hrm,hrm,,0.0,168,1,6.531063943208976,1.0021258554558838,6.517209298265122,133,133,192,575,53,2.0,6.098121878192663,0.0013857038088659866,2.944156482501531,1.8100378024291914,0.8256907332555681,0.0004397639713715762,2.1557047367095947,0.8515894983833192,0.6407571876076389,0
c6,C_hard_rooms,30,euclidean,,,0.0,128,0,nan,nan,6.475503801754542,128,128,192,565,51,2.0,2.0224795875047623,0.0,1.0379830884714656,0.4989225126639322,0.9121205544855276,0.0,2.0224795875047623,1.0379830884714656,0.4989225126639322,0
c6,C_hard_rooms,30,euclidean,,,0.0,144,0,nan,nan,6.475503801754542,144,144,192,565,51,2.0,2.0224795875047623,0.0,1.0379830884714656,0.4989225126639322,0.9121205544855276,0.0,2.0224795875047623,1.0379830884714656,0.4989225126639322,0
c6,C_hard_rooms,30,euclidean,,,0.0,168,1,6.475503801754541,0.9999999999999999,6.475503801754542,155,155,192,565,51,2.0,2.0224795875047623,0.0,1.0379830884714656,0.4989225126639322,0.9121205544855276,0.0,2.0224795875047623,1.0379830884714656,0.4989225126639322,0
c6,C_hard_rooms,30,grid_oracle,,,0.0,128,0,nan,nan,6.475503801754542,128,128,192,565,51,2.0,6.207603829193587,0.0625,3.069296569064719,1.927350681691373,0.9201418088598324,0.0,6.262405300614691,2.977554690114654,1.883459041772791,0
c6,C_hard_rooms,30,grid_oracle,,,0.0,144,1,6.475503801754541,0.9999999999999999,6.475503801754542,142,142,192,565,51,2.0,6.207603829193587,0.0625,3.069296569064719,1.927350681691373,0.9201418088598324,0.0,6.262405300614691,2.977554690114654,1.883459041772791,0
c6,C_hard_rooms,30,grid_oracle,,,0.0,168,1,6.475503801754541,0.9999999999999999,6.475503801754542,142,142,192,565,51,2.0,6.207603829193587,0.0625,3.069296569064719,1.927350681691373,0.9201418088598324,0.0,6.262405300614691,2.977554690114654,1.883459041772791,0
c6,C_hard_rooms,30,unet,unet,,0.0,128,0,nan,nan,6.475503801754542,128,128,192,565,51,2.0,6.106668799537454,0.17083121918918626,2.837820382838849,1.7726287670246084,0.9225425901310257,0.031495753675699234,2.2135016918182373,0.8553048834128276,0.6175509801361984,0
c6,C_hard_rooms,30,unet,unet,,0.0,144,0,nan,nan,6.475503801754542,144,144,192,565,51,2.0,6.106668799537454,0.17083121918918626,2.837820382838849,1.7726287670246084,0.9225425901310257,0.031495753675699234,2.2135016918182373,0.8553048834128276,0.6175509801361984,0
c6,C_hard_rooms,30,unet,unet,,0.0,168,1,6.516031929121872,1.006258683279029,6.475503801754542,149,149,192,565,51,2.0,6.106668799537454,0.17083121918918626,2.837820382838849,1.7726287670246084,0.9225425901310257,0.031495753675699234,2.2135016918182373,0.8553048834128276,0.6175509801361984,0
c6,C_hard_rooms,30,onlstm,onlstm,,0.0,128,0,nan,nan,6.475503801754542,128,128,192,565,51,2.0,4.843683784920378,0.012613057148917289,2.3899982428484647,1.4099599935068072,0.9044994303230883,0.0019179213559255004,1.4974042177200317,0.6543036906579971,0.44773581681864166,0
c6,C_hard_rooms,30,onlstm,onlstm,,0.0,144,0,nan,nan,6.475503801754542,144,144,192,565,51,2.0,4.843683784920378,0.012613057148917289,2.3899982428484647,1.4099599935068072,0.9044994303230883,0.0019179213559255004,1.4974042177200317,0.6543036906579971,0.44773581681864166,0
c6,C_hard_rooms,30,onlstm,onlstm,,0.0,168,1,6.475503801754541,0.9999999999999999,6.475503801754542,150,150,192,565,51,2.0,4.843683784920378,0.012613057148917289,2.3899982428484647,1.4099599935068072,0.9044994303230883,0.0019179213559255004,1.4974042177200317,0.6543036906579971,0.44773581681864166,0
c6,C_hard_rooms,30,hrm,hrm,,0.0,128,0,nan,nan,6.475503801754542,128,128,192,565,51,2.0,6.175395652371067,0.00459149895457308,2.7673742732471,1.807742215299637,0.9130598432032121,0.00051164033357054,2.179046630859375,0.8241406158872167,0.6468846711426269,0
c6,C_hard_rooms,30,hrm,hrm,,0.0,144,1,6.492504805665026,1.0026254333918974,6.475503801754542,143,143,192,565,51,2.0,6.175395652371067,0.00459149895457308,2.7673742732471,1.807742215299637,0.9130598432032121,0.00051164033357054,2.179046630859375,0.8241406158872167,0.6468846711426269,0
c6,C_hard_rooms,30,hrm,hrm,,0.0,168,1,6.492504805665026,1.0026254333918974,6.475503801754542,143,143,192,565,51,2.0,6.175395652371067,0.00459149895457308,2.7673742732471,1.807742215299637,0.9130598432032121,0.00051164033357054,2.179046630859375,0.8241406158872167,0.6468846711426269,0
c6,C_hard_rooms,31,euclidean,,,0.0,128,0,nan,nan,6.6486248998313116,128,128,192,560,52,2.0,2.0031229014348835,0.0,0.9958685628294002,0.4851257145960793,0.8721278789029652,0.0,2.0031229014348835,0.9958685628294002,0.4851257145960793,0
c6,C_hard_rooms,31,euclidean,,,0.0,144,0,nan,nan,6.6486248998313116,144,144,192,560,52,2.0,2.0031229014348835,0.0,0.9958685628294002,0.4851257145960793,0.8721278789029652,0.0,2.0031229014348835,0.9958685628294002,0.4851257145960793,0
c6,C_hard_rooms,31,euclidean,,,0.0,168,1,6.64862489983131,0.9999999999999998,6.6486248998313116,152,152,192,560,52,2.0,2.0031229014348835,0.0,0.9958685628294002,0.4851257145960793,0.8721278789029652,0.0,2.0031229014348835,0.9958685628294002,0.4851257145960793,0
c6,C_hard_rooms,31,grid_oracle,,,0.0,128,0,nan,nan,6.6486248998313116,128,128,192,560,52,2.0,6.176075038433975,0.012622060419030724,2.5464110853593347,1.7041624731177174,0.8776500149201097,0.0,6.194543648263007,2.708118608641513,1.7501629539773282,0
c6,C_hard_rooms,31,grid_oracle,,,0.0,144,0,nan,nan,6.6486248998313116,144,144,192,560,52,2.0,6.176075038433975,0.012622060419030724,2.5464110853593347,1.7041624731177174,0.8776500149201097,0.0,6.194543648263007,2.708118608641513,1.7501629539773282,0
c6,C_hard_rooms,31,grid_oracle,,,0.0,168,1,6.6505810181730105,1.000294213972238,6.6486248998313116,147,147,192,560,52,2.0,6.176075038433975,0.012622060419030724,2.5464110853593347,1.7041624731177174,0.8776500149201097,0.0,6.194543648263007,2.708118608641513,1.7501629539773282,0
c6,C_hard_rooms,31,unet,unet,,0.0,128,0,nan,nan,6.6486248998313116,128,128,192,560,52,2.0,5.904937212951113,0.07877773521503663,2.586994685365348,1.6557899121012638,0.8856644874264169,0.02541380375623703,2.21616530418396,0.848707138782629,0.6000297137721098,0
c6,C_hard_rooms,31,unet,unet,,0.0,144,0,nan,nan,6.6486248998313116,144,144,192,560,52,2.0,5.904937212951113,0.07877773521503663,2.586994685365348,1.6557899121012638,0.8856644874264169,0.02541380375623703,2.21616530418396,0.848707138782629,0.6000297137721098,0
c6,C_hard_rooms,31,unet,unet,,0.0,168,1,6.744376704366212,1.0144017456207117,6.6486248998313116,153,153,192,560,52,2.0,5.904937212951113,0.07877773521503663,2.586994685365348,1.6557899121012638,0.8856644874264169,0.02541380375623703,2.21616530418396,0.848707138782629,0.6000297137721098,0
c6,C_hard_rooms,31,onlstm,onlstm,,0.0,128,0,nan,nan,6.6486248998313116,128,128,192,560,52,2.0,4.722273469862284,0.03414177927936117,2.258702658010353,1.3449607574491163,0.8707630279684239,0.006719109136611223,1.494338870048523,0.658313119602326,0.4470107088267377,0
c6,C_hard_rooms,31,onlstm,onlstm,,0.0,144,0,nan,nan,6.6486248998313116,144,144,192,560,52,2.0,4.722273469862284,0.03414177927936117,2.258702658010353,1.3449607574491163,0.8707630279684239,0.006719109136611223,1.494338870048523,0.658313119602326,0.4470107088267377,0
c6,C_hard_rooms,31,onlstm,onlstm,,0.0,168,1,6.7769761614682285,1.0193049335119166,6.6486248998313116,153,153,192,560,52,2.0,4.722273469862284,0.03414177927936117,2.258702658010353,1.3449607574491163,0.8707630279684239,0.006719109136611223,1.494338870048523,0.658313119602326,0.4470107088267377,0
c6,C_hard_rooms,31,hrm,hrm,,0.0,128,0,nan,nan,6.6486248998313116,128,128,192,560,52,2.0,6.0169287489228,0.0005601511037191338,2.6037518081245103,1.7453173903393653,0.8744015001492011,0.00011546158930286765,2.193058967590332,0.8631412747701042,0.6526136715319999,0
c6,C_hard_rooms,31,hrm,hrm,,0.0,144,1,6.73632946891989,1.0131913847464615,6.6486248998313116,142,142,192,560,52,2.0,6.0169287489228,0.0005601511037191338,2.6037518081245103,1.7453173903393653,0.8744015001492011,0.00011546158930286765,2.193058967590332,0.8631412747701042,0.6526136715319999,0
c6,C_hard_rooms,31,hrm,hrm,,0.0,168,1,6.73632946891989,1.0131913847464615,6.6486248998313116,142,142,192,560,52,2.0,6.0169287489228,0.0005601511037191338,2.6037518081245103,1.7453173903393653,0.8744015001492011,0.00011546158930286765,2.193058967590332,0.8631412747701042,0.6526136715319999,0
c6,C_hard_rooms,32,euclidean,,,0.0,128,0,nan,nan,6.209953933807901,128,128,192,563,35,2.0,1.9936205888764837,0.0,0.9716713188656828,0.5030693118270821,0.9374525269240161,0.0,1.9936205888764837,0.9716713188656828,0.5030693118270821,0
c6,C_hard_rooms,32,euclidean,,,0.0,144,1,6.209953933807901,1.0,6.209953933807901,138,138,192,563,35,2.0,1.9936205888764837,0.0,0.9716713188656828,0.5030693118270821,0.9374525269240161,0.0,1.9936205888764837,0.9716713188656828,0.5030693118270821,0
c6,C_hard_rooms,32,euclidean,,,0.0,168,1,6.209953933807901,1.0,6.209953933807901,138,138,192,563,35,2.0,1.9936205888764837,0.0,0.9716713188656828,0.5030693118270821,0.9374525269240161,0.0,1.9936205888764837,0.9716713188656828,0.5030693118270821,0
c6,C_hard_rooms,32,grid_oracle,,,0.0,128,1,6.209953933807901,1.0,6.209953933807901,101,101,192,563,35,2.0,6.358047373591541,0.01752418915749535,2.569477975102617,1.8761198199058802,0.9734574641239184,0.0,6.394987822087167,2.8197939630940976,1.8702516958119448,0
c6,C_hard_rooms,32,grid_oracle,,,0.0,144,1,6.209953933807901,1.0,6.209953933807901,101,101,192,563,35,2.0,6.358047373591541,0.01752418915749535,2.569477975102617,1.8761198199058802,0.9734574641239184,0.0,6.394987822087167,2.8197939630940976,1.8702516958119448,0
c6,C_hard_rooms,32,grid_oracle,,,0.0,168,1,6.209953933807901,1.0,6.209953933807901,101,101,192,563,35,2.0,6.358047373591541,0.01752418915749535,2.569477975102617,1.8761198199058802,0.9734574641239184,0.0,6.394987822087167,2.8197939630940976,1.8702516958119448,0
c6,C_hard_rooms,32,unet,unet,,0.0,128,1,6.257488852459263,1.007654633054937,6.209953933807901,115,115,192,563,35,2.0,6.053858724349313,0.09979547284555972,2.5244217648796585,1.6994802735102246,0.9698105146081437,0.022497307509183884,2.1985063552856445,0.8435268457433267,0.5992734432130994,0
c6,C_hard_rooms,32,unet,unet,,0.0,144,1,6.257488852459263,1.007654633054937,6.209953933807901,115,115,192,563,35,2.0,6.053858724349313,0.09979547284555972,2.5244217648796585,1.6994802735102246,0.9698105146081437,0.022497307509183884,2.1985063552856445,0.8435268457433267,0.5992734432130994,0
c6,C_hard_rooms,32,unet,unet,,0.0,168,1,6.257488852459263,1.007654633054937,6.209953933807901,115,115,192,563,35,2.0,6.053858724349313,0.09979547284555972,2.5244217648796585,1.6994802735102246,0.9698105146081437,0.022497307509183884,2.1985063552856445,0.8435268457433267,0.5992734432130994,0
c6,C_hard_rooms,32,onlstm,onlstm,,0.0,128,0,nan,nan,6.209953933807901,128,128,192,563,35,2.0,4.698337539729522,0.020311333743397737,2.1595581434238302,1.4317594455953204,0.9567723733825247,0.0031543453224003315,1.4709216356277466,0.6615922975747708,0.47078498964548476,0
c6,C_hard_rooms,32,onlstm,onlstm,,0.0,144,1,6.371425869730589,1.0260021149341563,6.209953933807901,131,131,192,563,35,2.0,4.698337539729522,0.020311333743397737,2.1595581434238302,1.4317594455953204,0.9567723733825247,0.0031543453224003315,1.4709216356277466,0.6615922975747708,0.47078498964548476,0
c6,C_hard_rooms,32,onlstm,onlstm,,0.0,168,1,6.371425869730589,1.0260021149341563,6.209953933807901,131,131,192,563,35,2.0,4.698337539729522,0.020311333743397737,2.1595581434238302,1.4317594455953204,0.9567723733825247,0.0031543453224003315,1.4709216356277466,0.6615922975747708,0.47078498964548476,0
c6,C_hard_rooms,32,hrm,hrm,,0.0,128,1,6.2361053825859045,1.00421121461717,6.209953933807901,108,108,192,563,35,2.0,6.102575498174975,0.0008233600606169503,2.4639765297922662,1.7905491628468253,0.9612806201340098,0.0001085654366761446,2.1914892196655273,0.8261439866611653,0.6448363243556834,0
c6,C_hard_rooms,32,hrm,hrm,,0.0,144,1,6.2361053825859045,1.00421121461717,6.209953933807901,108,108,192,563,35,2.0,6.102575498174975,0.0008233600606169503,2.4639765297922662,1.7905491628468253,0.9612806201340098,0.0001085654366761446,2.1914892196655273,0.8261439866611653,0.6448363243556834,0
c6,C_hard_rooms,32,hrm,hrm,,0.0,168,1,6.2361053825859045,1.00421121461717,6.209953933807901,108,108,192,563,35,2.0,6.102575498174975,0.0008233600606169503,2.4639765297922662,1.7905491628468253,0.9612806201340098,0.0001085654366761446,2.1914892196655273,0.8261439866611653,0.6448363243556834,0
c6,C_hard_rooms,33,euclidean,,,0.0,128,0,nan,nan,5.559832425930893,128,128,192,589,37,2.0,2.135986017125016,0.0,1.0583618627227676,0.4921078818086728,0.9380730678458076,0.0,2.135986017125016,1.0583618627227676,0.4921078818086728,0
c6,C_hard_rooms,33,euclidean,,,0.0,144,0,nan,nan,5.559832425930893,144,144,192,589,37,2.0,2.135986017125016,0.0,1.0583618627227676,0.4921078818086728,0.9380730678458076,0.0,2.135986017125016,1.0583618627227676,0.4921078818086728,0
c6,C_hard_rooms,33,euclidean,,,0.0,168,1,5.559832425930892,0.9999999999999999,5.559832425930893,151,151,192,589,37,2.0,2.135986017125016,0.0,1.0583618627227676,0.4921078818086728,0.9380730678458076,0.0,2.135986017125016,1.0583618627227676,0.4921078818086728,0
c6,C_hard_rooms,33,grid_oracle,,,0.0,128,1,5.559832425930892,0.9999999999999999,5.559832425930893,119,119,192,589,37,2.0,5.581688737855547,0.01687465602123908,2.528223632292709,1.5646420786236415,0.9968549087160569,0.0,5.764626169735485,2.595228373388689,1.6159631523250564,0
c6,C_hard_rooms,33,grid_oracle,,,0.0,144,1,5.559832425930892,0.9999999999999999,5.559832425930893,119,119,192,589,37,2.0,5.581688737855547,0.01687465602123908,2.528223632292709,1.5646420786236415,0.9968549087160569,0.0,5.764626169735485,2.595228373388689,1.6159631523250564,0
c6,C_hard_rooms,33,grid_oracle,,,0.0,168,1,5.559832425930892,0.9999999999999999,5.559832425930893,119,119,192,589,37,2.0,5.581688737855547,0.01687465602123908,2.528223632292709,1.5646420786236415,0.9968549087160569,0.0,5.764626169735485,2.595228373388689,1.6159631523250564,0
c6,C_hard_rooms,33,unet,unet,,0.0,128,1,5.565792246285654,1.0010719424432586,5.559832425930893,107,107,192,589,37,2.0,5.871329139064954,0.11535775456515364,2.752410335376672,1.6500033381359602,0.9936792990261238,0.027077412232756615,2.3093814849853516,0.8501873739905932,0.6118005350094424,0
c6,C_hard_rooms,33,unet,unet,,0.0,144,1,5.565792246285654,1.0010719424432586,5.559832425930893,107,107,192,589,37,2.0,5.871329139064954,0.11535775456515364,2.752410335376672,1.6500033381359602,0.9936792990261238,0.027077412232756615,2.3093814849853516,0.8501873739905932,0.6118005350094424,0
c6,C_hard_rooms,33,unet,unet,,0.0,168,1,5.565792246285654,1.0010719424432586,5.559832425930893,107,107,192,589,37,2.0,5.871329139064954,0.11535775456515364,2.752410335376672,1.6500033381359602,0.9936792990261238,0.027077412232756615,2.3093814849853516,0.8501873739905932,0.6118005350094424,0
c6,C_hard_rooms,33,onlstm,onlstm,,0.0,128,0,nan,nan,5.559832425930893,128,128,192,589,37,2.0,4.7952165268896625,0.023015352080055992,2.4782649016292013,1.3614183154730635,0.9692255784933403,0.003262594109401107,1.520235538482666,0.7068367066014503,0.4510365226030532,0
c6,C_hard_rooms,33,onlstm,onlstm,,0.0,144,1,5.570417378846172,1.0019038258897717,5.559832425930893,129,129,192,589,37,2.0,4.7952165268896625,0.023015352080055992,2.4782649016292013,1.3614183154730635,0.9692255784933403,0.003262594109401107,1.520235538482666,0.7068367066014503,0.4510365226030532,0
c6,C_hard_rooms,33,onlstm,onlstm,,0.0,168,1,5.570417378846172,1.0019038258897717,5.559832425930893,129,129,192,589,37,2.0,4.7952165268896625,0.023015352080055992,2.4782649016292013,1.3614183154730635,0.9692255784933403,0.003262594109401107,1.520235538482666,0.7068367066014503,0.4510365226030532,0
c6,C_hard_rooms,33,hrm,hrm,,0.0,128,1,5.580511798872104,1.0037194237806095,5.559832425930893,107,107,192,589,37,2.0,5.954139566978085,0.004184217773257298,2.7401840211211357,1.7103702609650395,0.9829419065187317,0.0003585615777410567,2.1407454013824463,0.833492825590703,0.6372415016897135,0
c6,C_hard_rooms,33,hrm,hrm,,0.0,144,1,5.580511798872104,1.0037194237806095,5.559832425930893,107,107,192,589,37,2.0,5.954139566978085,0.004184217773257298,2.7401840211211357,1.7103702609650395,0.9829419065187317,0.0003585615777410567,2.1407454013824463,0.833492825590703,0.6372415016897135,0
c6,C_hard_rooms,33,hrm,hrm,,0.0,168,1,5.580511798872104,1.0037194237806095,5.559832425930893,107,107,192,589,37,2.0,5.954139566978085,0.004184217773257298,2.7401840211211357,1.7103702609650395,0.9829419065187317,0.0003585615777410567,2.1407454013824463,0.833492825590703,0.6372415016897135,0
c6,C_hard_rooms,34,euclidean,,,0.0,128,0,nan,nan,6.791043482720564,128,128,192,533,51,2.0,2.078632315082238,0.0,1.0436455144946974,0.48319367709723093,0.8769684371863387,0.0,2.078632315082238,1.0436455144946974,0.48319367709723093,0
c6,C_hard_rooms,34,euclidean,,,0.0,144,0,nan,nan,6.791043482720564,144,144,192,533,51,2.0,2.078632315082238,0.0,1.0436455144946974,0.48319367709723093,0.8769684371863387,0.0,2.078632315082238,1.0436455144946974,0.48319367709723093,0
c6,C_hard_rooms,34,euclidean,,,0.0,168,1,6.791043482720566,1.0000000000000002,6.791043482720564,146,146,192,533,51,2.0,2.078632315082238,0.0,1.0436455144946974,0.48319367709723093,0.8769684371863387,0.0,2.078632315082238,1.0436455144946974,0.48319367709723093,0
c6,C_hard_rooms,34,grid_oracle,,,0.0,128,0,nan,nan,6.791043482720564,128,128,192,533,51,2.0,6.074951341114327,0.022731342558225898,2.613367413200905,1.6986878572149653,0.9524235005289858,0.0,6.152570343559644,2.9369892882759085,1.7090874834656307,0
c6,C_hard_rooms,34,grid_oracle,,,0.0,144,1,6.791043482720566,1.0000000000000002,6.791043482720564,129,129,192,533,51,2.0,6.074951341114327,0.022731342558225898,2.613367413200905,1.6986878572149653,0.9524235005289858,0.0,6.152570343559644,2.9369892882759085,1.7090874834656307,0
c6,C_hard_rooms,34,grid_oracle,,,0.0,168,1,6.791043482720566,1.0000000000000002,6.791043482720564,129,129,192,533,51,2.0,6.074951341114327,0.022731342558225898,2.613367413200905,1.6986878572149653,0.9524235005289858,0.0,6.152570343559644,2.9369892882759085,1.7090874834656307,0
c6,C_hard_rooms,34,unet,unet,,0.0,128,0,nan,nan,6.791043482720564,128,128,192,533,51,2.0,6.362375873876859,0.10134439522968619,2.645260245052089,1.7192693588833352,0.945021091609473,0.025905558839440346,2.339998960494995,0.8896209746999375,0.6297481564906713,0
c6,C_hard_rooms,34,unet,unet,,0.0,144,1,6.808045211788578,1.0025035517901297,6.791043482720564,133,133,192,533,51,2.0,6.362375873876859,0.10134439522968619,2.645260245052089,1.7192693588833352,0.945021091609473,0.025905558839440346,2.339998960494995,0.8896209746999375,0.6297481564906713,0
c6,C_hard_rooms,34,unet,unet,,0.0,168,1,6.808045211788578,1.0025035517901297,6.791043482720564,133,133,192,533,51,2.0,6.362375873876859,0.10134439522968619,2.645260245052089,1.7192693588833352,0.945021091609473,0.025905558839440346,2.339998960494995,0.8896209746999375,0.6297481564906713,0
c6,C_hard_rooms,34,onlstm,onlstm,,0.0,128,0,nan,nan,6.791043482720564,128,128,192,533,51,2.0,5.031930910661483,0.009708014998706032,2.3893909750429736,1.350151789353482,0.925170563980143,0.0031437654979526997,1.5520764589309692,0.7496290353030872,0.442355087973164,0
c6,C_hard_rooms,34,onlstm,onlstm,,0.0,144,1,6.868715259010911,1.0114373846210791,6.791043482720564,139,139,192,533,51,2.0,5.031930910661483,0.009708014998706032,2.3893909750429736,1.350151789353482,0.925170563980143,0.0031437654979526997,1.5520764589309692,0.7496290353030872,0.442355087973164,0
c6,C_hard_rooms,34,onlstm,onlstm,,0.0,168,1,6.868715259010911,1.0114373846210791,6.791043482720564,139,139,192,533,51,2.0,5.031930910661483,0.009708014998706032,2.3893909750429736,1.350151789353482,0.925170563980143,0.0031437654979526997,1.5520764589309692,0.7496290353030872,0.442355087973164,0
c6,C_hard_rooms,34,hrm,hrm,,0.0,128,0,nan,nan,6.791043482720564,128,128,192,533,51,2.0,6.101278616769791,0.0025870233266470652,2.448182613202833,1.6871636560531762,0.9351907739467761,0.0007567565771751106,2.114393472671509,0.8017121043110649,0.618472098315898,0
c6,C_hard_rooms,34,hrm,hrm,,0.0,144,1,6.966772330613715,1.0258765605521867,6.791043482720564,136,136,192,533,51,2.0,6.101278616769791,0.0025870233266470652,2.448182613202833,1.6871636560531762,0.9351907739467761,0.0007567565771751106,2.114393472671509,0.8017121043110649,0.618472098315898,0
c6,C_hard_rooms,34,hrm,hrm,,0.0,168,1,6.966772330613715,1.0258765605521867,6.791043482720564,136,136,192,533,51,2.0,6.101278616769791,0.0025870233266470652,2.448182613202833,1.6871636560531762,0.9351907739467761,0.0007567565771751106,2.114393472671509,0.8017121043110649,0.618472098315898,0
c6,C_hard_rooms,35,euclidean,,,0.0,128,0,nan,nan,6.839794634796615,128,128,192,582,38,2.0,2.03669484541462,0.0,1.0727125428662032,0.4940968032410542,0.8662106990749533,0.0,2.03669484541462,1.0727125428662032,0.4940968032410542,0
c6,C_hard_rooms,35,euclidean,,,0.0,144,0,nan,nan,6.839794634796615,144,144,192,582,38,2.0,2.03669484541462,0.0,1.0727125428662032,0.4940968032410542,0.8662106990749533,0.0,2.03669484541462,1.0727125428662032,0.4940968032410542,0
c6,C_hard_rooms,35,euclidean,,,0.0,168,1,6.839794634796618,1.0000000000000004,6.839794634796615,153,153,192,582,38,2.0,2.03669484541462,0.0,1.0727125428662032,0.4940968032410542,0.8662106990749533,0.0,2.03669484541462,1.0727125428662032,0.4940968032410542,0
c6,C_hard_rooms,35,grid_oracle,,,0.0,128,0,nan,nan,6.839794634796615,128,128,192,582,38,2.0,8.428889663403115,0.016759393870192072,3.1372896593227693,1.996456884663323,0.9262285353877873,0.0,6.6137378220871685,2.988010128403034,1.9264659637073047,0
c6,C_hard_rooms,35,grid_oracle,,,0.0,144,1,6.839794634796618,1.0000000000000004,6.839794634796615,135,135,192,582,38,2.0,8.428889663403115,0.016759393870192072,3.1372896593227693,1.996456884663323,0.9262285353877873,0.0,6.6137378220871685,2.988010128403034,1.9264659637073047,0
c6,C_hard_rooms,35,grid_oracle,,,0.0,168,1,6.839794634796618,1.0000000000000004,6.839794634796615,135,135,192,582,38,2.0,8.428889663403115,0.016759393870192072,3.1372896593227693,1.996456884663323,0.9262285353877873,0.0,6.6137378220871685,2.988010128403034,1.9264659637073047,0
c6,C_hard_rooms,35,unet,unet,,0.0,128,0,nan,nan,6.839794634796615,128,128,192,582,38,2.0,5.932404010284418,0.0999383734987252,2.9223446338141397,1.7625247125557026,0.9313708867970595,0.029874291270971298,2.2691659927368164,0.8746965967075084,0.6298171643606898,0
c6,C_hard_rooms,35,unet,unet,,0.0,144,0,nan,nan,6.839794634796615,144,144,192,582,38,2.0,5.932404010284418,0.0999383734987252,2.9223446338141397,1.7625247125557026,0.9313708867970595,0.029874291270971298,2.2691659927368164,0.8746965967075084,0.6298171643606898,0
c6,C_hard_rooms,35,unet,unet,,0.0,168,1,6.8794244289513555,1.005794003514832,6.839794634796615,146,146,192,582,38,2.0,5.932404010284418,0.0999383734987252,2.9223446338141397,1.7625247125557026,0.9313708867970595,0.029874291270971298,2.2691659927368164,0.8746965967075084,0.6298171643606898,0
c6,C_hard_rooms,35,onlstm,onlstm,,0.0,128,0,nan,nan,6.839794634796615,128,128,192,582,38,2.0,4.6420291032929235,0.024274133398942882,2.533266542864721,1.3812196759875528,0.8988111385399996,0.004464067984372377,1.46942937374115,0.6981003894391051,0.4532707287388729,0
c6,C_hard_rooms,35,onlstm,onlstm,,0.0,144,0,nan,nan,6.839794634796615,144,144,192,582,38,2.0,4.6420291032929235,0.024274133398942882,2.533266542864721,1.3812196759875528,0.8988111385399996,0.004464067984372377,1.46942937374115,0.6981003894391051,0.4532707287388729,0
c6,C_hard_rooms,35,onlstm,onlstm,,0.0,168,1,7.137276448401129,1.0434927990514673,6.839794634796615,153,153,192,582,38,2.0,4.6420291032929235,0.024274133398942882,2.533266542864721,1.3812196759875528,0.8988111385399996,0.004464067984372377,1.46942937374115,0.6981003894391051,0.4532707287388729,0
c6,C_hard_rooms,35,hrm,hrm,,0.0,128,0,nan,nan,6.839794634796615,128,128,192,582,38,2.0,5.835358056227351,0.005772258530532203,2.811366852673443,1.7671192452889661,0.912330792393457,0.0005305956583470106,2.134629011154175,0.8143992413424996,0.6388800243151074,0
c6,C_hard_rooms,35,hrm,hrm,,0.0,144,0,nan,nan,6.839794634796615,144,144,192,582,38,2.0,5.835358056227351,0.005772258530532203,2.811366852673443,1.7671192452889661,0.912330792393457,0.0005305956583470106,2.134629011154175,0.8143992413424996,0.6388800243151074,0
c6,C_hard_rooms,35,hrm,hrm,,0.0,168,1,7.141886549616585,1.0441668106938642,6.839794634796615,146,146,192,582,38,2.0,5.835358056227351,0.005772258530532203,2.811366852673443,1.7671192452889661,0.912330792393457,0.0005305956583470106,2.134629011154175,0.8143992413424996,0.6388800243151074,0
c6,C_hard_rooms,36,euclidean,,,0.0,128,0,nan,nan,5.482719894505796,128,128,192,534,50,2.0,1.9658165764997937,0.0,1.0028701183140571,0.4767528604080017,0.9413588828907037,0.0,1.9658165764997937,1.0028701183140571,0.4767528604080017,0
c6,C_hard_rooms,36,euclidean,,,0.0,144,1,5.482719894505795,0.9999999999999999,5.482719894505796,144,144,192,534,50,2.0,1.9658165764997937,0.0,1.0028701183140571,0.4767528604080017,0.9413588828907037,0.0,1.9658165764997937,1.0028701183140571,0.4767528604080017,0
c6,C_hard_rooms,36,euclidean,,,0.0,168,1,5.482719894505795,0.9999999999999999,5.482719894505796,144,144,192,534,50,2.0,1.9658165764997937,0.0,1.0028701183140571,0.4767528604080017,0.9413588828907037,0.0,1.9658165764997937,1.0028701183140571,0.4767528604080017,0
c6,C_hard_rooms,36,grid_oracle,,,0.0,128,1,5.493971768779031,1.00205224313657,5.482719894505796,108,108,192,534,50,2.0,5.920876169735485,0.018543958608058207,2.827828605504522,1.7241450997175174,0.9837845536174485,0.0,5.996320343559645,2.8178882214181633,1.7552438516556523,0
c6,C_hard_rooms,36,grid_oracle,,,0.0,144,1,5.493971768779031,1.00205224313657,5.482719894505796,108,108,192,534,50,2.0,5.920876169735485,0.018543958608058207,2.827828605504522,1.7241450997175174,0.9837845536174485,0.0,5.996320343559645,2.8178882214181633,1.7552438516556523,0
c6,C_hard_rooms,36,grid_oracle,,,0.0,168,1,5.493971768779031,1.00205224313657,5.482719894505796,108,108,192,534,50,2.0,5.920876169735485,0.018543958608058207,2.827828605504522,1.7241450997175174,0.9837845536174485,0.0,5.996320343559645,2.8178882214181633,1.7552438516556523,0
c6,C_hard_rooms,36,unet,unet,,0.0,128,1,5.55958808173199,1.0140200828612862,5.482719894505796,120,120,192,534,50,2.0,6.379082395037529,0.10920271463122758,2.669119906653337,1.640762093894889,0.9772620920706401,0.02892046794295311,2.290283203125,0.8299878768839335,0.5965363572268356,0
c6,C_hard_rooms,36,unet,unet,,0.0,144,1,5.55958808173199,1.0140200828612862,5.482719894505796,120,120,192,534,50,2.0,6.379082395037529,0.10920271463122758,2.669119906653337,1.640762093894889,0.9772620920706401,0.02892046794295311,2.290283203125,0.8299878768839335,0.5965363572268356,0
c6,C_hard_rooms,36,unet,unet,,0.0,168,1,5.55958808173199,1.0140200828612862,5.482719894505796,120,120,192,534,50,2.0,6.379082395037529,0.10920271463122758,2.669119906653337,1.640762093894889,0.9772620920706401,0.02892046794295311,2.290283203125,0.8299878768839335,0.5965363572268356,0
c6,C_hard_rooms,36,onlstm,onlstm,,0.0,128,0,nan,nan,5.482719894505796,128,128,192,534,50,2.0,4.881474045852993,0.01284612486326476,2.3150024688205595,1.3940077962048352,0.9601768711173808,0.003165925620123744,1.5023164749145508,0.6698231796067944,0.4757549426469735,0
c6,C_hard_rooms,36,onlstm,onlstm,,0.0,144,1,5.7769180272005345,1.0536591579280847,5.482719894505796,141,141,192,534,50,2.0,4.881474045852993,0.01284612486326476,2.3150024688205595,1.3940077962048352,0.9601768711173808,0.003165925620123744,1.5023164749145508,0.6698231796067944,0.4757549426469735,0
c6,C_hard_rooms,36,onlstm,onlstm,,0.0,168,1,5.7769180272005345,1.0536591579280847,5.482719894505796,141,141,192,534,50,2.0,4.881474045852993,0.01284612486326476,2.3150024688205595,1.3940077962048352,0.9601768711173808,0.003165925620123744,1.5023164749145508,0.6698231796067944,0.4757549426469735,0
c6,C_hard_rooms,36,hrm,hrm,,0.0,128,1,5.830820640664412,1.0634905216491994,5.482719894505796,112,112,192,534,50,2.0,6.185745254106877,0.00040465113644676373,2.739085248600155,1.7554538581554142,0.9672673141089984,9.362003766000271e-05,2.2238399982452393,0.8686419754417312,0.6767073923259027,0
c6,C_hard_rooms,36,hrm,hrm,,0.0,144,1,5.830820640664412,1.0634905216491994,5.482719894505796,112,112,192,534,50,2.0,6.185745254106877,0.00040465113644676373,2.739085248600155,1.7554538581554142,0.9672673141089984,9.362003766000271e-05,2.2238399982452393,0.8686419754417312,0.6767073923259027,0
c6,C_hard_rooms,36,hrm,hrm,,0.0,168,1,5.830820640664412,1.0634905216491994,5.482719894505796,112,112,192,534,50,2.0,6.185745254106877,0.00040465113644676373,2.739085248600155,1.7554538581554142,0.9672673141089984,9.362003766000271e-05,2.2238399982452393,0.8686419754417312,0.6767073923259027,0
c6,C_hard_rooms,37,euclidean,,,0.0,128,0,nan,nan,5.308309585268149,128,128,192,536,41,2.0,1.9623817509937755,0.0,1.0378546608409225,0.4742998932515548,0.6875016954669995,0.0,1.9623817509937755,1.0378546608409225,0.4742998932515548,0
c6,C_hard_rooms,37,euclidean,,,0.0,144,0,nan,nan,5.308309585268149,144,144,192,536,41,2.0,1.9623817509937755,0.0,1.0378546608409225,0.4742998932515548,0.6875016954669995,0.0,1.9623817509937755,1.0378546608409225,0.4742998932515548,0
c6,C_hard_rooms,37,euclidean,,,0.0,168,1,5.30830958526815,1.0000000000000002,5.308309585268149,151,151,192,536,41,2.0,1.9623817509937755,0.0,1.0378546608409225,0.4742998932515548,0.6875016954669995,0.0,1.9623817509937755,1.0378546608409225,0.4742998932515548,0
c6,C_hard_rooms,37,grid_oracle,,,0.0,128,1,5.30931222577153,1.000188881316599,5.308309585268149,101,101,192,536,41,2.0,5.514253615449263,0.01713051420539096,2.6277707784095043,1.515572169387257,0.5987066977728347,0.0,5.590990257669731,2.6006245081471406,1.5588942267985155,0
c6,C_hard_rooms,37,grid_oracle,,,0.0,144,1,5.30931222577153,1.000188881316599,5.308309585268149,101,101,192,536,41,2.0,5.514253615449263,0.01713051420539096,2.6277707784095043,1.515572169387257,0.5987066977728347,0.0,5.590990257669731,2.6006245081471406,1.5588942267985155,0
c6,C_hard_rooms,37,grid_oracle,,,0.0,168,1,5.30931222577153,1.000188881316599,5.308309585268149,101,101,192,536,41,2.0,5.514253615449263,0.01713051420539096,2.6277707784095043,1.515572169387257,0.5987066977728347,0.0,5.590990257669731,2.6006245081471406,1.5588942267985155,0
c6,C_hard_rooms,37,unet,unet,,0.0,128,1,5.3775271383740835,1.01303947179306,5.308309585268149,108,108,192,536,41,2.0,5.755699755837025,0.062151236726363204,2.6848939663457667,1.5550474163108188,0.6057394948864717,0.02185414358973503,2.1200618743896484,0.8221686888718978,0.574045890531961,0
c6,C_hard_rooms,37,unet,unet,,0.0,144,1,5.3775271383740835,1.01303947179306,5.308309585268149,108,108,192,536,41,2.0,5.755699755837025,0.062151236726363204,2.6848939663457667,1.5550474163108188,0.6057394948864717,0.02185414358973503,2.1200618743896484,0.8221686888718978,0.574045890531961,0
c6,C_hard_rooms,37,unet,unet,,0.0,168,1,5.3775271383740835,1.01303947179306,5.308309585268149,108,108,192,536,41,2.0,5.755699755837025,0.062151236726363204,2.6848939663457667,1.5550474163108188,0.6057394948864717,0.02185414358973503,2.1200618743896484,0.8221686888718978,0.574045890531961,0
c6,C_hard_rooms,37,onlstm,onlstm,,0.0,128,0,nan,nan,5.308309585268149,128,128,192,536,41,2.0,4.677318445690476,0.036599451468854176,2.3299890943482695,1.3093862199989779,0.6531142337845537,0.008175012655556202,1.504925012588501,0.6643677562810808,0.451499027347976,0
c6,C_hard_rooms,37,onlstm,onlstm,,0.0,144,1,5.320785953808625,1.002350346817582,5.308309585268149,143,143,192,536,41,2.0,4.677318445690476,0.036599451468854176,2.3299890943482695,1.3093862199989779,0.6531142337845537,0.008175012655556202,1.504925012588501,0.6643677562810808,0.451499027347976,0
c6,C_hard_rooms,37,onlstm,onlstm,,0.0,168,1,5.320785953808625,1.002350346817582,5.308309585268149,143,143,192,536,41,2.0,4.677318445690476,0.036599451468854176,2.3299890943482695,1.3093862199989779,0.6531142337845537,0.008175012655556202,1.504925012588501,0.6643677562810808,0.451499027347976,0
c6,C_hard_rooms,37,hrm,hrm,,0.0,128,1,5.314780150240434,1.0012189501890099,5.308309585268149,86,86,192,536,41,2.0,5.923636797570946,0.0007256120348955036,2.7428712751406135,1.6945356196636847,0.5921740634240297,0.0001799214951461181,2.201129913330078,0.8623097820661272,0.6536409123279899,0
c6,C_hard_rooms,37,hrm,hrm,,0.0,144,1,5.314780150240434,1.0012189501890099,5.308309585268149,86,86,192,536,41,2.0,5.923636797570946,0.0007256120348955036,2.7428712751406135,1.6945356196636847,0.5921740634240297,0.0001799214951461181,2.201129913330078,0.8623097820661272,0.6536409123279899,0
c6,C_hard_rooms,37,hrm,hrm,,0.0,168,1,5.314780150240434,1.0012189501890099,5.308309585268149,86,86,192,536,41,2.0,5.923636797570946,0.0007256120348955036,2.7428712751406135,1.6945356196636847,0.5921740634240297,0.0001799214951461181,2.201129913330078,0.8623097820661272,0.6536409123279899,0
c6,C_hard_rooms,38,euclidean,,,0.0,128,0,nan,nan,6.369344999491832,128,128,192,563,44,2.0,1.9381842913065086,0.0,0.9979815269579936,0.46343394538690996,0.8945351707674363,0.0,1.9381842913065086,0.9979815269579936,0.46343394538690996,0
c6,C_hard_rooms,38,euclidean,,,0.0,144,1,6.369344999491834,1.0000000000000002,6.369344999491832,141,141,192,563,44,2.0,1.9381842913065086,0.0,0.9979815269579936,0.46343394538690996,0.8945351707674363,0.0,1.9381842913065086,0.9979815269579936,0.46343394538690996,0
c6,C_hard_rooms,38,euclidean,,,0.0,168,1,6.369344999491834,1.0000000000000002,6.369344999491832,141,141,192,563,44,2.0,1.9381842913065086,0.0,0.9979815269579936,0.46343394538690996,0.8945351707674363,0.0,1.9381842913065086,0.9979815269579936,0.46343394538690996,0
c6,C_hard_rooms,38,grid_oracle,,,0.0,128,1,6.369344999491834,1.0000000000000002,6.369344999491832,123,123,192,563,44,2.0,5.473238008745113,0.012358575834618496,2.5735028786284535,1.6401070682735954,0.9613925209559723,0.0,5.692322779142209,2.645307449976509,1.631943421439793,0
c6,C_hard_rooms,38,grid_oracle,,,0.0,144,1,6.369344999491834,1.0000000000000002,6.369344999491832,123,123,192,563,44,2.0,5.473238008745113,0.012358575834618496,2.5735028786284535,1.6401070682735954,0.9613925209559723,0.0,5.692322779142209,2.645307449976509,1.631943421439793,0
c6,C_hard_rooms,38,grid_oracle,,,0.0,168,1,6.369344999491834,1.0000000000000002,6.369344999491832,123,123,192,563,44,2.0,5.473238008745113,0.012358575834618496,2.5735028786284535,1.6401070682735954,0.9613925209559723,0.0,5.692322779142209,2.645307449976509,1.631943421439793,0
c6,C_hard_rooms,38,unet,unet,,0.0,128,1,6.411412815892129,1.006604731947108,6.369344999491832,124,124,192,563,44,2.0,6.219692150025117,0.1032179498525548,2.6300129173598736,1.6014303766441491,0.95800667335811,0.02869012951850891,2.34279727935791,0.8275890841955515,0.5803416287258216,0
c6,C_hard_rooms,38,unet,unet,,0.0,144,1,6.411412815892129,1.006604731947108,6.369344999491832,124,124,192,563,44,2.0,6.219692150025117,0.1032179498525548,2.6300129173598736,1.6014303766441491,0.95800667335811,0.02869012951850891,2.34279727935791,0.8275890841955515,0.5803416287258216,0
c6,C_hard_rooms,38,unet,unet,,0.0,168,1,6.411412815892129,1.006604731947108,6.369344999491832,124,124,192,563,44,2.0,6.219692150025117,0.1032179498525548,2.6300129173598736,1.6014303766441491,0.95800667335811,0.02869012951850891,2.34279727935791,0.8275890841955515,0.5803416287258216,0
c6,C_hard_rooms,38,onlstm,onlstm,,0.0,128,0,nan,nan,6.369344999491832,128,128,192,563,44,2.0,4.71656100908274,0.021449459937096436,2.2251690036336846,1.367724560244342,0.928524197705016,0.006614933721721172,1.4979584217071533,0.634543395206606,0.4574378403808267,0
c6,C_hard_rooms,38,onlstm,onlstm,,0.0,144,1,6.369344999491834,1.0000000000000002,6.369344999491832,134,134,192,563,44,2.0,4.71656100908274,0.021449459937096436,2.2251690036336846,1.367724560244342,0.928524197705016,0.006614933721721172,1.4979584217071533,0.634543395206606,0.4574378403808267,0
c6,C_hard_rooms,38,onlstm,onlstm,,0.0,168,1,6.369344999491834,1.0000000000000002,6.369344999491832,134,134,192,563,44,2.0,4.71656100908274,0.021449459937096436,2.2251690036336846,1.367724560244342,0.928524197705016,0.006614933721721172,1.4979584217071533,0.634543395206606,0.4574378403808267,0
c6,C_hard_rooms,38,hrm,hrm,,0.0,128,1,6.369344999491834,1.0000000000000002,6.369344999491832,107,107,192,563,44,2.0,5.986616513085668,0.0006468436342685546,2.6961815355070513,1.7755190762782875,0.9431560779100997,0.00011754397564800456,2.2310678958892822,0.8530093387379569,0.6731033159943965,0
c6,C_hard_rooms,38,hrm,hrm,,0.0,144,1,6.369344999491834,1.0000000000000002,6.369344999491832,107,107,192,563,44,2.0,5.986616513085668,0.0006468436342685546,2.6961815355070513,1.7755190762782875,0.9431560779100997,0.00011754397564800456,2.2310678958892822,0.8530093387379569,0.6731033159943965,0
c6,C_hard_rooms,38,hrm,hrm,,0.0,168,1,6.369344999491834,1.0000000000000002,6.369344999491832,107,107,192,563,44,2.0,5.986616513085668,0.0006468436342685546,2.6961815355070513,1.7755190762782875,0.9431560779100997,0.00011754397564800456,2.2310678958892822,0.8530093387379569,0.6731033159943965,0
c6,C_hard_rooms,39,euclidean,,,0.0,128,0,nan,nan,5.99786518282471,128,128,192,542,39,2.0,2.1373103595701513,0.0,1.0958836838907573,0.5152461928415187,0.8591338198193311,0.0,2.1373103595701513,1.0958836838907573,0.5152461928415187,0
c6,C_hard_rooms,39,euclidean,,,0.0,144,1,5.997865182824711,1.0000000000000002,5.99786518282471,143,143,192,542,39,2.0,2.1373103595701513,0.0,1.0958836838907573,0.5152461928415187,0.8591338198193311,0.0,2.1373103595701513,1.0958836838907573,0.5152461928415187,0
c6,C_hard_rooms,39,euclidean,,,0.0,168,1,5.997865182824711,1.0000000000000002,5.99786518282471,143,143,192,542,39,2.0,2.1373103595701513,0.0,1.0958836838907573,0.5152461928415187,0.8591338198193311,0.0,2.1373103595701513,1.0958836838907573,0.5152461928415187,0
c6,C_hard_rooms,39,grid_oracle,,,0.0,128,1,6.013341258841592,1.0025802640681554,5.99786518282471,98,98,192,542,39,2.0,6.454066224883946,0.013449831123068171,2.876151122160689,1.7644334297510968,0.8272437810270462,0.0,6.503902865032123,2.7729639372795516,1.7307479421439094,0
c6,C_hard_rooms,39,grid_oracle,,,0.0,144,1,6.013341258841592,1.0025802640681554,5.99786518282471,98,98,192,542,39,2.0,6.454066224883946,0.013449831123068171,2.876151122160689,1.7644334297510968,0.8272437810270462,0.0,6.503902865032123,2.7729639372795516,1.7307479421439094,0
c6,C_hard_rooms,39,grid_oracle,,,0.0,168,1,6.013341258841592,1.0025802640681554,5.99786518282471,98,98,192,542,39,2.0,6.454066224883946,0.013449831123068171,2.876151122160689,1.7644334297510968,0.8272437810270462,0.0,6.503902865032123,2.7729639372795516,1.7307479421439094,0
c6,C_hard_rooms,39,unet,unet,,0.0,128,1,6.082591665563062,1.0141261065655447,5.99786518282471,118,118,192,542,39,2.0,6.032863985352943,0.14312461548854505,2.759419677469585,1.6793655439442403,0.8332542115400267,0.03590698912739754,2.1675541400909424,0.8199110108207606,0.5933763950433893,0
c6,C_hard_rooms,39,unet,unet,,0.0,144,1,6.082591665563062,1.0141261065655447,5.99786518282471,118,118,192,542,39,2.0,6.032863985352943,0.14312461548854505,2.759419677469585,1.6793655439442403,0.8332542115400267,0.03590698912739754,2.1675541400909424,0.8199110108207606,0.5933763950433893,0
c6,C_hard_rooms,39,unet,unet,,0.0,168,1,6.082591665563062,1.0141261065655447,5.99786518282471,118,118,192,542,39,2.0,6.032863985352943,0.14312461548854505,2.759419677469585,1.6793655439442403,0.8332542115400267,0.03590698912739754,2.1675541400909424,0.8199110108207606,0.5933763950433893,0
c6,C_hard_rooms,39,onlstm,onlstm,,0.0,128,0,nan,nan,5.99786518282471,128,128,192,542,39,2.0,5.246644875390023,0.02644221336417331,2.479592921730601,1.4685679177379953,0.8132137916067602,0.004156644456088543,1.6069482564926147,0.6956261008847378,0.47959845684520364,0
c6,C_hard_rooms,39,onlstm,onlstm,,0.0,144,1,6.229706871219353,1.0386540346152724,5.99786518282471,131,131,192,542,39,2.0,5.246644875390023,0.02644221336417331,2.479592921730601,1.4685679177379953,0.8132137916067602,0.004156644456088543,1.6069482564926147,0.6956261008847378,0.47959845684520364,0
c6,C_hard_rooms,39,onlstm,onlstm,,0.0,168,1,6.229706871219353,1.0386540346152724,5.99786518282471,131,131,192,542,39,2.0,5.246644875390023,0.02644221336417331,2.479592921730601,1.4685679177379953,0.8132137916067602,0.004156644456088543,1.6069482564926147,0.6956261008847378,0.47959845684520364,0
c6,C_hard_rooms,39,hrm,hrm,,0.0,128,1,6.045391089353491,1.007923803733514,5.99786518282471,100,100,192,542,39,2.0,6.306944411770218,0.00034908690829571324,2.7238236854352427,1.752528986975452,0.8250566285977812,0.00014139749691821635,2.165144681930542,0.8089096191000422,0.6361464570649964,0
c6,C_hard_rooms,39,hrm,hrm,,0.0,144,1,6.045391089353491,1.007923803733514,5.99786518282471,100,100,192,542,39,2.0,6.306944411770218,0.00034908690829571324,2.7238236854352427,1.752528986975452,0.8250566285977812,0.00014139749691821635,2.165144681930542,0.8089096191000422,0.6361464570649964,0
c6,C_hard_rooms,39,hrm,hrm,,0.0,168,1,6.045391089353491,1.007923803733514,5.99786518282471,100,100,192,542,39,2.0,6.306944411770218,0.00034908690829571324,2.7238236854352427,1.752528986975452,0.8250566285977812,0.00014139749691821635,2.165144681930542,0.8089096191000422,0.6361464570649964,0
