stage,suite,world_index,method,backbone,expert_task,alpha,budget,found,cost,cost_ratio,oracle_cost,expansions,closed,roadmap_nodes,roadmap_edges,obstacle_count,side_len,heuristic_max,heuristic_min,heuristic_mean,heuristic_std,spearman_to_prm_oracle,heatmap_min,heatmap_max,heatmap_mean,heatmap_std,nonfinite_heuristic
c6,C_hard_maze_dense,0,euclidean,,,0.0,128,0,nan,nan,2.670567826291199,128,128,192,625,26,1.0,0.9533841183074395,0.0,0.49601310901949347,0.23665366132224655,0.9156742533163335,0.0,0.9533841183074395,0.49601310901949347,0.23665366132224655,0
c6,C_hard_maze_dense,0,euclidean,,,0.0,144,0,nan,nan,2.670567826291199,144,144,192,625,26,1.0,0.9533841183074395,0.0,0.49601310901949347,0.23665366132224655,0.9156742533163335,0.0,0.9533841183074395,0.49601310901949347,0.23665366132224655,0
c6,C_hard_maze_dense,0,euclidean,,,0.0,168,1,2.6705678262911996,1.0000000000000002,2.670567826291199,156,156,192,625,26,1.0,0.9533841183074395,0.0,0.49601310901949347,0.23665366132224655,0.9156742533163335,0.0,0.9533841183074395,0.49601310901949347,0.23665366132224655,0
c6,C_hard_maze_dense,0,grid_oracle,,,0.0,128,1,2.670653927346653,1.0000322407297078,2.670567826291199,125,125,192,625,26,1.0,2.570641497673698,0.005354848961907299,1.147929381759903,0.7079303773632275,0.9864871280145405,0.0,2.6128968241315027,1.1050443994562835,0.7009867297578815,0
c6,C_hard_maze_dense,0,grid_oracle,,,0.0,144,1,2.670653927346653,1.0000322407297078,2.670567826291199,125,125,192,625,26,1.0,2.570641497673698,0.005354848961907299,1.147929381759903,0.7079303773632275,0.9864871280145405,0.0,2.6128968241315027,1.1050443994562835,0.7009867297578815,0
c6,C_hard_maze_dense,0,grid_oracle,,,0.0,168,1,2.670653927346653,1.0000322407297078,2.670567826291199,125,125,192,625,26,1.0,2.570641497673698,0.005354848961907299,1.147929381759903,0.7079303773632275,0.9864871280145405,0.0,2.6128968241315027,1.1050443994562835,0.7009867297578815,0
c6,C_hard_maze_dense,0,unet,unet,,0.0,128,1,2.670653927346653,1.0000322407297078,2.670567826291199,120,120,192,625,26,1.0,2.5998768037228936,0.0340047197314821,1.1672285724634757,0.6906499241531149,0.9454924314353147,0.015909235924482346,1.8314270973205566,0.6301256434303468,0.45233821399806556,0
c6,C_hard_maze_dense,0,unet,unet,,0.0,144,1,2.670653927346653,1.0000322407297078,2.670567826291199,120,120,192,625,26,1.0,2.5998768037228936,0.0340047197314821,1.1672285724634757,0.6906499241531149,0.9454924314353147,0.015909235924482346,1.8314270973205566,0.6301256434303468,0.45233821399806556,0
c6,C_hard_maze_dense,0,unet,unet,,0.0,168,1,2.670653927346653,1.0000322407297078,2.670567826291199,120,120,192,625,26,1.0,2.5998768037228936,0.0340047197314821,1.1672285724634757,0.6906499241531149,0.9454924314353147,0.015909235924482346,1.8314270973205566,0.6301256434303468,0.45233821399806556,0
c6,C_hard_maze_dense,0,onlstm,onlstm,,0.0,128,0,nan,nan,2.670567826291199,128,128,192,625,26,1.0,2.32003632678228,0.010142499041964308,1.118271661893582,0.6843330702517338,0.9319015679678813,0.004587637726217508,1.4342584609985352,0.5824612069335444,0.44162638357805745,0
c6,C_hard_maze_dense,0,onlstm,onlstm,,0.0,144,0,nan,nan,2.670567826291199,144,144,192,625,26,1.0,2.32003632678228,0.010142499041964308,1.118271661893582,0.6843330702517338,0.9319015679678813,0.004587637726217508,1.4342584609985352,0.5824612069335444,0.44162638357805745,0
c6,C_hard_maze_dense,0,onlstm,onlstm,,0.0,168,1,2.859496997244671,1.0707449438630625,2.670567826291199,148,148,192,625,26,1.0,2.32003632678228,0.010142499041964308,1.118271661893582,0.6843330702517338,0.9319015679678813,0.004587637726217508,1.4342584609985352,0.5824612069335444,0.44162638357805745,0
c6,C_hard_maze_dense,0,hrm,hrm,,0.0,128,1,2.837167658009997,1.0623836736437309,2.670567826291199,102,102,192,625,26,1.0,2.901066471471984,0.000338284213737778,1.309364940522827,0.8288000658405873,0.9519402924341481,0.00013400935858953744,2.03764271736145,0.7521815190362595,0.58969082391913,0
c6,C_hard_maze_dense,0,hrm,hrm,,0.0,144,1,2.837167658009997,1.0623836736437309,2.670567826291199,102,102,192,625,26,1.0,2.901066471471984,0.000338284213737778,1.309364940522827,0.8288000658405873,0.9519402924341481,0.00013400935858953744,2.03764271736145,0.7521815190362595,0.58969082391913,0
c6,C_hard_maze_dense,0,hrm,hrm,,0.0,168,1,2.837167658009997,1.0623836736437309,2.670567826291199,102,102,192,625,26,1.0,2.901066471471984,0.000338284213737778,1.309364940522827,0.8288000658405873,0.9519402924341481,0.00013400935858953744,2.03764271736145,0.7521815190362595,0.58969082391913,0
c6,C_hard_maze_dense,1,euclidean,,,0.0,128,0,nan,nan,2.5891858669724774,128,128,192,629,39,1.0,0.9980025707426443,0.0,0.49500246346073856,0.2496158084602876,0.9325577136966609,0.0,0.9980025707426443,0.49500246346073856,0.2496158084602876,0
c6,C_hard_maze_dense,1,euclidean,,,0.0,144,1,2.589185866972478,1.0000000000000002,2.5891858669724774,140,140,192,629,39,1.0,0.9980025707426443,0.0,0.49500246346073856,0.2496158084602876,0.9325577136966609,0.0,0.9980025707426443,0.49500246346073856,0.2496158084602876,0
c6,C_hard_maze_dense,1,euclidean,,,0.0,168,1,2.589185866972478,1.0000000000000002,2.5891858669724774,140,140,192,629,39,1.0,0.9980025707426443,0.0,0.49500246346073856,0.2496158084602876,0.9325577136966609,0.0,0.9980025707426443,0.49500246346073856,0.2496158084602876,0
c6,C_hard_maze_dense,1,grid_oracle,,,0.0,128,1,2.589776806368936,1.0002282336714396,2.5891858669724774,85,85,192,629,39,1.0,2.9372305633952642,0.010167923977576442,1.2559005604165396,0.8730161644056609,0.994708447494778,0.0,3.028299737219424,1.2228004834624004,0.8381953279745682,0
c6,C_hard_maze_dense,1,grid_oracle,,,0.0,144,1,2.589776806368936,1.0002282336714396,2.5891858669724774,85,85,192,629,39,1.0,2.9372305633952642,0.010167923977576442,1.2559005604165396,0.8730161644056609,0.994708447494778,0.0,3.028299737219424,1.2228004834624004,0.8381953279745682,0
c6,C_hard_maze_dense,1,grid_oracle,,,0.0,168,1,2.589776806368936,1.0002282336714396,2.5891858669724774,85,85,192,629,39,1.0,2.9372305633952642,0.010167923977576442,1.2559005604165396,0.8730161644056609,0.994708447494778,0.0,3.028299737219424,1.2228004834624004,0.8381953279745682,0
c6,C_hard_maze_dense,1,unet,unet,,0.0,128,1,2.622232208822076,1.0127632172997452,2.5891858669724774,108,108,192,629,39,1.0,2.954349461042532,0.05884135070239577,1.221934975921519,0.7902382128737346,0.9640730542820716,0.019755927845835686,2.038506507873535,0.7124502795450098,0.5229731572588764,0
c6,C_hard_maze_dense,1,unet,unet,,0.0,144,1,2.622232208822076,1.0127632172997452,2.5891858669724774,108,108,192,629,39,1.0,2.954349461042532,0.05884135070239577,1.221934975921519,0.7902382128737346,0.9640730542820716,0.019755927845835686,2.038506507873535,0.7124502795450098,0.5229731572588764,0
c6,C_hard_maze_dense,1,unet,unet,,0.0,168,1,2.622232208822076,1.0127632172997452,2.5891858669724774,108,108,192,629,39,1.0,2.954349461042532,0.05884135070239577,1.221934975921519,0.7902382128737346,0.9640730542820716,0.019755927845835686,2.038506507873535,0.7124502795450098,0.5229731572588764,0
c6,C_hard_maze_dense,1,onlstm,onlstm,,0.0,128,1,2.7110955100671488,1.0470841605655834,2.5891858669724774,121,121,192,629,39,1.0,2.4074125339403363,0.007258079133166633,1.093960890215075,0.7022159807634841,0.9527286845888833,0.0035597779788076878,1.4729161262512207,0.6068481095051652,0.4495836916445726,0
c6,C_hard_maze_dense,1,onlstm,onlstm,,0.0,144,1,2.7110955100671488,1.0470841605655834,2.5891858669724774,121,121,192,629,39,1.0,2.4074125339403363,0.007258079133166633,1.093960890215075,0.7022159807634841,0.9527286845888833,0.0035597779788076878,1.4729161262512207,0.6068481095051652,0.4495836916445726,0
c6,C_hard_maze_dense,1,onlstm,onlstm,,0.0,168,1,2.7110955100671488,1.0470841605655834,2.5891858669724774,121,121,192,629,39,1.0,2.4074125339403363,0.007258079133166633,1.093960890215075,0.7022159807634841,0.9527286845888833,0.0035597779788076878,1.4729161262512207,0.6068481095051652,0.4495836916445726,0
c6,C_hard_maze_dense,1,hrm,hrm,,0.0,128,1,2.6544978847678964,1.0252249244167966,2.5891858669724774,99,99,192,629,39,1.0,3.1248837038712325,0.00022829124587807911,1.3139535977508712,0.9012605528842731,0.9637848248921684,0.00014426559209823608,2.156355381011963,0.7996817402785155,0.6325331925793395,0
c6,C_hard_maze_dense,1,hrm,hrm,,0.0,144,1,2.6544978847678964,1.0252249244167966,2.5891858669724774,99,99,192,629,39,1.0,3.1248837038712325,0.00022829124587807911,1.3139535977508712,0.9012605528842731,0.9637848248921684,0.00014426559209823608,2.156355381011963,0.7996817402785155,0.6325331925793395,0
c6,C_hard_maze_dense,1,hrm,hrm,,0.0,168,1,2.6544978847678964,1.0252249244167966,2.5891858669724774,99,99,192,629,39,1.0,3.1248837038712325,0.00022829124587807911,1.3139535977508712,0.9012605528842731,0.9637848248921684,0.00014426559209823608,2.156355381011963,0.7996817402785155,0.6325331925793395,0
c6,C_hard_maze_dense,2,euclidean,,,0.0,128,0,nan,nan,2.5150504596973637,128,128,192,624,26,1.0,1.0257126870835365,0.0,0.5450263104767488,0.2602996818489572,0.9259080921248949,0.0,1.0257126870835365,0.5450263104767488,0.2602996818489572,0
c6,C_hard_maze_dense,2,euclidean,,,0.0,144,0,nan,nan,2.5150504596973637,144,144,192,624,26,1.0,1.0257126870835365,0.0,0.5450263104767488,0.2602996818489572,0.9259080921248949,0.0,1.0257126870835365,0.5450263104767488,0.2602996818489572,0
c6,C_hard_maze_dense,2,euclidean,,,0.0,168,1,2.5150504596973637,1.0,2.5150504596973637,148,148,192,624,26,1.0,1.0257126870835365,0.0,0.5450263104767488,0.2602996818489572,0.9259080921248949,0.0,1.0257126870835365,0.5450263104767488,0.2602996818489572,0
c6,C_hard_maze_dense,2,grid_oracle,,,0.0,128,1,2.5215311983618918,1.0025767827597811,2.5150504596973637,89,89,192,624,26,1.0,2.8133409979556623,0.009083218488611287,1.2823155939125634,0.827381650450746,0.9976483872717903,0.0,2.8445909979556623,1.2464631689847656,0.7940985446342399,0
c6,C_hard_maze_dense,2,grid_oracle,,,0.0,144,1,2.5215311983618918,1.0025767827597811,2.5150504596973637,89,89,192,624,26,1.0,2.8133409979556623,0.009083218488611287,1.2823155939125634,0.827381650450746,0.9976483872717903,0.0,2.8445909979556623,1.2464631689847656,0.7940985446342399,0
c6,C_hard_maze_dense,2,grid_oracle,,,0.0,168,1,2.5215311983618918,1.0025767827597811,2.5150504596973637,89,89,192,624,26,1.0,2.8133409979556623,0.009083218488611287,1.2823155939125634,0.827381650450746,0.9976483872717903,0.0,2.8445909979556623,1.2464631689847656,0.7940985446342399,0
c6,C_hard_maze_dense,2,unet,unet,,0.0,128,1,2.58566453074969,1.0280766021135113,2.5150504596973637,125,125,192,624,26,1.0,2.798847573639951,0.0362743386940781,1.2488026525668356,0.7846864114442783,0.9578506903941624,0.010975259356200695,2.1043686866760254,0.6699427425803606,0.5019082750540967,0
c6,C_hard_maze_dense,2,unet,unet,,0.0,144,1,2.58566453074969,1.0280766021135113,2.5150504596973637,125,125,192,624,26,1.0,2.798847573639951,0.0362743386940781,1.2488026525668356,0.7846864114442783,0.9578506903941624,0.010975259356200695,2.1043686866760254,0.6699427425803606,0.5019082750540967,0
c6,C_hard_maze_dense,2,unet,unet,,0.0,168,1,2.58566453074969,1.0280766021135113,2.5150504596973637,125,125,192,624,26,1.0,2.798847573639951,0.0362743386940781,1.2488026525668356,0.7846864114442783,0.9578506903941624,0.010975259356200695,2.1043686866760254,0.6699427425803606,0.5019082750540967,0
c6,C_hard_maze_dense,2,onlstm,onlstm,,0.0,128,1,2.5627392105220173,1.0189613495191632,2.5150504596973637,122,122,192,624,26,1.0,2.3779689019749473,0.003973842541258866,1.2212295472467887,0.7345355300842636,0.952818544339853,0.0007417798624373972,1.5367165803909302,0.6772289877131072,0.47502170388076903,0
c6,C_hard_maze_dense,2,onlstm,onlstm,,0.0,144,1,2.5627392105220173,1.0189613495191632,2.5150504596973637,122,122,192,624,26,1.0,2.3779689019749473,0.003973842541258866,1.2212295472467887,0.7345355300842636,0.952818544339853,0.0007417798624373972,1.5367165803909302,0.6772289877131072,0.47502170388076903,0
c6,C_hard_maze_dense,2,onlstm,onlstm,,0.0,168,1,2.5627392105220173,1.0189613495191632,2.5150504596973637,122,122,192,624,26,1.0,2.3779689019749473,0.003973842541258866,1.2212295472467887,0.7345355300842636,0.952818544339853,0.0007417798624373972,1.5367165803909302,0.6772289877131072,0.47502170388076903,0
c6,C_hard_maze_dense,2,hrm,hrm,,0.0,128,1,2.5847247180675232,1.0277029266357318,2.5150504596973637,108,108,192,624,26,1.0,3.04520764721861,0.0005482618487958222,1.3354543741274731,0.8835605390907623,0.9556499742289017,0.0003578180621843785,2.0556252002716064,0.7559181063437848,0.5931809417899622,0
c6,C_hard_maze_dense,2,hrm,hrm,,0.0,144,1,2.5847247180675232,1.0277029266357318,2.5150504596973637,108,108,192,624,26,1.0,3.04520764721861,0.0005482618487958222,1.3354543741274731,0.8835605390907623,0.9556499742289017,0.0003578180621843785,2.0556252002716064,0.7559181063437848,0.5931809417899622,0
c6,C_hard_maze_dense,2,hrm,hrm,,0.0,168,1,2.5847247180675232,1.0277029266357318,2.5150504596973637,108,108,192,624,26,1.0,3.04520764721861,0.0005482618487958222,1.3354543741274731,0.8835605390907623,0.9556499742289017,0.0003578180621843785,2.0556252002716064,0.7559181063437848,0.5931809417899622,0
c6,C_hard_maze_dense,3,euclidean,,,0.0,128,0,nan,nan,2.5485188856301453,128,128,192,623,31,1.0,1.0703028346917698,0.0,0.5490694733495621,0.2666380335658062,0.8721329653039634,0.0,1.0703028346917698,0.5490694733495621,0.2666380335658062,0
c6,C_hard_maze_dense,3,euclidean,,,0.0,144,0,nan,nan,2.5485188856301453,144,144,192,623,31,1.0,1.0703028346917698,0.0,0.5490694733495621,0.2666380335658062,0.8721329653039634,0.0,1.0703028346917698,0.5490694733495621,0.2666380335658062,0
c6,C_hard_maze_dense,3,euclidean,,,0.0,168,1,2.548518885630145,0.9999999999999998,2.5485188856301453,145,145,192,623,31,1.0,1.0703028346917698,0.0,0.5490694733495621,0.2666380335658062,0.8721329653039634,0.0,1.0703028346917698,0.5490694733495621,0.2666380335658062,0
c6,C_hard_maze_dense,3,grid_oracle,,,0.0,128,1,2.548710641900256,1.0000752422401857,2.5485188856301453,92,92,192,623,31,1.0,2.7395207859502246,0.009058229824625438,1.3337099946517086,0.8129324119083691,0.8894657244391396,0.0,2.779410171779822,1.3244664622237883,0.7943855288425394,0
c6,C_hard_maze_dense,3,grid_oracle,,,0.0,144,1,2.548710641900256,1.0000752422401857,2.5485188856301453,92,92,192,623,31,1.0,2.7395207859502246,0.009058229824625438,1.3337099946517086,0.8129324119083691,0.8894657244391396,0.0,2.779410171779822,1.3244664622237883,0.7943855288425394,0
c6,C_hard_maze_dense,3,grid_oracle,,,0.0,168,1,2.548710641900256,1.0000752422401857,2.5485188856301453,92,92,192,623,31,1.0,2.7395207859502246,0.009058229824625438,1.3337099946517086,0.8129324119083691,0.8894657244391396,0.0,2.779410171779822,1.3244664622237883,0.7943855288425394,0
c6,C_hard_maze_dense,3,unet,unet,,0.0,128,0,nan,nan,2.5485188856301453,128,128,192,623,31,1.0,2.8178215209323225,0.04119788964244496,1.2340124442053744,0.7772902365364673,0.88148855220682,0.010236319154500961,1.9527827501296997,0.6805145343751065,0.5062287185633627,0
c6,C_hard_maze_dense,3,unet,unet,,0.0,144,1,2.601203862568513,1.0206727826250113,2.5485188856301453,130,130,192,623,31,1.0,2.8178215209323225,0.04119788964244496,1.2340124442053744,0.7772902365364673,0.88148855220682,0.010236319154500961,1.9527827501296997,0.6805145343751065,0.5062287185633627,0
c6,C_hard_maze_dense,3,unet,unet,,0.0,168,1,2.601203862568513,1.0206727826250113,2.5485188856301453,130,130,192,623,31,1.0,2.8178215209323225,0.04119788964244496,1.2340124442053744,0.7772902365364673,0.88148855220682,0.010236319154500961,1.9527827501296997,0.6805145343751065,0.5062287185633627,0
c6,C_hard_maze_dense,3,onlstm,onlstm,,0.0,128,0,nan,nan,2.5485188856301453,128,128,192,623,31,1.0,2.4723175450583907,0.0013442360571492905,1.2331403064152577,0.7377948555142613,0.8553325828066084,0.0005000203964300454,1.5880203247070312,0.691737495418721,0.4697466298447747,0
c6,C_hard_maze_dense,3,onlstm,onlstm,,0.0,144,1,2.617112772863784,1.026915196752281,2.5485188856301453,129,129,192,623,31,1.0,2.4723175450583907,0.0013442360571492905,1.2331403064152577,0.7377948555142613,0.8553325828066084,0.0005000203964300454,1.5880203247070312,0.691737495418721,0.4697466298447747,0
c6,C_hard_maze_dense,3,onlstm,onlstm,,0.0,168,1,2.617112772863784,1.026915196752281,2.5485188856301453,129,129,192,623,31,1.0,2.4723175450583907,0.0013442360571492905,1.2331403064152577,0.7377948555142613,0.8553325828066084,0.0005000203964300454,1.5880203247070312,0.691737495418721,0.4697466298447747,0
c6,C_hard_maze_dense,3,hrm,hrm,,0.0,128,1,2.6077816588115668,1.0232538096992632,2.5485188856301453,100,100,192,623,31,1.0,3.031595660073758,0.00046239488657091025,1.3673855921978566,0.9040761501769865,0.8624959308792014,0.0003916393034160137,2.1628668308258057,0.8003127767027038,0.6138205719459477,0
c6,C_hard_maze_dense,3,hrm,hrm,,0.0,144,1,2.6077816588115668,1.0232538096992632,2.5485188856301453,100,100,192,623,31,1.0,3.031595660073758,0.00046239488657091025,1.3673855921978566,0.9040761501769865,0.8624959308792014,0.0003916393034160137,2.1628668308258057,0.8003127767027038,0.6138205719459477,0
c6,C_hard_maze_dense,3,hrm,hrm,,0.0,168,1,2.6077816588115668,1.0232538096992632,2.5485188856301453,100,100,192,623,31,1.0,3.031595660073758,0.00046239488657091025,1.3673855921978566,0.9040761501769865,0.8624959308792014,0.0003916393034160137,2.1628668308258057,0.8003127767027038,0.6138205719459477,0
c6,C_hard_maze_dense,4,euclidean,,,0.0,128,0,nan,nan,2.238188697385586,128,128,192,629,32,1.0,0.9938683887479799,0.0,0.5238279179333434,0.24497993775324453,0.6856688956406154,0.0,0.9938683887479799,0.5238279179333434,0.24497993775324453,0
c6,C_hard_maze_dense,4,euclidean,,,0.0,144,1,2.2381886973855862,1.0000000000000002,2.238188697385586,131,131,192,629,32,1.0,0.9938683887479799,0.0,0.5238279179333434,0.24497993775324453,0.6856688956406154,0.0,0.9938683887479799,0.5238279179333434,0.24497993775324453,0
c6,C_hard_maze_dense,4,euclidean,,,0.0,168,1,2.2381886973855862,1.0000000000000002,2.238188697385586,131,131,192,629,32,1.0,0.9938683887479799,0.0,0.5238279179333434,0.24497993775324453,0.6856688956406154,0.0,0.9938683887479799,0.5238279179333434,0.24497993775324453,0
c6,C_hard_maze_dense,4,grid_oracle,,,0.0,128,1,2.240247830016831,1.0009199995664577,2.238188697385586,92,92,192,629,32,1.0,2.413916365785124,0.00687059432953194,1.0804311914752103,0.6925781511436332,0.6742363616634567,0.0,2.4410218241315014,1.0795655296447204,0.6833145857248852,0
c6,C_hard_maze_dense,4,grid_oracle,,,0.0,144,1,2.240247830016831,1.0009199995664577,2.238188697385586,92,92,192,629,32,1.0,2.413916365785124,0.00687059432953194,1.0804311914752103,0.6925781511436332,0.6742363616634567,0.0,2.4410218241315014,1.0795655296447204,0.6833145857248852,0
c6,C_hard_maze_dense,4,grid_oracle,,,0.0,168,1,2.240247830016831,1.0009199995664577,2.238188697385586,92,92,192,629,32,1.0,2.413916365785124,0.00687059432953194,1.0804311914752103,0.6925781511436332,0.6742363616634567,0.0,2.4410218241315014,1.0795655296447204,0.6833145857248852,0
c6,C_hard_maze_dense,4,unet,unet,,0.0,128,1,2.2389280782911465,1.0003303478864067,2.238188697385586,89,89,192,629,32,1.0,2.539546175181073,0.04401950105555442,1.175168156774709,0.7248375001661858,0.6383009386105309,0.014929681085050106,1.8070378303527832,0.6472289832852312,0.4734759797916016,0
c6,C_hard_maze_dense,4,unet,unet,,0.0,144,1,2.2389280782911465,1.0003303478864067,2.238188697385586,89,89,192,629,32,1.0,2.539546175181073,0.04401950105555442,1.175168156774709,0.7248375001661858,0.6383009386105309,0.014929681085050106,1.8070378303527832,0.6472289832852312,0.4734759797916016,0
c6,C_hard_maze_dense,4,unet,unet,,0.0,168,1,2.2389280782911465,1.0003303478864067,2.238188697385586,89,89,192,629,32,1.0,2.539546175181073,0.04401950105555442,1.175168156774709,0.7248375001661858,0.6383009386105309,0.014929681085050106,1.8070378303527832,0.6472289832852312,0.4734759797916016,0
c6,C_hard_maze_dense,4,onlstm,onlstm,,0.0,128,1,2.2406851666180807,1.0011153971224191,2.238188697385586,104,104,192,629,32,1.0,2.4164941760932157,0.004327167497637581,1.163940029941143,0.7306393121525746,0.6294421235385075,0.0016397747676819563,1.5383796691894531,0.6375080512187594,0.4760692554029524,0
c6,C_hard_maze_dense,4,onlstm,onlstm,,0.0,144,1,2.2406851666180807,1.0011153971224191,2.238188697385586,104,104,192,629,32,1.0,2.4164941760932157,0.004327167497637581,1.163940029941143,0.7306393121525746,0.6294421235385075,0.0016397747676819563,1.5383796691894531,0.6375080512187594,0.4760692554029524,0
c6,C_hard_maze_dense,4,onlstm,onlstm,,0.0,168,1,2.2406851666180807,1.0011153971224191,2.238188697385586,104,104,192,629,32,1.0,2.4164941760932157,0.004327167497637581,1.163940029941143,0.7306393121525746,0.6294421235385075,0.0016397747676819563,1.5383796691894531,0.6375080512187594,0.4760692554029524,0
c6,C_hard_maze_dense,4,hrm,hrm,,0.0,128,1,2.240270492265153,1.0009301248290632,2.238188697385586,103,103,192,629,32,1.0,2.7372569069719312,0.0001559387125341118,1.1541900826504066,0.7742778638028833,0.6382975476765321,8.366451220354065e-05,2.012390375137329,0.6395583532296047,0.5319229049938647,0
c6,C_hard_maze_dense,4,hrm,hrm,,0.0,144,1,2.240270492265153,1.0009301248290632,2.238188697385586,103,103,192,629,32,1.0,2.7372569069719312,0.0001559387125341118,1.1541900826504066,0.7742778638028833,0.6382975476765321,8.366451220354065e-05,2.012390375137329,0.6395583532296047,0.5319229049938647,0
c6,C_hard_maze_dense,4,hrm,hrm,,0.0,168,1,2.240270492265153,1.0009301248290632,2.238188697385586,103,103,192,629,32,1.0,2.7372569069719312,0.0001559387125341118,1.1541900826504066,0.7742778638028833,0.6382975476765321,8.366451220354065e-05,2.012390375137329,0.6395583532296047,0.5319229049938647,0
c6,C_hard_maze_dense,5,euclidean,,,0.0,128,0,nan,nan,2.427441231190759,128,128,192,632,33,1.0,1.0181364017989336,0.0,0.5108383682161127,0.2574983224141592,0.8433507175216343,0.0,1.0181364017989336,0.5108383682161127,0.2574983224141592,0
c6,C_hard_maze_dense,5,euclidean,,,0.0,144,1,2.4274412311907594,1.0000000000000002,2.427441231190759,132,132,192,632,33,1.0,1.0181364017989336,0.0,0.5108383682161127,0.2574983224141592,0.8433507175216343,0.0,1.0181364017989336,0.5108383682161127,0.2574983224141592,0
c6,C_hard_maze_dense,5,euclidean,,,0.0,168,1,2.4274412311907594,1.0000000000000002,2.427441231190759,132,132,192,632,33,1.0,1.0181364017989336,0.0,0.5108383682161127,0.2574983224141592,0.8433507175216343,0.0,1.0181364017989336,0.5108383682161127,0.2574983224141592,0
c6,C_hard_maze_dense,5,grid_oracle,,,0.0,128,1,2.4274412311907594,1.0000000000000002,2.427441231190759,92,92,192,632,33,1.0,2.600159427235254,0.008223827284025891,1.1396380481486295,0.7531057023370424,0.9172323874888101,0.0,2.619368911043581,1.1408493688075647,0.7143115365319248,0
c6,C_hard_maze_dense,5,grid_oracle,,,0.0,144,1,2.4274412311907594,1.0000000000000002,2.427441231190759,92,92,192,632,33,1.0,2.600159427235254,0.008223827284025891,1.1396380481486295,0.7531057023370424,0.9172323874888101,0.0,2.619368911043581,1.1408493688075647,0.7143115365319248,0
c6,C_hard_maze_dense,5,grid_oracle,,,0.0,168,1,2.4274412311907594,1.0000000000000002,2.427441231190759,92,92,192,632,33,1.0,2.600159427235254,0.008223827284025891,1.1396380481486295,0.7531057023370424,0.9172323874888101,0.0,2.619368911043581,1.1408493688075647,0.7143115365319248,0
c6,C_hard_maze_dense,5,unet,unet,,0.0,128,1,2.510727901587439,1.0343104785922355,2.427441231190759,107,107,192,632,33,1.0,2.8518198997861126,0.037159621424422945,1.1987273846585174,0.7782720810603618,0.8571111276890108,0.009378581307828426,1.9461543560028076,0.6684906276466336,0.4968665962280688,0
c6,C_hard_maze_dense,5,unet,unet,,0.0,144,1,2.510727901587439,1.0343104785922355,2.427441231190759,107,107,192,632,33,1.0,2.8518198997861126,0.037159621424422945,1.1987273846585174,0.7782720810603618,0.8571111276890108,0.009378581307828426,1.9461543560028076,0.6684906276466336,0.4968665962280688,0
c6,C_hard_maze_dense,5,unet,unet,,0.0,168,1,2.510727901587439,1.0343104785922355,2.427441231190759,107,107,192,632,33,1.0,2.8518198997861126,0.037159621424422945,1.1987273846585174,0.7782720810603618,0.8571111276890108,0.009378581307828426,1.9461543560028076,0.6684906276466336,0.4968665962280688,0
c6,C_hard_maze_dense,5,onlstm,onlstm,,0.0,128,1,2.5446724983757614,1.0482941731724214,2.427441231190759,102,102,192,632,33,1.0,2.4378705502209836,0.001978722917052502,1.1208303878455435,0.712118439238174,0.883009386105309,0.0008245686767622828,1.49097740650177,0.629936542270741,0.46027562270604405,0
c6,C_hard_maze_dense,5,onlstm,onlstm,,0.0,144,1,2.5446724983757614,1.0482941731724214,2.427441231190759,102,102,192,632,33,1.0,2.4378705502209836,0.001978722917052502,1.1208303878455435,0.712118439238174,0.883009386105309,0.0008245686767622828,1.49097740650177,0.629936542270741,0.46027562270604405,0
c6,C_hard_maze_dense,5,onlstm,onlstm,,0.0,168,1,2.5446724983757614,1.0482941731724214,2.427441231190759,102,102,192,632,33,1.0,2.4378705502209836,0.001978722917052502,1.1208303878455435,0.712118439238174,0.883009386105309,0.0008245686767622828,1.49097740650177,0.629936542270741,0.46027562270604405,0
c6,C_hard_maze_dense,5,hrm,hrm,,0.0,128,1,2.4560936273767098,1.0118035385647197,2.427441231190759,78,78,192,632,33,1.0,3.0897306237336997,0.0011613098715132022,1.3045673590053226,0.8774583866362662,0.8576129859208421,0.0004504380631260574,2.0910396575927734,0.7826721314697878,0.6049114212536931,0
c6,C_hard_maze_dense,5,hrm,hrm,,0.0,144,1,2.4560936273767098,1.0118035385647197,2.427441231190759,78,78,192,632,33,1.0,3.0897306237336997,0.0011613098715132022,1.3045673590053226,0.8774583866362662,0.8576129859208421,0.0004504380631260574,2.0910396575927734,0.7826721314697878,0.6049114212536931,0
c6,C_hard_maze_dense,5,hrm,hrm,,0.0,168,1,2.4560936273767098,1.0118035385647197,2.427441231190759,78,78,192,632,33,1.0,3.0897306237336997,0.0011613098715132022,1.3045673590053226,0.8774583866362662,0.8576129859208421,0.0004504380631260574,2.0910396575927734,0.7826721314697878,0.6049114212536931,0
c6,C_hard_maze_dense,6,euclidean,,,0.0,128,0,nan,nan,2.5354024361231056,128,128,192,625,28,1.0,1.0009712753963096,0.0,0.4959018354284961,0.2362738717836572,0.9071290996392049,0.0,1.0009712753963096,0.4959018354284961,0.2362738717836572,0
c6,C_hard_maze_dense,6,euclidean,,,0.0,144,0,nan,nan,2.5354024361231056,144,144,192,625,28,1.0,1.0009712753963096,0.0,0.4959018354284961,0.2362738717836572,0.9071290996392049,0.0,1.0009712753963096,0.4959018354284961,0.2362738717836572,0
c6,C_hard_maze_dense,6,euclidean,,,0.0,168,1,2.535402436123105,0.9999999999999998,2.5354024361231056,149,149,192,625,28,1.0,1.0009712753963096,0.0,0.4959018354284961,0.2362738717836572,0.9071290996392049,0.0,1.0009712753963096,0.4959018354284961,0.2362738717836572,0
c6,C_hard_maze_dense,6,grid_oracle,,,0.0,128,1,2.535434174275713,1.000012517994049,2.5354024361231056,97,97,192,625,28,1.0,2.615975734455177,0.004947739142866275,1.2551095113005502,0.7391416548847431,0.9987385725524239,0.0,2.6296322586919008,1.2813722392418376,0.7282491648812013,0
c6,C_hard_maze_dense,6,grid_oracle,,,0.0,144,1,2.535434174275713,1.000012517994049,2.5354024361231056,97,97,192,625,28,1.0,2.615975734455177,0.004947739142866275,1.2551095113005502,0.7391416548847431,0.9987385725524239,0.0,2.6296322586919008,1.2813722392418376,0.7282491648812013,0
c6,C_hard_maze_dense,6,grid_oracle,,,0.0,168,1,2.535434174275713,1.000012517994049,2.5354024361231056,97,97,192,625,28,1.0,2.615975734455177,0.004947739142866275,1.2551095113005502,0.7391416548847431,0.9987385725524239,0.0,2.6296322586919008,1.2813722392418376,0.7282491648812013,0
c6,C_hard_maze_dense,6,unet,unet,,0.0,128,0,nan,nan,2.5354024361231056,128,128,192,625,28,1.0,2.815333458026294,0.0262660383825671,1.1517445411262663,0.7273494931485709,0.9421286249084448,0.011204746551811695,1.948255181312561,0.6408249058420097,0.48300801871384536,0
c6,C_hard_maze_dense,6,unet,unet,,0.0,144,1,2.5897724486059475,1.0214443323506384,2.5354024361231056,139,139,192,625,28,1.0,2.815333458026294,0.0262660383825671,1.1517445411262663,0.7273494931485709,0.9421286249084448,0.011204746551811695,1.948255181312561,0.6408249058420097,0.48300801871384536,0
c6,C_hard_maze_dense,6,unet,unet,,0.0,168,1,2.5897724486059475,1.0214443323506384,2.5354024361231056,139,139,192,625,28,1.0,2.815333458026294,0.0262660383825671,1.1517445411262663,0.7273494931485709,0.9421286249084448,0.011204746551811695,1.948255181312561,0.6408249058420097,0.48300801871384536,0
c6,C_hard_maze_dense,6,onlstm,onlstm,,0.0,128,1,2.538549737659428,1.0012413420021538,2.5354024361231056,111,111,192,625,28,1.0,2.370908085957491,0.001698608300994134,1.091822253776269,0.7009754537649002,0.9502482163687167,0.0008545283344574273,1.5070854425430298,0.6095665753793043,0.4623992461453498,0
c6,C_hard_maze_dense,6,onlstm,onlstm,,0.0,144,1,2.538549737659428,1.0012413420021538,2.5354024361231056,111,111,192,625,28,1.0,2.370908085957491,0.001698608300994134,1.091822253776269,0.7009754537649002,0.9502482163687167,0.0008545283344574273,1.5070854425430298,0.6095665753793043,0.4623992461453498,0
c6,C_hard_maze_dense,6,onlstm,onlstm,,0.0,168,1,2.538549737659428,1.0012413420021538,2.5354024361231056,111,111,192,625,28,1.0,2.370908085957491,0.001698608300994134,1.091822253776269,0.7009754537649002,0.9502482163687167,0.0008545283344574273,1.5070854425430298,0.6095665753793043,0.4623992461453498,0
c6,C_hard_maze_dense,6,hrm,hrm,,0.0,128,1,2.6326231287480053,1.0383452706520075,2.5354024361231056,124,124,192,625,28,1.0,2.584435173622678,0.0006571076940010841,1.112661713139979,0.7250599132263217,0.9421540569134363,0.0003000609576702118,1.8246084451675415,0.6209588292267014,0.4826196037338259,0
c6,C_hard_maze_dense,6,hrm,hrm,,0.0,144,1,2.6326231287480053,1.0383452706520075,2.5354024361231056,124,124,192,625,28,1.0,2.584435173622678,0.0006571076940010841,1.112661713139979,0.7250599132263217,0.9421540569134363,0.0003000609576702118,1.8246084451675415,0.6209588292267014,0.4826196037338259,0
c6,C_hard_maze_dense,6,hrm,hrm,,0.0,168,1,2.6326231287480053,1.0383452706520075,2.5354024361231056,124,124,192,625,28,1.0,2.584435173622678,0.0006571076940010841,1.112661713139979,0.7250599132263217,0.9421540569134363,0.0003000609576702118,1.8246084451675415,0.6209588292267014,0.4826196037338259,0
c6,C_hard_maze_dense,7,euclidean,,,0.0,128,0,nan,nan,2.633941647330359,128,128,192,675,26,1.0,1.0015707777914393,0.0,0.4881612661130473,0.2192116246104646,0.9025106475327566,0.0,1.0015707777914393,0.4881612661130473,0.2192116246104646,0
c6,C_hard_maze_dense,7,euclidean,,,0.0,144,1,2.6339416473303596,1.0000000000000002,2.633941647330359,140,140,192,675,26,1.0,1.0015707777914393,0.0,0.4881612661130473,0.2192116246104646,0.9025106475327566,0.0,1.0015707777914393,0.4881612661130473,0.2192116246104646,0
c6,C_hard_maze_dense,7,euclidean,,,0.0,168,1,2.6339416473303596,1.0000000000000002,2.633941647330359,140,140,192,675,26,1.0,1.0015707777914393,0.0,0.4881612661130473,0.2192116246104646,0.9025106475327566,0.0,1.0015707777914393,0.4881612661130473,0.2192116246104646,0
c6,C_hard_maze_dense,7,grid_oracle,,,0.0,128,1,2.6339416473303596,1.0000000000000002,2.633941647330359,84,84,192,675,26,1.0,2.6887695342237943,0.001510393799430831,1.1780903952228636,0.7285888124225148,0.9982604508585846,0.0,2.706646824131503,1.2401513446376695,0.7616257221539134,0
c6,C_hard_maze_dense,7,grid_oracle,,,0.0,144,1,2.6339416473303596,1.0000000000000002,2.633941647330359,84,84,192,675,26,1.0,2.6887695342237943,0.001510393799430831,1.1780903952228636,0.7285888124225148,0.9982604508585846,0.0,2.706646824131503,1.2401513446376695,0.7616257221539134,0
c6,C_hard_maze_dense,7,grid_oracle,,,0.0,168,1,2.6339416473303596,1.0000000000000002,2.633941647330359,84,84,192,675,26,1.0,2.6887695342237943,0.001510393799430831,1.1780903952228636,0.7285888124225148,0.9982604508585846,0.0,2.706646824131503,1.2401513446376695,0.7616257221539134,0
c6,C_hard_maze_dense,7,unet,unet,,0.0,128,1,2.6625039480982866,1.0108439383222012,2.633941647330359,96,96,192,675,26,1.0,2.6619560344131656,0.0353960622869332,1.1328147924304,0.674189251690309,0.9565536581395981,0.012594207189977169,1.870789885520935,0.6621970309383869,0.46370972634691715,0
c6,C_hard_maze_dense,7,unet,unet,,0.0,144,1,2.6625039480982866,1.0108439383222012,2.633941647330359,96,96,192,675,26,1.0,2.6619560344131656,0.0353960622869332,1.1328147924304,0.674189251690309,0.9565536581395981,0.012594207189977169,1.870789885520935,0.6621970309383869,0.46370972634691715,0
c6,C_hard_maze_dense,7,unet,unet,,0.0,168,1,2.6625039480982866,1.0108439383222012,2.633941647330359,96,96,192,675,26,1.0,2.6619560344131656,0.0353960622869332,1.1328147924304,0.674189251690309,0.9565536581395981,0.012594207189977169,1.870789885520935,0.6621970309383869,0.46370972634691715,0
c6,C_hard_maze_dense,7,onlstm,onlstm,,0.0,128,1,2.6669049541408287,1.0125148204569678,2.633941647330359,116,116,192,675,26,1.0,2.3047777114166372,0.009726117520693228,1.0409543971394914,0.6366882123133834,0.9469895287958116,0.003765960456803441,1.431562066078186,0.5999675325548992,0.4431974520999721,0
c6,C_hard_maze_dense,7,onlstm,onlstm,,0.0,144,1,2.6669049541408287,1.0125148204569678,2.633941647330359,116,116,192,675,26,1.0,2.3047777114166372,0.009726117520693228,1.0409543971394914,0.6366882123133834,0.9469895287958116,0.003765960456803441,1.431562066078186,0.5999675325548992,0.4431974520999721,0
c6,C_hard_maze_dense,7,onlstm,onlstm,,0.0,168,1,2.6669049541408287,1.0125148204569678,2.633941647330359,116,116,192,675,26,1.0,2.3047777114166372,0.009726117520693228,1.0409543971394914,0.6366882123133834,0.9469895287958116,0.003765960456803441,1.431562066078186,0.5999675325548992,0.4431974520999721,0
c6,C_hard_maze_dense,7,hrm,hrm,,0.0,128,1,2.771714534794857,1.0523067348907058,2.633941647330359,94,94,192,675,26,1.0,2.969509540727156,0.0002174441370756277,1.2005208767246447,0.787707023892782,0.9670960719420557,0.00010194825154030696,2.10099458694458,0.7625731664443922,0.5932053502231738,0
c6,C_hard_maze_dense,7,hrm,hrm,,0.0,144,1,2.771714534794857,1.0523067348907058,2.633941647330359,94,94,192,675,26,1.0,2.969509540727156,0.0002174441370756277,1.2005208767246447,0.787707023892782,0.9670960719420557,0.00010194825154030696,2.10099458694458,0.7625731664443922,0.5932053502231738,0
c6,C_hard_maze_dense,7,hrm,hrm,,0.0,168,1,2.771714534794857,1.0523067348907058,2.633941647330359,94,94,192,675,26,1.0,2.969509540727156,0.0002174441370756277,1.2005208767246447,0.787707023892782,0.9670960719420557,0.00010194825154030696,2.10099458694458,0.7625731664443922,0.5932053502231738,0
c6,C_hard_maze_dense,8,euclidean,,,0.0,128,0,nan,nan,2.815059362522908,128,128,192,680,37,1.0,1.025357614398168,0.0,0.5523659907844215,0.2606908399844979,0.906598418468383,0.0,1.025357614398168,0.5523659907844215,0.2606908399844979,0
c6,C_hard_maze_dense,8,euclidean,,,0.0,144,0,nan,nan,2.815059362522908,144,144,192,680,37,1.0,1.025357614398168,0.0,0.5523659907844215,0.2606908399844979,0.906598418468383,0.0,1.025357614398168,0.5523659907844215,0.2606908399844979,0
c6,C_hard_maze_dense,8,euclidean,,,0.0,168,1,2.815059362522908,1.0,2.815059362522908,151,151,192,680,37,1.0,1.025357614398168,0.0,0.5523659907844215,0.2606908399844979,0.906598418468383,0.0,1.025357614398168,0.5523659907844215,0.2606908399844979,0
c6,C_hard_maze_dense,8,grid_oracle,,,0.0,128,1,2.8193210440836283,1.0015138869245375,2.815059362522908,124,124,192,680,37,1.0,2.862896824131502,0.008024867392814715,1.2363376923323008,0.8124483184263903,0.9484510213493207,0.0,2.91467351942814,1.2589823013658905,0.783434681690126,0
c6,C_hard_maze_dense,8,grid_oracle,,,0.0,144,1,2.8193210440836283,1.0015138869245375,2.815059362522908,124,124,192,680,37,1.0,2.862896824131502,0.008024867392814715,1.2363376923323008,0.8124483184263903,0.9484510213493207,0.0,2.91467351942814,1.2589823013658905,0.783434681690126,0
c6,C_hard_maze_dense,8,grid_oracle,,,0.0,168,1,2.8193210440836283,1.0015138869245375,2.815059362522908,124,124,192,680,37,1.0,2.862896824131502,0.008024867392814715,1.2363376923323008,0.8124483184263903,0.9484510213493207,0.0,2.91467351942814,1.2589823013658905,0.783434681690126,0
c6,C_hard_maze_dense,8,unet,unet,,0.0,128,1,2.8277830062667757,1.004519849177342,2.815059362522908,125,125,192,680,37,1.0,3.025155673606593,0.0316204985810436,1.2448762947483518,0.7860564991961397,0.9226765320239809,0.01970585808157921,2.0714638233184814,0.7027397815299992,0.5104714009374738,0
c6,C_hard_maze_dense,8,unet,unet,,0.0,144,1,2.8277830062667757,1.004519849177342,2.815059362522908,125,125,192,680,37,1.0,3.025155673606593,0.0316204985810436,1.2448762947483518,0.7860564991961397,0.9226765320239809,0.01970585808157921,2.0714638233184814,0.7027397815299992,0.5104714009374738,0
c6,C_hard_maze_dense,8,unet,unet,,0.0,168,1,2.8277830062667757,1.004519849177342,2.815059362522908,125,125,192,680,37,1.0,3.025155673606593,0.0316204985810436,1.2448762947483518,0.7860564991961397,0.9226765320239809,0.01970585808157921,2.0714638233184814,0.7027397815299992,0.5104714009374738,0
c6,C_hard_maze_dense,8,onlstm,onlstm,,0.0,128,0,nan,nan,2.815059362522908,128,128,192,680,37,1.0,2.5715300254682467,0.022408770289860203,1.2215386549444984,0.7300892834324231,0.9191092694571794,0.005825990345329046,1.5940525531768799,0.6878292113621001,0.45527163222789974,0
c6,C_hard_maze_dense,8,onlstm,onlstm,,0.0,144,1,2.8537145034812554,1.0137315544648777,2.815059362522908,139,139,192,680,37,1.0,2.5715300254682467,0.022408770289860203,1.2215386549444984,0.7300892834324231,0.9191092694571794,0.005825990345329046,1.5940525531768799,0.6878292113621001,0.45527163222789974,0
c6,C_hard_maze_dense,8,onlstm,onlstm,,0.0,168,1,2.8537145034812554,1.0137315544648777,2.815059362522908,139,139,192,680,37,1.0,2.5715300254682467,0.022408770289860203,1.2215386549444984,0.7300892834324231,0.9191092694571794,0.005825990345329046,1.5940525531768799,0.6878292113621001,0.45527163222789974,0
c6,C_hard_maze_dense,8,hrm,hrm,,0.0,128,0,nan,nan,2.815059362522908,128,128,192,680,37,1.0,2.9597812024095425,0.000165598363064739,1.2443772960779678,0.855074134662743,0.9190668827821936,0.00010755904804682359,2.077112913131714,0.7104809749365479,0.5749257525137277,0
c6,C_hard_maze_dense,8,hrm,hrm,,0.0,144,1,2.8949301047929796,1.0283726671392428,2.815059362522908,129,129,192,680,37,1.0,2.9597812024095425,0.000165598363064739,1.2443772960779678,0.855074134662743,0.9190668827821936,0.00010755904804682359,2.077112913131714,0.7104809749365479,0.5749257525137277,0
c6,C_hard_maze_dense,8,hrm,hrm,,0.0,168,1,2.8949301047929796,1.0283726671392428,2.815059362522908,129,129,192,680,37,1.0,2.9597812024095425,0.000165598363064739,1.2443772960779678,0.855074134662743,0.9190668827821936,0.00010755904804682359,2.077112913131714,0.7104809749365479,0.5749257525137277,0
c6,C_hard_maze_dense,9,euclidean,,,0.0,128,0,nan,nan,2.5301437179553625,128,128,192,650,34,1.0,1.0161803540615995,0.0,0.5092109400271686,0.2535887788650063,0.9164372134660772,0.0,1.0161803540615995,0.5092109400271686,0.2535887788650063,0
c6,C_hard_maze_dense,9,euclidean,,,0.0,144,1,2.530143717955363,1.0000000000000002,2.5301437179553625,143,143,192,650,34,1.0,1.0161803540615995,0.0,0.5092109400271686,0.2535887788650063,0.9164372134660772,0.0,1.0161803540615995,0.5092109400271686,0.2535887788650063,0
c6,C_hard_maze_dense,9,euclidean,,,0.0,168,1,2.530143717955363,1.0000000000000002,2.5301437179553625,143,143,192,650,34,1.0,1.0161803540615995,0.0,0.5092109400271686,0.2535887788650063,0.9164372134660772,0.0,1.0161803540615995,0.5092109400271686,0.2535887788650063,0
c6,C_hard_maze_dense,9,grid_oracle,,,0.0,128,1,2.530154071066567,1.000004091906373,2.5301437179553625,80,80,192,650,34,1.0,2.707757258691901,0.0074795199255549265,1.1848813428276974,0.7878626798278764,0.9730047744350706,0.0,2.707757258691901,1.173592883664653,0.7565313556372427,0
c6,C_hard_maze_dense,9,grid_oracle,,,0.0,144,1,2.530154071066567,1.000004091906373,2.5301437179553625,80,80,192,650,34,1.0,2.707757258691901,0.0074795199255549265,1.1848813428276974,0.7878626798278764,0.9730047744350706,0.0,2.707757258691901,1.173592883664653,0.7565313556372427,0
c6,C_hard_maze_dense,9,grid_oracle,,,0.0,168,1,2.530154071066567,1.000004091906373,2.5301437179553625,80,80,192,650,34,1.0,2.707757258691901,0.0074795199255549265,1.1848813428276974,0.7878626798278764,0.9730047744350706,0.0,2.707757258691901,1.173592883664653,0.7565313556372427,0
c6,C_hard_maze_dense,9,unet,unet,,0.0,128,1,2.5972349687171663,1.0265167746344548,2.5301437179553625,125,125,192,650,34,1.0,2.8664637603457046,0.02236431702723627,1.228032982096881,0.7830912380321646,0.9092670835254865,0.009567387402057648,2.0468087196350098,0.7033251602713335,0.5177571947486446,0
c6,C_hard_maze_dense,9,unet,unet,,0.0,144,1,2.5972349687171663,1.0265167746344548,2.5301437179553625,125,125,192,650,34,1.0,2.8664637603457046,0.02236431702723627,1.228032982096881,0.7830912380321646,0.9092670835254865,0.009567387402057648,2.0468087196350098,0.7033251602713335,0.5177571947486446,0
c6,C_hard_maze_dense,9,unet,unet,,0.0,168,1,2.5972349687171663,1.0265167746344548,2.5301437179553625,125,125,192,650,34,1.0,2.8664637603457046,0.02236431702723627,1.228032982096881,0.7830912380321646,0.9092670835254865,0.009567387402057648,2.0468087196350098,0.7033251602713335,0.5177571947486446,0
c6,C_hard_maze_dense,9,onlstm,onlstm,,0.0,128,0,nan,nan,2.5301437179553625,128,128,192,650,34,1.0,2.2547283402016403,0.002220019403374513,1.1324884193976203,0.7163221876303003,0.9419709464774978,0.0013877036981284618,1.4668010473251343,0.6511311446886054,0.45645177588517843,0
c6,C_hard_maze_dense,9,onlstm,onlstm,,0.0,144,1,2.6476473944659054,1.046441502779731,2.5301437179553625,135,135,192,650,34,1.0,2.2547283402016403,0.002220019403374513,1.1324884193976203,0.7163221876303003,0.9419709464774978,0.0013877036981284618,1.4668010473251343,0.6511311446886054,0.45645177588517843,0
c6,C_hard_maze_dense,9,onlstm,onlstm,,0.0,168,1,2.6476473944659054,1.046441502779731,2.5301437179553625,135,135,192,650,34,1.0,2.2547283402016403,0.002220019403374513,1.1324884193976203,0.7163221876303003,0.9419709464774978,0.0013877036981284618,1.4668010473251343,0.6511311446886054,0.45645177588517843,0
c6,C_hard_maze_dense,9,hrm,hrm,,0.0,128,0,nan,nan,2.5301437179553625,128,128,192,650,34,1.0,2.9100637359168915,0.0011861190526836975,1.2619677631708888,0.863779826018467,0.9102504543851561,0.00034673497430048883,2.0399913787841797,0.7611749670661538,0.5857825836843591,0
c6,C_hard_maze_dense,9,hrm,hrm,,0.0,144,1,2.5733122267807422,1.017061682511958,2.5301437179553625,129,129,192,650,34,1.0,2.9100637359168915,0.0011861190526836975,1.2619677631708888,0.863779826018467,0.9102504543851561,0.00034673497430048883,2.0399913787841797,0.7611749670661538,0.5857825836843591,0
c6,C_hard_maze_dense,9,hrm,hrm,,0.0,168,1,2.5733122267807422,1.017061682511958,2.5301437179553625,129,129,192,650,34,1.0,2.9100637359168915,0.0011861190526836975,1.2619677631708888,0.863779826018467,0.9102504543851561,0.00034673497430048883,2.0399913787841797,0.7611749670661538,0.5857825836843591,0
c6,C_hard_maze_dense,10,euclidean,,,0.0,128,0,nan,nan,2.521185457600597,128,128,192,664,27,1.0,1.0276307918399472,0.0,0.5064949422889533,0.2601903725574957,0.9437647505628952,0.0,1.0276307918399472,0.5064949422889533,0.2601903725574957,0
c6,C_hard_maze_dense,10,euclidean,,,0.0,144,1,2.521185457600597,1.0,2.521185457600597,144,144,192,664,27,1.0,1.0276307918399472,0.0,0.5064949422889533,0.2601903725574957,0.9437647505628952,0.0,1.0276307918399472,0.5064949422889533,0.2601903725574957,0
c6,C_hard_maze_dense,10,euclidean,,,0.0,168,1,2.521185457600597,1.0,2.521185457600597,144,144,192,664,27,1.0,1.0276307918399472,0.0,0.5064949422889533,0.2601903725574957,0.9437647505628952,0.0,1.0276307918399472,0.5064949422889533,0.2601903725574957,0
c6,C_hard_maze_dense,10,grid_oracle,,,0.0,128,1,2.536858968960243,1.0062167228961263,2.521185457600597,88,88,192,664,27,1.0,2.694593375386989,0.008008898838152943,1.1512994195631598,0.7963961029518626,0.9986673629384478,0.0,2.888785171779822,1.2153613042091345,0.7731162084841636,0
c6,C_hard_maze_dense,10,grid_oracle,,,0.0,144,1,2.536858968960243,1.0062167228961263,2.521185457600597,88,88,192,664,27,1.0,2.694593375386989,0.008008898838152943,1.1512994195631598,0.7963961029518626,0.9986673629384478,0.0,2.888785171779822,1.2153613042091345,0.7731162084841636,0
c6,C_hard_maze_dense,10,grid_oracle,,,0.0,168,1,2.536858968960243,1.0062167228961263,2.521185457600597,88,88,192,664,27,1.0,2.694593375386989,0.008008898838152943,1.1512994195631598,0.7963961029518626,0.9986673629384478,0.0,2.888785171779822,1.2153613042091345,0.7731162084841636,0
c6,C_hard_maze_dense,10,unet,unet,,0.0,128,0,nan,nan,2.521185457600597,128,128,192,664,27,1.0,2.7589889389084012,0.0352623415179822,1.1265191935222747,0.7293736285056238,0.9611449827740555,0.011846392415463924,1.987867832183838,0.6458744981416658,0.47799874023961847,0
c6,C_hard_maze_dense,10,unet,unet,,0.0,144,1,2.7086392962096695,1.0743514674987344,2.521185457600597,134,134,192,664,27,1.0,2.7589889389084012,0.0352623415179822,1.1265191935222747,0.7293736285056238,0.9611449827740555,0.011846392415463924,1.987867832183838,0.6458744981416658,0.47799874023961847,0
c6,C_hard_maze_dense,10,unet,unet,,0.0,168,1,2.7086392962096695,1.0743514674987344,2.521185457600597,134,134,192,664,27,1.0,2.7589889389084012,0.0352623415179822,1.1265191935222747,0.7293736285056238,0.9611449827740555,0.011846392415463924,1.987867832183838,0.6458744981416658,0.47799874023961847,0
c6,C_hard_maze_dense,10,onlstm,onlstm,,0.0,128,1,2.521185457600597,1.0,2.521185457600597,96,96,192,664,27,1.0,2.45938562588864,0.001886934591227166,1.1226553883558414,0.7422261964323916,0.9689068306974474,0.0004910876741632819,1.5190542936325073,0.6579845405459253,0.4749303325636898,0
c6,C_hard_maze_dense,10,onlstm,onlstm,,0.0,144,1,2.521185457600597,1.0,2.521185457600597,96,96,192,664,27,1.0,2.45938562588864,0.001886934591227166,1.1226553883558414,0.7422261964323916,0.9689068306974474,0.0004910876741632819,1.5190542936325073,0.6579845405459253,0.4749303325636898,0
c6,C_hard_maze_dense,10,onlstm,onlstm,,0.0,168,1,2.521185457600597,1.0,2.521185457600597,96,96,192,664,27,1.0,2.45938562588864,0.001886934591227166,1.1226553883558414,0.7422261964323916,0.9689068306974474,0.0004910876741632819,1.5190542936325073,0.6579845405459253,0.4749303325636898,0
c6,C_hard_maze_dense,10,hrm,hrm,,0.0,128,1,2.53079243555836,1.003810500306037,2.521185457600597,101,101,192,664,27,1.0,2.8935063890981927,0.0005333619234571306,1.1676467875124743,0.8080617816675674,0.958211824865041,0.00030307885026559234,2.0012142658233643,0.6834516400478066,0.5365556600524934,0
c6,C_hard_maze_dense,10,hrm,hrm,,0.0,144,1,2.53079243555836,1.003810500306037,2.521185457600597,101,101,192,664,27,1.0,2.8935063890981927,0.0005333619234571306,1.1676467875124743,0.8080617816675674,0.958211824865041,0.00030307885026559234,2.0012142658233643,0.6834516400478066,0.5365556600524934,0
c6,C_hard_maze_dense,10,hrm,hrm,,0.0,168,1,2.53079243555836,1.003810500306037,2.521185457600597,101,101,192,664,27,1.0,2.8935063890981927,0.0005333619234571306,1.1676467875124743,0.8080617816675674,0.958211824865041,0.00030307885026559234,2.0012142658233643,0.6834516400478066,0.5365556600524934,0
c6,C_hard_maze_dense,11,euclidean,,,0.0,128,0,nan,nan,2.4561294446420896,128,128,192,613,37,1.0,1.0256998514993394,0.0,0.517390728194207,0.24329875046317348,0.7417973306567561,0.0,1.0256998514993394,0.517390728194207,0.24329875046317348,0
c6,C_hard_maze_dense,11,euclidean,,,0.0,144,1,2.45612944464209,1.0000000000000002,2.4561294446420896,139,139,192,613,37,1.0,1.0256998514993394,0.0,0.517390728194207,0.24329875046317348,0.7417973306567561,0.0,1.0256998514993394,0.517390728194207,0.24329875046317348,0
c6,C_hard_maze_dense,11,euclidean,,,0.0,168,1,2.45612944464209,1.0000000000000002,2.4561294446420896,139,139,192,613,37,1.0,1.0256998514993394,0.0,0.517390728194207,0.24329875046317348,0.7417973306567561,0.0,1.0256998514993394,0.517390728194207,0.24329875046317348,0
c6,C_hard_maze_dense,11,grid_oracle,,,0.0,128,1,2.45612944464209,1.0000000000000002,2.4561294446420896,93,93,192,613,37,1.0,2.6221989687580147,0.007592219302096982,1.1453941120300108,0.735304231183157,0.7440217833600088,0.0,2.6349939110435825,1.2006997741932703,0.7267501100638479,0
c6,C_hard_maze_dense,11,grid_oracle,,,0.0,144,1,2.45612944464209,1.0000000000000002,2.4561294446420896,93,93,192,613,37,1.0,2.6221989687580147,0.007592219302096982,1.1453941120300108,0.735304231183157,0.7440217833600088,0.0,2.6349939110435825,1.2006997741932703,0.7267501100638479,0
c6,C_hard_maze_dense,11,grid_oracle,,,0.0,168,1,2.45612944464209,1.0000000000000002,2.4561294446420896,93,93,192,613,37,1.0,2.6221989687580147,0.007592219302096982,1.1453941120300108,0.735304231183157,0.7440217833600088,0.0,2.6349939110435825,1.2006997741932703,0.7267501100638479,0
c6,C_hard_maze_dense,11,unet,unet,,0.0,128,1,2.5200902556420117,1.026041302969373,2.4561294446420896,97,97,192,613,37,1.0,2.7511597036675606,0.04551479290870987,1.2027877287795417,0.7582417771330355,0.6820083823888454,0.014834729954600334,1.9837589263916016,0.7235625624985005,0.5120184212084717,0
c6,C_hard_maze_dense,11,unet,unet,,0.0,144,1,2.5200902556420117,1.026041302969373,2.4561294446420896,97,97,192,613,37,1.0,2.7511597036675606,0.04551479290870987,1.2027877287795417,0.7582417771330355,0.6820083823888454,0.014834729954600334,1.9837589263916016,0.7235625624985005,0.5120184212084717,0
c6,C_hard_maze_dense,11,unet,unet,,0.0,168,1,2.5200902556420117,1.026041302969373,2.4561294446420896,97,97,192,613,37,1.0,2.7511597036675606,0.04551479290870987,1.2027877287795417,0.7582417771330355,0.6820083823888454,0.014834729954600334,1.9837589263916016,0.7235625624985005,0.5120184212084717,0
c6,C_hard_maze_dense,11,onlstm,onlstm,,0.0,128,1,2.6108597610120223,1.0629976228278475,2.4561294446420896,110,110,192,613,37,1.0,2.3713713553557474,0.01651672510092951,1.1330251021791524,0.6731350422307733,0.6772322518514501,0.0069857388734817505,1.542523741722107,0.6442228793783897,0.450623029569232,0
c6,C_hard_maze_dense,11,onlstm,onlstm,,0.0,144,1,2.6108597610120223,1.0629976228278475,2.4561294446420896,110,110,192,613,37,1.0,2.3713713553557474,0.01651672510092951,1.1330251021791524,0.6731350422307733,0.6772322518514501,0.0069857388734817505,1.542523741722107,0.6442228793783897,0.450623029569232,0
c6,C_hard_maze_dense,11,onlstm,onlstm,,0.0,168,1,2.6108597610120223,1.0629976228278475,2.4561294446420896,110,110,192,613,37,1.0,2.3713713553557474,0.01651672510092951,1.1330251021791524,0.6731350422307733,0.6772322518514501,0.0069857388734817505,1.542523741722107,0.6442228793783897,0.450623029569232,0
c6,C_hard_maze_dense,11,hrm,hrm,,0.0,128,1,2.5894200573892125,1.0542685618780756,2.4561294446420896,89,89,192,613,37,1.0,2.9628846821098995,0.00038184636163473624,1.327521175685038,0.8869381174835922,0.6767999077665954,0.00016230328765232116,2.171766757965088,0.8572802604153011,0.6539773564451623,0
c6,C_hard_maze_dense,11,hrm,hrm,,0.0,144,1,2.5894200573892125,1.0542685618780756,2.4561294446420896,89,89,192,613,37,1.0,2.9628846821098995,0.00038184636163473624,1.327521175685038,0.8869381174835922,0.6767999077665954,0.00016230328765232116,2.171766757965088,0.8572802604153011,0.6539773564451623,0
c6,C_hard_maze_dense,11,hrm,hrm,,0.0,168,1,2.5894200573892125,1.0542685618780756,2.4561294446420896,89,89,192,613,37,1.0,2.9628846821098995,0.00038184636163473624,1.327521175685038,0.8869381174835922,0.6767999077665954,0.00016230328765232116,2.171766757965088,0.8572802604153011,0.6539773564451623,0
c6,C_hard_maze_dense,12,euclidean,,,0.0,128,0,nan,nan,2.1758087861506197,128,128,192,651,27,1.0,0.9931735749880927,0.0,0.4551616534776685,0.2252618782167677,0.8874599869788136,0.0,0.9931735749880927,0.4551616534776685,0.2252618782167677,0
c6,C_hard_maze_dense,12,euclidean,,,0.0,144,1,2.1758087861506192,0.9999999999999998,2.1758087861506197,139,139,192,651,27,1.0,0.9931735749880927,0.0,0.4551616534776685,0.2252618782167677,0.8874599869788136,0.0,0.9931735749880927,0.4551616534776685,0.2252618782167677,0
c6,C_hard_maze_dense,12,euclidean,,,0.0,168,1,2.1758087861506192,0.9999999999999998,2.1758087861506197,139,139,192,651,27,1.0,0.9931735749880927,0.0,0.4551616534776685,0.2252618782167677,0.8874599869788136,0.0,0.9931735749880927,0.4551616534776685,0.2252618782167677,0
c6,C_hard_maze_dense,12,grid_oracle,,,0.0,128,1,2.176523766780647,1.0003286045329802,2.1758087861506197,75,75,192,651,27,1.0,2.554036128920723,0.003671036141276467,1.0387656704301718,0.6898813584996163,0.9636034099232293,0.0,2.575174737219423,1.1395453305865704,0.7170613581824811,0
c6,C_hard_maze_dense,12,grid_oracle,,,0.0,144,1,2.176523766780647,1.0003286045329802,2.1758087861506197,75,75,192,651,27,1.0,2.554036128920723,0.003671036141276467,1.0387656704301718,0.6898813584996163,0.9636034099232293,0.0,2.575174737219423,1.1395453305865704,0.7170613581824811,0
c6,C_hard_maze_dense,12,grid_oracle,,,0.0,168,1,2.176523766780647,1.0003286045329802,2.1758087861506197,75,75,192,651,27,1.0,2.554036128920723,0.003671036141276467,1.0387656704301718,0.6898813584996163,0.9636034099232293,0.0,2.575174737219423,1.1395453305865704,0.7170613581824811,0
c6,C_hard_maze_dense,12,unet,unet,,0.0,128,1,2.2000596557454974,1.0111456805162469,2.1758087861506197,118,118,192,651,27,1.0,2.755622346735661,0.0405180436577025,1.0115496114894302,0.6684197775604526,0.8915799717874292,0.01283950824290514,1.9396581649780273,0.6369166750143904,0.48057649569623506,0
c6,C_hard_maze_dense,12,unet,unet,,0.0,144,1,2.2000596557454974,1.0111456805162469,2.1758087861506197,118,118,192,651,27,1.0,2.755622346735661,0.0405180436577025,1.0115496114894302,0.6684197775604526,0.8915799717874292,0.01283950824290514,1.9396581649780273,0.6369166750143904,0.48057649569623506,0
c6,C_hard_maze_dense,12,unet,unet,,0.0,168,1,2.2000596557454974,1.0111456805162469,2.1758087861506197,118,118,192,651,27,1.0,2.755622346735661,0.0405180436577025,1.0115496114894302,0.6684197775604526,0.8915799717874292,0.01283950824290514,1.9396581649780273,0.6369166750143904,0.48057649569623506,0
c6,C_hard_maze_dense,12,onlstm,onlstm,,0.0,128,1,2.1808089990667763,1.0022980939078763,2.1758087861506197,85,85,192,651,27,1.0,2.281166411860985,0.004606756003072586,0.9649342281348731,0.6627579390914738,0.9252502509291161,0.0006748558953404427,1.4387683868408203,0.5851847546024089,0.4584199804008759,0
c6,C_hard_maze_dense,12,onlstm,onlstm,,0.0,144,1,2.1808089990667763,1.0022980939078763,2.1758087861506197,85,85,192,651,27,1.0,2.281166411860985,0.004606756003072586,0.9649342281348731,0.6627579390914738,0.9252502509291161,0.0006748558953404427,1.4387683868408203,0.5851847546024089,0.4584199804008759,0
c6,C_hard_maze_dense,12,onlstm,onlstm,,0.0,168,1,2.1808089990667763,1.0022980939078763,2.1758087861506197,85,85,192,651,27,1.0,2.281166411860985,0.004606756003072586,0.9649342281348731,0.6627579390914738,0.9252502509291161,0.0006748558953404427,1.4387683868408203,0.5851847546024089,0.4584199804008759,0
c6,C_hard_maze_dense,12,hrm,hrm,,0.0,128,1,2.1758087861506192,0.9999999999999998,2.1758087861506197,87,87,192,651,27,1.0,2.938362808850251,0.0012050843471948238,1.1290237827743195,0.8040660826746608,0.9039060168732878,0.0004408099048305303,2.0815834999084473,0.7708595256601072,0.6029580398654638,0
c6,C_hard_maze_dense,12,hrm,hrm,,0.0,144,1,2.1758087861506192,0.9999999999999998,2.1758087861506197,87,87,192,651,27,1.0,2.938362808850251,0.0012050843471948238,1.1290237827743195,0.8040660826746608,0.9039060168732878,0.0004408099048305303,2.0815834999084473,0.7708595256601072,0.6029580398654638,0
c6,C_hard_maze_dense,12,hrm,hrm,,0.0,168,1,2.1758087861506192,0.9999999999999998,2.1758087861506197,87,87,192,651,27,1.0,2.938362808850251,0.0012050843471948238,1.1290237827743195,0.8040660826746608,0.9039060168732878,0.0004408099048305303,2.0815834999084473,0.7708595256601072,0.6029580398654638,0
c6,C_hard_maze_dense,13,euclidean,,,0.0,128,0,nan,nan,2.5082636236595572,128,128,192,629,29,1.0,0.9660365389133799,0.0,0.4604819673316179,0.21734839796435698,0.902583552613732,0.0,0.9660365389133799,0.4604819673316179,0.21734839796435698,0
c6,C_hard_maze_dense,13,euclidean,,,0.0,144,1,2.5082636236595577,1.0000000000000002,2.5082636236595572,143,143,192,629,29,1.0,0.9660365389133799,0.0,0.4604819673316179,0.21734839796435698,0.902583552613732,0.0,0.9660365389133799,0.4604819673316179,0.21734839796435698,0
c6,C_hard_maze_dense,13,euclidean,,,0.0,168,1,2.5082636236595577,1.0000000000000002,2.5082636236595572,143,143,192,629,29,1.0,0.9660365389133799,0.0,0.4604819673316179,0.21734839796435698,0.902583552613732,0.0,0.9660365389133799,0.4604819673316179,0.21734839796435698,0
c6,C_hard_maze_dense,13,grid_oracle,,,0.0,128,1,2.5082636236595577,1.0000000000000002,2.5082636236595572,96,96,192,629,29,1.0,2.4522743598297705,0.006629211369727268,0.9868504514526094,0.6188419501940108,0.9965921113311452,0.0,2.5088834764831835,1.0977156354204671,0.6863529429371228,0
c6,C_hard_maze_dense,13,grid_oracle,,,0.0,144,1,2.5082636236595577,1.0000000000000002,2.5082636236595572,96,96,192,629,29,1.0,2.4522743598297705,0.006629211369727268,0.9868504514526094,0.6188419501940108,0.9965921113311452,0.0,2.5088834764831835,1.0977156354204671,0.6863529429371228,0
c6,C_hard_maze_dense,13,grid_oracle,,,0.0,168,1,2.5082636236595577,1.0000000000000002,2.5082636236595572,96,96,192,629,29,1.0,2.4522743598297705,0.006629211369727268,0.9868504514526094,0.6188419501940108,0.9965921113311452,0.0,2.5088834764831835,1.0977156354204671,0.6863529429371228,0
c6,C_hard_maze_dense,13,unet,unet,,0.0,128,0,nan,nan,2.5082636236595572,128,128,192,629,29,1.0,2.858763417867551,0.0351046023572081,1.0589367550933242,0.6599718797369999,0.9443174728047095,0.014028058387339115,2.115541934967041,0.68138640946745,0.5054176105553202,0
c6,C_hard_maze_dense,13,unet,unet,,0.0,144,1,2.5340810282898496,1.0102929390622126,2.5082636236595572,135,135,192,629,29,1.0,2.858763417867551,0.0351046023572081,1.0589367550933242,0.6599718797369999,0.9443174728047095,0.014028058387339115,2.115541934967041,0.68138640946745,0.5054176105553202,0
c6,C_hard_maze_dense,13,unet,unet,,0.0,168,1,2.5340810282898496,1.0102929390622126,2.5082636236595572,135,135,192,629,29,1.0,2.858763417867551,0.0351046023572081,1.0589367550933242,0.6599718797369999,0.9443174728047095,0.014028058387339115,2.115541934967041,0.68138640946745,0.5054176105553202,0
c6,C_hard_maze_dense,13,onlstm,onlstm,,0.0,128,1,2.608825809166514,1.0400923509627895,2.5082636236595572,102,102,192,629,29,1.0,2.1693231022099413,0.004790869522093614,0.995738053309025,0.6305542317279208,0.959378306160649,0.0012391016352921724,1.4262967109680176,0.6032889311256042,0.45008914954404877,0
c6,C_hard_maze_dense,13,onlstm,onlstm,,0.0,144,1,2.608825809166514,1.0400923509627895,2.5082636236595572,102,102,192,629,29,1.0,2.1693231022099413,0.004790869522093614,0.995738053309025,0.6305542317279208,0.959378306160649,0.0012391016352921724,1.4262967109680176,0.6032889311256042,0.45008914954404877,0
c6,C_hard_maze_dense,13,onlstm,onlstm,,0.0,168,1,2.608825809166514,1.0400923509627895,2.5082636236595572,102,102,192,629,29,1.0,2.1693231022099413,0.004790869522093614,0.995738053309025,0.6305542317279208,0.959378306160649,0.0012391016352921724,1.4262967109680176,0.6032889311256042,0.45008914954404877,0
c6,C_hard_maze_dense,13,hrm,hrm,,0.0,128,1,2.5770125935320576,1.0274089889212663,2.5082636236595572,90,90,192,629,29,1.0,2.8515282629476912,0.0016717288792023432,1.1628819409525255,0.7642387212269519,0.9530576051867727,0.0004491139843594283,2.107593059539795,0.7844837999233292,0.5984697601677498,0
c6,C_hard_maze_dense,13,hrm,hrm,,0.0,144,1,2.5770125935320576,1.0274089889212663,2.5082636236595572,90,90,192,629,29,1.0,2.8515282629476912,0.0016717288792023432,1.1628819409525255,0.7642387212269519,0.9530576051867727,0.0004491139843594283,2.107593059539795,0.7844837999233292,0.5984697601677498,0
c6,C_hard_maze_dense,13,hrm,hrm,,0.0,168,1,2.5770125935320576,1.0274089889212663,2.5082636236595572,90,90,192,629,29,1.0,2.8515282629476912,0.0016717288792023432,1.1628819409525255,0.7642387212269519,0.9530576051867727,0.0004491139843594283,2.107593059539795,0.7844837999233292,0.5984697601677498,0
c6,C_hard_maze_dense,14,euclidean,,,0.0,128,0,nan,nan,2.505226002554069,128,128,192,609,27,1.0,0.9560943837659901,0.0,0.5047949268390024,0.23643459023539873,0.9263336543417521,0.0,0.9560943837659901,0.5047949268390024,0.23643459023539873,0
c6,C_hard_maze_dense,14,euclidean,,,0.0,144,0,nan,nan,2.505226002554069,144,144,192,609,27,1.0,0.9560943837659901,0.0,0.5047949268390024,0.23643459023539873,0.9263336543417521,0.0,0.9560943837659901,0.5047949268390024,0.23643459023539873,0
c6,C_hard_maze_dense,14,euclidean,,,0.0,168,1,2.505226002554068,0.9999999999999997,2.505226002554069,148,148,192,609,27,1.0,0.9560943837659901,0.0,0.5047949268390024,0.23643459023539873,0.9263336543417521,0.0,0.9560943837659901,0.5047949268390024,0.23643459023539873,0
c6,C_hard_maze_dense,14,grid_oracle,,,0.0,128,1,2.5134517145478976,1.0032834211306456,2.505226002554069,115,115,192,609,27,1.0,2.515564000227636,0.006340879627748501,1.1108526125648446,0.6893425982140011,0.996732835092098,0.0,2.5881189110435825,1.1000061671636625,0.7000937050436383,0
c6,C_hard_maze_dense,14,grid_oracle,,,0.0,144,1,2.5134517145478976,1.0032834211306456,2.505226002554069,115,115,192,609,27,1.0,2.515564000227636,0.006340879627748501,1.1108526125648446,0.6893425982140011,0.996732835092098,0.0,2.5881189110435825,1.1000061671636625,0.7000937050436383,0
c6,C_hard_maze_dense,14,grid_oracle,,,0.0,168,1,2.5134517145478976,1.0032834211306456,2.505226002554069,115,115,192,609,27,1.0,2.515564000227636,0.006340879627748501,1.1108526125648446,0.6893425982140011,0.996732835092098,0.0,2.5881189110435825,1.1000061671636625,0.7000937050436383,0
c6,C_hard_maze_dense,14,unet,unet,,0.0,128,1,2.524910500851908,1.0078573742559638,2.505226002554069,125,125,192,609,27,1.0,2.740579377925048,0.02831403807743208,1.1038212906136777,0.6683613181189637,0.956423107180642,0.012688458897173405,1.9259010553359985,0.6061686303773968,0.4609635622530264,0
c6,C_hard_maze_dense,14,unet,unet,,0.0,144,1,2.524910500851908,1.0078573742559638,2.505226002554069,125,125,192,609,27,1.0,2.740579377925048,0.02831403807743208,1.1038212906136777,0.6683613181189637,0.956423107180642,0.012688458897173405,1.9259010553359985,0.6061686303773968,0.4609635622530264,0
c6,C_hard_maze_dense,14,unet,unet,,0.0,168,1,2.524910500851908,1.0078573742559638,2.505226002554069,125,125,192,609,27,1.0,2.740579377925048,0.02831403807743208,1.1038212906136777,0.6683613181189637,0.956423107180642,0.012688458897173405,1.9259010553359985,0.6061686303773968,0.4609635622530264,0
c6,C_hard_maze_dense,14,onlstm,onlstm,,0.0,128,1,2.53928798836187,1.0135963724522559,2.505226002554069,117,117,192,609,27,1.0,2.299800138213585,0.0016312905365277902,1.0955267982963368,0.6742047552556097,0.9625250929115917,0.000599591585341841,1.4733097553253174,0.5880941626292895,0.45659048781202943,0
c6,C_hard_maze_dense,14,onlstm,onlstm,,0.0,144,1,2.53928798836187,1.0135963724522559,2.505226002554069,117,117,192,609,27,1.0,2.299800138213585,0.0016312905365277902,1.0955267982963368,0.6742047552556097,0.9625250929115917,0.000599591585341841,1.4733097553253174,0.5880941626292895,0.45659048781202943,0
c6,C_hard_maze_dense,14,onlstm,onlstm,,0.0,168,1,2.53928798836187,1.0135963724522559,2.505226002554069,117,117,192,609,27,1.0,2.299800138213585,0.0016312905365277902,1.0955267982963368,0.6742047552556097,0.9625250929115917,0.000599591585341841,1.4733097553253174,0.5880941626292895,0.45659048781202943,0
c6,C_hard_maze_dense,14,hrm,hrm,,0.0,128,1,2.5510277165221504,1.0182824678976614,2.505226002554069,119,119,192,609,27,1.0,2.547644038684661,0.000474678528917369,1.0676540952757316,0.6695824639505265,0.9532017198817243,0.0002538760018069297,1.8271806240081787,0.5730760462604323,0.45639787028378076,0
c6,C_hard_maze_dense,14,hrm,hrm,,0.0,144,1,2.5510277165221504,1.0182824678976614,2.505226002554069,119,119,192,609,27,1.0,2.547644038684661,0.000474678528917369,1.0676540952757316,0.6695824639505265,0.9532017198817243,0.0002538760018069297,1.8271806240081787,0.5730760462604323,0.45639787028378076,0
c6,C_hard_maze_dense,14,hrm,hrm,,0.0,168,1,2.5510277165221504,1.0182824678976614,2.505226002554069,119,119,192,609,27,1.0,2.547644038684661,0.000474678528917369,1.0676540952757316,0.6695824639505265,0.9532017198817243,0.0002538760018069297,1.8271806240081787,0.5730760462604323,0.45639787028378076,0
c6,C_hard_maze_dense,15,euclidean,,,0.0,128,0,nan,nan,2.660403382187584,128,128,192,623,33,1.0,1.0416460112154882,0.0,0.5687753808019845,0.25000278015665645,0.9269847136695333,0.0,1.0416460112154882,0.5687753808019845,0.25000278015665645,0
c6,C_hard_maze_dense,15,euclidean,,,0.0,144,0,nan,nan,2.660403382187584,144,144,192,623,33,1.0,1.0416460112154882,0.0,0.5687753808019845,0.25000278015665645,0.9269847136695333,0.0,1.0416460112154882,0.5687753808019845,0.25000278015665645,0
c6,C_hard_maze_dense,15,euclidean,,,0.0,168,1,2.660403382187585,1.0000000000000004,2.660403382187584,147,147,192,623,33,1.0,1.0416460112154882,0.0,0.5687753808019845,0.25000278015665645,0.9269847136695333,0.0,1.0416460112154882,0.5687753808019845,0.25000278015665645,0
c6,C_hard_maze_dense,15,grid_oracle,,,0.0,128,1,2.660932645827865,1.0001989411244268,2.660403382187584,111,111,192,623,33,1.0,2.527465041673632,0.0059939836401274845,1.1378626523304678,0.6751262871035707,0.9184751647993925,0.0,2.5671322586919,1.1366279287474237,0.6889986496876283,0
c6,C_hard_maze_dense,15,grid_oracle,,,0.0,144,1,2.660932645827865,1.0001989411244268,2.660403382187584,111,111,192,623,33,1.0,2.527465041673632,0.0059939836401274845,1.1378626523304678,0.6751262871035707,0.9184751647993925,0.0,2.5671322586919,1.1366279287474237,0.6889986496876283,0
c6,C_hard_maze_dense,15,grid_oracle,,,0.0,168,1,2.660932645827865,1.0001989411244268,2.660403382187584,111,111,192,623,33,1.0,2.527465041673632,0.0059939836401274845,1.1378626523304678,0.6751262871035707,0.9184751647993925,0.0,2.5671322586919,1.1366279287474237,0.6889986496876283,0
c6,C_hard_maze_dense,15,unet,unet,,0.0,128,1,2.767140938696786,1.0401208167242046,2.660403382187584,127,127,192,623,33,1.0,2.9315645261887955,0.030683305908014817,1.2562630164281263,0.7207679598771373,0.9133226405881237,0.011842647567391396,2.049288034439087,0.6695904578102727,0.49771802969866785,0
c6,C_hard_maze_dense,15,unet,unet,,0.0,144,1,2.767140938696786,1.0401208167242046,2.660403382187584,127,127,192,623,33,1.0,2.9315645261887955,0.030683305908014817,1.2562630164281263,0.7207679598771373,0.9133226405881237,0.011842647567391396,2.049288034439087,0.6695904578102727,0.49771802969866785,0
c6,C_hard_maze_dense,15,unet,unet,,0.0,168,1,2.767140938696786,1.0401208167242046,2.660403382187584,127,127,192,623,33,1.0,2.9315645261887955,0.030683305908014817,1.2562630164281263,0.7207679598771373,0.9133226405881237,0.011842647567391396,2.049288034439087,0.6695904578102727,0.49771802969866785,0
c6,C_hard_maze_dense,15,onlstm,onlstm,,0.0,128,1,2.705344838907635,1.0168927227430815,2.660403382187584,103,103,192,623,33,1.0,2.5857814121878167,0.0015708014557597075,1.2862584298875601,0.6973702873597926,0.9207470905786291,0.00081432651495561,1.5936155319213867,0.7053815089271893,0.46694938919376083,0
c6,C_hard_maze_dense,15,onlstm,onlstm,,0.0,144,1,2.705344838907635,1.0168927227430815,2.660403382187584,103,103,192,623,33,1.0,2.5857814121878167,0.0015708014557597075,1.2862584298875601,0.6973702873597926,0.9207470905786291,0.00081432651495561,1.5936155319213867,0.7053815089271893,0.46694938919376083,0
c6,C_hard_maze_dense,15,onlstm,onlstm,,0.0,168,1,2.705344838907635,1.0168927227430815,2.660403382187584,103,103,192,623,33,1.0,2.5857814121878167,0.0015708014557597075,1.2862584298875601,0.6973702873597926,0.9207470905786291,0.00081432651495561,1.5936155319213867,0.7053815089271893,0.46694938919376083,0
c6,C_hard_maze_dense,15,hrm,hrm,,0.0,128,1,2.83886016482829,1.067078843695487,2.660403382187584,121,121,192,623,33,1.0,2.7843691821467607,0.0005606871809029415,1.2019896549943325,0.7118783664568482,0.9077937227029814,0.000306334113702178,1.8290371894836426,0.6094859307898588,0.47493965371466645,0
c6,C_hard_maze_dense,15,hrm,hrm,,0.0,144,1,2.83886016482829,1.067078843695487,2.660403382187584,121,121,192,623,33,1.0,2.7843691821467607,0.0005606871809029415,1.2019896549943325,0.7118783664568482,0.9077937227029814,0.000306334113702178,1.8290371894836426,0.6094859307898588,0.47493965371466645,0
c6,C_hard_maze_dense,15,hrm,hrm,,0.0,168,1,2.83886016482829,1.067078843695487,2.660403382187584,121,121,192,623,33,1.0,2.7843691821467607,0.0005606871809029415,1.2019896549943325,0.7118783664568482,0.9077937227029814,0.000306334113702178,1.8290371894836426,0.6094859307898588,0.47493965371466645,0
c6,C_hard_maze_dense,16,euclidean,,,0.0,128,0,nan,nan,2.688387761310852,128,128,192,612,32,1.0,1.0486528981840904,0.0,0.5829887607304142,0.24722793766038142,0.9506619103165777,0.0,1.0486528981840904,0.5829887607304142,0.24722793766038142,0
c6,C_hard_maze_dense,16,euclidean,,,0.0,144,0,nan,nan,2.688387761310852,144,144,192,612,32,1.0,1.0486528981840904,0.0,0.5829887607304142,0.24722793766038142,0.9506619103165777,0.0,1.0486528981840904,0.5829887607304142,0.24722793766038142,0
c6,C_hard_maze_dense,16,euclidean,,,0.0,168,1,2.6883877613108518,0.9999999999999999,2.688387761310852,150,150,192,612,32,1.0,1.0486528981840904,0.0,0.5829887607304142,0.24722793766038142,0.9506619103165777,0.0,1.0486528981840904,0.5829887607304142,0.24722793766038142,0
c6,C_hard_maze_dense,16,grid_oracle,,,0.0,128,1,2.69411234413191,1.0021293739331214,2.688387761310852,105,105,192,612,32,1.0,3.062674671169145,0.00921081983559699,1.3863433481201526,0.9810651804948541,0.9899187532213874,0.0,2.117148041922786,0.889100364036634,0.5398437436417101,0
c6,C_hard_maze_dense,16,grid_oracle,,,0.0,144,1,2.69411234413191,1.0021293739331214,2.688387761310852,105,105,192,612,32,1.0,3.062674671169145,0.00921081983559699,1.3863433481201526,0.9810651804948541,0.9899187532213874,0.0,2.117148041922786,0.889100364036634,0.5398437436417101,0
c6,C_hard_maze_dense,16,grid_oracle,,,0.0,168,1,2.69411234413191,1.0021293739331214,2.688387761310852,105,105,192,612,32,1.0,3.062674671169145,0.00921081983559699,1.3863433481201526,0.9810651804948541,0.9899187532213874,0.0,2.117148041922786,0.889100364036634,0.5398437436417101,0
c6,C_hard_maze_dense,16,unet,unet,,0.0,128,1,2.763950457097337,1.0281070673189052,2.688387761310852,117,117,192,612,32,1.0,3.124146802485387,0.03992408547470284,1.3183330083697953,0.7709124633853469,0.9686508151805334,0.013459536246955395,2.1877784729003906,0.6978091872983896,0.5201387848954383,0
c6,C_hard_maze_dense,16,unet,unet,,0.0,144,1,2.763950457097337,1.0281070673189052,2.688387761310852,117,117,192,612,32,1.0,3.124146802485387,0.03992408547470284,1.3183330083697953,0.7709124633853469,0.9686508151805334,0.013459536246955395,2.1877784729003906,0.6978091872983896,0.5201387848954383,0
c6,C_hard_maze_dense,16,unet,unet,,0.0,168,1,2.763950457097337,1.0281070673189052,2.688387761310852,117,117,192,612,32,1.0,3.124146802485387,0.03992408547470284,1.3183330083697953,0.7709124633853469,0.9686508151805334,0.013459536246955395,2.1877784729003906,0.6978091872983896,0.5201387848954383,0
c6,C_hard_maze_dense,16,onlstm,onlstm,,0.0,128,1,2.7714848944931143,1.0309096531304487,2.688387761310852,116,116,192,612,32,1.0,2.466986346160428,0.0021747543360610662,1.34502305101221,0.6951274987584392,0.9668943113691236,0.0014117630198597908,1.4915897846221924,0.7192405648987119,0.46429005849748006,0
c6,C_hard_maze_dense,16,onlstm,onlstm,,0.0,144,1,2.7714848944931143,1.0309096531304487,2.688387761310852,116,116,192,612,32,1.0,2.466986346160428,0.0021747543360610662,1.34502305101221,0.6951274987584392,0.9668943113691236,0.0014117630198597908,1.4915897846221924,0.7192405648987119,0.46429005849748006,0
c6,C_hard_maze_dense,16,onlstm,onlstm,,0.0,168,1,2.7714848944931143,1.0309096531304487,2.688387761310852,116,116,192,612,32,1.0,2.466986346160428,0.0021747543360610662,1.34502305101221,0.6951274987584392,0.9668943113691236,0.0014117630198597908,1.4915897846221924,0.7192405648987119,0.46429005849748006,0
c6,C_hard_maze_dense,16,hrm,hrm,,0.0,128,1,2.6883877613108518,0.9999999999999999,2.688387761310852,109,109,192,612,32,1.0,2.9705032538843774,0.0006411263105507392,1.4367157385575335,0.84980887759991,0.9702564224289939,0.000387228763429448,1.9924997091293335,0.7925685713875481,0.6006633338195579,0
c6,C_hard_maze_dense,16,hrm,hrm,,0.0,144,1,2.6883877613108518,0.9999999999999999,2.688387761310852,109,109,192,612,32,1.0,2.9705032538843774,0.0006411263105507392,1.4367157385575335,0.84980887759991,0.9702564224289939,0.000387228763429448,1.9924997091293335,0.7925685713875481,0.6006633338195579,0
c6,C_hard_maze_dense,16,hrm,hrm,,0.0,168,1,2.6883877613108518,0.9999999999999999,2.688387761310852,109,109,192,612,32,1.0,2.9705032538843774,0.0006411263105507392,1.4367157385575335,0.84980887759991,0.9702564224289939,0.000387228763429448,1.9924997091293335,0.7925685713875481,0.6006633338195579,0
c6,C_hard_maze_dense,17,euclidean,,,0.0,128,0,nan,nan,2.7049011564462537,128,128,192,623,33,1.0,1.0257952469096532,0.0,0.5291077247130102,0.2473950560699032,0.9149621571765728,0.0,1.0257952469096532,0.5291077247130102,0.2473950560699032,0
c6,C_hard_maze_dense,17,euclidean,,,0.0,144,0,nan,nan,2.7049011564462537,144,144,192,623,33,1.0,1.0257952469096532,0.0,0.5291077247130102,0.2473950560699032,0.9149621571765728,0.0,1.0257952469096532,0.5291077247130102,0.2473950560699032,0
c6,C_hard_maze_dense,17,euclidean,,,0.0,168,1,2.704901156446254,1.0000000000000002,2.7049011564462537,147,147,192,623,33,1.0,1.0257952469096532,0.0,0.5291077247130102,0.2473950560699032,0.9149621571765728,0.0,1.0257952469096532,0.5291077247130102,0.2473950560699032,0
c6,C_hard_maze_dense,17,grid_oracle,,,0.0,128,1,2.7049274908710235,1.000009735817779,2.7049011564462537,97,97,192,623,33,1.0,2.852853655280421,0.005816673232624687,1.3047616416682346,0.8263257004971283,0.9712262295526681,0.0,2.8849939110435834,1.3133159527988683,0.839160871101816,0
c6,C_hard_maze_dense,17,grid_oracle,,,0.0,144,1,2.7049274908710235,1.000009735817779,2.7049011564462537,97,97,192,623,33,1.0,2.852853655280421,0.005816673232624687,1.3047616416682346,0.8263257004971283,0.9712262295526681,0.0,2.8849939110435834,1.3133159527988683,0.839160871101816,0
c6,C_hard_maze_dense,17,grid_oracle,,,0.0,168,1,2.7049274908710235,1.000009735817779,2.7049011564462537,97,97,192,623,33,1.0,2.852853655280421,0.005816673232624687,1.3047616416682346,0.8263257004971283,0.9712262295526681,0.0,2.8849939110435834,1.3133159527988683,0.839160871101816,0
c6,C_hard_maze_dense,17,unet,unet,,0.0,128,1,2.781178656837988,1.0281997366927629,2.7049011564462537,123,123,192,623,33,1.0,2.8214726964453702,0.04384511814669809,1.1890502526230888,0.7202074957431583,0.9424355044353417,0.017739739269018173,2.097304344177246,0.6700497884639844,0.4897892501026151,0
c6,C_hard_maze_dense,17,unet,unet,,0.0,144,1,2.781178656837988,1.0281997366927629,2.7049011564462537,123,123,192,623,33,1.0,2.8214726964453702,0.04384511814669809,1.1890502526230888,0.7202074957431583,0.9424355044353417,0.017739739269018173,2.097304344177246,0.6700497884639844,0.4897892501026151,0
c6,C_hard_maze_dense,17,unet,unet,,0.0,168,1,2.781178656837988,1.0281997366927629,2.7049011564462537,123,123,192,623,33,1.0,2.8214726964453702,0.04384511814669809,1.1890502526230888,0.7202074957431583,0.9424355044353417,0.017739739269018173,2.097304344177246,0.6700497884639844,0.4897892501026151,0
c6,C_hard_maze_dense,17,onlstm,onlstm,,0.0,128,1,2.7364053336555236,1.01164707151468,2.7049011564462537,123,123,192,623,33,1.0,2.475551392770479,0.005089790085240095,1.183452700297581,0.7079687625283577,0.9315438244310014,0.002806653967127204,1.552149772644043,0.6607128105846414,0.47233293003707943,0
c6,C_hard_maze_dense,17,onlstm,onlstm,,0.0,144,1,2.7364053336555236,1.01164707151468,2.7049011564462537,123,123,192,623,33,1.0,2.475551392770479,0.005089790085240095,1.183452700297581,0.7079687625283577,0.9315438244310014,0.002806653967127204,1.552149772644043,0.6607128105846414,0.47233293003707943,0
c6,C_hard_maze_dense,17,onlstm,onlstm,,0.0,168,1,2.7364053336555236,1.01164707151468,2.7049011564462537,123,123,192,623,33,1.0,2.475551392770479,0.005089790085240095,1.183452700297581,0.7079687625283577,0.9315438244310014,0.002806653967127204,1.552149772644043,0.6607128105846414,0.47233293003707943,0
c6,C_hard_maze_dense,17,hrm,hrm,,0.0,128,1,2.7070926557533026,1.000810195707827,2.7049011564462537,106,106,192,623,33,1.0,3.039932477401294,0.00017882256579729183,1.3366579808968746,0.8641776792299649,0.9433222336760438,7.674586231587455e-05,2.170668363571167,0.8073278105271733,0.626885805663,0
c6,C_hard_maze_dense,17,hrm,hrm,,0.0,144,1,2.7070926557533026,1.000810195707827,2.7049011564462537,106,106,192,623,33,1.0,3.039932477401294,0.00017882256579729183,1.3366579808968746,0.8641776792299649,0.9433222336760438,7.674586231587455e-05,2.170668363571167,0.8073278105271733,0.626885805663,0
c6,C_hard_maze_dense,17,hrm,hrm,,0.0,168,1,2.7070926557533026,1.000810195707827,2.7049011564462537,106,106,192,623,33,1.0,3.039932477401294,0.00017882256579729183,1.3366579808968746,0.8641776792299649,0.9433222336760438,7.674586231587455e-05,2.170668363571167,0.8073278105271733,0.626885805663,0
c6,C_hard_maze_dense,18,euclidean,,,0.0,128,1,2.25850542498396,0.9999999999999998,2.2585054249839605,126,126,192,649,30,1.0,1.0115622122431582,0.0,0.5156262387580091,0.24886222114286208,0.9144772536147358,0.0,1.0115622122431582,0.5156262387580091,0.24886222114286208,0
c6,C_hard_maze_dense,18,euclidean,,,0.0,144,1,2.25850542498396,0.9999999999999998,2.2585054249839605,126,126,192,649,30,1.0,1.0115622122431582,0.0,0.5156262387580091,0.24886222114286208,0.9144772536147358,0.0,1.0115622122431582,0.5156262387580091,0.24886222114286208,0
c6,C_hard_maze_dense,18,euclidean,,,0.0,168,1,2.25850542498396,0.9999999999999998,2.2585054249839605,126,126,192,649,30,1.0,1.0115622122431582,0.0,0.5156262387580091,0.24886222114286208,0.9144772536147358,0.0,1.0115622122431582,0.5156262387580091,0.24886222114286208,0
c6,C_hard_maze_dense,18,grid_oracle,,,0.0,128,1,2.264786999728023,1.002781297168727,2.2585054249839605,71,71,192,649,30,1.0,3.1967011878881877,0.004536842291201726,1.3725814391532654,0.9724694008315287,0.9866973659224699,0.0,2.2265230419227855,1.0625877898741514,0.6318813980803982,0
c6,C_hard_maze_dense,18,grid_oracle,,,0.0,144,1,2.264786999728023,1.002781297168727,2.2585054249839605,71,71,192,649,30,1.0,3.1967011878881877,0.004536842291201726,1.3725814391532654,0.9724694008315287,0.9866973659224699,0.0,2.2265230419227855,1.0625877898741514,0.6318813980803982,0
c6,C_hard_maze_dense,18,grid_oracle,,,0.0,168,1,2.264786999728023,1.002781297168727,2.2585054249839605,71,71,192,649,30,1.0,3.1967011878881877,0.004536842291201726,1.3725814391532654,0.9724694008315287,0.9866973659224699,0.0,2.2265230419227855,1.0625877898741514,0.6318813980803982,0
c6,C_hard_maze_dense,18,unet,unet,,0.0,128,1,2.316781380976935,1.02580288510637,2.2585054249839605,93,93,192,649,30,1.0,2.5657773455909805,0.03040143380399505,1.1401949782381848,0.7027396119826761,0.9540460624474406,0.015617170371115208,1.799681544303894,0.6592497470621765,0.45441097695887916,0
c6,C_hard_maze_dense,18,unet,unet,,0.0,144,1,2.316781380976935,1.02580288510637,2.2585054249839605,93,93,192,649,30,1.0,2.5657773455909805,0.03040143380399505,1.1401949782381848,0.7027396119826761,0.9540460624474406,0.015617170371115208,1.799681544303894,0.6592497470621765,0.45441097695887916,0
c6,C_hard_maze_dense,18,unet,unet,,0.0,168,1,2.316781380976935,1.02580288510637,2.2585054249839605,93,93,192,649,30,1.0,2.5657773455909805,0.03040143380399505,1.1401949782381848,0.7027396119826761,0.9540460624474406,0.015617170371115208,1.799681544303894,0.6592497470621765,0.45441097695887916,0
c6,C_hard_maze_dense,18,onlstm,onlstm,,0.0,128,1,2.2955720295376225,1.0164120059857396,2.2585054249839605,87,87,192,649,30,1.0,2.4661918857980076,0.006083912768856439,1.1450747673526105,0.7026765000418889,0.9449091907875106,0.003491464536637068,1.5325508117675781,0.6741841685076224,0.46672816982736726,0
c6,C_hard_maze_dense,18,onlstm,onlstm,,0.0,144,1,2.2955720295376225,1.0164120059857396,2.2585054249839605,87,87,192,649,30,1.0,2.4661918857980076,0.006083912768856439,1.1450747673526105,0.7026765000418889,0.9449091907875106,0.003491464536637068,1.5325508117675781,0.6741841685076224,0.46672816982736726,0
c6,C_hard_maze_dense,18,onlstm,onlstm,,0.0,168,1,2.2955720295376225,1.0164120059857396,2.2585054249839605,87,87,192,649,30,1.0,2.4661918857980076,0.006083912768856439,1.1450747673526105,0.7026765000418889,0.9449091907875106,0.003491464536637068,1.5325508117675781,0.6741841685076224,0.46672816982736726,0
c6,C_hard_maze_dense,18,hrm,hrm,,0.0,128,1,2.2774570855861476,1.0083912397962567,2.2585054249839605,66,66,192,649,30,1.0,3.0144390647181734,0.0001842207373755824,1.3023281018805406,0.8810217472476785,0.9650259067357514,0.00012848332698922604,2.103234052658081,0.8394739024789715,0.635555440944573,0
c6,C_hard_maze_dense,18,hrm,hrm,,0.0,144,1,2.2774570855861476,1.0083912397962567,2.2585054249839605,66,66,192,649,30,1.0,3.0144390647181734,0.0001842207373755824,1.3023281018805406,0.8810217472476785,0.9650259067357514,0.00012848332698922604,2.103234052658081,0.8394739024789715,0.635555440944573,0
c6,C_hard_maze_dense,18,hrm,hrm,,0.0,168,1,2.2774570855861476,1.0083912397962567,2.2585054249839605,66,66,192,649,30,1.0,3.0144390647181734,0.0001842207373755824,1.3023281018805406,0.8810217472476785,0.9650259067357514,0.00012848332698922604,2.103234052658081,0.8394739024789715,0.635555440944573,0
c6,C_hard_maze_dense,19,euclidean,,,0.0,128,0,nan,nan,2.3936869081346126,128,128,192,643,32,1.0,0.9960917245243257,0.0,0.5220289243967519,0.24898305278673302,0.9497327944008899,0.0,0.9960917245243257,0.5220289243967519,0.24898305278673302,0
c6,C_hard_maze_dense,19,euclidean,,,0.0,144,1,2.3936869081346126,1.0,2.3936869081346126,140,140,192,643,32,1.0,0.9960917245243257,0.0,0.5220289243967519,0.24898305278673302,0.9497327944008899,0.0,0.9960917245243257,0.5220289243967519,0.24898305278673302,0
c6,C_hard_maze_dense,19,euclidean,,,0.0,168,1,2.3936869081346126,1.0,2.3936869081346126,140,140,192,643,32,1.0,0.9960917245243257,0.0,0.5220289243967519,0.24898305278673302,0.9497327944008899,0.0,0.9960917245243257,0.5220289243967519,0.24898305278673302,0
c6,C_hard_maze_dense,19,grid_oracle,,,0.0,128,1,2.3936869081346126,1.0,2.3936869081346126,59,59,192,643,32,1.0,2.7311782534697864,0.0033257652849951512,1.288195348837487,0.775041675792899,0.9958003282424113,0.0,2.757313084867742,1.2744298836762773,0.7575492810521091,0
c6,C_hard_maze_dense,19,grid_oracle,,,0.0,144,1,2.3936869081346126,1.0,2.3936869081346126,59,59,192,643,32,1.0,2.7311782534697864,0.0033257652849951512,1.288195348837487,0.775041675792899,0.9958003282424113,0.0,2.757313084867742,1.2744298836762773,0.7575492810521091,0
c6,C_hard_maze_dense,19,grid_oracle,,,0.0,168,1,2.3936869081346126,1.0,2.3936869081346126,59,59,192,643,32,1.0,2.7311782534697864,0.0033257652849951512,1.288195348837487,0.775041675792899,0.9958003282424113,0.0,2.757313084867742,1.2744298836762773,0.7575492810521091,0
c6,C_hard_maze_dense,19,unet,unet,,0.0,128,1,2.450276468577454,1.0236411705518085,2.3936869081346126,121,121,192,643,32,1.0,2.898997354035699,0.024167296649298474,1.214096828472736,0.7615654331689419,0.9572657542793589,0.010932103730738163,2.044732093811035,0.680579398207783,0.5040970192547164,0
c6,C_hard_maze_dense,19,unet,unet,,0.0,144,1,2.450276468577454,1.0236411705518085,2.3936869081346126,121,121,192,643,32,1.0,2.898997354035699,0.024167296649298474,1.214096828472736,0.7615654331689419,0.9572657542793589,0.010932103730738163,2.044732093811035,0.680579398207783,0.5040970192547164,0
c6,C_hard_maze_dense,19,unet,unet,,0.0,168,1,2.450276468577454,1.0236411705518085,2.3936869081346126,121,121,192,643,32,1.0,2.898997354035699,0.024167296649298474,1.214096828472736,0.7615654331689419,0.9572657542793589,0.010932103730738163,2.044732093811035,0.680579398207783,0.5040970192547164,0
c6,C_hard_maze_dense,19,onlstm,onlstm,,0.0,128,1,2.7217833208138837,1.1370673882053166,2.3936869081346126,116,116,192,643,32,1.0,2.438507592392341,0.0016857436339164419,1.1646608120650392,0.7070109673630673,0.9622080405826982,0.0011377065675333142,1.4990531206130981,0.6403001288246628,0.4684177754441115,0
c6,C_hard_maze_dense,19,onlstm,onlstm,,0.0,144,1,2.7217833208138837,1.1370673882053166,2.3936869081346126,116,116,192,643,32,1.0,2.438507592392341,0.0016857436339164419,1.1646608120650392,0.7070109673630673,0.9622080405826982,0.0011377065675333142,1.4990531206130981,0.6403001288246628,0.4684177754441115,0
c6,C_hard_maze_dense,19,onlstm,onlstm,,0.0,168,1,2.7217833208138837,1.1370673882053166,2.3936869081346126,116,116,192,643,32,1.0,2.438507592392341,0.0016857436339164419,1.1646608120650392,0.7070109673630673,0.9622080405826982,0.0011377065675333142,1.4990531206130981,0.6403001288246628,0.4684177754441115,0
c6,C_hard_maze_dense,19,hrm,hrm,,0.0,128,1,2.580656503472335,1.0781094614764914,2.3936869081346126,112,112,192,643,32,1.0,3.00729225378913,0.0010434006822248375,1.2979054013136366,0.8394240498968629,0.9642883785909994,0.00036959044518880546,2.0433077812194824,0.7596079798878819,0.5877263373292735,0
c6,C_hard_maze_dense,19,hrm,hrm,,0.0,144,1,2.580656503472335,1.0781094614764914,2.3936869081346126,112,112,192,643,32,1.0,3.00729225378913,0.0010434006822248375,1.2979054013136366,0.8394240498968629,0.9642883785909994,0.00036959044518880546,2.0433077812194824,0.7596079798878819,0.5877263373292735,0
c6,C_hard_maze_dense,19,hrm,hrm,,0.0,168,1,2.580656503472335,1.0781094614764914,2.3936869081346126,112,112,192,643,32,1.0,3.00729225378913,0.0010434006822248375,1.2979054013136366,0.8394240498968629,0.9642883785909994,0.00036959044518880546,2.0433077812194824,0.7596079798878819,0.5877263373292735,0
c6,C_hard_maze_dense,20,euclidean,,,0.0,128,0,nan,nan,2.539923100743557,128,128,192,625,32,1.0,0.9575202832188401,0.0,0.4896124404470528,0.22397144111285147,0.9096027859913736,0.0,0.9575202832188401,0.4896124404470528,0.22397144111285147,0
c6,C_hard_maze_dense,20,euclidean,,,0.0,144,0,nan,nan,2.539923100743557,144,144,192,625,32,1.0,0.9575202832188401,0.0,0.4896124404470528,0.22397144111285147,0.9096027859913736,0.0,0.9575202832188401,0.4896124404470528,0.22397144111285147,0
c6,C_hard_maze_dense,20,euclidean,,,0.0,168,1,2.5399231007435574,1.0000000000000002,2.539923100743557,153,153,192,625,32,1.0,0.9575202832188401,0.0,0.4896124404470528,0.22397144111285147,0.9096027859913736,0.0,0.9575202832188401,0.4896124404470528,0.22397144111285147,0
c6,C_hard_maze_dense,20,grid_oracle,,,0.0,128,1,2.5406258478420263,1.0002766804625949,2.539923100743557,77,77,192,625,32,1.0,2.7548558937249883,0.013057874948038763,1.300307164073282,0.7730825395181257,0.9632965303963325,0.0,2.809549737219424,1.3321445638820133,0.8116743830457066,0
c6,C_hard_maze_dense,20,grid_oracle,,,0.0,144,1,2.5406258478420263,1.0002766804625949,2.539923100743557,77,77,192,625,32,1.0,2.7548558937249883,0.013057874948038763,1.300307164073282,0.7730825395181257,0.9632965303963325,0.0,2.809549737219424,1.3321445638820133,0.8116743830457066,0
c6,C_hard_maze_dense,20,grid_oracle,,,0.0,168,1,2.5406258478420263,1.0002766804625949,2.539923100743557,77,77,192,625,32,1.0,2.7548558937249883,0.013057874948038763,1.300307164073282,0.7730825395181257,0.9632965303963325,0.0,2.809549737219424,1.3321445638820133,0.8116743830457066,0
c6,C_hard_maze_dense,20,unet,unet,,0.0,128,0,nan,nan,2.539923100743557,128,128,192,625,32,1.0,2.6738044995773307,0.036022746136415464,1.125108961580107,0.6521913524019556,0.9399075631391912,0.01585267297923565,1.8998727798461914,0.6493800877469766,0.4664481493316899,0
c6,C_hard_maze_dense,20,unet,unet,,0.0,144,1,2.591548356335222,1.0203255191373912,2.539923100743557,132,132,192,625,32,1.0,2.6738044995773307,0.036022746136415464,1.125108961580107,0.6521913524019556,0.9399075631391912,0.01585267297923565,1.8998727798461914,0.6493800877469766,0.4664481493316899,0
c6,C_hard_maze_dense,20,unet,unet,,0.0,168,1,2.591548356335222,1.0203255191373912,2.539923100743557,132,132,192,625,32,1.0,2.6738044995773307,0.036022746136415464,1.125108961580107,0.6521913524019556,0.9399075631391912,0.01585267297923565,1.8998727798461914,0.6493800877469766,0.4664481493316899,0
c6,C_hard_maze_dense,20,onlstm,onlstm,,0.0,128,0,nan,nan,2.539923100743557,128,128,192,625,32,1.0,2.3410975770742994,0.009213277646743755,1.0548622210650034,0.6227423032089127,0.9297941024875893,0.004789899103343487,1.5196179151535034,0.5898491630600802,0.4309555290091921,0
c6,C_hard_maze_dense,20,onlstm,onlstm,,0.0,144,1,2.7385018246829533,1.0781829669887497,2.539923100743557,143,143,192,625,32,1.0,2.3410975770742994,0.009213277646743755,1.0548622210650034,0.6227423032089127,0.9297941024875893,0.004789899103343487,1.5196179151535034,0.5898491630600802,0.4309555290091921,0
c6,C_hard_maze_dense,20,onlstm,onlstm,,0.0,168,1,2.7385018246829533,1.0781829669887497,2.539923100743557,143,143,192,625,32,1.0,2.3410975770742994,0.009213277646743755,1.0548622210650034,0.6227423032089127,0.9297941024875893,0.004789899103343487,1.5196179151535034,0.5898491630600802,0.4309555290091921,0
c6,C_hard_maze_dense,20,hrm,hrm,,0.0,128,1,2.714594939554077,1.068770522524633,2.539923100743557,102,102,192,625,32,1.0,2.915559598728611,0.00018104780432616545,1.2721402171817895,0.8119189555968395,0.9553702221739957,8.807965059531853e-05,2.132498264312744,0.806169176656967,0.6269059380885972,0
c6,C_hard_maze_dense,20,hrm,hrm,,0.0,144,1,2.714594939554077,1.068770522524633,2.539923100743557,102,102,192,625,32,1.0,2.915559598728611,0.00018104780432616545,1.2721402171817895,0.8119189555968395,0.9553702221739957,8.807965059531853e-05,2.132498264312744,0.806169176656967,0.6269059380885972,0
c6,C_hard_maze_dense,20,hrm,hrm,,0.0,168,1,2.714594939554077,1.068770522524633,2.539923100743557,102,102,192,625,32,1.0,2.915559598728611,0.00018104780432616545,1.2721402171817895,0.8119189555968395,0.9553702221739957,8.807965059531853e-05,2.132498264312744,0.806169176656967,0.6269059380885972,0
c6,C_hard_maze_dense,21,euclidean,,,0.0,128,0,nan,nan,2.0718881933967124,128,128,192,627,39,1.0,1.081115997924266,0.0,0.5286964662087815,0.2690847639008049,0.9211760437294849,0.0,1.081115997924266,0.5286964662087815,0.2690847639008049,0
c6,C_hard_maze_dense,21,euclidean,,,0.0,144,1,2.0718881933967133,1.0000000000000004,2.0718881933967124,143,143,192,627,39,1.0,1.081115997924266,0.0,0.5286964662087815,0.2690847639008049,0.9211760437294849,0.0,1.081115997924266,0.5286964662087815,0.2690847639008049,0
c6,C_hard_maze_dense,21,euclidean,,,0.0,168,1,2.0718881933967133,1.0000000000000004,2.0718881933967124,143,143,192,627,39,1.0,1.081115997924266,0.0,0.5286964662087815,0.2690847639008049,0.9211760437294849,0.0,1.081115997924266,0.5286964662087815,0.2690847639008049,0
c6,C_hard_maze_dense,21,grid_oracle,,,0.0,128,1,2.0718881933967133,1.0000000000000004,2.0718881933967124,70,70,192,627,39,1.0,2.4612737942490566,0.007947024668750666,1.0900821580115483,0.685345078698925,0.9666111683802187,0.0,2.4733822586919,1.1639915889616963,0.6729244411022663,0
c6,C_hard_maze_dense,21,grid_oracle,,,0.0,144,1,2.0718881933967133,1.0000000000000004,2.0718881933967124,70,70,192,627,39,1.0,2.4612737942490566,0.007947024668750666,1.0900821580115483,0.685345078698925,0.9666111683802187,0.0,2.4733822586919,1.1639915889616963,0.6729244411022663,0
c6,C_hard_maze_dense,21,grid_oracle,,,0.0,168,1,2.0718881933967133,1.0000000000000004,2.0718881933967124,70,70,192,627,39,1.0,2.4612737942490566,0.007947024668750666,1.0900821580115483,0.685345078698925,0.9666111683802187,0.0,2.4733822586919,1.1639915889616963,0.6729244411022663,0
c6,C_hard_maze_dense,21,unet,unet,,0.0,128,1,2.0718881933967133,1.0000000000000004,2.0718881933967124,70,70,192,627,39,1.0,2.788971242997769,0.024723690813654275,1.220453545604993,0.7748956686100832,0.9442276130537397,0.016426116228103638,2.0047619342803955,0.7280116865836135,0.5106416145641063,0
c6,C_hard_maze_dense,21,unet,unet,,0.0,144,1,2.0718881933967133,1.0000000000000004,2.0718881933967124,70,70,192,627,39,1.0,2.788971242997769,0.024723690813654275,1.220453545604993,0.7748956686100832,0.9442276130537397,0.016426116228103638,2.0047619342803955,0.7280116865836135,0.5106416145641063,0
c6,C_hard_maze_dense,21,unet,unet,,0.0,168,1,2.0718881933967133,1.0000000000000004,2.0718881933967124,70,70,192,627,39,1.0,2.788971242997769,0.024723690813654275,1.220453545604993,0.7748956686100832,0.9442276130537397,0.016426116228103638,2.0047619342803955,0.7280116865836135,0.5106416145641063,0
c6,C_hard_maze_dense,21,onlstm,onlstm,,0.0,128,1,2.164145697400908,1.0445282251707542,2.0718881933967124,86,86,192,627,39,1.0,2.4386476521742964,0.02022642951366934,1.2082369869574872,0.7310624121707475,0.933003621517511,0.011117463000118732,1.532674789428711,0.7260902319737852,0.4610712934248365,0
c6,C_hard_maze_dense,21,onlstm,onlstm,,0.0,144,1,2.164145697400908,1.0445282251707542,2.0718881933967124,86,86,192,627,39,1.0,2.4386476521742964,0.02022642951366934,1.2082369869574872,0.7310624121707475,0.933003621517511,0.011117463000118732,1.532674789428711,0.7260902319737852,0.4610712934248365,0
c6,C_hard_maze_dense,21,onlstm,onlstm,,0.0,168,1,2.164145697400908,1.0445282251707542,2.0718881933967124,86,86,192,627,39,1.0,2.4386476521742964,0.02022642951366934,1.2082369869574872,0.7310624121707475,0.933003621517511,0.011117463000118732,1.532674789428711,0.7260902319737852,0.4610712934248365,0
c6,C_hard_maze_dense,21,hrm,hrm,,0.0,128,1,2.2601824164763036,1.0908804942659074,2.0718881933967124,74,74,192,627,39,1.0,3.068485309353788,0.00021944651343218694,1.323225278910607,0.8969238152335492,0.9433510566150342,0.00012690326548181474,2.1834373474121094,0.839194044049826,0.6324852218104858,0
c6,C_hard_maze_dense,21,hrm,hrm,,0.0,144,1,2.2601824164763036,1.0908804942659074,2.0718881933967124,74,74,192,627,39,1.0,3.068485309353788,0.00021944651343218694,1.323225278910607,0.8969238152335492,0.9433510566150342,0.00012690326548181474,2.1834373474121094,0.839194044049826,0.6324852218104858,0
c6,C_hard_maze_dense,21,hrm,hrm,,0.0,168,1,2.2601824164763036,1.0908804942659074,2.0718881933967124,74,74,192,627,39,1.0,3.068485309353788,0.00021944651343218694,1.323225278910607,0.8969238152335492,0.9433510566150342,0.00012690326548181474,2.1834373474121094,0.839194044049826,0.6324852218104858,0
c6,C_hard_maze_dense,22,euclidean,,,0.0,128,0,nan,nan,2.7783266853998767,128,128,192,640,30,1.0,1.019787868550115,0.0,0.5360060232414544,0.258060841531091,0.9150587987955403,0.0,1.019787868550115,0.5360060232414544,0.258060841531091,0
c6,C_hard_maze_dense,22,euclidean,,,0.0,144,0,nan,nan,2.7783266853998767,144,144,192,640,30,1.0,1.019787868550115,0.0,0.5360060232414544,0.258060841531091,0.9150587987955403,0.0,1.019787868550115,0.5360060232414544,0.258060841531091,0
c6,C_hard_maze_dense,22,euclidean,,,0.0,168,1,2.7783266853998785,1.0000000000000007,2.7783266853998767,158,158,192,640,30,1.0,1.019787868550115,0.0,0.5360060232414544,0.258060841531091,0.9150587987955403,0.0,1.019787868550115,0.5360060232414544,0.258060841531091,0
c6,C_hard_maze_dense,22,grid_oracle,,,0.0,128,1,2.7807808659538913,1.0008833304473916,2.7783266853998767,97,97,192,640,30,1.0,3.086213200769896,0.009179618769942208,1.528526653440182,0.9002050001005945,0.9952221739956055,0.0,3.131202650307344,1.4831798561810736,0.8975930757157126,0
c6,C_hard_maze_dense,22,grid_oracle,,,0.0,144,1,2.7807808659538913,1.0008833304473916,2.7783266853998767,97,97,192,640,30,1.0,3.086213200769896,0.009179618769942208,1.528526653440182,0.9002050001005945,0.9952221739956055,0.0,3.131202650307344,1.4831798561810736,0.8975930757157126,0
c6,C_hard_maze_dense,22,grid_oracle,,,0.0,168,1,2.7807808659538913,1.0008833304473916,2.7783266853998767,97,97,192,640,30,1.0,3.086213200769896,0.009179618769942208,1.528526653440182,0.9002050001005945,0.9952221739956055,0.0,3.131202650307344,1.4831798561810736,0.8975930757157126,0
c6,C_hard_maze_dense,22,unet,unet,,0.0,128,0,nan,nan,2.7783266853998767,128,128,192,640,30,1.0,2.914983344228394,0.03195378301146411,1.268255486521058,0.7893573555601838,0.9578930770691481,0.010244782082736492,2.0121824741363525,0.6955296884048039,0.5167145318156919,0
c6,C_hard_maze_dense,22,unet,unet,,0.0,144,0,nan,nan,2.7783266853998767,144,144,192,640,30,1.0,2.914983344228394,0.03195378301146411,1.268255486521058,0.7893573555601838,0.9578930770691481,0.010244782082736492,2.0121824741363525,0.6955296884048039,0.5167145318156919,0
c6,C_hard_maze_dense,22,unet,unet,,0.0,168,1,2.9633055869427225,1.0665792480470029,2.7783266853998767,154,154,192,640,30,1.0,2.914983344228394,0.03195378301146411,1.268255486521058,0.7893573555601838,0.9578930770691481,0.010244782082736492,2.0121824741363525,0.6955296884048039,0.5167145318156919,0
c6,C_hard_maze_dense,22,onlstm,onlstm,,0.0,128,0,nan,nan,2.7783266853998767,128,128,192,640,30,1.0,2.486063633462126,0.001468220691620902,1.2341315112930193,0.7338096982897112,0.9505703550986084,0.0006237456109374762,1.4903326034545898,0.6620023731435793,0.46819567879944385,0
c6,C_hard_maze_dense,22,onlstm,onlstm,,0.0,144,1,2.9301758443775077,1.0546548970556988,2.7783266853998767,144,144,192,640,30,1.0,2.486063633462126,0.001468220691620902,1.2341315112930193,0.7338096982897112,0.9505703550986084,0.0006237456109374762,1.4903326034545898,0.6620023731435793,0.46819567879944385,0
c6,C_hard_maze_dense,22,onlstm,onlstm,,0.0,168,1,2.9301758443775077,1.0546548970556988,2.7783266853998767,144,144,192,640,30,1.0,2.486063633462126,0.001468220691620902,1.2341315112930193,0.7338096982897112,0.9505703550986084,0.0006237456109374762,1.4903326034545898,0.6620023731435793,0.46819567879944385,0
c6,C_hard_maze_dense,22,hrm,hrm,,0.0,128,1,2.918544801957865,1.0504685490352288,2.7783266853998767,125,125,192,640,30,1.0,3.074776331716792,0.0009737792889911678,1.3880047794834605,0.8953037648534852,0.9552328893470419,0.0004081614315509796,2.1548001766204834,0.80175972266548,0.6178035161825918,0
c6,C_hard_maze_dense,22,hrm,hrm,,0.0,144,1,2.918544801957865,1.0504685490352288,2.7783266853998767,125,125,192,640,30,1.0,3.074776331716792,0.0009737792889911678,1.3880047794834605,0.8953037648534852,0.9552328893470419,0.0004081614315509796,2.1548001766204834,0.80175972266548,0.6178035161825918,0
c6,C_hard_maze_dense,22,hrm,hrm,,0.0,168,1,2.918544801957865,1.0504685490352288,2.7783266853998767,125,125,192,640,30,1.0,3.074776331716792,0.0009737792889911678,1.3880047794834605,0.8953037648534852,0.9552328893470419,0.0004081614315509796,2.1548001766204834,0.80175972266548,0.6178035161825918,0
c6,C_hard_maze_dense,23,euclidean,,,0.0,128,0,nan,nan,2.27616111994759,128,128,192,639,32,1.0,1.0476167860553565,0.0,0.575653942144203,0.24679990614265607,0.9045825082060603,0.0,1.0476167860553565,0.575653942144203,0.24679990614265607,0
c6,C_hard_maze_dense,23,euclidean,,,0.0,144,0,nan,nan,2.27616111994759,144,144,192,639,32,1.0,1.0476167860553565,0.0,0.575653942144203,0.24679990614265607,0.9045825082060603,0.0,1.0476167860553565,0.575653942144203,0.24679990614265607,0
c6,C_hard_maze_dense,23,euclidean,,,0.0,168,1,2.276161119947591,1.0000000000000004,2.27616111994759,149,149,192,639,32,1.0,1.0476167860553565,0.0,0.575653942144203,0.24679990614265607,0.9045825082060603,0.0,1.0476167860553565,0.575653942144203,0.24679990614265607,0
c6,C_hard_maze_dense,23,grid_oracle,,,0.0,128,1,2.277787017729348,1.0007143157694371,2.27616111994759,97,97,192,639,32,1.0,3.5858361110830823,0.006807256505791008,1.244976331622034,0.716160257555009,0.9730980251200393,0.0,2.6231601717798205,1.1787651097514038,0.7050805659925855,0
c6,C_hard_maze_dense,23,grid_oracle,,,0.0,144,1,2.277787017729348,1.0007143157694371,2.27616111994759,97,97,192,639,32,1.0,3.5858361110830823,0.006807256505791008,1.244976331622034,0.716160257555009,0.9730980251200393,0.0,2.6231601717798205,1.1787651097514038,0.7050805659925855,0
c6,C_hard_maze_dense,23,grid_oracle,,,0.0,168,1,2.277787017729348,1.0007143157694371,2.27616111994759,97,97,192,639,32,1.0,3.5858361110830823,0.006807256505791008,1.244976331622034,0.716160257555009,0.9730980251200393,0.0,2.6231601717798205,1.1787651097514038,0.7050805659925855,0
c6,C_hard_maze_dense,23,unet,unet,,0.0,128,1,2.276161119947591,1.0000000000000004,2.27616111994759,89,89,192,639,32,1.0,2.806539148338471,0.038767730480490384,1.3080645977484968,0.7384652280199525,0.9224781623850475,0.014107891358435154,1.9519152641296387,0.6939184388227204,0.5044815429151253,0
c6,C_hard_maze_dense,23,unet,unet,,0.0,144,1,2.276161119947591,1.0000000000000004,2.27616111994759,89,89,192,639,32,1.0,2.806539148338471,0.038767730480490384,1.3080645977484968,0.7384652280199525,0.9224781623850475,0.014107891358435154,1.9519152641296387,0.6939184388227204,0.5044815429151253,0
c6,C_hard_maze_dense,23,unet,unet,,0.0,168,1,2.276161119947591,1.0000000000000004,2.27616111994759,89,89,192,639,32,1.0,2.806539148338471,0.038767730480490384,1.3080645977484968,0.7384652280199525,0.9224781623850475,0.014107891358435154,1.9519152641296387,0.6939184388227204,0.5044815429151253,0
c6,C_hard_maze_dense,23,onlstm,onlstm,,0.0,128,1,2.324930156764384,1.0214260038050016,2.27616111994759,128,128,192,639,32,1.0,2.626655557694522,0.01359700224370446,1.2967703821989012,0.700207004076512,0.9045231668610804,0.004634194076061249,1.6032707691192627,0.688474733520593,0.46772372391499595,0
c6,C_hard_maze_dense,23,onlstm,onlstm,,0.0,144,1,2.324930156764384,1.0214260038050016,2.27616111994759,128,128,192,639,32,1.0,2.626655557694522,0.01359700224370446,1.2967703821989012,0.700207004076512,0.9045231668610804,0.004634194076061249,1.6032707691192627,0.688474733520593,0.46772372391499595,0
c6,C_hard_maze_dense,23,onlstm,onlstm,,0.0,168,1,2.324930156764384,1.0214260038050016,2.27616111994759,128,128,192,639,32,1.0,2.626655557694522,0.01359700224370446,1.2967703821989012,0.700207004076512,0.9045231668610804,0.004634194076061249,1.6032707691192627,0.688474733520593,0.46772372391499595,0
c6,C_hard_maze_dense,23,hrm,hrm,,0.0,128,1,2.276161119947591,1.0000000000000004,2.27616111994759,93,93,192,639,32,1.0,3.034173533332459,0.00015493842123945833,1.3466373756007088,0.8172071253361505,0.9103504869381224,0.0001220928388647735,2.0938446521759033,0.7182469150559854,0.5806844430722575,0
c6,C_hard_maze_dense,23,hrm,hrm,,0.0,144,1,2.276161119947591,1.0000000000000004,2.27616111994759,93,93,192,639,32,1.0,3.034173533332459,0.00015493842123945833,1.3466373756007088,0.8172071253361505,0.9103504869381224,0.0001220928388647735,2.0938446521759033,0.7182469150559854,0.5806844430722575,0
c6,C_hard_maze_dense,23,hrm,hrm,,0.0,168,1,2.276161119947591,1.0000000000000004,2.27616111994759,93,93,192,639,32,1.0,3.034173533332459,0.00015493842123945833,1.3466373756007088,0.8172071253361505,0.9103504869381224,0.0001220928388647735,2.0938446521759033,0.7182469150559854,0.5806844430722575,0
c6,C_hard_maze_dense,24,euclidean,,,0.0,128,0,nan,nan,2.7285595375700713,128,128,192,649,35,1.0,0.9776614628742383,0.0,0.5004357990523917,0.24530018304416654,0.8525774489325342,0.0,0.9776614628742383,0.5004357990523917,0.24530018304416654,0
c6,C_hard_maze_dense,24,euclidean,,,0.0,144,0,nan,nan,2.7285595375700713,144,144,192,649,35,1.0,0.9776614628742383,0.0,0.5004357990523917,0.24530018304416654,0.8525774489325342,0.0,0.9776614628742383,0.5004357990523917,0.24530018304416654,0
c6,C_hard_maze_dense,24,euclidean,,,0.0,168,1,2.728559537570071,0.9999999999999999,2.7285595375700713,154,154,192,649,35,1.0,0.9776614628742383,0.0,0.5004357990523917,0.24530018304416654,0.8525774489325342,0.0,0.9776614628742383,0.5004357990523917,0.24530018304416654,0
c6,C_hard_maze_dense,24,grid_oracle,,,0.0,128,1,2.7286834304068246,1.000045405949567,2.7285595375700713,118,118,192,649,35,1.0,2.760492942319289,0.007944612402522217,1.2747020410888545,0.7894981342476693,0.9794475490329058,0.0,2.795035171779822,1.2911449712081609,0.7711867466948329,0
c6,C_hard_maze_dense,24,grid_oracle,,,0.0,144,1,2.7286834304068246,1.000045405949567,2.7285595375700713,118,118,192,649,35,1.0,2.760492942319289,0.007944612402522217,1.2747020410888545,0.7894981342476693,0.9794475490329058,0.0,2.795035171779822,1.2911449712081609,0.7711867466948329,0
c6,C_hard_maze_dense,24,grid_oracle,,,0.0,168,1,2.7286834304068246,1.000045405949567,2.7285595375700713,118,118,192,649,35,1.0,2.760492942319289,0.007944612402522217,1.2747020410888545,0.7894981342476693,0.9794475490329058,0.0,2.795035171779822,1.2911449712081609,0.7711867466948329,0
c6,C_hard_maze_dense,24,unet,unet,,0.0,128,0,nan,nan,2.7285595375700713,128,128,192,649,35,1.0,2.6903271735639094,0.031048356049641165,1.1681858771715545,0.731830365336339,0.9493021457830346,0.010548711754381657,1.839750051498413,0.6852091819200723,0.48559358892353716,0
c6,C_hard_maze_dense,24,unet,unet,,0.0,144,1,2.757044453832337,1.0104395436016884,2.7285595375700713,129,129,192,649,35,1.0,2.6903271735639094,0.031048356049641165,1.1681858771715545,0.731830365336339,0.9493021457830346,0.010548711754381657,1.839750051498413,0.6852091819200723,0.48559358892353716,0
c6,C_hard_maze_dense,24,unet,unet,,0.0,168,1,2.757044453832337,1.0104395436016884,2.7285595375700713,129,129,192,649,35,1.0,2.6903271735639094,0.031048356049641165,1.1681858771715545,0.731830365336339,0.9493021457830346,0.010548711754381657,1.839750051498413,0.6852091819200723,0.48559358892353716,0
c6,C_hard_maze_dense,24,onlstm,onlstm,,0.0,128,0,nan,nan,2.7285595375700713,128,128,192,649,35,1.0,2.2985490768128938,0.017780811828631803,1.1063131476621237,0.7014235176572362,0.8859408485473239,0.005534348078072071,1.4720872640609741,0.6401660847989206,0.4567481563983057,0
c6,C_hard_maze_dense,24,onlstm,onlstm,,0.0,144,0,nan,nan,2.7285595375700713,144,144,192,649,35,1.0,2.2985490768128938,0.017780811828631803,1.1063131476621237,0.7014235176572362,0.8859408485473239,0.005534348078072071,1.4720872640609741,0.6401660847989206,0.4567481563983057,0
c6,C_hard_maze_dense,24,onlstm,onlstm,,0.0,168,1,2.7490422561168932,1.0075067882026363,2.7285595375700713,154,154,192,649,35,1.0,2.2985490768128938,0.017780811828631803,1.1063131476621237,0.7014235176572362,0.8859408485473239,0.005534348078072071,1.4720872640609741,0.6401660847989206,0.4567481563983057,0
c6,C_hard_maze_dense,24,hrm,hrm,,0.0,128,1,2.865103370195175,1.0500424604063077,2.7285595375700713,125,125,192,649,35,1.0,3.02786779329613,0.0004268914422964783,1.2841050736280535,0.86293547253482,0.947889821772509,0.00010292206570738927,2.114780902862549,0.8176209183116772,0.6215963143041148,0
c6,C_hard_maze_dense,24,hrm,hrm,,0.0,144,1,2.865103370195175,1.0500424604063077,2.7285595375700713,125,125,192,649,35,1.0,3.02786779329613,0.0004268914422964783,1.2841050736280535,0.86293547253482,0.947889821772509,0.00010292206570738927,2.114780902862549,0.8176209183116772,0.6215963143041148,0
c6,C_hard_maze_dense,24,hrm,hrm,,0.0,168,1,2.865103370195175,1.0500424604063077,2.7285595375700713,125,125,192,649,35,1.0,3.02786779329613,0.0004268914422964783,1.2841050736280535,0.86293547253482,0.947889821772509,0.00010292206570738927,2.114780902862549,0.8176209183116772,0.6215963143041148,0
c6,C_hard_maze_dense,25,euclidean,,,0.0,128,0,nan,nan,2.655187039488402,128,128,192,636,29,1.0,1.0517554021045457,0.0,0.5371573401234869,0.2603980543595726,0.9423354718823754,0.0,1.0517554021045457,0.5371573401234869,0.2603980543595726,0
c6,C_hard_maze_dense,25,euclidean,,,0.0,144,0,nan,nan,2.655187039488402,144,144,192,636,29,1.0,1.0517554021045457,0.0,0.5371573401234869,0.2603980543595726,0.9423354718823754,0.0,1.0517554021045457,0.5371573401234869,0.2603980543595726,0
c6,C_hard_maze_dense,25,euclidean,,,0.0,168,1,2.6551870394884025,1.0000000000000002,2.655187039488402,152,152,192,636,29,1.0,1.0517554021045457,0.0,0.5371573401234869,0.2603980543595726,0.9423354718823754,0.0,1.0517554021045457,0.5371573401234869,0.2603980543595726,0
c6,C_hard_maze_dense,25,grid_oracle,,,0.0,128,1,2.6658568710732027,1.0040184858641281,2.655187039488402,110,110,192,636,29,1.0,2.726045009616588,0.010055851716895705,1.2045517453648726,0.7830800988738451,0.9978060657027373,0.0,2.757313084867742,1.2568633018538422,0.7693964298164976,0
c6,C_hard_maze_dense,25,grid_oracle,,,0.0,144,1,2.6658568710732027,1.0040184858641281,2.655187039488402,110,110,192,636,29,1.0,2.726045009616588,0.010055851716895705,1.2045517453648726,0.7830800988738451,0.9978060657027373,0.0,2.757313084867742,1.2568633018538422,0.7693964298164976,0
c6,C_hard_maze_dense,25,grid_oracle,,,0.0,168,1,2.6658568710732027,1.0040184858641281,2.655187039488402,110,110,192,636,29,1.0,2.726045009616588,0.010055851716895705,1.2045517453648726,0.7830800988738451,0.9978060657027373,0.0,2.757313084867742,1.2568633018538422,0.7693964298164976,0
c6,C_hard_maze_dense,25,unet,unet,,0.0,128,0,nan,nan,2.655187039488402,128,128,192,636,29,1.0,2.940497543623735,0.0277250775836269,1.2567454601216193,0.789148179866347,0.9486324363182596,0.010916607454419136,2.093881368637085,0.7277379345864574,0.5331083913348639,0
c6,C_hard_maze_dense,25,unet,unet,,0.0,144,1,2.7894681796033147,1.0505731378309175,2.655187039488402,129,129,192,636,29,1.0,2.940497543623735,0.0277250775836269,1.2567454601216193,0.789148179866347,0.9486324363182596,0.010916607454419136,2.093881368637085,0.7277379345864574,0.5331083913348639,0
c6,C_hard_maze_dense,25,unet,unet,,0.0,168,1,2.7894681796033147,1.0505731378309175,2.655187039488402,129,129,192,636,29,1.0,2.940497543623735,0.0277250775836269,1.2567454601216193,0.789148179866347,0.9486324363182596,0.010916607454419136,2.093881368637085,0.7277379345864574,0.5331083913348639,0
c6,C_hard_maze_dense,25,onlstm,onlstm,,0.0,128,1,2.7801033965536464,1.0470461610453299,2.655187039488402,126,126,192,636,29,1.0,2.4858215951404743,0.0035592758993145497,1.2358544068112682,0.7040049789489832,0.96505981607574,0.002335140248760581,1.513301134109497,0.7268849135171536,0.44939685812681884,0
c6,C_hard_maze_dense,25,onlstm,onlstm,,0.0,144,1,2.7801033965536464,1.0470461610453299,2.655187039488402,126,126,192,636,29,1.0,2.4858215951404743,0.0035592758993145497,1.2358544068112682,0.7040049789489832,0.96505981607574,0.002335140248760581,1.513301134109497,0.7268849135171536,0.44939685812681884,0
c6,C_hard_maze_dense,25,onlstm,onlstm,,0.0,168,1,2.7801033965536464,1.0470461610453299,2.655187039488402,126,126,192,636,29,1.0,2.4858215951404743,0.0035592758993145497,1.2358544068112682,0.7040049789489832,0.96505981607574,0.002335140248760581,1.513301134109497,0.7268849135171536,0.44939685812681884,0
c6,C_hard_maze_dense,25,hrm,hrm,,0.0,128,1,2.674597419936937,1.0073103627578248,2.655187039488402,127,127,192,636,29,1.0,2.7289540522850535,0.0007079604635105778,1.1431858385860405,0.7203408863823809,0.9485459675012887,0.0003653607564046979,1.8152059316635132,0.6043676062024446,0.4675559131113166,0
c6,C_hard_maze_dense,25,hrm,hrm,,0.0,144,1,2.674597419936937,1.0073103627578248,2.655187039488402,127,127,192,636,29,1.0,2.7289540522850535,0.0007079604635105778,1.1431858385860405,0.7203408863823809,0.9485459675012887,0.0003653607564046979,1.8152059316635132,0.6043676062024446,0.4675559131113166,0
c6,C_hard_maze_dense,25,hrm,hrm,,0.0,168,1,2.674597419936937,1.0073103627578248,2.655187039488402,127,127,192,636,29,1.0,2.7289540522850535,0.0007079604635105778,1.1431858385860405,0.7203408863823809,0.9485459675012887,0.0003653607564046979,1.8152059316635132,0.6043676062024446,0.4675559131113166,0
c6,C_hard_maze_dense,26,euclidean,,,0.0,128,0,nan,nan,2.7512918110397058,128,128,192,627,26,1.0,1.0609292408862772,0.0,0.5323525977302287,0.24749988588039734,0.9059982231505848,0.0,1.0609292408862772,0.5323525977302287,0.24749988588039734,0
c6,C_hard_maze_dense,26,euclidean,,,0.0,144,0,nan,nan,2.7512918110397058,144,144,192,627,26,1.0,1.0609292408862772,0.0,0.5323525977302287,0.24749988588039734,0.9059982231505848,0.0,1.0609292408862772,0.5323525977302287,0.24749988588039734,0
c6,C_hard_maze_dense,26,euclidean,,,0.0,168,1,2.7512918110397053,0.9999999999999999,2.7512918110397058,150,150,192,627,26,1.0,1.0609292408862772,0.0,0.5323525977302287,0.24749988588039734,0.9059982231505848,0.0,1.0609292408862772,0.5323525977302287,0.24749988588039734,0
c6,C_hard_maze_dense,26,grid_oracle,,,0.0,128,1,2.7512918110397053,0.9999999999999999,2.7512918110397058,107,107,192,627,26,1.0,2.700495526759642,0.011040749100947033,1.2561597299252931,0.7427043029174594,0.8995808805577409,0.0,2.779410171779822,1.2552338239567657,0.7651471301047713,0
c6,C_hard_maze_dense,26,grid_oracle,,,0.0,144,1,2.7512918110397053,0.9999999999999999,2.7512918110397058,107,107,192,627,26,1.0,2.700495526759642,0.011040749100947033,1.2561597299252931,0.7427043029174594,0.8995808805577409,0.0,2.779410171779822,1.2552338239567657,0.7651471301047713,0
c6,C_hard_maze_dense,26,grid_oracle,,,0.0,168,1,2.7512918110397053,0.9999999999999999,2.7512918110397058,107,107,192,627,26,1.0,2.700495526759642,0.011040749100947033,1.2561597299252931,0.7427043029174594,0.8995808805577409,0.0,2.779410171779822,1.2552338239567657,0.7651471301047713,0
c6,C_hard_maze_dense,26,unet,unet,,0.0,128,0,nan,nan,2.7512918110397058,128,128,192,627,26,1.0,2.8005919059678464,0.04036826614666076,1.234170971072073,0.7576371590044462,0.8834671621951551,0.01448642835021019,2.054952383041382,0.7240471710749716,0.5289683190746605,0
c6,C_hard_maze_dense,26,unet,unet,,0.0,144,0,nan,nan,2.7512918110397058,144,144,192,627,26,1.0,2.8005919059678464,0.04036826614666076,1.234170971072073,0.7576371590044462,0.8834671621951551,0.01448642835021019,2.054952383041382,0.7240471710749716,0.5289683190746605,0
c6,C_hard_maze_dense,26,unet,unet,,0.0,168,1,2.8029033123852565,1.0187590066377026,2.7512918110397058,149,149,192,627,26,1.0,2.8005919059678464,0.04036826614666076,1.234170971072073,0.7576371590044462,0.8834671621951551,0.01448642835021019,2.054952383041382,0.7240471710749716,0.5289683190746605,0
c6,C_hard_maze_dense,26,onlstm,onlstm,,0.0,128,0,nan,nan,2.7512918110397058,128,128,192,627,26,1.0,2.305642537851921,0.005548371317398709,1.194422885720486,0.6840827558049533,0.8916121856604183,0.001805916428565979,1.490970253944397,0.6985823505808639,0.4602248780404891,0
c6,C_hard_maze_dense,26,onlstm,onlstm,,0.0,144,1,2.787116401624344,1.013021007237724,2.7512918110397058,131,131,192,627,26,1.0,2.305642537851921,0.005548371317398709,1.194422885720486,0.6840827558049533,0.8916121856604183,0.001805916428565979,1.490970253944397,0.6985823505808639,0.4602248780404891,0
c6,C_hard_maze_dense,26,onlstm,onlstm,,0.0,168,1,2.787116401624344,1.013021007237724,2.7512918110397058,131,131,192,627,26,1.0,2.305642537851921,0.005548371317398709,1.194422885720486,0.6840827558049533,0.8916121856604183,0.001805916428565979,1.490970253944397,0.6985823505808639,0.4602248780404891,0
c6,C_hard_maze_dense,26,hrm,hrm,,0.0,128,1,2.8409638547744884,1.032592705497457,2.7512918110397058,124,124,192,627,26,1.0,2.867964070880494,0.0013844120397857227,1.2990499261790227,0.8540447945421266,0.8736571901364513,0.0004938056808896363,2.105064630508423,0.7962632702802637,0.6217275505872446,0
c6,C_hard_maze_dense,26,hrm,hrm,,0.0,144,1,2.8409638547744884,1.032592705497457,2.7512918110397058,124,124,192,627,26,1.0,2.867964070880494,0.0013844120397857227,1.2990499261790227,0.8540447945421266,0.8736571901364513,0.0004938056808896363,2.105064630508423,0.7962632702802637,0.6217275505872446,0
c6,C_hard_maze_dense,26,hrm,hrm,,0.0,168,1,2.8409638547744884,1.032592705497457,2.7512918110397058,124,124,192,627,26,1.0,2.867964070880494,0.0013844120397857227,1.2990499261790227,0.8540447945421266,0.8736571901364513,0.0004938056808896363,2.105064630508423,0.7962632702802637,0.6217275505872446,0
c6,C_hard_maze_dense,27,euclidean,,,0.0,128,0,nan,nan,2.4036463454698023,128,128,192,634,32,1.0,1.0627686801204286,0.0,0.5456095262258519,0.2749629471735029,0.9188413856712694,0.0,1.0627686801204286,0.5456095262258519,0.2749629471735029,0
c6,C_hard_maze_dense,27,euclidean,,,0.0,144,0,nan,nan,2.4036463454698023,144,144,192,634,32,1.0,1.0627686801204286,0.0,0.5456095262258519,0.2749629471735029,0.9188413856712694,0.0,1.0627686801204286,0.5456095262258519,0.2749629471735029,0
c6,C_hard_maze_dense,27,euclidean,,,0.0,168,1,2.403646345469802,0.9999999999999998,2.4036463454698023,149,149,192,634,32,1.0,1.0627686801204286,0.0,0.5456095262258519,0.2749629471735029,0.9188413856712694,0.0,1.0627686801204286,0.5456095262258519,0.2749629471735029,0
c6,C_hard_maze_dense,27,grid_oracle,,,0.0,128,1,2.403646345469802,0.9999999999999998,2.4036463454698023,83,83,192,634,32,1.0,3.9265072586919016,0.007826396647328891,1.3344681275820927,0.9038708954889257,0.9717348696524973,0.0,2.9329793456039814,1.33111481980116,0.8087551110902013,0
c6,C_hard_maze_dense,27,grid_oracle,,,0.0,144,1,2.403646345469802,0.9999999999999998,2.4036463454698023,83,83,192,634,32,1.0,3.9265072586919016,0.007826396647328891,1.3344681275820927,0.9038708954889257,0.9717348696524973,0.0,2.9329793456039814,1.33111481980116,0.8087551110902013,0
c6,C_hard_maze_dense,27,grid_oracle,,,0.0,168,1,2.403646345469802,0.9999999999999998,2.4036463454698023,83,83,192,634,32,1.0,3.9265072586919016,0.007826396647328891,1.3344681275820927,0.9038708954889257,0.9717348696524973,0.0,2.9329793456039814,1.33111481980116,0.8087551110902013,0
c6,C_hard_maze_dense,27,unet,unet,,0.0,128,1,2.450277297064113,1.019400088404102,2.4036463454698023,103,103,192,634,32,1.0,2.993929818953845,0.03371813440164276,1.271389251058986,0.8327587912887828,0.9458230475002035,0.01759541593492031,2.0818512439727783,0.7521862365210836,0.5362298711426985,0
c6,C_hard_maze_dense,27,unet,unet,,0.0,144,1,2.450277297064113,1.019400088404102,2.4036463454698023,103,103,192,634,32,1.0,2.993929818953845,0.03371813440164276,1.271389251058986,0.8327587912887828,0.9458230475002035,0.01759541593492031,2.0818512439727783,0.7521862365210836,0.5362298711426985,0
c6,C_hard_maze_dense,27,unet,unet,,0.0,168,1,2.450277297064113,1.019400088404102,2.4036463454698023,103,103,192,634,32,1.0,2.993929818953845,0.03371813440164276,1.271389251058986,0.8327587912887828,0.9458230475002035,0.01759541593492031,2.0818512439727783,0.7521862365210836,0.5362298711426985,0
c6,C_hard_maze_dense,27,onlstm,onlstm,,0.0,128,0,nan,nan,2.4036463454698023,128,128,192,634,32,1.0,2.5246803975395196,0.014698488167507344,1.259477964756454,0.7456584754772371,0.931408187071047,0.0073594278655946255,1.5499415397644043,0.7397491080076861,0.4632244535885265,0
c6,C_hard_maze_dense,27,onlstm,onlstm,,0.0,144,1,2.632394268890504,1.0951670464549943,2.4036463454698023,132,132,192,634,32,1.0,2.5246803975395196,0.014698488167507344,1.259477964756454,0.7456584754772371,0.931408187071047,0.0073594278655946255,1.5499415397644043,0.7397491080076861,0.4632244535885265,0
c6,C_hard_maze_dense,27,onlstm,onlstm,,0.0,168,1,2.632394268890504,1.0951670464549943,2.4036463454698023,132,132,192,634,32,1.0,2.5246803975395196,0.014698488167507344,1.259477964756454,0.7456584754772371,0.931408187071047,0.0073594278655946255,1.5499415397644043,0.7397491080076861,0.4632244535885265,0
c6,C_hard_maze_dense,27,hrm,hrm,,0.0,128,1,2.403646345469802,0.9999999999999998,2.4036463454698023,79,79,192,634,32,1.0,3.0117319497718382,0.000175577751649793,1.2398943836456686,0.8539622942870612,0.9428525893172017,0.0001191329793073237,2.05906081199646,0.7203607460597894,0.5636950672040755,0
c6,C_hard_maze_dense,27,hrm,hrm,,0.0,144,1,2.403646345469802,0.9999999999999998,2.4036463454698023,79,79,192,634,32,1.0,3.0117319497718382,0.000175577751649793,1.2398943836456686,0.8539622942870612,0.9428525893172017,0.0001191329793073237,2.05906081199646,0.7203607460597894,0.5636950672040755,0
c6,C_hard_maze_dense,27,hrm,hrm,,0.0,168,1,2.403646345469802,0.9999999999999998,2.4036463454698023,79,79,192,634,32,1.0,3.0117319497718382,0.000175577751649793,1.2398943836456686,0.8539622942870612,0.9428525893172017,0.0001191329793073237,2.05906081199646,0.7203607460597894,0.5636950672040755,0
c6,C_hard_maze_dense,28,euclidean,,,0.0,128,0,nan,nan,2.4622958786329843,128,128,192,657,33,1.0,1.0157811421676062,0.0,0.5306886196009505,0.25589636155774464,0.9191516561321652,0.0,1.0157811421676062,0.5306886196009505,0.25589636155774464,0
c6,C_hard_maze_dense,28,euclidean,,,0.0,144,1,2.4622958786329843,1.0,2.4622958786329843,142,142,192,657,33,1.0,1.0157811421676062,0.0,0.5306886196009505,0.25589636155774464,0.9191516561321652,0.0,1.0157811421676062,0.5306886196009505,0.25589636155774464,0
c6,C_hard_maze_dense,28,euclidean,,,0.0,168,1,2.4622958786329843,1.0,2.4622958786329843,142,142,192,657,33,1.0,1.0157811421676062,0.0,0.5306886196009505,0.25589636155774464,0.9191516561321652,0.0,1.0157811421676062,0.5306886196009505,0.25589636155774464,0
c6,C_hard_maze_dense,28,grid_oracle,,,0.0,128,1,2.4622958786329843,1.0,2.4622958786329843,81,81,192,657,33,1.0,2.7154549808166726,0.009536989096158181,1.2425211728846992,0.7789935604320749,0.9881181672679924,0.0,2.878521824131503,1.2662839648435251,0.7579914768950309,0
c6,C_hard_maze_dense,28,grid_oracle,,,0.0,144,1,2.4622958786329843,1.0,2.4622958786329843,81,81,192,657,33,1.0,2.7154549808166726,0.009536989096158181,1.2425211728846992,0.7789935604320749,0.9881181672679924,0.0,2.878521824131503,1.2662839648435251,0.7579914768950309,0
c6,C_hard_maze_dense,28,grid_oracle,,,0.0,168,1,2.4622958786329843,1.0,2.4622958786329843,81,81,192,657,33,1.0,2.7154549808166726,0.009536989096158181,1.2425211728846992,0.7789935604320749,0.9881181672679924,0.0,2.878521824131503,1.2662839648435251,0.7579914768950309,0
c6,C_hard_maze_dense,28,unet,unet,,0.0,128,1,2.4835341235472885,1.0086253829601077,2.4622958786329843,108,108,192,657,33,1.0,2.963191577698587,0.03350114404894339,1.2373476126626792,0.7994395331534001,0.9530847326587638,0.0167643204331398,2.0552186965942383,0.7193729029327187,0.5197511907547522,0
c6,C_hard_maze_dense,28,unet,unet,,0.0,144,1,2.4835341235472885,1.0086253829601077,2.4622958786329843,108,108,192,657,33,1.0,2.963191577698587,0.03350114404894339,1.2373476126626792,0.7994395331534001,0.9530847326587638,0.0167643204331398,2.0552186965942383,0.7193729029327187,0.5197511907547522,0
c6,C_hard_maze_dense,28,unet,unet,,0.0,168,1,2.4835341235472885,1.0086253829601077,2.4622958786329843,108,108,192,657,33,1.0,2.963191577698587,0.03350114404894339,1.2373476126626792,0.7994395331534001,0.9530847326587638,0.0167643204331398,2.0552186965942383,0.7193729029327187,0.5197511907547522,0
c6,C_hard_maze_dense,28,onlstm,onlstm,,0.0,128,1,2.580730247648905,1.0480991622670761,2.4622958786329843,121,121,192,657,33,1.0,2.48780187085668,0.008125534548122799,1.1971862993473839,0.7366522779056375,0.9370964788541357,0.0035056897904723883,1.5474387407302856,0.6641862360784216,0.46782062041088374,0
c6,C_hard_maze_dense,28,onlstm,onlstm,,0.0,144,1,2.580730247648905,1.0480991622670761,2.4622958786329843,121,121,192,657,33,1.0,2.48780187085668,0.008125534548122799,1.1971862993473839,0.7366522779056375,0.9370964788541357,0.0035056897904723883,1.5474387407302856,0.6641862360784216,0.46782062041088374,0
c6,C_hard_maze_dense,28,onlstm,onlstm,,0.0,168,1,2.580730247648905,1.0480991622670761,2.4622958786329843,121,121,192,657,33,1.0,2.48780187085668,0.008125534548122799,1.1971862993473839,0.7366522779056375,0.9370964788541357,0.0035056897904723883,1.5474387407302856,0.6641862360784216,0.46782062041088374,0
c6,C_hard_maze_dense,28,hrm,hrm,,0.0,128,1,2.5473268940089007,1.034533224099422,2.4622958786329843,93,93,192,657,33,1.0,3.1049166492603906,0.00013798827889389056,1.3325226066400278,0.9127716911329167,0.9518114369421914,7.827918307157233e-05,2.1626288890838623,0.8000604960801532,0.6203351617299274,0
c6,C_hard_maze_dense,28,hrm,hrm,,0.0,144,1,2.5473268940089007,1.034533224099422,2.4622958786329843,93,93,192,657,33,1.0,3.1049166492603906,0.00013798827889389056,1.3325226066400278,0.9127716911329167,0.9518114369421914,7.827918307157233e-05,2.1626288890838623,0.8000604960801532,0.6203351617299274,0
c6,C_hard_maze_dense,28,hrm,hrm,,0.0,168,1,2.5473268940089007,1.034533224099422,2.4622958786329843,93,93,192,657,33,1.0,3.1049166492603906,0.00013798827889389056,1.3325226066400278,0.9127716911329167,0.9518114369421914,7.827918307157233e-05,2.1626288890838623,0.8000604960801532,0.6203351617299274,0
c6,C_hard_maze_dense,29,euclidean,,,0.0,128,0,nan,nan,2.913925628029932,128,128,192,646,34,1.0,1.0498694789817236,0.0,0.5434366939148051,0.24905469377090794,0.8862782464802107,0.0,1.0498694789817236,0.5434366939148051,0.24905469377090794,0
c6,C_hard_maze_dense,29,euclidean,,,0.0,144,0,nan,nan,2.913925628029932,144,144,192,646,34,1.0,1.0498694789817236,0.0,0.5434366939148051,0.24905469377090794,0.8862782464802107,0.0,1.0498694789817236,0.5434366939148051,0.24905469377090794,0
c6,C_hard_maze_dense,29,euclidean,,,0.0,168,1,2.913925628029931,0.9999999999999997,2.913925628029932,148,148,192,646,34,1.0,1.0498694789817236,0.0,0.5434366939148051,0.24905469377090794,0.8862782464802107,0.0,1.0498694789817236,0.5434366939148051,0.24905469377090794,0
c6,C_hard_maze_dense,29,grid_oracle,,,0.0,128,1,2.9196136120339067,1.0019520004042863,2.913925628029932,107,107,192,646,34,1.0,3.0150474113727825,0.008026333404849123,1.3263255977384032,0.8336212705426902,0.89303637793994,0.0,3.029410171779822,1.3835513756905946,0.8731673102919948,0
c6,C_hard_maze_dense,29,grid_oracle,,,0.0,144,1,2.9196136120339067,1.0019520004042863,2.913925628029932,107,107,192,646,34,1.0,3.0150474113727825,0.008026333404849123,1.3263255977384032,0.8336212705426902,0.89303637793994,0.0,3.029410171779822,1.3835513756905946,0.8731673102919948,0
c6,C_hard_maze_dense,29,grid_oracle,,,0.0,168,1,2.9196136120339067,1.0019520004042863,2.913925628029932,107,107,192,646,34,1.0,3.0150474113727825,0.008026333404849123,1.3263255977384032,0.8336212705426902,0.89303637793994,0.0,3.029410171779822,1.3835513756905946,0.8731673102919948,0
c6,C_hard_maze_dense,29,unet,unet,,0.0,128,0,nan,nan,2.913925628029932,128,128,192,646,34,1.0,3.01196254061716,0.035896415940175216,1.2670198940250463,0.769596739704467,0.8633385779779184,0.011149223893880844,2.1505727767944336,0.7542760883791289,0.5502026687616612,0
c6,C_hard_maze_dense,29,unet,unet,,0.0,144,1,3.016751896687948,1.035287883695074,2.913925628029932,137,137,192,646,34,1.0,3.01196254061716,0.035896415940175216,1.2670198940250463,0.769596739704467,0.8633385779779184,0.011149223893880844,2.1505727767944336,0.7542760883791289,0.5502026687616612,0
c6,C_hard_maze_dense,29,unet,unet,,0.0,168,1,3.016751896687948,1.035287883695074,2.913925628029932,137,137,192,646,34,1.0,3.01196254061716,0.035896415940175216,1.2670198940250463,0.769596739704467,0.8633385779779184,0.011149223893880844,2.1505727767944336,0.7542760883791289,0.5502026687616612,0
c6,C_hard_maze_dense,29,onlstm,onlstm,,0.0,128,0,nan,nan,2.913925628029932,128,128,192,646,34,1.0,2.537480366855267,0.0016613936210669294,1.238952137809297,0.6950588580871252,0.8548375064427748,0.0007771051023155451,1.5654306411743164,0.7220263082449634,0.4627363262342572,0
c6,C_hard_maze_dense,29,onlstm,onlstm,,0.0,144,0,nan,nan,2.913925628029932,144,144,192,646,34,1.0,2.537480366855267,0.0016613936210669294,1.238952137809297,0.6950588580871252,0.8548375064427748,0.0007771051023155451,1.5654306411743164,0.7220263082449634,0.4627363262342572,0
c6,C_hard_maze_dense,29,onlstm,onlstm,,0.0,168,1,3.022664081507196,1.0373168252584335,2.913925628029932,145,145,192,646,34,1.0,2.537480366855267,0.0016613936210669294,1.238952137809297,0.6950588580871252,0.8548375064427748,0.0007771051023155451,1.5654306411743164,0.7220263082449634,0.4627363262342572,0
c6,C_hard_maze_dense,29,hrm,hrm,,0.0,128,0,nan,nan,2.913925628029932,128,128,192,646,34,1.0,3.1541478913417116,0.0009025006605592803,1.34452846877102,0.8700649478878579,0.8625484903561838,0.000602956220973283,2.1747324466705322,0.8177473384120901,0.6359693367128648,0
c6,C_hard_maze_dense,29,hrm,hrm,,0.0,144,1,3.0171462634083306,1.0354232223312387,2.913925628029932,130,130,192,646,34,1.0,3.1541478913417116,0.0009025006605592803,1.34452846877102,0.8700649478878579,0.8625484903561838,0.000602956220973283,2.1747324466705322,0.8177473384120901,0.6359693367128648,0
c6,C_hard_maze_dense,29,hrm,hrm,,0.0,168,1,3.0171462634083306,1.0354232223312387,2.913925628029932,130,130,192,646,34,1.0,3.1541478913417116,0.0009025006605592803,1.34452846877102,0.8700649478878579,0.8625484903561838,0.000602956220973283,2.1747324466705322,0.8177473384120901,0.6359693367128648,0
c6,C_hard_maze_dense,30,euclidean,,,0.0,128,1,2.1431490710576746,1.0000000000000002,2.143149071057674,124,124,192,631,31,1.0,0.9903918715261152,0.0,0.4684504124249261,0.24798748349781075,0.9338157502102381,0.0,0.9903918715261152,0.4684504124249261,0.24798748349781075,0
c6,C_hard_maze_dense,30,euclidean,,,0.0,144,1,2.1431490710576746,1.0000000000000002,2.143149071057674,124,124,192,631,31,1.0,0.9903918715261152,0.0,0.4684504124249261,0.24798748349781075,0.9338157502102381,0.0,0.9903918715261152,0.4684504124249261,0.24798748349781075,0
c6,C_hard_maze_dense,30,euclidean,,,0.0,168,1,2.1431490710576746,1.0000000000000002,2.143149071057674,124,124,192,631,31,1.0,0.9903918715261152,0.0,0.4684504124249261,0.24798748349781075,0.9338157502102381,0.0,0.9903918715261152,0.4684504124249261,0.24798748349781075,0
c6,C_hard_maze_dense,30,grid_oracle,,,0.0,128,1,2.1449358003654346,1.000833693433597,2.143149071057674,53,53,192,631,31,1.0,2.4318391339946532,0.005904269528795035,0.9553352151428472,0.6709688741076837,0.9880198301820254,0.0,2.4437026503073422,1.0206518205111241,0.6515390473257334,0
c6,C_hard_maze_dense,30,grid_oracle,,,0.0,144,1,2.1449358003654346,1.000833693433597,2.143149071057674,53,53,192,631,31,1.0,2.4318391339946532,0.005904269528795035,0.9553352151428472,0.6709688741076837,0.9880198301820254,0.0,2.4437026503073422,1.0206518205111241,0.6515390473257334,0
c6,C_hard_maze_dense,30,grid_oracle,,,0.0,168,1,2.1449358003654346,1.000833693433597,2.143149071057674,53,53,192,631,31,1.0,2.4318391339946532,0.005904269528795035,0.9553352151428472,0.6709688741076837,0.9880198301820254,0.0,2.4437026503073422,1.0206518205111241,0.6515390473257334,0
c6,C_hard_maze_dense,30,unet,unet,,0.0,128,1,2.208954253602963,1.0307049021619448,2.143149071057674,65,65,192,631,31,1.0,2.695729050848419,0.0322607472973841,1.0742054790664612,0.7564248813343899,0.9712974391666441,0.019368456676602364,1.8349988460540771,0.6353634712554594,0.45959614063164145,0
c6,C_hard_maze_dense,30,unet,unet,,0.0,144,1,2.208954253602963,1.0307049021619448,2.143149071057674,65,65,192,631,31,1.0,2.695729050848419,0.0322607472973841,1.0742054790664612,0.7564248813343899,0.9712974391666441,0.019368456676602364,1.8349988460540771,0.6353634712554594,0.45959614063164145,0
c6,C_hard_maze_dense,30,unet,unet,,0.0,168,1,2.208954253602963,1.0307049021619448,2.143149071057674,65,65,192,631,31,1.0,2.695729050848419,0.0322607472973841,1.0742054790664612,0.7564248813343899,0.9712974391666441,0.019368456676602364,1.8349988460540771,0.6353634712554594,0.45959614063164145,0
c6,C_hard_maze_dense,30,onlstm,onlstm,,0.0,128,1,2.202097253686949,1.0275054047454493,2.143149071057674,71,71,192,631,31,1.0,2.4232665918218697,0.004524845876932247,0.9878524389558376,0.7113867337697323,0.9322593115047612,0.002895526820793748,1.4957891702651978,0.5642851139081131,0.4379682192751743,0
c6,C_hard_maze_dense,30,onlstm,onlstm,,0.0,144,1,2.202097253686949,1.0275054047454493,2.143149071057674,71,71,192,631,31,1.0,2.4232665918218697,0.004524845876932247,0.9878524389558376,0.7113867337697323,0.9322593115047612,0.002895526820793748,1.4957891702651978,0.5642851139081131,0.4379682192751743,0
c6,C_hard_maze_dense,30,onlstm,onlstm,,0.0,168,1,2.202097253686949,1.0275054047454493,2.143149071057674,71,71,192,631,31,1.0,2.4232665918218697,0.004524845876932247,0.9878524389558376,0.7113867337697323,0.9322593115047612,0.002895526820793748,1.4957891702651978,0.5642851139081131,0.4379682192751743,0
c6,C_hard_maze_dense,30,hrm,hrm,,0.0,128,1,2.2134888023323853,1.0328207366555222,2.143149071057674,57,57,192,631,31,1.0,3.0665976814971283,0.00042847938185179655,1.1806186015624756,0.9123045807018583,0.9647071589398586,0.00010702914005378261,2.1305906772613525,0.7694255077392196,0.6137414659752543,0
c6,C_hard_maze_dense,30,hrm,hrm,,0.0,144,1,2.2134888023323853,1.0328207366555222,2.143149071057674,57,57,192,631,31,1.0,3.0665976814971283,0.00042847938185179655,1.1806186015624756,0.9123045807018583,0.9647071589398586,0.00010702914005378261,2.1305906772613525,0.7694255077392196,0.6137414659752543,0
c6,C_hard_maze_dense,30,hrm,hrm,,0.0,168,1,2.2134888023323853,1.0328207366555222,2.143149071057674,57,57,192,631,31,1.0,3.0665976814971283,0.00042847938185179655,1.1806186015624756,0.9123045807018583,0.9647071589398586,0.00010702914005378261,2.1305906772613525,0.7694255077392196,0.6137414659752543,0
c6,C_hard_maze_dense,31,euclidean,,,0.0,128,1,2.170696471772277,0.9999999999999998,2.1706964717722776,125,125,192,624,26,1.0,1.0233582722791708,0.0,0.5261285647905677,0.24817869423909122,0.9092670835254865,0.0,1.0233582722791708,0.5261285647905677,0.24817869423909122,0
c6,C_hard_maze_dense,31,euclidean,,,0.0,144,1,2.170696471772277,0.9999999999999998,2.1706964717722776,125,125,192,624,26,1.0,1.0233582722791708,0.0,0.5261285647905677,0.24817869423909122,0.9092670835254865,0.0,1.0233582722791708,0.5261285647905677,0.24817869423909122,0
c6,C_hard_maze_dense,31,euclidean,,,0.0,168,1,2.170696471772277,0.9999999999999998,2.1706964717722776,125,125,192,624,26,1.0,1.0233582722791708,0.0,0.5261285647905677,0.24817869423909122,0.9092670835254865,0.0,1.0233582722791708,0.5261285647905677,0.24817869423909122,0
c6,C_hard_maze_dense,31,grid_oracle,,,0.0,128,1,2.173971793333892,1.0015088804926007,2.1706964717722776,64,64,192,624,26,1.0,2.396299430686921,0.009729964845648762,1.038061599442457,0.6777286343676496,0.9138838401649352,0.0,2.481424737219423,1.0590750956326345,0.7007906722112607,0
c6,C_hard_maze_dense,31,grid_oracle,,,0.0,144,1,2.173971793333892,1.0015088804926007,2.1706964717722776,64,64,192,624,26,1.0,2.396299430686921,0.009729964845648762,1.038061599442457,0.6777286343676496,0.9138838401649352,0.0,2.481424737219423,1.0590750956326345,0.7007906722112607,0
c6,C_hard_maze_dense,31,grid_oracle,,,0.0,168,1,2.173971793333892,1.0015088804926007,2.1706964717722776,64,64,192,624,26,1.0,2.396299430686921,0.009729964845648762,1.038061599442457,0.6777286343676496,0.9138838401649352,0.0,2.481424737219423,1.0590750956326345,0.7007906722112607,0
c6,C_hard_maze_dense,31,unet,unet,,0.0,128,1,2.2782892797384373,1.0495660307027241,2.1706964717722776,99,99,192,624,26,1.0,2.681420884243518,0.023248082681021024,1.2100760461334705,0.7265551451165451,0.9306825271952909,0.011815657839179039,2.0148262977600098,0.6925707895593405,0.51005653101882,0
c6,C_hard_maze_dense,31,unet,unet,,0.0,144,1,2.2782892797384373,1.0495660307027241,2.1706964717722776,99,99,192,624,26,1.0,2.681420884243518,0.023248082681021024,1.2100760461334705,0.7265551451165451,0.9306825271952909,0.011815657839179039,2.0148262977600098,0.6925707895593405,0.51005653101882,0
c6,C_hard_maze_dense,31,unet,unet,,0.0,168,1,2.2782892797384373,1.0495660307027241,2.1706964717722776,99,99,192,624,26,1.0,2.681420884243518,0.023248082681021024,1.2100760461334705,0.7265551451165451,0.9306825271952909,0.011815657839179039,2.0148262977600098,0.6925707895593405,0.51005653101882,0
c6,C_hard_maze_dense,31,onlstm,onlstm,,0.0,128,1,2.25589281020398,1.0392483884963168,2.1706964717722776,84,84,192,624,26,1.0,2.297852925179372,0.00761210129045862,1.196565507174368,0.686847644093082,0.9193008572281149,0.0031463378109037876,1.5145736932754517,0.6737357908493209,0.45738229547257736,0
c6,C_hard_maze_dense,31,onlstm,onlstm,,0.0,144,1,2.25589281020398,1.0392483884963168,2.1706964717722776,84,84,192,624,26,1.0,2.297852925179372,0.00761210129045862,1.196565507174368,0.686847644093082,0.9193008572281149,0.0031463378109037876,1.5145736932754517,0.6737357908493209,0.45738229547257736,0
c6,C_hard_maze_dense,31,onlstm,onlstm,,0.0,168,1,2.25589281020398,1.0392483884963168,2.1706964717722776,84,84,192,624,26,1.0,2.297852925179372,0.00761210129045862,1.196565507174368,0.686847644093082,0.9193008572281149,0.0031463378109037876,1.5145736932754517,0.6737357908493209,0.45738229547257736,0
c6,C_hard_maze_dense,31,hrm,hrm,,0.0,128,1,2.1781381881043855,1.0034282620480937,2.1706964717722776,75,75,192,624,26,1.0,2.8348287755386994,0.0011775552745058304,1.2742987797084082,0.8086426941418424,0.9267507392236117,0.00038548794691450894,2.028801202774048,0.7521084164814766,0.5888169690539876,0
c6,C_hard_maze_dense,31,hrm,hrm,,0.0,144,1,2.1781381881043855,1.0034282620480937,2.1706964717722776,75,75,192,624,26,1.0,2.8348287755386994,0.0011775552745058304,1.2742987797084082,0.8086426941418424,0.9267507392236117,0.00038548794691450894,2.028801202774048,0.7521084164814766,0.5888169690539876,0
c6,C_hard_maze_dense,31,hrm,hrm,,0.0,168,1,2.1781381881043855,1.0034282620480937,2.1706964717722776,75,75,192,624,26,1.0,2.8348287755386994,0.0011775552745058304,1.2742987797084082,0.8086426941418424,0.9267507392236117,0.00038548794691450894,2.028801202774048,0.7521084164814766,0.5888169690539876,0
c6,C_hard_maze_dense,32,euclidean,,,0.0,128,0,nan,nan,2.770177988950607,128,128,192,672,27,1.0,1.0548063615879086,0.0,0.5065833062223889,0.2427808961083131,0.908134511569867,0.0,1.0548063615879086,0.5065833062223889,0.2427808961083131,0
c6,C_hard_maze_dense,32,euclidean,,,0.0,144,0,nan,nan,2.770177988950607,144,144,192,672,27,1.0,1.0548063615879086,0.0,0.5065833062223889,0.2427808961083131,0.908134511569867,0.0,1.0548063615879086,0.5065833062223889,0.2427808961083131,0
c6,C_hard_maze_dense,32,euclidean,,,0.0,168,1,2.770177988950607,1.0,2.770177988950607,153,153,192,672,27,1.0,1.0548063615879086,0.0,0.5065833062223889,0.2427808961083131,0.908134511569867,0.0,1.0548063615879086,0.5065833062223889,0.2427808961083131,0
c6,C_hard_maze_dense,32,grid_oracle,,,0.0,128,1,2.770177988950607,1.0,2.770177988950607,108,108,192,672,27,1.0,2.8323083458258984,0.009894153439064074,1.2719892000895665,0.8092572552039987,0.996887122589046,0.0,2.884993911043583,1.3624290032645667,0.8280333317818944,0
c6,C_hard_maze_dense,32,grid_oracle,,,0.0,144,1,2.770177988950607,1.0,2.770177988950607,108,108,192,672,27,1.0,2.8323083458258984,0.009894153439064074,1.2719892000895665,0.8092572552039987,0.996887122589046,0.0,2.884993911043583,1.3624290032645667,0.8280333317818944,0
c6,C_hard_maze_dense,32,grid_oracle,,,0.0,168,1,2.770177988950607,1.0,2.770177988950607,108,108,192,672,27,1.0,2.8323083458258984,0.009894153439064074,1.2719892000895665,0.8092572552039987,0.996887122589046,0.0,2.884993911043583,1.3624290032645667,0.8280333317818944,0
c6,C_hard_maze_dense,32,unet,unet,,0.0,128,0,nan,nan,2.770177988950607,128,128,192,672,27,1.0,2.766584073840934,0.024758159726760993,1.1416278160755737,0.711314959590851,0.9449854868024851,0.011278931051492691,1.9844536781311035,0.6758512065337072,0.49444309819148674,0
c6,C_hard_maze_dense,32,unet,unet,,0.0,144,1,2.770177988950607,1.0,2.770177988950607,143,143,192,672,27,1.0,2.766584073840934,0.024758159726760993,1.1416278160755737,0.711314959590851,0.9449854868024851,0.011278931051492691,1.9844536781311035,0.6758512065337072,0.49444309819148674,0
c6,C_hard_maze_dense,32,unet,unet,,0.0,168,1,2.770177988950607,1.0,2.770177988950607,143,143,192,672,27,1.0,2.766584073840934,0.024758159726760993,1.1416278160755737,0.711314959590851,0.9449854868024851,0.011278931051492691,1.9844536781311035,0.6758512065337072,0.49444309819148674,0
c6,C_hard_maze_dense,32,onlstm,onlstm,,0.0,128,0,nan,nan,2.770177988950607,128,128,192,672,27,1.0,2.3910477558152374,0.005704165068579355,1.1078029578809991,0.6702348172675225,0.9543427691723408,0.0016172544565051794,1.489007830619812,0.6519056660640956,0.4498504599378638,0
c6,C_hard_maze_dense,32,onlstm,onlstm,,0.0,144,1,2.832885279419006,1.0226365564662339,2.770177988950607,138,138,192,672,27,1.0,2.3910477558152374,0.005704165068579355,1.1078029578809991,0.6702348172675225,0.9543427691723408,0.0016172544565051794,1.489007830619812,0.6519056660640956,0.4498504599378638,0
c6,C_hard_maze_dense,32,onlstm,onlstm,,0.0,168,1,2.832885279419006,1.0226365564662339,2.770177988950607,138,138,192,672,27,1.0,2.3910477558152374,0.005704165068579355,1.1078029578809991,0.6702348172675225,0.9543427691723408,0.0016172544565051794,1.489007830619812,0.6519056660640956,0.4498504599378638,0
c6,C_hard_maze_dense,32,hrm,hrm,,0.0,128,0,nan,nan,2.770177988950607,128,128,192,672,27,1.0,2.749493774900022,0.001551758072355562,1.1894715084610168,0.7751376820032007,0.9527422483248787,0.0004760526935569942,1.9763389825820923,0.7278737146407224,0.5570929863006484,0
c6,C_hard_maze_dense,32,hrm,hrm,,0.0,144,1,2.79806250035129,1.0100659638160097,2.770177988950607,138,138,192,672,27,1.0,2.749493774900022,0.001551758072355562,1.1894715084610168,0.7751376820032007,0.9527422483248787,0.0004760526935569942,1.9763389825820923,0.7278737146407224,0.5570929863006484,0
c6,C_hard_maze_dense,32,hrm,hrm,,0.0,168,1,2.79806250035129,1.0100659638160097,2.770177988950607,138,138,192,672,27,1.0,2.749493774900022,0.001551758072355562,1.1894715084610168,0.7751376820032007,0.9527422483248787,0.0004760526935569942,1.9763389825820923,0.7278737146407224,0.5570929863006484,0
c6,C_hard_maze_dense,33,euclidean,,,0.0,128,0,nan,nan,2.1766749877196676,128,128,192,659,27,1.0,0.9954640713346895,0.0,0.5287901635280471,0.23995000665348012,0.9316947209939507,0.0,0.9954640713346895,0.5287901635280471,0.23995000665348012,0
c6,C_hard_maze_dense,33,euclidean,,,0.0,144,0,nan,nan,2.1766749877196676,144,144,192,659,27,1.0,0.9954640713346895,0.0,0.5287901635280471,0.23995000665348012,0.9316947209939507,0.0,0.9954640713346895,0.5287901635280471,0.23995000665348012,0
c6,C_hard_maze_dense,33,euclidean,,,0.0,168,1,2.1766749877196676,1.0,2.1766749877196676,159,159,192,659,27,1.0,0.9954640713346895,0.0,0.5287901635280471,0.23995000665348012,0.9316947209939507,0.0,0.9954640713346895,0.5287901635280471,0.23995000665348012,0
c6,C_hard_maze_dense,33,grid_oracle,,,0.0,128,1,2.1766749877196676,1.0,2.1766749877196676,117,117,192,659,27,1.0,2.2826036848801468,0.004231383507862295,1.0944156003843155,0.6218171406201467,0.9771451048476795,0.0,2.3407997372194216,1.0513728429621976,0.6120168029588734,0
c6,C_hard_maze_dense,33,grid_oracle,,,0.0,144,1,2.1766749877196676,1.0,2.1766749877196676,117,117,192,659,27,1.0,2.2826036848801468,0.004231383507862295,1.0944156003843155,0.6218171406201467,0.9771451048476795,0.0,2.3407997372194216,1.0513728429621976,0.6120168029588734,0
c6,C_hard_maze_dense,33,grid_oracle,,,0.0,168,1,2.1766749877196676,1.0,2.1766749877196676,117,117,192,659,27,1.0,2.2826036848801468,0.004231383507862295,1.0944156003843155,0.6218171406201467,0.9771451048476795,0.0,2.3407997372194216,1.0513728429621976,0.6120168029588734,0
c6,C_hard_maze_dense,33,unet,unet,,0.0,128,1,2.1877692097483457,1.0050968665929776,2.1766749877196676,109,109,192,659,27,1.0,2.738718015888148,0.03829843295205357,1.1997714099094823,0.6929437106498161,0.9479033855085046,0.01588296890258789,1.8079053163528442,0.6263146951619092,0.4400658113880631,0
c6,C_hard_maze_dense,33,unet,unet,,0.0,144,1,2.1877692097483457,1.0050968665929776,2.1766749877196676,109,109,192,659,27,1.0,2.738718015888148,0.03829843295205357,1.1997714099094823,0.6929437106498161,0.9479033855085046,0.01588296890258789,1.8079053163528442,0.6263146951619092,0.4400658113880631,0
c6,C_hard_maze_dense,33,unet,unet,,0.0,168,1,2.1877692097483457,1.0050968665929776,2.1766749877196676,109,109,192,659,27,1.0,2.738718015888148,0.03829843295205357,1.1997714099094823,0.6929437106498161,0.9479033855085046,0.01588296890258789,1.8079053163528442,0.6263146951619092,0.4400658113880631,0
c6,C_hard_maze_dense,33,onlstm,onlstm,,0.0,128,1,2.2283412005138925,1.023736301048946,2.1766749877196676,120,120,192,659,27,1.0,2.4642286412055374,0.016251515864396604,1.1575599525137645,0.6757683793926125,0.9405450587309769,0.004362387116998434,1.541854739189148,0.5915524745137191,0.4389954346573306,0
c6,C_hard_maze_dense,33,onlstm,onlstm,,0.0,144,1,2.2283412005138925,1.023736301048946,2.1766749877196676,120,120,192,659,27,1.0,2.4642286412055374,0.016251515864396604,1.1575599525137645,0.6757683793926125,0.9405450587309769,0.004362387116998434,1.541854739189148,0.5915524745137191,0.4389954346573306,0
c6,C_hard_maze_dense,33,onlstm,onlstm,,0.0,168,1,2.2283412005138925,1.023736301048946,2.1766749877196676,120,120,192,659,27,1.0,2.4642286412055374,0.016251515864396604,1.1575599525137645,0.6757683793926125,0.9405450587309769,0.004362387116998434,1.541854739189148,0.5915524745137191,0.4389954346573306,0
c6,C_hard_maze_dense,33,hrm,hrm,,0.0,128,1,2.2172469784852145,1.0186394344559686,2.1766749877196676,104,104,192,659,27,1.0,2.7689078426907194,0.0004025122423822329,1.122994829026032,0.716520307231859,0.9355434310826576,0.00013783802569378167,1.8474359512329102,0.5513538526727366,0.4699382613276859,0
c6,C_hard_maze_dense,33,hrm,hrm,,0.0,144,1,2.2172469784852145,1.0186394344559686,2.1766749877196676,104,104,192,659,27,1.0,2.7689078426907194,0.0004025122423822329,1.122994829026032,0.716520307231859,0.9355434310826576,0.00013783802569378167,1.8474359512329102,0.5513538526727366,0.4699382613276859,0
c6,C_hard_maze_dense,33,hrm,hrm,,0.0,168,1,2.2172469784852145,1.0186394344559686,2.1766749877196676,104,104,192,659,27,1.0,2.7689078426907194,0.0004025122423822329,1.122994829026032,0.716520307231859,0.9355434310826576,0.00013783802569378167,1.8474359512329102,0.5513538526727366,0.4699382613276859,0
c6,C_hard_maze_dense,34,euclidean,,,0.0,128,0,nan,nan,2.748688570525314,128,128,192,581,34,1.0,0.9454287700789125,0.0,0.4651613743676779,0.22069411335156552,0.880184738084258,0.0,0.9454287700789125,0.4651613743676779,0.22069411335156552,0
c6,C_hard_maze_dense,34,euclidean,,,0.0,144,1,2.748688570525315,1.0000000000000002,2.748688570525314,138,138,192,581,34,1.0,0.9454287700789125,0.0,0.4651613743676779,0.22069411335156552,0.880184738084258,0.0,0.9454287700789125,0.4651613743676779,0.22069411335156552,0
c6,C_hard_maze_dense,34,euclidean,,,0.0,168,1,2.748688570525315,1.0000000000000002,2.748688570525314,138,138,192,581,34,1.0,0.9454287700789125,0.0,0.4651613743676779,0.22069411335156552,0.880184738084258,0.0,0.9454287700789125,0.4651613743676779,0.22069411335156552,0
c6,C_hard_maze_dense,34,grid_oracle,,,0.0,128,1,2.748688570525315,1.0000000000000002,2.748688570525314,100,100,192,581,34,1.0,2.7626229421404185,0.007526285208142859,1.0936536571151005,0.6916665522802273,0.8630198301820254,0.0,2.774508476483184,1.2027007527913838,0.7379026298500538,0
c6,C_hard_maze_dense,34,grid_oracle,,,0.0,144,1,2.748688570525315,1.0000000000000002,2.748688570525314,100,100,192,581,34,1.0,2.7626229421404185,0.007526285208142859,1.0936536571151005,0.6916665522802273,0.8630198301820254,0.0,2.774508476483184,1.2027007527913838,0.7379026298500538,0
c6,C_hard_maze_dense,34,grid_oracle,,,0.0,168,1,2.748688570525315,1.0000000000000002,2.748688570525314,100,100,192,581,34,1.0,2.7626229421404185,0.007526285208142859,1.0936536571151005,0.6916665522802273,0.8630198301820254,0.0,2.774508476483184,1.2027007527913838,0.7379026298500538,0
c6,C_hard_maze_dense,34,unet,unet,,0.0,128,1,2.8103087409680856,1.0224180254916966,2.748688570525314,121,121,192,581,34,1.0,2.838122901166252,0.041344308001454555,1.0415329124091262,0.6710261684614781,0.8386373192632178,0.010351202450692654,1.9181874990463257,0.6532772880636912,0.49677395465426205,0
c6,C_hard_maze_dense,34,unet,unet,,0.0,144,1,2.8103087409680856,1.0224180254916966,2.748688570525314,121,121,192,581,34,1.0,2.838122901166252,0.041344308001454555,1.0415329124091262,0.6710261684614781,0.8386373192632178,0.010351202450692654,1.9181874990463257,0.6532772880636912,0.49677395465426205,0
c6,C_hard_maze_dense,34,unet,unet,,0.0,168,1,2.8103087409680856,1.0224180254916966,2.748688570525314,121,121,192,581,34,1.0,2.838122901166252,0.041344308001454555,1.0415329124091262,0.6710261684614781,0.8386373192632178,0.010351202450692654,1.9181874990463257,0.6532772880636912,0.49677395465426205,0
c6,C_hard_maze_dense,34,onlstm,onlstm,,0.0,128,1,2.8186223743992067,1.0254426072941858,2.748688570525314,116,116,192,581,34,1.0,2.277125311038315,0.005733412812311764,0.9922948082839319,0.6415303103736963,0.8385067683042617,0.0005825079861097038,1.4435298442840576,0.5900145092082738,0.45771811755597747,0
c6,C_hard_maze_dense,34,onlstm,onlstm,,0.0,144,1,2.8186223743992067,1.0254426072941858,2.748688570525314,116,116,192,581,34,1.0,2.277125311038315,0.005733412812311764,0.9922948082839319,0.6415303103736963,0.8385067683042617,0.0005825079861097038,1.4435298442840576,0.5900145092082738,0.45771811755597747,0
c6,C_hard_maze_dense,34,onlstm,onlstm,,0.0,168,1,2.8186223743992067,1.0254426072941858,2.748688570525314,116,116,192,581,34,1.0,2.277125311038315,0.005733412812311764,0.9922948082839319,0.6415303103736963,0.8385067683042617,0.0005825079861097038,1.4435298442840576,0.5900145092082738,0.45771811755597747,0
c6,C_hard_maze_dense,34,hrm,hrm,,0.0,128,1,2.835086841563868,1.031432542764218,2.748688570525314,96,96,192,581,34,1.0,2.908471097863308,0.0014164394841482762,1.1813114467082975,0.7978253439544819,0.8380015191384316,0.00040856326813809574,2.109767436981201,0.794723877675672,0.6243328297386829,0
c6,C_hard_maze_dense,34,hrm,hrm,,0.0,144,1,2.835086841563868,1.031432542764218,2.748688570525314,96,96,192,581,34,1.0,2.908471097863308,0.0014164394841482762,1.1813114467082975,0.7978253439544819,0.8380015191384316,0.00040856326813809574,2.109767436981201,0.794723877675672,0.6243328297386829,0
c6,C_hard_maze_dense,34,hrm,hrm,,0.0,168,1,2.835086841563868,1.031432542764218,2.748688570525314,96,96,192,581,34,1.0,2.908471097863308,0.0014164394841482762,1.1813114467082975,0.7978253439544819,0.8380015191384316,0.00040856326813809574,2.109767436981201,0.794723877675672,0.6243328297386829,0
c6,C_hard_maze_dense,35,euclidean,,,0.0,128,0,nan,nan,2.406173563014335,128,128,192,607,35,1.0,1.0000484932564129,0.0,0.5500482075427059,0.25227242193362004,0.8898726365190031,0.0,1.0000484932564129,0.5500482075427059,0.25227242193362004,0
c6,C_hard_maze_dense,35,euclidean,,,0.0,144,1,2.4061735630143364,1.0000000000000004,2.406173563014335,130,130,192,607,35,1.0,1.0000484932564129,0.0,0.5500482075427059,0.25227242193362004,0.8898726365190031,0.0,1.0000484932564129,0.5500482075427059,0.25227242193362004,0
c6,C_hard_maze_dense,35,euclidean,,,0.0,168,1,2.4061735630143364,1.0000000000000004,2.406173563014335,130,130,192,607,35,1.0,1.0000484932564129,0.0,0.5500482075427059,0.25227242193362004,0.8898726365190031,0.0,1.0000484932564129,0.5500482075427059,0.25227242193362004,0
c6,C_hard_maze_dense,35,grid_oracle,,,0.0,128,1,2.4100693568110287,1.0016190826200473,2.406173563014335,95,95,192,607,35,1.0,2.4833250147572077,0.006450096779564998,1.052993534254932,0.6588163269403968,0.9436308086699403,0.0,2.5541880848677403,1.092173050912325,0.6855091781885666,0
c6,C_hard_maze_dense,35,grid_oracle,,,0.0,144,1,2.4100693568110287,1.0016190826200473,2.406173563014335,95,95,192,607,35,1.0,2.4833250147572077,0.006450096779564998,1.052993534254932,0.6588163269403968,0.9436308086699403,0.0,2.5541880848677403,1.092173050912325,0.6855091781885666,0
c6,C_hard_maze_dense,35,grid_oracle,,,0.0,168,1,2.4100693568110287,1.0016190826200473,2.406173563014335,95,95,192,607,35,1.0,2.4833250147572077,0.006450096779564998,1.052993534254932,0.6588163269403968,0.9436308086699403,0.0,2.5541880848677403,1.092173050912325,0.6855091781885666,0
c6,C_hard_maze_dense,35,unet,unet,,0.0,128,1,2.482363390063499,1.0316643105968288,2.406173563014335,107,107,192,607,35,1.0,2.801168663430876,0.05318571001871513,1.2358359691570715,0.7531220044165173,0.8864410113121559,0.017072949558496475,2.0280730724334717,0.702496753813648,0.5184801976870486,0
c6,C_hard_maze_dense,35,unet,unet,,0.0,144,1,2.482363390063499,1.0316643105968288,2.406173563014335,107,107,192,607,35,1.0,2.801168663430876,0.05318571001871513,1.2358359691570715,0.7531220044165173,0.8864410113121559,0.017072949558496475,2.0280730724334717,0.702496753813648,0.5184801976870486,0
c6,C_hard_maze_dense,35,unet,unet,,0.0,168,1,2.482363390063499,1.0316643105968288,2.406173563014335,107,107,192,607,35,1.0,2.801168663430876,0.05318571001871513,1.2358359691570715,0.7531220044165173,0.8864410113121559,0.017072949558496475,2.0280730724334717,0.702496753813648,0.5184801976870486,0
c6,C_hard_maze_dense,35,onlstm,onlstm,,0.0,128,1,2.4689271717343093,1.0260802502714557,2.406173563014335,90,90,192,607,35,1.0,2.40585663545551,0.0015194123312698307,1.2401672885504438,0.7019809328480731,0.89437579686949,0.0009344806312583387,1.5495373010635376,0.7093067875279644,0.45853407931542134,0
c6,C_hard_maze_dense,35,onlstm,onlstm,,0.0,144,1,2.4689271717343093,1.0260802502714557,2.406173563014335,90,90,192,607,35,1.0,2.40585663545551,0.0015194123312698307,1.2401672885504438,0.7019809328480731,0.89437579686949,0.0009344806312583387,1.5495373010635376,0.7093067875279644,0.45853407931542134,0
c6,C_hard_maze_dense,35,onlstm,onlstm,,0.0,168,1,2.4689271717343093,1.0260802502714557,2.406173563014335,90,90,192,607,35,1.0,2.40585663545551,0.0015194123312698307,1.2401672885504438,0.7019809328480731,0.89437579686949,0.0009344806312583387,1.5495373010635376,0.7093067875279644,0.45853407931542134,0
c6,C_hard_maze_dense,35,hrm,hrm,,0.0,128,1,2.500142452401735,1.0390532465453908,2.406173563014335,93,93,192,607,35,1.0,2.793957246122936,0.000735455304854589,1.2848621404700094,0.8187495292718967,0.8856746602284135,0.00044596640509553254,2.0363900661468506,0.7557284686739649,0.5802790385754216,0
c6,C_hard_maze_dense,35,hrm,hrm,,0.0,144,1,2.500142452401735,1.0390532465453908,2.406173563014335,93,93,192,607,35,1.0,2.793957246122936,0.000735455304854589,1.2848621404700094,0.8187495292718967,0.8856746602284135,0.00044596640509553254,2.0363900661468506,0.7557284686739649,0.5802790385754216,0
c6,C_hard_maze_dense,35,hrm,hrm,,0.0,168,1,2.500142452401735,1.0390532465453908,2.406173563014335,93,93,192,607,35,1.0,2.793957246122936,0.000735455304854589,1.2848621404700094,0.8187495292718967,0.8856746602284135,0.00044596640509553254,2.0363900661468506,0.7557284686739649,0.5802790385754216,0
c6,C_hard_maze_dense,36,euclidean,,,0.0,128,0,nan,nan,3.007411938959389,128,128,192,654,27,1.0,1.0262163965416378,0.0,0.5269885528816934,0.2508320260204463,0.8938569839676642,0.0,1.0262163965416378,0.5269885528816934,0.2508320260204463,0
c6,C_hard_maze_dense,36,euclidean,,,0.0,144,1,3.0074119389593883,0.9999999999999997,3.007411938959389,137,137,192,654,27,1.0,1.0262163965416378,0.0,0.5269885528816934,0.2508320260204463,0.8938569839676642,0.0,1.0262163965416378,0.5269885528816934,0.2508320260204463,0
c6,C_hard_maze_dense,36,euclidean,,,0.0,168,1,3.0074119389593883,0.9999999999999997,3.007411938959389,137,137,192,654,27,1.0,1.0262163965416378,0.0,0.5269885528816934,0.2508320260204463,0.8938569839676642,0.0,1.0262163965416378,0.5269885528816934,0.2508320260204463,0
c6,C_hard_maze_dense,36,grid_oracle,,,0.0,128,0,nan,nan,3.007411938959389,128,128,192,654,27,1.0,2.608579620118541,0.005231303684105414,1.1281642035921975,0.7512937841218502,0.948279779182378,0.0,2.6856601717798214,1.2011079021213051,0.7422508498295077,0
c6,C_hard_maze_dense,36,grid_oracle,,,0.0,144,1,3.007970903710819,1.000185862383596,3.007411938959389,129,129,192,654,27,1.0,2.608579620118541,0.005231303684105414,1.1281642035921975,0.7512937841218502,0.948279779182378,0.0,2.6856601717798214,1.2011079021213051,0.7422508498295077,0
c6,C_hard_maze_dense,36,grid_oracle,,,0.0,168,1,3.007970903710819,1.000185862383596,3.007411938959389,129,129,192,654,27,1.0,2.608579620118541,0.005231303684105414,1.1281642035921975,0.7512937841218502,0.948279779182378,0.0,2.6856601717798214,1.2011079021213051,0.7422508498295077,0
c6,C_hard_maze_dense,36,unet,unet,,0.0,128,1,3.0242172720355196,1.005587971790105,3.007411938959389,120,120,192,654,27,1.0,2.8377591281451946,0.021968359895676796,1.1452796181091296,0.7204838991844577,0.9385223666006566,0.01461899932473898,1.9649543762207031,0.6748538317024213,0.47849951010990777,0
c6,C_hard_maze_dense,36,unet,unet,,0.0,144,1,3.0242172720355196,1.005587971790105,3.007411938959389,120,120,192,654,27,1.0,2.8377591281451946,0.021968359895676796,1.1452796181091296,0.7204838991844577,0.9385223666006566,0.01461899932473898,1.9649543762207031,0.6748538317024213,0.47849951010990777,0
c6,C_hard_maze_dense,36,unet,unet,,0.0,168,1,3.0242172720355196,1.005587971790105,3.007411938959389,120,120,192,654,27,1.0,2.8377591281451946,0.021968359895676796,1.1452796181091296,0.7204838991844577,0.9385223666006566,0.01461899932473898,1.9649543762207031,0.6748538317024213,0.47849951010990777,0
c6,C_hard_maze_dense,36,onlstm,onlstm,,0.0,128,1,3.059655590054402,1.0173716312082905,3.007411938959389,128,128,192,654,27,1.0,2.5035219542144156,0.011317721662114203,1.1474181821128127,0.7083850131643592,0.933756408865258,0.0042779515497386456,1.5384949445724487,0.6743148059243822,0.46486270396334023,0
c6,C_hard_maze_dense,36,onlstm,onlstm,,0.0,144,1,3.059655590054402,1.0173716312082905,3.007411938959389,128,128,192,654,27,1.0,2.5035219542144156,0.011317721662114203,1.1474181821128127,0.7083850131643592,0.933756408865258,0.0042779515497386456,1.5384949445724487,0.6743148059243822,0.46486270396334023,0
c6,C_hard_maze_dense,36,onlstm,onlstm,,0.0,168,1,3.059655590054402,1.0173716312082905,3.007411938959389,128,128,192,654,27,1.0,2.5035219542144156,0.011317721662114203,1.1474181821128127,0.7083850131643592,0.933756408865258,0.0042779515497386456,1.5384949445724487,0.6743148059243822,0.46486270396334023,0
c6,C_hard_maze_dense,36,hrm,hrm,,0.0,128,1,3.069230784023084,1.0205554963265475,3.007411938959389,119,119,192,654,27,1.0,3.021692657755192,0.00015495655338559084,1.19875546314287,0.8332690476345282,0.9383121286927273,7.926920079626143e-05,2.078801393508911,0.7278690074692413,0.5734014584022599,0
c6,C_hard_maze_dense,36,hrm,hrm,,0.0,144,1,3.069230784023084,1.0205554963265475,3.007411938959389,119,119,192,654,27,1.0,3.021692657755192,0.00015495655338559084,1.19875546314287,0.8332690476345282,0.9383121286927273,7.926920079626143e-05,2.078801393508911,0.7278690074692413,0.5734014584022599,0
c6,C_hard_maze_dense,36,hrm,hrm,,0.0,168,1,3.069230784023084,1.0205554963265475,3.007411938959389,119,119,192,654,27,1.0,3.021692657755192,0.00015495655338559084,1.19875546314287,0.8332690476345282,0.9383121286927273,7.926920079626143e-05,2.078801393508911,0.7278690074692413,0.5734014584022599,0
c6,C_hard_maze_dense,37,euclidean,,,0.0,128,0,nan,nan,2.5548422462397524,128,128,192,636,26,1.0,1.0488112256945443,0.0,0.5558077397561049,0.264328257831237,0.8966188997097362,0.0,1.0488112256945443,0.5558077397561049,0.264328257831237,0
c6,C_hard_maze_dense,37,euclidean,,,0.0,144,0,nan,nan,2.5548422462397524,144,144,192,636,26,1.0,1.0488112256945443,0.0,0.5558077397561049,0.264328257831237,0.8966188997097362,0.0,1.0488112256945443,0.5558077397561049,0.264328257831237,0
c6,C_hard_maze_dense,37,euclidean,,,0.0,168,1,2.5548422462397524,1.0,2.5548422462397524,158,158,192,636,26,1.0,1.0488112256945443,0.0,0.5558077397561049,0.264328257831237,0.8966188997097362,0.0,1.0488112256945443,0.5558077397561049,0.264328257831237,0
c6,C_hard_maze_dense,37,grid_oracle,,,0.0,128,1,2.5548422462397524,1.0,2.5548422462397524,122,122,192,636,26,1.0,2.6533419847347686,0.0037392628405653796,1.329142094800884,0.7553629207018545,0.9524879282749641,0.0,2.6872305633952633,1.306688691923219,0.7353078385726913,0
c6,C_hard_maze_dense,37,grid_oracle,,,0.0,144,1,2.5548422462397524,1.0,2.5548422462397524,122,122,192,636,26,1.0,2.6533419847347686,0.0037392628405653796,1.329142094800884,0.7553629207018545,0.9524879282749641,0.0,2.6872305633952633,1.306688691923219,0.7353078385726913,0
c6,C_hard_maze_dense,37,grid_oracle,,,0.0,168,1,2.5548422462397524,1.0,2.5548422462397524,122,122,192,636,26,1.0,2.6533419847347686,0.0037392628405653796,1.329142094800884,0.7553629207018545,0.9524879282749641,0.0,2.6872305633952633,1.306688691923219,0.7353078385726913,0
c6,C_hard_maze_dense,37,unet,unet,,0.0,128,0,nan,nan,2.5548422462397524,128,128,192,636,26,1.0,2.7710088493503573,0.04413271816848133,1.2563050846255546,0.7687151797724517,0.9047062772970189,0.009417431429028511,1.8799726963043213,0.6610283287568564,0.4769491268959601,0
c6,C_hard_maze_dense,37,unet,unet,,0.0,144,0,nan,nan,2.5548422462397524,144,144,192,636,26,1.0,2.7710088493503573,0.04413271816848133,1.2563050846255546,0.7687151797724517,0.9047062772970189,0.009417431429028511,1.8799726963043213,0.6610283287568564,0.4769491268959601,0
c6,C_hard_maze_dense,37,unet,unet,,0.0,168,1,2.7525869196218786,1.0773999544093844,2.5548422462397524,149,149,192,636,26,1.0,2.7710088493503573,0.04413271816848133,1.2563050846255546,0.7687151797724517,0.9047062772970189,0.009417431429028511,1.8799726963043213,0.6610283287568564,0.4769491268959601,0
c6,C_hard_maze_dense,37,onlstm,onlstm,,0.0,128,0,nan,nan,2.5548422462397524,128,128,192,636,26,1.0,2.5496143757870495,0.0027793444002706,1.2763159870830931,0.7453826616191557,0.9189193771532433,0.0007780694868415594,1.523226261138916,0.6991533958127576,0.46520996219749,0
c6,C_hard_maze_dense,37,onlstm,onlstm,,0.0,144,1,2.721423615796213,1.0652022134836845,2.5548422462397524,139,139,192,636,26,1.0,2.5496143757870495,0.0027793444002706,1.2763159870830931,0.7453826616191557,0.9189193771532433,0.0007780694868415594,1.523226261138916,0.6991533958127576,0.46520996219749,0
c6,C_hard_maze_dense,37,onlstm,onlstm,,0.0,168,1,2.721423615796213,1.0652022134836845,2.5548422462397524,139,139,192,636,26,1.0,2.5496143757870495,0.0027793444002706,1.2763159870830931,0.7453826616191557,0.9189193771532433,0.0007780694868415594,1.523226261138916,0.6991533958127576,0.46520996219749,0
c6,C_hard_maze_dense,37,hrm,hrm,,0.0,128,1,2.672482385416713,1.0460459503321995,2.5548422462397524,122,122,192,636,26,1.0,3.0990409442407723,0.0006699036873469079,1.3828226234655674,0.8978774688915114,0.9095315763773976,0.00042092145304195583,2.127309560775757,0.7863785195658934,0.599400562861018,0
c6,C_hard_maze_dense,37,hrm,hrm,,0.0,144,1,2.672482385416713,1.0460459503321995,2.5548422462397524,122,122,192,636,26,1.0,3.0990409442407723,0.0006699036873469079,1.3828226234655674,0.8978774688915114,0.9095315763773976,0.00042092145304195583,2.127309560775757,0.7863785195658934,0.599400562861018,0
c6,C_hard_maze_dense,37,hrm,hrm,,0.0,168,1,2.672482385416713,1.0460459503321995,2.5548422462397524,122,122,192,636,26,1.0,3.0990409442407723,0.0006699036873469079,1.3828226234655674,0.8978774688915114,0.9095315763773976,0.00042092145304195583,2.127309560775757,0.7863785195658934,0.599400562861018,0
c6,C_hard_maze_dense,38,euclidean,,,0.0,128,0,nan,nan,2.3635031092975742,128,128,192,634,28,1.0,1.0351849307531178,0.0,0.551334424532546,0.25423330053885385,0.9502041342267317,0.0,1.0351849307531178,0.551334424532546,0.25423330053885385,0
c6,C_hard_maze_dense,38,euclidean,,,0.0,144,0,nan,nan,2.3635031092975742,144,144,192,634,28,1.0,1.0351849307531178,0.0,0.551334424532546,0.25423330053885385,0.9502041342267317,0.0,1.0351849307531178,0.551334424532546,0.25423330053885385,0
c6,C_hard_maze_dense,38,euclidean,,,0.0,168,1,2.363503109297574,0.9999999999999998,2.3635031092975742,145,145,192,634,28,1.0,1.0351849307531178,0.0,0.551334424532546,0.25423330053885385,0.9502041342267317,0.0,1.0351849307531178,0.551334424532546,0.25423330053885385,0
c6,C_hard_maze_dense,38,grid_oracle,,,0.0,128,1,2.363503109297574,0.9999999999999998,2.3635031092975742,79,79,192,634,28,1.0,2.5420117719446513,0.009581915662953518,1.1455972712343832,0.6998585422425794,0.9980705585546484,0.0,2.5827572586919,1.1798881835586559,0.7069358892307116,0
c6,C_hard_maze_dense,38,grid_oracle,,,0.0,144,1,2.363503109297574,0.9999999999999998,2.3635031092975742,79,79,192,634,28,1.0,2.5420117719446513,0.009581915662953518,1.1455972712343832,0.6998585422425794,0.9980705585546484,0.0,2.5827572586919,1.1798881835586559,0.7069358892307116,0
c6,C_hard_maze_dense,38,grid_oracle,,,0.0,168,1,2.363503109297574,0.9999999999999998,2.3635031092975742,79,79,192,634,28,1.0,2.5420117719446513,0.009581915662953518,1.1455972712343832,0.6998585422425794,0.9980705585546484,0.0,2.5827572586919,1.1798881835586559,0.7069358892307116,0
c6,C_hard_maze_dense,38,unet,unet,,0.0,128,1,2.4543800961667475,1.0384501236794148,2.3635031092975742,88,88,192,634,28,1.0,2.8202060147160357,0.027359953969900045,1.2412685451941972,0.7602233924179138,0.9715195453435695,0.015972906723618507,1.9342988729476929,0.6931140153278648,0.49773743461793873,0
c6,C_hard_maze_dense,38,unet,unet,,0.0,144,1,2.4543800961667475,1.0384501236794148,2.3635031092975742,88,88,192,634,28,1.0,2.8202060147160357,0.027359953969900045,1.2412685451941972,0.7602233924179138,0.9715195453435695,0.015972906723618507,1.9342988729476929,0.6931140153278648,0.49773743461793873,0
c6,C_hard_maze_dense,38,unet,unet,,0.0,168,1,2.4543800961667475,1.0384501236794148,2.3635031092975742,88,88,192,634,28,1.0,2.8202060147160357,0.027359953969900045,1.2412685451941972,0.7602233924179138,0.9715195453435695,0.015972906723618507,1.9342988729476929,0.6931140153278648,0.49773743461793873,0
c6,C_hard_maze_dense,38,onlstm,onlstm,,0.0,128,1,2.455811005347771,1.03905554246452,2.3635031092975742,97,97,192,634,28,1.0,2.434108585520253,0.016803041589391624,1.2429155119606383,0.7295259661678368,0.9597021403575402,0.006036890204995871,1.5435783863067627,0.7038792452242433,0.48127785552492064,0
c6,C_hard_maze_dense,38,onlstm,onlstm,,0.0,144,1,2.455811005347771,1.03905554246452,2.3635031092975742,97,97,192,634,28,1.0,2.434108585520253,0.016803041589391624,1.2429155119606383,0.7295259661678368,0.9597021403575402,0.006036890204995871,1.5435783863067627,0.7038792452242433,0.48127785552492064,0
c6,C_hard_maze_dense,38,onlstm,onlstm,,0.0,168,1,2.455811005347771,1.03905554246452,2.3635031092975742,97,97,192,634,28,1.0,2.434108585520253,0.016803041589391624,1.2429155119606383,0.7295259661678368,0.9597021403575402,0.006036890204995871,1.5435783863067627,0.7038792452242433,0.48127785552492064,0
c6,C_hard_maze_dense,38,hrm,hrm,,0.0,128,1,2.4549955734090054,1.0387105325783228,2.3635031092975742,89,89,192,634,28,1.0,2.946226923249974,0.00015783433906128776,1.2833009244501754,0.8457933137343197,0.9710583783197245,0.00012834923109039664,2.0757644176483154,0.7393139970334168,0.5871828050359679,0
c6,C_hard_maze_dense,38,hrm,hrm,,0.0,144,1,2.4549955734090054,1.0387105325783228,2.3635031092975742,89,89,192,634,28,1.0,2.946226923249974,0.00015783433906128776,1.2833009244501754,0.8457933137343197,0.9710583783197245,0.00012834923109039664,2.0757644176483154,0.7393139970334168,0.5871828050359679,0
c6,C_hard_maze_dense,38,hrm,hrm,,0.0,168,1,2.4549955734090054,1.0387105325783228,2.3635031092975742,89,89,192,634,28,1.0,2.946226923249974,0.00015783433906128776,1.2833009244501754,0.8457933137343197,0.9710583783197245,0.00012834923109039664,2.0757644176483154,0.7393139970334168,0.5871828050359679,0
c6,C_hard_maze_dense,39,euclidean,,,0.0,128,0,nan,nan,2.4057384320866086,128,128,192,627,33,1.0,0.9954804345811527,0.0,0.4969303703196483,0.25468471633810447,0.928887027642894,0.0,0.9954804345811527,0.4969303703196483,0.25468471633810447,0
c6,C_hard_maze_dense,39,euclidean,,,0.0,144,0,nan,nan,2.4057384320866086,144,144,192,627,33,1.0,0.9954804345811527,0.0,0.4969303703196483,0.25468471633810447,0.928887027642894,0.0,0.9954804345811527,0.4969303703196483,0.25468471633810447,0
c6,C_hard_maze_dense,39,euclidean,,,0.0,168,1,2.4057384320866086,1.0,2.4057384320866086,152,152,192,627,33,1.0,0.9954804345811527,0.0,0.4969303703196483,0.25468471633810447,0.928887027642894,0.0,0.9954804345811527,0.4969303703196483,0.25468471633810447,0
c6,C_hard_maze_dense,39,grid_oracle,,,0.0,128,1,2.405860935232296,1.0000509212240423,2.4057384320866086,108,108,192,627,33,1.0,2.3789233386335864,0.007084226501854817,1.1048100678764339,0.6944118264782726,0.9943320538209045,0.0,2.3796322586918994,1.1192202589986835,0.6547964599706297,0
c6,C_hard_maze_dense,39,grid_oracle,,,0.0,144,1,2.405860935232296,1.0000509212240423,2.4057384320866086,108,108,192,627,33,1.0,2.3789233386335864,0.007084226501854817,1.1048100678764339,0.6944118264782726,0.9943320538209045,0.0,2.3796322586918994,1.1192202589986835,0.6547964599706297,0
c6,C_hard_maze_dense,39,grid_oracle,,,0.0,168,1,2.405860935232296,1.0000509212240423,2.4057384320866086,108,108,192,627,33,1.0,2.3789233386335864,0.007084226501854817,1.1048100678764339,0.6944118264782726,0.9943320538209045,0.0,2.3796322586918994,1.1192202589986835,0.6547964599706297,0
c6,C_hard_maze_dense,39,unet,unet,,0.0,128,1,2.4275405990789114,1.0090625675266753,2.4057384320866086,119,119,192,627,33,1.0,2.62597428367989,0.035950159734022616,1.1585802680025565,0.755392925389485,0.96386959824214,0.01594269461929798,1.9035130739212036,0.6677082736309785,0.4767199287611712,0
c6,C_hard_maze_dense,39,unet,unet,,0.0,144,1,2.4275405990789114,1.0090625675266753,2.4057384320866086,119,119,192,627,33,1.0,2.62597428367989,0.035950159734022616,1.1585802680025565,0.755392925389485,0.96386959824214,0.01594269461929798,1.9035130739212036,0.6677082736309785,0.4767199287611712,0
c6,C_hard_maze_dense,39,unet,unet,,0.0,168,1,2.4275405990789114,1.0090625675266753,2.4057384320866086,119,119,192,627,33,1.0,2.62597428367989,0.035950159734022616,1.1585802680025565,0.755392925389485,0.96386959824214,0.01594269461929798,1.9035130739212036,0.6677082736309785,0.4767199287611712,0
c6,C_hard_maze_dense,39,onlstm,onlstm,,0.0,128,0,nan,nan,2.4057384320866086,128,128,192,627,33,1.0,2.2748339507957125,0.016416005281599862,1.1181799057267463,0.7202152633670335,0.9454771722323199,0.0066254958510398865,1.4749386310577393,0.6221335067504015,0.4615548592300296,0
c6,C_hard_maze_dense,39,onlstm,onlstm,,0.0,144,1,2.4346396314341217,1.0120134420941373,2.4057384320866086,133,133,192,627,33,1.0,2.2748339507957125,0.016416005281599862,1.1181799057267463,0.7202152633670335,0.9454771722323199,0.0066254958510398865,1.4749386310577393,0.6221335067504015,0.4615548592300296,0
c6,C_hard_maze_dense,39,onlstm,onlstm,,0.0,168,1,2.4346396314341217,1.0120134420941373,2.4057384320866086,133,133,192,627,33,1.0,2.2748339507957125,0.016416005281599862,1.1181799057267463,0.7202152633670335,0.9454771722323199,0.0066254958510398865,1.4749386310577393,0.6221335067504015,0.4615548592300296,0
c6,C_hard_maze_dense,39,hrm,hrm,,0.0,128,1,2.4791005446526153,1.030494633825331,2.4057384320866086,90,90,192,627,33,1.0,2.886896915294681,0.0002591796561506141,1.274163296932562,0.8916539426119068,0.9667841060141608,0.00011501431436045095,2.0820987224578857,0.7688991261937783,0.6126914757672274,0
c6,C_hard_maze_dense,39,hrm,hrm,,0.0,144,1,2.4791005446526153,1.030494633825331,2.4057384320866086,90,90,192,627,33,1.0,2.886896915294681,0.0002591796561506141,1.274163296932562,0.8916539426119068,0.9667841060141608,0.00011501431436045095,2.0820987224578857,0.7688991261937783,0.6126914757672274,0
c6,C_hard_maze_dense,39,hrm,hrm,,0.0,168,1,2.4791005446526153,1.030494633825331,2.4057384320866086,90,90,192,627,33,1.0,2.886896915294681,0.0002591796561506141,1.274163296932562,0.8916539426119068,0.9667841060141608,0.00011501431436045095,2.0820987224578857,0.7688991261937783,0.6126914757672274,0
