config_label,K,world_idx,seed,train_seed,arm,state_mae
A,0,0,9153,0,gnn,0.1705484389152816
A,0,0,9153,1,gnn,0.17826969589130295
A,0,0,9153,2,gnn,0.17425114238943276
A,0,0,9153,0,hrm_trace,0.25659505679220035
A,0,0,9153,1,hrm_trace,0.2555132682854024
A,0,0,9153,2,hrm_trace,0.2692627766075543
A,0,0,9153,0,hrmv2_act,0.16787697216136635
A,0,0,9153,1,hrmv2_act,0.23507962761574133
A,0,0,9153,2,hrmv2_act,0.13670275224521516
A,0,0,9153,0,mlp,0.21721280874459148
A,0,0,9153,1,mlp,0.19527362699995687
A,0,0,9153,2,mlp,0.20786173268015218
A,0,0,9153,0,onlstm_trace,0.23382483132513018
A,0,0,9153,1,onlstm_trace,0.21876814354648175
A,0,0,9153,2,onlstm_trace,0.23688517867995582
A,0,0,9153,0,unet_film,0.23071848201993836
A,0,0,9153,1,unet_film,0.2261584226921781
A,0,0,9153,2,unet_film,0.213536271781573
A,0,0,9153,0,hrmv2_act_k1,0.16207624476993754
A,0,0,9153,1,hrmv2_act_k1,0.216365383655317
A,0,0,9153,2,hrmv2_act_k1,0.13990675035539946
A,0,0,9153,0,hrmv2_act_k2,0.1679832288833345
A,0,0,9153,1,hrmv2_act_k2,0.2358706502211465
A,0,0,9153,2,hrmv2_act_k2,0.13612913561209258
A,0,0,9153,0,hrmv2_act_k4,0.16653298858659596
A,0,0,9153,1,hrmv2_act_k4,0.2364919576734914
A,0,0,9153,2,hrmv2_act_k4,0.13638420510438884
A,0,0,9153,0,hrmv2_act_k8,0.16787697216136635
A,0,0,9153,1,hrmv2_act_k8,0.23507962761574133
A,0,0,9153,2,hrmv2_act_k8,0.13670275224521516
A,0,1,40829,0,gnn,0.13274049416574651
A,0,1,40829,1,gnn,0.13116254475549458
A,0,1,40829,2,gnn,0.1141638877010664
A,0,1,40829,0,hrm_trace,0.28064854578999476
A,0,1,40829,1,hrm_trace,0.28087806979747354
A,0,1,40829,2,hrm_trace,0.27787192539631905
A,0,1,40829,0,hrmv2_act,0.07434773676591024
A,0,1,40829,1,hrmv2_act,0.10318078058006104
A,0,1,40829,2,hrmv2_act,0.11466891428822938
A,0,1,40829,0,mlp,0.25863927095686806
A,0,1,40829,1,mlp,0.26099146920796074
A,0,1,40829,2,mlp,0.25987039549807206
A,0,1,40829,0,onlstm_trace,0.27040737536069326
A,0,1,40829,1,onlstm_trace,0.27802983520310237
A,0,1,40829,2,onlstm_trace,0.2701003474596608
A,0,1,40829,0,unet_film,0.07736879403949366
A,0,1,40829,1,unet_film,0.100702833791857
A,0,1,40829,2,unet_film,0.11002019218144153
A,0,1,40829,0,hrmv2_act_k1,0.07345623922259709
A,0,1,40829,1,hrmv2_act_k1,0.09934319311278302
A,0,1,40829,2,hrmv2_act_k1,0.11091062894711855
A,0,1,40829,0,hrmv2_act_k2,0.07482546790699636
A,0,1,40829,1,hrmv2_act_k2,0.10167354297310753
A,0,1,40829,2,hrmv2_act_k2,0.11489435651192746
A,0,1,40829,0,hrmv2_act_k4,0.07445470560577548
A,0,1,40829,1,hrmv2_act_k4,0.10170337527893585
A,0,1,40829,2,hrmv2_act_k4,0.11422090218433807
A,0,1,40829,0,hrmv2_act_k8,0.07434773676591024
A,0,1,40829,1,hrmv2_act_k8,0.10318078058006104
A,0,1,40829,2,hrmv2_act_k8,0.11466891428822938
A,0,2,64586,0,gnn,0.10772870998507204
A,0,2,64586,1,gnn,0.12238524116821503
A,0,2,64586,2,gnn,0.11516954736707936
A,0,2,64586,0,hrm_trace,0.37175054836854365
A,0,2,64586,1,hrm_trace,0.37303074211451975
A,0,2,64586,2,hrm_trace,0.3630809805823416
A,0,2,64586,0,hrmv2_act,0.12470091981100817
A,0,2,64586,1,hrmv2_act,0.22093938268848481
A,0,2,64586,2,hrmv2_act,0.13124978872343226
A,0,2,64586,0,mlp,0.25274524659174835
A,0,2,64586,1,mlp,0.2486741461102477
A,0,2,64586,2,mlp,0.252362974288106
A,0,2,64586,0,onlstm_trace,0.2946024421222146
A,0,2,64586,1,onlstm_trace,0.29892068237925745
A,0,2,64586,2,onlstm_trace,0.2958168898580108
A,0,2,64586,0,unet_film,0.10404159264033913
A,0,2,64586,1,unet_film,0.1311297026785997
A,0,2,64586,2,unet_film,0.146872026469791
A,0,2,64586,0,hrmv2_act_k1,0.12472322307762407
A,0,2,64586,1,hrmv2_act_k1,0.2051703839474817
A,0,2,64586,2,hrmv2_act_k1,0.11321255057950413
A,0,2,64586,0,hrmv2_act_k2,0.12365649126095542
A,0,2,64586,1,hrmv2_act_k2,0.21939534485467496
A,0,2,64586,2,hrmv2_act_k2,0.13268258700241595
A,0,2,64586,0,hrmv2_act_k4,0.12372454089388019
A,0,2,64586,1,hrmv2_act_k4,0.22009201985290372
A,0,2,64586,2,hrmv2_act_k4,0.13220477951522944
A,0,2,64586,0,hrmv2_act_k8,0.12470091981100817
A,0,2,64586,1,hrmv2_act_k8,0.22093938268848481
A,0,2,64586,2,hrmv2_act_k8,0.13124978872343226
A,0,3,72505,0,gnn,0.1755705350777539
A,0,3,72505,1,gnn,0.15378866838159289
A,0,3,72505,2,gnn,0.1485467839005693
A,0,3,72505,0,hrm_trace,0.2311761747166514
A,0,3,72505,1,hrm_trace,0.22972230497205162
A,0,3,72505,2,hrm_trace,0.25077848994117596
A,0,3,72505,0,hrmv2_act,0.1520112670934839
A,0,3,72505,1,hrmv2_act,0.13383914659340423
A,0,3,72505,2,hrmv2_act,0.16445857923501994
A,0,3,72505,0,mlp,0.2637692651990927
A,0,3,72505,1,mlp,0.22790426863455227
A,0,3,72505,2,mlp,0.2533005383209143
A,0,3,72505,0,onlstm_trace,0.22481916553040993
A,0,3,72505,1,onlstm_trace,0.21264849733395538
A,0,3,72505,2,onlstm_trace,0.23930009927565488
A,0,3,72505,0,unet_film,0.22068062304810368
A,0,3,72505,1,unet_film,0.23618394430878334
A,0,3,72505,2,unet_film,0.18443627960031592
A,0,3,72505,0,hrmv2_act_k1,0.1456845113975714
A,0,3,72505,1,hrmv2_act_k1,0.11147952219292571
A,0,3,72505,2,hrmv2_act_k1,0.15586495348300525
A,0,3,72505,0,hrmv2_act_k2,0.15010274568301804
A,0,3,72505,1,hrmv2_act_k2,0.13166982528770366
A,0,3,72505,2,hrmv2_act_k2,0.1631669582242694
A,0,3,72505,0,hrmv2_act_k4,0.1519632956717476
A,0,3,72505,1,hrmv2_act_k4,0.1337127424004071
A,0,3,72505,2,hrmv2_act_k4,0.1654178901484784
A,0,3,72505,0,hrmv2_act_k8,0.1520112670934839
A,0,3,72505,1,hrmv2_act_k8,0.13383914659340423
A,0,3,72505,2,hrmv2_act_k8,0.16445857923501994
A,0,4,80424,0,gnn,0.1848857850232124
A,0,4,80424,1,gnn,0.19088705567087874
A,0,4,80424,2,gnn,0.19638477348663663
A,0,4,80424,0,hrm_trace,0.4219847860461436
A,0,4,80424,1,hrm_trace,0.42443175109780906
A,0,4,80424,2,hrm_trace,0.4044287600783491
A,0,4,80424,0,hrmv2_act,0.12926016589543227
A,0,4,80424,1,hrmv2_act,0.22537343697567183
A,0,4,80424,2,hrmv2_act,0.157274874983302
A,0,4,80424,0,mlp,0.2779137423712451
A,0,4,80424,1,mlp,0.2870033491590544
A,0,4,80424,2,mlp,0.28249233889551845
A,0,4,80424,0,onlstm_trace,0.3353472532071027
A,0,4,80424,1,onlstm_trace,0.35170718881786805
A,0,4,80424,2,onlstm_trace,0.3250530033624687
A,0,4,80424,0,unet_film,0.11994684835008418
A,0,4,80424,1,unet_film,0.16172821478235314
A,0,4,80424,2,unet_film,0.22156665070849366
A,0,4,80424,0,hrmv2_act_k1,0.1295890653929271
A,0,4,80424,1,hrmv2_act_k1,0.2275201024768739
A,0,4,80424,2,hrmv2_act_k1,0.14838571192401037
A,0,4,80424,0,hrmv2_act_k2,0.12886684457018824
A,0,4,80424,1,hrmv2_act_k2,0.22233986556474764
A,0,4,80424,2,hrmv2_act_k2,0.1573722565064961
A,0,4,80424,0,hrmv2_act_k4,0.12867563919255595
A,0,4,80424,1,hrmv2_act_k4,0.2245859165049533
A,0,4,80424,2,hrmv2_act_k4,0.15765921196080526
A,0,4,80424,0,hrmv2_act_k8,0.12926016589543227
A,0,4,80424,1,hrmv2_act_k8,0.22537343697567183
A,0,4,80424,2,hrmv2_act_k8,0.157274874983302
A,0,5,88343,0,gnn,0.19703057822055328
A,0,5,88343,1,gnn,0.16573369782053787
A,0,5,88343,2,gnn,0.17206486031777687
A,0,5,88343,0,hrm_trace,0.23899055377557574
A,0,5,88343,1,hrm_trace,0.238463370010292
A,0,5,88343,2,hrm_trace,0.25220309397269797
A,0,5,88343,0,hrmv2_act,0.10496674270763368
A,0,5,88343,1,hrmv2_act,0.1075212444216292
A,0,5,88343,2,hrmv2_act,0.14134442652044146
A,0,5,88343,0,mlp,0.2440590805107822
A,0,5,88343,1,mlp,0.223413289277204
A,0,5,88343,2,mlp,0.23902506330526405
A,0,5,88343,0,onlstm_trace,0.2308487656441052
A,0,5,88343,1,onlstm_trace,0.22373383535379548
A,0,5,88343,2,onlstm_trace,0.2445129567708179
A,0,5,88343,0,unet_film,0.09005477332948625
A,0,5,88343,1,unet_film,0.13949812995514344
A,0,5,88343,2,unet_film,0.16434459494991804
A,0,5,88343,0,hrmv2_act_k1,0.1046758629232245
A,0,5,88343,1,hrmv2_act_k1,0.09299058882693245
A,0,5,88343,2,hrmv2_act_k1,0.13683495184171318
A,0,5,88343,0,hrmv2_act_k2,0.10374593334641588
A,0,5,88343,1,hrmv2_act_k2,0.10813790662181341
A,0,5,88343,2,hrmv2_act_k2,0.14230475590916172
A,0,5,88343,0,hrmv2_act_k4,0.10475386576089282
A,0,5,88343,1,hrmv2_act_k4,0.11087529065865492
A,0,5,88343,2,hrmv2_act_k4,0.14192864103569447
A,0,5,88343,0,hrmv2_act_k8,0.10496674270763368
A,0,5,88343,1,hrmv2_act_k8,0.1075212444216292
A,0,5,88343,2,hrmv2_act_k8,0.14134442652044146
A,0,6,112100,0,gnn,0.3088640371270504
A,0,6,112100,1,gnn,0.2966980883320717
A,0,6,112100,2,gnn,0.29202117959534335
A,0,6,112100,0,hrm_trace,0.42240704458228207
A,0,6,112100,1,hrm_trace,0.4284871993774817
A,0,6,112100,2,hrm_trace,0.3951919870371536
A,0,6,112100,0,hrmv2_act,0.2821844889659591
A,0,6,112100,1,hrmv2_act,0.37374093032671984
A,0,6,112100,2,hrmv2_act,0.32477268465618286
A,0,6,112100,0,mlp,0.3129980664167277
A,0,6,112100,1,mlp,0.34037045151596423
A,0,6,112100,2,mlp,0.3218105221157044
A,0,6,112100,0,onlstm_trace,0.3463364932128303
A,0,6,112100,1,onlstm_trace,0.3699573440850787
A,0,6,112100,2,onlstm_trace,0.3347777594279873
A,0,6,112100,0,unet_film,0.1943685461101584
A,0,6,112100,1,unet_film,0.17716365265536418
A,0,6,112100,2,unet_film,0.1743462479620496
A,0,6,112100,0,hrmv2_act_k1,0.2839972717405672
A,0,6,112100,1,hrmv2_act_k1,0.3671479678239075
A,0,6,112100,2,hrmv2_act_k1,0.32993601920281296
A,0,6,112100,0,hrmv2_act_k2,0.2793530420744119
A,0,6,112100,1,hrmv2_act_k2,0.37123679285594485
A,0,6,112100,2,hrmv2_act_k2,0.3266215202365928
A,0,6,112100,0,hrmv2_act_k4,0.2815090796440709
A,0,6,112100,1,hrmv2_act_k4,0.3714834410378732
A,0,6,112100,2,hrmv2_act_k4,0.32544750162272473
A,0,6,112100,0,hrmv2_act_k8,0.2821844889659591
A,0,6,112100,1,hrmv2_act_k8,0.37374093032671984
A,0,6,112100,2,hrmv2_act_k8,0.32477268465618286
A,0,7,120019,0,gnn,0.16139398957495504
A,0,7,120019,1,gnn,0.1788081208410856
A,0,7,120019,2,gnn,0.1838131520604506
A,0,7,120019,0,hrm_trace,0.4009578007898103
A,0,7,120019,1,hrm_trace,0.403361990605457
A,0,7,120019,2,hrm_trace,0.38454846222124267
A,0,7,120019,0,hrmv2_act,0.1172727954012712
A,0,7,120019,1,hrmv2_act,0.2177685567620329
A,0,7,120019,2,hrmv2_act,0.17492488587594904
A,0,7,120019,0,mlp,0.27283766563085476
A,0,7,120019,1,mlp,0.2846907537221721
A,0,7,120019,2,mlp,0.27883431215290844
A,0,7,120019,0,onlstm_trace,0.3149346929458243
A,0,7,120019,1,onlstm_trace,0.3315515703012597
A,0,7,120019,2,onlstm_trace,0.3040277372186627
A,0,7,120019,0,unet_film,0.15415601462592574
A,0,7,120019,1,unet_film,0.10612095846549473
A,0,7,120019,2,unet_film,0.07574370251197472
A,0,7,120019,0,hrmv2_act_k1,0.1086144448175883
A,0,7,120019,1,hrmv2_act_k1,0.21630381663841566
A,0,7,120019,2,hrmv2_act_k1,0.17646332140484144
A,0,7,120019,0,hrmv2_act_k2,0.11600705806969244
A,0,7,120019,1,hrmv2_act_k2,0.21242166045870545
A,0,7,120019,2,hrmv2_act_k2,0.1758581588292357
A,0,7,120019,0,hrmv2_act_k4,0.11712516433725449
A,0,7,120019,1,hrmv2_act_k4,0.21605171963193806
A,0,7,120019,2,hrmv2_act_k4,0.17537732120874064
A,0,7,120019,0,hrmv2_act_k8,0.1172727954012712
A,0,7,120019,1,hrmv2_act_k8,0.2177685567620329
A,0,7,120019,2,hrmv2_act_k8,0.17492488587594904
A,0,8,127938,0,gnn,0.1444786601829446
A,0,8,127938,1,gnn,0.14430195346428545
A,0,8,127938,2,gnn,0.14437965091133523
A,0,8,127938,0,hrm_trace,0.21806858846124144
A,0,8,127938,1,hrm_trace,0.21871993521745373
A,0,8,127938,2,hrm_trace,0.22725813549701868
A,0,8,127938,0,hrmv2_act,0.11992387569396572
A,0,8,127938,1,hrmv2_act,0.11894002650370146
A,0,8,127938,2,hrmv2_act,0.15370976629406533
A,0,8,127938,0,mlp,0.21240300450955385
A,0,8,127938,1,mlp,0.20053091315364546
A,0,8,127938,2,mlp,0.2071412427931477
A,0,8,127938,0,onlstm_trace,0.2158954771059558
A,0,8,127938,1,onlstm_trace,0.21266680863222875
A,0,8,127938,2,onlstm_trace,0.2233482602221045
A,0,8,127938,0,unet_film,0.07077903960853947
A,0,8,127938,1,unet_film,0.08470402985076132
A,0,8,127938,2,unet_film,0.14341779289513312
A,0,8,127938,0,hrmv2_act_k1,0.11653574399573174
A,0,8,127938,1,hrmv2_act_k1,0.09824203069618324
A,0,8,127938,2,hrmv2_act_k1,0.13725216640094334
A,0,8,127938,0,hrmv2_act_k2,0.11887514537694639
A,0,8,127938,1,hrmv2_act_k2,0.1214114763274411
A,0,8,127938,2,hrmv2_act_k2,0.15353493188854087
A,0,8,127938,0,hrmv2_act_k4,0.11991558709767462
A,0,8,127938,1,hrmv2_act_k4,0.11760716294957581
A,0,8,127938,2,hrmv2_act_k4,0.1540742648593571
A,0,8,127938,0,hrmv2_act_k8,0.11992387569396572
A,0,8,127938,1,hrmv2_act_k8,0.11894002650370146
A,0,8,127938,2,hrmv2_act_k8,0.15370976629406533
A,0,9,143776,0,gnn,0.1349701838610313
A,0,9,143776,1,gnn,0.1374585605963208
A,0,9,143776,2,gnn,0.12701914279790508
A,0,9,143776,0,hrm_trace,0.25498236259597906
A,0,9,143776,1,hrm_trace,0.255331682756825
A,0,9,143776,2,hrm_trace,0.26906743137618444
A,0,9,143776,0,hrmv2_act,0.14418008480078653
A,0,9,143776,1,hrmv2_act,0.12601567724222998
A,0,9,143776,2,hrmv2_act,0.1632997581423268
A,0,9,143776,0,mlp,0.20935675561378264
A,0,9,143776,1,mlp,0.19338471209080577
A,0,9,143776,2,mlp,0.20310084658935532
A,0,9,143776,0,onlstm_trace,0.20529209427597142
A,0,9,143776,1,onlstm_trace,0.1977780623886011
A,0,9,143776,2,onlstm_trace,0.21052919637497367
A,0,9,143776,0,unet_film,0.08761169430016802
A,0,9,143776,1,unet_film,0.14975977221929465
A,0,9,143776,2,unet_film,0.14554747503603002
A,0,9,143776,0,hrmv2_act_k1,0.12951399965904642
A,0,9,143776,1,hrmv2_act_k1,0.10678644579485454
A,0,9,143776,2,hrmv2_act_k1,0.1463269339169533
A,0,9,143776,0,hrmv2_act_k2,0.13800983373845263
A,0,9,143776,1,hrmv2_act_k2,0.12639338540056935
A,0,9,143776,2,hrmv2_act_k2,0.16359960592414022
A,0,9,143776,0,hrmv2_act_k4,0.14255471493518404
A,0,9,143776,1,hrmv2_act_k4,0.12856641005228023
A,0,9,143776,2,hrmv2_act_k4,0.16378262534066465
A,0,9,143776,0,hrmv2_act_k8,0.14418008480078653
A,0,9,143776,1,hrmv2_act_k8,0.12601567724222998
A,0,9,143776,2,hrmv2_act_k8,0.1632997581423268
A,0,10,175452,0,gnn,0.20486195894058898
A,0,10,175452,1,gnn,0.19546287495983597
A,0,10,175452,2,gnn,0.19563460800851074
A,0,10,175452,0,hrm_trace,0.27237779558047853
A,0,10,175452,1,hrm_trace,0.2699690328307498
A,0,10,175452,2,hrm_trace,0.2939195749571426
A,0,10,175452,0,hrmv2_act,0.12865938586053713
A,0,10,175452,1,hrmv2_act,0.17518062378550256
A,0,10,175452,2,hrmv2_act,0.13794627441324386
A,0,10,175452,0,mlp,0.28885054256757287
A,0,10,175452,1,mlp,0.25683286465894545
A,0,10,175452,2,mlp,0.2786796536351928
A,0,10,175452,0,onlstm_trace,0.2686308516768165
A,0,10,175452,1,onlstm_trace,0.24646352709629568
A,0,10,175452,2,onlstm_trace,0.2799409145420534
A,0,10,175452,0,unet_film,0.12816068048496068
A,0,10,175452,1,unet_film,0.09313422888587197
A,0,10,175452,2,unet_film,0.11564431614613675
A,0,10,175452,0,hrmv2_act_k1,0.12517994167489718
A,0,10,175452,1,hrmv2_act_k1,0.16057995196213445
A,0,10,175452,2,hrmv2_act_k1,0.145354608174011
A,0,10,175452,0,hrmv2_act_k2,0.13693889656536853
A,0,10,175452,1,hrmv2_act_k2,0.17439886703736765
A,0,10,175452,2,hrmv2_act_k2,0.13780831233402266
A,0,10,175452,0,hrmv2_act_k4,0.1316407885525262
A,0,10,175452,1,hrmv2_act_k4,0.17478555721501196
A,0,10,175452,2,hrmv2_act_k4,0.13754629832244414
A,0,10,175452,0,hrmv2_act_k8,0.12865938586053713
A,0,10,175452,1,hrmv2_act_k8,0.17518062378550256
A,0,10,175452,2,hrmv2_act_k8,0.13794627441324386
A,0,11,230885,0,gnn,0.2800203677028403
A,0,11,230885,1,gnn,0.2869151200290774
A,0,11,230885,2,gnn,0.27835706312366765
A,0,11,230885,0,hrm_trace,0.26553502963520503
A,0,11,230885,1,hrm_trace,0.2585866227457025
A,0,11,230885,2,hrm_trace,0.30716362256946955
A,0,11,230885,0,hrmv2_act,0.303812032447825
A,0,11,230885,1,hrmv2_act,0.2633655089773085
A,0,11,230885,2,hrmv2_act,0.30825824119096307
A,0,11,230885,0,mlp,0.3105314866498274
A,0,11,230885,1,mlp,0.2671542773556213
A,0,11,230885,2,mlp,0.29538238703363073
A,0,11,230885,0,onlstm_trace,0.2868136261347793
A,0,11,230885,1,onlstm_trace,0.2598088079009297
A,0,11,230885,2,onlstm_trace,0.30384433820066237
A,0,11,230885,0,unet_film,0.22288234555977268
A,0,11,230885,1,unet_film,0.14941922038158864
A,0,11,230885,2,unet_film,0.28179972360672223
A,0,11,230885,0,hrmv2_act_k1,0.2876151206813208
A,0,11,230885,1,hrmv2_act_k1,0.24486725364934367
A,0,11,230885,2,hrmv2_act_k1,0.2958079810807636
A,0,11,230885,0,hrmv2_act_k2,0.3007305167496358
A,0,11,230885,1,hrmv2_act_k2,0.26094932197250137
A,0,11,230885,2,hrmv2_act_k2,0.3074403137948829
A,0,11,230885,0,hrmv2_act_k4,0.30305407938792667
A,0,11,230885,1,hrmv2_act_k4,0.26368503160334683
A,0,11,230885,2,hrmv2_act_k4,0.30904771573166356
A,0,11,230885,0,hrmv2_act_k8,0.303812032447825
A,0,11,230885,1,hrmv2_act_k8,0.2633655089773085
A,0,11,230885,2,hrmv2_act_k8,0.30825824119096307
A,0,12,270480,0,gnn,0.2073345862771491
A,0,12,270480,1,gnn,0.23357180021385307
A,0,12,270480,2,gnn,0.21975523191491084
A,0,12,270480,0,hrm_trace,0.24813738626979095
A,0,12,270480,1,hrm_trace,0.24691109492430618
A,0,12,270480,2,hrm_trace,0.26902459515949095
A,0,12,270480,0,hrmv2_act,0.22457841884263294
A,0,12,270480,1,hrmv2_act,0.18745032698691225
A,0,12,270480,2,hrmv2_act,0.2691017862896905
A,0,12,270480,0,mlp,0.2319713683478053
A,0,12,270480,1,mlp,0.20397581545155374
A,0,12,270480,2,mlp,0.22423554776385424
A,0,12,270480,0,onlstm_trace,0.2217359950744491
A,0,12,270480,1,onlstm_trace,0.21121860556585212
A,0,12,270480,2,onlstm_trace,0.2363088028362547
A,0,12,270480,0,unet_film,0.2895364708040733
A,0,12,270480,1,unet_film,0.2937613163637313
A,0,12,270480,2,unet_film,0.26880347580424985
A,0,12,270480,0,hrmv2_act_k1,0.21621691244553431
A,0,12,270480,1,hrmv2_act_k1,0.17466732216794076
A,0,12,270480,2,hrmv2_act_k1,0.24554203384007148
A,0,12,270480,0,hrmv2_act_k2,0.22382701234014982
A,0,12,270480,1,hrmv2_act_k2,0.18747739180400194
A,0,12,270480,2,hrmv2_act_k2,0.2632031412727225
A,0,12,270480,0,hrmv2_act_k4,0.2244272674443197
A,0,12,270480,1,hrmv2_act_k4,0.18860531365655822
A,0,12,270480,2,hrmv2_act_k4,0.266372191028553
A,0,12,270480,0,hrmv2_act_k8,0.22457841884263294
A,0,12,270480,1,hrmv2_act_k8,0.18745032698691225
A,0,12,270480,2,hrmv2_act_k8,0.2691017862896905
A,0,13,278399,0,gnn,0.183355832200599
A,0,13,278399,1,gnn,0.17853602332934848
A,0,13,278399,2,gnn,0.15812143823648142
A,0,13,278399,0,hrm_trace,0.2982779199109629
A,0,13,278399,1,hrm_trace,0.3024932196295526
A,0,13,278399,2,hrm_trace,0.2849084537900543
A,0,13,278399,0,hrmv2_act,0.08651196570364957
A,0,13,278399,1,hrmv2_act,0.09638941830500247
A,0,13,278399,2,hrmv2_act,0.15287403283502987
A,0,13,278399,0,mlp,0.23270407850884908
A,0,13,278399,1,mlp,0.2424230992388189
A,0,13,278399,2,mlp,0.23308233709949433
A,0,13,278399,0,onlstm_trace,0.24712049851486872
A,0,13,278399,1,onlstm_trace,0.256700863249884
A,0,13,278399,2,onlstm_trace,0.24474902990574898
A,0,13,278399,0,unet_film,0.1469156687948345
A,0,13,278399,1,unet_film,0.13034685550484656
A,0,13,278399,2,unet_film,0.08701294151304019
A,0,13,278399,0,hrmv2_act_k1,0.09166589525428674
A,0,13,278399,1,hrmv2_act_k1,0.10180506024514689
A,0,13,278399,2,hrmv2_act_k1,0.15428718525203092
A,0,13,278399,0,hrmv2_act_k2,0.08775586157897843
A,0,13,278399,1,hrmv2_act_k2,0.09727120344108305
A,0,13,278399,2,hrmv2_act_k2,0.15407961547016336
A,0,13,278399,0,hrmv2_act_k4,0.08680488721522235
A,0,13,278399,1,hrmv2_act_k4,0.0960684414721209
A,0,13,278399,2,hrmv2_act_k4,0.15276331336565396
A,0,13,278399,0,hrmv2_act_k8,0.08651196570364957
A,0,13,278399,1,hrmv2_act_k8,0.09638941830500247
A,0,13,278399,2,hrmv2_act_k8,0.15287403283502987
A,0,14,286318,0,gnn,0.1194052413843207
A,0,14,286318,1,gnn,0.11324195423035328
A,0,14,286318,2,gnn,0.1150492749545971
A,0,14,286318,0,hrm_trace,0.28671828986984055
A,0,14,286318,1,hrm_trace,0.2877174379999041
A,0,14,286318,2,hrm_trace,0.2829047746247794
A,0,14,286318,0,hrmv2_act,0.09248256270150723
A,0,14,286318,1,hrmv2_act,0.1200513351712541
A,0,14,286318,2,hrmv2_act,0.12703339347584938
A,0,14,286318,0,mlp,0.25555139093713225
A,0,14,286318,1,mlp,0.2439442208900424
A,0,14,286318,2,mlp,0.2546690293656306
A,0,14,286318,0,onlstm_trace,0.2599065782324728
A,0,14,286318,1,onlstm_trace,0.25908177271468785
A,0,14,286318,2,onlstm_trace,0.26993755129430874
A,0,14,286318,0,unet_film,0.07579986626100003
A,0,14,286318,1,unet_film,0.07287122410883246
A,0,14,286318,2,unet_film,0.08410019792897439
A,0,14,286318,0,hrmv2_act_k1,0.0889183438546602
A,0,14,286318,1,hrmv2_act_k1,0.10998045301256727
A,0,14,286318,2,hrmv2_act_k1,0.11816827688912224
A,0,14,286318,0,hrmv2_act_k2,0.09190027553748718
A,0,14,286318,1,hrmv2_act_k2,0.11903557885475928
A,0,14,286318,2,hrmv2_act_k2,0.1270815990443307
A,0,14,286318,0,hrmv2_act_k4,0.09216285557658636
A,0,14,286318,1,hrmv2_act_k4,0.1196203648300929
A,0,14,286318,2,hrmv2_act_k4,0.12626278464604654
A,0,14,286318,0,hrmv2_act_k8,0.09248256270150723
A,0,14,286318,1,hrmv2_act_k8,0.1200513351712541
A,0,14,286318,2,hrmv2_act_k8,0.12703339347584938
A,0,15,302156,0,gnn,0.10101337567923639
A,0,15,302156,1,gnn,0.0876182143408728
A,0,15,302156,2,gnn,0.09215836313114756
A,0,15,302156,0,hrm_trace,0.3610198769449234
A,0,15,302156,1,hrm_trace,0.3623736087894976
A,0,15,302156,2,hrm_trace,0.35207932378238443
A,0,15,302156,0,hrmv2_act,0.08487734167928618
A,0,15,302156,1,hrmv2_act,0.1697293220795233
A,0,15,302156,2,hrmv2_act,0.10474045543894128
A,0,15,302156,0,mlp,0.24665627015342428
A,0,15,302156,1,mlp,0.24914427661444316
A,0,15,302156,2,mlp,0.24930793505184945
A,0,15,302156,0,onlstm_trace,0.2864474232697154
A,0,15,302156,1,onlstm_trace,0.29162781868922844
A,0,15,302156,2,onlstm_trace,0.2793439322185254
A,0,15,302156,0,unet_film,0.11665218197804918
A,0,15,302156,1,unet_film,0.06954434098764155
A,0,15,302156,2,unet_film,0.09537980168765349
A,0,15,302156,0,hrmv2_act_k1,0.09112335723357234
A,0,15,302156,1,hrmv2_act_k1,0.16669167823301598
A,0,15,302156,2,hrmv2_act_k1,0.08679976059381957
A,0,15,302156,0,hrmv2_act_k2,0.08567267869230756
A,0,15,302156,1,hrmv2_act_k2,0.16720705498874575
A,0,15,302156,2,hrmv2_act_k2,0.10373063282441149
A,0,15,302156,0,hrmv2_act_k4,0.08475738597201331
A,0,15,302156,1,hrmv2_act_k4,0.1686356702905932
A,0,15,302156,2,hrmv2_act_k4,0.1041318664626214
A,0,15,302156,0,hrmv2_act_k8,0.08487734167928618
A,0,15,302156,1,hrmv2_act_k8,0.1697293220795233
A,0,15,302156,2,hrmv2_act_k8,0.10474045543894128
A,0,16,333832,0,gnn,0.15839504800538132
A,0,16,333832,1,gnn,0.1552345266262009
A,0,16,333832,2,gnn,0.1393136922018949
A,0,16,333832,0,hrm_trace,0.265781635012257
A,0,16,333832,1,hrm_trace,0.26470905268915285
A,0,16,333832,2,hrm_trace,0.2740802203823471
A,0,16,333832,0,hrmv2_act,0.131378970317659
A,0,16,333832,1,hrmv2_act,0.2442076814926062
A,0,16,333832,2,hrmv2_act,0.1184962985889813
A,0,16,333832,0,mlp,0.2409974138781834
A,0,16,333832,1,mlp,0.22558925500153112
A,0,16,333832,2,mlp,0.2365821055530617
A,0,16,333832,0,onlstm_trace,0.2526930105204881
A,0,16,333832,1,onlstm_trace,0.246238576922266
A,0,16,333832,2,onlstm_trace,0.2632982359916557
A,0,16,333832,0,unet_film,0.15793049933974834
A,0,16,333832,1,unet_film,0.17977159120795402
A,0,16,333832,2,unet_film,0.10003425969373153
A,0,16,333832,0,hrmv2_act_k1,0.15605352271210696
A,0,16,333832,1,hrmv2_act_k1,0.22779859352765172
A,0,16,333832,2,hrmv2_act_k1,0.12157501194212489
A,0,16,333832,0,hrmv2_act_k2,0.13543621937503403
A,0,16,333832,1,hrmv2_act_k2,0.24164785094157049
A,0,16,333832,2,hrmv2_act_k2,0.11679910599898902
A,0,16,333832,0,hrmv2_act_k4,0.13196117608806915
A,0,16,333832,1,hrmv2_act_k4,0.24353722112937706
A,0,16,333832,2,hrmv2_act_k4,0.11832173587057249
A,0,16,333832,0,hrmv2_act_k8,0.131378970317659
A,0,16,333832,1,hrmv2_act_k8,0.2442076814926062
A,0,16,333832,2,hrmv2_act_k8,0.1184962985889813
A,0,17,349670,0,gnn,0.19482976361473253
A,0,17,349670,1,gnn,0.1443969998880707
A,0,17,349670,2,gnn,0.15539274671993783
A,0,17,349670,0,hrm_trace,0.323730606745446
A,0,17,349670,1,hrm_trace,0.32406714735347564
A,0,17,349670,2,hrm_trace,0.3271310361056828
A,0,17,349670,0,hrmv2_act,0.09908783244023381
A,0,17,349670,1,hrmv2_act,0.19595796472703245
A,0,17,349670,2,hrmv2_act,0.11458686141065587
A,0,17,349670,0,mlp,0.2796673961368663
A,0,17,349670,1,mlp,0.2678298380453277
A,0,17,349670,2,mlp,0.2789567306760637
A,0,17,349670,0,onlstm_trace,0.29201268799245456
A,0,17,349670,1,onlstm_trace,0.2840555735228515
A,0,17,349670,2,onlstm_trace,0.29773897417411627
A,0,17,349670,0,unet_film,0.09641589271010648
A,0,17,349670,1,unet_film,0.12306383085594856
A,0,17,349670,2,unet_film,0.15471522698588772
A,0,17,349670,0,hrmv2_act_k1,0.11188095525997875
A,0,17,349670,1,hrmv2_act_k1,0.19264724494010596
A,0,17,349670,2,hrmv2_act_k1,0.10135404946010214
A,0,17,349670,0,hrmv2_act_k2,0.10362677644988162
A,0,17,349670,1,hrmv2_act_k2,0.19391267008458404
A,0,17,349670,2,hrmv2_act_k2,0.11346026814752229
A,0,17,349670,0,hrmv2_act_k4,0.09934848534792978
A,0,17,349670,1,hrmv2_act_k4,0.19583051885984537
A,0,17,349670,2,hrmv2_act_k4,0.11417679141730187
A,0,17,349670,0,hrmv2_act_k8,0.09908783244023381
A,0,17,349670,1,hrmv2_act_k8,0.19595796472703245
A,0,17,349670,2,hrmv2_act_k8,0.11458686141065587
A,0,18,357589,0,gnn,0.24892818182762655
A,0,18,357589,1,gnn,0.21710155916187734
A,0,18,357589,2,gnn,0.22801968054050395
A,0,18,357589,0,hrm_trace,0.27765144476188597
A,0,18,357589,1,hrm_trace,0.27089508313421856
A,0,18,357589,2,hrm_trace,0.31311278083339233
A,0,18,357589,0,hrmv2_act,0.1764662870173136
A,0,18,357589,1,hrmv2_act,0.29383737887122335
A,0,18,357589,2,hrmv2_act,0.1862437783752098
A,0,18,357589,0,mlp,0.3050066693619007
A,0,18,357589,1,mlp,0.27096808507079506
A,0,18,357589,2,mlp,0.2939296166665523
A,0,18,357589,0,onlstm_trace,0.30761826012591026
A,0,18,357589,1,onlstm_trace,0.2755671959679668
A,0,18,357589,2,onlstm_trace,0.3238822504502579
A,0,18,357589,0,unet_film,0.1723617258406525
A,0,18,357589,1,unet_film,0.22415082381093016
A,0,18,357589,2,unet_film,0.16581902568339388
A,0,18,357589,0,hrmv2_act_k1,0.17502482394143531
A,0,18,357589,1,hrmv2_act_k1,0.2638636863264889
A,0,18,357589,2,hrmv2_act_k1,0.1820890313407931
A,0,18,357589,0,hrmv2_act_k2,0.17917931735958195
A,0,18,357589,1,hrmv2_act_k2,0.2883728483132412
A,0,18,357589,2,hrmv2_act_k2,0.1861918159414804
A,0,18,357589,0,hrmv2_act_k4,0.17753418038303653
A,0,18,357589,1,hrmv2_act_k4,0.291393046854861
A,0,18,357589,2,hrmv2_act_k4,0.18615936792929352
A,0,18,357589,0,hrmv2_act_k8,0.1764662870173136
A,0,18,357589,1,hrmv2_act_k8,0.29383737887122335
A,0,18,357589,2,hrmv2_act_k8,0.1862437783752098
A,0,19,365508,0,gnn,0.1119524783638761
A,0,19,365508,1,gnn,0.10123143176908315
A,0,19,365508,2,gnn,0.10911459033190703
A,0,19,365508,0,hrm_trace,0.3000032165095572
A,0,19,365508,1,hrm_trace,0.3022414432535931
A,0,19,365508,2,hrm_trace,0.29664577006511916
A,0,19,365508,0,hrmv2_act,0.06645579600403773
A,0,19,365508,1,hrmv2_act,0.07282663971856689
A,0,19,365508,2,hrmv2_act,0.14243511081601062
A,0,19,365508,0,mlp,0.22802279778318693
A,0,19,365508,1,mlp,0.23101883205834753
A,0,19,365508,2,mlp,0.2259024459663621
A,0,19,365508,0,onlstm_trace,0.2453680792437457
A,0,19,365508,1,onlstm_trace,0.24782518161758546
A,0,19,365508,2,onlstm_trace,0.24754604657863918
A,0,19,365508,0,unet_film,0.1108069966081161
A,0,19,365508,1,unet_film,0.06816553104052621
A,0,19,365508,2,unet_film,0.05142492698496876
A,0,19,365508,0,hrmv2_act_k1,0.0701584571054492
A,0,19,365508,1,hrmv2_act_k1,0.08552821396621459
A,0,19,365508,2,hrmv2_act_k1,0.13746115223647168
A,0,19,365508,0,hrmv2_act_k2,0.06623195771639405
A,0,19,365508,1,hrmv2_act_k2,0.07229539592659816
A,0,19,365508,2,hrmv2_act_k2,0.1432472173038101
A,0,19,365508,0,hrmv2_act_k4,0.06636576756338035
A,0,19,365508,1,hrmv2_act_k4,0.07195124222054598
A,0,19,365508,2,hrmv2_act_k4,0.14224447616305172
A,0,19,365508,0,hrmv2_act_k8,0.06645579600403773
A,0,19,365508,1,hrmv2_act_k8,0.07282663971856689
A,0,19,365508,2,hrmv2_act_k8,0.14243511081601062
A,0,20,373427,0,gnn,0.08355223034265712
A,0,20,373427,1,gnn,0.07310149648729537
A,0,20,373427,2,gnn,0.07197981216504148
A,0,20,373427,0,hrm_trace,0.266330142639071
A,0,20,373427,1,hrm_trace,0.2677322066328081
A,0,20,373427,2,hrm_trace,0.26305458607846877
A,0,20,373427,0,hrmv2_act,0.06976530588686508
A,0,20,373427,1,hrmv2_act,0.0522122769057994
A,0,20,373427,2,hrmv2_act,0.11763325744055586
A,0,20,373427,0,mlp,0.1888277594291107
A,0,20,373427,1,mlp,0.19410502119372067
A,0,20,373427,2,mlp,0.18795443964827807
A,0,20,373427,0,onlstm_trace,0.2031146152736096
A,0,20,373427,1,onlstm_trace,0.2118979871420117
A,0,20,373427,2,onlstm_trace,0.20786524260755326
A,0,20,373427,0,unet_film,0.128155719409122
A,0,20,373427,1,unet_film,0.08515065008793005
A,0,20,373427,2,unet_film,0.08488125641825106
A,0,20,373427,0,hrmv2_act_k1,0.07235570908456096
A,0,20,373427,1,hrmv2_act_k1,0.057840748538634225
A,0,20,373427,2,hrmv2_act_k1,0.11744640142784583
A,0,20,373427,0,hrmv2_act_k2,0.07010214586706821
A,0,20,373427,1,hrmv2_act_k2,0.05280053381131191
A,0,20,373427,2,hrmv2_act_k2,0.11818791359093261
A,0,20,373427,0,hrmv2_act_k4,0.06984364423559865
A,0,20,373427,1,hrmv2_act_k4,0.05318399339893248
A,0,20,373427,2,hrmv2_act_k4,0.11811665560101732
A,0,20,373427,0,hrmv2_act_k8,0.06976530588686508
A,0,20,373427,1,hrmv2_act_k8,0.0522122769057994
A,0,20,373427,2,hrmv2_act_k8,0.11763325744055586
A,0,21,389265,0,gnn,0.16059724008207193
A,0,21,389265,1,gnn,0.13151687491909642
A,0,21,389265,2,gnn,0.13617359983563432
A,0,21,389265,0,hrm_trace,0.3689758994843636
A,0,21,389265,1,hrm_trace,0.3683530413297167
A,0,21,389265,2,hrm_trace,0.362788293932085
A,0,21,389265,0,hrmv2_act,0.10574079684227157
A,0,21,389265,1,hrmv2_act,0.18621825376728554
A,0,21,389265,2,hrmv2_act,0.10672370353856195
A,0,21,389265,0,mlp,0.2724541939311027
A,0,21,389265,1,mlp,0.2699124760678868
A,0,21,389265,2,mlp,0.2741902957907653
A,0,21,389265,0,onlstm_trace,0.30508922802366867
A,0,21,389265,1,onlstm_trace,0.3083329912468086
A,0,21,389265,2,onlstm_trace,0.3069195347204336
A,0,21,389265,0,unet_film,0.14556039210395966
A,0,21,389265,1,unet_film,0.16280364586864046
A,0,21,389265,2,unet_film,0.1621691582542111
A,0,21,389265,0,hrmv2_act_k1,0.11673962075664648
A,0,21,389265,1,hrmv2_act_k1,0.18065964650505834
A,0,21,389265,2,hrmv2_act_k1,0.10050607097446153
A,0,21,389265,0,hrmv2_act_k2,0.10625055694962054
A,0,21,389265,1,hrmv2_act_k2,0.18357384844351127
A,0,21,389265,2,hrmv2_act_k2,0.10776949442172597
A,0,21,389265,0,hrmv2_act_k4,0.10576131885222265
A,0,21,389265,1,hrmv2_act_k4,0.18489971096533214
A,0,21,389265,2,hrmv2_act_k4,0.10706502567534723
A,0,21,389265,0,hrmv2_act_k8,0.10574079684227157
A,0,21,389265,1,hrmv2_act_k8,0.18621825376728554
A,0,21,389265,2,hrmv2_act_k8,0.10672370353856195
A,0,22,413022,0,gnn,0.2370680019599949
A,0,22,413022,1,gnn,0.25703071773389263
A,0,22,413022,2,gnn,0.23535327605706088
A,0,22,413022,0,hrm_trace,0.2604170404867275
A,0,22,413022,1,hrm_trace,0.2586884958364343
A,0,22,413022,2,hrm_trace,0.2845724465539199
A,0,22,413022,0,hrmv2_act,0.23169108557650459
A,0,22,413022,1,hrmv2_act,0.21901174117349054
A,0,22,413022,2,hrmv2_act,0.27917136125735453
A,0,22,413022,0,mlp,0.25345957948760284
A,0,22,413022,1,mlp,0.2194421766996482
A,0,22,413022,2,mlp,0.24235902350484434
A,0,22,413022,0,onlstm_trace,0.22993891030223995
A,0,22,413022,1,onlstm_trace,0.21355661976649956
A,0,22,413022,2,onlstm_trace,0.2486122700537941
A,0,22,413022,0,unet_film,0.21909755287486402
A,0,22,413022,1,unet_film,0.26509894187682437
A,0,22,413022,2,unet_film,0.23988095689739147
A,0,22,413022,0,hrmv2_act_k1,0.2235176229231522
A,0,22,413022,1,hrmv2_act_k1,0.19951444446613864
A,0,22,413022,2,hrmv2_act_k1,0.2581151050566459
A,0,22,413022,0,hrmv2_act_k2,0.22989983126642094
A,0,22,413022,1,hrmv2_act_k2,0.21653451489685724
A,0,22,413022,2,hrmv2_act_k2,0.2761206189277833
A,0,22,413022,0,hrmv2_act_k4,0.23223761276428828
A,0,22,413022,1,hrmv2_act_k4,0.21829642918625278
A,0,22,413022,2,hrmv2_act_k4,0.2793270461904989
A,0,22,413022,0,hrmv2_act_k8,0.23169108557650459
A,0,22,413022,1,hrmv2_act_k8,0.21901174117349054
A,0,22,413022,2,hrmv2_act_k8,0.27917136125735453
A,0,23,428860,0,gnn,0.2687835356814475
A,0,23,428860,1,gnn,0.28911028335455813
A,0,23,428860,2,gnn,0.27966566326557524
A,0,23,428860,0,hrm_trace,0.2780031994733978
A,0,23,428860,1,hrm_trace,0.273073616849367
A,0,23,428860,2,hrm_trace,0.3110303631505818
A,0,23,428860,0,hrmv2_act,0.3037565053003803
A,0,23,428860,1,hrmv2_act,0.26632233167142344
A,0,23,428860,2,hrmv2_act,0.3199609435798891
A,0,23,428860,0,mlp,0.29380544270403486
A,0,23,428860,1,mlp,0.25439067170735224
A,0,23,428860,2,mlp,0.28019745178264854
A,0,23,428860,0,onlstm_trace,0.2714481959102569
A,0,23,428860,1,onlstm_trace,0.2529219248698214
A,0,23,428860,2,onlstm_trace,0.2903327795829126
A,0,23,428860,0,unet_film,0.2563945619622611
A,0,23,428860,1,unet_film,0.2602162123307072
A,0,23,428860,2,unet_film,0.3015899423598647
A,0,23,428860,0,hrmv2_act_k1,0.2997945098818717
A,0,23,428860,1,hrmv2_act_k1,0.2424148971033919
A,0,23,428860,2,hrmv2_act_k1,0.30391767165370986
A,0,23,428860,0,hrmv2_act_k2,0.303257445599336
A,0,23,428860,1,hrmv2_act_k2,0.26424834074037523
A,0,23,428860,2,hrmv2_act_k2,0.31986434278305775
A,0,23,428860,0,hrmv2_act_k4,0.30455758449615733
A,0,23,428860,1,hrmv2_act_k4,0.2682474212150107
A,0,23,428860,2,hrmv2_act_k4,0.3205615705269532
A,0,23,428860,0,hrmv2_act_k8,0.3037565053003803
A,0,23,428860,1,hrmv2_act_k8,0.26632233167142344
A,0,23,428860,2,hrmv2_act_k8,0.3199609435798891
A,0,24,476374,0,gnn,0.12467581542456584
A,0,24,476374,1,gnn,0.0901399067914539
A,0,24,476374,2,gnn,0.09236115244191274
A,0,24,476374,0,hrm_trace,0.29507677740687216
A,0,24,476374,1,hrm_trace,0.2948354702531952
A,0,24,476374,2,hrm_trace,0.2965420929283282
A,0,24,476374,0,hrmv2_act,0.088565851928307
A,0,24,476374,1,hrmv2_act,0.16593258131128327
A,0,24,476374,2,hrmv2_act,0.11326314193132385
A,0,24,476374,0,mlp,0.2537834878842539
A,0,24,476374,1,mlp,0.2371780773007067
A,0,24,476374,2,mlp,0.24979737831120433
A,0,24,476374,0,onlstm_trace,0.2610129919437681
A,0,24,476374,1,onlstm_trace,0.24919599279120644
A,0,24,476374,2,onlstm_trace,0.26811762618857027
A,0,24,476374,0,unet_film,0.10598801749536578
A,0,24,476374,1,unet_film,0.08328700352001875
A,0,24,476374,2,unet_film,0.07421404147763148
A,0,24,476374,0,hrmv2_act_k1,0.09619436308353313
A,0,24,476374,1,hrmv2_act_k1,0.15336576234519408
A,0,24,476374,2,hrmv2_act_k1,0.0951781045484116
A,0,24,476374,0,hrmv2_act_k2,0.09018415248778128
A,0,24,476374,1,hrmv2_act_k2,0.16486936769872687
A,0,24,476374,2,hrmv2_act_k2,0.11103929795869798
A,0,24,476374,0,hrmv2_act_k4,0.08814669847960827
A,0,24,476374,1,hrmv2_act_k4,0.16598134528367992
A,0,24,476374,2,hrmv2_act_k4,0.11274805951270606
A,0,24,476374,0,hrmv2_act_k8,0.088565851928307
A,0,24,476374,1,hrmv2_act_k8,0.16593258131128327
A,0,24,476374,2,hrmv2_act_k8,0.11326314193132385
A,2,0,30972960,0,gnn,0.6677380502115082
A,2,0,30972960,1,gnn,0.6920087070675998
A,2,0,30972960,2,gnn,0.6885323459761932
A,2,0,30972960,0,hrm_trace,0.6828461778283804
A,2,0,30972960,1,hrm_trace,0.6651508873187881
A,2,0,30972960,2,hrm_trace,0.7308841731204176
A,2,0,30972960,0,hrmv2_act,0.30441969943723857
A,2,0,30972960,1,hrmv2_act,0.3375962194857134
A,2,0,30972960,2,hrmv2_act,0.3437938987269894
A,2,0,30972960,0,mlp,0.41370036559579576
A,2,0,30972960,1,mlp,0.41134293895961965
A,2,0,30972960,2,mlp,0.4930908801286513
A,2,0,30972960,0,onlstm_trace,0.38199112922123346
A,2,0,30972960,1,onlstm_trace,0.31377811050971083
A,2,0,30972960,2,onlstm_trace,0.411582611593122
A,2,0,30972960,0,unet_film,0.7341059340242778
A,2,0,30972960,1,unet_film,0.6561956707538307
A,2,0,30972960,2,unet_film,0.8145228435809863
A,2,0,30972960,0,hrmv2_act_k1,0.2781665551077504
A,2,0,30972960,1,hrmv2_act_k1,0.30560075146697135
A,2,0,30972960,2,hrmv2_act_k1,0.3469041715541886
A,2,0,30972960,0,hrmv2_act_k2,0.30130971658574973
A,2,0,30972960,1,hrmv2_act_k2,0.3329018285913475
A,2,0,30972960,2,hrmv2_act_k2,0.3469994556760911
A,2,0,30972960,0,hrmv2_act_k4,0.304145686830028
A,2,0,30972960,1,hrmv2_act_k4,0.338625101640098
A,2,0,30972960,2,hrmv2_act_k4,0.3430715607742248
A,2,0,30972960,0,hrmv2_act_k8,0.30441969943723857
A,2,0,30972960,1,hrmv2_act_k8,0.3375962194857134
A,2,0,30972960,2,hrmv2_act_k8,0.3437938987269894
A,2,1,31004636,0,gnn,0.4514155441547453
A,2,1,31004636,1,gnn,0.4554700228667004
A,2,1,31004636,2,gnn,0.46696722124895984
A,2,1,31004636,0,hrm_trace,0.6324115526640701
A,2,1,31004636,1,hrm_trace,0.6087376025802826
A,2,1,31004636,2,hrm_trace,0.7041113816401509
A,2,1,31004636,0,hrmv2_act,0.5063456001362183
A,2,1,31004636,1,hrmv2_act,0.4821715522595695
A,2,1,31004636,2,hrmv2_act,0.5336639291020769
A,2,1,31004636,0,mlp,0.7903650064684301
A,2,1,31004636,1,mlp,0.8006402005705632
A,2,1,31004636,2,mlp,0.8291364934314477
A,2,1,31004636,0,onlstm_trace,0.6568363698358517
A,2,1,31004636,1,onlstm_trace,0.5972509425995047
A,2,1,31004636,2,onlstm_trace,0.660580430650338
A,2,1,31004636,0,unet_film,0.4258767860798801
A,2,1,31004636,1,unet_film,0.4242631675137318
A,2,1,31004636,2,unet_film,0.4999981981985431
A,2,1,31004636,0,hrmv2_act_k1,0.5003127648703144
A,2,1,31004636,1,hrmv2_act_k1,0.5024397419186658
A,2,1,31004636,2,hrmv2_act_k1,0.5585818426865404
A,2,1,31004636,0,hrmv2_act_k2,0.5068285774773681
A,2,1,31004636,1,hrmv2_act_k2,0.48137090669547744
A,2,1,31004636,2,hrmv2_act_k2,0.5319176876658188
A,2,1,31004636,0,hrmv2_act_k4,0.5099505936521559
A,2,1,31004636,1,hrmv2_act_k4,0.4827072487888135
A,2,1,31004636,2,hrmv2_act_k4,0.5330262707172687
A,2,1,31004636,0,hrmv2_act_k8,0.5063456001362183
A,2,1,31004636,1,hrmv2_act_k8,0.4821715522595695
A,2,1,31004636,2,hrmv2_act_k8,0.5336639291020769
A,2,2,31028393,0,gnn,0.2815511015782966
A,2,2,31028393,1,gnn,0.3056451830093545
A,2,2,31028393,2,gnn,0.29335418034138794
A,2,2,31028393,0,hrm_trace,0.3831097553419124
A,2,2,31028393,1,hrm_trace,0.3976487525932809
A,2,2,31028393,2,hrm_trace,0.3657547609688773
A,2,2,31028393,0,hrmv2_act,0.3249801629321142
A,2,2,31028393,1,hrmv2_act,0.18700178836159462
A,2,2,31028393,2,hrmv2_act,0.2533277555688422
A,2,2,31028393,0,mlp,0.24082878688082937
A,2,2,31028393,1,mlp,0.2427806655382218
A,2,2,31028393,2,mlp,0.264528201281399
A,2,2,31028393,0,onlstm_trace,0.23395368486347534
A,2,2,31028393,1,onlstm_trace,0.24508186831971696
A,2,2,31028393,2,onlstm_trace,0.2481710820615878
A,2,2,31028393,0,unet_film,0.3423410236109341
A,2,2,31028393,1,unet_film,0.26733285383983413
A,2,2,31028393,2,unet_film,0.19213521585531096
A,2,2,31028393,0,hrmv2_act_k1,0.31712488203333483
A,2,2,31028393,1,hrmv2_act_k1,0.21539608454137063
A,2,2,31028393,2,hrmv2_act_k1,0.25415187236455933
A,2,2,31028393,0,hrmv2_act_k2,0.32322571807017814
A,2,2,31028393,1,hrmv2_act_k2,0.18540340096994393
A,2,2,31028393,2,hrmv2_act_k2,0.25370347527811704
A,2,2,31028393,0,hrmv2_act_k4,0.32458965131729745
A,2,2,31028393,1,hrmv2_act_k4,0.18958552210821275
A,2,2,31028393,2,hrmv2_act_k4,0.25288573360508454
A,2,2,31028393,0,hrmv2_act_k8,0.3249801629321142
A,2,2,31028393,1,hrmv2_act_k8,0.18700178836159462
A,2,2,31028393,2,hrmv2_act_k8,0.2533277555688422
A,2,3,31052150,0,gnn,0.5955473552623167
A,2,3,31052150,1,gnn,0.5454783917680764
A,2,3,31052150,2,gnn,0.5489569995734369
A,2,3,31052150,0,hrm_trace,0.6004521700321866
A,2,3,31052150,1,hrm_trace,0.6186725504899234
A,2,3,31052150,2,hrm_trace,0.5336130435301039
A,2,3,31052150,0,hrmv2_act,0.7197937016712991
A,2,3,31052150,1,hrmv2_act,0.6685231186045715
A,2,3,31052150,2,hrmv2_act,0.5838570661343441
A,2,3,31052150,0,mlp,0.699315729056126
A,2,3,31052150,1,mlp,0.7097521243739718
A,2,3,31052150,2,mlp,0.6251541997093272
A,2,3,31052150,0,onlstm_trace,0.5953666978969117
A,2,3,31052150,1,onlstm_trace,0.6650364950368955
A,2,3,31052150,2,onlstm_trace,0.5169479756886327
A,2,3,31052150,0,unet_film,0.38445638128316756
A,2,3,31052150,1,unet_film,0.39160486082893925
A,2,3,31052150,2,unet_film,0.3523352969683297
A,2,3,31052150,0,hrmv2_act_k1,0.7245386442601465
A,2,3,31052150,1,hrmv2_act_k1,0.6362613260227172
A,2,3,31052150,2,hrmv2_act_k1,0.5820049339325739
A,2,3,31052150,0,hrmv2_act_k2,0.7240655971582071
A,2,3,31052150,1,hrmv2_act_k2,0.6603230881326367
A,2,3,31052150,2,hrmv2_act_k2,0.5872716180285575
A,2,3,31052150,0,hrmv2_act_k4,0.7208883900394374
A,2,3,31052150,1,hrmv2_act_k4,0.6644376893602065
A,2,3,31052150,2,hrmv2_act_k4,0.5846419621234887
A,2,3,31052150,0,hrmv2_act_k8,0.7197937016712991
A,2,3,31052150,1,hrmv2_act_k8,0.6685231186045715
A,2,3,31052150,2,hrmv2_act_k8,0.5838570661343441
A,2,4,31060069,0,gnn,1.1989006504790882
A,2,4,31060069,1,gnn,1.2278062050168432
A,2,4,31060069,2,gnn,1.2249398769272923
A,2,4,31060069,0,hrm_trace,1.0262358657828206
A,2,4,31060069,1,hrm_trace,1.0331598972876412
A,2,4,31060069,2,hrm_trace,1.06629300080263
A,2,4,31060069,0,hrmv2_act,0.9132647938689767
A,2,4,31060069,1,hrmv2_act,0.9237801530268127
A,2,4,31060069,2,hrmv2_act,0.9295078159690884
A,2,4,31060069,0,mlp,0.8499573190003835
A,2,4,31060069,1,mlp,0.8425070959506908
A,2,4,31060069,2,mlp,0.9068255655865993
A,2,4,31060069,0,onlstm_trace,0.7307606874598918
A,2,4,31060069,1,onlstm_trace,0.49796703044549456
A,2,4,31060069,2,onlstm_trace,0.6594624766752644
A,2,4,31060069,0,unet_film,1.0261055477998837
A,2,4,31060069,1,unet_film,0.8858499162948977
A,2,4,31060069,2,unet_film,1.338671324589227
A,2,4,31060069,0,hrmv2_act_k1,0.90729605956213
A,2,4,31060069,1,hrmv2_act_k1,0.8925518487245648
A,2,4,31060069,2,hrmv2_act_k1,0.9311185250960121
A,2,4,31060069,0,hrmv2_act_k2,0.9085660154262482
A,2,4,31060069,1,hrmv2_act_k2,0.9236877715531863
A,2,4,31060069,2,hrmv2_act_k2,0.931893606666821
A,2,4,31060069,0,hrmv2_act_k4,0.913369457421706
A,2,4,31060069,1,hrmv2_act_k4,0.9203074541596578
A,2,4,31060069,2,hrmv2_act_k4,0.9296566260789585
A,2,4,31060069,0,hrmv2_act_k8,0.9132647938689767
A,2,4,31060069,1,hrmv2_act_k8,0.9237801530268127
A,2,4,31060069,2,hrmv2_act_k8,0.9295078159690884
A,2,5,31075907,0,gnn,0.4408563389803401
A,2,5,31075907,1,gnn,0.4228018356720211
A,2,5,31075907,2,gnn,0.4448497136157358
A,2,5,31075907,0,hrm_trace,0.40292427447411555
A,2,5,31075907,1,hrm_trace,0.4056686931546341
A,2,5,31075907,2,hrm_trace,0.4318887388775091
A,2,5,31075907,0,hrmv2_act,0.17451597219158443
A,2,5,31075907,1,hrmv2_act,0.15319272345012108
A,2,5,31075907,2,hrmv2_act,0.16783856126680016
A,2,5,31075907,0,mlp,0.5244008930352135
A,2,5,31075907,1,mlp,0.5034000241822157
A,2,5,31075907,2,mlp,0.531313147745948
A,2,5,31075907,0,onlstm_trace,0.2605425116266451
A,2,5,31075907,1,onlstm_trace,0.27076805935180825
A,2,5,31075907,2,onlstm_trace,0.28637750632613135
A,2,5,31075907,0,unet_film,0.40591878417533783
A,2,5,31075907,1,unet_film,0.5293096183919394
A,2,5,31075907,2,unet_film,0.38218325718098534
A,2,5,31075907,0,hrmv2_act_k1,0.19372870852197913
A,2,5,31075907,1,hrmv2_act_k1,0.15890662149733822
A,2,5,31075907,2,hrmv2_act_k1,0.17111420561324298
A,2,5,31075907,0,hrmv2_act_k2,0.17168320182943825
A,2,5,31075907,1,hrmv2_act_k2,0.1538879235378588
A,2,5,31075907,2,hrmv2_act_k2,0.16778414462142843
A,2,5,31075907,0,hrmv2_act_k4,0.17407425219665595
A,2,5,31075907,1,hrmv2_act_k4,0.15186126937549985
A,2,5,31075907,2,hrmv2_act_k4,0.16726698946947066
A,2,5,31075907,0,hrmv2_act_k8,0.17451597219158443
A,2,5,31075907,1,hrmv2_act_k8,0.15319272345012108
A,2,5,31075907,2,hrmv2_act_k8,0.16783856126680016
A,2,6,31107583,0,gnn,0.7996507967676817
A,2,6,31107583,1,gnn,0.8283689966379567
A,2,6,31107583,2,gnn,0.8251218612096987
A,2,6,31107583,0,hrm_trace,0.5340672746422204
A,2,6,31107583,1,hrm_trace,0.5277633188065045
A,2,6,31107583,2,hrm_trace,0.5614462790447896
A,2,6,31107583,0,hrmv2_act,0.3986599775794958
A,2,6,31107583,1,hrmv2_act,0.5102407132852425
A,2,6,31107583,2,hrmv2_act,0.4350186421442527
A,2,6,31107583,0,mlp,0.3429876388261628
A,2,6,31107583,1,mlp,0.31646551773147885
A,2,6,31107583,2,mlp,0.35478830662829836
A,2,6,31107583,0,onlstm_trace,0.22434317977768425
A,2,6,31107583,1,onlstm_trace,0.1959698955494943
A,2,6,31107583,2,onlstm_trace,0.2499770774825734
A,2,6,31107583,0,unet_film,0.4920969972828794
A,2,6,31107583,1,unet_film,0.4919131189032177
A,2,6,31107583,2,unet_film,0.629126513264965
A,2,6,31107583,0,hrmv2_act_k1,0.41879324068063084
A,2,6,31107583,1,hrmv2_act_k1,0.49223243675954864
A,2,6,31107583,2,hrmv2_act_k1,0.4351610999723604
A,2,6,31107583,0,hrmv2_act_k2,0.4045412971203354
A,2,6,31107583,1,hrmv2_act_k2,0.5103759516126405
A,2,6,31107583,2,hrmv2_act_k2,0.4341165417293884
A,2,6,31107583,0,hrmv2_act_k4,0.3989542710973708
A,2,6,31107583,1,hrmv2_act_k4,0.5124473009095999
A,2,6,31107583,2,hrmv2_act_k4,0.4350076943441163
A,2,6,31107583,0,hrmv2_act_k8,0.3986599775794958
A,2,6,31107583,1,hrmv2_act_k8,0.5102407132852425
A,2,6,31107583,2,hrmv2_act_k8,0.4350186421442527
A,2,7,31115502,0,gnn,0.3590278594526988
A,2,7,31115502,1,gnn,0.3201882775734096
A,2,7,31115502,2,gnn,0.3251604258713334
A,2,7,31115502,0,hrm_trace,0.5070767469942271
A,2,7,31115502,1,hrm_trace,0.512828857606561
A,2,7,31115502,2,hrm_trace,0.4739525241567209
A,2,7,31115502,0,hrmv2_act,0.345867496572801
A,2,7,31115502,1,hrmv2_act,0.31839657051423476
A,2,7,31115502,2,hrmv2_act,0.3543980356427341
A,2,7,31115502,0,mlp,0.3308606308415604
A,2,7,31115502,1,mlp,0.34587225113956765
A,2,7,31115502,2,mlp,0.3353926499885273
A,2,7,31115502,0,onlstm_trace,0.44051955944369237
A,2,7,31115502,1,onlstm_trace,0.2661909562120984
A,2,7,31115502,2,onlstm_trace,0.3031686081250192
A,2,7,31115502,0,unet_film,0.23098880724745
A,2,7,31115502,1,unet_film,0.2365009994141454
A,2,7,31115502,2,unet_film,0.15112453247428517
A,2,7,31115502,0,hrmv2_act_k1,0.3581505559761456
A,2,7,31115502,1,hrmv2_act_k1,0.32306063683260156
A,2,7,31115502,2,hrmv2_act_k1,0.35403815728975124
A,2,7,31115502,0,hrmv2_act_k2,0.34984175490235236
A,2,7,31115502,1,hrmv2_act_k2,0.3162716450408199
A,2,7,31115502,2,hrmv2_act_k2,0.3477654733427913
A,2,7,31115502,0,hrmv2_act_k4,0.34339180801569635
A,2,7,31115502,1,hrmv2_act_k4,0.31720084063463705
A,2,7,31115502,2,hrmv2_act_k4,0.35516200058379394
A,2,7,31115502,0,hrmv2_act_k8,0.345867496572801
A,2,7,31115502,1,hrmv2_act_k8,0.31839657051423476
A,2,7,31115502,2,hrmv2_act_k8,0.3543980356427341
A,2,8,31131340,0,gnn,0.27375747693315294
A,2,8,31131340,1,gnn,0.2502352408407005
A,2,8,31131340,2,gnn,0.242433432828836
A,2,8,31131340,0,hrm_trace,0.3757503659489368
A,2,8,31131340,1,hrm_trace,0.39117584507593706
A,2,8,31131340,2,hrm_trace,0.36747362651088356
A,2,8,31131340,0,hrmv2_act,0.34385232054685144
A,2,8,31131340,1,hrmv2_act,0.3055560081227651
A,2,8,31131340,2,hrmv2_act,0.33975867207444055
A,2,8,31131340,0,mlp,0.3605468157125393
A,2,8,31131340,1,mlp,0.3437261893480444
A,2,8,31131340,2,mlp,0.3286977412757878
A,2,8,31131340,0,onlstm_trace,0.3715789531510805
A,2,8,31131340,1,onlstm_trace,0.45584888729439604
A,2,8,31131340,2,onlstm_trace,0.3512600822337757
A,2,8,31131340,0,unet_film,0.17952076850244966
A,2,8,31131340,1,unet_film,0.2960862861199219
A,2,8,31131340,2,unet_film,0.22160468073618678
A,2,8,31131340,0,hrmv2_act_k1,0.3441923007129584
A,2,8,31131340,1,hrmv2_act_k1,0.27148019906645793
A,2,8,31131340,2,hrmv2_act_k1,0.3480034594917087
A,2,8,31131340,0,hrmv2_act_k2,0.3466241581343908
A,2,8,31131340,1,hrmv2_act_k2,0.2995095081768439
A,2,8,31131340,2,hrmv2_act_k2,0.33604167505377686
A,2,8,31131340,0,hrmv2_act_k4,0.3447106409480594
A,2,8,31131340,1,hrmv2_act_k4,0.30229927805889534
A,2,8,31131340,2,hrmv2_act_k4,0.3380195442933396
A,2,8,31131340,0,hrmv2_act_k8,0.34385232054685144
A,2,8,31131340,1,hrmv2_act_k8,0.3055560081227651
A,2,8,31131340,2,hrmv2_act_k8,0.33975867207444055
A,2,9,31155097,0,gnn,0.7118197801909619
A,2,9,31155097,1,gnn,0.6590722754119728
A,2,9,31155097,2,gnn,0.6761577444045686
A,2,9,31155097,0,hrm_trace,0.5418050547053204
A,2,9,31155097,1,hrm_trace,0.552031955224343
A,2,9,31155097,2,hrm_trace,0.5116427897916531
A,2,9,31155097,0,hrmv2_act,0.37247311472985917
A,2,9,31155097,1,hrmv2_act,0.3849257225157959
A,2,9,31155097,2,hrmv2_act,0.4058592670068483
A,2,9,31155097,0,mlp,0.2660773360965447
A,2,9,31155097,1,mlp,0.2133558567599188
A,2,9,31155097,2,mlp,0.23374931051968226
A,2,9,31155097,0,onlstm_trace,0.3557355625084625
A,2,9,31155097,1,onlstm_trace,0.2709560391518966
A,2,9,31155097,2,onlstm_trace,0.34509009183748746
A,2,9,31155097,0,unet_film,0.5227547447728307
A,2,9,31155097,1,unet_film,0.5809053850299444
A,2,9,31155097,2,unet_film,0.4398734485897468
A,2,9,31155097,0,hrmv2_act_k1,0.3686742567259281
A,2,9,31155097,1,hrmv2_act_k1,0.3807560648079893
A,2,9,31155097,2,hrmv2_act_k1,0.4250898444199238
A,2,9,31155097,0,hrmv2_act_k2,0.37457699072983264
A,2,9,31155097,1,hrmv2_act_k2,0.3871495979227346
A,2,9,31155097,2,hrmv2_act_k2,0.41032497437305354
A,2,9,31155097,0,hrmv2_act_k4,0.3724848803915806
A,2,9,31155097,1,hrmv2_act_k4,0.3871843247882812
A,2,9,31155097,2,hrmv2_act_k4,0.4062620703338232
A,2,9,31155097,0,hrmv2_act_k8,0.37247311472985917
A,2,9,31155097,1,hrmv2_act_k8,0.3849257225157959
A,2,9,31155097,2,hrmv2_act_k8,0.4058592670068483
A,2,10,31163016,0,gnn,0.2328767955125214
A,2,10,31163016,1,gnn,0.2501503045412118
A,2,10,31163016,2,gnn,0.25203179571027584
A,2,10,31163016,0,hrm_trace,0.3322182511178766
A,2,10,31163016,1,hrm_trace,0.34511613068964814
A,2,10,31163016,2,hrm_trace,0.31447977148950357
A,2,10,31163016,0,hrmv2_act,0.17793479306090423
A,2,10,31163016,1,hrmv2_act,0.2277107353403738
A,2,10,31163016,2,hrmv2_act,0.1959302258953316
A,2,10,31163016,0,mlp,0.2336739599021699
A,2,10,31163016,1,mlp,0.22291654978507403
A,2,10,31163016,2,mlp,0.25804240105196935
A,2,10,31163016,0,onlstm_trace,0.2749538118577205
A,2,10,31163016,1,onlstm_trace,0.34687666394512057
A,2,10,31163016,2,onlstm_trace,0.2564897390491929
A,2,10,31163016,0,unet_film,0.22896139601510285
A,2,10,31163016,1,unet_film,0.18865475866224724
A,2,10,31163016,2,unet_film,0.19295248327288508
A,2,10,31163016,0,hrmv2_act_k1,0.18361546660410508
A,2,10,31163016,1,hrmv2_act_k1,0.24937622952965288
A,2,10,31163016,2,hrmv2_act_k1,0.18853130869500573
A,2,10,31163016,0,hrmv2_act_k2,0.17413231059833376
A,2,10,31163016,1,hrmv2_act_k2,0.2294491281738199
A,2,10,31163016,2,hrmv2_act_k2,0.1925854960594725
A,2,10,31163016,0,hrmv2_act_k4,0.18379692700902786
A,2,10,31163016,1,hrmv2_act_k4,0.22310370122189718
A,2,10,31163016,2,hrmv2_act_k4,0.19183607728439356
A,2,10,31163016,0,hrmv2_act_k8,0.17793479306090423
A,2,10,31163016,1,hrmv2_act_k8,0.2277107353403738
A,2,10,31163016,2,hrmv2_act_k8,0.1959302258953316
A,2,11,31186773,0,gnn,0.38794532920405245
A,2,11,31186773,1,gnn,0.39738330167661706
A,2,11,31186773,2,gnn,0.362349957745347
A,2,11,31186773,0,hrm_trace,0.2841376223308932
A,2,11,31186773,1,hrm_trace,0.2954129055265881
A,2,11,31186773,2,hrm_trace,0.29444658262107154
A,2,11,31186773,0,hrmv2_act,0.36992009203734727
A,2,11,31186773,1,hrmv2_act,0.2606329950576008
A,2,11,31186773,2,hrmv2_act,0.24153372443560184
A,2,11,31186773,0,mlp,0.26803332946634284
A,2,11,31186773,1,mlp,0.3068421846060255
A,2,11,31186773,2,mlp,0.24672108417491423
A,2,11,31186773,0,onlstm_trace,0.24736570012713777
A,2,11,31186773,1,onlstm_trace,0.4729575044589709
A,2,11,31186773,2,onlstm_trace,0.2844928099387846
A,2,11,31186773,0,unet_film,0.3186115730546921
A,2,11,31186773,1,unet_film,0.37566310380031553
A,2,11,31186773,2,unet_film,0.3098392049087505
A,2,11,31186773,0,hrmv2_act_k1,0.34933571081307563
A,2,11,31186773,1,hrmv2_act_k1,0.2665481434271132
A,2,11,31186773,2,hrmv2_act_k1,0.2545539349405464
A,2,11,31186773,0,hrmv2_act_k2,0.37147899541871243
A,2,11,31186773,1,hrmv2_act_k2,0.2610148235224641
A,2,11,31186773,2,hrmv2_act_k2,0.2420945216603818
A,2,11,31186773,0,hrmv2_act_k4,0.3706312973298921
A,2,11,31186773,1,hrmv2_act_k4,0.26060125183090443
A,2,11,31186773,2,hrmv2_act_k4,0.24158319517952853
A,2,11,31186773,0,hrmv2_act_k8,0.36992009203734727
A,2,11,31186773,1,hrmv2_act_k8,0.2606329950576008
A,2,11,31186773,2,hrmv2_act_k8,0.24153372443560184
A,2,12,31234287,0,gnn,0.357233967967573
A,2,12,31234287,1,gnn,0.31228814799190624
A,2,12,31234287,2,gnn,0.3188831380606453
A,2,12,31234287,0,hrm_trace,0.40965603266323597
A,2,12,31234287,1,hrm_trace,0.42273851686634395
A,2,12,31234287,2,hrm_trace,0.39388933456400355
A,2,12,31234287,0,hrmv2_act,0.21277182467725866
A,2,12,31234287,1,hrmv2_act,0.12997026640851833
A,2,12,31234287,2,hrmv2_act,0.2043611538599882
A,2,12,31234287,0,mlp,0.3572799903612218
A,2,12,31234287,1,mlp,0.36283542207078473
A,2,12,31234287,2,mlp,0.3708109177573456
A,2,12,31234287,0,onlstm_trace,0.29058054687484325
A,2,12,31234287,1,onlstm_trace,0.30119143920881236
A,2,12,31234287,2,onlstm_trace,0.27001594736748774
A,2,12,31234287,0,unet_film,0.25899205173887696
A,2,12,31234287,1,unet_film,0.20587592825698334
A,2,12,31234287,2,unet_film,0.10540765318278328
A,2,12,31234287,0,hrmv2_act_k1,0.21317881636993874
A,2,12,31234287,1,hrmv2_act_k1,0.12181477613635616
A,2,12,31234287,2,hrmv2_act_k1,0.1967361601747085
A,2,12,31234287,0,hrmv2_act_k2,0.21898336584474842
A,2,12,31234287,1,hrmv2_act_k2,0.13116438738402858
A,2,12,31234287,2,hrmv2_act_k2,0.20326364885512754
A,2,12,31234287,0,hrmv2_act_k4,0.2164788111329228
A,2,12,31234287,1,hrmv2_act_k4,0.12878118445174128
A,2,12,31234287,2,hrmv2_act_k4,0.2055748783662349
A,2,12,31234287,0,hrmv2_act_k8,0.21277182467725866
A,2,12,31234287,1,hrmv2_act_k8,0.12997026640851833
A,2,12,31234287,2,hrmv2_act_k8,0.2043611538599882
A,2,13,31258044,0,gnn,0.32615135172291837
A,2,13,31258044,1,gnn,0.3310396599043396
A,2,13,31258044,2,gnn,0.3351816277004366
A,2,13,31258044,0,hrm_trace,0.4008193306209266
A,2,13,31258044,1,hrm_trace,0.41103245589286413
A,2,13,31258044,2,hrm_trace,0.399066571687636
A,2,13,31258044,0,hrmv2_act,0.1562471228393512
A,2,13,31258044,1,hrmv2_act,0.16617124311235884
A,2,13,31258044,2,hrmv2_act,0.17703746876488594
A,2,13,31258044,0,mlp,0.2926846065186669
A,2,13,31258044,1,mlp,0.27814182428035455
A,2,13,31258044,2,mlp,0.3179956044560401
A,2,13,31258044,0,onlstm_trace,0.25393253756375356
A,2,13,31258044,1,onlstm_trace,0.2235870780729615
A,2,13,31258044,2,onlstm_trace,0.2319900954313553
A,2,13,31258044,0,unet_film,0.44240971854062183
A,2,13,31258044,1,unet_film,0.41640552564589617
A,2,13,31258044,2,unet_film,0.21721318178873386
A,2,13,31258044,0,hrmv2_act_k1,0.1645677953752587
A,2,13,31258044,1,hrmv2_act_k1,0.16271294979102566
A,2,13,31258044,2,hrmv2_act_k1,0.18747828258518082
A,2,13,31258044,0,hrmv2_act_k2,0.15522834661187856
A,2,13,31258044,1,hrmv2_act_k2,0.16625713141664045
A,2,13,31258044,2,hrmv2_act_k2,0.1800776576293309
A,2,13,31258044,0,hrmv2_act_k4,0.1562056600590731
A,2,13,31258044,1,hrmv2_act_k4,0.16605573605989848
A,2,13,31258044,2,hrmv2_act_k4,0.1760716159688108
A,2,13,31258044,0,hrmv2_act_k8,0.1562471228393512
A,2,13,31258044,1,hrmv2_act_k8,0.16617124311235884
A,2,13,31258044,2,hrmv2_act_k8,0.17703746876488594
A,2,14,31281801,0,gnn,0.24995375479917623
A,2,14,31281801,1,gnn,0.22841023279774064
A,2,14,31281801,2,gnn,0.20927481972043166
A,2,14,31281801,0,hrm_trace,0.3707050573747746
A,2,14,31281801,1,hrm_trace,0.38476054441151214
A,2,14,31281801,2,hrm_trace,0.35064496038268483
A,2,14,31281801,0,hrmv2_act,0.41585471462861406
A,2,14,31281801,1,hrmv2_act,0.3466763544923779
A,2,14,31281801,2,hrmv2_act,0.33965005502092377
A,2,14,31281801,0,mlp,0.681163895414635
A,2,14,31281801,1,mlp,0.708504211625669
A,2,14,31281801,2,mlp,0.6114008777003295
A,2,14,31281801,0,onlstm_trace,0.6488194934694709
A,2,14,31281801,1,onlstm_trace,0.7968056561853905
A,2,14,31281801,2,onlstm_trace,0.6191778997768945
A,2,14,31281801,0,unet_film,0.2776870034130087
A,2,14,31281801,1,unet_film,0.3191429192497646
A,2,14,31281801,2,unet_film,0.30747159209536723
A,2,14,31281801,0,hrmv2_act_k1,0.4492829122711247
A,2,14,31281801,1,hrmv2_act_k1,0.3495750179387442
A,2,14,31281801,2,hrmv2_act_k1,0.3679140180574119
A,2,14,31281801,0,hrmv2_act_k2,0.4132653427140908
A,2,14,31281801,1,hrmv2_act_k2,0.34166741960374597
A,2,14,31281801,2,hrmv2_act_k2,0.34034080146724216
A,2,14,31281801,0,hrmv2_act_k4,0.4141361303344588
A,2,14,31281801,1,hrmv2_act_k4,0.34599031539438657
A,2,14,31281801,2,hrmv2_act_k4,0.339015873887886
A,2,14,31281801,0,hrmv2_act_k8,0.41585471462861406
A,2,14,31281801,1,hrmv2_act_k8,0.3466763544923779
A,2,14,31281801,2,hrmv2_act_k8,0.33965005502092377
A,2,15,31297639,0,gnn,0.5593562988890137
A,2,15,31297639,1,gnn,0.593071734404854
A,2,15,31297639,2,gnn,0.5824963100781059
A,2,15,31297639,0,hrm_trace,0.4797667570096892
A,2,15,31297639,1,hrm_trace,0.4925429685919452
A,2,15,31297639,2,hrm_trace,0.4911982600898283
A,2,15,31297639,0,hrmv2_act,0.5178837310605444
A,2,15,31297639,1,hrmv2_act,0.4341825335651815
A,2,15,31297639,2,hrmv2_act,0.5342902830665154
A,2,15,31297639,0,mlp,0.6424956152591375
A,2,15,31297639,1,mlp,0.6467578267425007
A,2,15,31297639,2,mlp,0.5505792193162881
A,2,15,31297639,0,onlstm_trace,0.32966703467666825
A,2,15,31297639,1,onlstm_trace,0.3022140988300571
A,2,15,31297639,2,onlstm_trace,0.3222122874875566
A,2,15,31297639,0,unet_film,0.48125559311805977
A,2,15,31297639,1,unet_film,0.350576596167157
A,2,15,31297639,2,unet_film,0.5414819899502152
A,2,15,31297639,0,hrmv2_act_k1,0.5191853333546658
A,2,15,31297639,1,hrmv2_act_k1,0.46271096925515437
A,2,15,31297639,2,hrmv2_act_k1,0.5539537344963791
A,2,15,31297639,0,hrmv2_act_k2,0.5215415306965312
A,2,15,31297639,1,hrmv2_act_k2,0.4371244974506592
A,2,15,31297639,2,hrmv2_act_k2,0.5369803542042828
A,2,15,31297639,0,hrmv2_act_k4,0.5187648440302319
A,2,15,31297639,1,hrmv2_act_k4,0.43139802656139575
A,2,15,31297639,2,hrmv2_act_k4,0.5349359369147261
A,2,15,31297639,0,hrmv2_act_k8,0.5178837310605444
A,2,15,31297639,1,hrmv2_act_k8,0.4341825335651815
A,2,15,31297639,2,hrmv2_act_k8,0.5342902830665154
A,2,16,31337234,0,gnn,0.34164821956148483
A,2,16,31337234,1,gnn,0.33391187801533967
A,2,16,31337234,2,gnn,0.32965030875034984
A,2,16,31337234,0,hrm_trace,0.3172915428837131
A,2,16,31337234,1,hrm_trace,0.32739318293447783
A,2,16,31337234,2,hrm_trace,0.32971865683874235
A,2,16,31337234,0,hrmv2_act,0.20246074541115652
A,2,16,31337234,1,hrmv2_act,0.19345507913758542
A,2,16,31337234,2,hrmv2_act,0.18590811224456394
A,2,16,31337234,0,mlp,0.5260656363723301
A,2,16,31337234,1,mlp,0.5910821672645801
A,2,16,31337234,2,mlp,0.5060334777158852
A,2,16,31337234,0,onlstm_trace,0.24145259236941938
A,2,16,31337234,1,onlstm_trace,0.38172024815267935
A,2,16,31337234,2,onlstm_trace,0.2440029056412986
A,2,16,31337234,0,unet_film,0.33918867045127654
A,2,16,31337234,1,unet_film,0.36074775684487964
A,2,16,31337234,2,unet_film,0.25438882808655155
A,2,16,31337234,0,hrmv2_act_k1,0.20910014763910523
A,2,16,31337234,1,hrmv2_act_k1,0.19510897317605258
A,2,16,31337234,2,hrmv2_act_k1,0.19385491589143738
A,2,16,31337234,0,hrmv2_act_k2,0.201995285711102
A,2,16,31337234,1,hrmv2_act_k2,0.19136546559954606
A,2,16,31337234,2,hrmv2_act_k2,0.18653635971847646
A,2,16,31337234,0,hrmv2_act_k4,0.20268757156626316
A,2,16,31337234,1,hrmv2_act_k4,0.19219256587923017
A,2,16,31337234,2,hrmv2_act_k4,0.18539594969231368
A,2,16,31337234,0,hrmv2_act_k8,0.20246074541115652
A,2,16,31337234,1,hrmv2_act_k8,0.19345507913758542
A,2,16,31337234,2,hrmv2_act_k8,0.18590811224456394
A,2,17,31368910,0,gnn,0.3629384421302409
A,2,17,31368910,1,gnn,0.36087028263728493
A,2,17,31368910,2,gnn,0.36333076866606
A,2,17,31368910,0,hrm_trace,0.46338972601993317
A,2,17,31368910,1,hrm_trace,0.45428755692274236
A,2,17,31368910,2,hrm_trace,0.47917932395781054
A,2,17,31368910,0,hrmv2_act,0.42928382198882026
A,2,17,31368910,1,hrmv2_act,0.4327358568933673
A,2,17,31368910,2,hrmv2_act,0.4792585119224768
A,2,17,31368910,0,mlp,0.22323570422670405
A,2,17,31368910,1,mlp,0.1940907614295373
A,2,17,31368910,2,mlp,0.23463346627366358
A,2,17,31368910,0,onlstm_trace,0.2979285792003339
A,2,17,31368910,1,onlstm_trace,0.21513905205594566
A,2,17,31368910,2,onlstm_trace,0.26626174722823814
A,2,17,31368910,0,unet_film,0.17133057843265553
A,2,17,31368910,1,unet_film,0.1545525349921544
A,2,17,31368910,2,unet_film,0.21228731177815463
A,2,17,31368910,0,hrmv2_act_k1,0.4461203098227807
A,2,17,31368910,1,hrmv2_act_k1,0.4498784695311709
A,2,17,31368910,2,hrmv2_act_k1,0.5020314536711581
A,2,17,31368910,0,hrmv2_act_k2,0.4374414749860341
A,2,17,31368910,1,hrmv2_act_k2,0.43395195154291555
A,2,17,31368910,2,hrmv2_act_k2,0.4793883498534143
A,2,17,31368910,0,hrmv2_act_k4,0.42972069497388793
A,2,17,31368910,1,hrmv2_act_k4,0.4310070843042807
A,2,17,31368910,2,hrmv2_act_k4,0.47896764107747103
A,2,17,31368910,0,hrmv2_act_k8,0.42928382198882026
A,2,17,31368910,1,hrmv2_act_k8,0.4327358568933673
A,2,17,31368910,2,hrmv2_act_k8,0.4792585119224768
A,2,18,31400586,0,gnn,0.44262162740968225
A,2,18,31400586,1,gnn,0.4128948032747707
A,2,18,31400586,2,gnn,0.4207855044408482
A,2,18,31400586,0,hrm_trace,0.35416588390645143
A,2,18,31400586,1,hrm_trace,0.3848764429160774
A,2,18,31400586,2,hrm_trace,0.31104927847868447
A,2,18,31400586,0,hrmv2_act,0.14169335488879156
A,2,18,31400586,1,hrmv2_act,0.12901919549047655
A,2,18,31400586,2,hrmv2_act,0.13445742602381897
A,2,18,31400586,0,mlp,0.24877553615758974
A,2,18,31400586,1,mlp,0.22992839422967343
A,2,18,31400586,2,mlp,0.23694116759410427
A,2,18,31400586,0,onlstm_trace,0.20142331170669917
A,2,18,31400586,1,onlstm_trace,0.2346178022733656
A,2,18,31400586,2,onlstm_trace,0.21578794719020428
A,2,18,31400586,0,unet_film,0.36728105433236574
A,2,18,31400586,1,unet_film,0.4371118225066514
A,2,18,31400586,2,unet_film,0.1914870485090394
A,2,18,31400586,0,hrmv2_act_k1,0.16483313024357868
A,2,18,31400586,1,hrmv2_act_k1,0.11338083453101216
A,2,18,31400586,2,hrmv2_act_k1,0.13408894065316423
A,2,18,31400586,0,hrmv2_act_k2,0.1467017532084287
A,2,18,31400586,1,hrmv2_act_k2,0.12999531273162862
A,2,18,31400586,2,hrmv2_act_k2,0.13533495956205488
A,2,18,31400586,0,hrmv2_act_k4,0.14064963029537494
A,2,18,31400586,1,hrmv2_act_k4,0.12989773387522474
A,2,18,31400586,2,hrmv2_act_k4,0.13411460664926703
A,2,18,31400586,0,hrmv2_act_k8,0.14169335488879156
A,2,18,31400586,1,hrmv2_act_k8,0.12901919549047655
A,2,18,31400586,2,hrmv2_act_k8,0.13445742602381897
A,2,19,31440181,0,gnn,0.3974993986973818
A,2,19,31440181,1,gnn,0.35593781982846867
A,2,19,31440181,2,gnn,0.3719949759115363
A,2,19,31440181,0,hrm_trace,0.31065641593489085
A,2,19,31440181,1,hrm_trace,0.33099125650470795
A,2,19,31440181,2,hrm_trace,0.2686479536891762
A,2,19,31440181,0,hrmv2_act,0.13270339993718527
A,2,19,31440181,1,hrmv2_act,0.20024369782572163
A,2,19,31440181,2,hrmv2_act,0.14992515898355688
A,2,19,31440181,0,mlp,0.21648058033752765
A,2,19,31440181,1,mlp,0.21907775955593348
A,2,19,31440181,2,mlp,0.24341787028919276
A,2,19,31440181,0,onlstm_trace,0.2183637160612396
A,2,19,31440181,1,onlstm_trace,0.2548748866932542
A,2,19,31440181,2,onlstm_trace,0.19056581404883827
A,2,19,31440181,0,unet_film,0.2562937012379366
A,2,19,31440181,1,unet_film,0.5875189445332527
A,2,19,31440181,2,unet_film,0.2742412358040591
A,2,19,31440181,0,hrmv2_act_k1,0.12880680444050283
A,2,19,31440181,1,hrmv2_act_k1,0.19617723937335038
A,2,19,31440181,2,hrmv2_act_k1,0.16179342849616418
A,2,19,31440181,0,hrmv2_act_k2,0.13490495987241802
A,2,19,31440181,1,hrmv2_act_k2,0.19925318914675647
A,2,19,31440181,2,hrmv2_act_k2,0.14834383936043966
A,2,19,31440181,0,hrmv2_act_k4,0.13259521402610425
A,2,19,31440181,1,hrmv2_act_k4,0.1999159177434935
A,2,19,31440181,2,hrmv2_act_k4,0.14997192655157188
A,2,19,31440181,0,hrmv2_act_k8,0.13270339993718527
A,2,19,31440181,1,hrmv2_act_k8,0.20024369782572163
A,2,19,31440181,2,hrmv2_act_k8,0.14992515898355688
A,2,20,31456019,0,gnn,1.040216071019522
A,2,20,31456019,1,gnn,1.0702808713890908
A,2,20,31456019,2,gnn,1.0631879865986578
A,2,20,31456019,0,hrm_trace,0.9812612888033875
A,2,20,31456019,1,hrm_trace,0.9762364178529788
A,2,20,31456019,2,hrm_trace,1.0401016725057532
A,2,20,31456019,0,hrmv2_act,0.5704786872850888
A,2,20,31456019,1,hrmv2_act,0.7311378919956498
A,2,20,31456019,2,hrmv2_act,0.6988195715358345
A,2,20,31456019,0,mlp,0.7753444109137402
A,2,20,31456019,1,mlp,0.7507617269094199
A,2,20,31456019,2,mlp,0.8311480493540855
A,2,20,31456019,0,onlstm_trace,0.6818257222707452
A,2,20,31456019,1,onlstm_trace,0.5203479409867726
A,2,20,31456019,2,onlstm_trace,0.6729549567265563
A,2,20,31456019,0,unet_film,0.9501009371070536
A,2,20,31456019,1,unet_film,0.9861300980842871
A,2,20,31456019,2,unet_film,1.1297954679792488
A,2,20,31456019,0,hrmv2_act_k1,0.505650406860667
A,2,20,31456019,1,hrmv2_act_k1,0.6965160643207327
A,2,20,31456019,2,hrmv2_act_k1,0.7503069910951761
A,2,20,31456019,0,hrmv2_act_k2,0.5516046251762815
A,2,20,31456019,1,hrmv2_act_k2,0.7269969732429609
A,2,20,31456019,2,hrmv2_act_k2,0.6999484810029982
A,2,20,31456019,0,hrmv2_act_k4,0.5652202280559113
A,2,20,31456019,1,hrmv2_act_k4,0.7294305825864812
A,2,20,31456019,2,hrmv2_act_k4,0.6997606046261181
A,2,20,31456019,0,hrmv2_act_k8,0.5704786872850888
A,2,20,31456019,1,hrmv2_act_k8,0.7311378919956498
A,2,20,31456019,2,hrmv2_act_k8,0.6988195715358345
A,2,21,31471857,0,gnn,0.27059237152560833
A,2,21,31471857,1,gnn,0.29673451959931363
A,2,21,31471857,2,gnn,0.2946603424874217
A,2,21,31471857,0,hrm_trace,0.4200788073128142
A,2,21,31471857,1,hrm_trace,0.42917274593608473
A,2,21,31471857,2,hrm_trace,0.4120152220155495
A,2,21,31471857,0,hrmv2_act,0.24457197393864824
A,2,21,31471857,1,hrmv2_act,0.2617790154681152
A,2,21,31471857,2,hrmv2_act,0.17766763131333185
A,2,21,31471857,0,mlp,0.2639688023405684
A,2,21,31471857,1,mlp,0.28614876973048764
A,2,21,31471857,2,mlp,0.3281313974261902
A,2,21,31471857,0,onlstm_trace,0.493623862274828
A,2,21,31471857,1,onlstm_trace,0.31501889091398294
A,2,21,31471857,2,onlstm_trace,0.38145746564804034
A,2,21,31471857,0,unet_film,0.23025956621116686
A,2,21,31471857,1,unet_film,0.254330461432309
A,2,21,31471857,2,unet_film,0.300384877715639
A,2,21,31471857,0,hrmv2_act_k1,0.27369864969582736
A,2,21,31471857,1,hrmv2_act_k1,0.2672942665519326
A,2,21,31471857,2,hrmv2_act_k1,0.19419570582602405
A,2,21,31471857,0,hrmv2_act_k2,0.25467284811394336
A,2,21,31471857,1,hrmv2_act_k2,0.2598555362909241
A,2,21,31471857,2,hrmv2_act_k2,0.178839242323232
A,2,21,31471857,0,hrmv2_act_k4,0.24672137344635026
A,2,21,31471857,1,hrmv2_act_k4,0.2604146326763656
A,2,21,31471857,2,hrmv2_act_k4,0.17634694412724716
A,2,21,31471857,0,hrmv2_act_k8,0.24457197393864824
A,2,21,31471857,1,hrmv2_act_k8,0.2617790154681152
A,2,21,31471857,2,hrmv2_act_k8,0.17766763131333185
A,2,22,31479776,0,gnn,0.5410781071966821
A,2,22,31479776,1,gnn,0.5363917681890381
A,2,22,31479776,2,gnn,0.5283892705414424
A,2,22,31479776,0,hrm_trace,0.3805602901495829
A,2,22,31479776,1,hrm_trace,0.41351528472532306
A,2,22,31479776,2,hrm_trace,0.3204734444316777
A,2,22,31479776,0,hrmv2_act,0.2630934046403134
A,2,22,31479776,1,hrmv2_act,0.2435339488421046
A,2,22,31479776,2,hrmv2_act,0.2121417941701156
A,2,22,31479776,0,mlp,0.32156108269142414
A,2,22,31479776,1,mlp,0.28974818263653
A,2,22,31479776,2,mlp,0.28728259443444754
A,2,22,31479776,0,onlstm_trace,0.2813928773281243
A,2,22,31479776,1,onlstm_trace,0.2954499493777441
A,2,22,31479776,2,onlstm_trace,0.2745558468259984
A,2,22,31479776,0,unet_film,0.35327880788987104
A,2,22,31479776,1,unet_film,0.4654952079043364
A,2,22,31479776,2,unet_film,0.2335863986050893
A,2,22,31479776,0,hrmv2_act_k1,0.26389085322248246
A,2,22,31479776,1,hrmv2_act_k1,0.23135037538428738
A,2,22,31479776,2,hrmv2_act_k1,0.21015150391419882
A,2,22,31479776,0,hrmv2_act_k2,0.26257849969638386
A,2,22,31479776,1,hrmv2_act_k2,0.23963242544382693
A,2,22,31479776,2,hrmv2_act_k2,0.21421218877288029
A,2,22,31479776,0,hrmv2_act_k4,0.26266104551031344
A,2,22,31479776,1,hrmv2_act_k4,0.24404898185853502
A,2,22,31479776,2,hrmv2_act_k4,0.21117880470860312
A,2,22,31479776,0,hrmv2_act_k8,0.2630934046403134
A,2,22,31479776,1,hrmv2_act_k8,0.2435339488421046
A,2,22,31479776,2,hrmv2_act_k8,0.2121417941701156
A,2,23,31503533,0,gnn,0.42685024374468294
A,2,23,31503533,1,gnn,0.39091353444498067
A,2,23,31503533,2,gnn,0.3977817875975269
A,2,23,31503533,0,hrm_trace,0.4548401791222777
A,2,23,31503533,1,hrm_trace,0.46180581169489404
A,2,23,31503533,2,hrm_trace,0.4353118665172833
A,2,23,31503533,0,hrmv2_act,0.29638959855338987
A,2,23,31503533,1,hrmv2_act,0.24232194691822115
A,2,23,31503533,2,hrmv2_act,0.27650345668127474
A,2,23,31503533,0,mlp,0.5339708290601631
A,2,23,31503533,1,mlp,0.5514489520150506
A,2,23,31503533,2,mlp,0.5449596403305422
A,2,23,31503533,0,onlstm_trace,0.37192844991142543
A,2,23,31503533,1,onlstm_trace,0.4032037278826672
A,2,23,31503533,2,onlstm_trace,0.3804403414912914
A,2,23,31503533,0,unet_film,0.22778251277050196
A,2,23,31503533,1,unet_film,0.3476333907271643
A,2,23,31503533,2,unet_film,0.19307829825922215
A,2,23,31503533,0,hrmv2_act_k1,0.3019438115258009
A,2,23,31503533,1,hrmv2_act_k1,0.24085701414382976
A,2,23,31503533,2,hrmv2_act_k1,0.2726224326537107
A,2,23,31503533,0,hrmv2_act_k2,0.2977421515984
A,2,23,31503533,1,hrmv2_act_k2,0.2465144850014803
A,2,23,31503533,2,hrmv2_act_k2,0.2747276204537842
A,2,23,31503533,0,hrmv2_act_k4,0.2959451369407999
A,2,23,31503533,1,hrmv2_act_k4,0.24327755835100084
A,2,23,31503533,2,hrmv2_act_k4,0.2763824653488646
A,2,23,31503533,0,hrmv2_act_k8,0.29638959855338987
A,2,23,31503533,1,hrmv2_act_k8,0.24232194691822115
A,2,23,31503533,2,hrmv2_act_k8,0.27650345668127474
A,2,24,31511452,0,gnn,0.6905568269179522
A,2,24,31511452,1,gnn,0.6330977219963186
A,2,24,31511452,2,gnn,0.6417222923688239
A,2,24,31511452,0,hrm_trace,0.7374629332589395
A,2,24,31511452,1,hrm_trace,0.7565203700210694
A,2,24,31511452,2,hrm_trace,0.6963946021529096
A,2,24,31511452,0,hrmv2_act,0.18929804784121795
A,2,24,31511452,1,hrmv2_act,0.16504852574227916
A,2,24,31511452,2,hrmv2_act,0.19095638784289726
A,2,24,31511452,0,mlp,0.4325693726069078
A,2,24,31511452,1,mlp,0.44835480570251424
A,2,24,31511452,2,mlp,0.386470947281049
A,2,24,31511452,0,onlstm_trace,0.27597024738078113
A,2,24,31511452,1,onlstm_trace,0.289644908896741
A,2,24,31511452,2,onlstm_trace,0.27148627166307915
A,2,24,31511452,0,unet_film,0.46312931486100545
A,2,24,31511452,1,unet_film,0.5020402169097671
A,2,24,31511452,2,unet_film,0.42814602409897085
A,2,24,31511452,0,hrmv2_act_k1,0.1931291672636838
A,2,24,31511452,1,hrmv2_act_k1,0.15279568214855072
A,2,24,31511452,2,hrmv2_act_k1,0.19893399271773815
A,2,24,31511452,0,hrmv2_act_k2,0.1896822761727028
A,2,24,31511452,1,hrmv2_act_k2,0.17053896698378024
A,2,24,31511452,2,hrmv2_act_k2,0.1913532322043427
A,2,24,31511452,0,hrmv2_act_k4,0.18987300053951603
A,2,24,31511452,1,hrmv2_act_k4,0.16951837158185387
A,2,24,31511452,2,hrmv2_act_k4,0.1917337378470056
A,2,24,31511452,0,hrmv2_act_k8,0.18929804784121795
A,2,24,31511452,1,hrmv2_act_k8,0.16504852574227916
A,2,24,31511452,2,hrmv2_act_k8,0.19095638784289726
A,4,0,61968443,0,gnn,0.5398799383335144
A,4,0,61968443,1,gnn,0.5411423229812103
A,4,0,61968443,2,gnn,0.565466889669942
A,4,0,61968443,0,hrm_trace,0.6001399147324592
A,4,0,61968443,1,hrm_trace,0.5711926525286242
A,4,0,61968443,2,hrm_trace,0.595916831919226
A,4,0,61968443,0,hrmv2_act,0.6375693950273892
A,4,0,61968443,1,hrmv2_act,0.6741261401986361
A,4,0,61968443,2,hrmv2_act,0.635755582709021
A,4,0,61968443,0,mlp,0.5252020778431324
A,4,0,61968443,1,mlp,0.6651679523332752
A,4,0,61968443,2,mlp,0.5517473053741146
A,4,0,61968443,0,onlstm_trace,0.4544182560342899
A,4,0,61968443,1,onlstm_trace,0.5619748890953157
A,4,0,61968443,2,onlstm_trace,0.2956656622075817
A,4,0,61968443,0,unet_film,0.5937413321771045
A,4,0,61968443,1,unet_film,0.5500786136300394
A,4,0,61968443,2,unet_film,0.5088927621400365
A,4,0,61968443,0,hrmv2_act_k1,0.617219959255009
A,4,0,61968443,1,hrmv2_act_k1,0.6559044500259671
A,4,0,61968443,2,hrmv2_act_k1,0.638864285230957
A,4,0,61968443,0,hrmv2_act_k2,0.6449850615132278
A,4,0,61968443,1,hrmv2_act_k2,0.6752298778918011
A,4,0,61968443,2,hrmv2_act_k2,0.6342415537010614
A,4,0,61968443,0,hrmv2_act_k4,0.6403403618772513
A,4,0,61968443,1,hrmv2_act_k4,0.6734730377508652
A,4,0,61968443,2,hrmv2_act_k4,0.6352778592839778
A,4,0,61968443,0,hrmv2_act_k8,0.6375693950273892
A,4,0,61968443,1,hrmv2_act_k8,0.6741261401986361
A,4,0,61968443,2,hrmv2_act_k8,0.635755582709021
A,4,1,61976362,0,gnn,0.49043338418776605
A,4,1,61976362,1,gnn,0.5631870928456453
A,4,1,61976362,2,gnn,0.47710211290979565
A,4,1,61976362,0,hrm_trace,0.6656135469877132
A,4,1,61976362,1,hrm_trace,0.7165499006741215
A,4,1,61976362,2,hrm_trace,0.6772232528875288
A,4,1,61976362,0,hrmv2_act,0.6778845177308591
A,4,1,61976362,1,hrmv2_act,0.24285930127527985
A,4,1,61976362,2,hrmv2_act,0.6610481588044667
A,4,1,61976362,0,mlp,0.8106016105723488
A,4,1,61976362,1,mlp,0.8831676058697868
A,4,1,61976362,2,mlp,0.7913865060531801
A,4,1,61976362,0,onlstm_trace,0.9539550154176122
A,4,1,61976362,1,onlstm_trace,0.8690008248130481
A,4,1,61976362,2,onlstm_trace,0.6641843342855129
A,4,1,61976362,0,unet_film,0.3369500875402732
A,4,1,61976362,1,unet_film,0.32873669562419333
A,4,1,61976362,2,unet_film,0.507909751952634
A,4,1,61976362,0,hrmv2_act_k1,0.698377745912621
A,4,1,61976362,1,hrmv2_act_k1,0.22306207675223683
A,4,1,61976362,2,hrmv2_act_k1,0.7298923285168742
A,4,1,61976362,0,hrmv2_act_k2,0.6761415423560715
A,4,1,61976362,1,hrmv2_act_k2,0.23873713883536934
A,4,1,61976362,2,hrmv2_act_k2,0.6685923043361252
A,4,1,61976362,0,hrmv2_act_k4,0.675205848191257
A,4,1,61976362,1,hrmv2_act_k4,0.24507608591110028
A,4,1,61976362,2,hrmv2_act_k4,0.6594440959685024
A,4,1,61976362,0,hrmv2_act_k8,0.6778845177308591
A,4,1,61976362,1,hrmv2_act_k8,0.24285930127527985
A,4,1,61976362,2,hrmv2_act_k8,0.6610481588044667
A,4,2,61992200,0,gnn,0.6440660220397573
A,4,2,61992200,1,gnn,0.6199411825038236
A,4,2,61992200,2,gnn,0.6580896398120324
A,4,2,61992200,0,hrm_trace,0.6267930018442686
A,4,2,61992200,1,hrm_trace,0.4467673348136275
A,4,2,61992200,2,hrm_trace,0.6146116268224255
A,4,2,61992200,0,hrmv2_act,0.8505614199229228
A,4,2,61992200,1,hrmv2_act,0.9183394759795892
A,4,2,61992200,2,hrmv2_act,0.7187696845321165
A,4,2,61992200,0,mlp,1.4698318911961585
A,4,2,61992200,1,mlp,1.4963609536682967
A,4,2,61992200,2,mlp,1.4913987283910974
A,4,2,61992200,0,onlstm_trace,0.7887653599315596
A,4,2,61992200,1,onlstm_trace,0.8012262089313644
A,4,2,61992200,2,onlstm_trace,1.1584404230555565
A,4,2,61992200,0,unet_film,0.35242234768959474
A,4,2,61992200,1,unet_film,0.8723476226407845
A,4,2,61992200,2,unet_film,0.9185690152703553
A,4,2,61992200,0,hrmv2_act_k1,0.855726200376489
A,4,2,61992200,1,hrmv2_act_k1,0.937185177384342
A,4,2,61992200,2,hrmv2_act_k1,0.7327929325475372
A,4,2,61992200,0,hrmv2_act_k2,0.8509011722982052
A,4,2,61992200,1,hrmv2_act_k2,0.917488013735355
A,4,2,61992200,2,hrmv2_act_k2,0.7168497182179074
A,4,2,61992200,0,hrmv2_act_k4,0.8516300868818363
A,4,2,61992200,1,hrmv2_act_k4,0.9179897080533974
A,4,2,61992200,2,hrmv2_act_k4,0.718682937851023
A,4,2,61992200,0,hrmv2_act_k8,0.8505614199229228
A,4,2,61992200,1,hrmv2_act_k8,0.9183394759795892
A,4,2,61992200,2,hrmv2_act_k8,0.7187696845321165
A,4,3,62023876,0,gnn,1.1558389852754807
A,4,3,62023876,1,gnn,1.0921175790150492
A,4,3,62023876,2,gnn,1.2364407018418226
A,4,3,62023876,0,hrm_trace,0.9593028465938434
A,4,3,62023876,1,hrm_trace,0.5995777959194523
A,4,3,62023876,2,hrm_trace,0.9353561007190125
A,4,3,62023876,0,hrmv2_act,0.789914495342767
A,4,3,62023876,1,hrmv2_act,0.8446091026758842
A,4,3,62023876,2,hrmv2_act,0.9396006076475873
A,4,3,62023876,0,mlp,0.8129498795322637
A,4,3,62023876,1,mlp,0.9439483089114773
A,4,3,62023876,2,mlp,0.7367483678002777
A,4,3,62023876,0,onlstm_trace,0.5916180015118145
A,4,3,62023876,1,onlstm_trace,0.606254439588366
A,4,3,62023876,2,onlstm_trace,1.170978938345211
A,4,3,62023876,0,unet_film,1.2450797027340026
A,4,3,62023876,1,unet_film,0.8728792300682292
A,4,3,62023876,2,unet_film,1.0250558449425078
A,4,3,62023876,0,hrmv2_act_k1,0.7942995551102225
A,4,3,62023876,1,hrmv2_act_k1,0.8797937745641735
A,4,3,62023876,2,hrmv2_act_k1,0.9428671070861161
A,4,3,62023876,0,hrmv2_act_k2,0.7914711959161761
A,4,3,62023876,1,hrmv2_act_k2,0.8459617511038303
A,4,3,62023876,2,hrmv2_act_k2,0.9351287989177914
A,4,3,62023876,0,hrmv2_act_k4,0.7884826815892784
A,4,3,62023876,1,hrmv2_act_k4,0.8429984347906807
A,4,3,62023876,2,hrmv2_act_k4,0.9358582450974767
A,4,3,62023876,0,hrmv2_act_k8,0.789914495342767
A,4,3,62023876,1,hrmv2_act_k8,0.8446091026758842
A,4,3,62023876,2,hrmv2_act_k8,0.9396006076475873
A,4,4,62031795,0,gnn,0.6983582031008516
A,4,4,62031795,1,gnn,0.644938112457303
A,4,4,62031795,2,gnn,0.7538391213643082
A,4,4,62031795,0,hrm_trace,0.6588323993298227
A,4,4,62031795,1,hrm_trace,0.7493356731685082
A,4,4,62031795,2,hrm_trace,0.6545272592764925
A,4,4,62031795,0,hrmv2_act,0.6495506625053745
A,4,4,62031795,1,hrmv2_act,0.6739233295853845
A,4,4,62031795,2,hrmv2_act,0.7820802578880383
A,4,4,62031795,0,mlp,1.3695196082752648
A,4,4,62031795,1,mlp,1.3745193949027457
A,4,4,62031795,2,mlp,1.3721454166750502
A,4,4,62031795,0,onlstm_trace,0.7469229058594689
A,4,4,62031795,1,onlstm_trace,0.6736168635410498
A,4,4,62031795,2,onlstm_trace,1.0729694618684402
A,4,4,62031795,0,unet_film,0.6072089587875565
A,4,4,62031795,1,unet_film,0.8778686120029457
A,4,4,62031795,2,unet_film,0.7885233503468022
A,4,4,62031795,0,hrmv2_act_k1,0.6358094176076824
A,4,4,62031795,1,hrmv2_act_k1,0.6406227076177644
A,4,4,62031795,2,hrmv2_act_k1,0.748824492820668
A,4,4,62031795,0,hrmv2_act_k2,0.6523236459442044
A,4,4,62031795,1,hrmv2_act_k2,0.6758137159834163
A,4,4,62031795,2,hrmv2_act_k2,0.7759204558658237
A,4,4,62031795,0,hrmv2_act_k4,0.6501770274246593
A,4,4,62031795,1,hrmv2_act_k4,0.6746513893961942
A,4,4,62031795,2,hrmv2_act_k4,0.7795873086608566
A,4,4,62031795,0,hrmv2_act_k8,0.6495506625053745
A,4,4,62031795,1,hrmv2_act_k8,0.6739233295853845
A,4,4,62031795,2,hrmv2_act_k8,0.7820802578880383
A,4,5,62047633,0,gnn,0.4187780479673306
A,4,5,62047633,1,gnn,0.4194703242277456
A,4,5,62047633,2,gnn,0.40283866831805343
A,4,5,62047633,0,hrm_trace,0.43361319228736217
A,4,5,62047633,1,hrm_trace,0.40112688927282747
A,4,5,62047633,2,hrm_trace,0.44917435589127874
A,4,5,62047633,0,hrmv2_act,0.35409903657544656
A,4,5,62047633,1,hrmv2_act,0.41337626081474627
A,4,5,62047633,2,hrmv2_act,0.3520502431115613
A,4,5,62047633,0,mlp,0.3425439696258795
A,4,5,62047633,1,mlp,0.3003026282482999
A,4,5,62047633,2,mlp,0.3769976662404415
A,4,5,62047633,0,onlstm_trace,0.7142566117308959
A,4,5,62047633,1,onlstm_trace,0.7879513506792896
A,4,5,62047633,2,onlstm_trace,0.2851327975940674
A,4,5,62047633,0,unet_film,0.2906990834603302
A,4,5,62047633,1,unet_film,0.2668806921807614
A,4,5,62047633,2,unet_film,0.3093118947810391
A,4,5,62047633,0,hrmv2_act_k1,0.34212712450584515
A,4,5,62047633,1,hrmv2_act_k1,0.38951466510210947
A,4,5,62047633,2,hrmv2_act_k1,0.34178265873127117
A,4,5,62047633,0,hrmv2_act_k2,0.3484623743609363
A,4,5,62047633,1,hrmv2_act_k2,0.4047774568334103
A,4,5,62047633,2,hrmv2_act_k2,0.3550264912538823
A,4,5,62047633,0,hrmv2_act_k4,0.3512977049049122
A,4,5,62047633,1,hrmv2_act_k4,0.41197262329312884
A,4,5,62047633,2,hrmv2_act_k4,0.3463571728764117
A,4,5,62047633,0,hrmv2_act_k8,0.35409903657544656
A,4,5,62047633,1,hrmv2_act_k8,0.41337626081474627
A,4,5,62047633,2,hrmv2_act_k8,0.3520502431115613
A,4,6,62055552,0,gnn,0.8742246761209984
A,4,6,62055552,1,gnn,0.9396568949779066
A,4,6,62055552,2,gnn,0.8216319299013434
A,4,6,62055552,0,hrm_trace,0.7273781491730332
A,4,6,62055552,1,hrm_trace,0.7809460186692292
A,4,6,62055552,2,hrm_trace,0.7042803140712623
A,4,6,62055552,0,hrmv2_act,0.6979277002520944
A,4,6,62055552,1,hrmv2_act,0.2935893172545006
A,4,6,62055552,2,hrmv2_act,0.3942910420310333
A,4,6,62055552,0,mlp,0.49347467654960764
A,4,6,62055552,1,mlp,0.5071593970664927
A,4,6,62055552,2,mlp,0.5007756857764074
A,4,6,62055552,0,onlstm_trace,0.5349428871959839
A,4,6,62055552,1,onlstm_trace,0.9138733224048183
A,4,6,62055552,2,onlstm_trace,0.28874205905495093
A,4,6,62055552,0,unet_film,0.8801635233486458
A,4,6,62055552,1,unet_film,0.5951383733576369
A,4,6,62055552,2,unet_film,0.5748710243556364
A,4,6,62055552,0,hrmv2_act_k1,0.6347824542959681
A,4,6,62055552,1,hrmv2_act_k1,0.3282192701654973
A,4,6,62055552,2,hrmv2_act_k1,0.3895755326019238
A,4,6,62055552,0,hrmv2_act_k2,0.6952744784994778
A,4,6,62055552,1,hrmv2_act_k2,0.2942590417452861
A,4,6,62055552,2,hrmv2_act_k2,0.3958505909222286
A,4,6,62055552,0,hrmv2_act_k4,0.6962761249059407
A,4,6,62055552,1,hrmv2_act_k4,0.28977066364493265
A,4,6,62055552,2,hrmv2_act_k4,0.3929496532393652
A,4,6,62055552,0,hrmv2_act_k8,0.6979277002520944
A,4,6,62055552,1,hrmv2_act_k8,0.2935893172545006
A,4,6,62055552,2,hrmv2_act_k8,0.3942910420310333
A,4,7,62095147,0,gnn,0.5534255682031228
A,4,7,62095147,1,gnn,0.593059525526778
A,4,7,62095147,2,gnn,0.5011180676732387
A,4,7,62095147,0,hrm_trace,0.7223539568971394
A,4,7,62095147,1,hrm_trace,0.6027244238026123
A,4,7,62095147,2,hrm_trace,0.7218546847452442
A,4,7,62095147,0,hrmv2_act,0.42429649710974154
A,4,7,62095147,1,hrmv2_act,0.40256378420900774
A,4,7,62095147,2,hrmv2_act,0.3292561744018404
A,4,7,62095147,0,mlp,0.6013790446187465
A,4,7,62095147,1,mlp,0.588943081296005
A,4,7,62095147,2,mlp,0.5645500884829839
A,4,7,62095147,0,onlstm_trace,0.3523872904959103
A,4,7,62095147,1,onlstm_trace,0.3617934229386287
A,4,7,62095147,2,onlstm_trace,0.5085674752079167
A,4,7,62095147,0,unet_film,0.3569204089235937
A,4,7,62095147,1,unet_film,0.48616798784849613
A,4,7,62095147,2,unet_film,0.566535838094276
A,4,7,62095147,0,hrmv2_act_k1,0.3913738962358487
A,4,7,62095147,1,hrmv2_act_k1,0.4113950568390645
A,4,7,62095147,2,hrmv2_act_k1,0.3159020216858373
A,4,7,62095147,0,hrmv2_act_k2,0.42169602282651997
A,4,7,62095147,1,hrmv2_act_k2,0.3974173445564899
A,4,7,62095147,2,hrmv2_act_k2,0.32451259664164106
A,4,7,62095147,0,hrmv2_act_k4,0.4275960910068539
A,4,7,62095147,1,hrmv2_act_k4,0.39902452440763764
A,4,7,62095147,2,hrmv2_act_k4,0.33175393092164873
A,4,7,62095147,0,hrmv2_act_k8,0.42429649710974154
A,4,7,62095147,1,hrmv2_act_k8,0.40256378420900774
A,4,7,62095147,2,hrmv2_act_k8,0.3292561744018404
A,4,8,62103066,0,gnn,0.5392004066979698
A,4,8,62103066,1,gnn,0.4696301612198522
A,4,8,62103066,2,gnn,0.5895981911838263
A,4,8,62103066,0,hrm_trace,0.5189580450966401
A,4,8,62103066,1,hrm_trace,0.47710507190926715
A,4,8,62103066,2,hrm_trace,0.5042929957358747
A,4,8,62103066,0,hrmv2_act,0.537855607065125
A,4,8,62103066,1,hrmv2_act,0.5506858909259613
A,4,8,62103066,2,hrmv2_act,0.4592197441453763
A,4,8,62103066,0,mlp,0.5048427275083976
A,4,8,62103066,1,mlp,0.486502240868403
A,4,8,62103066,2,mlp,0.46841957676656826
A,4,8,62103066,0,onlstm_trace,0.3416796832809469
A,4,8,62103066,1,onlstm_trace,0.4044923615030214
A,4,8,62103066,2,onlstm_trace,0.45562477140174984
A,4,8,62103066,0,unet_film,0.5312325283823255
A,4,8,62103066,1,unet_film,0.2871132407003055
A,4,8,62103066,2,unet_film,0.33528015709786513
A,4,8,62103066,0,hrmv2_act_k1,0.549712410635011
A,4,8,62103066,1,hrmv2_act_k1,0.5915941012380213
A,4,8,62103066,2,hrmv2_act_k1,0.46003171054544667
A,4,8,62103066,0,hrmv2_act_k2,0.5395445527501309
A,4,8,62103066,1,hrmv2_act_k2,0.5646147568913611
A,4,8,62103066,2,hrmv2_act_k2,0.46041765479832847
A,4,8,62103066,0,hrmv2_act_k4,0.5386976839159241
A,4,8,62103066,1,hrmv2_act_k4,0.552704073662619
A,4,8,62103066,2,hrmv2_act_k4,0.46050486942816937
A,4,8,62103066,0,hrmv2_act_k8,0.537855607065125
A,4,8,62103066,1,hrmv2_act_k8,0.5506858909259613
A,4,8,62103066,2,hrmv2_act_k8,0.4592197441453763
A,4,9,62142661,0,gnn,2.5158527403443736
A,4,9,62142661,1,gnn,2.428842865336697
A,4,9,62142661,2,gnn,2.591439434914726
A,4,9,62142661,0,hrm_trace,2.1493305579928506
A,4,9,62142661,1,hrm_trace,1.606945961269274
A,4,9,62142661,2,hrm_trace,2.0732077624905956
A,4,9,62142661,0,hrmv2_act,2.313923661912904
A,4,9,62142661,1,hrmv2_act,2.558614130179245
A,4,9,62142661,2,hrmv2_act,2.2224946426980496
A,4,9,62142661,0,mlp,2.020813438815699
A,4,9,62142661,1,mlp,1.8801218797005352
A,4,9,62142661,2,mlp,2.0122967599534887
A,4,9,62142661,0,onlstm_trace,2.7034080073519005
A,4,9,62142661,1,onlstm_trace,2.186995708491908
A,4,9,62142661,2,onlstm_trace,2.530064098136869
A,4,9,62142661,0,unet_film,2.669218718155472
A,4,9,62142661,1,unet_film,2.4153883039872013
A,4,9,62142661,2,unet_film,2.372400290570906
A,4,9,62142661,0,hrmv2_act_k1,2.307104660445772
A,4,9,62142661,1,hrmv2_act_k1,2.543640668408624
A,4,9,62142661,2,hrmv2_act_k1,2.2228245501460804
A,4,9,62142661,0,hrmv2_act_k2,2.312319652211442
A,4,9,62142661,1,hrmv2_act_k2,2.555675857448901
A,4,9,62142661,2,hrmv2_act_k2,2.2187095335217824
A,4,9,62142661,0,hrmv2_act_k4,2.311894631321344
A,4,9,62142661,1,hrmv2_act_k4,2.5572475650519957
A,4,9,62142661,2,hrmv2_act_k4,2.2206455576210273
A,4,9,62142661,0,hrmv2_act_k8,2.313923661912904
A,4,9,62142661,1,hrmv2_act_k8,2.558614130179245
A,4,9,62142661,2,hrmv2_act_k8,2.2224946426980496
A,4,10,62150580,0,gnn,0.6343535770984554
A,4,10,62150580,1,gnn,0.584646191777967
A,4,10,62150580,2,gnn,0.6756005520080959
A,4,10,62150580,0,hrm_trace,0.38507461013359173
A,4,10,62150580,1,hrm_trace,0.40816850915882696
A,4,10,62150580,2,hrm_trace,0.38780546742607375
A,4,10,62150580,0,hrmv2_act,0.44413329119960615
A,4,10,62150580,1,hrmv2_act,0.6287858806244699
A,4,10,62150580,2,hrmv2_act,0.5439731908176866
A,4,10,62150580,0,mlp,0.3464317434886322
A,4,10,62150580,1,mlp,0.35900786775278587
A,4,10,62150580,2,mlp,0.2883150977314148
A,4,10,62150580,0,onlstm_trace,0.29649652407134053
A,4,10,62150580,1,onlstm_trace,0.44636577977274583
A,4,10,62150580,2,onlstm_trace,0.3700551920450523
A,4,10,62150580,0,unet_film,0.4770537935367789
A,4,10,62150580,1,unet_film,0.5091283155265003
A,4,10,62150580,2,unet_film,0.7427067445438443
A,4,10,62150580,0,hrmv2_act_k1,0.4049477173941291
A,4,10,62150580,1,hrmv2_act_k1,0.5848552332126082
A,4,10,62150580,2,hrmv2_act_k1,0.5361359119806549
A,4,10,62150580,0,hrmv2_act_k2,0.4461719773046769
A,4,10,62150580,1,hrmv2_act_k2,0.6192113070632264
A,4,10,62150580,2,hrmv2_act_k2,0.5460983300651266
A,4,10,62150580,0,hrmv2_act_k4,0.4426858850984753
A,4,10,62150580,1,hrmv2_act_k4,0.6301948534406107
A,4,10,62150580,2,hrmv2_act_k4,0.5452092733358694
A,4,10,62150580,0,hrmv2_act_k8,0.44413329119960615
A,4,10,62150580,1,hrmv2_act_k8,0.6287858806244699
A,4,10,62150580,2,hrmv2_act_k8,0.5439731908176866
A,4,11,62221851,0,gnn,0.4242929527733438
A,4,11,62221851,1,gnn,0.40905406105329295
A,4,11,62221851,2,gnn,0.48367333968113485
A,4,11,62221851,0,hrm_trace,0.38717748904967997
A,4,11,62221851,1,hrm_trace,0.42744723270884
A,4,11,62221851,2,hrm_trace,0.3858396872329945
A,4,11,62221851,0,hrmv2_act,0.26058052331749315
A,4,11,62221851,1,hrmv2_act,0.30780180077724145
A,4,11,62221851,2,hrmv2_act,0.2763277540765325
A,4,11,62221851,0,mlp,0.6206498367400528
A,4,11,62221851,1,mlp,0.5313684776473689
A,4,11,62221851,2,mlp,0.5078246075503747
A,4,11,62221851,0,onlstm_trace,0.4865262288648119
A,4,11,62221851,1,onlstm_trace,0.34295877186026924
A,4,11,62221851,2,onlstm_trace,0.37685796259038884
A,4,11,62221851,0,unet_film,0.7546465221968586
A,4,11,62221851,1,unet_film,0.6021554306782465
A,4,11,62221851,2,unet_film,0.540543306478689
A,4,11,62221851,0,hrmv2_act_k1,0.2608705303724271
A,4,11,62221851,1,hrmv2_act_k1,0.2963447652074986
A,4,11,62221851,2,hrmv2_act_k1,0.293570249590292
A,4,11,62221851,0,hrmv2_act_k2,0.2594786786379896
A,4,11,62221851,1,hrmv2_act_k2,0.30707543129966636
A,4,11,62221851,2,hrmv2_act_k2,0.2786263188953366
A,4,11,62221851,0,hrmv2_act_k4,0.26113613643639627
A,4,11,62221851,1,hrmv2_act_k4,0.31092758677998306
A,4,11,62221851,2,hrmv2_act_k4,0.2756380505116265
A,4,11,62221851,0,hrmv2_act_k8,0.26058052331749315
A,4,11,62221851,1,hrmv2_act_k8,0.30780180077724145
A,4,11,62221851,2,hrmv2_act_k8,0.2763277540765325
A,4,12,62245608,0,gnn,1.0233009075632096
A,4,12,62245608,1,gnn,1.0760723914438775
A,4,12,62245608,2,gnn,0.9154619018736146
A,4,12,62245608,0,hrm_trace,0.7907801589078967
A,4,12,62245608,1,hrm_trace,0.7706075171389581
A,4,12,62245608,2,hrm_trace,0.7888012569643412
A,4,12,62245608,0,hrmv2_act,0.4217238643207818
A,4,12,62245608,1,hrmv2_act,0.44035138185435857
A,4,12,62245608,2,hrmv2_act,0.4163703302671945
A,4,12,62245608,0,mlp,0.4633561597195858
A,4,12,62245608,1,mlp,0.47538980206053694
A,4,12,62245608,2,mlp,0.44587023659635827
A,4,12,62245608,0,onlstm_trace,0.39215237987504414
A,4,12,62245608,1,onlstm_trace,0.4179912230892646
A,4,12,62245608,2,onlstm_trace,0.3123136520948252
A,4,12,62245608,0,unet_film,0.6086497216538708
A,4,12,62245608,1,unet_film,0.8583141426635176
A,4,12,62245608,2,unet_film,0.6352686822710212
A,4,12,62245608,0,hrmv2_act_k1,0.4426258345744722
A,4,12,62245608,1,hrmv2_act_k1,0.3763996030893884
A,4,12,62245608,2,hrmv2_act_k1,0.46337806217728383
A,4,12,62245608,0,hrmv2_act_k2,0.4009373692955972
A,4,12,62245608,1,hrmv2_act_k2,0.420139673171491
A,4,12,62245608,2,hrmv2_act_k2,0.4360272107579653
A,4,12,62245608,0,hrmv2_act_k4,0.4262672608421186
A,4,12,62245608,1,hrmv2_act_k4,0.43642508602691465
A,4,12,62245608,2,hrmv2_act_k4,0.43141296093536285
A,4,12,62245608,0,hrmv2_act_k8,0.4217238643207818
A,4,12,62245608,1,hrmv2_act_k8,0.44035138185435857
A,4,12,62245608,2,hrmv2_act_k8,0.4163703302671945
A,4,13,62253527,0,gnn,0.3025577384228073
A,4,13,62253527,1,gnn,0.2750526116327772
A,4,13,62253527,2,gnn,0.29906348686540424
A,4,13,62253527,0,hrm_trace,0.3330519875206574
A,4,13,62253527,1,hrm_trace,0.349631710836953
A,4,13,62253527,2,hrm_trace,0.3158355197614162
A,4,13,62253527,0,hrmv2_act,1.0906458203345852
A,4,13,62253527,1,hrmv2_act,1.055738939393597
A,4,13,62253527,2,hrmv2_act,1.0559094260708217
A,4,13,62253527,0,mlp,0.6964628082642027
A,4,13,62253527,1,mlp,0.6835794730517312
A,4,13,62253527,2,mlp,0.694599403429114
A,4,13,62253527,0,onlstm_trace,0.9553718690277209
A,4,13,62253527,1,onlstm_trace,1.1527948547760138
A,4,13,62253527,2,onlstm_trace,0.680086982500595
A,4,13,62253527,0,unet_film,0.19307744155868925
A,4,13,62253527,1,unet_film,0.20021479817425228
A,4,13,62253527,2,unet_film,0.22525684919548677
A,4,13,62253527,0,hrmv2_act_k1,1.100934517053344
A,4,13,62253527,1,hrmv2_act_k1,1.0171319867920023
A,4,13,62253527,2,hrmv2_act_k1,1.0285537140175218
A,4,13,62253527,0,hrmv2_act_k2,1.0914378215923952
A,4,13,62253527,1,hrmv2_act_k2,1.048991348122204
A,4,13,62253527,2,hrmv2_act_k2,1.0564500337761729
A,4,13,62253527,0,hrmv2_act_k4,1.0904339000947862
A,4,13,62253527,1,hrmv2_act_k4,1.0563638867801353
A,4,13,62253527,2,hrmv2_act_k4,1.0559025122066028
A,4,13,62253527,0,hrmv2_act_k8,1.0906458203345852
A,4,13,62253527,1,hrmv2_act_k8,1.055738939393597
A,4,13,62253527,2,hrmv2_act_k8,1.0559094260708217
A,4,14,62261446,0,gnn,0.41165041396295987
A,4,14,62261446,1,gnn,0.4749349611821671
A,4,14,62261446,2,gnn,0.3634012416391447
A,4,14,62261446,0,hrm_trace,0.42703066135026957
A,4,14,62261446,1,hrm_trace,0.41812002373762563
A,4,14,62261446,2,hrm_trace,0.428987445755731
A,4,14,62261446,0,hrmv2_act,0.4539511902497763
A,4,14,62261446,1,hrmv2_act,0.6979828204577193
A,4,14,62261446,2,hrmv2_act,0.5029296284205919
A,4,14,62261446,0,mlp,0.3687068636109411
A,4,14,62261446,1,mlp,0.34148815112004205
A,4,14,62261446,2,mlp,0.4253588398128939
A,4,14,62261446,0,onlstm_trace,0.6846901146652409
A,4,14,62261446,1,onlstm_trace,0.8263958944439838
A,4,14,62261446,2,onlstm_trace,0.4351336154875053
A,4,14,62261446,0,unet_film,0.46151729926006535
A,4,14,62261446,1,unet_film,0.5715861869058031
A,4,14,62261446,2,unet_film,0.5298331089754115
A,4,14,62261446,0,hrmv2_act_k1,0.45700623233289395
A,4,14,62261446,1,hrmv2_act_k1,0.6589757388330386
A,4,14,62261446,2,hrmv2_act_k1,0.5257356353090842
A,4,14,62261446,0,hrmv2_act_k2,0.4509966585969239
A,4,14,62261446,1,hrmv2_act_k2,0.6923539955207773
A,4,14,62261446,2,hrmv2_act_k2,0.5016935503278984
A,4,14,62261446,0,hrmv2_act_k4,0.4532338867365421
A,4,14,62261446,1,hrmv2_act_k4,0.6988226055042915
A,4,14,62261446,2,hrmv2_act_k4,0.4989169556265402
A,4,14,62261446,0,hrmv2_act_k8,0.4539511902497763
A,4,14,62261446,1,hrmv2_act_k8,0.6979828204577193
A,4,14,62261446,2,hrmv2_act_k8,0.5029296284205919
A,4,15,62277284,0,gnn,0.37433942076227933
A,4,15,62277284,1,gnn,0.3597683077347444
A,4,15,62277284,2,gnn,0.3871723671250014
A,4,15,62277284,0,hrm_trace,0.3854679173481241
A,4,15,62277284,1,hrm_trace,0.3299087558817665
A,4,15,62277284,2,hrm_trace,0.3817397888838261
A,4,15,62277284,0,hrmv2_act,0.2869427328936368
A,4,15,62277284,1,hrmv2_act,0.30613296865637313
A,4,15,62277284,2,hrmv2_act,0.23504657482323113
A,4,15,62277284,0,mlp,0.32131208574664455
A,4,15,62277284,1,mlp,0.3399913070822171
A,4,15,62277284,2,mlp,0.3186765375078464
A,4,15,62277284,0,onlstm_trace,0.3638342672959637
A,4,15,62277284,1,onlstm_trace,0.3878807819579731
A,4,15,62277284,2,onlstm_trace,0.33808856934204046
A,4,15,62277284,0,unet_film,0.2118420360727987
A,4,15,62277284,1,unet_film,0.2153256905152323
A,4,15,62277284,2,unet_film,0.2099724982846786
A,4,15,62277284,0,hrmv2_act_k1,0.29303554445121166
A,4,15,62277284,1,hrmv2_act_k1,0.31084215278449157
A,4,15,62277284,2,hrmv2_act_k1,0.23400167520294168
A,4,15,62277284,0,hrmv2_act_k2,0.2910550559415265
A,4,15,62277284,1,hrmv2_act_k2,0.3035294630839183
A,4,15,62277284,2,hrmv2_act_k2,0.23678662646572765
A,4,15,62277284,0,hrmv2_act_k4,0.2828909134131353
A,4,15,62277284,1,hrmv2_act_k4,0.3051848710394936
A,4,15,62277284,2,hrmv2_act_k4,0.23439850828660683
A,4,15,62277284,0,hrmv2_act_k8,0.2869427328936368
A,4,15,62277284,1,hrmv2_act_k8,0.30613296865637313
A,4,15,62277284,2,hrmv2_act_k8,0.23504657482323113
A,4,16,62285203,0,gnn,0.6013833216655854
A,4,16,62285203,1,gnn,0.6597601394833542
A,4,16,62285203,2,gnn,0.5285131401541131
A,4,16,62285203,0,hrm_trace,0.518478402788065
A,4,16,62285203,1,hrm_trace,0.4433062315992588
A,4,16,62285203,2,hrm_trace,0.5181665046572383
A,4,16,62285203,0,hrmv2_act,0.20211873782816112
A,4,16,62285203,1,hrmv2_act,0.19533825879023586
A,4,16,62285203,2,hrmv2_act,0.18239491534451296
A,4,16,62285203,0,mlp,0.2935670759049681
A,4,16,62285203,1,mlp,0.2694809713883598
A,4,16,62285203,2,mlp,0.24073607312775802
A,4,16,62285203,0,onlstm_trace,0.5215296482829963
A,4,16,62285203,1,onlstm_trace,0.6259319480324103
A,4,16,62285203,2,onlstm_trace,0.36815724830607216
A,4,16,62285203,0,unet_film,0.3161313582864208
A,4,16,62285203,1,unet_film,0.19968738651163534
A,4,16,62285203,2,unet_film,0.2888733270004375
A,4,16,62285203,0,hrmv2_act_k1,0.18010546647886458
A,4,16,62285203,1,hrmv2_act_k1,0.20265782819722586
A,4,16,62285203,2,hrmv2_act_k1,0.17954518280416373
A,4,16,62285203,0,hrmv2_act_k2,0.20067371452831978
A,4,16,62285203,1,hrmv2_act_k2,0.1975850122951345
A,4,16,62285203,2,hrmv2_act_k2,0.1844890612840273
A,4,16,62285203,0,hrmv2_act_k4,0.19965105638233
A,4,16,62285203,1,hrmv2_act_k4,0.19531321745775926
A,4,16,62285203,2,hrmv2_act_k4,0.18094153000083205
A,4,16,62285203,0,hrmv2_act_k8,0.20211873782816112
A,4,16,62285203,1,hrmv2_act_k8,0.19533825879023586
A,4,16,62285203,2,hrmv2_act_k8,0.18239491534451296
A,4,17,62308960,0,gnn,0.3093896032937203
A,4,17,62308960,1,gnn,0.3141189409448412
A,4,17,62308960,2,gnn,0.32686323379558524
A,4,17,62308960,0,hrm_trace,0.3870841958191695
A,4,17,62308960,1,hrm_trace,0.30774144780832674
A,4,17,62308960,2,hrm_trace,0.3646546145247726
A,4,17,62308960,0,hrmv2_act,0.46302754126305906
A,4,17,62308960,1,hrmv2_act,0.3112541173338854
A,4,17,62308960,2,hrmv2_act,0.3075516364076198
A,4,17,62308960,0,mlp,0.4442697025575487
A,4,17,62308960,1,mlp,0.486681002200978
A,4,17,62308960,2,mlp,0.4663361884701049
A,4,17,62308960,0,onlstm_trace,0.5507615861467554
A,4,17,62308960,1,onlstm_trace,0.4512900366448342
A,4,17,62308960,2,onlstm_trace,0.36303846425664765
A,4,17,62308960,0,unet_film,0.32214011002692106
A,4,17,62308960,1,unet_film,0.3257138170438182
A,4,17,62308960,2,unet_film,0.19024605519552953
A,4,17,62308960,0,hrmv2_act_k1,0.4251012878322859
A,4,17,62308960,1,hrmv2_act_k1,0.2982074253739005
A,4,17,62308960,2,hrmv2_act_k1,0.28458975486424176
A,4,17,62308960,0,hrmv2_act_k2,0.4542042345406349
A,4,17,62308960,1,hrmv2_act_k2,0.3091041101355291
A,4,17,62308960,2,hrmv2_act_k2,0.3053468153046874
A,4,17,62308960,0,hrmv2_act_k4,0.4599952346404013
A,4,17,62308960,1,hrmv2_act_k4,0.31134393617268596
A,4,17,62308960,2,hrmv2_act_k4,0.3092272744523193
A,4,17,62308960,0,hrmv2_act_k8,0.46302754126305906
A,4,17,62308960,1,hrmv2_act_k8,0.3112541173338854
A,4,17,62308960,2,hrmv2_act_k8,0.3075516364076198
A,4,18,62324798,0,gnn,0.8201007294223853
A,4,18,62324798,1,gnn,0.7898476442754784
A,4,18,62324798,2,gnn,0.8879126831420826
A,4,18,62324798,0,hrm_trace,0.8694793507852364
A,4,18,62324798,1,hrm_trace,0.8690707080239864
A,4,18,62324798,2,hrm_trace,0.8691135427945632
A,4,18,62324798,0,hrmv2_act,1.4443834217386604
A,4,18,62324798,1,hrmv2_act,1.5738465061330267
A,4,18,62324798,2,hrmv2_act,1.299689476494091
A,4,18,62324798,0,mlp,0.6069356456184536
A,4,18,62324798,1,mlp,0.6536103325423066
A,4,18,62324798,2,mlp,0.6040631899996266
A,4,18,62324798,0,onlstm_trace,0.474217302498545
A,4,18,62324798,1,onlstm_trace,0.579631509510889
A,4,18,62324798,2,onlstm_trace,0.8405628501556037
A,4,18,62324798,0,unet_film,0.9025465643392002
A,4,18,62324798,1,unet_film,0.7947762858418107
A,4,18,62324798,2,unet_film,0.6948536421777715
A,4,18,62324798,0,hrmv2_act_k1,1.4531700758367663
A,4,18,62324798,1,hrmv2_act_k1,1.5648102696220445
A,4,18,62324798,2,hrmv2_act_k1,1.2641704738887627
A,4,18,62324798,0,hrmv2_act_k2,1.4559603903675358
A,4,18,62324798,1,hrmv2_act_k2,1.5676084194183229
A,4,18,62324798,2,hrmv2_act_k2,1.3007151838048245
A,4,18,62324798,0,hrmv2_act_k4,1.4519966694841975
A,4,18,62324798,1,hrmv2_act_k4,1.5716174627227633
A,4,18,62324798,2,hrmv2_act_k4,1.298699610524942
A,4,18,62324798,0,hrmv2_act_k8,1.4443834217386604
A,4,18,62324798,1,hrmv2_act_k8,1.5738465061330267
A,4,18,62324798,2,hrmv2_act_k8,1.299689476494091
A,4,19,62372312,0,gnn,0.6092759526632591
A,4,19,62372312,1,gnn,0.5760532465518672
A,4,19,62372312,2,gnn,0.6824406458679805
A,4,19,62372312,0,hrm_trace,0.5310658202541036
A,4,19,62372312,1,hrm_trace,0.43911213746927985
A,4,19,62372312,2,hrm_trace,0.49241481753484806
A,4,19,62372312,0,hrmv2_act,0.38681445921487057
A,4,19,62372312,1,hrmv2_act,0.618586982612484
A,4,19,62372312,2,hrmv2_act,0.5060513944860274
A,4,19,62372312,0,mlp,0.8025045854548724
A,4,19,62372312,1,mlp,0.827231840621019
A,4,19,62372312,2,mlp,0.7126799465264531
A,4,19,62372312,0,onlstm_trace,0.5215349985833921
A,4,19,62372312,1,onlstm_trace,0.650131304197405
A,4,19,62372312,2,onlstm_trace,0.8012050616422883
A,4,19,62372312,0,unet_film,0.5490816777670099
A,4,19,62372312,1,unet_film,0.7153267726124671
A,4,19,62372312,2,unet_film,0.6230523014325392
A,4,19,62372312,0,hrmv2_act_k1,0.3896284464456067
A,4,19,62372312,1,hrmv2_act_k1,0.6123391418873766
A,4,19,62372312,2,hrmv2_act_k1,0.5194508187740816
A,4,19,62372312,0,hrmv2_act_k2,0.38933836758610546
A,4,19,62372312,1,hrmv2_act_k2,0.6187128151192397
A,4,19,62372312,2,hrmv2_act_k2,0.5064725610315607
A,4,19,62372312,0,hrmv2_act_k4,0.386326340003993
A,4,19,62372312,1,hrmv2_act_k4,0.6204537324547468
A,4,19,62372312,2,hrmv2_act_k4,0.5061152550242066
A,4,19,62372312,0,hrmv2_act_k8,0.38681445921487057
A,4,19,62372312,1,hrmv2_act_k8,0.618586982612484
A,4,19,62372312,2,hrmv2_act_k8,0.5060513944860274
A,4,20,62403988,0,gnn,0.4870646352394474
A,4,20,62403988,1,gnn,0.5659464545937576
A,4,20,62403988,2,gnn,0.44029135558243515
A,4,20,62403988,0,hrm_trace,0.5093731931881105
A,4,20,62403988,1,hrm_trace,0.4778529462948542
A,4,20,62403988,2,hrm_trace,0.5007522372015267
A,4,20,62403988,0,hrmv2_act,0.584179947615286
A,4,20,62403988,1,hrmv2_act,0.32861896507717586
A,4,20,62403988,2,hrmv2_act,0.364641444123172
A,4,20,62403988,0,mlp,0.6053610600854559
A,4,20,62403988,1,mlp,0.5785437039328096
A,4,20,62403988,2,mlp,0.6314152261600608
A,4,20,62403988,0,onlstm_trace,0.8833102209415488
A,4,20,62403988,1,onlstm_trace,1.1574204166740671
A,4,20,62403988,2,onlstm_trace,0.5124605844742414
A,4,20,62403988,0,unet_film,0.2777770042560295
A,4,20,62403988,1,unet_film,0.3434974184869413
A,4,20,62403988,2,unet_film,0.2587909551068398
A,4,20,62403988,0,hrmv2_act_k1,0.6267448122000558
A,4,20,62403988,1,hrmv2_act_k1,0.29750441784974896
A,4,20,62403988,2,hrmv2_act_k1,0.42017703383736815
A,4,20,62403988,0,hrmv2_act_k2,0.5868727442789288
A,4,20,62403988,1,hrmv2_act_k2,0.3245987320966741
A,4,20,62403988,2,hrmv2_act_k2,0.35881774677916756
A,4,20,62403988,0,hrmv2_act_k4,0.5854870915529568
A,4,20,62403988,1,hrmv2_act_k4,0.3254882426588235
A,4,20,62403988,2,hrmv2_act_k4,0.3626505262714453
A,4,20,62403988,0,hrmv2_act_k8,0.584179947615286
A,4,20,62403988,1,hrmv2_act_k8,0.32861896507717586
A,4,20,62403988,2,hrmv2_act_k8,0.364641444123172
A,4,21,62419826,0,gnn,0.668452053597738
A,4,21,62419826,1,gnn,0.7405771637712779
A,4,21,62419826,2,gnn,0.6225273868786254
A,4,21,62419826,0,hrm_trace,0.7594061486019439
A,4,21,62419826,1,hrm_trace,0.5519467650428259
A,4,21,62419826,2,hrm_trace,0.7679780361079553
A,4,21,62419826,0,hrmv2_act,0.3071085715031842
A,4,21,62419826,1,hrmv2_act,0.3006257575593131
A,4,21,62419826,2,hrmv2_act,0.35758420408158664
A,4,21,62419826,0,mlp,0.6675910924699314
A,4,21,62419826,1,mlp,0.5408774587456592
A,4,21,62419826,2,mlp,0.5539495778250412
A,4,21,62419826,0,onlstm_trace,0.3214050015686941
A,4,21,62419826,1,onlstm_trace,0.4857064995507894
A,4,21,62419826,2,onlstm_trace,0.2400544524158035
A,4,21,62419826,0,unet_film,0.6076396690704445
A,4,21,62419826,1,unet_film,0.6313274472016375
A,4,21,62419826,2,unet_film,0.45856066210320306
A,4,21,62419826,0,hrmv2_act_k1,0.3110016315519098
A,4,21,62419826,1,hrmv2_act_k1,0.2886707480346678
A,4,21,62419826,2,hrmv2_act_k1,0.3425110878854495
A,4,21,62419826,0,hrmv2_act_k2,0.3136801846441421
A,4,21,62419826,1,hrmv2_act_k2,0.3035815300062846
A,4,21,62419826,2,hrmv2_act_k2,0.3506855323547084
A,4,21,62419826,0,hrmv2_act_k4,0.3065876974583804
A,4,21,62419826,1,hrmv2_act_k4,0.30271699915535266
A,4,21,62419826,2,hrmv2_act_k4,0.35848484483879534
A,4,21,62419826,0,hrmv2_act_k8,0.3071085715031842
A,4,21,62419826,1,hrmv2_act_k8,0.3006257575593131
A,4,21,62419826,2,hrmv2_act_k8,0.35758420408158664
A,4,22,62435664,0,gnn,0.47804335183071145
A,4,22,62435664,1,gnn,0.5461856181103388
A,4,22,62435664,2,gnn,0.43201361017706846
A,4,22,62435664,0,hrm_trace,0.5089474005511652
A,4,22,62435664,1,hrm_trace,0.4469773058609711
A,4,22,62435664,2,hrm_trace,0.4956398319461715
A,4,22,62435664,0,hrmv2_act,0.5754521655386464
A,4,22,62435664,1,hrmv2_act,0.5240298000468769
A,4,22,62435664,2,hrmv2_act,0.5132984399198433
A,4,22,62435664,0,mlp,0.7434265255485932
A,4,22,62435664,1,mlp,0.726306840130486
A,4,22,62435664,2,mlp,0.7172445158460878
A,4,22,62435664,0,onlstm_trace,0.576839212195826
A,4,22,62435664,1,onlstm_trace,0.6584830630230836
A,4,22,62435664,2,onlstm_trace,0.43971496615151434
A,4,22,62435664,0,unet_film,0.22851389422337062
A,4,22,62435664,1,unet_film,0.3915278735793754
A,4,22,62435664,2,unet_film,0.3658478660917747
A,4,22,62435664,0,hrmv2_act_k1,0.5749423148165281
A,4,22,62435664,1,hrmv2_act_k1,0.5056680325311368
A,4,22,62435664,2,hrmv2_act_k1,0.5236328433298656
A,4,22,62435664,0,hrmv2_act_k2,0.5866649943502826
A,4,22,62435664,1,hrmv2_act_k2,0.5269247439729016
A,4,22,62435664,2,hrmv2_act_k2,0.5178828674001014
A,4,22,62435664,0,hrmv2_act_k4,0.5779524317998558
A,4,22,62435664,1,hrmv2_act_k4,0.5218912007885793
A,4,22,62435664,2,hrmv2_act_k4,0.5105445427871943
A,4,22,62435664,0,hrmv2_act_k8,0.5754521655386464
A,4,22,62435664,1,hrmv2_act_k8,0.5240298000468769
A,4,22,62435664,2,hrmv2_act_k8,0.5132984399198433
A,4,23,62443583,0,gnn,0.7140168512479314
A,4,23,62443583,1,gnn,0.7734257204313607
A,4,23,62443583,2,gnn,0.6461059919515764
A,4,23,62443583,0,hrm_trace,0.5550651711585237
A,4,23,62443583,1,hrm_trace,0.7306751874464981
A,4,23,62443583,2,hrm_trace,0.5647080401592663
A,4,23,62443583,0,hrmv2_act,1.193978136693845
A,4,23,62443583,1,hrmv2_act,0.6376921212068377
A,4,23,62443583,2,hrmv2_act,0.542451070752271
A,4,23,62443583,0,mlp,1.0289162882856269
A,4,23,62443583,1,mlp,1.0209629464026142
A,4,23,62443583,2,mlp,1.0105729791224163
A,4,23,62443583,0,onlstm_trace,1.255906994834151
A,4,23,62443583,1,onlstm_trace,1.3867218432886845
A,4,23,62443583,2,onlstm_trace,0.938561897719209
A,4,23,62443583,0,unet_film,0.6616910745824772
A,4,23,62443583,1,unet_film,1.0553522637615838
A,4,23,62443583,2,unet_film,0.9654706714522316
A,4,23,62443583,0,hrmv2_act_k1,1.1335392883021482
A,4,23,62443583,1,hrmv2_act_k1,0.6524797680921719
A,4,23,62443583,2,hrmv2_act_k1,0.5551237639915922
A,4,23,62443583,0,hrmv2_act_k2,1.207504510257919
A,4,23,62443583,1,hrmv2_act_k2,0.6320879228697949
A,4,23,62443583,2,hrmv2_act_k2,0.5519386798201666
A,4,23,62443583,0,hrmv2_act_k4,1.1960493042930123
A,4,23,62443583,1,hrmv2_act_k4,0.6331794167838721
A,4,23,62443583,2,hrmv2_act_k4,0.5402553973682467
A,4,23,62443583,0,hrmv2_act_k8,1.193978136693845
A,4,23,62443583,1,hrmv2_act_k8,0.6376921212068377
A,4,23,62443583,2,hrmv2_act_k8,0.542451070752271
A,4,24,62459421,0,gnn,0.45582266223517964
A,4,24,62459421,1,gnn,0.5194978162230929
A,4,24,62459421,2,gnn,0.44866085956688206
A,4,24,62459421,0,hrm_trace,0.4582387438770708
A,4,24,62459421,1,hrm_trace,0.39596767549946543
A,4,24,62459421,2,hrm_trace,0.4464497444720054
A,4,24,62459421,0,hrmv2_act,0.5346098383905923
A,4,24,62459421,1,hrmv2_act,0.6926296978751888
A,4,24,62459421,2,hrmv2_act,0.5179609477610597
A,4,24,62459421,0,mlp,0.5373906920344956
A,4,24,62459421,1,mlp,0.5355701444769932
A,4,24,62459421,2,mlp,0.5257439463573809
A,4,24,62459421,0,onlstm_trace,0.6232862405222174
A,4,24,62459421,1,onlstm_trace,0.5701565968994303
A,4,24,62459421,2,onlstm_trace,0.41758338290562536
A,4,24,62459421,0,unet_film,0.38530543693609065
A,4,24,62459421,1,unet_film,0.18961314635297022
A,4,24,62459421,2,unet_film,0.22426016166199
A,4,24,62459421,0,hrmv2_act_k1,0.5311155678348138
A,4,24,62459421,1,hrmv2_act_k1,0.6983660559846431
A,4,24,62459421,2,hrmv2_act_k1,0.5078139956474657
A,4,24,62459421,0,hrmv2_act_k2,0.5370627118367537
A,4,24,62459421,1,hrmv2_act_k2,0.6886188610818377
A,4,24,62459421,2,hrmv2_act_k2,0.5307438487788102
A,4,24,62459421,0,hrmv2_act_k4,0.5336311699272273
A,4,24,62459421,1,hrmv2_act_k4,0.6926511038524162
A,4,24,62459421,2,hrmv2_act_k4,0.5206171470652297
A,4,24,62459421,0,hrmv2_act_k8,0.5346098383905923
A,4,24,62459421,1,hrmv2_act_k8,0.6926296978751888
A,4,24,62459421,2,hrmv2_act_k8,0.5179609477610597
A,8,0,123896057,0,gnn,0.8484899069478937
A,8,0,123896057,1,gnn,0.9325766855411912
A,8,0,123896057,2,gnn,0.9162820567840855
A,8,0,123896057,0,hrm_trace,2.374595363104024
A,8,0,123896057,1,hrm_trace,2.374595363104024
A,8,0,123896057,2,hrm_trace,2.374595363104024
A,8,0,123896057,0,hrmv2_act,0.6292302078332473
A,8,0,123896057,1,hrmv2_act,0.6250266511815247
A,8,0,123896057,2,hrmv2_act,0.6627917296204421
A,8,0,123896057,0,mlp,0.6678579695574969
A,8,0,123896057,1,mlp,0.6558904723366213
A,8,0,123896057,2,mlp,0.6668054744031231
A,8,0,123896057,0,onlstm_trace,2.374595363104024
A,8,0,123896057,1,onlstm_trace,2.374595363104024
A,8,0,123896057,2,onlstm_trace,0.44228142269117804
A,8,0,123896057,0,unet_film,0.48514325630391675
A,8,0,123896057,1,unet_film,0.495240245168683
A,8,0,123896057,2,unet_film,0.44842275399004805
A,8,0,123896057,0,hrmv2_act_k1,0.6483965431867581
A,8,0,123896057,1,hrmv2_act_k1,0.6430794760085295
A,8,0,123896057,2,hrmv2_act_k1,0.668673538939138
A,8,0,123896057,0,hrmv2_act_k2,0.6339059767327934
A,8,0,123896057,1,hrmv2_act_k2,0.631628561077975
A,8,0,123896057,2,hrmv2_act_k2,0.6601849421719811
A,8,0,123896057,0,hrmv2_act_k4,0.634559019910805
A,8,0,123896057,1,hrmv2_act_k4,0.6302691058894107
A,8,0,123896057,2,hrmv2_act_k4,0.6618199490880257
A,8,0,123896057,0,hrmv2_act_k8,0.6292302078332473
A,8,0,123896057,1,hrmv2_act_k8,0.6250266511815247
A,8,0,123896057,2,hrmv2_act_k8,0.6627917296204421
A,8,1,123959409,0,gnn,0.9970551564579329
A,8,1,123959409,1,gnn,0.9538407070964038
A,8,1,123959409,2,gnn,0.9687518642290316
A,8,1,123959409,0,hrm_trace,1.3094038223906281
A,8,1,123959409,1,hrm_trace,1.3094038223906281
A,8,1,123959409,2,hrm_trace,1.3094038223906281
A,8,1,123959409,0,hrmv2_act,1.046420753605242
A,8,1,123959409,1,hrmv2_act,0.707263373676258
A,8,1,123959409,2,hrmv2_act,0.8163013122974003
A,8,1,123959409,0,mlp,0.8033983022386961
A,8,1,123959409,1,mlp,0.8514430957321594
A,8,1,123959409,2,mlp,0.7905909438429286
A,8,1,123959409,0,onlstm_trace,1.3094038223906281
A,8,1,123959409,1,onlstm_trace,1.3094038223906281
A,8,1,123959409,2,onlstm_trace,1.1691830768561269
A,8,1,123959409,0,unet_film,1.117092101993942
A,8,1,123959409,1,unet_film,1.1603224780449517
A,8,1,123959409,2,unet_film,1.1112074843417448
A,8,1,123959409,0,hrmv2_act_k1,1.0800074086660654
A,8,1,123959409,1,hrmv2_act_k1,0.70638220244227
A,8,1,123959409,2,hrmv2_act_k1,0.8335952923699848
A,8,1,123959409,0,hrmv2_act_k2,1.0499802762514874
A,8,1,123959409,1,hrmv2_act_k2,0.7018050605223581
A,8,1,123959409,2,hrmv2_act_k2,0.811168366930229
A,8,1,123959409,0,hrmv2_act_k4,1.0461593848766413
A,8,1,123959409,1,hrmv2_act_k4,0.7068338506072264
A,8,1,123959409,2,hrmv2_act_k4,0.8109296122710813
A,8,1,123959409,0,hrmv2_act_k8,1.046420753605242
A,8,1,123959409,1,hrmv2_act_k8,0.707263373676258
A,8,1,123959409,2,hrmv2_act_k8,0.8163013122974003
A,8,2,123983166,0,gnn,0.6925485577586648
A,8,2,123983166,1,gnn,0.6404114166018594
A,8,2,123983166,2,gnn,0.6549821304796967
A,8,2,123983166,0,hrm_trace,1.4588490766455797
A,8,2,123983166,1,hrm_trace,1.4588490766455797
A,8,2,123983166,2,hrm_trace,1.4588490766455797
A,8,2,123983166,0,hrmv2_act,0.7614309407631497
A,8,2,123983166,1,hrmv2_act,0.7981928208031883
A,8,2,123983166,2,hrmv2_act,0.8605820600971215
A,8,2,123983166,0,mlp,1.4627085571702034
A,8,2,123983166,1,mlp,1.3173471608774208
A,8,2,123983166,2,mlp,1.395460631608621
A,8,2,123983166,0,onlstm_trace,1.4588490766455797
A,8,2,123983166,1,onlstm_trace,1.4588490766455797
A,8,2,123983166,2,onlstm_trace,0.5718328286748465
A,8,2,123983166,0,unet_film,0.7347462063031053
A,8,2,123983166,1,unet_film,0.8026755553587951
A,8,2,123983166,2,unet_film,0.6422157631211086
A,8,2,123983166,0,hrmv2_act_k1,0.781464507063607
A,8,2,123983166,1,hrmv2_act_k1,0.7941421324416331
A,8,2,123983166,2,hrmv2_act_k1,0.8532884033207357
A,8,2,123983166,0,hrmv2_act_k2,0.7675031795071843
A,8,2,123983166,1,hrmv2_act_k2,0.8004395416344466
A,8,2,123983166,2,hrmv2_act_k2,0.8533624911482953
A,8,2,123983166,0,hrmv2_act_k4,0.7631302657405031
A,8,2,123983166,1,hrmv2_act_k4,0.7989199845856755
A,8,2,123983166,2,hrmv2_act_k4,0.8593543402766866
A,8,2,123983166,0,hrmv2_act_k8,0.7614309407631497
A,8,2,123983166,1,hrmv2_act_k8,0.7981928208031883
A,8,2,123983166,2,hrmv2_act_k8,0.8605820600971215
A,8,3,123999004,0,gnn,0.7727208091280431
A,8,3,123999004,1,gnn,0.703024185477305
A,8,3,123999004,2,gnn,0.7277217709277987
A,8,3,123999004,0,hrm_trace,1.6793968404292186
A,8,3,123999004,1,hrm_trace,1.6793968404292186
A,8,3,123999004,2,hrm_trace,1.6793968404292186
A,8,3,123999004,0,hrmv2_act,0.5912571583465407
A,8,3,123999004,1,hrmv2_act,0.6065551595676567
A,8,3,123999004,2,hrmv2_act,0.4736334543485639
A,8,3,123999004,0,mlp,0.5647793283681097
A,8,3,123999004,1,mlp,0.5863656739805664
A,8,3,123999004,2,mlp,0.5662457487968668
A,8,3,123999004,0,onlstm_trace,1.6793968404292186
A,8,3,123999004,1,onlstm_trace,1.6793968404292186
A,8,3,123999004,2,onlstm_trace,0.4782913461621541
A,8,3,123999004,0,unet_film,0.8023939948458285
A,8,3,123999004,1,unet_film,0.8665581704779624
A,8,3,123999004,2,unet_film,0.8412713822497264
A,8,3,123999004,0,hrmv2_act_k1,0.5789044237019725
A,8,3,123999004,1,hrmv2_act_k1,0.5822264321109147
A,8,3,123999004,2,hrmv2_act_k1,0.45413373625664055
A,8,3,123999004,0,hrmv2_act_k2,0.5915187986685894
A,8,3,123999004,1,hrmv2_act_k2,0.6028990376940505
A,8,3,123999004,2,hrmv2_act_k2,0.46733932305650944
A,8,3,123999004,0,hrmv2_act_k4,0.5922990077948478
A,8,3,123999004,1,hrmv2_act_k4,0.6041660835580053
A,8,3,123999004,2,hrmv2_act_k4,0.47166479198468153
A,8,3,123999004,0,hrmv2_act_k8,0.5912571583465407
A,8,3,123999004,1,hrmv2_act_k8,0.6065551595676567
A,8,3,123999004,2,hrmv2_act_k8,0.4736334543485639
A,8,4,124062356,0,gnn,0.9781213975628379
A,8,4,124062356,1,gnn,0.9229292828014566
A,8,4,124062356,2,gnn,0.9690751172376004
A,8,4,124062356,0,hrm_trace,1.626866074752292
A,8,4,124062356,1,hrm_trace,1.626866074752292
A,8,4,124062356,2,hrm_trace,1.626866074752292
A,8,4,124062356,0,hrmv2_act,0.7193666690896928
A,8,4,124062356,1,hrmv2_act,0.7384556763674163
A,8,4,124062356,2,hrmv2_act,0.681150576366609
A,8,4,124062356,0,mlp,0.9319752652460973
A,8,4,124062356,1,mlp,0.888514169798705
A,8,4,124062356,2,mlp,0.9170865540909705
A,8,4,124062356,0,onlstm_trace,1.626866074752292
A,8,4,124062356,1,onlstm_trace,1.626866074752292
A,8,4,124062356,2,onlstm_trace,0.707820083217064
A,8,4,124062356,0,unet_film,1.0035377216183305
A,8,4,124062356,1,unet_film,1.1745318788506198
A,8,4,124062356,2,unet_film,0.8455616552990256
A,8,4,124062356,0,hrmv2_act_k1,0.7052364864705867
A,8,4,124062356,1,hrmv2_act_k1,0.7129012233529327
A,8,4,124062356,2,hrmv2_act_k1,0.6911748547359838
A,8,4,124062356,0,hrmv2_act_k2,0.724389657448995
A,8,4,124062356,1,hrmv2_act_k2,0.7330515794730219
A,8,4,124062356,2,hrmv2_act_k2,0.6791034518067883
A,8,4,124062356,0,hrmv2_act_k4,0.7207441494683785
A,8,4,124062356,1,hrmv2_act_k4,0.7357279790305297
A,8,4,124062356,2,hrmv2_act_k4,0.6829290390455165
A,8,4,124062356,0,hrmv2_act_k8,0.7193666690896928
A,8,4,124062356,1,hrmv2_act_k8,0.7384556763674163
A,8,4,124062356,2,hrmv2_act_k8,0.681150576366609
A,8,5,124101951,0,gnn,0.4431811618035415
A,8,5,124101951,1,gnn,0.453914082061699
A,8,5,124101951,2,gnn,0.4391410731359756
A,8,5,124101951,0,hrm_trace,1.737303639438777
A,8,5,124101951,1,hrm_trace,1.737303639438777
A,8,5,124101951,2,hrm_trace,1.737303639438777
A,8,5,124101951,0,hrmv2_act,0.39111034715019216
A,8,5,124101951,1,hrmv2_act,0.4282801999471395
A,8,5,124101951,2,hrmv2_act,0.461082013856121
A,8,5,124101951,0,mlp,0.4972335787951089
A,8,5,124101951,1,mlp,0.5573171389519898
A,8,5,124101951,2,mlp,0.5517246642986253
A,8,5,124101951,0,onlstm_trace,1.737303639438777
A,8,5,124101951,1,onlstm_trace,1.737303639438777
A,8,5,124101951,2,onlstm_trace,0.42038863948321353
A,8,5,124101951,0,unet_film,0.5977415634806759
A,8,5,124101951,1,unet_film,0.5980214187424594
A,8,5,124101951,2,unet_film,0.4539579477854629
A,8,5,124101951,0,hrmv2_act_k1,0.3913445918015861
A,8,5,124101951,1,hrmv2_act_k1,0.42110991870727965
A,8,5,124101951,2,hrmv2_act_k1,0.4702303930077668
A,8,5,124101951,0,hrmv2_act_k2,0.39123335499026823
A,8,5,124101951,1,hrmv2_act_k2,0.4277761881224453
A,8,5,124101951,2,hrmv2_act_k2,0.4625331209339945
A,8,5,124101951,0,hrmv2_act_k4,0.39083874979880295
A,8,5,124101951,1,hrmv2_act_k4,0.42951787952387527
A,8,5,124101951,2,hrmv2_act_k4,0.4536078348166011
A,8,5,124101951,0,hrmv2_act_k8,0.39111034715019216
A,8,5,124101951,1,hrmv2_act_k8,0.4282801999471395
A,8,5,124101951,2,hrmv2_act_k8,0.461082013856121
A,8,6,124109870,0,gnn,1.129821863958151
A,8,6,124109870,1,gnn,1.1869855351934164
A,8,6,124109870,2,gnn,1.16220997796378
A,8,6,124109870,0,hrm_trace,2.640126829000727
A,8,6,124109870,1,hrm_trace,2.640126829000727
A,8,6,124109870,2,hrm_trace,2.640126829000727
A,8,6,124109870,0,hrmv2_act,0.976192864363734
A,8,6,124109870,1,hrmv2_act,0.9235749188938573
A,8,6,124109870,2,hrmv2_act,0.9287176248932947
A,8,6,124109870,0,mlp,0.8716908259201144
A,8,6,124109870,1,mlp,0.7843996350290411
A,8,6,124109870,2,mlp,0.8270140275228439
A,8,6,124109870,0,onlstm_trace,2.640126829000727
A,8,6,124109870,1,onlstm_trace,2.640126829000727
A,8,6,124109870,2,onlstm_trace,0.8283415160631697
A,8,6,124109870,0,unet_film,0.9049154006061182
A,8,6,124109870,1,unet_film,0.9086969543136871
A,8,6,124109870,2,unet_film,1.0331980819238684
A,8,6,124109870,0,hrmv2_act_k1,0.975148462191593
A,8,6,124109870,1,hrmv2_act_k1,0.9093675506228983
A,8,6,124109870,2,hrmv2_act_k1,0.967244686907136
A,8,6,124109870,0,hrmv2_act_k2,0.9759239293118234
A,8,6,124109870,1,hrmv2_act_k2,0.925229348769471
A,8,6,124109870,2,hrmv2_act_k2,0.9326415855626621
A,8,6,124109870,0,hrmv2_act_k4,0.9763542208473868
A,8,6,124109870,1,hrmv2_act_k4,0.9294620905425685
A,8,6,124109870,2,hrmv2_act_k4,0.9339611659890925
A,8,6,124109870,0,hrmv2_act_k8,0.976192864363734
A,8,6,124109870,1,hrmv2_act_k8,0.9235749188938573
A,8,6,124109870,2,hrmv2_act_k8,0.9287176248932947
A,8,7,124117789,0,gnn,0.7207019296859353
A,8,7,124117789,1,gnn,0.7886834984869435
A,8,7,124117789,2,gnn,0.7637497408815558
A,8,7,124117789,0,hrm_trace,2.223301132264369
A,8,7,124117789,1,hrm_trace,2.223301132264369
A,8,7,124117789,2,hrm_trace,2.223301132264369
A,8,7,124117789,0,hrmv2_act,0.8273470310058342
A,8,7,124117789,1,hrmv2_act,1.2215422531453572
A,8,7,124117789,2,hrmv2_act,1.1208476595067711
A,8,7,124117789,0,mlp,1.194645135351232
A,8,7,124117789,1,mlp,1.17821048104128
A,8,7,124117789,2,mlp,1.1558124529141847
A,8,7,124117789,0,onlstm_trace,2.223301132264369
A,8,7,124117789,1,onlstm_trace,2.223301132264369
A,8,7,124117789,2,onlstm_trace,1.3652365861565603
A,8,7,124117789,0,unet_film,0.8039180644856522
A,8,7,124117789,1,unet_film,0.8207443086435153
A,8,7,124117789,2,unet_film,0.7862580275034685
A,8,7,124117789,0,hrmv2_act_k1,0.9177499792009006
A,8,7,124117789,1,hrmv2_act_k1,1.2787907151270304
A,8,7,124117789,2,hrmv2_act_k1,1.1768825616219813
A,8,7,124117789,0,hrmv2_act_k2,0.8444716704900199
A,8,7,124117789,1,hrmv2_act_k2,1.2246801073854192
A,8,7,124117789,2,hrmv2_act_k2,1.115308021308671
A,8,7,124117789,0,hrmv2_act_k4,0.8266098087847353
A,8,7,124117789,1,hrmv2_act_k4,1.218809588362579
A,8,7,124117789,2,hrmv2_act_k4,1.1195365963323392
A,8,7,124117789,0,hrmv2_act_k8,0.8273470310058342
A,8,7,124117789,1,hrmv2_act_k8,1.2215422531453572
A,8,7,124117789,2,hrmv2_act_k8,1.1208476595067711
A,8,8,124141546,0,gnn,0.5971252442517209
A,8,8,124141546,1,gnn,0.649871216307643
A,8,8,124141546,2,gnn,0.6320594577114506
A,8,8,124141546,0,hrm_trace,2.0427978877410724
A,8,8,124141546,1,hrm_trace,2.0427978877410724
A,8,8,124141546,2,hrm_trace,2.0427978877410724
A,8,8,124141546,0,hrmv2_act,0.3405607122854545
A,8,8,124141546,1,hrmv2_act,0.455754114447516
A,8,8,124141546,2,hrmv2_act,0.36756081809756935
A,8,8,124141546,0,mlp,0.7886286913152402
A,8,8,124141546,1,mlp,0.6969442594839202
A,8,8,124141546,2,mlp,0.7362571461850158
A,8,8,124141546,0,onlstm_trace,2.0427978877410724
A,8,8,124141546,1,onlstm_trace,2.0427978877410724
A,8,8,124141546,2,onlstm_trace,0.3856677770119393
A,8,8,124141546,0,unet_film,0.6130950870262609
A,8,8,124141546,1,unet_film,0.47309862333976244
A,8,8,124141546,2,unet_film,0.5600966005668583
A,8,8,124141546,0,hrmv2_act_k1,0.322798055850979
A,8,8,124141546,1,hrmv2_act_k1,0.47577064576751776
A,8,8,124141546,2,hrmv2_act_k1,0.37475516949542254
A,8,8,124141546,0,hrmv2_act_k2,0.33574911191223095
A,8,8,124141546,1,hrmv2_act_k2,0.4559193920254761
A,8,8,124141546,2,hrmv2_act_k2,0.3720474764122154
A,8,8,124141546,0,hrmv2_act_k4,0.34034197502262387
A,8,8,124141546,1,hrmv2_act_k4,0.4559832769976946
A,8,8,124141546,2,hrmv2_act_k4,0.3683419421067498
A,8,8,124141546,0,hrmv2_act_k8,0.3405607122854545
A,8,8,124141546,1,hrmv2_act_k8,0.455754114447516
A,8,8,124141546,2,hrmv2_act_k8,0.36756081809756935
A,8,9,124196979,0,gnn,1.1864164176012708
A,8,9,124196979,1,gnn,1.1289007689755193
A,8,9,124196979,2,gnn,1.1593458739845173
A,8,9,124196979,0,hrm_trace,1.373769295358939
A,8,9,124196979,1,hrm_trace,1.373769295358939
A,8,9,124196979,2,hrm_trace,1.373769295358939
A,8,9,124196979,0,hrmv2_act,1.1960030595575324
A,8,9,124196979,1,hrmv2_act,1.0442448815183443
A,8,9,124196979,2,hrmv2_act,1.0415562690297395
A,8,9,124196979,0,mlp,0.9481859728490578
A,8,9,124196979,1,mlp,1.054601771655243
A,8,9,124196979,2,mlp,0.9905237228219245
A,8,9,124196979,0,onlstm_trace,1.373769295358939
A,8,9,124196979,1,onlstm_trace,1.373769295358939
A,8,9,124196979,2,onlstm_trace,1.3182272000957556
A,8,9,124196979,0,unet_film,1.1550462274159927
A,8,9,124196979,1,unet_film,1.2449638807011438
A,8,9,124196979,2,unet_film,1.1363616988332703
A,8,9,124196979,0,hrmv2_act_k1,1.2173226466735179
A,8,9,124196979,1,hrmv2_act_k1,1.0055609699070371
A,8,9,124196979,2,hrmv2_act_k1,1.0358116367549317
A,8,9,124196979,0,hrmv2_act_k2,1.2056512618011095
A,8,9,124196979,1,hrmv2_act_k2,1.042270881297859
A,8,9,124196979,2,hrmv2_act_k2,1.034110479183068
A,8,9,124196979,0,hrmv2_act_k4,1.1983002718252433
A,8,9,124196979,1,hrmv2_act_k4,1.0435994975481533
A,8,9,124196979,2,hrmv2_act_k4,1.0406223408071091
A,8,9,124196979,0,hrmv2_act_k8,1.1960030595575324
A,8,9,124196979,1,hrmv2_act_k8,1.0442448815183443
A,8,9,124196979,2,hrmv2_act_k8,1.0415562690297395
A,8,10,124220736,0,gnn,0.6449285304230533
A,8,10,124220736,1,gnn,0.5930850899493166
A,8,10,124220736,2,gnn,0.5876962781303829
A,8,10,124220736,0,hrm_trace,1.4751643010573923
A,8,10,124220736,1,hrm_trace,1.4751643010573923
A,8,10,124220736,2,hrm_trace,1.4751643010573923
A,8,10,124220736,0,hrmv2_act,0.8124991584990395
A,8,10,124220736,1,hrmv2_act,0.8166693387171621
A,8,10,124220736,2,hrmv2_act,0.8000172031169196
A,8,10,124220736,0,mlp,0.6256692143613642
A,8,10,124220736,1,mlp,0.6234635012258015
A,8,10,124220736,2,mlp,0.6367125616999361
A,8,10,124220736,0,onlstm_trace,1.4751643010573923
A,8,10,124220736,1,onlstm_trace,1.4751643010573923
A,8,10,124220736,2,onlstm_trace,0.8551423274126089
A,8,10,124220736,0,unet_film,0.7049755411553544
A,8,10,124220736,1,unet_film,0.7748623710759709
A,8,10,124220736,2,unet_film,0.6816419628323155
A,8,10,124220736,0,hrmv2_act_k1,0.8325843546696874
A,8,10,124220736,1,hrmv2_act_k1,0.838289709045148
A,8,10,124220736,2,hrmv2_act_k1,0.7776302759476617
A,8,10,124220736,0,hrmv2_act_k2,0.8165606745194426
A,8,10,124220736,1,hrmv2_act_k2,0.8167687209004245
A,8,10,124220736,2,hrmv2_act_k2,0.7935627544053488
A,8,10,124220736,0,hrmv2_act_k4,0.8136838211508055
A,8,10,124220736,1,hrmv2_act_k4,0.8144143369711802
A,8,10,124220736,2,hrmv2_act_k4,0.7991278032672359
A,8,10,124220736,0,hrmv2_act_k8,0.8124991584990395
A,8,10,124220736,1,hrmv2_act_k8,0.8166693387171621
A,8,10,124220736,2,hrmv2_act_k8,0.8000172031169196
A,8,11,124236574,0,gnn,2.165647542932836
A,8,11,124236574,1,gnn,2.097944840518533
A,8,11,124236574,2,gnn,2.1275908812316757
A,8,11,124236574,0,hrm_trace,1.898014824510236
A,8,11,124236574,1,hrm_trace,1.898014824510236
A,8,11,124236574,2,hrm_trace,1.898014824510236
A,8,11,124236574,0,hrmv2_act,1.5541757392111402
A,8,11,124236574,1,hrmv2_act,1.5862660138687856
A,8,11,124236574,2,hrmv2_act,1.5776404767613443
A,8,11,124236574,0,mlp,1.700342902000481
A,8,11,124236574,1,mlp,1.7513044316278985
A,8,11,124236574,2,mlp,1.704205947475765
A,8,11,124236574,0,onlstm_trace,1.898014824510236
A,8,11,124236574,1,onlstm_trace,1.898014824510236
A,8,11,124236574,2,onlstm_trace,1.3816920496950453
A,8,11,124236574,0,unet_film,2.313047421246237
A,8,11,124236574,1,unet_film,2.3837566853781578
A,8,11,124236574,2,unet_film,2.1867801949826298
A,8,11,124236574,0,hrmv2_act_k1,1.5157307783697105
A,8,11,124236574,1,hrmv2_act_k1,1.5187394045848497
A,8,11,124236574,2,hrmv2_act_k1,1.5878681042120721
A,8,11,124236574,0,hrmv2_act_k2,1.5381830466020414
A,8,11,124236574,1,hrmv2_act_k2,1.5731957122567892
A,8,11,124236574,2,hrmv2_act_k2,1.5763499747826852
A,8,11,124236574,0,hrmv2_act_k4,1.5522027217332746
A,8,11,124236574,1,hrmv2_act_k4,1.585228337300948
A,8,11,124236574,2,hrmv2_act_k4,1.576230575514022
A,8,11,124236574,0,hrmv2_act_k8,1.5541757392111402
A,8,11,124236574,1,hrmv2_act_k8,1.5862660138687856
A,8,11,124236574,2,hrmv2_act_k8,1.5776404767613443
A,8,12,124244493,0,gnn,0.9287601427813846
A,8,12,124244493,1,gnn,0.9156046472936171
A,8,12,124244493,2,gnn,0.9253908216803112
A,8,12,124244493,0,hrm_trace,2.132775364044497
A,8,12,124244493,1,hrm_trace,2.132775364044497
A,8,12,124244493,2,hrm_trace,2.132775364044497
A,8,12,124244493,0,hrmv2_act,0.9571558497897008
A,8,12,124244493,1,hrmv2_act,0.946627714364368
A,8,12,124244493,2,hrmv2_act,0.9390719835417659
A,8,12,124244493,0,mlp,0.8859096813439793
A,8,12,124244493,1,mlp,0.8881045147571957
A,8,12,124244493,2,mlp,0.9060226264913129
A,8,12,124244493,0,onlstm_trace,2.132775364044497
A,8,12,124244493,1,onlstm_trace,2.132775364044497
A,8,12,124244493,2,onlstm_trace,0.874445427284913
A,8,12,124244493,0,unet_film,1.100113089812127
A,8,12,124244493,1,unet_film,1.092692231313732
A,8,12,124244493,2,unet_film,1.0014845123354494
A,8,12,124244493,0,hrmv2_act_k1,0.9500330789942263
A,8,12,124244493,1,hrmv2_act_k1,0.9263178279405595
A,8,12,124244493,2,hrmv2_act_k1,0.9204929975421671
A,8,12,124244493,0,hrmv2_act_k2,0.9576444395195054
A,8,12,124244493,1,hrmv2_act_k2,0.9450397528788209
A,8,12,124244493,2,hrmv2_act_k2,0.9412615809782635
A,8,12,124244493,0,hrmv2_act_k4,0.9564086093797917
A,8,12,124244493,1,hrmv2_act_k4,0.9492638259445428
A,8,12,124244493,2,hrmv2_act_k4,0.937436901156019
A,8,12,124244493,0,hrmv2_act_k8,0.9571558497897008
A,8,12,124244493,1,hrmv2_act_k8,0.946627714364368
A,8,12,124244493,2,hrmv2_act_k8,0.9390719835417659
A,8,13,124252412,0,gnn,1.2166641650251486
A,8,13,124252412,1,gnn,1.1479841227423548
A,8,13,124252412,2,gnn,1.1708453845747429
A,8,13,124252412,0,hrm_trace,1.1740108179513307
A,8,13,124252412,1,hrm_trace,1.1740108179513307
A,8,13,124252412,2,hrm_trace,1.1740108179513307
A,8,13,124252412,0,hrmv2_act,1.6332519749756047
A,8,13,124252412,1,hrmv2_act,1.3001172959187774
A,8,13,124252412,2,hrmv2_act,1.42219737476788
A,8,13,124252412,0,mlp,1.4120118731601123
A,8,13,124252412,1,mlp,1.4499752300351387
A,8,13,124252412,2,mlp,1.4143636943476645
A,8,13,124252412,0,onlstm_trace,1.1740108179513307
A,8,13,124252412,1,onlstm_trace,1.1740108179513307
A,8,13,124252412,2,onlstm_trace,2.1750039669978403
A,8,13,124252412,0,unet_film,1.3364997797599858
A,8,13,124252412,1,unet_film,1.349299232691694
A,8,13,124252412,2,unet_film,1.0792926342676201
A,8,13,124252412,0,hrmv2_act_k1,1.6235385055723877
A,8,13,124252412,1,hrmv2_act_k1,1.2858855951315415
A,8,13,124252412,2,hrmv2_act_k1,1.4126819187321007
A,8,13,124252412,0,hrmv2_act_k2,1.6306089258179821
A,8,13,124252412,1,hrmv2_act_k2,1.2954239832604897
A,8,13,124252412,2,hrmv2_act_k2,1.4271830928340241
A,8,13,124252412,0,hrmv2_act_k4,1.629553686131834
A,8,13,124252412,1,hrmv2_act_k4,1.2936408705878222
A,8,13,124252412,2,hrmv2_act_k4,1.424512623922945
A,8,13,124252412,0,hrmv2_act_k8,1.6332519749756047
A,8,13,124252412,1,hrmv2_act_k8,1.3001172959187774
A,8,13,124252412,2,hrmv2_act_k8,1.42219737476788
A,8,14,124260331,0,gnn,2.0880663282345693
A,8,14,124260331,1,gnn,2.0182921258358166
A,8,14,124260331,2,gnn,2.036142233353497
A,8,14,124260331,0,hrm_trace,1.987580622369414
A,8,14,124260331,1,hrm_trace,1.987580622369414
A,8,14,124260331,2,hrm_trace,1.987580622369414
A,8,14,124260331,0,hrmv2_act,1.9681545161414766
A,8,14,124260331,1,hrmv2_act,1.6647836032919126
A,8,14,124260331,2,hrmv2_act,2.006644834499528
A,8,14,124260331,0,mlp,2.1516069440372423
A,8,14,124260331,1,mlp,2.0634424539787353
A,8,14,124260331,2,mlp,2.1132241516289887
A,8,14,124260331,0,onlstm_trace,1.987580622369414
A,8,14,124260331,1,onlstm_trace,1.987580622369414
A,8,14,124260331,2,onlstm_trace,1.468843582124597
A,8,14,124260331,0,unet_film,2.121428801781675
A,8,14,124260331,1,unet_film,2.153171890134769
A,8,14,124260331,2,unet_film,1.998457721303588
A,8,14,124260331,0,hrmv2_act_k1,1.9705535832705532
A,8,14,124260331,1,hrmv2_act_k1,1.6565903931085328
A,8,14,124260331,2,hrmv2_act_k1,2.0063816825664227
A,8,14,124260331,0,hrmv2_act_k2,1.971561863779779
A,8,14,124260331,1,hrmv2_act_k2,1.669875475083575
A,8,14,124260331,2,hrmv2_act_k2,2.0038220856470974
A,8,14,124260331,0,hrmv2_act_k4,1.9694577601578815
A,8,14,124260331,1,hrmv2_act_k4,1.6669199816828921
A,8,14,124260331,2,hrmv2_act_k4,2.0060193913906934
A,8,14,124260331,0,hrmv2_act_k8,1.9681545161414766
A,8,14,124260331,1,hrmv2_act_k8,1.6647836032919126
A,8,14,124260331,2,hrmv2_act_k8,2.006644834499528
A,8,15,124276169,0,gnn,0.5221517950816258
A,8,15,124276169,1,gnn,0.5689868868348886
A,8,15,124276169,2,gnn,0.5571169080079069
A,8,15,124276169,0,hrm_trace,1.8796782236723553
A,8,15,124276169,1,hrm_trace,1.8796782236723553
A,8,15,124276169,2,hrm_trace,1.8796782236723553
A,8,15,124276169,0,hrmv2_act,0.40596256087664306
A,8,15,124276169,1,hrmv2_act,0.4563231217470236
A,8,15,124276169,2,hrmv2_act,0.4658431901373684
A,8,15,124276169,0,mlp,0.5229470476134204
A,8,15,124276169,1,mlp,0.5287851257420961
A,8,15,124276169,2,mlp,0.548523776353234
A,8,15,124276169,0,onlstm_trace,1.8796782236723553
A,8,15,124276169,1,onlstm_trace,1.8796782236723553
A,8,15,124276169,2,onlstm_trace,0.5857316284735669
A,8,15,124276169,0,unet_film,0.5819757379737612
A,8,15,124276169,1,unet_film,0.5536824762948958
A,8,15,124276169,2,unet_film,0.4545285674488139
A,8,15,124276169,0,hrmv2_act_k1,0.455093231351016
A,8,15,124276169,1,hrmv2_act_k1,0.463695189663302
A,8,15,124276169,2,hrmv2_act_k1,0.5021113974384419
A,8,15,124276169,0,hrmv2_act_k2,0.40874441054989424
A,8,15,124276169,1,hrmv2_act_k2,0.45148079090337384
A,8,15,124276169,2,hrmv2_act_k2,0.46889942756252756
A,8,15,124276169,0,hrmv2_act_k4,0.4055368314001408
A,8,15,124276169,1,hrmv2_act_k4,0.4523989969089579
A,8,15,124276169,2,hrmv2_act_k4,0.4682636370661325
A,8,15,124276169,0,hrmv2_act_k8,0.40596256087664306
A,8,15,124276169,1,hrmv2_act_k8,0.4563231217470236
A,8,15,124276169,2,hrmv2_act_k8,0.4658431901373684
A,8,16,124299926,0,gnn,1.4916466894423073
A,8,16,124299926,1,gnn,1.5634657546189912
A,8,16,124299926,2,gnn,1.532339993501363
A,8,16,124299926,0,hrm_trace,3.0107219707130413
A,8,16,124299926,1,hrm_trace,3.0107219707130413
A,8,16,124299926,2,hrm_trace,3.0107219707130413
A,8,16,124299926,0,hrmv2_act,1.1149657489370552
A,8,16,124299926,1,hrmv2_act,1.1631208508956679
A,8,16,124299926,2,hrmv2_act,1.1568665166758627
A,8,16,124299926,0,mlp,1.321314947468155
A,8,16,124299926,1,mlp,1.2811746687583871
A,8,16,124299926,2,mlp,1.272938988995651
A,8,16,124299926,0,onlstm_trace,3.0107219707130413
A,8,16,124299926,1,onlstm_trace,3.0107219707130413
A,8,16,124299926,2,onlstm_trace,1.0122357731133333
A,8,16,124299926,0,unet_film,1.3531168642828562
A,8,16,124299926,1,unet_film,1.3819576936896283
A,8,16,124299926,2,unet_film,1.5681887626212485
A,8,16,124299926,0,hrmv2_act_k1,1.1223891810668771
A,8,16,124299926,1,hrmv2_act_k1,1.1533870905529278
A,8,16,124299926,2,hrmv2_act_k1,1.168277611369509
A,8,16,124299926,0,hrmv2_act_k2,1.1129222429868924
A,8,16,124299926,1,hrmv2_act_k2,1.1622779985532266
A,8,16,124299926,2,hrmv2_act_k2,1.1629097003085702
A,8,16,124299926,0,hrmv2_act_k4,1.115338243681955
A,8,16,124299926,1,hrmv2_act_k4,1.1537358842944154
A,8,16,124299926,2,hrmv2_act_k4,1.1606472268087018
A,8,16,124299926,0,hrmv2_act_k8,1.1149657489370552
A,8,16,124299926,1,hrmv2_act_k8,1.1631208508956679
A,8,16,124299926,2,hrmv2_act_k8,1.1568665166758627
A,8,17,124315764,0,gnn,0.8383418779243572
A,8,17,124315764,1,gnn,0.8698144520535065
A,8,17,124315764,2,gnn,0.8655308150357902
A,8,17,124315764,0,hrm_trace,2.3286010444481255
A,8,17,124315764,1,hrm_trace,2.3286010444481255
A,8,17,124315764,2,hrm_trace,2.3286010444481255
A,8,17,124315764,0,hrmv2_act,0.6237858692235292
A,8,17,124315764,1,hrmv2_act,0.6198390242922421
A,8,17,124315764,2,hrmv2_act,0.7824764867197476
A,8,17,124315764,0,mlp,0.9327747343576808
A,8,17,124315764,1,mlp,0.8409496050258954
A,8,17,124315764,2,mlp,0.899700283397748
A,8,17,124315764,0,onlstm_trace,2.3286010444481255
A,8,17,124315764,1,onlstm_trace,2.3286010444481255
A,8,17,124315764,2,onlstm_trace,0.7192995648769437
A,8,17,124315764,0,unet_film,0.8203755313046812
A,8,17,124315764,1,unet_film,0.7573169622366981
A,8,17,124315764,2,unet_film,0.6965807191879198
A,8,17,124315764,0,hrmv2_act_k1,0.6531056618903035
A,8,17,124315764,1,hrmv2_act_k1,0.6424517868016039
A,8,17,124315764,2,hrmv2_act_k1,0.8437357923162954
A,8,17,124315764,0,hrmv2_act_k2,0.6326522306570147
A,8,17,124315764,1,hrmv2_act_k2,0.6306271751931614
A,8,17,124315764,2,hrmv2_act_k2,0.79733141198094
A,8,17,124315764,0,hrmv2_act_k4,0.6254348246156615
A,8,17,124315764,1,hrmv2_act_k4,0.6288789994983859
A,8,17,124315764,2,hrmv2_act_k4,0.7832444085396972
A,8,17,124315764,0,hrmv2_act_k8,0.6237858692235292
A,8,17,124315764,1,hrmv2_act_k8,0.6198390242922421
A,8,17,124315764,2,hrmv2_act_k8,0.7824764867197476
A,8,18,124331602,0,gnn,0.9864493987664658
A,8,18,124331602,1,gnn,1.0086830779115246
A,8,18,124331602,2,gnn,1.0144217936352653
A,8,18,124331602,0,hrm_trace,2.144448709321535
A,8,18,124331602,1,hrm_trace,2.144448709321535
A,8,18,124331602,2,hrm_trace,2.144448709321535
A,8,18,124331602,0,hrmv2_act,1.3253694202559763
A,8,18,124331602,1,hrmv2_act,1.203744743748554
A,8,18,124331602,2,hrmv2_act,1.2106657775339076
A,8,18,124331602,0,mlp,1.239644600686325
A,8,18,124331602,1,mlp,1.1605100203615808
A,8,18,124331602,2,mlp,1.3287310297002812
A,8,18,124331602,0,onlstm_trace,2.144448709321535
A,8,18,124331602,1,onlstm_trace,2.144448709321535
A,8,18,124331602,2,onlstm_trace,1.2543883550216905
A,8,18,124331602,0,unet_film,1.0653432589329828
A,8,18,124331602,1,unet_film,1.2421071932480354
A,8,18,124331602,2,unet_film,1.0073294434244238
A,8,18,124331602,0,hrmv2_act_k1,1.2889282284955268
A,8,18,124331602,1,hrmv2_act_k1,1.1274431678494765
A,8,18,124331602,2,hrmv2_act_k1,1.2692378089932688
A,8,18,124331602,0,hrmv2_act_k2,1.3186559454359852
A,8,18,124331602,1,hrmv2_act_k2,1.1941023855639923
A,8,18,124331602,2,hrmv2_act_k2,1.2227027655739082
A,8,18,124331602,0,hrmv2_act_k4,1.3305670886001957
A,8,18,124331602,1,hrmv2_act_k4,1.205268613292287
A,8,18,124331602,2,hrmv2_act_k4,1.2055847914334639
A,8,18,124331602,0,hrmv2_act_k8,1.3253694202559763
A,8,18,124331602,1,hrmv2_act_k8,1.203744743748554
A,8,18,124331602,2,hrmv2_act_k8,1.2106657775339076
A,8,19,124339521,0,gnn,0.5043040006502282
A,8,19,124339521,1,gnn,0.48714824929884426
A,8,19,124339521,2,gnn,0.49834420778205163
A,8,19,124339521,0,hrm_trace,1.6644698988301452
A,8,19,124339521,1,hrm_trace,1.6644698988301452
A,8,19,124339521,2,hrm_trace,1.6644698988301452
A,8,19,124339521,0,hrmv2_act,0.38298342370006433
A,8,19,124339521,1,hrmv2_act,0.49180073581627654
A,8,19,124339521,2,hrmv2_act,0.41861873296452223
A,8,19,124339521,0,mlp,0.47350722442125254
A,8,19,124339521,1,mlp,0.5212997640317537
A,8,19,124339521,2,mlp,0.565842209003793
A,8,19,124339521,0,onlstm_trace,1.6644698988301452
A,8,19,124339521,1,onlstm_trace,1.6644698988301452
A,8,19,124339521,2,onlstm_trace,0.4369949855518883
A,8,19,124339521,0,unet_film,0.4998508693525758
A,8,19,124339521,1,unet_film,0.5263389732722644
A,8,19,124339521,2,unet_film,0.4306030468467441
A,8,19,124339521,0,hrmv2_act_k1,0.37210160818640686
A,8,19,124339521,1,hrmv2_act_k1,0.5145246372659834
A,8,19,124339521,2,hrmv2_act_k1,0.42070611159628346
A,8,19,124339521,0,hrmv2_act_k2,0.38118663829983074
A,8,19,124339521,1,hrmv2_act_k2,0.48740398781865485
A,8,19,124339521,2,hrmv2_act_k2,0.41987920224811065
A,8,19,124339521,0,hrmv2_act_k4,0.3782058134504811
A,8,19,124339521,1,hrmv2_act_k4,0.4882748672266275
A,8,19,124339521,2,hrmv2_act_k4,0.42029777302655696
A,8,19,124339521,0,hrmv2_act_k8,0.38298342370006433
A,8,19,124339521,1,hrmv2_act_k8,0.49180073581627654
A,8,19,124339521,2,hrmv2_act_k8,0.41861873296452223
A,8,20,124355359,0,gnn,0.7806134261355089
A,8,20,124355359,1,gnn,0.7690923561892797
A,8,20,124355359,2,gnn,0.7735884012409849
A,8,20,124355359,0,hrm_trace,1.8396359442995083
A,8,20,124355359,1,hrm_trace,1.8396359442995083
A,8,20,124355359,2,hrm_trace,1.8396359442995083
A,8,20,124355359,0,hrmv2_act,0.7052253466755397
A,8,20,124355359,1,hrmv2_act,0.7381585690196618
A,8,20,124355359,2,hrmv2_act,0.64882384763335
A,8,20,124355359,0,mlp,0.6675407823716921
A,8,20,124355359,1,mlp,0.6580952804637662
A,8,20,124355359,2,mlp,0.6644499038243519
A,8,20,124355359,0,onlstm_trace,1.8396359442995083
A,8,20,124355359,1,onlstm_trace,1.8396359442995083
A,8,20,124355359,2,onlstm_trace,0.6411874708873541
A,8,20,124355359,0,unet_film,0.8927922606166768
A,8,20,124355359,1,unet_film,0.9234176052928205
A,8,20,124355359,2,unet_film,0.7884342183774294
A,8,20,124355359,0,hrmv2_act_k1,0.6939887673155117
A,8,20,124355359,1,hrmv2_act_k1,0.7481222073485065
A,8,20,124355359,2,hrmv2_act_k1,0.6586780003021685
A,8,20,124355359,0,hrmv2_act_k2,0.7006872482454527
A,8,20,124355359,1,hrmv2_act_k2,0.7369841344979693
A,8,20,124355359,2,hrmv2_act_k2,0.6509911132855835
A,8,20,124355359,0,hrmv2_act_k4,0.7053861516729485
A,8,20,124355359,1,hrmv2_act_k4,0.7385361318405484
A,8,20,124355359,2,hrmv2_act_k4,0.6489349854968617
A,8,20,124355359,0,hrmv2_act_k8,0.7052253466755397
A,8,20,124355359,1,hrmv2_act_k8,0.7381585690196618
A,8,20,124355359,2,hrmv2_act_k8,0.64882384763335
A,8,21,124371197,0,gnn,1.2618101460129816
A,8,21,124371197,1,gnn,1.213236729816303
A,8,21,124371197,2,gnn,1.239629553195182
A,8,21,124371197,0,hrm_trace,1.6512262911900486
A,8,21,124371197,1,hrm_trace,1.6512262911900486
A,8,21,124371197,2,hrm_trace,1.6512262911900486
A,8,21,124371197,0,hrmv2_act,1.2769286242828661
A,8,21,124371197,1,hrmv2_act,1.2659889680481882
A,8,21,124371197,2,hrmv2_act,1.3291774720823346
A,8,21,124371197,0,mlp,1.584164323787759
A,8,21,124371197,1,mlp,1.55551369266793
A,8,21,124371197,2,mlp,1.6218716984765522
A,8,21,124371197,0,onlstm_trace,1.6512262911900486
A,8,21,124371197,1,onlstm_trace,1.6512262911900486
A,8,21,124371197,2,onlstm_trace,1.0633812655134753
A,8,21,124371197,0,unet_film,1.2687136813662567
A,8,21,124371197,1,unet_film,1.4391463021451192
A,8,21,124371197,2,unet_film,1.1029498153226653
A,8,21,124371197,0,hrmv2_act_k1,1.2259067285088874
A,8,21,124371197,1,hrmv2_act_k1,1.2191508072466168
A,8,21,124371197,2,hrmv2_act_k1,1.3378865251738727
A,8,21,124371197,0,hrmv2_act_k2,1.2733524221468837
A,8,21,124371197,1,hrmv2_act_k2,1.2579622333538938
A,8,21,124371197,2,hrmv2_act_k2,1.326632203713893
A,8,21,124371197,0,hrmv2_act_k4,1.276006078816181
A,8,21,124371197,1,hrmv2_act_k4,1.2611305793512264
A,8,21,124371197,2,hrmv2_act_k4,1.328392534092495
A,8,21,124371197,0,hrmv2_act_k8,1.2769286242828661
A,8,21,124371197,1,hrmv2_act_k8,1.2659889680481882
A,8,21,124371197,2,hrmv2_act_k8,1.3291774720823346
A,8,22,124379116,0,gnn,0.7096592250331687
A,8,22,124379116,1,gnn,0.6663561605012409
A,8,22,124379116,2,gnn,0.6876904983466677
A,8,22,124379116,0,hrm_trace,1.2451191146132274
A,8,22,124379116,1,hrm_trace,1.2451191146132274
A,8,22,124379116,2,hrm_trace,1.2451191146132274
A,8,22,124379116,0,hrmv2_act,0.6540552851349273
A,8,22,124379116,1,hrmv2_act,0.6766130792658929
A,8,22,124379116,2,hrmv2_act,0.7384269881280063
A,8,22,124379116,0,mlp,0.4654205538932281
A,8,22,124379116,1,mlp,0.6383708977382859
A,8,22,124379116,2,mlp,0.5264047261396826
A,8,22,124379116,0,onlstm_trace,1.2451191146132274
A,8,22,124379116,1,onlstm_trace,1.2451191146132274
A,8,22,124379116,2,onlstm_trace,0.5008583153629399
A,8,22,124379116,0,unet_film,0.8988692012409464
A,8,22,124379116,1,unet_film,1.0408380808599778
A,8,22,124379116,2,unet_film,0.7578047889890553
A,8,22,124379116,0,hrmv2_act_k1,0.6583564958959272
A,8,22,124379116,1,hrmv2_act_k1,0.6785880457914979
A,8,22,124379116,2,hrmv2_act_k1,0.7752299518868626
A,8,22,124379116,0,hrmv2_act_k2,0.65584595959877
A,8,22,124379116,1,hrmv2_act_k2,0.6739387069888504
A,8,22,124379116,2,hrmv2_act_k2,0.7301753113988576
A,8,22,124379116,0,hrmv2_act_k4,0.6563658378625458
A,8,22,124379116,1,hrmv2_act_k4,0.6781862368865972
A,8,22,124379116,2,hrmv2_act_k4,0.7368548586522463
A,8,22,124379116,0,hrmv2_act_k8,0.6540552851349273
A,8,22,124379116,1,hrmv2_act_k8,0.6766130792658929
A,8,22,124379116,2,hrmv2_act_k8,0.7384269881280063
A,8,23,124410792,0,gnn,0.6214048197506958
A,8,23,124410792,1,gnn,0.6545691012037361
A,8,23,124410792,2,gnn,0.658205019675084
A,8,23,124410792,0,hrm_trace,1.947469607682727
A,8,23,124410792,1,hrm_trace,1.947469607682727
A,8,23,124410792,2,hrm_trace,1.947469607682727
A,8,23,124410792,0,hrmv2_act,0.6851071911929613
A,8,23,124410792,1,hrmv2_act,0.5784244940819303
A,8,23,124410792,2,hrmv2_act,0.7457112850276432
A,8,23,124410792,0,mlp,0.672804925282098
A,8,23,124410792,1,mlp,0.5662413811481684
A,8,23,124410792,2,mlp,0.598680717425609
A,8,23,124410792,0,onlstm_trace,1.947469607682727
A,8,23,124410792,1,onlstm_trace,1.947469607682727
A,8,23,124410792,2,onlstm_trace,0.7523798502582962
A,8,23,124410792,0,unet_film,0.8482866140989185
A,8,23,124410792,1,unet_film,1.0339654388929076
A,8,23,124410792,2,unet_film,0.7476129803222564
A,8,23,124410792,0,hrmv2_act_k1,0.7019603260885259
A,8,23,124410792,1,hrmv2_act_k1,0.5690517672714651
A,8,23,124410792,2,hrmv2_act_k1,0.7189173893776772
A,8,23,124410792,0,hrmv2_act_k2,0.6854494020996934
A,8,23,124410792,1,hrmv2_act_k2,0.5691091784783741
A,8,23,124410792,2,hrmv2_act_k2,0.734140660371804
A,8,23,124410792,0,hrmv2_act_k4,0.6876138439173963
A,8,23,124410792,1,hrmv2_act_k4,0.5805898672549885
A,8,23,124410792,2,hrmv2_act_k4,0.7491536533073035
A,8,23,124410792,0,hrmv2_act_k8,0.6851071911929613
A,8,23,124410792,1,hrmv2_act_k8,0.5784244940819303
A,8,23,124410792,2,hrmv2_act_k8,0.7457112850276432
A,8,24,124426630,0,gnn,0.7027743254405271
A,8,24,124426630,1,gnn,0.6561426988559836
A,8,24,124426630,2,gnn,0.6806211016539018
A,8,24,124426630,0,hrm_trace,1.5305002932236955
A,8,24,124426630,1,hrm_trace,1.5305002932236955
A,8,24,124426630,2,hrm_trace,1.5305002932236955
A,8,24,124426630,0,hrmv2_act,0.5283497584343009
A,8,24,124426630,1,hrmv2_act,0.5072943618154587
A,8,24,124426630,2,hrmv2_act,0.5604019469229173
A,8,24,124426630,0,mlp,0.675295897759314
A,8,24,124426630,1,mlp,0.760864914496092
A,8,24,124426630,2,mlp,0.6991805934841653
A,8,24,124426630,0,onlstm_trace,1.5305002932236955
A,8,24,124426630,1,onlstm_trace,1.5305002932236955
A,8,24,124426630,2,onlstm_trace,0.5573959113280831
A,8,24,124426630,0,unet_film,0.7902031784640792
A,8,24,124426630,1,unet_film,0.8017246378622099
A,8,24,124426630,2,unet_film,0.6631099858612924
A,8,24,124426630,0,hrmv2_act_k1,0.5125683298388938
A,8,24,124426630,1,hrmv2_act_k1,0.5139697736940847
A,8,24,124426630,2,hrmv2_act_k1,0.5497372090207647
A,8,24,124426630,0,hrmv2_act_k2,0.5250456272916729
A,8,24,124426630,1,hrmv2_act_k2,0.5077767776544184
A,8,24,124426630,2,hrmv2_act_k2,0.5582383465480663
A,8,24,124426630,0,hrmv2_act_k4,0.5277680936382261
A,8,24,124426630,1,hrmv2_act_k4,0.5072733630233305
A,8,24,124426630,2,hrmv2_act_k4,0.5581954375588754
A,8,24,124426630,0,hrmv2_act_k8,0.5283497584343009
A,8,24,124426630,1,hrmv2_act_k8,0.5072943618154587
A,8,24,124426630,2,hrmv2_act_k8,0.5604019469229173
B,0,0,105963,0,gnn,0.06663354061554429
B,0,0,105963,1,gnn,0.059183935800721434
B,0,0,105963,2,gnn,0.06588862205467268
B,0,0,105963,0,hrm_trace,0.05576042261112691
B,0,0,105963,1,hrm_trace,0.04999766683269532
B,0,0,105963,2,hrm_trace,0.0535652992438966
B,0,0,105963,0,hrmv2_act,0.11845661795509586
B,0,0,105963,1,hrmv2_act,0.1190457736180866
B,0,0,105963,2,hrmv2_act,0.12564776090675397
B,0,0,105963,0,mlp,0.08682325838165873
B,0,0,105963,1,mlp,0.08730021524903464
B,0,0,105963,2,mlp,0.08790465835210966
B,0,0,105963,0,onlstm_trace,0.1400970739661563
B,0,0,105963,1,onlstm_trace,0.13995263065287558
B,0,0,105963,2,onlstm_trace,0.1399924145677595
B,0,0,105963,0,unet_film,0.058721358119548935
B,0,0,105963,1,unet_film,0.06933578939086495
B,0,0,105963,2,unet_film,0.07085680237590075
B,0,0,105963,0,hrmv2_act_k1,0.11845667770875225
B,0,0,105963,1,hrmv2_act_k1,0.1164659365445596
B,0,0,105963,2,hrmv2_act_k1,0.1256477490867183
B,0,0,105963,0,hrmv2_act_k2,0.11845661727212597
B,0,0,105963,1,hrmv2_act_k2,0.11898958513281188
B,0,0,105963,2,hrmv2_act_k2,0.1256477609191716
B,0,0,105963,0,hrmv2_act_k4,0.11845661785575479
B,0,0,105963,1,hrmv2_act_k4,0.11904577117802145
B,0,0,105963,2,hrmv2_act_k4,0.12564776088657534
B,0,0,105963,0,hrmv2_act_k8,0.11845661795509586
B,0,0,105963,1,hrmv2_act_k8,0.1190457736180866
B,0,0,105963,2,hrmv2_act_k8,0.12564776090675397
B,0,1,113882,0,gnn,0.04099056245636068
B,0,1,113882,1,gnn,0.03374950699147679
B,0,1,113882,2,gnn,0.038745579556893874
B,0,1,113882,0,hrm_trace,0.03349482283967528
B,0,1,113882,1,hrm_trace,0.03030702571349608
B,0,1,113882,2,hrm_trace,0.03332391737367789
B,0,1,113882,0,hrmv2_act,0.11630756311343828
B,0,1,113882,1,hrmv2_act,0.11747426102529086
B,0,1,113882,2,hrmv2_act,0.12557068718052877
B,0,1,113882,0,mlp,0.06073236401611878
B,0,1,113882,1,mlp,0.06135505795674113
B,0,1,113882,2,mlp,0.061652489065272986
B,0,1,113882,0,onlstm_trace,0.1208616865603388
B,0,1,113882,1,onlstm_trace,0.12074540677986882
B,0,1,113882,2,onlstm_trace,0.12077745286187284
B,0,1,113882,0,unet_film,0.03997270843281742
B,0,1,113882,1,unet_film,0.0668299492775452
B,0,1,113882,2,unet_film,0.06304430025479521
B,0,1,113882,0,hrmv2_act_k1,0.11630770736358646
B,0,1,113882,1,hrmv2_act_k1,0.11091478876558937
B,0,1,113882,2,hrmv2_act_k1,0.12557067499007138
B,0,1,113882,0,hrmv2_act_k2,0.11630756226229581
B,0,1,113882,1,hrmv2_act_k2,0.11570350937581403
B,0,1,113882,2,hrmv2_act_k2,0.12557068701554283
B,0,1,113882,0,hrmv2_act_k4,0.11630756264469315
B,0,1,113882,1,hrmv2_act_k4,0.11747423103176981
B,0,1,113882,2,hrmv2_act_k4,0.1255706870201686
B,0,1,113882,0,hrmv2_act_k8,0.11630756311343828
B,0,1,113882,1,hrmv2_act_k8,0.11747426102529086
B,0,1,113882,2,hrmv2_act_k8,0.12557068718052877
B,0,2,121801,0,gnn,0.05498893174888344
B,0,2,121801,1,gnn,0.049039514979046676
B,0,2,121801,2,gnn,0.04992549853236448
B,0,2,121801,0,hrm_trace,0.05266424991084162
B,0,2,121801,1,hrm_trace,0.0546863403299239
B,0,2,121801,2,hrm_trace,0.05600637452475537
B,0,2,121801,0,hrmv2_act,0.15321288757232512
B,0,2,121801,1,hrmv2_act,0.1551169258700775
B,0,2,121801,2,hrmv2_act,0.1637701634032599
B,0,2,121801,0,mlp,0.06843613686263546
B,0,2,121801,1,mlp,0.07159603989062108
B,0,2,121801,2,mlp,0.07022816371947946
B,0,2,121801,0,onlstm_trace,0.11693373795299218
B,0,2,121801,1,onlstm_trace,0.11694397280535192
B,0,2,121801,2,onlstm_trace,0.11694118353251447
B,0,2,121801,0,unet_film,0.03743351903172546
B,0,2,121801,1,unet_film,0.047776257335720385
B,0,2,121801,2,unet_film,0.04341428611586606
B,0,2,121801,0,hrmv2_act_k1,0.1532130926036278
B,0,2,121801,1,hrmv2_act_k1,0.15169599506138678
B,0,2,121801,2,hrmv2_act_k1,0.16377015175375406
B,0,2,121801,0,hrmv2_act_k2,0.15321288722786333
B,0,2,121801,1,hrmv2_act_k2,0.15512304820607323
B,0,2,121801,2,hrmv2_act_k2,0.16377016343355977
B,0,2,121801,0,hrmv2_act_k4,0.1532128869599486
B,0,2,121801,1,hrmv2_act_k4,0.15511696117103044
B,0,2,121801,2,hrmv2_act_k4,0.1637701633203339
B,0,2,121801,0,hrmv2_act_k8,0.15321288757232512
B,0,2,121801,1,hrmv2_act_k8,0.1551169258700775
B,0,2,121801,2,hrmv2_act_k8,0.1637701634032599
B,0,3,129720,0,gnn,0.0668142187688753
B,0,3,129720,1,gnn,0.06214224088096567
B,0,3,129720,2,gnn,0.06631323900326329
B,0,3,129720,0,hrm_trace,0.06491560044071036
B,0,3,129720,1,hrm_trace,0.051788147249925955
B,0,3,129720,2,hrm_trace,0.06000852767103625
B,0,3,129720,0,hrmv2_act,0.10390547493437989
B,0,3,129720,1,hrmv2_act,0.06099899352658708
B,0,3,129720,2,hrmv2_act,0.11413120000804028
B,0,3,129720,0,mlp,0.08294424154697998
B,0,3,129720,1,mlp,0.08051822170523495
B,0,3,129720,2,mlp,0.08032061951724395
B,0,3,129720,0,onlstm_trace,0.10441091845780877
B,0,3,129720,1,onlstm_trace,0.10428122320042982
B,0,3,129720,2,onlstm_trace,0.1043169507005175
B,0,3,129720,0,unet_film,0.0369780020341924
B,0,3,129720,1,unet_film,0.05884321621512625
B,0,3,129720,2,unet_film,0.056171449685890086
B,0,3,129720,0,hrmv2_act_k1,0.10390559454465553
B,0,3,129720,1,hrmv2_act_k1,0.0591192894369473
B,0,3,129720,2,hrmv2_act_k1,0.11413118250208626
B,0,3,129720,0,hrmv2_act_k2,0.10390547528362586
B,0,3,129720,1,hrmv2_act_k2,0.06090047790773589
B,0,3,129720,2,hrmv2_act_k2,0.11413120000804028
B,0,3,129720,0,hrmv2_act_k4,0.1039054755552616
B,0,3,129720,1,hrmv2_act_k4,0.060967117368721326
B,0,3,129720,2,hrmv2_act_k4,0.11413120000318965
B,0,3,129720,0,hrmv2_act_k8,0.10390547493437989
B,0,3,129720,1,hrmv2_act_k8,0.06099899352658708
B,0,3,129720,2,hrmv2_act_k8,0.11413120000804028
B,0,4,137639,0,gnn,0.05749137556140368
B,0,4,137639,1,gnn,0.05497587983177998
B,0,4,137639,2,gnn,0.05796149677655757
B,0,4,137639,0,hrm_trace,0.06854825740333599
B,0,4,137639,1,hrm_trace,0.05198227101894038
B,0,4,137639,2,hrm_trace,0.049824676146279716
B,0,4,137639,0,hrmv2_act,0.08562732948654718
B,0,4,137639,1,hrmv2_act,0.08392812431598483
B,0,4,137639,2,hrmv2_act,0.09491444502608437
B,0,4,137639,0,mlp,0.07086910773800223
B,0,4,137639,1,mlp,0.06920276445377214
B,0,4,137639,2,mlp,0.07066723378038794
B,0,4,137639,0,onlstm_trace,0.09696307330641353
B,0,4,137639,1,onlstm_trace,0.09682751902433112
B,0,4,137639,2,onlstm_trace,0.0968640294649422
B,0,4,137639,0,unet_film,0.058269838403947144
B,0,4,137639,1,unet_film,0.07140884935896948
B,0,4,137639,2,unet_film,0.08287478716496702
B,0,4,137639,0,hrmv2_act_k1,0.08562746836777292
B,0,4,137639,1,hrmv2_act_k1,0.0789744935817408
B,0,4,137639,2,hrmv2_act_k1,0.0949144322309139
B,0,4,137639,0,hrmv2_act_k2,0.08562732971487143
B,0,4,137639,1,hrmv2_act_k2,0.08211829016184234
B,0,4,137639,2,hrmv2_act_k2,0.09491444500655664
B,0,4,137639,0,hrmv2_act_k4,0.08562732942646185
B,0,4,137639,1,hrmv2_act_k4,0.08397414620984565
B,0,4,137639,2,hrmv2_act_k4,0.09491444495999052
B,0,4,137639,0,hrmv2_act_k8,0.08562732948654718
B,0,4,137639,1,hrmv2_act_k8,0.08392812431598483
B,0,4,137639,2,hrmv2_act_k8,0.09491444502608437
B,0,5,145558,0,gnn,0.07106927124962532
B,0,5,145558,1,gnn,0.06332295350738627
B,0,5,145558,2,gnn,0.0675064422403669
B,0,5,145558,0,hrm_trace,0.05644745429799112
B,0,5,145558,1,hrm_trace,0.053862527011685056
B,0,5,145558,2,hrm_trace,0.054407256215305934
B,0,5,145558,0,hrmv2_act,0.13264118775557301
B,0,5,145558,1,hrmv2_act,0.13348144406164794
B,0,5,145558,2,hrmv2_act,0.1399941860682621
B,0,5,145558,0,mlp,0.09058774556094747
B,0,5,145558,1,mlp,0.09208869262853142
B,0,5,145558,2,mlp,0.09181046888601661
B,0,5,145558,0,onlstm_trace,0.14291200728121076
B,0,5,145558,1,onlstm_trace,0.14282538143221946
B,0,5,145558,2,onlstm_trace,0.1428492590313206
B,0,5,145558,0,unet_film,0.052430879070210386
B,0,5,145558,1,unet_film,0.06543604097496686
B,0,5,145558,2,unet_film,0.06772063228364118
B,0,5,145558,0,hrmv2_act_k1,0.13264129153730164
B,0,5,145558,1,hrmv2_act_k1,0.1336207064645363
B,0,5,145558,2,hrmv2_act_k1,0.1399941741922121
B,0,5,145558,0,hrmv2_act_k2,0.13264118871389044
B,0,5,145558,1,hrmv2_act_k2,0.13348494798736835
B,0,5,145558,2,hrmv2_act_k2,0.13999418605645186
B,0,5,145558,0,hrmv2_act_k4,0.1326411876205987
B,0,5,145558,1,hrmv2_act_k4,0.13348146788460943
B,0,5,145558,2,hrmv2_act_k4,0.13999418612900053
B,0,5,145558,0,hrmv2_act_k8,0.13264118775557301
B,0,5,145558,1,hrmv2_act_k8,0.13348144406164794
B,0,5,145558,2,hrmv2_act_k8,0.1399941860682621
B,0,6,161396,0,gnn,0.07671790018502855
B,0,6,161396,1,gnn,0.07340186268469781
B,0,6,161396,2,gnn,0.07675251848848978
B,0,6,161396,0,hrm_trace,0.07160696139724011
B,0,6,161396,1,hrm_trace,0.057737231614076366
B,0,6,161396,2,hrm_trace,0.06531052263148428
B,0,6,161396,0,hrmv2_act,0.10067097250889756
B,0,6,161396,1,hrmv2_act,0.070886648088193
B,0,6,161396,2,hrmv2_act,0.10916188020758295
B,0,6,161396,0,mlp,0.08774229774204233
B,0,6,161396,1,mlp,0.08484924974178083
B,0,6,161396,2,mlp,0.08535640476662236
B,0,6,161396,0,onlstm_trace,0.10415742036628552
B,0,6,161396,1,onlstm_trace,0.10401537756571129
B,0,6,161396,2,onlstm_trace,0.10405450518168695
B,0,6,161396,0,unet_film,0.057329145664468666
B,0,6,161396,1,unet_film,0.06597924067753204
B,0,6,161396,2,unet_film,0.06590209413754095
B,0,6,161396,0,hrmv2_act_k1,0.1006710879141935
B,0,6,161396,1,hrmv2_act_k1,0.07077117011628516
B,0,6,161396,2,hrmv2_act_k1,0.1091618653605303
B,0,6,161396,0,hrmv2_act_k2,0.10067097346645458
B,0,6,161396,1,hrmv2_act_k2,0.07005988662627445
B,0,6,161396,2,hrmv2_act_k2,0.10916188021414158
B,0,6,161396,0,hrmv2_act_k4,0.10067097324346186
B,0,6,161396,1,hrmv2_act_k4,0.07089060438584163
B,0,6,161396,2,hrmv2_act_k4,0.10916188028956558
B,0,6,161396,0,hrmv2_act_k8,0.10067097250889756
B,0,6,161396,1,hrmv2_act_k8,0.070886648088193
B,0,6,161396,2,hrmv2_act_k8,0.10916188020758295
B,0,7,169315,0,gnn,0.05325213224150732
B,0,7,169315,1,gnn,0.0502468967514341
B,0,7,169315,2,gnn,0.054918660799898655
B,0,7,169315,0,hrm_trace,0.057195463325517414
B,0,7,169315,1,hrm_trace,0.05228280770911931
B,0,7,169315,2,hrm_trace,0.05486276266479764
B,0,7,169315,0,hrmv2_act,0.12875400238110804
B,0,7,169315,1,hrmv2_act,0.12861676281106063
B,0,7,169315,2,hrmv2_act,0.1369802427103146
B,0,7,169315,0,mlp,0.07215132873069295
B,0,7,169315,1,mlp,0.0720860360070698
B,0,7,169315,2,mlp,0.07316162154001314
B,0,7,169315,0,onlstm_trace,0.1327822036807038
B,0,7,169315,1,onlstm_trace,0.13269833923592572
B,0,7,169315,2,onlstm_trace,0.13272145418072756
B,0,7,169315,0,unet_film,0.05134577113224827
B,0,7,169315,1,unet_film,0.06263912409086632
B,0,7,169315,2,unet_film,0.07195126040759513
B,0,7,169315,0,hrmv2_act_k1,0.12875413044746534
B,0,7,169315,1,hrmv2_act_k1,0.12434707187398313
B,0,7,169315,2,hrmv2_act_k1,0.13698023163422826
B,0,7,169315,0,hrmv2_act_k2,0.12875400225439748
B,0,7,169315,1,hrmv2_act_k2,0.12736496858428892
B,0,7,169315,2,hrmv2_act_k2,0.13698024270873072
B,0,7,169315,0,hrmv2_act_k4,0.12875400201364742
B,0,7,169315,1,hrmv2_act_k4,0.12770265874994813
B,0,7,169315,2,hrmv2_act_k4,0.13698024274516
B,0,7,169315,0,hrmv2_act_k8,0.12875400238110804
B,0,7,169315,1,hrmv2_act_k8,0.12861676281106063
B,0,7,169315,2,hrmv2_act_k8,0.1369802427103146
B,0,8,177234,0,gnn,0.04823390190423513
B,0,8,177234,1,gnn,0.04509070848319388
B,0,8,177234,2,gnn,0.049944421676951456
B,0,8,177234,0,hrm_trace,0.04447431615523492
B,0,8,177234,1,hrm_trace,0.03597560506380971
B,0,8,177234,2,hrm_trace,0.040283012304663995
B,0,8,177234,0,hrmv2_act,0.11002904147184284
B,0,8,177234,1,hrmv2_act,0.09755628400563349
B,0,8,177234,2,hrmv2_act,0.12049585640262424
B,0,8,177234,0,mlp,0.0613025050400137
B,0,8,177234,1,mlp,0.060598898500985786
B,0,8,177234,2,mlp,0.061575975265954715
B,0,8,177234,0,onlstm_trace,0.10743506547249114
B,0,8,177234,1,onlstm_trace,0.1073308694576327
B,0,8,177234,2,onlstm_trace,0.1073595785213573
B,0,8,177234,0,unet_film,0.039168288199081525
B,0,8,177234,1,unet_film,0.05816821987160442
B,0,8,177234,2,unet_film,0.05482474025024628
B,0,8,177234,0,hrmv2_act_k1,0.1100292201337245
B,0,8,177234,1,hrmv2_act_k1,0.09574289195846504
B,0,8,177234,2,hrmv2_act_k1,0.1204958439691511
B,0,8,177234,0,hrmv2_act_k2,0.11002904135780334
B,0,8,177234,1,hrmv2_act_k2,0.0974353803932339
B,0,8,177234,2,hrmv2_act_k2,0.1204958564168792
B,0,8,177234,0,hrmv2_act_k4,0.11002904216875088
B,0,8,177234,1,hrmv2_act_k4,0.09755475159353105
B,0,8,177234,2,hrmv2_act_k4,0.12049585648181836
B,0,8,177234,0,hrmv2_act_k8,0.11002904147184284
B,0,8,177234,1,hrmv2_act_k8,0.09755628400563349
B,0,8,177234,2,hrmv2_act_k8,0.12049585640262424
B,0,9,185153,0,gnn,0.13777323873019867
B,0,9,185153,1,gnn,0.13511172504026278
B,0,9,185153,2,gnn,0.14054407028323126
B,0,9,185153,0,hrm_trace,0.11140975795911152
B,0,9,185153,1,hrm_trace,0.12038408495135272
B,0,9,185153,2,hrm_trace,0.11917420929050082
B,0,9,185153,0,hrmv2_act,0.21768530902625205
B,0,9,185153,1,hrmv2_act,0.16929937482494184
B,0,9,185153,2,hrmv2_act,0.22574377709811208
B,0,9,185153,0,mlp,0.15285262775509736
B,0,9,185153,1,mlp,0.15312362446310215
B,0,9,185153,2,mlp,0.15452872160101788
B,0,9,185153,0,onlstm_trace,0.18329569285577882
B,0,9,185153,1,onlstm_trace,0.18339174765669794
B,0,9,185153,2,onlstm_trace,0.18336533694503485
B,0,9,185153,0,unet_film,0.1142009008487571
B,0,9,185153,1,unet_film,0.11662133186851033
B,0,9,185153,2,unet_film,0.12084874818079178
B,0,9,185153,0,hrmv2_act_k1,0.2176854115382583
B,0,9,185153,1,hrmv2_act_k1,0.1650143210484383
B,0,9,185153,2,hrmv2_act_k1,0.2257437630185104
B,0,9,185153,0,hrmv2_act_k2,0.21768531026358062
B,0,9,185153,1,hrmv2_act_k2,0.16802730493298976
B,0,9,185153,2,hrmv2_act_k2,0.22574377715964586
B,0,9,185153,0,hrmv2_act_k4,0.2176853092790396
B,0,9,185153,1,hrmv2_act_k4,0.17108144625723068
B,0,9,185153,2,hrmv2_act_k4,0.22574377705653514
B,0,9,185153,0,hrmv2_act_k8,0.21768530902625205
B,0,9,185153,1,hrmv2_act_k8,0.16929937482494184
B,0,9,185153,2,hrmv2_act_k8,0.22574377709811208
B,0,10,193072,0,gnn,0.05448540599415435
B,0,10,193072,1,gnn,0.049195694792824464
B,0,10,193072,2,gnn,0.05793642357339204
B,0,10,193072,0,hrm_trace,0.05297220230579087
B,0,10,193072,1,hrm_trace,0.045417148636863365
B,0,10,193072,2,hrm_trace,0.053088364235736006
B,0,10,193072,0,hrmv2_act,0.11684729226767453
B,0,10,193072,1,hrmv2_act,0.06476688492608501
B,0,10,193072,2,hrmv2_act,0.12578442515161223
B,0,10,193072,0,mlp,0.07459832959334219
B,0,10,193072,1,mlp,0.07341231514771263
B,0,10,193072,2,mlp,0.0744098291223124
B,0,10,193072,0,onlstm_trace,0.1147139819626277
B,0,10,193072,1,onlstm_trace,0.11462736734349703
B,0,10,193072,2,onlstm_trace,0.11465123220102556
B,0,10,193072,0,unet_film,0.036137592761607114
B,0,10,193072,1,unet_film,0.045990256968259556
B,0,10,193072,2,unet_film,0.05576947589245112
B,0,10,193072,0,hrmv2_act_k1,0.11684740204226146
B,0,10,193072,1,hrmv2_act_k1,0.061437702233114205
B,0,10,193072,2,hrmv2_act_k1,0.12578441049846628
B,0,10,193072,0,hrmv2_act_k2,0.11684729201122336
B,0,10,193072,1,hrmv2_act_k2,0.06446449556746851
B,0,10,193072,2,hrmv2_act_k2,0.12578442508581225
B,0,10,193072,0,hrmv2_act_k4,0.11684729299653566
B,0,10,193072,1,hrmv2_act_k4,0.06442360257673134
B,0,10,193072,2,hrmv2_act_k4,0.1257844251617353
B,0,10,193072,0,hrmv2_act_k8,0.11684729226767453
B,0,10,193072,1,hrmv2_act_k8,0.06476688492608501
B,0,10,193072,2,hrmv2_act_k8,0.12578442515161223
B,0,11,200991,0,gnn,0.11400505190824828
B,0,11,200991,1,gnn,0.11065312788702093
B,0,11,200991,2,gnn,0.1144647228043708
B,0,11,200991,0,hrm_trace,0.10251031341979751
B,0,11,200991,1,hrm_trace,0.10086637051606806
B,0,11,200991,2,hrm_trace,0.10659223018215865
B,0,11,200991,0,hrmv2_act,0.2111902449398276
B,0,11,200991,1,hrmv2_act,0.21246653239024013
B,0,11,200991,2,hrmv2_act,0.21970219795329285
B,0,11,200991,0,mlp,0.1352038688196902
B,0,11,200991,1,mlp,0.13791664166631215
B,0,11,200991,2,mlp,0.13759944886018946
B,0,11,200991,0,onlstm_trace,0.18543109671367042
B,0,11,200991,1,onlstm_trace,0.18543360390904715
B,0,11,200991,2,onlstm_trace,0.18543293755712073
B,0,11,200991,0,unet_film,0.08711851443508144
B,0,11,200991,1,unet_film,0.12110005933105243
B,0,11,200991,2,unet_film,0.09536155804883494
B,0,11,200991,0,hrmv2_act_k1,0.21119038898855277
B,0,11,200991,1,hrmv2_act_k1,0.21245844169746678
B,0,11,200991,2,hrmv2_act_k1,0.21970218732902747
B,0,11,200991,0,hrmv2_act_k2,0.2111902441522662
B,0,11,200991,1,hrmv2_act_k2,0.21247046517795812
B,0,11,200991,2,hrmv2_act_k2,0.21970219773608843
B,0,11,200991,0,hrmv2_act_k4,0.21119024461480226
B,0,11,200991,1,hrmv2_act_k4,0.21246653431539017
B,0,11,200991,2,hrmv2_act_k4,0.21970219777827923
B,0,11,200991,0,hrmv2_act_k8,0.2111902449398276
B,0,11,200991,1,hrmv2_act_k8,0.21246653239024013
B,0,11,200991,2,hrmv2_act_k8,0.21970219795329285
B,0,12,208910,0,gnn,0.1648603312251968
B,0,12,208910,1,gnn,0.16202232891628643
B,0,12,208910,2,gnn,0.16500158905930143
B,0,12,208910,0,hrm_trace,0.1556324249715524
B,0,12,208910,1,hrm_trace,0.15537981712961363
B,0,12,208910,2,hrm_trace,0.15843335698276775
B,0,12,208910,0,hrmv2_act,0.23818602422002141
B,0,12,208910,1,hrmv2_act,0.2391934290520786
B,0,12,208910,2,hrmv2_act,0.24665377767081811
B,0,12,208910,0,mlp,0.1838434569026867
B,0,12,208910,1,mlp,0.18581705755374409
B,0,12,208910,2,mlp,0.1852294480250383
B,0,12,208910,0,onlstm_trace,0.2293544663373759
B,0,12,208910,1,onlstm_trace,0.22933219956180892
B,0,12,208910,2,onlstm_trace,0.22933835245850054
B,0,12,208910,0,unet_film,0.13031435240108566
B,0,12,208910,1,unet_film,0.14713235329963417
B,0,12,208910,2,unet_film,0.13987347169033187
B,0,12,208910,0,hrmv2_act_k1,0.2381861498190473
B,0,12,208910,1,hrmv2_act_k1,0.23940143347303486
B,0,12,208910,2,hrmv2_act_k1,0.24665376491293242
B,0,12,208910,0,hrmv2_act_k2,0.23818602466409575
B,0,12,208910,1,hrmv2_act_k2,0.2391966435582026
B,0,12,208910,2,hrmv2_act_k2,0.24665377773403704
B,0,12,208910,0,hrmv2_act_k4,0.23818602360325147
B,0,12,208910,1,hrmv2_act_k4,0.23919342668368213
B,0,12,208910,2,hrmv2_act_k4,0.24665377763381194
B,0,12,208910,0,hrmv2_act_k8,0.23818602422002141
B,0,12,208910,1,hrmv2_act_k8,0.2391934290520786
B,0,12,208910,2,hrmv2_act_k8,0.24665377767081811
B,0,13,216829,0,gnn,0.08555055597387173
B,0,13,216829,1,gnn,0.07741874303144708
B,0,13,216829,2,gnn,0.08230480179123102
B,0,13,216829,0,hrm_trace,0.06373043634672519
B,0,13,216829,1,hrm_trace,0.06502624187198164
B,0,13,216829,2,hrm_trace,0.07227672478728109
B,0,13,216829,0,hrmv2_act,0.17137409360618283
B,0,13,216829,1,hrmv2_act,0.10687315786665974
B,0,13,216829,2,hrmv2_act,0.18109309999334292
B,0,13,216829,0,mlp,0.10484249727155885
B,0,13,216829,1,mlp,0.1062022916025238
B,0,13,216829,2,mlp,0.10649060993134012
B,0,13,216829,0,onlstm_trace,0.15770595988271338
B,0,13,216829,1,onlstm_trace,0.15765186465968115
B,0,13,216829,2,onlstm_trace,0.1576667818524691
B,0,13,216829,0,unet_film,0.07081517848548276
B,0,13,216829,1,unet_film,0.05664301204931347
B,0,13,216829,2,unet_film,0.06289934613320487
B,0,13,216829,0,hrmv2_act_k1,0.17137422847453745
B,0,13,216829,1,hrmv2_act_k1,0.10402272226911373
B,0,13,216829,2,hrmv2_act_k1,0.18109308358119114
B,0,13,216829,0,hrmv2_act_k2,0.17137409376033277
B,0,13,216829,1,hrmv2_act_k2,0.10512599883352035
B,0,13,216829,2,hrmv2_act_k2,0.18109309997246845
B,0,13,216829,0,hrmv2_act_k4,0.17137409428701175
B,0,13,216829,1,hrmv2_act_k4,0.10627210863664323
B,0,13,216829,2,hrmv2_act_k4,0.18109310007523508
B,0,13,216829,0,hrmv2_act_k8,0.17137409360618283
B,0,13,216829,1,hrmv2_act_k8,0.10687315786665974
B,0,13,216829,2,hrmv2_act_k8,0.18109309999334292
B,0,14,232667,0,gnn,0.11636072585308037
B,0,14,232667,1,gnn,0.11671069029673216
B,0,14,232667,2,gnn,0.11665212484386861
B,0,14,232667,0,hrm_trace,0.11405481106720422
B,0,14,232667,1,hrm_trace,0.0994638295295567
B,0,14,232667,2,hrm_trace,0.09782195926694807
B,0,14,232667,0,hrmv2_act,0.1013957462236526
B,0,14,232667,1,hrmv2_act,0.1058647236459817
B,0,14,232667,2,hrmv2_act,0.11056888907065747
B,0,14,232667,0,mlp,0.12965887753947972
B,0,14,232667,1,mlp,0.12764476801937732
B,0,14,232667,2,mlp,0.12814396465461902
B,0,14,232667,0,onlstm_trace,0.10243707777893353
B,0,14,232667,1,onlstm_trace,0.10230205605932709
B,0,14,232667,2,onlstm_trace,0.1023374510662346
B,0,14,232667,0,unet_film,0.09280033408548433
B,0,14,232667,1,unet_film,0.10332088276240235
B,0,14,232667,2,unet_film,0.09548589232363269
B,0,14,232667,0,hrmv2_act_k1,0.10139586748625178
B,0,14,232667,1,hrmv2_act_k1,0.10496610612239499
B,0,14,232667,2,hrmv2_act_k1,0.11056887299617647
B,0,14,232667,0,hrmv2_act_k2,0.10139574525566379
B,0,14,232667,1,hrmv2_act_k2,0.1059165290068551
B,0,14,232667,2,hrmv2_act_k2,0.1105688889698253
B,0,14,232667,0,hrmv2_act_k4,0.10139574612098713
B,0,14,232667,1,hrmv2_act_k4,0.10575007623839834
B,0,14,232667,2,hrmv2_act_k4,0.1105688890174914
B,0,14,232667,0,hrmv2_act_k8,0.1013957462236526
B,0,14,232667,1,hrmv2_act_k8,0.1058647236459817
B,0,14,232667,2,hrmv2_act_k8,0.11056888907065747
B,0,15,240586,0,gnn,0.04563953850559254
B,0,15,240586,1,gnn,0.04346415379752652
B,0,15,240586,2,gnn,0.0468770654769127
B,0,15,240586,0,hrm_trace,0.04704689305391672
B,0,15,240586,1,hrm_trace,0.04468169874102398
B,0,15,240586,2,hrm_trace,0.04745303545275711
B,0,15,240586,0,hrmv2_act,0.10867631184286129
B,0,15,240586,1,hrmv2_act,0.1096588483664497
B,0,15,240586,2,hrmv2_act,0.11578846830790429
B,0,15,240586,0,mlp,0.0689904978183543
B,0,15,240586,1,mlp,0.07021059336062589
B,0,15,240586,2,mlp,0.07061104545345966
B,0,15,240586,0,onlstm_trace,0.12783312121863508
B,0,15,240586,1,onlstm_trace,0.1277049594854672
B,0,15,240586,2,onlstm_trace,0.127740272953377
B,0,15,240586,0,unet_film,0.0509722829499886
B,0,15,240586,1,unet_film,0.06253913691661184
B,0,15,240586,2,unet_film,0.05425024467282016
B,0,15,240586,0,hrmv2_act_k1,0.10867640527422966
B,0,15,240586,1,hrmv2_act_k1,0.10970582418322732
B,0,15,240586,2,hrmv2_act_k1,0.11578845684141996
B,0,15,240586,0,hrmv2_act_k2,0.10867631188364914
B,0,15,240586,1,hrmv2_act_k2,0.10965907387567427
B,0,15,240586,2,hrmv2_act_k2,0.11578846825861895
B,0,15,240586,0,hrmv2_act_k4,0.10867631163892205
B,0,15,240586,1,hrmv2_act_k4,0.10965885566067686
B,0,15,240586,2,hrmv2_act_k4,0.11578846818384124
B,0,15,240586,0,hrmv2_act_k8,0.10867631184286129
B,0,15,240586,1,hrmv2_act_k8,0.1096588483664497
B,0,15,240586,2,hrmv2_act_k8,0.11578846830790429
B,0,16,248505,0,gnn,0.08811422923758111
B,0,16,248505,1,gnn,0.08552422655533352
B,0,16,248505,2,gnn,0.08773883316163834
B,0,16,248505,0,hrm_trace,0.08613681899195957
B,0,16,248505,1,hrm_trace,0.0912529491882842
B,0,16,248505,2,hrm_trace,0.08453868436597568
B,0,16,248505,0,hrmv2_act,0.14472314637926742
B,0,16,248505,1,hrmv2_act,0.12156447051204831
B,0,16,248505,2,hrmv2_act,0.15218792093362105
B,0,16,248505,0,mlp,0.10456101774110575
B,0,16,248505,1,mlp,0.10482624835068376
B,0,16,248505,2,mlp,0.10638710132176522
B,0,16,248505,0,onlstm_trace,0.14315607302777153
B,0,16,248505,1,onlstm_trace,0.14310910044245992
B,0,16,248505,2,onlstm_trace,0.14312145728005046
B,0,16,248505,0,unet_film,0.05282335564649563
B,0,16,248505,1,unet_film,0.06632840839157901
B,0,16,248505,2,unet_film,0.07726176642493927
B,0,16,248505,0,hrmv2_act_k1,0.14472318704701984
B,0,16,248505,1,hrmv2_act_k1,0.11167406342413753
B,0,16,248505,2,hrmv2_act_k1,0.1521879066952511
B,0,16,248505,0,hrmv2_act_k2,0.1447231467393788
B,0,16,248505,1,hrmv2_act_k2,0.12045984183239529
B,0,16,248505,2,hrmv2_act_k2,0.15218792089015934
B,0,16,248505,0,hrmv2_act_k4,0.14472314682630225
B,0,16,248505,1,hrmv2_act_k4,0.12147054943057488
B,0,16,248505,2,hrmv2_act_k4,0.15218792083583219
B,0,16,248505,0,hrmv2_act_k8,0.14472314637926742
B,0,16,248505,1,hrmv2_act_k8,0.12156447051204831
B,0,16,248505,2,hrmv2_act_k8,0.15218792093362105
B,0,17,256424,0,gnn,0.0631015391669628
B,0,17,256424,1,gnn,0.05936497103094521
B,0,17,256424,2,gnn,0.06288977670784875
B,0,17,256424,0,hrm_trace,0.0718511500518112
B,0,17,256424,1,hrm_trace,0.06124539898222767
B,0,17,256424,2,hrm_trace,0.05787979218597238
B,0,17,256424,0,hrmv2_act,0.0773468059474059
B,0,17,256424,1,hrmv2_act,0.07764976215150284
B,0,17,256424,2,hrmv2_act,0.08677088704883819
B,0,17,256424,0,mlp,0.07110089142367391
B,0,17,256424,1,mlp,0.06908820399405967
B,0,17,256424,2,mlp,0.07114238853603085
B,0,17,256424,0,onlstm_trace,0.09458338092734804
B,0,17,256424,1,onlstm_trace,0.09438334033696949
B,0,17,256424,2,onlstm_trace,0.0944384220467082
B,0,17,256424,0,unet_film,0.06634121486012
B,0,17,256424,1,unet_film,0.07287224697058649
B,0,17,256424,2,unet_film,0.07163935122069512
B,0,17,256424,0,hrmv2_act_k1,0.07734695033244762
B,0,17,256424,1,hrmv2_act_k1,0.07280272031564634
B,0,17,256424,2,hrmv2_act_k1,0.08677087484701033
B,0,17,256424,0,hrmv2_act_k2,0.07734680533453556
B,0,17,256424,1,hrmv2_act_k2,0.07642306001728777
B,0,17,256424,2,hrmv2_act_k2,0.08677088711042565
B,0,17,256424,0,hrmv2_act_k4,0.07734680606757655
B,0,17,256424,1,hrmv2_act_k4,0.07760193117255361
B,0,17,256424,2,hrmv2_act_k4,0.08677088706986806
B,0,17,256424,0,hrmv2_act_k8,0.0773468059474059
B,0,17,256424,1,hrmv2_act_k8,0.07764976215150284
B,0,17,256424,2,hrmv2_act_k8,0.08677088704883819
B,0,18,264343,0,gnn,0.05604547864809195
B,0,18,264343,1,gnn,0.053846812192777975
B,0,18,264343,2,gnn,0.05630333243853172
B,0,18,264343,0,hrm_trace,0.07175909412789676
B,0,18,264343,1,hrm_trace,0.0657434308055727
B,0,18,264343,2,hrm_trace,0.06596576320755193
B,0,18,264343,0,hrmv2_act,0.10274046208834009
B,0,18,264343,1,hrmv2_act,0.10389940693757978
B,0,18,264343,2,hrmv2_act,0.11084080883248364
B,0,18,264343,0,mlp,0.07121753796813947
B,0,18,264343,1,mlp,0.07099755666399259
B,0,18,264343,2,mlp,0.07166595042215783
B,0,18,264343,0,onlstm_trace,0.11022819800541754
B,0,18,264343,1,onlstm_trace,0.110079435425094
B,0,18,264343,2,onlstm_trace,0.11012000499075954
B,0,18,264343,0,unet_film,0.07382328147247204
B,0,18,264343,1,unet_film,0.08481343279382288
B,0,18,264343,2,unet_film,0.09784426065516805
B,0,18,264343,0,hrmv2_act_k1,0.10274060702049681
B,0,18,264343,1,hrmv2_act_k1,0.10255015470212059
B,0,18,264343,2,hrmv2_act_k1,0.1108407984092132
B,0,18,264343,0,hrmv2_act_k2,0.10274046197028512
B,0,18,264343,1,hrmv2_act_k2,0.10390400112560592
B,0,18,264343,2,hrmv2_act_k2,0.1108408088439612
B,0,18,264343,0,hrmv2_act_k4,0.10274046204898844
B,0,18,264343,1,hrmv2_act_k4,0.10389943808441715
B,0,18,264343,2,hrmv2_act_k4,0.11084080883576293
B,0,18,264343,0,hrmv2_act_k8,0.10274046208834009
B,0,18,264343,1,hrmv2_act_k8,0.10389940693757978
B,0,18,264343,2,hrmv2_act_k8,0.11084080883248364
B,0,19,272262,0,gnn,0.07333942117422067
B,0,19,272262,1,gnn,0.07425402525145636
B,0,19,272262,2,gnn,0.06998485483021848
B,0,19,272262,0,hrm_trace,0.07796509659583391
B,0,19,272262,1,hrm_trace,0.06332932992337091
B,0,19,272262,2,hrm_trace,0.06770302203111038
B,0,19,272262,0,hrmv2_act,0.06044704084362567
B,0,19,272262,1,hrmv2_act,0.06411363330595665
B,0,19,272262,2,hrmv2_act,0.06905274916383719
B,0,19,272262,0,mlp,0.08819481039189057
B,0,19,272262,1,mlp,0.08647685026017266
B,0,19,272262,2,mlp,0.08671253643065213
B,0,19,272262,0,onlstm_trace,0.07512860851538182
B,0,19,272262,1,onlstm_trace,0.07493522039995212
B,0,19,272262,2,onlstm_trace,0.07498848444211653
B,0,19,272262,0,unet_film,0.06401834191462456
B,0,19,272262,1,unet_film,0.0829270874456541
B,0,19,272262,2,unet_film,0.08896409284389513
B,0,19,272262,0,hrmv2_act_k1,0.060447123988934676
B,0,19,272262,1,hrmv2_act_k1,0.0635460433864445
B,0,19,272262,2,hrmv2_act_k1,0.06905273419001963
B,0,19,272262,0,hrmv2_act_k2,0.060447041187092154
B,0,19,272262,1,hrmv2_act_k2,0.06411628115511316
B,0,19,272262,2,hrmv2_act_k2,0.06905274909943722
B,0,19,272262,0,hrmv2_act_k4,0.06044704094930767
B,0,19,272262,1,hrmv2_act_k4,0.06444143224440882
B,0,19,272262,2,hrmv2_act_k4,0.06905274913906798
B,0,19,272262,0,hrmv2_act_k8,0.06044704084362567
B,0,19,272262,1,hrmv2_act_k8,0.06411363330595665
B,0,19,272262,2,hrmv2_act_k8,0.06905274916383719
B,0,20,280181,0,gnn,0.0665249538912633
B,0,20,280181,1,gnn,0.06215867224120957
B,0,20,280181,2,gnn,0.06722701017690537
B,0,20,280181,0,hrm_trace,0.05570355592755389
B,0,20,280181,1,hrm_trace,0.04603763993419694
B,0,20,280181,2,hrm_trace,0.05876148479472538
B,0,20,280181,0,hrmv2_act,0.11765895095542685
B,0,20,280181,1,hrmv2_act,0.07521928134575982
B,0,20,280181,2,hrmv2_act,0.1294653749555367
B,0,20,280181,0,mlp,0.08314265076088194
B,0,20,280181,1,mlp,0.08197174227027655
B,0,20,280181,2,mlp,0.08073075509338191
B,0,20,280181,0,onlstm_trace,0.11737094846144908
B,0,20,280181,1,onlstm_trace,0.1172199499223361
B,0,20,280181,2,onlstm_trace,0.11726153906322813
B,0,20,280181,0,unet_film,0.055361858995612225
B,0,20,280181,1,unet_film,0.06446859837446006
B,0,20,280181,2,unet_film,0.07186495485861383
B,0,20,280181,0,hrmv2_act_k1,0.11765911338865205
B,0,20,280181,1,hrmv2_act_k1,0.0761673609066736
B,0,20,280181,2,hrmv2_act_k1,0.129465357854869
B,0,20,280181,0,hrmv2_act_k2,0.11765895100826784
B,0,20,280181,1,hrmv2_act_k2,0.07473815434895635
B,0,20,280181,2,hrmv2_act_k2,0.12946537489774188
B,0,20,280181,0,hrmv2_act_k4,0.11765895079690386
B,0,20,280181,1,hrmv2_act_k4,0.0752450868675955
B,0,20,280181,2,hrmv2_act_k4,0.12946537490434698
B,0,20,280181,0,hrmv2_act_k8,0.11765895095542685
B,0,20,280181,1,hrmv2_act_k8,0.07521928134575982
B,0,20,280181,2,hrmv2_act_k8,0.1294653749555367
B,0,21,288100,0,gnn,0.15413583938183464
B,0,21,288100,1,gnn,0.14612617828974753
B,0,21,288100,2,gnn,0.14984925353483833
B,0,21,288100,0,hrm_trace,0.12701865639845625
B,0,21,288100,1,hrm_trace,0.1323240110210591
B,0,21,288100,2,hrm_trace,0.13659815395205552
B,0,21,288100,0,hrmv2_act,0.24432427707171586
B,0,21,288100,1,hrmv2_act,0.1817495561816469
B,0,21,288100,2,hrmv2_act,0.2535150229507604
B,0,21,288100,0,mlp,0.17117135468357658
B,0,21,288100,1,mlp,0.17267119113870796
B,0,21,288100,2,mlp,0.1734928112022254
B,0,21,288100,0,onlstm_trace,0.22524652166605733
B,0,21,288100,1,onlstm_trace,0.22523880173412603
B,0,21,288100,2,onlstm_trace,0.22524094585707188
B,0,21,288100,0,unet_film,0.11276302233774872
B,0,21,288100,1,unet_film,0.11799912602879363
B,0,21,288100,2,unet_film,0.11696768500659506
B,0,21,288100,0,hrmv2_act_k1,0.24432438924149133
B,0,21,288100,1,hrmv2_act_k1,0.184055189482198
B,0,21,288100,2,hrmv2_act_k1,0.2535150084092824
B,0,21,288100,0,hrmv2_act_k2,0.24432427657072853
B,0,21,288100,1,hrmv2_act_k2,0.1796076118244978
B,0,21,288100,2,hrmv2_act_k2,0.25351502283354227
B,0,21,288100,0,hrmv2_act_k4,0.2443242769561034
B,0,21,288100,1,hrmv2_act_k4,0.182858609581703
B,0,21,288100,2,hrmv2_act_k4,0.25351502297484635
B,0,21,288100,0,hrmv2_act_k8,0.24432427707171586
B,0,21,288100,1,hrmv2_act_k8,0.1817495561816469
B,0,21,288100,2,hrmv2_act_k8,0.2535150229507604
B,0,22,296019,0,gnn,0.05249542577505082
B,0,22,296019,1,gnn,0.05116212454446456
B,0,22,296019,2,gnn,0.0535106690591508
B,0,22,296019,0,hrm_trace,0.05874979582899242
B,0,22,296019,1,hrm_trace,0.0476770885304161
B,0,22,296019,2,hrm_trace,0.050248690532733176
B,0,22,296019,0,hrmv2_act,0.09493497613922292
B,0,22,296019,1,hrmv2_act,0.06248323467517913
B,0,22,296019,2,hrmv2_act,0.1054331678183932
B,0,22,296019,0,mlp,0.06943412017476337
B,0,22,296019,1,mlp,0.06729077173451124
B,0,22,296019,2,mlp,0.06714448531373021
B,0,22,296019,0,onlstm_trace,0.10365032208563242
B,0,22,296019,1,onlstm_trace,0.10346742554143902
B,0,22,296019,2,onlstm_trace,0.10351780030420432
B,0,22,296019,0,unet_film,0.053294453132809415
B,0,22,296019,1,unet_film,0.06984822093609817
B,0,22,296019,2,unet_film,0.07327035910775892
B,0,22,296019,0,hrmv2_act_k1,0.09493510681983743
B,0,22,296019,1,hrmv2_act_k1,0.06185377833391251
B,0,22,296019,2,hrmv2_act_k1,0.10543315140463567
B,0,22,296019,0,hrmv2_act_k2,0.09493497652459777
B,0,22,296019,1,hrmv2_act_k2,0.06368496415805393
B,0,22,296019,2,hrmv2_act_k2,0.10543316764658024
B,0,22,296019,0,hrmv2_act_k4,0.09493497529139823
B,0,22,296019,1,hrmv2_act_k4,0.06283082235337524
B,0,22,296019,2,hrmv2_act_k4,0.10543316780073018
B,0,22,296019,0,hrmv2_act_k8,0.09493497613922292
B,0,22,296019,1,hrmv2_act_k8,0.06248323467517913
B,0,22,296019,2,hrmv2_act_k8,0.1054331678183932
B,0,23,303938,0,gnn,0.0712639083955975
B,0,23,303938,1,gnn,0.06469204400516328
B,0,23,303938,2,gnn,0.06644518393027621
B,0,23,303938,0,hrm_trace,0.0771995603990644
B,0,23,303938,1,hrm_trace,0.06615619016698517
B,0,23,303938,2,hrm_trace,0.0693792966164531
B,0,23,303938,0,hrmv2_act,0.12265888744156624
B,0,23,303938,1,hrmv2_act,0.06028011075329526
B,0,23,303938,2,hrmv2_act,0.13213978893134817
B,0,23,303938,0,mlp,0.08567871551423785
B,0,23,303938,1,mlp,0.08259728419033083
B,0,23,303938,2,mlp,0.08291213434555615
B,0,23,303938,0,onlstm_trace,0.12035455057868773
B,0,23,303938,1,onlstm_trace,0.12026756566259512
B,0,23,303938,2,onlstm_trace,0.12029153234324597
B,0,23,303938,0,unet_film,0.04887188405912626
B,0,23,303938,1,unet_film,0.05956668700147331
B,0,23,303938,2,unet_film,0.05668805530489505
B,0,23,303938,0,hrmv2_act_k1,0.12265900230043118
B,0,23,303938,1,hrmv2_act_k1,0.060998530400901696
B,0,23,303938,2,hrmv2_act_k1,0.13213977154878642
B,0,23,303938,0,hrmv2_act_k2,0.12265888756914468
B,0,23,303938,1,hrmv2_act_k2,0.0603029237740541
B,0,23,303938,2,hrmv2_act_k2,0.13213978888669572
B,0,23,303938,0,hrmv2_act_k4,0.1226588871608937
B,0,23,303938,1,hrmv2_act_k4,0.06030754051866627
B,0,23,303938,2,hrmv2_act_k4,0.13213978886118002
B,0,23,303938,0,hrmv2_act_k8,0.12265888744156624
B,0,23,303938,1,hrmv2_act_k8,0.06028011075329526
B,0,23,303938,2,hrmv2_act_k8,0.13213978893134817
B,0,24,311857,0,gnn,0.05293601478063826
B,0,24,311857,1,gnn,0.04565448831608463
B,0,24,311857,2,gnn,0.05044349801015596
B,0,24,311857,0,hrm_trace,0.047881356237311705
B,0,24,311857,1,hrm_trace,0.04617961379411179
B,0,24,311857,2,hrm_trace,0.04639043330582859
B,0,24,311857,0,hrmv2_act,0.127082882301452
B,0,24,311857,1,hrmv2_act,0.1285520547204205
B,0,24,311857,2,hrmv2_act,0.13703058946244237
B,0,24,311857,0,mlp,0.06779077487988074
B,0,24,311857,1,mlp,0.07000188963761585
B,0,24,311857,2,mlp,0.06912253426716185
B,0,24,311857,0,onlstm_trace,0.1140191043817716
B,0,24,311857,1,onlstm_trace,0.11399036858655047
B,0,24,311857,2,onlstm_trace,0.11399830850877653
B,0,24,311857,0,unet_film,0.03831179022246159
B,0,24,311857,1,unet_film,0.056770171907055446
B,0,24,311857,2,unet_film,0.04709390131095886
B,0,24,311857,0,hrmv2_act_k1,0.12708304419527408
B,0,24,311857,1,hrmv2_act_k1,0.12759081729620442
B,0,24,311857,2,hrmv2_act_k1,0.13703057600711063
B,0,24,311857,0,hrmv2_act_k2,0.12708288154597355
B,0,24,311857,1,hrmv2_act_k2,0.12855526314622828
B,0,24,311857,2,hrmv2_act_k2,0.13703058931427742
B,0,24,311857,0,hrmv2_act_k4,0.12708288211909513
B,0,24,311857,1,hrmv2_act_k4,0.12855206166951968
B,0,24,311857,2,hrmv2_act_k4,0.13703058940219948
B,0,24,311857,0,hrmv2_act_k8,0.127082882301452
B,0,24,311857,1,hrmv2_act_k8,0.1285520547204205
B,0,24,311857,2,hrmv2_act_k8,0.13703058946244237
B,2,0,31077689,0,gnn,0.1305082367148312
B,2,0,31077689,1,gnn,0.12852829327296567
B,2,0,31077689,2,gnn,0.11837660791260167
B,2,0,31077689,0,hrm_trace,0.06914898658643572
B,2,0,31077689,1,hrm_trace,0.08772805123122081
B,2,0,31077689,2,hrm_trace,0.081110383151319
B,2,0,31077689,0,hrmv2_act,0.13333824778661016
B,2,0,31077689,1,hrmv2_act,0.09356908472110011
B,2,0,31077689,2,hrmv2_act,0.18495882013512985
B,2,0,31077689,0,mlp,0.06438019401001026
B,2,0,31077689,1,mlp,0.08106884333206989
B,2,0,31077689,2,mlp,0.06416749248162687
B,2,0,31077689,0,onlstm_trace,0.07795936415103302
B,2,0,31077689,1,onlstm_trace,0.08918438248951305
B,2,0,31077689,2,onlstm_trace,0.08353434525638948
B,2,0,31077689,0,unet_film,0.058123551640582694
B,2,0,31077689,1,unet_film,0.10560457622111147
B,2,0,31077689,2,unet_film,0.06494949268136818
B,2,0,31077689,0,hrmv2_act_k1,0.1484607784479526
B,2,0,31077689,1,hrmv2_act_k1,0.10316514650071158
B,2,0,31077689,2,hrmv2_act_k1,0.1937133249441918
B,2,0,31077689,0,hrmv2_act_k2,0.13661658444965824
B,2,0,31077689,1,hrmv2_act_k2,0.09420643716473827
B,2,0,31077689,2,hrmv2_act_k2,0.1751911403982195
B,2,0,31077689,0,hrmv2_act_k4,0.1326299763911144
B,2,0,31077689,1,hrmv2_act_k4,0.09464682328812174
B,2,0,31077689,2,hrmv2_act_k4,0.17758219249191043
B,2,0,31077689,0,hrmv2_act_k8,0.13333824778661016
B,2,0,31077689,1,hrmv2_act_k8,0.09356908472110011
B,2,0,31077689,2,hrmv2_act_k8,0.18495882013512985
B,2,1,31085608,0,gnn,0.4253779692122252
B,2,1,31085608,1,gnn,0.4210050131668715
B,2,1,31085608,2,gnn,0.4241090258019949
B,2,1,31085608,0,hrm_trace,0.37474902090860285
B,2,1,31085608,1,hrm_trace,0.35620103241526646
B,2,1,31085608,2,hrm_trace,0.36186803483164215
B,2,1,31085608,0,hrmv2_act,0.20668569747886653
B,2,1,31085608,1,hrmv2_act,0.20419575537564738
B,2,1,31085608,2,hrmv2_act,0.1815920512524772
B,2,1,31085608,0,mlp,0.38317162961133905
B,2,1,31085608,1,mlp,0.3129244725028096
B,2,1,31085608,2,mlp,0.3510072205675991
B,2,1,31085608,0,onlstm_trace,0.34740811967139923
B,2,1,31085608,1,onlstm_trace,0.2796499930561825
B,2,1,31085608,2,onlstm_trace,0.2861532026706214
B,2,1,31085608,0,unet_film,0.31763532537216244
B,2,1,31085608,1,unet_film,0.3969704357542018
B,2,1,31085608,2,unet_film,0.24551039252805118
B,2,1,31085608,0,hrmv2_act_k1,0.2414480722874439
B,2,1,31085608,1,hrmv2_act_k1,0.20910245512919767
B,2,1,31085608,2,hrmv2_act_k1,0.19203719089521296
B,2,1,31085608,0,hrmv2_act_k2,0.21244390370244573
B,2,1,31085608,1,hrmv2_act_k2,0.2024742438887047
B,2,1,31085608,2,hrmv2_act_k2,0.18326623245401852
B,2,1,31085608,0,hrmv2_act_k4,0.20919046766071206
B,2,1,31085608,1,hrmv2_act_k4,0.20172282484690804
B,2,1,31085608,2,hrmv2_act_k4,0.18124124684041495
B,2,1,31085608,0,hrmv2_act_k8,0.20668569747886653
B,2,1,31085608,1,hrmv2_act_k8,0.20419575537564738
B,2,1,31085608,2,hrmv2_act_k8,0.1815920512524772
B,2,2,31093527,0,gnn,0.2576334463756654
B,2,2,31093527,1,gnn,0.25477100375158634
B,2,2,31093527,2,gnn,0.2546471392383108
B,2,2,31093527,0,hrm_trace,0.33047282466709305
B,2,2,31093527,1,hrm_trace,0.28995923667820817
B,2,2,31093527,2,hrm_trace,0.31181203799693075
B,2,2,31093527,0,hrmv2_act,0.3076075214257201
B,2,2,31093527,1,hrmv2_act,0.31234855199007633
B,2,2,31093527,2,hrmv2_act,0.29129747572644205
B,2,2,31093527,0,mlp,0.39757653611627286
B,2,2,31093527,1,mlp,0.3391111669300137
B,2,2,31093527,2,mlp,0.3713257665209881
B,2,2,31093527,0,onlstm_trace,0.3387298877364903
B,2,2,31093527,1,onlstm_trace,0.310941428655615
B,2,2,31093527,2,onlstm_trace,0.2967979572470925
B,2,2,31093527,0,unet_film,0.39277494229803933
B,2,2,31093527,1,unet_film,0.3792850031744938
B,2,2,31093527,2,unet_film,0.3522273219002427
B,2,2,31093527,0,hrmv2_act_k1,0.2807468182068504
B,2,2,31093527,1,hrmv2_act_k1,0.3181438727777964
B,2,2,31093527,2,hrmv2_act_k1,0.2803700320187549
B,2,2,31093527,0,hrmv2_act_k2,0.2986336495951824
B,2,2,31093527,1,hrmv2_act_k2,0.31536359844506207
B,2,2,31093527,2,hrmv2_act_k2,0.29208912974794915
B,2,2,31093527,0,hrmv2_act_k4,0.307285298837471
B,2,2,31093527,1,hrmv2_act_k4,0.3144683778703932
B,2,2,31093527,2,hrmv2_act_k4,0.2905551910373158
B,2,2,31093527,0,hrmv2_act_k8,0.3076075214257201
B,2,2,31093527,1,hrmv2_act_k8,0.31234855199007633
B,2,2,31093527,2,hrmv2_act_k8,0.29129747572644205
B,2,3,31101446,0,gnn,0.09652492974745945
B,2,3,31101446,1,gnn,0.09975105347852681
B,2,3,31101446,2,gnn,0.09452370404904692
B,2,3,31101446,0,hrm_trace,0.08214681796930623
B,2,3,31101446,1,hrm_trace,0.08777107984548188
B,2,3,31101446,2,hrm_trace,0.08123876709233949
B,2,3,31101446,0,hrmv2_act,0.12780269091095633
B,2,3,31101446,1,hrmv2_act,0.12690364322705983
B,2,3,31101446,2,hrmv2_act,0.11840787396799562
B,2,3,31101446,0,mlp,0.10823940927865942
B,2,3,31101446,1,mlp,0.07646833359168592
B,2,3,31101446,2,mlp,0.09214957148111752
B,2,3,31101446,0,onlstm_trace,0.07759451328077326
B,2,3,31101446,1,onlstm_trace,0.07889808079367745
B,2,3,31101446,2,onlstm_trace,0.07579910281366277
B,2,3,31101446,0,unet_film,0.07449491185369683
B,2,3,31101446,1,unet_film,0.08431373962595297
B,2,3,31101446,2,unet_film,0.07044421505343183
B,2,3,31101446,0,hrmv2_act_k1,0.14420062077473841
B,2,3,31101446,1,hrmv2_act_k1,0.11880771064479163
B,2,3,31101446,2,hrmv2_act_k1,0.12520852374468355
B,2,3,31101446,0,hrmv2_act_k2,0.13142407302760276
B,2,3,31101446,1,hrmv2_act_k2,0.12249702029505766
B,2,3,31101446,2,hrmv2_act_k2,0.11858962107076453
B,2,3,31101446,0,hrmv2_act_k4,0.1312460578473242
B,2,3,31101446,1,hrmv2_act_k4,0.124705690874709
B,2,3,31101446,2,hrmv2_act_k4,0.11964792677481238
B,2,3,31101446,0,hrmv2_act_k8,0.12780269091095633
B,2,3,31101446,1,hrmv2_act_k8,0.12690364322705983
B,2,3,31101446,2,hrmv2_act_k8,0.11840787396799562
B,2,4,31109365,0,gnn,0.174461428923669
B,2,4,31109365,1,gnn,0.18782909511905957
B,2,4,31109365,2,gnn,0.17231165563780415
B,2,4,31109365,0,hrm_trace,0.06203020206249569
B,2,4,31109365,1,hrm_trace,0.07365118298981078
B,2,4,31109365,2,hrm_trace,0.06365897917649202
B,2,4,31109365,0,hrmv2_act,0.09402709901767413
B,2,4,31109365,1,hrmv2_act,0.07827541010202137
B,2,4,31109365,2,hrmv2_act,0.10431079179737172
B,2,4,31109365,0,mlp,0.10257462666056438
B,2,4,31109365,1,mlp,0.131541350903409
B,2,4,31109365,2,mlp,0.1285241266219234
B,2,4,31109365,0,onlstm_trace,0.08203855488024751
B,2,4,31109365,1,onlstm_trace,0.07881427690822908
B,2,4,31109365,2,onlstm_trace,0.07807804589495052
B,2,4,31109365,0,unet_film,0.07241442788874829
B,2,4,31109365,1,unet_film,0.08444330004975135
B,2,4,31109365,2,unet_film,0.10707873006186319
B,2,4,31109365,0,hrmv2_act_k1,0.10994841382041824
B,2,4,31109365,1,hrmv2_act_k1,0.072172534311111
B,2,4,31109365,2,hrmv2_act_k1,0.10253786392598456
B,2,4,31109365,0,hrmv2_act_k2,0.0958191686994802
B,2,4,31109365,1,hrmv2_act_k2,0.07800976179154391
B,2,4,31109365,2,hrmv2_act_k2,0.10353714035306934
B,2,4,31109365,0,hrmv2_act_k4,0.09375427822258108
B,2,4,31109365,1,hrmv2_act_k4,0.07819663767211207
B,2,4,31109365,2,hrmv2_act_k4,0.10417305472842507
B,2,4,31109365,0,hrmv2_act_k8,0.09402709901767413
B,2,4,31109365,1,hrmv2_act_k8,0.07827541010202137
B,2,4,31109365,2,hrmv2_act_k8,0.10431079179737172
B,2,5,31117284,0,gnn,0.09304545168216836
B,2,5,31117284,1,gnn,0.09961914853762359
B,2,5,31117284,2,gnn,0.08755366406127385
B,2,5,31117284,0,hrm_trace,0.08181679816698101
B,2,5,31117284,1,hrm_trace,0.09159478578215248
B,2,5,31117284,2,hrm_trace,0.08629712148292791
B,2,5,31117284,0,hrmv2_act,0.1269432014133927
B,2,5,31117284,1,hrmv2_act,0.08260842581068231
B,2,5,31117284,2,hrmv2_act,0.10901379566279647
B,2,5,31117284,0,mlp,0.10477257673243674
B,2,5,31117284,1,mlp,0.09295681629910374
B,2,5,31117284,2,mlp,0.099885271924171
B,2,5,31117284,0,onlstm_trace,0.10820864535041902
B,2,5,31117284,1,onlstm_trace,0.10587936053097285
B,2,5,31117284,2,onlstm_trace,0.08560547209727602
B,2,5,31117284,0,unet_film,0.11810627852760792
B,2,5,31117284,1,unet_film,0.11090194306547181
B,2,5,31117284,2,unet_film,0.10259587949060615
B,2,5,31117284,0,hrmv2_act_k1,0.1230060735705631
B,2,5,31117284,1,hrmv2_act_k1,0.07872005780186066
B,2,5,31117284,2,hrmv2_act_k1,0.10520656374059563
B,2,5,31117284,0,hrmv2_act_k2,0.12741920642389631
B,2,5,31117284,1,hrmv2_act_k2,0.08318467567230729
B,2,5,31117284,2,hrmv2_act_k2,0.10888142680757329
B,2,5,31117284,0,hrmv2_act_k4,0.12709138255591682
B,2,5,31117284,1,hrmv2_act_k4,0.0819895140445607
B,2,5,31117284,2,hrmv2_act_k4,0.10897120306666495
B,2,5,31117284,0,hrmv2_act_k8,0.1269432014133927
B,2,5,31117284,1,hrmv2_act_k8,0.08260842581068231
B,2,5,31117284,2,hrmv2_act_k8,0.10901379566279647
B,2,6,31125203,0,gnn,0.10065768304505007
B,2,6,31125203,1,gnn,0.10130710245166023
B,2,6,31125203,2,gnn,0.10087049694524508
B,2,6,31125203,0,hrm_trace,0.09073843884804143
B,2,6,31125203,1,hrm_trace,0.09715584092252545
B,2,6,31125203,2,hrm_trace,0.0943417040977404
B,2,6,31125203,0,hrmv2_act,0.1465337267482977
B,2,6,31125203,1,hrmv2_act,0.09028087916343779
B,2,6,31125203,2,hrmv2_act,0.11247379094869235
B,2,6,31125203,0,mlp,0.12377701767345047
B,2,6,31125203,1,mlp,0.12229522188067389
B,2,6,31125203,2,mlp,0.12061325568427177
B,2,6,31125203,0,onlstm_trace,0.12872706799154138
B,2,6,31125203,1,onlstm_trace,0.12614962969623295
B,2,6,31125203,2,onlstm_trace,0.12793592452949928
B,2,6,31125203,0,unet_film,0.08498231909060026
B,2,6,31125203,1,unet_film,0.1459256828027222
B,2,6,31125203,2,unet_film,0.09041430117143563
B,2,6,31125203,0,hrmv2_act_k1,0.14871235770293084
B,2,6,31125203,1,hrmv2_act_k1,0.0800734547062928
B,2,6,31125203,2,hrmv2_act_k1,0.10778189076179306
B,2,6,31125203,0,hrmv2_act_k2,0.14376233591403823
B,2,6,31125203,1,hrmv2_act_k2,0.09377224991364365
B,2,6,31125203,2,hrmv2_act_k2,0.11182364910405956
B,2,6,31125203,0,hrmv2_act_k4,0.14719891137944938
B,2,6,31125203,1,hrmv2_act_k4,0.09183496148312649
B,2,6,31125203,2,hrmv2_act_k4,0.11227385610638302
B,2,6,31125203,0,hrmv2_act_k8,0.1465337267482977
B,2,6,31125203,1,hrmv2_act_k8,0.09028087916343779
B,2,6,31125203,2,hrmv2_act_k8,0.11247379094869235
B,2,7,31141041,0,gnn,0.14980239523210692
B,2,7,31141041,1,gnn,0.15761968610139399
B,2,7,31141041,2,gnn,0.1559584726745166
B,2,7,31141041,0,hrm_trace,0.0871645145379019
B,2,7,31141041,1,hrm_trace,0.10645251562337915
B,2,7,31141041,2,hrm_trace,0.09944887741498964
B,2,7,31141041,0,hrmv2_act,0.18525862735742646
B,2,7,31141041,1,hrmv2_act,0.25142285078699966
B,2,7,31141041,2,hrmv2_act,0.36831431960119915
B,2,7,31141041,0,mlp,0.08058376170970795
B,2,7,31141041,1,mlp,0.08627675580304867
B,2,7,31141041,2,mlp,0.0761939467958905
B,2,7,31141041,0,onlstm_trace,0.10172665614125102
B,2,7,31141041,1,onlstm_trace,0.13170563074587704
B,2,7,31141041,2,onlstm_trace,0.13650767959219617
B,2,7,31141041,0,unet_film,0.06136485539984842
B,2,7,31141041,1,unet_film,0.11351925632382458
B,2,7,31141041,2,unet_film,0.12515354588329033
B,2,7,31141041,0,hrmv2_act_k1,0.2569465283975875
B,2,7,31141041,1,hrmv2_act_k1,0.21269682271019488
B,2,7,31141041,2,hrmv2_act_k1,0.37526944605022544
B,2,7,31141041,0,hrmv2_act_k2,0.18533261050216668
B,2,7,31141041,1,hrmv2_act_k2,0.24086100222843065
B,2,7,31141041,2,hrmv2_act_k2,0.36552226754664524
B,2,7,31141041,0,hrmv2_act_k4,0.18707641504036635
B,2,7,31141041,1,hrmv2_act_k4,0.24941383291989802
B,2,7,31141041,2,hrmv2_act_k4,0.36771466291210647
B,2,7,31141041,0,hrmv2_act_k8,0.18525862735742646
B,2,7,31141041,1,hrmv2_act_k8,0.25142285078699966
B,2,7,31141041,2,hrmv2_act_k8,0.36831431960119915
B,2,8,31148960,0,gnn,0.13789991629959278
B,2,8,31148960,1,gnn,0.13808312223937044
B,2,8,31148960,2,gnn,0.14135394642924867
B,2,8,31148960,0,hrm_trace,0.1257308292090603
B,2,8,31148960,1,hrm_trace,0.1300534246658167
B,2,8,31148960,2,hrm_trace,0.1313882891550838
B,2,8,31148960,0,hrmv2_act,0.21897149542576855
B,2,8,31148960,1,hrmv2_act,0.1265316707125046
B,2,8,31148960,2,hrmv2_act,0.13898255416253993
B,2,8,31148960,0,mlp,0.11373247535495562
B,2,8,31148960,1,mlp,0.11416591133031899
B,2,8,31148960,2,mlp,0.11368527414709828
B,2,8,31148960,0,onlstm_trace,0.11178147848445953
B,2,8,31148960,1,onlstm_trace,0.10319003044534752
B,2,8,31148960,2,onlstm_trace,0.1040114258347572
B,2,8,31148960,0,unet_film,0.08674285917493003
B,2,8,31148960,1,unet_film,0.10255420759397005
B,2,8,31148960,2,unet_film,0.12447483293098822
B,2,8,31148960,0,hrmv2_act_k1,0.21201529010271924
B,2,8,31148960,1,hrmv2_act_k1,0.12872925460884427
B,2,8,31148960,2,hrmv2_act_k1,0.1428235957040514
B,2,8,31148960,0,hrmv2_act_k2,0.21986432210475063
B,2,8,31148960,1,hrmv2_act_k2,0.12817508863707186
B,2,8,31148960,2,hrmv2_act_k2,0.13831649039293845
B,2,8,31148960,0,hrmv2_act_k4,0.21975512485147686
B,2,8,31148960,1,hrmv2_act_k4,0.1281178417717612
B,2,8,31148960,2,hrmv2_act_k4,0.13919584438928895
B,2,8,31148960,0,hrmv2_act_k8,0.21897149542576855
B,2,8,31148960,1,hrmv2_act_k8,0.1265316707125046
B,2,8,31148960,2,hrmv2_act_k8,0.13898255416253993
B,2,9,31156879,0,gnn,0.11619549634479254
B,2,9,31156879,1,gnn,0.12054918906374168
B,2,9,31156879,2,gnn,0.11694220764961487
B,2,9,31156879,0,hrm_trace,0.06839157601546271
B,2,9,31156879,1,hrm_trace,0.07974998466482155
B,2,9,31156879,2,hrm_trace,0.06990094253561553
B,2,9,31156879,0,hrmv2_act,0.13410038913751002
B,2,9,31156879,1,hrmv2_act,0.12754162728411556
B,2,9,31156879,2,hrmv2_act,0.1342162039262092
B,2,9,31156879,0,mlp,0.11185154364569729
B,2,9,31156879,1,mlp,0.10060562068715621
B,2,9,31156879,2,mlp,0.10631474254240764
B,2,9,31156879,0,onlstm_trace,0.0630173955675594
B,2,9,31156879,1,onlstm_trace,0.053820501482318005
B,2,9,31156879,2,onlstm_trace,0.05992608745435448
B,2,9,31156879,0,unet_film,0.07034300514113599
B,2,9,31156879,1,unet_film,0.08307054692266329
B,2,9,31156879,2,unet_film,0.07306482848626863
B,2,9,31156879,0,hrmv2_act_k1,0.1581879593120734
B,2,9,31156879,1,hrmv2_act_k1,0.13514311920279384
B,2,9,31156879,2,hrmv2_act_k1,0.13032354565649343
B,2,9,31156879,0,hrmv2_act_k2,0.13849727610485021
B,2,9,31156879,1,hrmv2_act_k2,0.1282535605530479
B,2,9,31156879,2,hrmv2_act_k2,0.13395903249200555
B,2,9,31156879,0,hrmv2_act_k4,0.13403720615966322
B,2,9,31156879,1,hrmv2_act_k4,0.12734673594573426
B,2,9,31156879,2,hrmv2_act_k4,0.13418055747688606
B,2,9,31156879,0,hrmv2_act_k8,0.13410038913751002
B,2,9,31156879,1,hrmv2_act_k8,0.12754162728411556
B,2,9,31156879,2,hrmv2_act_k8,0.1342162039262092
B,2,10,31180636,0,gnn,0.13503665822548608
B,2,10,31180636,1,gnn,0.13822784092061577
B,2,10,31180636,2,gnn,0.12385931458569847
B,2,10,31180636,0,hrm_trace,0.06016263398165034
B,2,10,31180636,1,hrm_trace,0.07104254124160216
B,2,10,31180636,2,hrm_trace,0.0665442184559741
B,2,10,31180636,0,hrmv2_act,0.12023707818003292
B,2,10,31180636,1,hrmv2_act,0.08088543924002502
B,2,10,31180636,2,hrmv2_act,0.13066984841576976
B,2,10,31180636,0,mlp,0.08093017518552158
B,2,10,31180636,1,mlp,0.0751593637629754
B,2,10,31180636,2,mlp,0.07969607457470404
B,2,10,31180636,0,onlstm_trace,0.05266357644018038
B,2,10,31180636,1,onlstm_trace,0.058365567177932724
B,2,10,31180636,2,onlstm_trace,0.056742704007401695
B,2,10,31180636,0,unet_film,0.06260707738464502
B,2,10,31180636,1,unet_film,0.06869058617074981
B,2,10,31180636,2,unet_film,0.11383985742264265
B,2,10,31180636,0,hrmv2_act_k1,0.13206075210143334
B,2,10,31180636,1,hrmv2_act_k1,0.07463463063411911
B,2,10,31180636,2,hrmv2_act_k1,0.13914336411845604
B,2,10,31180636,0,hrmv2_act_k2,0.11993390160627652
B,2,10,31180636,1,hrmv2_act_k2,0.0790648916654055
B,2,10,31180636,2,hrmv2_act_k2,0.1299133950159755
B,2,10,31180636,0,hrmv2_act_k4,0.12110415407329944
B,2,10,31180636,1,hrmv2_act_k4,0.08114248001255563
B,2,10,31180636,2,hrmv2_act_k4,0.1305004046147011
B,2,10,31180636,0,hrmv2_act_k8,0.12023707818003292
B,2,10,31180636,1,hrmv2_act_k8,0.08088543924002502
B,2,10,31180636,2,hrmv2_act_k8,0.13066984841576976
B,2,11,31188555,0,gnn,0.22140575485238526
B,2,11,31188555,1,gnn,0.21382143831177344
B,2,11,31188555,2,gnn,0.2157980418643026
B,2,11,31188555,0,hrm_trace,0.3428040734548096
B,2,11,31188555,1,hrm_trace,0.3174686892207097
B,2,11,31188555,2,hrm_trace,0.33447771661692866
B,2,11,31188555,0,hrmv2_act,0.40962867762530314
B,2,11,31188555,1,hrmv2_act,0.3857486505017203
B,2,11,31188555,2,hrmv2_act,0.36992744661176963
B,2,11,31188555,0,mlp,0.4108784783024009
B,2,11,31188555,1,mlp,0.38681854975357705
B,2,11,31188555,2,mlp,0.3980421018474734
B,2,11,31188555,0,onlstm_trace,0.3583858410721412
B,2,11,31188555,1,onlstm_trace,0.35363239243264216
B,2,11,31188555,2,onlstm_trace,0.3468689131616121
B,2,11,31188555,0,unet_film,0.3801740153721435
B,2,11,31188555,1,unet_film,0.3559251800533805
B,2,11,31188555,2,unet_film,0.31042973335940466
B,2,11,31188555,0,hrmv2_act_k1,0.40038048988433556
B,2,11,31188555,1,hrmv2_act_k1,0.3915884546867363
B,2,11,31188555,2,hrmv2_act_k1,0.36395239212878727
B,2,11,31188555,0,hrmv2_act_k2,0.4093453638335946
B,2,11,31188555,1,hrmv2_act_k2,0.38823795111771814
B,2,11,31188555,2,hrmv2_act_k2,0.37128292678711255
B,2,11,31188555,0,hrmv2_act_k4,0.4087360674410844
B,2,11,31188555,1,hrmv2_act_k4,0.38747628424071556
B,2,11,31188555,2,hrmv2_act_k4,0.370367109329822
B,2,11,31188555,0,hrmv2_act_k8,0.40962867762530314
B,2,11,31188555,1,hrmv2_act_k8,0.3857486505017203
B,2,11,31188555,2,hrmv2_act_k8,0.36992744661176963
B,2,12,31196474,0,gnn,0.15191356866099248
B,2,12,31196474,1,gnn,0.15982026333288438
B,2,12,31196474,2,gnn,0.15179040865348573
B,2,12,31196474,0,hrm_trace,0.16962948934638974
B,2,12,31196474,1,hrm_trace,0.19249096973266977
B,2,12,31196474,2,hrm_trace,0.18993726002578262
B,2,12,31196474,0,hrmv2_act,0.09293356410528603
B,2,12,31196474,1,hrmv2_act,0.07863329908431853
B,2,12,31196474,2,hrmv2_act,0.06358461036076576
B,2,12,31196474,0,mlp,0.11747628872917504
B,2,12,31196474,1,mlp,0.16522678431854315
B,2,12,31196474,2,mlp,0.15446247356825496
B,2,12,31196474,0,onlstm_trace,0.11844672225275882
B,2,12,31196474,1,onlstm_trace,0.11133411387862228
B,2,12,31196474,2,onlstm_trace,0.1549470120412197
B,2,12,31196474,0,unet_film,0.11941479703033187
B,2,12,31196474,1,unet_film,0.16228771998292563
B,2,12,31196474,2,unet_film,0.1367737701163367
B,2,12,31196474,0,hrmv2_act_k1,0.08569938345730545
B,2,12,31196474,1,hrmv2_act_k1,0.07672454221314852
B,2,12,31196474,2,hrmv2_act_k1,0.0679079162411959
B,2,12,31196474,0,hrmv2_act_k2,0.09269536384874393
B,2,12,31196474,1,hrmv2_act_k2,0.0778770989374138
B,2,12,31196474,2,hrmv2_act_k2,0.06318903344820313
B,2,12,31196474,0,hrmv2_act_k4,0.09268369938888761
B,2,12,31196474,1,hrmv2_act_k4,0.07679804542232828
B,2,12,31196474,2,hrmv2_act_k4,0.06360845175989582
B,2,12,31196474,0,hrmv2_act_k8,0.09293356410528603
B,2,12,31196474,1,hrmv2_act_k8,0.07863329908431853
B,2,12,31196474,2,hrmv2_act_k8,0.06358461036076576
B,2,13,31204393,0,gnn,0.09577387669559673
B,2,13,31204393,1,gnn,0.10500959468686412
B,2,13,31204393,2,gnn,0.09963856839296742
B,2,13,31204393,0,hrm_trace,0.09882635831778226
B,2,13,31204393,1,hrm_trace,0.0933503021469295
B,2,13,31204393,2,hrm_trace,0.09141150053881736
B,2,13,31204393,0,hrmv2_act,0.16083758838676215
B,2,13,31204393,1,hrmv2_act,0.1707664902282684
B,2,13,31204393,2,hrmv2_act,0.3171944871439611
B,2,13,31204393,0,mlp,0.10178954977214195
B,2,13,31204393,1,mlp,0.06758227806996996
B,2,13,31204393,2,mlp,0.08395713949492944
B,2,13,31204393,0,onlstm_trace,0.10829829673886267
B,2,13,31204393,1,onlstm_trace,0.09129469036837223
B,2,13,31204393,2,onlstm_trace,0.10015876001732381
B,2,13,31204393,0,unet_film,0.1200761633694347
B,2,13,31204393,1,unet_film,0.13667330154207857
B,2,13,31204393,2,unet_film,0.08985795131410175
B,2,13,31204393,0,hrmv2_act_k1,0.18800075553430287
B,2,13,31204393,1,hrmv2_act_k1,0.14909391607865852
B,2,13,31204393,2,hrmv2_act_k1,0.27799551992103555
B,2,13,31204393,0,hrmv2_act_k2,0.16095136546875863
B,2,13,31204393,1,hrmv2_act_k2,0.15930331648502913
B,2,13,31204393,2,hrmv2_act_k2,0.31925200335089937
B,2,13,31204393,0,hrmv2_act_k4,0.16097258070598663
B,2,13,31204393,1,hrmv2_act_k4,0.1678346550794756
B,2,13,31204393,2,hrmv2_act_k4,0.3163427192313131
B,2,13,31204393,0,hrmv2_act_k8,0.16083758838676215
B,2,13,31204393,1,hrmv2_act_k8,0.1707664902282684
B,2,13,31204393,2,hrmv2_act_k8,0.3171944871439611
B,2,14,31212312,0,gnn,0.17849483553497733
B,2,14,31212312,1,gnn,0.18929882134469003
B,2,14,31212312,2,gnn,0.17637164929545304
B,2,14,31212312,0,hrm_trace,0.07024474746520608
B,2,14,31212312,1,hrm_trace,0.08986229504084976
B,2,14,31212312,2,hrm_trace,0.0868783202969692
B,2,14,31212312,0,hrmv2_act,0.11530677074978296
B,2,14,31212312,1,hrmv2_act,0.0684235058226053
B,2,14,31212312,2,hrmv2_act,0.09444590302372219
B,2,14,31212312,0,mlp,0.12070135461425029
B,2,14,31212312,1,mlp,0.12072463722931097
B,2,14,31212312,2,mlp,0.11775749163602316
B,2,14,31212312,0,onlstm_trace,0.060859001754714454
B,2,14,31212312,1,onlstm_trace,0.059961163789658906
B,2,14,31212312,2,onlstm_trace,0.06407713995768032
B,2,14,31212312,0,unet_film,0.04777827523183015
B,2,14,31212312,1,unet_film,0.0762673038276816
B,2,14,31212312,2,unet_film,0.1171309845143877
B,2,14,31212312,0,hrmv2_act_k1,0.12810405908110592
B,2,14,31212312,1,hrmv2_act_k1,0.06295842263403258
B,2,14,31212312,2,hrmv2_act_k1,0.10904530960442256
B,2,14,31212312,0,hrmv2_act_k2,0.11600348719444509
B,2,14,31212312,1,hrmv2_act_k2,0.06753030118383022
B,2,14,31212312,2,hrmv2_act_k2,0.09429538188010288
B,2,14,31212312,0,hrmv2_act_k4,0.11617872647756604
B,2,14,31212312,1,hrmv2_act_k4,0.06813661905196466
B,2,14,31212312,2,hrmv2_act_k4,0.09451615885400912
B,2,14,31212312,0,hrmv2_act_k8,0.11530677074978296
B,2,14,31212312,1,hrmv2_act_k8,0.0684235058226053
B,2,14,31212312,2,hrmv2_act_k8,0.09444590302372219
B,2,15,31220231,0,gnn,0.13790000776321545
B,2,15,31220231,1,gnn,0.14971800938414337
B,2,15,31220231,2,gnn,0.1494068342140974
B,2,15,31220231,0,hrm_trace,0.08434667476919004
B,2,15,31220231,1,hrm_trace,0.11060075452123087
B,2,15,31220231,2,hrm_trace,0.09879719282967005
B,2,15,31220231,0,hrmv2_act,0.23641998120967325
B,2,15,31220231,1,hrmv2_act,0.26714952551777577
B,2,15,31220231,2,hrmv2_act,0.259500206290582
B,2,15,31220231,0,mlp,0.06897796365131746
B,2,15,31220231,1,mlp,0.0952320879625085
B,2,15,31220231,2,mlp,0.07339652900869084
B,2,15,31220231,0,onlstm_trace,0.13576513829261685
B,2,15,31220231,1,onlstm_trace,0.16668120360263505
B,2,15,31220231,2,onlstm_trace,0.17595792445617633
B,2,15,31220231,0,unet_film,0.12764133516641682
B,2,15,31220231,1,unet_film,0.12553238973105627
B,2,15,31220231,2,unet_film,0.06945181227401058
B,2,15,31220231,0,hrmv2_act_k1,0.29154571060734663
B,2,15,31220231,1,hrmv2_act_k1,0.24130928168366908
B,2,15,31220231,2,hrmv2_act_k1,0.2716110270967793
B,2,15,31220231,0,hrmv2_act_k2,0.23791189447166203
B,2,15,31220231,1,hrmv2_act_k2,0.26348269465835816
B,2,15,31220231,2,hrmv2_act_k2,0.2537678088782423
B,2,15,31220231,0,hrmv2_act_k4,0.2376222482559939
B,2,15,31220231,1,hrmv2_act_k4,0.26628938409610026
B,2,15,31220231,2,hrmv2_act_k4,0.25231575401937495
B,2,15,31220231,0,hrmv2_act_k8,0.23641998120967325
B,2,15,31220231,1,hrmv2_act_k8,0.26714952551777577
B,2,15,31220231,2,hrmv2_act_k8,0.259500206290582
B,2,16,31228150,0,gnn,0.11399146712692508
B,2,16,31228150,1,gnn,0.11627897629773827
B,2,16,31228150,2,gnn,0.11488625480795421
B,2,16,31228150,0,hrm_trace,0.10096237672932247
B,2,16,31228150,1,hrm_trace,0.1163648784045166
B,2,16,31228150,2,hrm_trace,0.11263384761449546
B,2,16,31228150,0,hrmv2_act,0.07205179861155087
B,2,16,31228150,1,hrmv2_act,0.15350090916399153
B,2,16,31228150,2,hrmv2_act,0.11181257961084955
B,2,16,31228150,0,mlp,0.30862763346010935
B,2,16,31228150,1,mlp,0.48315621010394877
B,2,16,31228150,2,mlp,0.441602298011953
B,2,16,31228150,0,onlstm_trace,0.09320487399362903
B,2,16,31228150,1,onlstm_trace,0.08978968262533994
B,2,16,31228150,2,onlstm_trace,0.1089156156210168
B,2,16,31228150,0,unet_film,0.0768950920081181
B,2,16,31228150,1,unet_film,0.1687307148254328
B,2,16,31228150,2,unet_film,0.08805997994595831
B,2,16,31228150,0,hrmv2_act_k1,0.09862864721763258
B,2,16,31228150,1,hrmv2_act_k1,0.15405193565170025
B,2,16,31228150,2,hrmv2_act_k1,0.11273959153058362
B,2,16,31228150,0,hrmv2_act_k2,0.0783505562060762
B,2,16,31228150,1,hrmv2_act_k2,0.15373322516794624
B,2,16,31228150,2,hrmv2_act_k2,0.1117782885094057
B,2,16,31228150,0,hrmv2_act_k4,0.07309456714927139
B,2,16,31228150,1,hrmv2_act_k4,0.1532518561967148
B,2,16,31228150,2,hrmv2_act_k4,0.11161361521371616
B,2,16,31228150,0,hrmv2_act_k8,0.07205179861155087
B,2,16,31228150,1,hrmv2_act_k8,0.15350090916399153
B,2,16,31228150,2,hrmv2_act_k8,0.11181257961084955
B,2,17,31236069,0,gnn,0.18760900320268595
B,2,17,31236069,1,gnn,0.19483925891005807
B,2,17,31236069,2,gnn,0.19438903918374908
B,2,17,31236069,0,hrm_trace,0.10086810382846799
B,2,17,31236069,1,hrm_trace,0.1096109459021703
B,2,17,31236069,2,hrm_trace,0.1049325699151062
B,2,17,31236069,0,hrmv2_act,0.08580176488873753
B,2,17,31236069,1,hrmv2_act,0.10572791162365143
B,2,17,31236069,2,hrmv2_act,0.14925414470421433
B,2,17,31236069,0,mlp,0.10428228415238285
B,2,17,31236069,1,mlp,0.09679193660148772
B,2,17,31236069,2,mlp,0.10055604328792432
B,2,17,31236069,0,onlstm_trace,0.09339407159847213
B,2,17,31236069,1,onlstm_trace,0.09749996841638996
B,2,17,31236069,2,onlstm_trace,0.10165788854329111
B,2,17,31236069,0,unet_film,0.1195203436744971
B,2,17,31236069,1,unet_film,0.12453827621269635
B,2,17,31236069,2,unet_film,0.14493247348806995
B,2,17,31236069,0,hrmv2_act_k1,0.08718695169444803
B,2,17,31236069,1,hrmv2_act_k1,0.0948697340121244
B,2,17,31236069,2,hrmv2_act_k1,0.14630013039570575
B,2,17,31236069,0,hrmv2_act_k2,0.08652163465236323
B,2,17,31236069,1,hrmv2_act_k2,0.10746812181476662
B,2,17,31236069,2,hrmv2_act_k2,0.14869623457828776
B,2,17,31236069,0,hrmv2_act_k4,0.08588029824991406
B,2,17,31236069,1,hrmv2_act_k4,0.10563318060508113
B,2,17,31236069,2,hrmv2_act_k4,0.14916318795531452
B,2,17,31236069,0,hrmv2_act_k8,0.08580176488873753
B,2,17,31236069,1,hrmv2_act_k8,0.10572791162365143
B,2,17,31236069,2,hrmv2_act_k8,0.14925414470421433
B,2,18,31243988,0,gnn,0.1755866091217615
B,2,18,31243988,1,gnn,0.18042949011512766
B,2,18,31243988,2,gnn,0.17189101291997275
B,2,18,31243988,0,hrm_trace,0.1090889318174641
B,2,18,31243988,1,hrm_trace,0.11486455485443255
B,2,18,31243988,2,hrm_trace,0.1141654908868961
B,2,18,31243988,0,hrmv2_act,0.06724272975273209
B,2,18,31243988,1,hrmv2_act,0.059473952169408546
B,2,18,31243988,2,hrmv2_act,0.08309713023805394
B,2,18,31243988,0,mlp,0.1255638146112454
B,2,18,31243988,1,mlp,0.13770912829074342
B,2,18,31243988,2,mlp,0.13688848342835044
B,2,18,31243988,0,onlstm_trace,0.10269904991828976
B,2,18,31243988,1,onlstm_trace,0.08704893624874221
B,2,18,31243988,2,onlstm_trace,0.09766268352452127
B,2,18,31243988,0,unet_film,0.11517784343478112
B,2,18,31243988,1,unet_film,0.20467272408945325
B,2,18,31243988,2,unet_film,0.20293641918260516
B,2,18,31243988,0,hrmv2_act_k1,0.07166022509529628
B,2,18,31243988,1,hrmv2_act_k1,0.06385551267394231
B,2,18,31243988,2,hrmv2_act_k1,0.0822740588112107
B,2,18,31243988,0,hrmv2_act_k2,0.06926581617714248
B,2,18,31243988,1,hrmv2_act_k2,0.05754008358405385
B,2,18,31243988,2,hrmv2_act_k2,0.08212119589283427
B,2,18,31243988,0,hrmv2_act_k4,0.06838118691904989
B,2,18,31243988,1,hrmv2_act_k4,0.059208584555367656
B,2,18,31243988,2,hrmv2_act_k4,0.08371630792410606
B,2,18,31243988,0,hrmv2_act_k8,0.06724272975273209
B,2,18,31243988,1,hrmv2_act_k8,0.059473952169408546
B,2,18,31243988,2,hrmv2_act_k8,0.08309713023805394
B,2,19,31251907,0,gnn,0.10899831171413192
B,2,19,31251907,1,gnn,0.10736854968843852
B,2,19,31251907,2,gnn,0.10374807894274814
B,2,19,31251907,0,hrm_trace,0.1427707369420296
B,2,19,31251907,1,hrm_trace,0.1580563164031934
B,2,19,31251907,2,hrm_trace,0.1594817409637243
B,2,19,31251907,0,hrmv2_act,0.14544952615316203
B,2,19,31251907,1,hrmv2_act,0.09295726322714244
B,2,19,31251907,2,hrmv2_act,0.150165233764876
B,2,19,31251907,0,mlp,0.0760244140212107
B,2,19,31251907,1,mlp,0.06276862308811625
B,2,19,31251907,2,mlp,0.07060795296578018
B,2,19,31251907,0,onlstm_trace,0.08645374048713349
B,2,19,31251907,1,onlstm_trace,0.08183921435369927
B,2,19,31251907,2,onlstm_trace,0.10628893365338003
B,2,19,31251907,0,unet_film,0.1509624066123042
B,2,19,31251907,1,unet_film,0.1257763292849331
B,2,19,31251907,2,unet_film,0.16153049725234672
B,2,19,31251907,0,hrmv2_act_k1,0.15661810237921284
B,2,19,31251907,1,hrmv2_act_k1,0.09584585334444323
B,2,19,31251907,2,hrmv2_act_k1,0.15792611420906805
B,2,19,31251907,0,hrmv2_act_k2,0.1487778365226124
B,2,19,31251907,1,hrmv2_act_k2,0.09202684814381029
B,2,19,31251907,2,hrmv2_act_k2,0.1494526849036994
B,2,19,31251907,0,hrmv2_act_k4,0.14643166964657334
B,2,19,31251907,1,hrmv2_act_k4,0.09273878048406343
B,2,19,31251907,2,hrmv2_act_k4,0.1499498777724553
B,2,19,31251907,0,hrmv2_act_k8,0.14544952615316203
B,2,19,31251907,1,hrmv2_act_k8,0.09295726322714244
B,2,19,31251907,2,hrmv2_act_k8,0.150165233764876
B,2,20,31259826,0,gnn,0.10130239438113003
B,2,20,31259826,1,gnn,0.10834057333092474
B,2,20,31259826,2,gnn,0.10459796357223249
B,2,20,31259826,0,hrm_trace,0.09722877362898923
B,2,20,31259826,1,hrm_trace,0.09647071971491904
B,2,20,31259826,2,hrm_trace,0.09993583367153878
B,2,20,31259826,0,hrmv2_act,0.1097922167094469
B,2,20,31259826,1,hrmv2_act,0.11846492752356184
B,2,20,31259826,2,hrmv2_act,0.17456663693202892
B,2,20,31259826,0,mlp,0.0682880109915696
B,2,20,31259826,1,mlp,0.08868167347980806
B,2,20,31259826,2,mlp,0.06886259739066736
B,2,20,31259826,0,onlstm_trace,0.09148514926917445
B,2,20,31259826,1,onlstm_trace,0.08663489134788353
B,2,20,31259826,2,onlstm_trace,0.08642179420874746
B,2,20,31259826,0,unet_film,0.10346858187833513
B,2,20,31259826,1,unet_film,0.10047762279374761
B,2,20,31259826,2,unet_film,0.077389007351797
B,2,20,31259826,0,hrmv2_act_k1,0.10313829246559852
B,2,20,31259826,1,hrmv2_act_k1,0.08862627110438202
B,2,20,31259826,2,hrmv2_act_k1,0.1468772043391676
B,2,20,31259826,0,hrmv2_act_k2,0.10718910015045113
B,2,20,31259826,1,hrmv2_act_k2,0.1100504038763568
B,2,20,31259826,2,hrmv2_act_k2,0.1741678171520857
B,2,20,31259826,0,hrmv2_act_k4,0.1091768418010398
B,2,20,31259826,1,hrmv2_act_k4,0.11693128134702828
B,2,20,31259826,2,hrmv2_act_k4,0.1747645515125187
B,2,20,31259826,0,hrmv2_act_k8,0.1097922167094469
B,2,20,31259826,1,hrmv2_act_k8,0.11846492752356184
B,2,20,31259826,2,hrmv2_act_k8,0.17456663693202892
B,2,21,31267745,0,gnn,0.1046172770154799
B,2,21,31267745,1,gnn,0.10725731819855962
B,2,21,31267745,2,gnn,0.1010472797838994
B,2,21,31267745,0,hrm_trace,0.12136805046506426
B,2,21,31267745,1,hrm_trace,0.14628222709993977
B,2,21,31267745,2,hrm_trace,0.14209670335582036
B,2,21,31267745,0,hrmv2_act,0.18714919871085303
B,2,21,31267745,1,hrmv2_act,0.13410583704505002
B,2,21,31267745,2,hrmv2_act,0.23524572311362058
B,2,21,31267745,0,mlp,0.10577449777329588
B,2,21,31267745,1,mlp,0.14264692848244764
B,2,21,31267745,2,mlp,0.11138603970903567
B,2,21,31267745,0,onlstm_trace,0.12064841135833643
B,2,21,31267745,1,onlstm_trace,0.16682087251482058
B,2,21,31267745,2,onlstm_trace,0.15846812611586183
B,2,21,31267745,0,unet_film,0.12125313123324104
B,2,21,31267745,1,unet_film,0.12455783734932983
B,2,21,31267745,2,unet_film,0.22924166617555322
B,2,21,31267745,0,hrmv2_act_k1,0.19925778359517501
B,2,21,31267745,1,hrmv2_act_k1,0.12887350052074192
B,2,21,31267745,2,hrmv2_act_k1,0.26056629812983806
B,2,21,31267745,0,hrmv2_act_k2,0.1829703846135533
B,2,21,31267745,1,hrmv2_act_k2,0.1282065311838281
B,2,21,31267745,2,hrmv2_act_k2,0.2343829702188324
B,2,21,31267745,0,hrmv2_act_k4,0.1878719077562584
B,2,21,31267745,1,hrmv2_act_k4,0.13580148812805246
B,2,21,31267745,2,hrmv2_act_k4,0.2346377617172838
B,2,21,31267745,0,hrmv2_act_k8,0.18714919871085303
B,2,21,31267745,1,hrmv2_act_k8,0.13410583704505002
B,2,21,31267745,2,hrmv2_act_k8,0.23524572311362058
B,2,22,31275664,0,gnn,0.11129333484639507
B,2,22,31275664,1,gnn,0.11156144219136295
B,2,22,31275664,2,gnn,0.10493388928930057
B,2,22,31275664,0,hrm_trace,0.0964800465502164
B,2,22,31275664,1,hrm_trace,0.09222593654626725
B,2,22,31275664,2,hrm_trace,0.08985311128171385
B,2,22,31275664,0,hrmv2_act,0.10447552613366806
B,2,22,31275664,1,hrmv2_act,0.09838502241519492
B,2,22,31275664,2,hrmv2_act,0.14523544427459703
B,2,22,31275664,0,mlp,0.13281522714902222
B,2,22,31275664,1,mlp,0.10411078604885761
B,2,22,31275664,2,mlp,0.12018497930823376
B,2,22,31275664,0,onlstm_trace,0.08178091824118543
B,2,22,31275664,1,onlstm_trace,0.06605603510230136
B,2,22,31275664,2,onlstm_trace,0.09481200083281217
B,2,22,31275664,0,unet_film,0.14122204103558433
B,2,22,31275664,1,unet_film,0.14745411931832117
B,2,22,31275664,2,unet_film,0.15067112691302123
B,2,22,31275664,0,hrmv2_act_k1,0.1508690243560832
B,2,22,31275664,1,hrmv2_act_k1,0.08651473694088165
B,2,22,31275664,2,hrmv2_act_k1,0.14417974667734587
B,2,22,31275664,0,hrmv2_act_k2,0.10740754415951581
B,2,22,31275664,1,hrmv2_act_k2,0.09758921285666079
B,2,22,31275664,2,hrmv2_act_k2,0.14560433308448703
B,2,22,31275664,0,hrmv2_act_k4,0.10514540251980763
B,2,22,31275664,1,hrmv2_act_k4,0.09828229187185271
B,2,22,31275664,2,hrmv2_act_k4,0.145349740464591
B,2,22,31275664,0,hrmv2_act_k8,0.10447552613366806
B,2,22,31275664,1,hrmv2_act_k8,0.09838502241519492
B,2,22,31275664,2,hrmv2_act_k8,0.14523544427459703
B,2,23,31283583,0,gnn,0.08847646273085595
B,2,23,31283583,1,gnn,0.09307415659316587
B,2,23,31283583,2,gnn,0.08349617338048589
B,2,23,31283583,0,hrm_trace,0.08945568845661311
B,2,23,31283583,1,hrm_trace,0.07545654800015122
B,2,23,31283583,2,hrm_trace,0.0797023729792138
B,2,23,31283583,0,hrmv2_act,0.08502428148319847
B,2,23,31283583,1,hrmv2_act,0.08565516349055134
B,2,23,31283583,2,hrmv2_act,0.17113670022856117
B,2,23,31283583,0,mlp,0.10659965375555898
B,2,23,31283583,1,mlp,0.07965796694720306
B,2,23,31283583,2,mlp,0.09232811197361546
B,2,23,31283583,0,onlstm_trace,0.0829705730633555
B,2,23,31283583,1,onlstm_trace,0.07778136099564101
B,2,23,31283583,2,onlstm_trace,0.07713990608201132
B,2,23,31283583,0,unet_film,0.0699301201356472
B,2,23,31283583,1,unet_film,0.0844196538758256
B,2,23,31283583,2,unet_film,0.07437889096670837
B,2,23,31283583,0,hrmv2_act_k1,0.08651621146262484
B,2,23,31283583,1,hrmv2_act_k1,0.08094376849304784
B,2,23,31283583,2,hrmv2_act_k1,0.16665797699417256
B,2,23,31283583,0,hrmv2_act_k2,0.08662437028849056
B,2,23,31283583,1,hrmv2_act_k2,0.08612441863929444
B,2,23,31283583,2,hrmv2_act_k2,0.17728655550594474
B,2,23,31283583,0,hrmv2_act_k4,0.08563140684505088
B,2,23,31283583,1,hrmv2_act_k4,0.08635069514910727
B,2,23,31283583,2,hrmv2_act_k4,0.1722848035060888
B,2,23,31283583,0,hrmv2_act_k8,0.08502428148319847
B,2,23,31283583,1,hrmv2_act_k8,0.08565516349055134
B,2,23,31283583,2,hrmv2_act_k8,0.17113670022856117
B,2,24,31291502,0,gnn,0.1109589793072137
B,2,24,31291502,1,gnn,0.11746351012665708
B,2,24,31291502,2,gnn,0.10285085339376893
B,2,24,31291502,0,hrm_trace,0.10760832229817342
B,2,24,31291502,1,hrm_trace,0.1260950966442311
B,2,24,31291502,2,hrm_trace,0.12237039456715966
B,2,24,31291502,0,hrmv2_act,0.17409114377619525
B,2,24,31291502,1,hrmv2_act,0.17656413227084375
B,2,24,31291502,2,hrmv2_act,0.17342499367206865
B,2,24,31291502,0,mlp,0.1579092362704598
B,2,24,31291502,1,mlp,0.1943653487660775
B,2,24,31291502,2,mlp,0.16530827860554095
B,2,24,31291502,0,onlstm_trace,0.1435609520073969
B,2,24,31291502,1,onlstm_trace,0.20787832951910587
B,2,24,31291502,2,onlstm_trace,0.1771052760668076
B,2,24,31291502,0,unet_film,0.10405960417866113
B,2,24,31291502,1,unet_film,0.11151453485542456
B,2,24,31291502,2,unet_film,0.10945149836957498
B,2,24,31291502,0,hrmv2_act_k1,0.20229853448716864
B,2,24,31291502,1,hrmv2_act_k1,0.1755221368162969
B,2,24,31291502,2,hrmv2_act_k1,0.19270322152809136
B,2,24,31291502,0,hrmv2_act_k2,0.1746780472895544
B,2,24,31291502,1,hrmv2_act_k2,0.17566243792753777
B,2,24,31291502,2,hrmv2_act_k2,0.17321386856599927
B,2,24,31291502,0,hrmv2_act_k4,0.1760423652086518
B,2,24,31291502,1,hrmv2_act_k4,0.17658054188343633
B,2,24,31291502,2,hrmv2_act_k4,0.17421781548993945
B,2,24,31291502,0,hrmv2_act_k8,0.17409114377619525
B,2,24,31291502,1,hrmv2_act_k8,0.17656413227084375
B,2,24,31291502,2,hrmv2_act_k8,0.17342499367206865
B,4,0,62057334,0,gnn,0.417601172932436
B,4,0,62057334,1,gnn,0.4840246946620157
B,4,0,62057334,2,gnn,0.47643082104049017
B,4,0,62057334,0,hrm_trace,0.32488398216491504
B,4,0,62057334,1,hrm_trace,0.30897953904104186
B,4,0,62057334,2,hrm_trace,0.2934220366682306
B,4,0,62057334,0,hrmv2_act,0.22997349299678882
B,4,0,62057334,1,hrmv2_act,0.25001640974811595
B,4,0,62057334,2,hrmv2_act,0.20102859060871706
B,4,0,62057334,0,mlp,0.15562105823354241
B,4,0,62057334,1,mlp,0.17702645924970653
B,4,0,62057334,2,mlp,0.16180654921749618
B,4,0,62057334,0,onlstm_trace,0.22457374767006374
B,4,0,62057334,1,onlstm_trace,0.16347032713987467
B,4,0,62057334,2,onlstm_trace,0.22617558865821044
B,4,0,62057334,0,unet_film,0.2986537684465658
B,4,0,62057334,1,unet_film,0.28045249271279443
B,4,0,62057334,2,unet_film,0.3305680769343612
B,4,0,62057334,0,hrmv2_act_k1,0.24003047020044657
B,4,0,62057334,1,hrmv2_act_k1,0.26413437342902
B,4,0,62057334,2,hrmv2_act_k1,0.20217133094195064
B,4,0,62057334,0,hrmv2_act_k2,0.22963383630350495
B,4,0,62057334,1,hrmv2_act_k2,0.25083083035552817
B,4,0,62057334,2,hrmv2_act_k2,0.20114015241434305
B,4,0,62057334,0,hrmv2_act_k4,0.22987969555877585
B,4,0,62057334,1,hrmv2_act_k4,0.24967923490452126
B,4,0,62057334,2,hrmv2_act_k4,0.20102525604944355
B,4,0,62057334,0,hrmv2_act_k8,0.22997349299678882
B,4,0,62057334,1,hrmv2_act_k8,0.25001640974811595
B,4,0,62057334,2,hrmv2_act_k8,0.20102859060871706
B,4,1,62065253,0,gnn,0.19021934974248308
B,4,1,62065253,1,gnn,0.1478405237610881
B,4,1,62065253,2,gnn,0.1444800084996561
B,4,1,62065253,0,hrm_trace,0.09700330039912834
B,4,1,62065253,1,hrm_trace,0.10609678923657934
B,4,1,62065253,2,hrm_trace,0.11356666814774856
B,4,1,62065253,0,hrmv2_act,0.14629050646722155
B,4,1,62065253,1,hrmv2_act,0.10382910169020114
B,4,1,62065253,2,hrmv2_act,0.16236611475890914
B,4,1,62065253,0,mlp,0.15386464218905582
B,4,1,62065253,1,mlp,0.1694231344008782
B,4,1,62065253,2,mlp,0.1522090923328366
B,4,1,62065253,0,onlstm_trace,0.11759263420642468
B,4,1,62065253,1,onlstm_trace,0.13710017122212237
B,4,1,62065253,2,onlstm_trace,0.1361250960369191
B,4,1,62065253,0,unet_film,0.08612490152178491
B,4,1,62065253,1,unet_film,0.05835750706970083
B,4,1,62065253,2,unet_film,0.08098832898359527
B,4,1,62065253,0,hrmv2_act_k1,0.14439102099882908
B,4,1,62065253,1,hrmv2_act_k1,0.10662459324636364
B,4,1,62065253,2,hrmv2_act_k1,0.15931453191380496
B,4,1,62065253,0,hrmv2_act_k2,0.14707042333486445
B,4,1,62065253,1,hrmv2_act_k2,0.10371441425976295
B,4,1,62065253,2,hrmv2_act_k2,0.16182162840446432
B,4,1,62065253,0,hrmv2_act_k4,0.14661701647508527
B,4,1,62065253,1,hrmv2_act_k4,0.10298285397272518
B,4,1,62065253,2,hrmv2_act_k4,0.16227461344521352
B,4,1,62065253,0,hrmv2_act_k8,0.14629050646722155
B,4,1,62065253,1,hrmv2_act_k8,0.10382910169020114
B,4,1,62065253,2,hrmv2_act_k8,0.16236611475890914
B,4,2,62073172,0,gnn,0.44855998916266676
B,4,2,62073172,1,gnn,0.47245845641288103
B,4,2,62073172,2,gnn,0.4609253280876009
B,4,2,62073172,0,hrm_trace,0.5232045779046811
B,4,2,62073172,1,hrm_trace,0.514443025285375
B,4,2,62073172,2,hrm_trace,0.5091335758051558
B,4,2,62073172,0,hrmv2_act,0.5363142677288993
B,4,2,62073172,1,hrmv2_act,0.5917988184511206
B,4,2,62073172,2,hrmv2_act,0.4375192173304486
B,4,2,62073172,0,mlp,0.49387486409499104
B,4,2,62073172,1,mlp,0.5032800648765267
B,4,2,62073172,2,mlp,0.4756760588984146
B,4,2,62073172,0,onlstm_trace,0.5037236556489176
B,4,2,62073172,1,onlstm_trace,0.5142748951222205
B,4,2,62073172,2,onlstm_trace,0.5146902205370262
B,4,2,62073172,0,unet_film,0.308432013063988
B,4,2,62073172,1,unet_film,0.3757097928319435
B,4,2,62073172,2,unet_film,0.4152576172553915
B,4,2,62073172,0,hrmv2_act_k1,0.5362391636751843
B,4,2,62073172,1,hrmv2_act_k1,0.621223012480487
B,4,2,62073172,2,hrmv2_act_k1,0.4321893513087905
B,4,2,62073172,0,hrmv2_act_k2,0.5338909240551688
B,4,2,62073172,1,hrmv2_act_k2,0.5961683329301309
B,4,2,62073172,2,hrmv2_act_k2,0.4358617795455715
B,4,2,62073172,0,hrmv2_act_k4,0.536570572974152
B,4,2,62073172,1,hrmv2_act_k4,0.5887202496872398
B,4,2,62073172,2,hrmv2_act_k4,0.43713546824230565
B,4,2,62073172,0,hrmv2_act_k8,0.5363142677288993
B,4,2,62073172,1,hrmv2_act_k8,0.5917988184511206
B,4,2,62073172,2,hrmv2_act_k8,0.4375192173304486
B,4,3,62081091,0,gnn,0.2153383208137429
B,4,3,62081091,1,gnn,0.22235291191855078
B,4,3,62081091,2,gnn,0.2216567786207975
B,4,3,62081091,0,hrm_trace,0.21770163232513096
B,4,3,62081091,1,hrm_trace,0.21256171895098677
B,4,3,62081091,2,hrm_trace,0.20922337444165562
B,4,3,62081091,0,hrmv2_act,0.24366139554328292
B,4,3,62081091,1,hrmv2_act,0.34266102406831606
B,4,3,62081091,2,hrmv2_act,0.28738187890735706
B,4,3,62081091,0,mlp,0.17984416520167223
B,4,3,62081091,1,mlp,0.18150457446243373
B,4,3,62081091,2,mlp,0.17856470052897314
B,4,3,62081091,0,onlstm_trace,0.25230975153006896
B,4,3,62081091,1,onlstm_trace,0.20188610093407935
B,4,3,62081091,2,onlstm_trace,0.20542824552792696
B,4,3,62081091,0,unet_film,0.24677295389359424
B,4,3,62081091,1,unet_film,0.3000134900042152
B,4,3,62081091,2,unet_film,0.2201043220414868
B,4,3,62081091,0,hrmv2_act_k1,0.24681617459830849
B,4,3,62081091,1,hrmv2_act_k1,0.32646018311831476
B,4,3,62081091,2,hrmv2_act_k1,0.28425982629481655
B,4,3,62081091,0,hrmv2_act_k2,0.24223143166523198
B,4,3,62081091,1,hrmv2_act_k2,0.3426048909183248
B,4,3,62081091,2,hrmv2_act_k2,0.28752447968631856
B,4,3,62081091,0,hrmv2_act_k4,0.2437839219213036
B,4,3,62081091,1,hrmv2_act_k4,0.34581586904963557
B,4,3,62081091,2,hrmv2_act_k4,0.2873205539545488
B,4,3,62081091,0,hrmv2_act_k8,0.24366139554328292
B,4,3,62081091,1,hrmv2_act_k8,0.34266102406831606
B,4,3,62081091,2,hrmv2_act_k8,0.28738187890735706
B,4,4,62089010,0,gnn,0.1457518245101266
B,4,4,62089010,1,gnn,0.1348038545675277
B,4,4,62089010,2,gnn,0.1328952487529827
B,4,4,62089010,0,hrm_trace,0.16934093227489874
B,4,4,62089010,1,hrm_trace,0.17782881554594362
B,4,4,62089010,2,hrm_trace,0.1858883446913342
B,4,4,62089010,0,hrmv2_act,0.14214855199781057
B,4,4,62089010,1,hrmv2_act,0.11117223607815424
B,4,4,62089010,2,hrmv2_act,0.19358433736482875
B,4,4,62089010,0,mlp,0.1237702837636922
B,4,4,62089010,1,mlp,0.10750420918673069
B,4,4,62089010,2,mlp,0.11746753200165762
B,4,4,62089010,0,onlstm_trace,0.10341958315458828
B,4,4,62089010,1,onlstm_trace,0.1018129693303985
B,4,4,62089010,2,onlstm_trace,0.09971726998300522
B,4,4,62089010,0,unet_film,0.13756647792886542
B,4,4,62089010,1,unet_film,0.17098514501149153
B,4,4,62089010,2,unet_film,0.15201972624824103
B,4,4,62089010,0,hrmv2_act_k1,0.13952017549222298
B,4,4,62089010,1,hrmv2_act_k1,0.11593047938959489
B,4,4,62089010,2,hrmv2_act_k1,0.1924903336490046
B,4,4,62089010,0,hrmv2_act_k2,0.14234931753201252
B,4,4,62089010,1,hrmv2_act_k2,0.11155983559297249
B,4,4,62089010,2,hrmv2_act_k2,0.1923641490847736
B,4,4,62089010,0,hrmv2_act_k4,0.14244132142259167
B,4,4,62089010,1,hrmv2_act_k4,0.1124928374895285
B,4,4,62089010,2,hrmv2_act_k4,0.19380991674294834
B,4,4,62089010,0,hrmv2_act_k8,0.14214855199781057
B,4,4,62089010,1,hrmv2_act_k8,0.11117223607815424
B,4,4,62089010,2,hrmv2_act_k8,0.19358433736482875
B,4,5,62104848,0,gnn,0.14528912866261282
B,4,5,62104848,1,gnn,0.1436281359112093
B,4,5,62104848,2,gnn,0.15027348184542158
B,4,5,62104848,0,hrm_trace,0.20235663069953472
B,4,5,62104848,1,hrm_trace,0.19514304148729025
B,4,5,62104848,2,hrm_trace,0.19348598811012294
B,4,5,62104848,0,hrmv2_act,0.3307533601560149
B,4,5,62104848,1,hrmv2_act,0.3521242170878048
B,4,5,62104848,2,hrmv2_act,0.3487971297607863
B,4,5,62104848,0,mlp,0.3537581661207427
B,4,5,62104848,1,mlp,0.3676682181102575
B,4,5,62104848,2,mlp,0.3554877966790206
B,4,5,62104848,0,onlstm_trace,0.40228233131045443
B,4,5,62104848,1,onlstm_trace,0.41693765844343095
B,4,5,62104848,2,onlstm_trace,0.4051790258951367
B,4,5,62104848,0,unet_film,0.24180241495162225
B,4,5,62104848,1,unet_film,0.25008781697108845
B,4,5,62104848,2,unet_film,0.20778837133902775
B,4,5,62104848,0,hrmv2_act_k1,0.3287709504442812
B,4,5,62104848,1,hrmv2_act_k1,0.34613973908587353
B,4,5,62104848,2,hrmv2_act_k1,0.36281708077280656
B,4,5,62104848,0,hrmv2_act_k2,0.3310095370186614
B,4,5,62104848,1,hrmv2_act_k2,0.35210658998886296
B,4,5,62104848,2,hrmv2_act_k2,0.34841627910338396
B,4,5,62104848,0,hrmv2_act_k4,0.33091282313562614
B,4,5,62104848,1,hrmv2_act_k4,0.3515125124360379
B,4,5,62104848,2,hrmv2_act_k4,0.3479027373944299
B,4,5,62104848,0,hrmv2_act_k8,0.3307533601560149
B,4,5,62104848,1,hrmv2_act_k8,0.3521242170878048
B,4,5,62104848,2,hrmv2_act_k8,0.3487971297607863
B,4,6,62112767,0,gnn,0.18244168719597045
B,4,6,62112767,1,gnn,0.1546458339991638
B,4,6,62112767,2,gnn,0.15169449168552435
B,4,6,62112767,0,hrm_trace,0.13430496893184304
B,4,6,62112767,1,hrm_trace,0.1403197373120459
B,4,6,62112767,2,hrm_trace,0.14356767508283724
B,4,6,62112767,0,hrmv2_act,0.15799140308505574
B,4,6,62112767,1,hrmv2_act,0.21972043799203955
B,4,6,62112767,2,hrmv2_act,0.35957760037234454
B,4,6,62112767,0,mlp,0.12484079358500282
B,4,6,62112767,1,mlp,0.12147479124544579
B,4,6,62112767,2,mlp,0.11621145595680592
B,4,6,62112767,0,onlstm_trace,0.11868573472896225
B,4,6,62112767,1,onlstm_trace,0.1097206828662294
B,4,6,62112767,2,onlstm_trace,0.11655767198595784
B,4,6,62112767,0,unet_film,0.1315854969073316
B,4,6,62112767,1,unet_film,0.17240546657233924
B,4,6,62112767,2,unet_film,0.13622691348424545
B,4,6,62112767,0,hrmv2_act_k1,0.13881931202803321
B,4,6,62112767,1,hrmv2_act_k1,0.2151755358192774
B,4,6,62112767,2,hrmv2_act_k1,0.3575306149572795
B,4,6,62112767,0,hrmv2_act_k2,0.15539114447932148
B,4,6,62112767,1,hrmv2_act_k2,0.2161225352267293
B,4,6,62112767,2,hrmv2_act_k2,0.3587859811378151
B,4,6,62112767,0,hrmv2_act_k4,0.15784745879242237
B,4,6,62112767,1,hrmv2_act_k4,0.21818813348408872
B,4,6,62112767,2,hrmv2_act_k4,0.35976186614957023
B,4,6,62112767,0,hrmv2_act_k8,0.15799140308505574
B,4,6,62112767,1,hrmv2_act_k8,0.21972043799203955
B,4,6,62112767,2,hrmv2_act_k8,0.35957760037234454
B,4,7,62128605,0,gnn,0.34098993466577837
B,4,7,62128605,1,gnn,0.3063588768629944
B,4,7,62128605,2,gnn,0.30928934399301833
B,4,7,62128605,0,hrm_trace,0.2177996780449436
B,4,7,62128605,1,hrm_trace,0.2212909284313704
B,4,7,62128605,2,hrm_trace,0.2247052485640906
B,4,7,62128605,0,hrmv2_act,0.37599249551809627
B,4,7,62128605,1,hrmv2_act,0.305121174562683
B,4,7,62128605,2,hrmv2_act,0.5146531170923706
B,4,7,62128605,0,mlp,0.22968850226341464
B,4,7,62128605,1,mlp,0.21455165587105354
B,4,7,62128605,2,mlp,0.2548666738734981
B,4,7,62128605,0,onlstm_trace,0.387515634553205
B,4,7,62128605,1,onlstm_trace,0.36128801342918626
B,4,7,62128605,2,onlstm_trace,0.37267993854335385
B,4,7,62128605,0,unet_film,0.25099845010285454
B,4,7,62128605,1,unet_film,0.25183274206745787
B,4,7,62128605,2,unet_film,0.31126789728276855
B,4,7,62128605,0,hrmv2_act_k1,0.3778252146331409
B,4,7,62128605,1,hrmv2_act_k1,0.2875080596335919
B,4,7,62128605,2,hrmv2_act_k1,0.5082354264429478
B,4,7,62128605,0,hrmv2_act_k2,0.3744928296625925
B,4,7,62128605,1,hrmv2_act_k2,0.30187966962010376
B,4,7,62128605,2,hrmv2_act_k2,0.5129004788787949
B,4,7,62128605,0,hrmv2_act_k4,0.3760083145908197
B,4,7,62128605,1,hrmv2_act_k4,0.30062451627986153
B,4,7,62128605,2,hrmv2_act_k4,0.5144400006425058
B,4,7,62128605,0,hrmv2_act_k8,0.37599249551809627
B,4,7,62128605,1,hrmv2_act_k8,0.305121174562683
B,4,7,62128605,2,hrmv2_act_k8,0.5146531170923706
B,4,8,62136524,0,gnn,0.26419015079367486
B,4,8,62136524,1,gnn,0.2687515908283043
B,4,8,62136524,2,gnn,0.2777634140730583
B,4,8,62136524,0,hrm_trace,0.2593284214594289
B,4,8,62136524,1,hrm_trace,0.24516182685217922
B,4,8,62136524,2,hrm_trace,0.23289221418460293
B,4,8,62136524,0,hrmv2_act,0.3849625827127598
B,4,8,62136524,1,hrmv2_act,0.33535457465309415
B,4,8,62136524,2,hrmv2_act,0.37549640357393416
B,4,8,62136524,0,mlp,0.2521224976885185
B,4,8,62136524,1,mlp,0.2566466432288396
B,4,8,62136524,2,mlp,0.23931918900527524
B,4,8,62136524,0,onlstm_trace,0.2083753170048834
B,4,8,62136524,1,onlstm_trace,0.22006099672482068
B,4,8,62136524,2,onlstm_trace,0.2443293504813243
B,4,8,62136524,0,unet_film,0.37420102602036515
B,4,8,62136524,1,unet_film,0.3759746462929055
B,4,8,62136524,2,unet_film,0.4037073942352933
B,4,8,62136524,0,hrmv2_act_k1,0.3858983048643619
B,4,8,62136524,1,hrmv2_act_k1,0.3642595829432435
B,4,8,62136524,2,hrmv2_act_k1,0.37500277147734407
B,4,8,62136524,0,hrmv2_act_k2,0.3858284557628051
B,4,8,62136524,1,hrmv2_act_k2,0.3444781841034423
B,4,8,62136524,2,hrmv2_act_k2,0.37621857923174756
B,4,8,62136524,0,hrmv2_act_k4,0.38423023228278663
B,4,8,62136524,1,hrmv2_act_k4,0.34082475505167625
B,4,8,62136524,2,hrmv2_act_k4,0.3758415857077866
B,4,8,62136524,0,hrmv2_act_k8,0.3849625827127598
B,4,8,62136524,1,hrmv2_act_k8,0.33535457465309415
B,4,8,62136524,2,hrmv2_act_k8,0.37549640357393416
B,4,9,62144443,0,gnn,0.17941434926042266
B,4,9,62144443,1,gnn,0.14062698319086267
B,4,9,62144443,2,gnn,0.14495408389479533
B,4,9,62144443,0,hrm_trace,0.13738272497631493
B,4,9,62144443,1,hrm_trace,0.14949743954126934
B,4,9,62144443,2,hrm_trace,0.1593731771629493
B,4,9,62144443,0,hrmv2_act,0.1873099342198694
B,4,9,62144443,1,hrmv2_act,0.11492403135860807
B,4,9,62144443,2,hrmv2_act,0.13360356444611773
B,4,9,62144443,0,mlp,0.1619133120972425
B,4,9,62144443,1,mlp,0.15524359231632978
B,4,9,62144443,2,mlp,0.1545448781231858
B,4,9,62144443,0,onlstm_trace,0.16353572146376383
B,4,9,62144443,1,onlstm_trace,0.17812814821782263
B,4,9,62144443,2,onlstm_trace,0.1646264619922811
B,4,9,62144443,0,unet_film,0.10831708020357367
B,4,9,62144443,1,unet_film,0.07419367331031157
B,4,9,62144443,2,unet_film,0.11807566527043517
B,4,9,62144443,0,hrmv2_act_k1,0.19981209570785022
B,4,9,62144443,1,hrmv2_act_k1,0.10934361136783217
B,4,9,62144443,2,hrmv2_act_k1,0.13834505064450844
B,4,9,62144443,0,hrmv2_act_k2,0.1879313492493683
B,4,9,62144443,1,hrmv2_act_k2,0.11495020394340949
B,4,9,62144443,2,hrmv2_act_k2,0.13489348339543317
B,4,9,62144443,0,hrmv2_act_k4,0.18761083396513215
B,4,9,62144443,1,hrmv2_act_k4,0.11487401941908482
B,4,9,62144443,2,hrmv2_act_k4,0.13416395305399736
B,4,9,62144443,0,hrmv2_act_k8,0.1873099342198694
B,4,9,62144443,1,hrmv2_act_k8,0.11492403135860807
B,4,9,62144443,2,hrmv2_act_k8,0.13360356444611773
B,4,10,62152362,0,gnn,0.13459068701315777
B,4,10,62152362,1,gnn,0.1672784146553179
B,4,10,62152362,2,gnn,0.16015645602563472
B,4,10,62152362,0,hrm_trace,0.13467908979984242
B,4,10,62152362,1,hrm_trace,0.12769260161614499
B,4,10,62152362,2,hrm_trace,0.12141617094184792
B,4,10,62152362,0,hrmv2_act,0.27733811213664755
B,4,10,62152362,1,hrmv2_act,0.19367152390327425
B,4,10,62152362,2,hrmv2_act,0.3887345749157644
B,4,10,62152362,0,mlp,0.509405236547519
B,4,10,62152362,1,mlp,0.47132830014446897
B,4,10,62152362,2,mlp,0.45576096334380223
B,4,10,62152362,0,onlstm_trace,0.5088691475211952
B,4,10,62152362,1,onlstm_trace,0.462172489099202
B,4,10,62152362,2,onlstm_trace,0.6066404791800929
B,4,10,62152362,0,unet_film,0.2269521987092401
B,4,10,62152362,1,unet_film,0.25778806148827754
B,4,10,62152362,2,unet_film,0.22016562540897577
B,4,10,62152362,0,hrmv2_act_k1,0.27598291675220665
B,4,10,62152362,1,hrmv2_act_k1,0.1904481066703907
B,4,10,62152362,2,hrmv2_act_k1,0.3901628434746753
B,4,10,62152362,0,hrmv2_act_k2,0.2774279631784157
B,4,10,62152362,1,hrmv2_act_k2,0.19215776008282134
B,4,10,62152362,2,hrmv2_act_k2,0.38950328644633947
B,4,10,62152362,0,hrmv2_act_k4,0.2773474454639601
B,4,10,62152362,1,hrmv2_act_k4,0.19384200905291904
B,4,10,62152362,2,hrmv2_act_k4,0.38874288820172603
B,4,10,62152362,0,hrmv2_act_k8,0.27733811213664755
B,4,10,62152362,1,hrmv2_act_k8,0.19367152390327425
B,4,10,62152362,2,hrmv2_act_k8,0.3887345749157644
B,4,11,62160281,0,gnn,0.3419986526676801
B,4,11,62160281,1,gnn,0.30220980499731703
B,4,11,62160281,2,gnn,0.298622990766367
B,4,11,62160281,0,hrm_trace,0.16385011350024148
B,4,11,62160281,1,hrm_trace,0.16131443725125655
B,4,11,62160281,2,hrm_trace,0.15331426004745666
B,4,11,62160281,0,hrmv2_act,0.22783750417066162
B,4,11,62160281,1,hrmv2_act,0.068163427127628
B,4,11,62160281,2,hrmv2_act,0.1967608627617707
B,4,11,62160281,0,mlp,0.08637718595533234
B,4,11,62160281,1,mlp,0.07894097047896152
B,4,11,62160281,2,mlp,0.07848672922853502
B,4,11,62160281,0,onlstm_trace,0.08864689036093577
B,4,11,62160281,1,onlstm_trace,0.08230775316647879
B,4,11,62160281,2,onlstm_trace,0.08550142176673388
B,4,11,62160281,0,unet_film,0.17372813164058143
B,4,11,62160281,1,unet_film,0.14168168243648047
B,4,11,62160281,2,unet_film,0.2245161750780976
B,4,11,62160281,0,hrmv2_act_k1,0.22856895568694546
B,4,11,62160281,1,hrmv2_act_k1,0.07106473717800986
B,4,11,62160281,2,hrmv2_act_k1,0.20160166880566244
B,4,11,62160281,0,hrmv2_act_k2,0.22731293759918547
B,4,11,62160281,1,hrmv2_act_k2,0.06899342426592563
B,4,11,62160281,2,hrmv2_act_k2,0.19529113860158967
B,4,11,62160281,0,hrmv2_act_k4,0.22781170220011218
B,4,11,62160281,1,hrmv2_act_k4,0.06949577849569676
B,4,11,62160281,2,hrmv2_act_k4,0.19696697300520402
B,4,11,62160281,0,hrmv2_act_k8,0.22783750417066162
B,4,11,62160281,1,hrmv2_act_k8,0.068163427127628
B,4,11,62160281,2,hrmv2_act_k8,0.1967608627617707
B,4,12,62176119,0,gnn,0.32700035154522533
B,4,12,62176119,1,gnn,0.37633570670188504
B,4,12,62176119,2,gnn,0.38171777120522116
B,4,12,62176119,0,hrm_trace,0.31464920204763097
B,4,12,62176119,1,hrm_trace,0.2991685168696957
B,4,12,62176119,2,hrm_trace,0.2832559416884558
B,4,12,62176119,0,hrmv2_act,0.17180457271349325
B,4,12,62176119,1,hrmv2_act,0.2052872339976353
B,4,12,62176119,2,hrmv2_act,0.18554335706437738
B,4,12,62176119,0,mlp,0.27590212928363084
B,4,12,62176119,1,mlp,0.2665082225552777
B,4,12,62176119,2,mlp,0.29538327371930834
B,4,12,62176119,0,onlstm_trace,0.33107693324363024
B,4,12,62176119,1,onlstm_trace,0.18447468453474228
B,4,12,62176119,2,onlstm_trace,0.23079846087765113
B,4,12,62176119,0,unet_film,0.4569851836299775
B,4,12,62176119,1,unet_film,0.4153818761612697
B,4,12,62176119,2,unet_film,0.40231427272017556
B,4,12,62176119,0,hrmv2_act_k1,0.17329455976617114
B,4,12,62176119,1,hrmv2_act_k1,0.22966087984116512
B,4,12,62176119,2,hrmv2_act_k1,0.19115642528183116
B,4,12,62176119,0,hrmv2_act_k2,0.17232062415492422
B,4,12,62176119,1,hrmv2_act_k2,0.21248379882547952
B,4,12,62176119,2,hrmv2_act_k2,0.1878254587916698
B,4,12,62176119,0,hrmv2_act_k4,0.1718826545123733
B,4,12,62176119,1,hrmv2_act_k4,0.20740432583099114
B,4,12,62176119,2,hrmv2_act_k4,0.18444004569100222
B,4,12,62176119,0,hrmv2_act_k8,0.17180457271349325
B,4,12,62176119,1,hrmv2_act_k8,0.2052872339976353
B,4,12,62176119,2,hrmv2_act_k8,0.18554335706437738
B,4,13,62191957,0,gnn,0.44003538361331196
B,4,13,62191957,1,gnn,0.4944437823327578
B,4,13,62191957,2,gnn,0.4854515933590917
B,4,13,62191957,0,hrm_trace,0.4683338231110011
B,4,13,62191957,1,hrm_trace,0.460310862645813
B,4,13,62191957,2,hrm_trace,0.4539772754403219
B,4,13,62191957,0,hrmv2_act,0.2767875167767796
B,4,13,62191957,1,hrmv2_act,0.2319124406297581
B,4,13,62191957,2,hrmv2_act,0.3192618495500225
B,4,13,62191957,0,mlp,0.2126695996700985
B,4,13,62191957,1,mlp,0.23243869722891589
B,4,13,62191957,2,mlp,0.23135812351738894
B,4,13,62191957,0,onlstm_trace,0.23618836914730149
B,4,13,62191957,1,onlstm_trace,0.2105021228918429
B,4,13,62191957,2,onlstm_trace,0.21926491589277997
B,4,13,62191957,0,unet_film,0.6231573673313534
B,4,13,62191957,1,unet_film,0.5727119985954302
B,4,13,62191957,2,unet_film,0.5379233588629179
B,4,13,62191957,0,hrmv2_act_k1,0.27869414457795766
B,4,13,62191957,1,hrmv2_act_k1,0.2263534310248815
B,4,13,62191957,2,hrmv2_act_k1,0.32272063547216184
B,4,13,62191957,0,hrmv2_act_k2,0.275895450719709
B,4,13,62191957,1,hrmv2_act_k2,0.2245488495489563
B,4,13,62191957,2,hrmv2_act_k2,0.3191835857011281
B,4,13,62191957,0,hrmv2_act_k4,0.2765277393054476
B,4,13,62191957,1,hrmv2_act_k4,0.23172328478491755
B,4,13,62191957,2,hrmv2_act_k4,0.31902903960965867
B,4,13,62191957,0,hrmv2_act_k8,0.2767875167767796
B,4,13,62191957,1,hrmv2_act_k8,0.2319124406297581
B,4,13,62191957,2,hrmv2_act_k8,0.3192618495500225
B,4,14,62199876,0,gnn,0.35099424390716544
B,4,14,62199876,1,gnn,0.3828657569937554
B,4,14,62199876,2,gnn,0.40373556621029866
B,4,14,62199876,0,hrm_trace,0.501540808852419
B,4,14,62199876,1,hrm_trace,0.5017004158320887
B,4,14,62199876,2,hrm_trace,0.5071463853093846
B,4,14,62199876,0,hrmv2_act,0.38444135034782895
B,4,14,62199876,1,hrmv2_act,0.4593140246957567
B,4,14,62199876,2,hrmv2_act,0.26368033385494766
B,4,14,62199876,0,mlp,0.478522394385976
B,4,14,62199876,1,mlp,0.5201814330940283
B,4,14,62199876,2,mlp,0.4929747531188065
B,4,14,62199876,0,onlstm_trace,0.44226021046964337
B,4,14,62199876,1,onlstm_trace,0.46188337793973555
B,4,14,62199876,2,onlstm_trace,0.47114338831170066
B,4,14,62199876,0,unet_film,0.3883034450166773
B,4,14,62199876,1,unet_film,0.32055853752681585
B,4,14,62199876,2,unet_film,0.3870910599526864
B,4,14,62199876,0,hrmv2_act_k1,0.3885819898180834
B,4,14,62199876,1,hrmv2_act_k1,0.48365622182789353
B,4,14,62199876,2,hrmv2_act_k1,0.2639535964739811
B,4,14,62199876,0,hrmv2_act_k2,0.3861547080494619
B,4,14,62199876,1,hrmv2_act_k2,0.46588735053431024
B,4,14,62199876,2,hrmv2_act_k2,0.26269852109602176
B,4,14,62199876,0,hrmv2_act_k4,0.3847022115250746
B,4,14,62199876,1,hrmv2_act_k4,0.45948899317982805
B,4,14,62199876,2,hrmv2_act_k4,0.26412494342219406
B,4,14,62199876,0,hrmv2_act_k8,0.38444135034782895
B,4,14,62199876,1,hrmv2_act_k8,0.4593140246957567
B,4,14,62199876,2,hrmv2_act_k8,0.26368033385494766
B,4,15,62207795,0,gnn,0.125302362317873
B,4,15,62207795,1,gnn,0.11256379247498648
B,4,15,62207795,2,gnn,0.1132186710740146
B,4,15,62207795,0,hrm_trace,0.12614424615675976
B,4,15,62207795,1,hrm_trace,0.11870136860625839
B,4,15,62207795,2,hrm_trace,0.11479953153284216
B,4,15,62207795,0,hrmv2_act,0.21270564065887357
B,4,15,62207795,1,hrmv2_act,0.17699032809039772
B,4,15,62207795,2,hrmv2_act,0.23750745126500186
B,4,15,62207795,0,mlp,0.15330127046345138
B,4,15,62207795,1,mlp,0.1421531199652017
B,4,15,62207795,2,mlp,0.13978273987588666
B,4,15,62207795,0,onlstm_trace,0.13923302063816098
B,4,15,62207795,1,onlstm_trace,0.13792610849747233
B,4,15,62207795,2,onlstm_trace,0.15395236622138583
B,4,15,62207795,0,unet_film,0.10888051983459957
B,4,15,62207795,1,unet_film,0.11267112557020599
B,4,15,62207795,2,unet_film,0.12679000038286845
B,4,15,62207795,0,hrmv2_act_k1,0.22017323070108982
B,4,15,62207795,1,hrmv2_act_k1,0.18661021094737454
B,4,15,62207795,2,hrmv2_act_k1,0.2290990677266623
B,4,15,62207795,0,hrmv2_act_k2,0.21266457723791835
B,4,15,62207795,1,hrmv2_act_k2,0.17361570207134305
B,4,15,62207795,2,hrmv2_act_k2,0.23779983111349587
B,4,15,62207795,0,hrmv2_act_k4,0.21323219401462137
B,4,15,62207795,1,hrmv2_act_k4,0.17453411268826147
B,4,15,62207795,2,hrmv2_act_k4,0.23829526204237986
B,4,15,62207795,0,hrmv2_act_k8,0.21270564065887357
B,4,15,62207795,1,hrmv2_act_k8,0.17699032809039772
B,4,15,62207795,2,hrmv2_act_k8,0.23750745126500186
B,4,16,62215714,0,gnn,0.5965269787969275
B,4,16,62215714,1,gnn,0.624316204598121
B,4,16,62215714,2,gnn,0.6272292142658975
B,4,16,62215714,0,hrm_trace,0.47199135621135774
B,4,16,62215714,1,hrm_trace,0.4566657310566742
B,4,16,62215714,2,hrm_trace,0.4417894867399838
B,4,16,62215714,0,hrmv2_act,0.5250397501949994
B,4,16,62215714,1,hrmv2_act,0.44582114015914937
B,4,16,62215714,2,hrmv2_act,0.4531908600062154
B,4,16,62215714,0,mlp,0.3765250837366693
B,4,16,62215714,1,mlp,0.34733626254055067
B,4,16,62215714,2,mlp,0.34253966060601027
B,4,16,62215714,0,onlstm_trace,0.38726118853960795
B,4,16,62215714,1,onlstm_trace,0.34452951048958086
B,4,16,62215714,2,onlstm_trace,0.2735628078701972
B,4,16,62215714,0,unet_film,0.7509732705466162
B,4,16,62215714,1,unet_film,0.7287253722851673
B,4,16,62215714,2,unet_film,0.6293826651960387
B,4,16,62215714,0,hrmv2_act_k1,0.5245353375836738
B,4,16,62215714,1,hrmv2_act_k1,0.47722592386730917
B,4,16,62215714,2,hrmv2_act_k1,0.4546826315137624
B,4,16,62215714,0,hrmv2_act_k2,0.52527044254189
B,4,16,62215714,1,hrmv2_act_k2,0.4509309709393929
B,4,16,62215714,2,hrmv2_act_k2,0.4538959352529242
B,4,16,62215714,0,hrmv2_act_k4,0.52515920167809
B,4,16,62215714,1,hrmv2_act_k4,0.44465615123821695
B,4,16,62215714,2,hrmv2_act_k4,0.4532391298203769
B,4,16,62215714,0,hrmv2_act_k8,0.5250397501949994
B,4,16,62215714,1,hrmv2_act_k8,0.44582114015914937
B,4,16,62215714,2,hrmv2_act_k8,0.4531908600062154
B,4,17,62223633,0,gnn,0.17161618902709871
B,4,17,62223633,1,gnn,0.1525631312399928
B,4,17,62223633,2,gnn,0.15820133102020312
B,4,17,62223633,0,hrm_trace,0.15839520334373403
B,4,17,62223633,1,hrm_trace,0.16160493740879378
B,4,17,62223633,2,hrm_trace,0.1656811985099
B,4,17,62223633,0,hrmv2_act,0.19702286811716593
B,4,17,62223633,1,hrmv2_act,0.23074121582050947
B,4,17,62223633,2,hrmv2_act,0.41568396036589367
B,4,17,62223633,0,mlp,0.1953755509503939
B,4,17,62223633,1,mlp,0.18876466874068473
B,4,17,62223633,2,mlp,0.20075406735374882
B,4,17,62223633,0,onlstm_trace,0.20773804835679036
B,4,17,62223633,1,onlstm_trace,0.13062761912519347
B,4,17,62223633,2,onlstm_trace,0.12741157949618706
B,4,17,62223633,0,unet_film,0.27012169013160087
B,4,17,62223633,1,unet_film,0.23507533356971066
B,4,17,62223633,2,unet_film,0.20198844276188274
B,4,17,62223633,0,hrmv2_act_k1,0.19734179562865653
B,4,17,62223633,1,hrmv2_act_k1,0.22217793050434395
B,4,17,62223633,2,hrmv2_act_k1,0.4128541329768756
B,4,17,62223633,0,hrmv2_act_k2,0.19698973977882803
B,4,17,62223633,1,hrmv2_act_k2,0.22959520291273408
B,4,17,62223633,2,hrmv2_act_k2,0.4160197456902877
B,4,17,62223633,0,hrmv2_act_k4,0.1973761471069305
B,4,17,62223633,1,hrmv2_act_k4,0.231379938464351
B,4,17,62223633,2,hrmv2_act_k4,0.415326004859625
B,4,17,62223633,0,hrmv2_act_k8,0.19702286811716593
B,4,17,62223633,1,hrmv2_act_k8,0.23074121582050947
B,4,17,62223633,2,hrmv2_act_k8,0.41568396036589367
B,4,18,62231552,0,gnn,0.1583423772766627
B,4,18,62231552,1,gnn,0.14333395470663343
B,4,18,62231552,2,gnn,0.1533243038507219
B,4,18,62231552,0,hrm_trace,0.20164840424945463
B,4,18,62231552,1,hrm_trace,0.18955956158991397
B,4,18,62231552,2,hrm_trace,0.18618356605905928
B,4,18,62231552,0,hrmv2_act,0.3213410435543926
B,4,18,62231552,1,hrmv2_act,0.2549438266652983
B,4,18,62231552,2,hrmv2_act,0.289477871672903
B,4,18,62231552,0,mlp,0.2341383691316585
B,4,18,62231552,1,mlp,0.21533859159213278
B,4,18,62231552,2,mlp,0.1883155216675035
B,4,18,62231552,0,onlstm_trace,0.32530318611172787
B,4,18,62231552,1,onlstm_trace,0.30573185005006354
B,4,18,62231552,2,onlstm_trace,0.30155550927212055
B,4,18,62231552,0,unet_film,0.16094341596201975
B,4,18,62231552,1,unet_film,0.095756640560192
B,4,18,62231552,2,unet_film,0.18259057464514286
B,4,18,62231552,0,hrmv2_act_k1,0.30285450602993474
B,4,18,62231552,1,hrmv2_act_k1,0.2762788744873863
B,4,18,62231552,2,hrmv2_act_k1,0.2759812873595824
B,4,18,62231552,0,hrmv2_act_k2,0.3176955694482879
B,4,18,62231552,1,hrmv2_act_k2,0.25804383427932454
B,4,18,62231552,2,hrmv2_act_k2,0.28647917233953113
B,4,18,62231552,0,hrmv2_act_k4,0.3196275996645813
B,4,18,62231552,1,hrmv2_act_k4,0.2551558823406316
B,4,18,62231552,2,hrmv2_act_k4,0.2893580411731034
B,4,18,62231552,0,hrmv2_act_k8,0.3213410435543926
B,4,18,62231552,1,hrmv2_act_k8,0.2549438266652983
B,4,18,62231552,2,hrmv2_act_k8,0.289477871672903
B,4,19,62239471,0,gnn,0.10634578253788414
B,4,19,62239471,1,gnn,0.09605342576481686
B,4,19,62239471,2,gnn,0.09825439298091254
B,4,19,62239471,0,hrm_trace,0.1171730619088438
B,4,19,62239471,1,hrm_trace,0.11551843651751775
B,4,19,62239471,2,hrm_trace,0.11740153497574297
B,4,19,62239471,0,hrmv2_act,0.17495296197658658
B,4,19,62239471,1,hrmv2_act,0.18125459959081056
B,4,19,62239471,2,hrmv2_act,0.21079032525942298
B,4,19,62239471,0,mlp,0.2547830053397059
B,4,19,62239471,1,mlp,0.27320102899263826
B,4,19,62239471,2,mlp,0.2505643589980344
B,4,19,62239471,0,onlstm_trace,0.1760157120781495
B,4,19,62239471,1,onlstm_trace,0.14990016209215082
B,4,19,62239471,2,onlstm_trace,0.1547107141636556
B,4,19,62239471,0,unet_film,0.16919407449956628
B,4,19,62239471,1,unet_film,0.19639158308613222
B,4,19,62239471,2,unet_film,0.12435687202202694
B,4,19,62239471,0,hrmv2_act_k1,0.16767197858376034
B,4,19,62239471,1,hrmv2_act_k1,0.1830329001448445
B,4,19,62239471,2,hrmv2_act_k1,0.20883166598963945
B,4,19,62239471,0,hrmv2_act_k2,0.17460105173661636
B,4,19,62239471,1,hrmv2_act_k2,0.17906036944692816
B,4,19,62239471,2,hrmv2_act_k2,0.21056114548728241
B,4,19,62239471,0,hrmv2_act_k4,0.1746805646723932
B,4,19,62239471,1,hrmv2_act_k4,0.18115833159237593
B,4,19,62239471,2,hrmv2_act_k4,0.21233469110047587
B,4,19,62239471,0,hrmv2_act_k8,0.17495296197658658
B,4,19,62239471,1,hrmv2_act_k8,0.18125459959081056
B,4,19,62239471,2,hrmv2_act_k8,0.21079032525942298
B,4,20,62247390,0,gnn,0.29298815787156074
B,4,20,62247390,1,gnn,0.25974698371482285
B,4,20,62247390,2,gnn,0.2692063268993187
B,4,20,62247390,0,hrm_trace,0.2278095112486498
B,4,20,62247390,1,hrm_trace,0.2161435095673143
B,4,20,62247390,2,hrm_trace,0.2078123263781151
B,4,20,62247390,0,hrmv2_act,0.2939459431669323
B,4,20,62247390,1,hrmv2_act,0.24005873071110384
B,4,20,62247390,2,hrmv2_act,0.3011387242028815
B,4,20,62247390,0,mlp,0.25281677979152134
B,4,20,62247390,1,mlp,0.22447448578842952
B,4,20,62247390,2,mlp,0.2364469832409122
B,4,20,62247390,0,onlstm_trace,0.6431779572838435
B,4,20,62247390,1,onlstm_trace,0.5806053843495903
B,4,20,62247390,2,onlstm_trace,0.5518716352586263
B,4,20,62247390,0,unet_film,0.24426508801949434
B,4,20,62247390,1,unet_film,0.25534440413061504
B,4,20,62247390,2,unet_film,0.2696562507430045
B,4,20,62247390,0,hrmv2_act_k1,0.2931177388827136
B,4,20,62247390,1,hrmv2_act_k1,0.26423227554698153
B,4,20,62247390,2,hrmv2_act_k1,0.303618956629901
B,4,20,62247390,0,hrmv2_act_k2,0.29409824185954747
B,4,20,62247390,1,hrmv2_act_k2,0.24364848657904603
B,4,20,62247390,2,hrmv2_act_k2,0.30168525223608567
B,4,20,62247390,0,hrmv2_act_k4,0.2939493528364451
B,4,20,62247390,1,hrmv2_act_k4,0.2421681994534721
B,4,20,62247390,2,hrmv2_act_k4,0.3012870007334742
B,4,20,62247390,0,hrmv2_act_k8,0.2939459431669323
B,4,20,62247390,1,hrmv2_act_k8,0.24005873071110384
B,4,20,62247390,2,hrmv2_act_k8,0.3011387242028815
B,4,21,62255309,0,gnn,0.3075151228064279
B,4,21,62255309,1,gnn,0.26554527534952715
B,4,21,62255309,2,gnn,0.2523923692861079
B,4,21,62255309,0,hrm_trace,0.20755815149282375
B,4,21,62255309,1,hrm_trace,0.2117923377380547
B,4,21,62255309,2,hrm_trace,0.20782365075833076
B,4,21,62255309,0,hrmv2_act,0.24435518447736196
B,4,21,62255309,1,hrmv2_act,0.12614521255401248
B,4,21,62255309,2,hrmv2_act,0.2569107339759692
B,4,21,62255309,0,mlp,0.10494277646982932
B,4,21,62255309,1,mlp,0.08696335151776692
B,4,21,62255309,2,mlp,0.08308224597039636
B,4,21,62255309,0,onlstm_trace,0.10509551242947586
B,4,21,62255309,1,onlstm_trace,0.08462518909550859
B,4,21,62255309,2,onlstm_trace,0.10544104286703522
B,4,21,62255309,0,unet_film,0.1562333360158006
B,4,21,62255309,1,unet_film,0.10152036092412163
B,4,21,62255309,2,unet_film,0.11132624416819437
B,4,21,62255309,0,hrmv2_act_k1,0.24302919239874532
B,4,21,62255309,1,hrmv2_act_k1,0.11609107081907688
B,4,21,62255309,2,hrmv2_act_k1,0.26042469772585203
B,4,21,62255309,0,hrmv2_act_k2,0.2439154300186298
B,4,21,62255309,1,hrmv2_act_k2,0.12641057662018546
B,4,21,62255309,2,hrmv2_act_k2,0.2531406803286564
B,4,21,62255309,0,hrmv2_act_k4,0.24283781961638728
B,4,21,62255309,1,hrmv2_act_k4,0.12759427336670373
B,4,21,62255309,2,hrmv2_act_k4,0.254577622606395
B,4,21,62255309,0,hrmv2_act_k8,0.24435518447736196
B,4,21,62255309,1,hrmv2_act_k8,0.12614521255401248
B,4,21,62255309,2,hrmv2_act_k8,0.2569107339759692
B,4,22,62263228,0,gnn,0.17064413661709385
B,4,22,62263228,1,gnn,0.15161646815274923
B,4,22,62263228,2,gnn,0.16072856390281445
B,4,22,62263228,0,hrm_trace,0.11269234052511855
B,4,22,62263228,1,hrm_trace,0.11440672887976751
B,4,22,62263228,2,hrm_trace,0.11859785223872316
B,4,22,62263228,0,hrmv2_act,0.19854074695822232
B,4,22,62263228,1,hrmv2_act,0.15953940433014072
B,4,22,62263228,2,hrmv2_act,0.2718822627354596
B,4,22,62263228,0,mlp,0.19655135444865487
B,4,22,62263228,1,mlp,0.17901881380283216
B,4,22,62263228,2,mlp,0.1794738028571199
B,4,22,62263228,0,onlstm_trace,0.15384487392920929
B,4,22,62263228,1,onlstm_trace,0.1944976479896309
B,4,22,62263228,2,onlstm_trace,0.15984992276592314
B,4,22,62263228,0,unet_film,0.20504101585861603
B,4,22,62263228,1,unet_film,0.12692006917061469
B,4,22,62263228,2,unet_film,0.2884137561567794
B,4,22,62263228,0,hrmv2_act_k1,0.19716203064385698
B,4,22,62263228,1,hrmv2_act_k1,0.141075435381987
B,4,22,62263228,2,hrmv2_act_k1,0.2701055796418652
B,4,22,62263228,0,hrmv2_act_k2,0.19827984531689039
B,4,22,62263228,1,hrmv2_act_k2,0.1551391371988298
B,4,22,62263228,2,hrmv2_act_k2,0.27195045180450833
B,4,22,62263228,0,hrmv2_act_k4,0.19823944423814052
B,4,22,62263228,1,hrmv2_act_k4,0.15989454220850416
B,4,22,62263228,2,hrmv2_act_k4,0.27223008163942986
B,4,22,62263228,0,hrmv2_act_k8,0.19854074695822232
B,4,22,62263228,1,hrmv2_act_k8,0.15953940433014072
B,4,22,62263228,2,hrmv2_act_k8,0.2718822627354596
B,4,23,62271147,0,gnn,0.17660975899710926
B,4,23,62271147,1,gnn,0.14690769075931867
B,4,23,62271147,2,gnn,0.1507216531394666
B,4,23,62271147,0,hrm_trace,0.10704109150364005
B,4,23,62271147,1,hrm_trace,0.1099587353255394
B,4,23,62271147,2,hrm_trace,0.11307351416043275
B,4,23,62271147,0,hrmv2_act,0.2103293458297505
B,4,23,62271147,1,hrmv2_act,0.17142376684746666
B,4,23,62271147,2,hrmv2_act,0.33360338962676256
B,4,23,62271147,0,mlp,0.11410755614015837
B,4,23,62271147,1,mlp,0.10571576755793698
B,4,23,62271147,2,mlp,0.10111695362334078
B,4,23,62271147,0,onlstm_trace,0.1883233731651456
B,4,23,62271147,1,onlstm_trace,0.17565245560979478
B,4,23,62271147,2,onlstm_trace,0.1894249063025968
B,4,23,62271147,0,unet_film,0.06272011192984929
B,4,23,62271147,1,unet_film,0.07218256514639569
B,4,23,62271147,2,unet_film,0.0812239298859444
B,4,23,62271147,0,hrmv2_act_k1,0.21341213167581263
B,4,23,62271147,1,hrmv2_act_k1,0.16218162957872573
B,4,23,62271147,2,hrmv2_act_k1,0.33587321456706487
B,4,23,62271147,0,hrmv2_act_k2,0.20937882386952444
B,4,23,62271147,1,hrmv2_act_k2,0.17293734168272282
B,4,23,62271147,2,hrmv2_act_k2,0.3334661320017443
B,4,23,62271147,0,hrmv2_act_k4,0.210494958141362
B,4,23,62271147,1,hrmv2_act_k4,0.17357313801565097
B,4,23,62271147,2,hrmv2_act_k4,0.3330838239845509
B,4,23,62271147,0,hrmv2_act_k8,0.2103293458297505
B,4,23,62271147,1,hrmv2_act_k8,0.17142376684746666
B,4,23,62271147,2,hrmv2_act_k8,0.33360338962676256
B,4,24,62279066,0,gnn,0.1408102771880125
B,4,24,62279066,1,gnn,0.12343575126859363
B,4,24,62279066,2,gnn,0.13232983319161803
B,4,24,62279066,0,hrm_trace,0.19229562841437373
B,4,24,62279066,1,hrm_trace,0.20489308944852158
B,4,24,62279066,2,hrm_trace,0.2151592986099208
B,4,24,62279066,0,hrmv2_act,0.20099992930323649
B,4,24,62279066,1,hrmv2_act,0.15255619536980863
B,4,24,62279066,2,hrmv2_act,0.25481533200690115
B,4,24,62279066,0,mlp,0.19041831390327799
B,4,24,62279066,1,mlp,0.16825481614988932
B,4,24,62279066,2,mlp,0.1747375868672474
B,4,24,62279066,0,onlstm_trace,0.1757936033348971
B,4,24,62279066,1,onlstm_trace,0.1290357176756529
B,4,24,62279066,2,onlstm_trace,0.12356861413730207
B,4,24,62279066,0,unet_film,0.11686250658098522
B,4,24,62279066,1,unet_film,0.17345709953740915
B,4,24,62279066,2,unet_film,0.20263614664023213
B,4,24,62279066,0,hrmv2_act_k1,0.20077978560388274
B,4,24,62279066,1,hrmv2_act_k1,0.1304813361846808
B,4,24,62279066,2,hrmv2_act_k1,0.2504277759946233
B,4,24,62279066,0,hrmv2_act_k2,0.20134618762692455
B,4,24,62279066,1,hrmv2_act_k2,0.1496478331070293
B,4,24,62279066,2,hrmv2_act_k2,0.25506948303691807
B,4,24,62279066,0,hrmv2_act_k4,0.20024497138508726
B,4,24,62279066,1,hrmv2_act_k4,0.1497877924389447
B,4,24,62279066,2,hrmv2_act_k4,0.2539483204001483
B,4,24,62279066,0,hrmv2_act_k8,0.20099992930323649
B,4,24,62279066,1,hrmv2_act_k8,0.15255619536980863
B,4,24,62279066,2,hrmv2_act_k8,0.25481533200690115
B,8,0,123992867,0,gnn,0.16580212494920563
B,8,0,123992867,1,gnn,0.14719352406049738
B,8,0,123992867,2,gnn,0.15239527959353508
B,8,0,123992867,0,hrm_trace,0.35124589641138937
B,8,0,123992867,1,hrm_trace,0.5036571476199999
B,8,0,123992867,2,hrm_trace,0.4213708907058553
B,8,0,123992867,0,hrmv2_act,0.44243099672458525
B,8,0,123992867,1,hrmv2_act,0.3599027031725574
B,8,0,123992867,2,hrmv2_act,0.5133501634727297
B,8,0,123992867,0,mlp,0.4555760538689668
B,8,0,123992867,1,mlp,0.628132439397315
B,8,0,123992867,2,mlp,0.5814669441874981
B,8,0,123992867,0,onlstm_trace,0.33158335088389107
B,8,0,123992867,1,onlstm_trace,0.43003772480088776
B,8,0,123992867,2,onlstm_trace,0.20523807758456727
B,8,0,123992867,0,unet_film,0.22092879263557472
B,8,0,123992867,1,unet_film,0.2704101603239317
B,8,0,123992867,2,unet_film,0.20874025663583928
B,8,0,123992867,0,hrmv2_act_k1,0.4316830991603475
B,8,0,123992867,1,hrmv2_act_k1,0.4036739279732582
B,8,0,123992867,2,hrmv2_act_k1,0.4934736150634627
B,8,0,123992867,0,hrmv2_act_k2,0.4432132852470876
B,8,0,123992867,1,hrmv2_act_k2,0.3672783609160033
B,8,0,123992867,2,hrmv2_act_k2,0.5138339053028219
B,8,0,123992867,0,hrmv2_act_k4,0.4445475896974096
B,8,0,123992867,1,hrmv2_act_k4,0.3602082624620748
B,8,0,123992867,2,hrmv2_act_k4,0.5145946111687257
B,8,0,123992867,0,hrmv2_act_k8,0.44243099672458525
B,8,0,123992867,1,hrmv2_act_k8,0.3599027031725574
B,8,0,123992867,2,hrmv2_act_k8,0.5133501634727297
B,8,1,124016624,0,gnn,0.16778919222410216
B,8,1,124016624,1,gnn,0.18717171829824106
B,8,1,124016624,2,gnn,0.18415438190497133
B,8,1,124016624,0,hrm_trace,0.3602231342653075
B,8,1,124016624,1,hrm_trace,0.48817269774621536
B,8,1,124016624,2,hrm_trace,0.41473558108525377
B,8,1,124016624,0,hrmv2_act,0.6069038780049726
B,8,1,124016624,1,hrmv2_act,0.6389472025117773
B,8,1,124016624,2,hrmv2_act,0.4913680913763507
B,8,1,124016624,0,mlp,0.403057591876943
B,8,1,124016624,1,mlp,0.6201569403721198
B,8,1,124016624,2,mlp,0.5290072943339771
B,8,1,124016624,0,onlstm_trace,0.4263411714913004
B,8,1,124016624,1,onlstm_trace,0.7085497278879407
B,8,1,124016624,2,onlstm_trace,0.6099715290357582
B,8,1,124016624,0,unet_film,0.1040794368644689
B,8,1,124016624,1,unet_film,0.1174545556300352
B,8,1,124016624,2,unet_film,0.12439698686602912
B,8,1,124016624,0,hrmv2_act_k1,0.6462170899609216
B,8,1,124016624,1,hrmv2_act_k1,0.6467229180158097
B,8,1,124016624,2,hrmv2_act_k1,0.49125355737975784
B,8,1,124016624,0,hrmv2_act_k2,0.6042756472477241
B,8,1,124016624,1,hrmv2_act_k2,0.6407735480921707
B,8,1,124016624,2,hrmv2_act_k2,0.4910463298704983
B,8,1,124016624,0,hrmv2_act_k4,0.606860390350813
B,8,1,124016624,1,hrmv2_act_k4,0.6404917934873648
B,8,1,124016624,2,hrmv2_act_k4,0.49220079340895045
B,8,1,124016624,0,hrmv2_act_k8,0.6069038780049726
B,8,1,124016624,1,hrmv2_act_k8,0.6389472025117773
B,8,1,124016624,2,hrmv2_act_k8,0.4913680913763507
B,8,2,124024543,0,gnn,0.2012335877581687
B,8,2,124024543,1,gnn,0.22631128114340116
B,8,2,124024543,2,gnn,0.22235791049104806
B,8,2,124024543,0,hrm_trace,0.18232151245228767
B,8,2,124024543,1,hrm_trace,0.27343427673438936
B,8,2,124024543,2,hrm_trace,0.20852726921038633
B,8,2,124024543,0,hrmv2_act,0.17913339020917798
B,8,2,124024543,1,hrmv2_act,0.18293534877298367
B,8,2,124024543,2,hrmv2_act,0.15650258265389713
B,8,2,124024543,0,mlp,0.2337194636299259
B,8,2,124024543,1,mlp,0.19006986900210643
B,8,2,124024543,2,mlp,0.1905754361811732
B,8,2,124024543,0,onlstm_trace,0.1816320674072508
B,8,2,124024543,1,onlstm_trace,0.1456276547581375
B,8,2,124024543,2,onlstm_trace,0.16344802049898038
B,8,2,124024543,0,unet_film,0.36114739907719545
B,8,2,124024543,1,unet_film,0.26606067428325614
B,8,2,124024543,2,unet_film,0.2569708472246159
B,8,2,124024543,0,hrmv2_act_k1,0.17615960475676118
B,8,2,124024543,1,hrmv2_act_k1,0.18270495939842615
B,8,2,124024543,2,hrmv2_act_k1,0.1590544396882181
B,8,2,124024543,0,hrmv2_act_k2,0.17446189487538008
B,8,2,124024543,1,hrmv2_act_k2,0.1795839294574554
B,8,2,124024543,2,hrmv2_act_k2,0.15473673998261592
B,8,2,124024543,0,hrmv2_act_k4,0.17831157757625274
B,8,2,124024543,1,hrmv2_act_k4,0.18143569897888948
B,8,2,124024543,2,hrmv2_act_k4,0.1545925265083328
B,8,2,124024543,0,hrmv2_act_k8,0.17913339020917798
B,8,2,124024543,1,hrmv2_act_k8,0.18293534877298367
B,8,2,124024543,2,hrmv2_act_k8,0.15650258265389713
B,8,3,124040381,0,gnn,0.24444081859454259
B,8,3,124040381,1,gnn,0.26380763174470584
B,8,3,124040381,2,gnn,0.2575701728252679
B,8,3,124040381,0,hrm_trace,0.12503944311620702
B,8,3,124040381,1,hrm_trace,0.15584139468431366
B,8,3,124040381,2,hrm_trace,0.13342833331837206
B,8,3,124040381,0,hrmv2_act,0.22731180569526366
B,8,3,124040381,1,hrmv2_act,0.1887403815922349
B,8,3,124040381,2,hrmv2_act,0.13427424596364532
B,8,3,124040381,0,mlp,0.2435874033714341
B,8,3,124040381,1,mlp,0.17961966481679967
B,8,3,124040381,2,mlp,0.19947837108592067
B,8,3,124040381,0,onlstm_trace,0.1167408704759131
B,8,3,124040381,1,onlstm_trace,0.12609901089924166
B,8,3,124040381,2,onlstm_trace,0.09383373283680896
B,8,3,124040381,0,unet_film,0.1267365962225732
B,8,3,124040381,1,unet_film,0.1306715096263735
B,8,3,124040381,2,unet_film,0.14887116371795298
B,8,3,124040381,0,hrmv2_act_k1,0.21929400681892716
B,8,3,124040381,1,hrmv2_act_k1,0.1796054495492826
B,8,3,124040381,2,hrmv2_act_k1,0.13649875799762964
B,8,3,124040381,0,hrmv2_act_k2,0.2270909180446188
B,8,3,124040381,1,hrmv2_act_k2,0.18825919454575724
B,8,3,124040381,2,hrmv2_act_k2,0.13382951646007848
B,8,3,124040381,0,hrmv2_act_k4,0.2269790701847271
B,8,3,124040381,1,hrmv2_act_k4,0.1863344031417694
B,8,3,124040381,2,hrmv2_act_k4,0.13569325692830395
B,8,3,124040381,0,hrmv2_act_k8,0.22731180569526366
B,8,3,124040381,1,hrmv2_act_k8,0.1887403815922349
B,8,3,124040381,2,hrmv2_act_k8,0.13427424596364532
B,8,4,124056219,0,gnn,0.26325724950595836
B,8,4,124056219,1,gnn,0.29952282720515144
B,8,4,124056219,2,gnn,0.2914587736780895
B,8,4,124056219,0,hrm_trace,0.09148528210655694
B,8,4,124056219,1,hrm_trace,0.13781218131641856
B,8,4,124056219,2,hrm_trace,0.10497414257703806
B,8,4,124056219,0,hrmv2_act,0.3139044812882599
B,8,4,124056219,1,hrmv2_act,0.21188820305007883
B,8,4,124056219,2,hrmv2_act,0.15059875533534647
B,8,4,124056219,0,mlp,0.2342349420544548
B,8,4,124056219,1,mlp,0.23935911240173458
B,8,4,124056219,2,mlp,0.23191785352911687
B,8,4,124056219,0,onlstm_trace,0.13552721799088846
B,8,4,124056219,1,onlstm_trace,0.13049880617727636
B,8,4,124056219,2,onlstm_trace,0.14311963351808663
B,8,4,124056219,0,unet_film,0.39695371979728417
B,8,4,124056219,1,unet_film,0.42968629231446603
B,8,4,124056219,2,unet_film,0.4940801827309424
B,8,4,124056219,0,hrmv2_act_k1,0.3058181580279979
B,8,4,124056219,1,hrmv2_act_k1,0.21397247401446698
B,8,4,124056219,2,hrmv2_act_k1,0.14209825371902218
B,8,4,124056219,0,hrmv2_act_k2,0.30980966465868903
B,8,4,124056219,1,hrmv2_act_k2,0.20967028470871982
B,8,4,124056219,2,hrmv2_act_k2,0.14440329023865076
B,8,4,124056219,0,hrmv2_act_k4,0.31303481382316023
B,8,4,124056219,1,hrmv2_act_k4,0.21293561936364783
B,8,4,124056219,2,hrmv2_act_k4,0.1482287469864028
B,8,4,124056219,0,hrmv2_act_k8,0.3139044812882599
B,8,4,124056219,1,hrmv2_act_k8,0.21188820305007883
B,8,4,124056219,2,hrmv2_act_k8,0.15059875533534647
B,8,5,124064138,0,gnn,0.7366532551539553
B,8,5,124064138,1,gnn,0.7038036582354711
B,8,5,124064138,2,gnn,0.713566176408431
B,8,5,124064138,0,hrm_trace,0.8643793140520502
B,8,5,124064138,1,hrm_trace,0.7771565676387517
B,8,5,124064138,2,hrm_trace,0.8379156661249052
B,8,5,124064138,0,hrmv2_act,0.5576342638981681
B,8,5,124064138,1,hrmv2_act,0.42094657497160587
B,8,5,124064138,2,hrmv2_act,0.4887079096968065
B,8,5,124064138,0,mlp,0.7569483244239632
B,8,5,124064138,1,mlp,0.5738415166807824
B,8,5,124064138,2,mlp,0.6157798827683291
B,8,5,124064138,0,onlstm_trace,0.43267086397927734
B,8,5,124064138,1,onlstm_trace,0.40133653358066074
B,8,5,124064138,2,onlstm_trace,0.5148376456329935
B,8,5,124064138,0,unet_film,0.6969355903058668
B,8,5,124064138,1,unet_film,0.6083926540242968
B,8,5,124064138,2,unet_film,0.5126283278775362
B,8,5,124064138,0,hrmv2_act_k1,0.5482741529917717
B,8,5,124064138,1,hrmv2_act_k1,0.42951906446520777
B,8,5,124064138,2,hrmv2_act_k1,0.4811452631071304
B,8,5,124064138,0,hrmv2_act_k2,0.5574028863453491
B,8,5,124064138,1,hrmv2_act_k2,0.41884238485905995
B,8,5,124064138,2,hrmv2_act_k2,0.4870629524978918
B,8,5,124064138,0,hrmv2_act_k4,0.5583966229541629
B,8,5,124064138,1,hrmv2_act_k4,0.42156140759198574
B,8,5,124064138,2,hrmv2_act_k4,0.4861070177533389
B,8,5,124064138,0,hrmv2_act_k8,0.5576342638981681
B,8,5,124064138,1,hrmv2_act_k8,0.42094657497160587
B,8,5,124064138,2,hrmv2_act_k8,0.4887079096968065
B,8,6,124072057,0,gnn,0.3025522979183002
B,8,6,124072057,1,gnn,0.2784926225668117
B,8,6,124072057,2,gnn,0.2923549963282444
B,8,6,124072057,0,hrm_trace,0.3045069208775412
B,8,6,124072057,1,hrm_trace,0.2436976741402678
B,8,6,124072057,2,hrm_trace,0.3068957679334473
B,8,6,124072057,0,hrmv2_act,0.3816990697971421
B,8,6,124072057,1,hrmv2_act,0.4095700522154196
B,8,6,124072057,2,hrmv2_act,0.4456755819448908
B,8,6,124072057,0,mlp,0.24344511769533195
B,8,6,124072057,1,mlp,0.15884112454311453
B,8,6,124072057,2,mlp,0.1567413187782792
B,8,6,124072057,0,onlstm_trace,0.1268924900778885
B,8,6,124072057,1,onlstm_trace,0.1554106865359474
B,8,6,124072057,2,onlstm_trace,0.14398614365124796
B,8,6,124072057,0,unet_film,0.20952391113295268
B,8,6,124072057,1,unet_film,0.30095728108722913
B,8,6,124072057,2,unet_film,0.16151105551622644
B,8,6,124072057,0,hrmv2_act_k1,0.3434837867019637
B,8,6,124072057,1,hrmv2_act_k1,0.4151916969138644
B,8,6,124072057,2,hrmv2_act_k1,0.44618980085191723
B,8,6,124072057,0,hrmv2_act_k2,0.3784805680304127
B,8,6,124072057,1,hrmv2_act_k2,0.40877157614926946
B,8,6,124072057,2,hrmv2_act_k2,0.44751023643876264
B,8,6,124072057,0,hrmv2_act_k4,0.37915775479812514
B,8,6,124072057,1,hrmv2_act_k4,0.40998140020133844
B,8,6,124072057,2,hrmv2_act_k4,0.4469375914818931
B,8,6,124072057,0,hrmv2_act_k8,0.3816990697971421
B,8,6,124072057,1,hrmv2_act_k8,0.4095700522154196
B,8,6,124072057,2,hrmv2_act_k8,0.4456755819448908
B,8,7,124087895,0,gnn,0.45746954743684065
B,8,7,124087895,1,gnn,0.4628792007895592
B,8,7,124087895,2,gnn,0.4736808348962587
B,8,7,124087895,0,hrm_trace,0.12587349006983126
B,8,7,124087895,1,hrm_trace,0.14317170510290303
B,8,7,124087895,2,hrm_trace,0.1291908396380525
B,8,7,124087895,0,hrmv2_act,0.14455703626307337
B,8,7,124087895,1,hrmv2_act,0.12920505589715922
B,8,7,124087895,2,hrmv2_act,0.13349791606753225
B,8,7,124087895,0,mlp,0.19646888452118516
B,8,7,124087895,1,mlp,0.17755723191238318
B,8,7,124087895,2,mlp,0.18984093139771605
B,8,7,124087895,0,onlstm_trace,0.14601501349745935
B,8,7,124087895,1,onlstm_trace,0.1386192861256897
B,8,7,124087895,2,onlstm_trace,0.15742641476730737
B,8,7,124087895,0,unet_film,0.5642492678389216
B,8,7,124087895,1,unet_film,0.47988774109071625
B,8,7,124087895,2,unet_film,0.5101906117678716
B,8,7,124087895,0,hrmv2_act_k1,0.14637776125151178
B,8,7,124087895,1,hrmv2_act_k1,0.12499572838196016
B,8,7,124087895,2,hrmv2_act_k1,0.12701342731462126
B,8,7,124087895,0,hrmv2_act_k2,0.14521941871948382
B,8,7,124087895,1,hrmv2_act_k2,0.12870232377587473
B,8,7,124087895,2,hrmv2_act_k2,0.12737278729568335
B,8,7,124087895,0,hrmv2_act_k4,0.14325629967878778
B,8,7,124087895,1,hrmv2_act_k4,0.12876793501592745
B,8,7,124087895,2,hrmv2_act_k4,0.13072325031054338
B,8,7,124087895,0,hrmv2_act_k8,0.14455703626307337
B,8,7,124087895,1,hrmv2_act_k8,0.12920505589715922
B,8,7,124087895,2,hrmv2_act_k8,0.13349791606753225
B,8,8,124095814,0,gnn,0.4194555650837632
B,8,8,124095814,1,gnn,0.45119232687748095
B,8,8,124095814,2,gnn,0.44165015385883527
B,8,8,124095814,0,hrm_trace,0.15212949631918213
B,8,8,124095814,1,hrm_trace,0.20300921694503604
B,8,8,124095814,2,hrm_trace,0.16915080222273912
B,8,8,124095814,0,hrmv2_act,0.18082857869450586
B,8,8,124095814,1,hrmv2_act,0.19769290940445552
B,8,8,124095814,2,hrmv2_act,0.2222824858012722
B,8,8,124095814,0,mlp,0.3078927581255957
B,8,8,124095814,1,mlp,0.3926178808648246
B,8,8,124095814,2,mlp,0.32915195389477486
B,8,8,124095814,0,onlstm_trace,0.07869484435163344
B,8,8,124095814,1,onlstm_trace,0.1223191322072326
B,8,8,124095814,2,onlstm_trace,0.09131383989711567
B,8,8,124095814,0,unet_film,0.23629503323946774
B,8,8,124095814,1,unet_film,0.3105118135508569
B,8,8,124095814,2,unet_film,0.29904271870011373
B,8,8,124095814,0,hrmv2_act_k1,0.1792284730552263
B,8,8,124095814,1,hrmv2_act_k1,0.18600660237008296
B,8,8,124095814,2,hrmv2_act_k1,0.2147919952869067
B,8,8,124095814,0,hrmv2_act_k2,0.17978768408511644
B,8,8,124095814,1,hrmv2_act_k2,0.19395735411070306
B,8,8,124095814,2,hrmv2_act_k2,0.220208155176011
B,8,8,124095814,0,hrmv2_act_k4,0.17861475683567415
B,8,8,124095814,1,hrmv2_act_k4,0.19665596889845727
B,8,8,124095814,2,hrmv2_act_k4,0.22154990031552643
B,8,8,124095814,0,hrmv2_act_k8,0.18082857869450586
B,8,8,124095814,1,hrmv2_act_k8,0.19769290940445552
B,8,8,124095814,2,hrmv2_act_k8,0.2222824858012722
B,8,9,124103733,0,gnn,0.3464355230136939
B,8,9,124103733,1,gnn,0.31051292449392814
B,8,9,124103733,2,gnn,0.32309270157065123
B,8,9,124103733,0,hrm_trace,0.17851447182218227
B,8,9,124103733,1,hrm_trace,0.14808544635888854
B,8,9,124103733,2,hrm_trace,0.15615731332250932
B,8,9,124103733,0,hrmv2_act,0.43988382468326864
B,8,9,124103733,1,hrmv2_act,0.3684889807436453
B,8,9,124103733,2,hrmv2_act,0.4490229011215246
B,8,9,124103733,0,mlp,0.3074992720546602
B,8,9,124103733,1,mlp,0.199436670150555
B,8,9,124103733,2,mlp,0.2361458626261861
B,8,9,124103733,0,onlstm_trace,0.5111158854155954
B,8,9,124103733,1,onlstm_trace,0.39335508552498505
B,8,9,124103733,2,onlstm_trace,0.4161558221207024
B,8,9,124103733,0,unet_film,0.17816123967316913
B,8,9,124103733,1,unet_film,0.16418396613470124
B,8,9,124103733,2,unet_film,0.2636623537972159
B,8,9,124103733,0,hrmv2_act_k1,0.4522543583497806
B,8,9,124103733,1,hrmv2_act_k1,0.3892531008529781
B,8,9,124103733,2,hrmv2_act_k1,0.4419476133201294
B,8,9,124103733,0,hrmv2_act_k2,0.4371294289271969
B,8,9,124103733,1,hrmv2_act_k2,0.3737711121543717
B,8,9,124103733,2,hrmv2_act_k2,0.4501164543699263
B,8,9,124103733,0,hrmv2_act_k4,0.4419560638722582
B,8,9,124103733,1,hrmv2_act_k4,0.37431664906006396
B,8,9,124103733,2,hrmv2_act_k4,0.4505359291570085
B,8,9,124103733,0,hrmv2_act_k8,0.43988382468326864
B,8,9,124103733,1,hrmv2_act_k8,0.3684889807436453
B,8,9,124103733,2,hrmv2_act_k8,0.4490229011215246
B,8,10,124111652,0,gnn,0.16592928197999948
B,8,10,124111652,1,gnn,0.1723070258436017
B,8,10,124111652,2,gnn,0.17803058200339147
B,8,10,124111652,0,hrm_trace,0.17436856279952037
B,8,10,124111652,1,hrm_trace,0.17521223953616405
B,8,10,124111652,2,hrm_trace,0.17355561479872764
B,8,10,124111652,0,hrmv2_act,0.2751569975612712
B,8,10,124111652,1,hrmv2_act,0.3330909837321968
B,8,10,124111652,2,hrmv2_act,0.25496753067307204
B,8,10,124111652,0,mlp,0.1072967483709978
B,8,10,124111652,1,mlp,0.18478193718720728
B,8,10,124111652,2,mlp,0.12017163930626294
B,8,10,124111652,0,onlstm_trace,0.17946891282076446
B,8,10,124111652,1,onlstm_trace,0.12160127326348631
B,8,10,124111652,2,onlstm_trace,0.16323015321838502
B,8,10,124111652,0,unet_film,0.17397051768089913
B,8,10,124111652,1,unet_film,0.19770748522029502
B,8,10,124111652,2,unet_film,0.15981809744537553
B,8,10,124111652,0,hrmv2_act_k1,0.2680992746085023
B,8,10,124111652,1,hrmv2_act_k1,0.32199220855016075
B,8,10,124111652,2,hrmv2_act_k1,0.24017188188305452
B,8,10,124111652,0,hrmv2_act_k2,0.28037313576911044
B,8,10,124111652,1,hrmv2_act_k2,0.32763320295904597
B,8,10,124111652,2,hrmv2_act_k2,0.24945270790417215
B,8,10,124111652,0,hrmv2_act_k4,0.2767349636929765
B,8,10,124111652,1,hrmv2_act_k4,0.33632938356570835
B,8,10,124111652,2,hrmv2_act_k4,0.25466124268709983
B,8,10,124111652,0,hrmv2_act_k8,0.2751569975612712
B,8,10,124111652,1,hrmv2_act_k8,0.3330909837321968
B,8,10,124111652,2,hrmv2_act_k8,0.25496753067307204
B,8,11,124119571,0,gnn,0.19665067598064742
B,8,11,124119571,1,gnn,0.24354930438587472
B,8,11,124119571,2,gnn,0.2294479640790462
B,8,11,124119571,0,hrm_trace,0.4252932288636965
B,8,11,124119571,1,hrm_trace,0.5538894203214352
B,8,11,124119571,2,hrm_trace,0.4761679940609998
B,8,11,124119571,0,hrmv2_act,0.5712152064628735
B,8,11,124119571,1,hrmv2_act,0.34374003388998303
B,8,11,124119571,2,hrmv2_act,0.5158146871835695
B,8,11,124119571,0,mlp,0.23409869437748684
B,8,11,124119571,1,mlp,0.38298802003703164
B,8,11,124119571,2,mlp,0.32187407965707754
B,8,11,124119571,0,onlstm_trace,0.4039830395760809
B,8,11,124119571,1,onlstm_trace,0.3413875923929448
B,8,11,124119571,2,onlstm_trace,0.23730901385687383
B,8,11,124119571,0,unet_film,0.3771638713566717
B,8,11,124119571,1,unet_film,0.34120730111977043
B,8,11,124119571,2,unet_film,0.30688549097235457
B,8,11,124119571,0,hrmv2_act_k1,0.5504973094190746
B,8,11,124119571,1,hrmv2_act_k1,0.3456160302296965
B,8,11,124119571,2,hrmv2_act_k1,0.5142778872081825
B,8,11,124119571,0,hrmv2_act_k2,0.5716068567017257
B,8,11,124119571,1,hrmv2_act_k2,0.34118602311718016
B,8,11,124119571,2,hrmv2_act_k2,0.5154493488840163
B,8,11,124119571,0,hrmv2_act_k4,0.5677429494137299
B,8,11,124119571,1,hrmv2_act_k4,0.34324893617122515
B,8,11,124119571,2,hrmv2_act_k4,0.514970347473049
B,8,11,124119571,0,hrmv2_act_k8,0.5712152064628735
B,8,11,124119571,1,hrmv2_act_k8,0.34374003388998303
B,8,11,124119571,2,hrmv2_act_k8,0.5158146871835695
B,8,12,124127490,0,gnn,0.22695204549578127
B,8,12,124127490,1,gnn,0.18579308491698243
B,8,12,124127490,2,gnn,0.1874977468247601
B,8,12,124127490,0,hrm_trace,0.22066480796322333
B,8,12,124127490,1,hrm_trace,0.303980062539196
B,8,12,124127490,2,hrm_trace,0.24552448974335053
B,8,12,124127490,0,hrmv2_act,0.269453909946274
B,8,12,124127490,1,hrmv2_act,0.2800431699204519
B,8,12,124127490,2,hrmv2_act,0.2724376468907563
B,8,12,124127490,0,mlp,0.2902441512721742
B,8,12,124127490,1,mlp,0.32509285305863694
B,8,12,124127490,2,mlp,0.32332184088797894
B,8,12,124127490,0,onlstm_trace,0.21801216233166057
B,8,12,124127490,1,onlstm_trace,0.2105031451176399
B,8,12,124127490,2,onlstm_trace,0.20756431214463444
B,8,12,124127490,0,unet_film,0.17664550277702454
B,8,12,124127490,1,unet_film,0.19057224622169897
B,8,12,124127490,2,unet_film,0.15269572662392822
B,8,12,124127490,0,hrmv2_act_k1,0.24849181899804318
B,8,12,124127490,1,hrmv2_act_k1,0.2841248901714877
B,8,12,124127490,2,hrmv2_act_k1,0.27322796420822787
B,8,12,124127490,0,hrmv2_act_k2,0.26996964316424
B,8,12,124127490,1,hrmv2_act_k2,0.2804532391475683
B,8,12,124127490,2,hrmv2_act_k2,0.2722292882714812
B,8,12,124127490,0,hrmv2_act_k4,0.267078128256889
B,8,12,124127490,1,hrmv2_act_k4,0.279569947731478
B,8,12,124127490,2,hrmv2_act_k4,0.2723377887044744
B,8,12,124127490,0,hrmv2_act_k8,0.269453909946274
B,8,12,124127490,1,hrmv2_act_k8,0.2800431699204519
B,8,12,124127490,2,hrmv2_act_k8,0.2724376468907563
B,8,13,124135409,0,gnn,0.27546465448616636
B,8,13,124135409,1,gnn,0.3044128879555039
B,8,13,124135409,2,gnn,0.3069067961700424
B,8,13,124135409,0,hrm_trace,0.2585843776485251
B,8,13,124135409,1,hrm_trace,0.36479749484600155
B,8,13,124135409,2,hrm_trace,0.3045678582041471
B,8,13,124135409,0,hrmv2_act,0.4841335547155441
B,8,13,124135409,1,hrmv2_act,0.366841230355842
B,8,13,124135409,2,hrmv2_act,0.43318191467609274
B,8,13,124135409,0,mlp,0.2408439922644782
B,8,13,124135409,1,mlp,0.3342654279989117
B,8,13,124135409,2,mlp,0.3291263266268247
B,8,13,124135409,0,onlstm_trace,0.07582009508867597
B,8,13,124135409,1,onlstm_trace,0.09473434058340892
B,8,13,124135409,2,onlstm_trace,0.1002455730571744
B,8,13,124135409,0,unet_film,0.13992292864099481
B,8,13,124135409,1,unet_film,0.14308573178949613
B,8,13,124135409,2,unet_film,0.15816990819116225
B,8,13,124135409,0,hrmv2_act_k1,0.4970810902406864
B,8,13,124135409,1,hrmv2_act_k1,0.3929660230187569
B,8,13,124135409,2,hrmv2_act_k1,0.43299955139268737
B,8,13,124135409,0,hrmv2_act_k2,0.48667933809275477
B,8,13,124135409,1,hrmv2_act_k2,0.36504699591390044
B,8,13,124135409,2,hrmv2_act_k2,0.4373463515224356
B,8,13,124135409,0,hrmv2_act_k4,0.48640598756632053
B,8,13,124135409,1,hrmv2_act_k4,0.36326932829461683
B,8,13,124135409,2,hrmv2_act_k4,0.43424704418287813
B,8,13,124135409,0,hrmv2_act_k8,0.4841335547155441
B,8,13,124135409,1,hrmv2_act_k8,0.366841230355842
B,8,13,124135409,2,hrmv2_act_k8,0.43318191467609274
B,8,14,124143328,0,gnn,0.9219429965340354
B,8,14,124143328,1,gnn,0.8975847871390724
B,8,14,124143328,2,gnn,0.8918568732891239
B,8,14,124143328,0,hrm_trace,0.7352251803943716
B,8,14,124143328,1,hrm_trace,0.6129589401333693
B,8,14,124143328,2,hrm_trace,0.6931499294699498
B,8,14,124143328,0,hrmv2_act,0.867725376310712
B,8,14,124143328,1,hrmv2_act,0.7708397976950305
B,8,14,124143328,2,hrmv2_act,0.983714306002082
B,8,14,124143328,0,mlp,0.6539456736419674
B,8,14,124143328,1,mlp,0.5796146279210017
B,8,14,124143328,2,mlp,0.6544602513580396
B,8,14,124143328,0,onlstm_trace,0.775883850843999
B,8,14,124143328,1,onlstm_trace,0.3231133223524228
B,8,14,124143328,2,onlstm_trace,0.6276840838279053
B,8,14,124143328,0,unet_film,1.2187730075356171
B,8,14,124143328,1,unet_film,1.096416902205316
B,8,14,124143328,2,unet_film,1.138339313164698
B,8,14,124143328,0,hrmv2_act_k1,0.8548862799061595
B,8,14,124143328,1,hrmv2_act_k1,0.82816341361384
B,8,14,124143328,2,hrmv2_act_k1,0.9814783472281726
B,8,14,124143328,0,hrmv2_act_k2,0.8631460348021753
B,8,14,124143328,1,hrmv2_act_k2,0.7770799686781604
B,8,14,124143328,2,hrmv2_act_k2,0.9846138216636672
B,8,14,124143328,0,hrmv2_act_k4,0.86806407957244
B,8,14,124143328,1,hrmv2_act_k4,0.7706653953875552
B,8,14,124143328,2,hrmv2_act_k4,0.9830254066804603
B,8,14,124143328,0,hrmv2_act_k8,0.867725376310712
B,8,14,124143328,1,hrmv2_act_k8,0.7708397976950305
B,8,14,124143328,2,hrmv2_act_k8,0.983714306002082
B,8,15,124151247,0,gnn,0.18447356445790208
B,8,15,124151247,1,gnn,0.22441855503826155
B,8,15,124151247,2,gnn,0.22356624490312763
B,8,15,124151247,0,hrm_trace,0.18131295875287531
B,8,15,124151247,1,hrm_trace,0.25513512993793835
B,8,15,124151247,2,hrm_trace,0.21583032332918206
B,8,15,124151247,0,hrmv2_act,0.4197430611011261
B,8,15,124151247,1,hrmv2_act,0.3255350061480909
B,8,15,124151247,2,hrmv2_act,0.3158781179188558
B,8,15,124151247,0,mlp,0.26689754490477713
B,8,15,124151247,1,mlp,0.20326333289098883
B,8,15,124151247,2,mlp,0.24111240727756147
B,8,15,124151247,0,onlstm_trace,0.144687240212129
B,8,15,124151247,1,onlstm_trace,0.10214074619041053
B,8,15,124151247,2,onlstm_trace,0.11615188435096892
B,8,15,124151247,0,unet_film,0.11894677011833553
B,8,15,124151247,1,unet_film,0.12387268736523682
B,8,15,124151247,2,unet_film,0.20480590966285683
B,8,15,124151247,0,hrmv2_act_k1,0.4138877063747997
B,8,15,124151247,1,hrmv2_act_k1,0.32192717928556686
B,8,15,124151247,2,hrmv2_act_k1,0.3175733123150273
B,8,15,124151247,0,hrmv2_act_k2,0.4238877632999048
B,8,15,124151247,1,hrmv2_act_k2,0.3271109167594857
B,8,15,124151247,2,hrmv2_act_k2,0.30824664839365506
B,8,15,124151247,0,hrmv2_act_k4,0.4205400397333387
B,8,15,124151247,1,hrmv2_act_k4,0.3234224216714868
B,8,15,124151247,2,hrmv2_act_k4,0.3102217615738089
B,8,15,124151247,0,hrmv2_act_k8,0.4197430611011261
B,8,15,124151247,1,hrmv2_act_k8,0.3255350061480909
B,8,15,124151247,2,hrmv2_act_k8,0.3158781179188558
B,8,16,124159166,0,gnn,0.16163510566596426
B,8,16,124159166,1,gnn,0.16052625369954923
B,8,16,124159166,2,gnn,0.17178311125525256
B,8,16,124159166,0,hrm_trace,0.37897960245476475
B,8,16,124159166,1,hrm_trace,0.5034886110423739
B,8,16,124159166,2,hrm_trace,0.4113214310657985
B,8,16,124159166,0,hrmv2_act,0.22743212443060382
B,8,16,124159166,1,hrmv2_act,0.22519840427771096
B,8,16,124159166,2,hrmv2_act,0.25307209192454055
B,8,16,124159166,0,mlp,0.16372493103302257
B,8,16,124159166,1,mlp,0.23888549452636135
B,8,16,124159166,2,mlp,0.1947174464033331
B,8,16,124159166,0,onlstm_trace,0.15376509904850472
B,8,16,124159166,1,onlstm_trace,0.12336348357767586
B,8,16,124159166,2,onlstm_trace,0.19579481154591857
B,8,16,124159166,0,unet_film,0.17857370324957533
B,8,16,124159166,1,unet_film,0.1847834504733491
B,8,16,124159166,2,unet_film,0.1651166778401549
B,8,16,124159166,0,hrmv2_act_k1,0.21572081711451133
B,8,16,124159166,1,hrmv2_act_k1,0.2272857988952941
B,8,16,124159166,2,hrmv2_act_k1,0.2442694215341876
B,8,16,124159166,0,hrmv2_act_k2,0.22764210489569847
B,8,16,124159166,1,hrmv2_act_k2,0.22476963798451777
B,8,16,124159166,2,hrmv2_act_k2,0.2534973873010794
B,8,16,124159166,0,hrmv2_act_k4,0.2285550464762641
B,8,16,124159166,1,hrmv2_act_k4,0.22332138023229717
B,8,16,124159166,2,hrmv2_act_k4,0.25190056394723964
B,8,16,124159166,0,hrmv2_act_k8,0.22743212443060382
B,8,16,124159166,1,hrmv2_act_k8,0.22519840427771096
B,8,16,124159166,2,hrmv2_act_k8,0.25307209192454055
B,8,17,124167085,0,gnn,0.14780991812256197
B,8,17,124167085,1,gnn,0.15558936445035923
B,8,17,124167085,2,gnn,0.14657682628745425
B,8,17,124167085,0,hrm_trace,0.12135883226662376
B,8,17,124167085,1,hrm_trace,0.13041513205536254
B,8,17,124167085,2,hrm_trace,0.11594623751516898
B,8,17,124167085,0,hrmv2_act,0.24860599265745886
B,8,17,124167085,1,hrmv2_act,0.3088948116272139
B,8,17,124167085,2,hrmv2_act,0.2724752166477224
B,8,17,124167085,0,mlp,0.39015430045067295
B,8,17,124167085,1,mlp,0.31270433033114664
B,8,17,124167085,2,mlp,0.3347903544518318
B,8,17,124167085,0,onlstm_trace,0.38123023812938134
B,8,17,124167085,1,onlstm_trace,0.37090640490545285
B,8,17,124167085,2,onlstm_trace,0.33461660965533624
B,8,17,124167085,0,unet_film,0.12034601345901291
B,8,17,124167085,1,unet_film,0.13418703212216923
B,8,17,124167085,2,unet_film,0.1943135643726959
B,8,17,124167085,0,hrmv2_act_k1,0.2518519012569406
B,8,17,124167085,1,hrmv2_act_k1,0.3104970758986665
B,8,17,124167085,2,hrmv2_act_k1,0.26738555564530014
B,8,17,124167085,0,hrmv2_act_k2,0.2513000839085244
B,8,17,124167085,1,hrmv2_act_k2,0.30925464240452477
B,8,17,124167085,2,hrmv2_act_k2,0.27205774004013733
B,8,17,124167085,0,hrmv2_act_k4,0.25001397176570667
B,8,17,124167085,1,hrmv2_act_k4,0.3091190502510635
B,8,17,124167085,2,hrmv2_act_k4,0.27226163048698215
B,8,17,124167085,0,hrmv2_act_k8,0.24860599265745886
B,8,17,124167085,1,hrmv2_act_k8,0.3088948116272139
B,8,17,124167085,2,hrmv2_act_k8,0.2724752166477224
B,8,18,124175004,0,gnn,0.2837317684082004
B,8,18,124175004,1,gnn,0.31745579423403397
B,8,18,124175004,2,gnn,0.3058382106052204
B,8,18,124175004,0,hrm_trace,0.27517939335502045
B,8,18,124175004,1,hrm_trace,0.36522799208293705
B,8,18,124175004,2,hrm_trace,0.3064538074990087
B,8,18,124175004,0,hrmv2_act,0.19913684392374606
B,8,18,124175004,1,hrmv2_act,0.21231943455190327
B,8,18,124175004,2,hrmv2_act,0.24027334135965497
B,8,18,124175004,0,mlp,0.22771937008935114
B,8,18,124175004,1,mlp,0.2845381079558123
B,8,18,124175004,2,mlp,0.23892981800205557
B,8,18,124175004,0,onlstm_trace,0.1600050942044711
B,8,18,124175004,1,onlstm_trace,0.10303266642287788
B,8,18,124175004,2,onlstm_trace,0.09516736421561141
B,8,18,124175004,0,unet_film,0.5565079272524979
B,8,18,124175004,1,unet_film,0.5140144735767458
B,8,18,124175004,2,unet_film,0.5851243788018199
B,8,18,124175004,0,hrmv2_act_k1,0.1997929095358719
B,8,18,124175004,1,hrmv2_act_k1,0.2119766780889286
B,8,18,124175004,2,hrmv2_act_k1,0.237093933410601
B,8,18,124175004,0,hrmv2_act_k2,0.1960322082343453
B,8,18,124175004,1,hrmv2_act_k2,0.22103617651438642
B,8,18,124175004,2,hrmv2_act_k2,0.2394299189305866
B,8,18,124175004,0,hrmv2_act_k4,0.19784681380181354
B,8,18,124175004,1,hrmv2_act_k4,0.2185257456291532
B,8,18,124175004,2,hrmv2_act_k4,0.23944505078214914
B,8,18,124175004,0,hrmv2_act_k8,0.19913684392374606
B,8,18,124175004,1,hrmv2_act_k8,0.21231943455190327
B,8,18,124175004,2,hrmv2_act_k8,0.24027334135965497
B,8,19,124190842,0,gnn,0.7860254338199844
B,8,19,124190842,1,gnn,0.7407329067172664
B,8,19,124190842,2,gnn,0.7449845775574109
B,8,19,124190842,0,hrm_trace,0.34387727207586444
B,8,19,124190842,1,hrm_trace,0.24280376425118125
B,8,19,124190842,2,hrm_trace,0.3099388609439791
B,8,19,124190842,0,hrmv2_act,0.3662078598428111
B,8,19,124190842,1,hrmv2_act,0.5140380619108598
B,8,19,124190842,2,hrmv2_act,0.5011039923579933
B,8,19,124190842,0,mlp,0.2662625653432304
B,8,19,124190842,1,mlp,0.22185503791486638
B,8,19,124190842,2,mlp,0.264406609966186
B,8,19,124190842,0,onlstm_trace,0.1984726542498775
B,8,19,124190842,1,onlstm_trace,0.20996888729881888
B,8,19,124190842,2,onlstm_trace,0.30107314568064364
B,8,19,124190842,0,unet_film,0.7801550345743262
B,8,19,124190842,1,unet_film,0.7449389106291897
B,8,19,124190842,2,unet_film,0.7751817537074954
B,8,19,124190842,0,hrmv2_act_k1,0.32615418305503246
B,8,19,124190842,1,hrmv2_act_k1,0.5244894161078842
B,8,19,124190842,2,hrmv2_act_k1,0.4908802887278923
B,8,19,124190842,0,hrmv2_act_k2,0.3662165258953242
B,8,19,124190842,1,hrmv2_act_k2,0.5167510502342743
B,8,19,124190842,2,hrmv2_act_k2,0.5008097952358844
B,8,19,124190842,0,hrmv2_act_k4,0.36366437858691886
B,8,19,124190842,1,hrmv2_act_k4,0.5136213902302906
B,8,19,124190842,2,hrmv2_act_k4,0.5012832813497338
B,8,19,124190842,0,hrmv2_act_k8,0.3662078598428111
B,8,19,124190842,1,hrmv2_act_k8,0.5140380619108598
B,8,19,124190842,2,hrmv2_act_k8,0.5011039923579933
B,8,20,124198761,0,gnn,0.27237423423024615
B,8,20,124198761,1,gnn,0.3091396203496249
B,8,20,124198761,2,gnn,0.30232119403740504
B,8,20,124198761,0,hrm_trace,0.11612294354915219
B,8,20,124198761,1,hrm_trace,0.1588668839078372
B,8,20,124198761,2,hrm_trace,0.12905571778591354
B,8,20,124198761,0,hrmv2_act,0.24632398037512923
B,8,20,124198761,1,hrmv2_act,0.3399044301556726
B,8,20,124198761,2,hrmv2_act,0.2796129960397354
B,8,20,124198761,0,mlp,0.16149363220813714
B,8,20,124198761,1,mlp,0.1826666575702094
B,8,20,124198761,2,mlp,0.15550338562253693
B,8,20,124198761,0,onlstm_trace,0.12378458749777545
B,8,20,124198761,1,onlstm_trace,0.1456816224743713
B,8,20,124198761,2,onlstm_trace,0.1261208860669369
B,8,20,124198761,0,unet_film,0.17756083568382763
B,8,20,124198761,1,unet_film,0.3578020335057832
B,8,20,124198761,2,unet_film,0.18740189913054187
B,8,20,124198761,0,hrmv2_act_k1,0.263067787583168
B,8,20,124198761,1,hrmv2_act_k1,0.36375152477953293
B,8,20,124198761,2,hrmv2_act_k1,0.2767489377448057
B,8,20,124198761,0,hrmv2_act_k2,0.24444349728017253
B,8,20,124198761,1,hrmv2_act_k2,0.3452835812048128
B,8,20,124198761,2,hrmv2_act_k2,0.2818347110872713
B,8,20,124198761,0,hrmv2_act_k4,0.2464277132227507
B,8,20,124198761,1,hrmv2_act_k4,0.3475775269127426
B,8,20,124198761,2,hrmv2_act_k4,0.2812566083622791
B,8,20,124198761,0,hrmv2_act_k8,0.24632398037512923
B,8,20,124198761,1,hrmv2_act_k8,0.3399044301556726
B,8,20,124198761,2,hrmv2_act_k8,0.2796129960397354
B,8,21,124222518,0,gnn,0.48020263271672053
B,8,21,124222518,1,gnn,0.4316734286869117
B,8,21,124222518,2,gnn,0.44495600892356685
B,8,21,124222518,0,hrm_trace,0.43156230285336944
B,8,21,124222518,1,hrm_trace,0.3626686739680783
B,8,21,124222518,2,hrm_trace,0.4170949332352089
B,8,21,124222518,0,hrmv2_act,0.3343603046390569
B,8,21,124222518,1,hrmv2_act,0.4331368474959756
B,8,21,124222518,2,hrmv2_act,0.3901788344841605
B,8,21,124222518,0,mlp,0.5727036552986443
B,8,21,124222518,1,mlp,0.4420352828522765
B,8,21,124222518,2,mlp,0.4866097910509921
B,8,21,124222518,0,onlstm_trace,0.4417803304128874
B,8,21,124222518,1,onlstm_trace,0.3613827149559922
B,8,21,124222518,2,onlstm_trace,0.47309164290598654
B,8,21,124222518,0,unet_film,0.4441663300726039
B,8,21,124222518,1,unet_film,0.5346606252189111
B,8,21,124222518,2,unet_film,0.5356166169444833
B,8,21,124222518,0,hrmv2_act_k1,0.3398226457991975
B,8,21,124222518,1,hrmv2_act_k1,0.41549578323415065
B,8,21,124222518,2,hrmv2_act_k1,0.3797615024754905
B,8,21,124222518,0,hrmv2_act_k2,0.33429232159585026
B,8,21,124222518,1,hrmv2_act_k2,0.42260569635748707
B,8,21,124222518,2,hrmv2_act_k2,0.3853146185724967
B,8,21,124222518,0,hrmv2_act_k4,0.33567290969761726
B,8,21,124222518,1,hrmv2_act_k4,0.4293923604065015
B,8,21,124222518,2,hrmv2_act_k4,0.3907396047964873
B,8,21,124222518,0,hrmv2_act_k8,0.3343603046390569
B,8,21,124222518,1,hrmv2_act_k8,0.4331368474959756
B,8,21,124222518,2,hrmv2_act_k8,0.3901788344841605
B,8,22,124230437,0,gnn,0.3784514826819605
B,8,22,124230437,1,gnn,0.350333039147154
B,8,22,124230437,2,gnn,0.3542031476068719
B,8,22,124230437,0,hrm_trace,0.4925981350265507
B,8,22,124230437,1,hrm_trace,0.40198445671051347
B,8,22,124230437,2,hrm_trace,0.44781575190698003
B,8,22,124230437,0,hrmv2_act,0.3193323565274055
B,8,22,124230437,1,hrmv2_act,0.37164820532506293
B,8,22,124230437,2,hrmv2_act,0.4201194606235921
B,8,22,124230437,0,mlp,0.34005772955237573
B,8,22,124230437,1,mlp,0.22706116649952024
B,8,22,124230437,2,mlp,0.28789953129034324
B,8,22,124230437,0,onlstm_trace,0.5759548869849885
B,8,22,124230437,1,onlstm_trace,0.6458608452126072
B,8,22,124230437,2,onlstm_trace,0.5876043341814391
B,8,22,124230437,0,unet_film,0.3535223551608045
B,8,22,124230437,1,unet_film,0.35350444128157127
B,8,22,124230437,2,unet_film,0.38796021029194194
B,8,22,124230437,0,hrmv2_act_k1,0.3211389770690793
B,8,22,124230437,1,hrmv2_act_k1,0.38409022896767225
B,8,22,124230437,2,hrmv2_act_k1,0.42060309883330144
B,8,22,124230437,0,hrmv2_act_k2,0.3195487549763462
B,8,22,124230437,1,hrmv2_act_k2,0.3711807417979021
B,8,22,124230437,2,hrmv2_act_k2,0.4189456034526317
B,8,22,124230437,0,hrmv2_act_k4,0.3205710392810369
B,8,22,124230437,1,hrmv2_act_k4,0.3713332420961191
B,8,22,124230437,2,hrmv2_act_k4,0.4151636237607886
B,8,22,124230437,0,hrmv2_act_k8,0.3193323565274055
B,8,22,124230437,1,hrmv2_act_k8,0.37164820532506293
B,8,22,124230437,2,hrmv2_act_k8,0.4201194606235921
B,8,23,124238356,0,gnn,0.23269827027451875
B,8,23,124238356,1,gnn,0.2527801767096764
B,8,23,124238356,2,gnn,0.25458815690906494
B,8,23,124238356,0,hrm_trace,0.16861768896506238
B,8,23,124238356,1,hrm_trace,0.15647853752190105
B,8,23,124238356,2,hrm_trace,0.15062612292996333
B,8,23,124238356,0,hrmv2_act,0.47537366476474735
B,8,23,124238356,1,hrmv2_act,0.487532023551089
B,8,23,124238356,2,hrmv2_act,0.576013603983038
B,8,23,124238356,0,mlp,0.25360507069393634
B,8,23,124238356,1,mlp,0.3206560592386047
B,8,23,124238356,2,mlp,0.3041760854223445
B,8,23,124238356,0,onlstm_trace,0.18879715098556368
B,8,23,124238356,1,onlstm_trace,0.1826844311020198
B,8,23,124238356,2,onlstm_trace,0.1460546787133074
B,8,23,124238356,0,unet_film,0.2847458929846599
B,8,23,124238356,1,unet_film,0.3158462523394221
B,8,23,124238356,2,unet_film,0.299006501204555
B,8,23,124238356,0,hrmv2_act_k1,0.490444421113847
B,8,23,124238356,1,hrmv2_act_k1,0.5033794713002476
B,8,23,124238356,2,hrmv2_act_k1,0.5707749175269382
B,8,23,124238356,0,hrmv2_act_k2,0.4791106091124
B,8,23,124238356,1,hrmv2_act_k2,0.49007284675545554
B,8,23,124238356,2,hrmv2_act_k2,0.5781829883868366
B,8,23,124238356,0,hrmv2_act_k4,0.4771195604782322
B,8,23,124238356,1,hrmv2_act_k4,0.48794431788669224
B,8,23,124238356,2,hrmv2_act_k4,0.5748532682349777
B,8,23,124238356,0,hrmv2_act_k8,0.47537366476474735
B,8,23,124238356,1,hrmv2_act_k8,0.487532023551089
B,8,23,124238356,2,hrmv2_act_k8,0.576013603983038
B,8,24,124246275,0,gnn,0.23938745456653823
B,8,24,124246275,1,gnn,0.26644717327445017
B,8,24,124246275,2,gnn,0.25948689161911026
B,8,24,124246275,0,hrm_trace,0.1447471625851154
B,8,24,124246275,1,hrm_trace,0.14585792976645864
B,8,24,124246275,2,hrm_trace,0.14208572247722834
B,8,24,124246275,0,hrmv2_act,0.22018673332829977
B,8,24,124246275,1,hrmv2_act,0.20942804101142876
B,8,24,124246275,2,hrmv2_act,0.20072451986977488
B,8,24,124246275,0,mlp,0.1506717355734795
B,8,24,124246275,1,mlp,0.20043258743957848
B,8,24,124246275,2,mlp,0.18328765334457345
B,8,24,124246275,0,onlstm_trace,0.1743363775130632
B,8,24,124246275,1,onlstm_trace,0.14043529049882217
B,8,24,124246275,2,onlstm_trace,0.1909997545067209
B,8,24,124246275,0,unet_film,0.15235303884612464
B,8,24,124246275,1,unet_film,0.1743943452999376
B,8,24,124246275,2,unet_film,0.14684744249949871
B,8,24,124246275,0,hrmv2_act_k1,0.2170465420668329
B,8,24,124246275,1,hrmv2_act_k1,0.2057655651995839
B,8,24,124246275,2,hrmv2_act_k1,0.20111418785396792
B,8,24,124246275,0,hrmv2_act_k2,0.22333703450983564
B,8,24,124246275,1,hrmv2_act_k2,0.20800280103408075
B,8,24,124246275,2,hrmv2_act_k2,0.19711969049276334
B,8,24,124246275,0,hrmv2_act_k4,0.2194978663837599
B,8,24,124246275,1,hrmv2_act_k4,0.2103882961868866
B,8,24,124246275,2,hrmv2_act_k4,0.19853425231810587
B,8,24,124246275,0,hrmv2_act_k8,0.22018673332829977
B,8,24,124246275,1,hrmv2_act_k8,0.20942804101142876
B,8,24,124246275,2,hrmv2_act_k8,0.20072451986977488
C,2,0,31190337,0,gnn,0.6574038354488261
C,2,0,31190337,1,gnn,0.6179927512490768
C,2,0,31190337,2,gnn,0.6478228346992702
C,2,0,31190337,0,hrm_trace,0.6400080193829549
C,2,0,31190337,1,hrm_trace,0.5880880246146457
C,2,0,31190337,2,hrm_trace,0.6486880760748022
C,2,0,31190337,0,hrmv2_act,0.7432398252647027
C,2,0,31190337,1,hrmv2_act,0.7319584760599356
C,2,0,31190337,2,hrmv2_act,0.7309683728918114
C,2,0,31190337,0,mlp,0.4453401745614211
C,2,0,31190337,1,mlp,0.431570007429907
C,2,0,31190337,2,mlp,0.4420886687923974
C,2,0,31190337,0,onlstm_trace,0.7054583942847391
C,2,0,31190337,1,onlstm_trace,0.5361682492539176
C,2,0,31190337,2,onlstm_trace,0.6619201015458859
C,2,0,31190337,0,unet_film,0.6091402718751375
C,2,0,31190337,1,unet_film,1.1152538630040765
C,2,0,31190337,2,unet_film,0.8348550851700774
C,2,0,31190337,0,hrmv2_act_k1,0.7577158541947604
C,2,0,31190337,1,hrmv2_act_k1,0.7212700838291417
C,2,0,31190337,2,hrmv2_act_k1,0.7402121565583981
C,2,0,31190337,0,hrmv2_act_k2,0.7397206913698645
C,2,0,31190337,1,hrmv2_act_k2,0.7255275483048256
C,2,0,31190337,2,hrmv2_act_k2,0.7359756588315303
C,2,0,31190337,0,hrmv2_act_k4,0.7405101569078046
C,2,0,31190337,1,hrmv2_act_k4,0.7215961005510054
C,2,0,31190337,2,hrmv2_act_k4,0.7326744031769769
C,2,0,31190337,0,hrmv2_act_k8,0.7432398252647027
C,2,0,31190337,1,hrmv2_act_k8,0.7319584760599356
C,2,0,31190337,2,hrmv2_act_k8,0.7309683728918114
C,2,1,31198256,0,gnn,0.34085605259437807
C,2,1,31198256,1,gnn,0.2942462579329123
C,2,1,31198256,2,gnn,0.3334775693536821
C,2,1,31198256,0,hrm_trace,0.2800351444931619
C,2,1,31198256,1,hrm_trace,0.3000864239608694
C,2,1,31198256,2,hrm_trace,0.2858110458130508
C,2,1,31198256,0,hrmv2_act,0.5603793252747857
C,2,1,31198256,1,hrmv2_act,0.5110394999204585
C,2,1,31198256,2,hrmv2_act,0.5365558409056344
C,2,1,31198256,0,mlp,0.6458934971283218
C,2,1,31198256,1,mlp,0.6594911620659001
C,2,1,31198256,2,mlp,0.6523133278992517
C,2,1,31198256,0,onlstm_trace,0.5903019385305825
C,2,1,31198256,1,onlstm_trace,0.7625390242843132
C,2,1,31198256,2,onlstm_trace,0.6225984725821475
C,2,1,31198256,0,unet_film,0.36008740757333335
C,2,1,31198256,1,unet_film,0.30338763956333314
C,2,1,31198256,2,unet_film,0.22496780747578357
C,2,1,31198256,0,hrmv2_act_k1,0.525709896595864
C,2,1,31198256,1,hrmv2_act_k1,0.5024015684461932
C,2,1,31198256,2,hrmv2_act_k1,0.56503681344739
C,2,1,31198256,0,hrmv2_act_k2,0.5588739866990802
C,2,1,31198256,1,hrmv2_act_k2,0.5090646317858059
C,2,1,31198256,2,hrmv2_act_k2,0.5345613979696704
C,2,1,31198256,0,hrmv2_act_k4,0.559140583715429
C,2,1,31198256,1,hrmv2_act_k4,0.5101319139780227
C,2,1,31198256,2,hrmv2_act_k4,0.5359781717112834
C,2,1,31198256,0,hrmv2_act_k8,0.5603793252747857
C,2,1,31198256,1,hrmv2_act_k8,0.5110394999204585
C,2,1,31198256,2,hrmv2_act_k8,0.5365558409056344
C,2,2,31206175,0,gnn,0.39485632487679095
C,2,2,31206175,1,gnn,0.386864549947198
C,2,2,31206175,2,gnn,0.3766302649965138
C,2,2,31206175,0,hrm_trace,0.3268251339597718
C,2,2,31206175,1,hrm_trace,0.35620856015380753
C,2,2,31206175,2,hrm_trace,0.3320679737242358
C,2,2,31206175,0,hrmv2_act,0.5313660026700093
C,2,2,31206175,1,hrmv2_act,0.5459771951297654
C,2,2,31206175,2,hrmv2_act,0.49594933475737796
C,2,2,31206175,0,mlp,0.5560037269719609
C,2,2,31206175,1,mlp,0.6078205349462522
C,2,2,31206175,2,mlp,0.5630705850958418
C,2,2,31206175,0,onlstm_trace,0.4650826968510437
C,2,2,31206175,1,onlstm_trace,0.7051580880053968
C,2,2,31206175,2,onlstm_trace,0.5214424524129859
C,2,2,31206175,0,unet_film,0.16563190826561314
C,2,2,31206175,1,unet_film,0.21811858243718146
C,2,2,31206175,2,unet_film,0.203689945655408
C,2,2,31206175,0,hrmv2_act_k1,0.5085753618109216
C,2,2,31206175,1,hrmv2_act_k1,0.547735277049964
C,2,2,31206175,2,hrmv2_act_k1,0.48504859932879235
C,2,2,31206175,0,hrmv2_act_k2,0.529700976221547
C,2,2,31206175,1,hrmv2_act_k2,0.5466973827244466
C,2,2,31206175,2,hrmv2_act_k2,0.4927474783648892
C,2,2,31206175,0,hrmv2_act_k4,0.5281933219785283
C,2,2,31206175,1,hrmv2_act_k4,0.5466480132483073
C,2,2,31206175,2,hrmv2_act_k4,0.49463090437691615
C,2,2,31206175,0,hrmv2_act_k8,0.5313660026700093
C,2,2,31206175,1,hrmv2_act_k8,0.5459771951297654
C,2,2,31206175,2,hrmv2_act_k8,0.49594933475737796
C,2,3,31229932,0,gnn,0.5282047489331128
C,2,3,31229932,1,gnn,0.5659155833121671
C,2,3,31229932,2,gnn,0.541020544793272
C,2,3,31229932,0,hrm_trace,0.5272017738173116
C,2,3,31229932,1,hrm_trace,0.5918611693240328
C,2,3,31229932,2,hrm_trace,0.5090146658860419
C,2,3,31229932,0,hrmv2_act,0.1447011703234093
C,2,3,31229932,1,hrmv2_act,0.14996217176706025
C,2,3,31229932,2,hrmv2_act,0.16565505747702494
C,2,3,31229932,0,mlp,0.3486126334185379
C,2,3,31229932,1,mlp,0.37208789264092273
C,2,3,31229932,2,mlp,0.34495478512094596
C,2,3,31229932,0,onlstm_trace,0.3299726828625014
C,2,3,31229932,1,onlstm_trace,0.4598619808707066
C,2,3,31229932,2,onlstm_trace,0.33335324299051106
C,2,3,31229932,0,unet_film,0.1342706636106468
C,2,3,31229932,1,unet_film,0.26150895305364585
C,2,3,31229932,2,unet_film,0.13793158322684362
C,2,3,31229932,0,hrmv2_act_k1,0.14656722930999402
C,2,3,31229932,1,hrmv2_act_k1,0.144106940780062
C,2,3,31229932,2,hrmv2_act_k1,0.1562380538785666
C,2,3,31229932,0,hrmv2_act_k2,0.142563075745271
C,2,3,31229932,1,hrmv2_act_k2,0.15453306985155735
C,2,3,31229932,2,hrmv2_act_k2,0.1613194008286026
C,2,3,31229932,0,hrmv2_act_k4,0.14233214789208515
C,2,3,31229932,1,hrmv2_act_k4,0.155642020915079
C,2,3,31229932,2,hrmv2_act_k4,0.1640341129849552
C,2,3,31229932,0,hrmv2_act_k8,0.1447011703234093
C,2,3,31229932,1,hrmv2_act_k8,0.14996217176706025
C,2,3,31229932,2,hrmv2_act_k8,0.16565505747702494
C,2,4,31277446,0,gnn,0.5014163198504575
C,2,4,31277446,1,gnn,0.4655011020663308
C,2,4,31277446,2,gnn,0.4977863865698194
C,2,4,31277446,0,hrm_trace,0.4466284167250951
C,2,4,31277446,1,hrm_trace,0.41944137037606527
C,2,4,31277446,2,hrm_trace,0.4514229400871696
C,2,4,31277446,0,hrmv2_act,0.2885698173634508
C,2,4,31277446,1,hrmv2_act,0.23215515193314928
C,2,4,31277446,2,hrmv2_act,0.20676153386061724
C,2,4,31277446,0,mlp,0.47276177722668916
C,2,4,31277446,1,mlp,0.49016573197952434
C,2,4,31277446,2,mlp,0.46993831962150157
C,2,4,31277446,0,onlstm_trace,0.43145941773350394
C,2,4,31277446,1,onlstm_trace,0.6411321219762864
C,2,4,31277446,2,onlstm_trace,0.45182847921150765
C,2,4,31277446,0,unet_film,0.4614626063529092
C,2,4,31277446,1,unet_film,0.8930459629880262
C,2,4,31277446,2,unet_film,0.5881100920745395
C,2,4,31277446,0,hrmv2_act_k1,0.24479291861059133
C,2,4,31277446,1,hrmv2_act_k1,0.20998814005941074
C,2,4,31277446,2,hrmv2_act_k1,0.23289191527166483
C,2,4,31277446,0,hrmv2_act_k2,0.27632129531502936
C,2,4,31277446,1,hrmv2_act_k2,0.23283080999077133
C,2,4,31277446,2,hrmv2_act_k2,0.20559775552735268
C,2,4,31277446,0,hrmv2_act_k4,0.2871695436735285
C,2,4,31277446,1,hrmv2_act_k4,0.23261392996764815
C,2,4,31277446,2,hrmv2_act_k4,0.2041267492556894
C,2,4,31277446,0,hrmv2_act_k8,0.2885698173634508
C,2,4,31277446,1,hrmv2_act_k8,0.23215515193314928
C,2,4,31277446,2,hrmv2_act_k8,0.20676153386061724
C,2,5,31348717,0,gnn,0.28608720032718726
C,2,5,31348717,1,gnn,0.30447703083383376
C,2,5,31348717,2,gnn,0.29129217804307206
C,2,5,31348717,0,hrm_trace,0.35399190986747214
C,2,5,31348717,1,hrm_trace,0.40397852562779263
C,2,5,31348717,2,hrm_trace,0.3597962179720673
C,2,5,31348717,0,hrmv2_act,0.13102266917735794
C,2,5,31348717,1,hrmv2_act,0.13274975118373392
C,2,5,31348717,2,hrmv2_act,0.13535442037984427
C,2,5,31348717,0,mlp,0.22786165483731446
C,2,5,31348717,1,mlp,0.25706943124238496
C,2,5,31348717,2,mlp,0.2405477278970654
C,2,5,31348717,0,onlstm_trace,0.251941097337876
C,2,5,31348717,1,onlstm_trace,0.2400883949052924
C,2,5,31348717,2,onlstm_trace,0.2485846825041365
C,2,5,31348717,0,unet_film,0.2536123727973174
C,2,5,31348717,1,unet_film,0.22822136277197927
C,2,5,31348717,2,unet_film,0.365664794425818
C,2,5,31348717,0,hrmv2_act_k1,0.12936084351042856
C,2,5,31348717,1,hrmv2_act_k1,0.12863054684493486
C,2,5,31348717,2,hrmv2_act_k1,0.13832791601664454
C,2,5,31348717,0,hrmv2_act_k2,0.1306844938669816
C,2,5,31348717,1,hrmv2_act_k2,0.13081164311653423
C,2,5,31348717,2,hrmv2_act_k2,0.13668759754160556
C,2,5,31348717,0,hrmv2_act_k4,0.13186317898152494
C,2,5,31348717,1,hrmv2_act_k4,0.13069420949963095
C,2,5,31348717,2,hrmv2_act_k4,0.13637631951072446
C,2,5,31348717,0,hrmv2_act_k8,0.13102266917735794
C,2,5,31348717,1,hrmv2_act_k8,0.13274975118373392
C,2,5,31348717,2,hrmv2_act_k8,0.13535442037984427
C,2,6,31396231,0,gnn,0.5355472400172165
C,2,6,31396231,1,gnn,0.508167085558079
C,2,6,31396231,2,gnn,0.5169416507196385
C,2,6,31396231,0,hrm_trace,0.39756550857526135
C,2,6,31396231,1,hrm_trace,0.40601509591383295
C,2,6,31396231,2,hrm_trace,0.40709088846205665
C,2,6,31396231,0,hrmv2_act,0.6914946147597002
C,2,6,31396231,1,hrmv2_act,0.5352463141597766
C,2,6,31396231,2,hrmv2_act,0.48138884019045053
C,2,6,31396231,0,mlp,0.30086017390914893
C,2,6,31396231,1,mlp,0.3113364693471596
C,2,6,31396231,2,mlp,0.31939055839064656
C,2,6,31396231,0,onlstm_trace,0.24241065156498695
C,2,6,31396231,1,onlstm_trace,0.3449303822690551
C,2,6,31396231,2,onlstm_trace,0.25116795215161186
C,2,6,31396231,0,unet_film,0.5858621267204353
C,2,6,31396231,1,unet_film,0.5604449083964032
C,2,6,31396231,2,unet_film,0.47199110359033036
C,2,6,31396231,0,hrmv2_act_k1,0.5783384339267297
C,2,6,31396231,1,hrmv2_act_k1,0.5018595641234824
C,2,6,31396231,2,hrmv2_act_k1,0.42820107391928713
C,2,6,31396231,0,hrmv2_act_k2,0.6925020823211034
C,2,6,31396231,1,hrmv2_act_k2,0.5263399925920499
C,2,6,31396231,2,hrmv2_act_k2,0.4766802194194713
C,2,6,31396231,0,hrmv2_act_k4,0.6915258986215285
C,2,6,31396231,1,hrmv2_act_k4,0.5299819745409016
C,2,6,31396231,2,hrmv2_act_k4,0.4813629180795675
C,2,6,31396231,0,hrmv2_act_k8,0.6914946147597002
C,2,6,31396231,1,hrmv2_act_k8,0.5352463141597766
C,2,6,31396231,2,hrmv2_act_k8,0.48138884019045053
C,2,7,31419988,0,gnn,0.5453776012956832
C,2,7,31419988,1,gnn,0.5646586549924629
C,2,7,31419988,2,gnn,0.5554810190639013
C,2,7,31419988,0,hrm_trace,0.3020127707719383
C,2,7,31419988,1,hrm_trace,0.38048358275251015
C,2,7,31419988,2,hrm_trace,0.31378524874748825
C,2,7,31419988,0,hrmv2_act,0.41892949941299323
C,2,7,31419988,1,hrmv2_act,0.5099739524320085
C,2,7,31419988,2,hrmv2_act,0.4885747579767159
C,2,7,31419988,0,mlp,0.280159715099482
C,2,7,31419988,1,mlp,0.3039931117392384
C,2,7,31419988,2,mlp,0.27928841621025413
C,2,7,31419988,0,onlstm_trace,0.21526731642885455
C,2,7,31419988,1,onlstm_trace,0.3775914897646067
C,2,7,31419988,2,onlstm_trace,0.23671350646142816
C,2,7,31419988,0,unet_film,0.37425228546710704
C,2,7,31419988,1,unet_film,0.40657191153496897
C,2,7,31419988,2,unet_film,0.32577839131184233
C,2,7,31419988,0,hrmv2_act_k1,0.3912720685052758
C,2,7,31419988,1,hrmv2_act_k1,0.5182181714896024
C,2,7,31419988,2,hrmv2_act_k1,0.4764889488441365
C,2,7,31419988,0,hrmv2_act_k2,0.4200341130328787
C,2,7,31419988,1,hrmv2_act_k2,0.50940473001348
C,2,7,31419988,2,hrmv2_act_k2,0.4875100806510314
C,2,7,31419988,0,hrmv2_act_k4,0.4197613264349775
C,2,7,31419988,1,hrmv2_act_k4,0.5083583289742252
C,2,7,31419988,2,hrmv2_act_k4,0.48934041231775016
C,2,7,31419988,0,hrmv2_act_k8,0.41892949941299323
C,2,7,31419988,1,hrmv2_act_k8,0.5099739524320085
C,2,7,31419988,2,hrmv2_act_k8,0.4885747579767159
C,2,8,31459583,0,gnn,0.29385673339324636
C,2,8,31459583,1,gnn,0.3215537344080846
C,2,8,31459583,2,gnn,0.30248575222154706
C,2,8,31459583,0,hrm_trace,0.27703473341310986
C,2,8,31459583,1,hrm_trace,0.2821106425029095
C,2,8,31459583,2,hrm_trace,0.2713159699511789
C,2,8,31459583,0,hrmv2_act,0.1955782058557148
C,2,8,31459583,1,hrmv2_act,0.29879674798283645
C,2,8,31459583,2,hrmv2_act,0.23744072841023448
C,2,8,31459583,0,mlp,0.22649170259263143
C,2,8,31459583,1,mlp,0.23077549066325
C,2,8,31459583,2,mlp,0.23915580876044334
C,2,8,31459583,0,onlstm_trace,0.24433760933923213
C,2,8,31459583,1,onlstm_trace,0.19678809310388665
C,2,8,31459583,2,onlstm_trace,0.2248232727521902
C,2,8,31459583,0,unet_film,0.18996515012916343
C,2,8,31459583,1,unet_film,0.20454082587579106
C,2,8,31459583,2,unet_film,0.26009522416025016
C,2,8,31459583,0,hrmv2_act_k1,0.18906770659080344
C,2,8,31459583,1,hrmv2_act_k1,0.26184813297288917
C,2,8,31459583,2,hrmv2_act_k1,0.2636932462486977
C,2,8,31459583,0,hrmv2_act_k2,0.182210006705091
C,2,8,31459583,1,hrmv2_act_k2,0.3118892259184621
C,2,8,31459583,2,hrmv2_act_k2,0.24274023668946162
C,2,8,31459583,0,hrmv2_act_k4,0.19313171920651775
C,2,8,31459583,1,hrmv2_act_k4,0.3061749167260307
C,2,8,31459583,2,hrmv2_act_k4,0.23912874433075215
C,2,8,31459583,0,hrmv2_act_k8,0.1955782058557148
C,2,8,31459583,1,hrmv2_act_k8,0.29879674798283645
C,2,8,31459583,2,hrmv2_act_k8,0.23744072841023448
C,2,9,31475421,0,gnn,0.5168286509751606
C,2,9,31475421,1,gnn,0.48337189277847736
C,2,9,31475421,2,gnn,0.49455997337970475
C,2,9,31475421,0,hrm_trace,0.6529690138007211
C,2,9,31475421,1,hrm_trace,0.561832980456145
C,2,9,31475421,2,hrm_trace,0.6519535204748691
C,2,9,31475421,0,hrmv2_act,0.7381760733989102
C,2,9,31475421,1,hrmv2_act,0.6598448199575274
C,2,9,31475421,2,hrmv2_act,0.682066892033365
C,2,9,31475421,0,mlp,0.5507559774134025
C,2,9,31475421,1,mlp,0.5109956479424141
C,2,9,31475421,2,mlp,0.5579865152069632
C,2,9,31475421,0,onlstm_trace,0.6139979287545073
C,2,9,31475421,1,onlstm_trace,0.4515100027122887
C,2,9,31475421,2,onlstm_trace,0.6058501463545799
C,2,9,31475421,0,unet_film,0.5614771923053511
C,2,9,31475421,1,unet_film,0.5726999193844678
C,2,9,31475421,2,unet_film,0.48925561735915035
C,2,9,31475421,0,hrmv2_act_k1,0.7638762881101172
C,2,9,31475421,1,hrmv2_act_k1,0.6287726949859522
C,2,9,31475421,2,hrmv2_act_k1,0.7112415049414107
C,2,9,31475421,0,hrmv2_act_k2,0.734123506946774
C,2,9,31475421,1,hrmv2_act_k2,0.6595415357670379
C,2,9,31475421,2,hrmv2_act_k2,0.6854651810882934
C,2,9,31475421,0,hrmv2_act_k4,0.7354067520661213
C,2,9,31475421,1,hrmv2_act_k4,0.6574007123081934
C,2,9,31475421,2,hrmv2_act_k4,0.6846627843677016
C,2,9,31475421,0,hrmv2_act_k8,0.7381760733989102
C,2,9,31475421,1,hrmv2_act_k8,0.6598448199575274
C,2,9,31475421,2,hrmv2_act_k8,0.682066892033365
C,2,10,31483340,0,gnn,0.805587659299252
C,2,10,31483340,1,gnn,0.7803487914364193
C,2,10,31483340,2,gnn,0.7952906152236104
C,2,10,31483340,0,hrm_trace,0.7697714422655881
C,2,10,31483340,1,hrm_trace,0.6844896166591429
C,2,10,31483340,2,hrm_trace,0.7817225262400922
C,2,10,31483340,0,hrmv2_act,0.3084025952838002
C,2,10,31483340,1,hrmv2_act,0.2523028109765031
C,2,10,31483340,2,hrmv2_act,0.3185106199628429
C,2,10,31483340,0,mlp,0.3695333736898392
C,2,10,31483340,1,mlp,0.3430620533727972
C,2,10,31483340,2,mlp,0.36661441485709767
C,2,10,31483340,0,onlstm_trace,0.5295403356618865
C,2,10,31483340,1,onlstm_trace,0.3879466723847794
C,2,10,31483340,2,onlstm_trace,0.48246565654458584
C,2,10,31483340,0,unet_film,0.30771103391211063
C,2,10,31483340,1,unet_film,0.7556761952920485
C,2,10,31483340,2,unet_film,0.6656161808756004
C,2,10,31483340,0,hrmv2_act_k1,0.3236196543229232
C,2,10,31483340,1,hrmv2_act_k1,0.3162237535757995
C,2,10,31483340,2,hrmv2_act_k1,0.3210806735337883
C,2,10,31483340,0,hrmv2_act_k2,0.312250197613932
C,2,10,31483340,1,hrmv2_act_k2,0.25492625046370937
C,2,10,31483340,2,hrmv2_act_k2,0.3166344086756782
C,2,10,31483340,0,hrmv2_act_k4,0.3106447023080646
C,2,10,31483340,1,hrmv2_act_k4,0.2523049669230459
C,2,10,31483340,2,hrmv2_act_k4,0.3181597103060318
C,2,10,31483340,0,hrmv2_act_k8,0.3084025952838002
C,2,10,31483340,1,hrmv2_act_k8,0.2523028109765031
C,2,10,31483340,2,hrmv2_act_k8,0.3185106199628429
C,2,11,31515016,0,gnn,0.5045323330493183
C,2,11,31515016,1,gnn,0.5162987250746608
C,2,11,31515016,2,gnn,0.49904018110110354
C,2,11,31515016,0,hrm_trace,0.5749414277746967
C,2,11,31515016,1,hrm_trace,0.5857119685592055
C,2,11,31515016,2,hrm_trace,0.5676209749568684
C,2,11,31515016,0,hrmv2_act,0.5972382728838014
C,2,11,31515016,1,hrmv2_act,0.7704955569926009
C,2,11,31515016,2,hrmv2_act,0.649306834136457
C,2,11,31515016,0,mlp,0.5225910960844639
C,2,11,31515016,1,mlp,0.5020961217211647
C,2,11,31515016,2,mlp,0.5327811205817709
C,2,11,31515016,0,onlstm_trace,0.5173373777809507
C,2,11,31515016,1,onlstm_trace,0.4579029408719036
C,2,11,31515016,2,onlstm_trace,0.4958988786536739
C,2,11,31515016,0,unet_film,0.6701993872372372
C,2,11,31515016,1,unet_film,0.4352887604039826
C,2,11,31515016,2,unet_film,0.5304028320259216
C,2,11,31515016,0,hrmv2_act_k1,0.5747790386274962
C,2,11,31515016,1,hrmv2_act_k1,0.781815839121585
C,2,11,31515016,2,hrmv2_act_k1,0.6236615402402212
C,2,11,31515016,0,hrmv2_act_k2,0.5866080340091322
C,2,11,31515016,1,hrmv2_act_k2,0.7705537441725824
C,2,11,31515016,2,hrmv2_act_k2,0.6540383995353455
C,2,11,31515016,0,hrmv2_act_k4,0.5982503601078922
C,2,11,31515016,1,hrmv2_act_k4,0.7626297619784911
C,2,11,31515016,2,hrmv2_act_k4,0.6609173238515884
C,2,11,31515016,0,hrmv2_act_k8,0.5972382728838014
C,2,11,31515016,1,hrmv2_act_k8,0.7704955569926009
C,2,11,31515016,2,hrmv2_act_k8,0.649306834136457
C,2,12,31522935,0,gnn,0.6014936141929409
C,2,12,31522935,1,gnn,0.6315600440759058
C,2,12,31522935,2,gnn,0.6138957322766561
C,2,12,31522935,0,hrm_trace,0.542363781318487
C,2,12,31522935,1,hrm_trace,0.584761737363415
C,2,12,31522935,2,hrm_trace,0.5300465113453181
C,2,12,31522935,0,hrmv2_act,0.4224367023610316
C,2,12,31522935,1,hrmv2_act,0.5457849263444867
C,2,12,31522935,2,hrmv2_act,0.45749217840132383
C,2,12,31522935,0,mlp,0.40315008967256966
C,2,12,31522935,1,mlp,0.41070690250930214
C,2,12,31522935,2,mlp,0.41149918447354594
C,2,12,31522935,0,onlstm_trace,0.3989176918525123
C,2,12,31522935,1,onlstm_trace,0.4108046284223312
C,2,12,31522935,2,onlstm_trace,0.3981869091359174
C,2,12,31522935,0,unet_film,0.6351799721481787
C,2,12,31522935,1,unet_film,0.4676376539941216
C,2,12,31522935,2,unet_film,0.43727813512233915
C,2,12,31522935,0,hrmv2_act_k1,0.4037118564545739
C,2,12,31522935,1,hrmv2_act_k1,0.5399990721846368
C,2,12,31522935,2,hrmv2_act_k1,0.4466960775091898
C,2,12,31522935,0,hrmv2_act_k2,0.415253918576664
C,2,12,31522935,1,hrmv2_act_k2,0.5523761458823455
C,2,12,31522935,2,hrmv2_act_k2,0.4658629086609914
C,2,12,31522935,0,hrmv2_act_k4,0.4112768742472449
C,2,12,31522935,1,hrmv2_act_k4,0.554122654118717
C,2,12,31522935,2,hrmv2_act_k4,0.4592345572657653
C,2,12,31522935,0,hrmv2_act_k8,0.4224367023610316
C,2,12,31522935,1,hrmv2_act_k8,0.5457849263444867
C,2,12,31522935,2,hrmv2_act_k8,0.45749217840132383
C,2,13,31530854,0,gnn,0.6632972313555511
C,2,13,31530854,1,gnn,0.6679999724264091
C,2,13,31530854,2,gnn,0.668549660413951
C,2,13,31530854,0,hrm_trace,0.7179529187652052
C,2,13,31530854,1,hrm_trace,0.8355749228222727
C,2,13,31530854,2,hrm_trace,0.7166179902524057
C,2,13,31530854,0,hrmv2_act,0.31879285237285154
C,2,13,31530854,1,hrmv2_act,0.40373372559038984
C,2,13,31530854,2,hrmv2_act,0.2892582663817691
C,2,13,31530854,0,mlp,0.4497871829218481
C,2,13,31530854,1,mlp,0.5245705186747833
C,2,13,31530854,2,mlp,0.47518781155672285
C,2,13,31530854,0,onlstm_trace,0.38146186324028725
C,2,13,31530854,1,onlstm_trace,0.5855590901204789
C,2,13,31530854,2,onlstm_trace,0.4236632939847286
C,2,13,31530854,0,unet_film,0.522473694440715
C,2,13,31530854,1,unet_film,0.18247946851618901
C,2,13,31530854,2,unet_film,0.33303191271742855
C,2,13,31530854,0,hrmv2_act_k1,0.31322908160509555
C,2,13,31530854,1,hrmv2_act_k1,0.38321567422710084
C,2,13,31530854,2,hrmv2_act_k1,0.2731837703722863
C,2,13,31530854,0,hrmv2_act_k2,0.32597706053747033
C,2,13,31530854,1,hrmv2_act_k2,0.3880121611915124
C,2,13,31530854,2,hrmv2_act_k2,0.28698911390043913
C,2,13,31530854,0,hrmv2_act_k4,0.3204282127159093
C,2,13,31530854,1,hrmv2_act_k4,0.40542844353283175
C,2,13,31530854,2,hrmv2_act_k4,0.28755968449998653
C,2,13,31530854,0,hrmv2_act_k8,0.31879285237285154
C,2,13,31530854,1,hrmv2_act_k8,0.40373372559038984
C,2,13,31530854,2,hrmv2_act_k8,0.2892582663817691
C,2,14,31570449,0,gnn,0.2952252886544458
C,2,14,31570449,1,gnn,0.28200654577242734
C,2,14,31570449,2,gnn,0.2908296771446847
C,2,14,31570449,0,hrm_trace,0.40372283674910586
C,2,14,31570449,1,hrm_trace,0.430761841415852
C,2,14,31570449,2,hrm_trace,0.3986926737397946
C,2,14,31570449,0,hrmv2_act,0.28702164823883164
C,2,14,31570449,1,hrmv2_act,0.2544265558261481
C,2,14,31570449,2,hrmv2_act,0.2738346116604401
C,2,14,31570449,0,mlp,0.32963139473832026
C,2,14,31570449,1,mlp,0.35027712327462307
C,2,14,31570449,2,mlp,0.3451893430029128
C,2,14,31570449,0,onlstm_trace,0.2878972260564861
C,2,14,31570449,1,onlstm_trace,0.3902430528524957
C,2,14,31570449,2,onlstm_trace,0.3017052364204967
C,2,14,31570449,0,unet_film,0.23908016449839067
C,2,14,31570449,1,unet_film,0.3044343631603658
C,2,14,31570449,2,unet_film,0.35221109318734917
C,2,14,31570449,0,hrmv2_act_k1,0.28767326327290965
C,2,14,31570449,1,hrmv2_act_k1,0.29749179022064975
C,2,14,31570449,2,hrmv2_act_k1,0.2734741993985394
C,2,14,31570449,0,hrmv2_act_k2,0.2862196034905021
C,2,14,31570449,1,hrmv2_act_k2,0.25755921099361345
C,2,14,31570449,2,hrmv2_act_k2,0.2766820876164627
C,2,14,31570449,0,hrmv2_act_k4,0.2864928977918753
C,2,14,31570449,1,hrmv2_act_k4,0.2526714124805138
C,2,14,31570449,2,hrmv2_act_k4,0.2724589196090646
C,2,14,31570449,0,hrmv2_act_k8,0.28702164823883164
C,2,14,31570449,1,hrmv2_act_k8,0.2544265558261481
C,2,14,31570449,2,hrmv2_act_k8,0.2738346116604401
C,2,15,31578368,0,gnn,0.5270827671061911
C,2,15,31578368,1,gnn,0.5679545208157101
C,2,15,31578368,2,gnn,0.5392179648589629
C,2,15,31578368,0,hrm_trace,0.435362402107301
C,2,15,31578368,1,hrm_trace,0.5207397861086734
C,2,15,31578368,2,hrm_trace,0.4463425900518062
C,2,15,31578368,0,hrmv2_act,0.31110736246725884
C,2,15,31578368,1,hrmv2_act,0.3909728152073373
C,2,15,31578368,2,hrmv2_act,0.44328738374397836
C,2,15,31578368,0,mlp,0.5828723207543809
C,2,15,31578368,1,mlp,0.6013044663791167
C,2,15,31578368,2,mlp,0.5880546851654497
C,2,15,31578368,0,onlstm_trace,0.2916700446465822
C,2,15,31578368,1,onlstm_trace,0.45353381264563253
C,2,15,31578368,2,onlstm_trace,0.3250272953813005
C,2,15,31578368,0,unet_film,0.2473892744142879
C,2,15,31578368,1,unet_film,0.17533439243775634
C,2,15,31578368,2,unet_film,0.17929969718166047
C,2,15,31578368,0,hrmv2_act_k1,0.2923372435584743
C,2,15,31578368,1,hrmv2_act_k1,0.3710283777637071
C,2,15,31578368,2,hrmv2_act_k1,0.44299072137817813
C,2,15,31578368,0,hrmv2_act_k2,0.31274285859597456
C,2,15,31578368,1,hrmv2_act_k2,0.3916546604569384
C,2,15,31578368,2,hrmv2_act_k2,0.44479587507243457
C,2,15,31578368,0,hrmv2_act_k4,0.3094614875831276
C,2,15,31578368,1,hrmv2_act_k4,0.3914240498693554
C,2,15,31578368,2,hrmv2_act_k4,0.4429821820474523
C,2,15,31578368,0,hrmv2_act_k8,0.31110736246725884
C,2,15,31578368,1,hrmv2_act_k8,0.3909728152073373
C,2,15,31578368,2,hrmv2_act_k8,0.44328738374397836
C,2,16,31602125,0,gnn,0.5657282754836982
C,2,16,31602125,1,gnn,0.5954848715669602
C,2,16,31602125,2,gnn,0.5810234718142874
C,2,16,31602125,0,hrm_trace,0.4576502676678926
C,2,16,31602125,1,hrm_trace,0.561881896013116
C,2,16,31602125,2,hrm_trace,0.4560188960088334
C,2,16,31602125,0,hrmv2_act,0.4486837634050397
C,2,16,31602125,1,hrmv2_act,0.5391895215205743
C,2,16,31602125,2,hrmv2_act,0.514722703161896
C,2,16,31602125,0,mlp,0.7006318726963096
C,2,16,31602125,1,mlp,0.715964438187711
C,2,16,31602125,2,mlp,0.7159337175373329
C,2,16,31602125,0,onlstm_trace,0.5355895620359247
C,2,16,31602125,1,onlstm_trace,0.7547879876400219
C,2,16,31602125,2,onlstm_trace,0.558496328644024
C,2,16,31602125,0,unet_film,0.37701508808398304
C,2,16,31602125,1,unet_film,0.4405269916220427
C,2,16,31602125,2,unet_film,0.506611465134984
C,2,16,31602125,0,hrmv2_act_k1,0.43419930324129913
C,2,16,31602125,1,hrmv2_act_k1,0.5073251229524663
C,2,16,31602125,2,hrmv2_act_k1,0.5138492748276388
C,2,16,31602125,0,hrmv2_act_k2,0.44873936702670375
C,2,16,31602125,1,hrmv2_act_k2,0.5510155716111782
C,2,16,31602125,2,hrmv2_act_k2,0.5164231842942995
C,2,16,31602125,0,hrmv2_act_k4,0.44922971384321164
C,2,16,31602125,1,hrmv2_act_k4,0.5395889366768232
C,2,16,31602125,2,hrmv2_act_k4,0.5141141460182347
C,2,16,31602125,0,hrmv2_act_k8,0.4486837634050397
C,2,16,31602125,1,hrmv2_act_k8,0.5391895215205743
C,2,16,31602125,2,hrmv2_act_k8,0.514722703161896
C,2,17,31728829,0,gnn,0.2396281686069264
C,2,17,31728829,1,gnn,0.24475080634190557
C,2,17,31728829,2,gnn,0.2351353128825096
C,2,17,31728829,0,hrm_trace,0.48653295395948337
C,2,17,31728829,1,hrm_trace,0.41486308683898504
C,2,17,31728829,2,hrm_trace,0.4805320070933367
C,2,17,31728829,0,hrmv2_act,0.56693257435872
C,2,17,31728829,1,hrmv2_act,0.5740510696291644
C,2,17,31728829,2,hrmv2_act,0.557040317259359
C,2,17,31728829,0,mlp,0.614769640854325
C,2,17,31728829,1,mlp,0.6090969135990518
C,2,17,31728829,2,mlp,0.633264557042986
C,2,17,31728829,0,onlstm_trace,0.6638407124146836
C,2,17,31728829,1,onlstm_trace,0.5199024249921452
C,2,17,31728829,2,onlstm_trace,0.6388216130816561
C,2,17,31728829,0,unet_film,0.3538626949040988
C,2,17,31728829,1,unet_film,0.28711035290470616
C,2,17,31728829,2,unet_film,0.4059978439427964
C,2,17,31728829,0,hrmv2_act_k1,0.5711220121201097
C,2,17,31728829,1,hrmv2_act_k1,0.5856114574067185
C,2,17,31728829,2,hrmv2_act_k1,0.5531610243616585
C,2,17,31728829,0,hrmv2_act_k2,0.567834865437428
C,2,17,31728829,1,hrmv2_act_k2,0.5747644735796843
C,2,17,31728829,2,hrmv2_act_k2,0.5522279214658105
C,2,17,31728829,0,hrmv2_act_k4,0.5654347654241129
C,2,17,31728829,1,hrmv2_act_k4,0.5741206541373278
C,2,17,31728829,2,hrmv2_act_k4,0.5535681917917502
C,2,17,31728829,0,hrmv2_act_k8,0.56693257435872
C,2,17,31728829,1,hrmv2_act_k8,0.5740510696291644
C,2,17,31728829,2,hrmv2_act_k8,0.557040317259359
C,2,18,31744667,0,gnn,0.7535536584085974
C,2,18,31744667,1,gnn,0.8046031860695462
C,2,18,31744667,2,gnn,0.7606516629476192
C,2,18,31744667,0,hrm_trace,0.555298722178694
C,2,18,31744667,1,hrm_trace,0.650437797764183
C,2,18,31744667,2,hrm_trace,0.5562260367510726
C,2,18,31744667,0,hrmv2_act,0.3422298661676987
C,2,18,31744667,1,hrmv2_act,0.46317547050625224
C,2,18,31744667,2,hrmv2_act,0.4902981735519413
C,2,18,31744667,0,mlp,0.44697084155657124
C,2,18,31744667,1,mlp,0.41670952327082117
C,2,18,31744667,2,mlp,0.40761975099133685
C,2,18,31744667,0,onlstm_trace,0.23239794240188932
C,2,18,31744667,1,onlstm_trace,0.38057125179537193
C,2,18,31744667,2,onlstm_trace,0.2759413498974458
C,2,18,31744667,0,unet_film,0.8045733379367007
C,2,18,31744667,1,unet_film,0.26007757947901505
C,2,18,31744667,2,unet_film,0.5809488663799267
C,2,18,31744667,0,hrmv2_act_k1,0.3530471346735288
C,2,18,31744667,1,hrmv2_act_k1,0.4357609956159702
C,2,18,31744667,2,hrmv2_act_k1,0.49395517416738904
C,2,18,31744667,0,hrmv2_act_k2,0.34377769209233194
C,2,18,31744667,1,hrmv2_act_k2,0.4605810099750117
C,2,18,31744667,2,hrmv2_act_k2,0.494071923075518
C,2,18,31744667,0,hrmv2_act_k4,0.3446724217308038
C,2,18,31744667,1,hrmv2_act_k4,0.4617589285857462
C,2,18,31744667,2,hrmv2_act_k4,0.4919309734586916
C,2,18,31744667,0,hrmv2_act_k8,0.3422298661676987
C,2,18,31744667,1,hrmv2_act_k8,0.46317547050625224
C,2,18,31744667,2,hrmv2_act_k8,0.4902981735519413
C,2,19,31768424,0,gnn,0.5845306117915482
C,2,19,31768424,1,gnn,0.6263113787079314
C,2,19,31768424,2,gnn,0.598242083575935
C,2,19,31768424,0,hrm_trace,0.7817480065801723
C,2,19,31768424,1,hrm_trace,0.8885437375139684
C,2,19,31768424,2,hrm_trace,0.7732235023226336
C,2,19,31768424,0,hrmv2_act,0.373825713722977
C,2,19,31768424,1,hrmv2_act,0.5933180365181316
C,2,19,31768424,2,hrmv2_act,0.3684364150996969
C,2,19,31768424,0,mlp,0.5440235784392992
C,2,19,31768424,1,mlp,0.5815398752431461
C,2,19,31768424,2,mlp,0.534026854025226
C,2,19,31768424,0,onlstm_trace,0.25226887525070696
C,2,19,31768424,1,onlstm_trace,0.40865174442457736
C,2,19,31768424,2,onlstm_trace,0.304131541555332
C,2,19,31768424,0,unet_film,0.43110369695081774
C,2,19,31768424,1,unet_film,0.2045117851984306
C,2,19,31768424,2,unet_film,0.4221450157389758
C,2,19,31768424,0,hrmv2_act_k1,0.3340356340095546
C,2,19,31768424,1,hrmv2_act_k1,0.6169067931143196
C,2,19,31768424,2,hrmv2_act_k1,0.36204452959320726
C,2,19,31768424,0,hrmv2_act_k2,0.3780667506125305
C,2,19,31768424,1,hrmv2_act_k2,0.6056549553542205
C,2,19,31768424,2,hrmv2_act_k2,0.36125971299178294
C,2,19,31768424,0,hrmv2_act_k4,0.3742759269317984
C,2,19,31768424,1,hrmv2_act_k4,0.5945385226099604
C,2,19,31768424,2,hrmv2_act_k4,0.36359319081804725
C,2,19,31768424,0,hrmv2_act_k8,0.373825713722977
C,2,19,31768424,1,hrmv2_act_k8,0.5933180365181316
C,2,19,31768424,2,hrmv2_act_k8,0.3684364150996969
C,2,20,31784262,0,gnn,1.1419629467565635
C,2,20,31784262,1,gnn,1.1039141952740565
C,2,20,31784262,2,gnn,1.1194346268190274
C,2,20,31784262,0,hrm_trace,1.0792608671860422
C,2,20,31784262,1,hrm_trace,1.0112621469223004
C,2,20,31784262,2,hrm_trace,1.10360981910113
C,2,20,31784262,0,hrmv2_act,0.9686648418641153
C,2,20,31784262,1,hrmv2_act,1.1845037744979428
C,2,20,31784262,2,hrmv2_act,0.8549897830744525
C,2,20,31784262,0,mlp,0.8872508485052703
C,2,20,31784262,1,mlp,0.8508029436970359
C,2,20,31784262,2,mlp,0.9045534697955064
C,2,20,31784262,0,onlstm_trace,0.9485518937934786
C,2,20,31784262,1,onlstm_trace,0.7918040463113649
C,2,20,31784262,2,onlstm_trace,0.930706190158467
C,2,20,31784262,0,unet_film,1.2429268758289924
C,2,20,31784262,1,unet_film,1.3060129227013495
C,2,20,31784262,2,unet_film,1.1704614251519858
C,2,20,31784262,0,hrmv2_act_k1,0.9908011899249748
C,2,20,31784262,1,hrmv2_act_k1,1.211867654615612
C,2,20,31784262,2,hrmv2_act_k1,0.8657029945141078
C,2,20,31784262,0,hrmv2_act_k2,0.9664555361585918
C,2,20,31784262,1,hrmv2_act_k2,1.1756884572445063
C,2,20,31784262,2,hrmv2_act_k2,0.856108695563048
C,2,20,31784262,0,hrmv2_act_k4,0.9673129742660859
C,2,20,31784262,1,hrmv2_act_k4,1.1893610248937212
C,2,20,31784262,2,hrmv2_act_k4,0.8555807956830274
C,2,20,31784262,0,hrmv2_act_k8,0.9686648418641153
C,2,20,31784262,1,hrmv2_act_k8,1.1845037744979428
C,2,20,31784262,2,hrmv2_act_k8,0.8549897830744525
C,2,21,31815938,0,gnn,0.34628064813770154
C,2,21,31815938,1,gnn,0.3472819568279303
C,2,21,31815938,2,gnn,0.33895171016056774
C,2,21,31815938,0,hrm_trace,0.3655242918371964
C,2,21,31815938,1,hrm_trace,0.3669828172397073
C,2,21,31815938,2,hrm_trace,0.3726369873159305
C,2,21,31815938,0,hrmv2_act,0.27226021879541484
C,2,21,31815938,1,hrmv2_act,0.2549630682601711
C,2,21,31815938,2,hrmv2_act,0.3536640892574559
C,2,21,31815938,0,mlp,0.23858949117914524
C,2,21,31815938,1,mlp,0.2391312888543701
C,2,21,31815938,2,mlp,0.25543891346787356
C,2,21,31815938,0,onlstm_trace,0.22923833082616468
C,2,21,31815938,1,onlstm_trace,0.2890429171040129
C,2,21,31815938,2,onlstm_trace,0.23686582891716246
C,2,21,31815938,0,unet_film,0.1858318490100519
C,2,21,31815938,1,unet_film,0.5579572429240772
C,2,21,31815938,2,unet_film,0.21785229532757153
C,2,21,31815938,0,hrmv2_act_k1,0.26783944502087753
C,2,21,31815938,1,hrmv2_act_k1,0.2597350447614639
C,2,21,31815938,2,hrmv2_act_k1,0.30445262053667976
C,2,21,31815938,0,hrmv2_act_k2,0.26878924812219607
C,2,21,31815938,1,hrmv2_act_k2,0.25367825172062036
C,2,21,31815938,2,hrmv2_act_k2,0.3472929683534408
C,2,21,31815938,0,hrmv2_act_k4,0.2709660180366606
C,2,21,31815938,1,hrmv2_act_k4,0.25605495425974
C,2,21,31815938,2,hrmv2_act_k4,0.3548305592487793
C,2,21,31815938,0,hrmv2_act_k8,0.27226021879541484
C,2,21,31815938,1,hrmv2_act_k8,0.2549630682601711
C,2,21,31815938,2,hrmv2_act_k8,0.3536640892574559
C,2,22,31871371,0,gnn,0.3951632371217959
C,2,22,31871371,1,gnn,0.43742592945574804
C,2,22,31871371,2,gnn,0.4059826665954879
C,2,22,31871371,0,hrm_trace,0.5197888939480613
C,2,22,31871371,1,hrm_trace,0.5759473118167601
C,2,22,31871371,2,hrm_trace,0.5173674543124522
C,2,22,31871371,0,hrmv2_act,0.18072656175619847
C,2,22,31871371,1,hrmv2_act,0.262968464078862
C,2,22,31871371,2,hrmv2_act,0.23194728387916236
C,2,22,31871371,0,mlp,0.41670139623654345
C,2,22,31871371,1,mlp,0.3959853376142387
C,2,22,31871371,2,mlp,0.4079486090474258
C,2,22,31871371,0,onlstm_trace,0.29775106681691543
C,2,22,31871371,1,onlstm_trace,0.3750769294234015
C,2,22,31871371,2,onlstm_trace,0.28997075624604973
C,2,22,31871371,0,unet_film,0.22404905012131535
C,2,22,31871371,1,unet_film,0.15644328229556162
C,2,22,31871371,2,unet_film,0.2381120976043294
C,2,22,31871371,0,hrmv2_act_k1,0.18631384717875216
C,2,22,31871371,1,hrmv2_act_k1,0.3043519677813304
C,2,22,31871371,2,hrmv2_act_k1,0.20006528556306918
C,2,22,31871371,0,hrmv2_act_k2,0.1809828655152615
C,2,22,31871371,1,hrmv2_act_k2,0.2619093506977535
C,2,22,31871371,2,hrmv2_act_k2,0.23049222888890594
C,2,22,31871371,0,hrmv2_act_k4,0.1797046077160064
C,2,22,31871371,1,hrmv2_act_k4,0.2618094961842822
C,2,22,31871371,2,hrmv2_act_k4,0.2319485799677687
C,2,22,31871371,0,hrmv2_act_k8,0.18072656175619847
C,2,22,31871371,1,hrmv2_act_k8,0.262968464078862
C,2,22,31871371,2,hrmv2_act_k8,0.23194728387916236
C,2,23,31879290,0,gnn,0.5068745671857953
C,2,23,31879290,1,gnn,0.5642179353276695
C,2,23,31879290,2,gnn,0.5246673290673226
C,2,23,31879290,0,hrm_trace,0.4500350767830581
C,2,23,31879290,1,hrm_trace,0.5217327070858282
C,2,23,31879290,2,hrm_trace,0.4524938791882318
C,2,23,31879290,0,hrmv2_act,0.3744413485088745
C,2,23,31879290,1,hrmv2_act,0.35030717203119455
C,2,23,31879290,2,hrmv2_act,0.39896406692193226
C,2,23,31879290,0,mlp,0.2605736443987246
C,2,23,31879290,1,mlp,0.3040853461822933
C,2,23,31879290,2,mlp,0.25517514701374666
C,2,23,31879290,0,onlstm_trace,0.17585775242964302
C,2,23,31879290,1,onlstm_trace,0.260043404823583
C,2,23,31879290,2,onlstm_trace,0.1890184988167601
C,2,23,31879290,0,unet_film,0.1817777451538724
C,2,23,31879290,1,unet_film,0.2826234782049783
C,2,23,31879290,2,unet_film,0.19260989328194178
C,2,23,31879290,0,hrmv2_act_k1,0.3273026297342185
C,2,23,31879290,1,hrmv2_act_k1,0.3718913519067362
C,2,23,31879290,2,hrmv2_act_k1,0.3595328719207872
C,2,23,31879290,0,hrmv2_act_k2,0.3712283732072021
C,2,23,31879290,1,hrmv2_act_k2,0.3397227667660013
C,2,23,31879290,2,hrmv2_act_k2,0.39389926360454647
C,2,23,31879290,0,hrmv2_act_k4,0.3739273284168474
C,2,23,31879290,1,hrmv2_act_k4,0.33587455136383626
C,2,23,31879290,2,hrmv2_act_k4,0.40272393022923764
C,2,23,31879290,0,hrmv2_act_k8,0.3744413485088745
C,2,23,31879290,1,hrmv2_act_k8,0.35030717203119455
C,2,23,31879290,2,hrmv2_act_k8,0.39896406692193226
C,2,24,31887209,0,gnn,0.43397228799391685
C,2,24,31887209,1,gnn,0.4568628205780862
C,2,24,31887209,2,gnn,0.4441539379705006
C,2,24,31887209,0,hrm_trace,0.5592402167348027
C,2,24,31887209,1,hrm_trace,0.6340540093516834
C,2,24,31887209,2,hrm_trace,0.557855063807326
C,2,24,31887209,0,hrmv2_act,0.4516117318668236
C,2,24,31887209,1,hrmv2_act,0.5456397349902733
C,2,24,31887209,2,hrmv2_act,0.4606489694228243
C,2,24,31887209,0,mlp,0.3658761700437958
C,2,24,31887209,1,mlp,0.3518556566196265
C,2,24,31887209,2,mlp,0.3630532135065065
C,2,24,31887209,0,onlstm_trace,0.2803107427418872
C,2,24,31887209,1,onlstm_trace,0.36354047040476856
C,2,24,31887209,2,onlstm_trace,0.29936975246836295
C,2,24,31887209,0,unet_film,0.31816746500078574
C,2,24,31887209,1,unet_film,0.33782703381519075
C,2,24,31887209,2,unet_film,0.313935744406301
C,2,24,31887209,0,hrmv2_act_k1,0.3967372276401256
C,2,24,31887209,1,hrmv2_act_k1,0.5504415279086691
C,2,24,31887209,2,hrmv2_act_k1,0.4391207584131401
C,2,24,31887209,0,hrmv2_act_k2,0.44875785797414547
C,2,24,31887209,1,hrmv2_act_k2,0.5398722710361963
C,2,24,31887209,2,hrmv2_act_k2,0.45762384288928354
C,2,24,31887209,0,hrmv2_act_k4,0.4528607195825971
C,2,24,31887209,1,hrmv2_act_k4,0.5427226921337184
C,2,24,31887209,2,hrmv2_act_k4,0.453599836683939
C,2,24,31887209,0,hrmv2_act_k8,0.4516117318668236
C,2,24,31887209,1,hrmv2_act_k8,0.5456397349902733
C,2,24,31887209,2,hrmv2_act_k8,0.4606489694228243
C,4,0,62185820,0,gnn,0.9754470505018548
C,4,0,62185820,1,gnn,1.1076682623560894
C,4,0,62185820,2,gnn,0.9207677242889679
C,4,0,62185820,0,hrm_trace,0.9880692368922739
C,4,0,62185820,1,hrm_trace,1.0512052848404279
C,4,0,62185820,2,hrm_trace,0.9971379836686648
C,4,0,62185820,0,hrmv2_act,0.30798546711697994
C,4,0,62185820,1,hrmv2_act,0.38246531729504113
C,4,0,62185820,2,hrmv2_act,0.305382450435407
C,4,0,62185820,0,mlp,0.5559862253502755
C,4,0,62185820,1,mlp,0.6801014212049905
C,4,0,62185820,2,mlp,0.6618889705705234
C,4,0,62185820,0,onlstm_trace,0.19027129750587907
C,4,0,62185820,1,onlstm_trace,0.6273554622686909
C,4,0,62185820,2,onlstm_trace,0.48428814428762573
C,4,0,62185820,0,unet_film,0.805754630371075
C,4,0,62185820,1,unet_film,0.572200707598249
C,4,0,62185820,2,unet_film,0.7746190923966281
C,4,0,62185820,0,hrmv2_act_k1,0.3060337572913875
C,4,0,62185820,1,hrmv2_act_k1,0.3850059373169728
C,4,0,62185820,2,hrmv2_act_k1,0.3038911029043091
C,4,0,62185820,0,hrmv2_act_k2,0.3080770363628004
C,4,0,62185820,1,hrmv2_act_k2,0.38146100090108603
C,4,0,62185820,2,hrmv2_act_k2,0.30680096543322327
C,4,0,62185820,0,hrmv2_act_k4,0.307492070363664
C,4,0,62185820,1,hrmv2_act_k4,0.3819366934316051
C,4,0,62185820,2,hrmv2_act_k4,0.3068766526440263
C,4,0,62185820,0,hrmv2_act_k8,0.30798546711697994
C,4,0,62185820,1,hrmv2_act_k8,0.38246531729504113
C,4,0,62185820,2,hrmv2_act_k8,0.305382450435407
C,4,1,62193739,0,gnn,0.6484349988962255
C,4,1,62193739,1,gnn,0.5323718643007634
C,4,1,62193739,2,gnn,0.708808171982584
C,4,1,62193739,0,hrm_trace,0.7260437860730555
C,4,1,62193739,1,hrm_trace,0.6506284982468058
C,4,1,62193739,2,hrm_trace,0.7184112793669762
C,4,1,62193739,0,hrmv2_act,0.8062986806952808
C,4,1,62193739,1,hrmv2_act,0.8483142592213542
C,4,1,62193739,2,hrmv2_act,0.8366236717385857
C,4,1,62193739,0,mlp,1.2515019731232653
C,4,1,62193739,1,mlp,1.0413723953552165
C,4,1,62193739,2,mlp,1.1310468079971017
C,4,1,62193739,0,onlstm_trace,1.6280913447905547
C,4,1,62193739,1,onlstm_trace,0.9852084318980912
C,4,1,62193739,2,onlstm_trace,1.0590974552444912
C,4,1,62193739,0,unet_film,0.9847948595430414
C,4,1,62193739,1,unet_film,0.7661797372124889
C,4,1,62193739,2,unet_film,0.6961670512822457
C,4,1,62193739,0,hrmv2_act_k1,0.8117833475315813
C,4,1,62193739,1,hrmv2_act_k1,0.8525332483131979
C,4,1,62193739,2,hrmv2_act_k1,0.870303360112044
C,4,1,62193739,0,hrmv2_act_k2,0.795999978792493
C,4,1,62193739,1,hrmv2_act_k2,0.8533879937623368
C,4,1,62193739,2,hrmv2_act_k2,0.8395752741732323
C,4,1,62193739,0,hrmv2_act_k4,0.803337563118231
C,4,1,62193739,1,hrmv2_act_k4,0.849128427561413
C,4,1,62193739,2,hrmv2_act_k4,0.8386585957842448
C,4,1,62193739,0,hrmv2_act_k8,0.8062986806952808
C,4,1,62193739,1,hrmv2_act_k8,0.8483142592213542
C,4,1,62193739,2,hrmv2_act_k8,0.8366236717385857
C,4,2,62217496,0,gnn,0.673506578366882
C,4,2,62217496,1,gnn,0.7306775131219303
C,4,2,62217496,2,gnn,0.6322711647464331
C,4,2,62217496,0,hrm_trace,0.6959835124950203
C,4,2,62217496,1,hrm_trace,0.7515814500871822
C,4,2,62217496,2,hrm_trace,0.7047207895801715
C,4,2,62217496,0,hrmv2_act,0.429719213810257
C,4,2,62217496,1,hrmv2_act,0.4471816937339537
C,4,2,62217496,2,hrmv2_act,0.43915435133938546
C,4,2,62217496,0,mlp,0.485510303710505
C,4,2,62217496,1,mlp,0.5775502959946935
C,4,2,62217496,2,mlp,0.5788366237498993
C,4,2,62217496,0,onlstm_trace,0.3062934738484919
C,4,2,62217496,1,onlstm_trace,0.5579004222135697
C,4,2,62217496,2,onlstm_trace,0.46496594984727424
C,4,2,62217496,0,unet_film,0.8867937093815811
C,4,2,62217496,1,unet_film,0.677664076017861
C,4,2,62217496,2,unet_film,0.7817039162482419
C,4,2,62217496,0,hrmv2_act_k1,0.3905526324846542
C,4,2,62217496,1,hrmv2_act_k1,0.42917515141133367
C,4,2,62217496,2,hrmv2_act_k1,0.42887365393507204
C,4,2,62217496,0,hrmv2_act_k2,0.4175651862611081
C,4,2,62217496,1,hrmv2_act_k2,0.4483349982256246
C,4,2,62217496,2,hrmv2_act_k2,0.43950425070432303
C,4,2,62217496,0,hrmv2_act_k4,0.42799864759572603
C,4,2,62217496,1,hrmv2_act_k4,0.44553257733065454
C,4,2,62217496,2,hrmv2_act_k4,0.4399486240842397
C,4,2,62217496,0,hrmv2_act_k8,0.429719213810257
C,4,2,62217496,1,hrmv2_act_k8,0.4471816937339537
C,4,2,62217496,2,hrmv2_act_k8,0.43915435133938546
C,4,3,62233334,0,gnn,0.5636481751457938
C,4,3,62233334,1,gnn,0.528808295207207
C,4,3,62233334,2,gnn,0.6053355562917547
C,4,3,62233334,0,hrm_trace,0.5312948082233399
C,4,3,62233334,1,hrm_trace,0.4836313903654928
C,4,3,62233334,2,hrm_trace,0.5139185917024808
C,4,3,62233334,0,hrmv2_act,0.6867805982087497
C,4,3,62233334,1,hrmv2_act,0.8002941264697978
C,4,3,62233334,2,hrmv2_act,0.7750923137720404
C,4,3,62233334,0,mlp,0.3756548975508776
C,4,3,62233334,1,mlp,0.44324116976349764
C,4,3,62233334,2,mlp,0.416067896212147
C,4,3,62233334,0,onlstm_trace,0.36684639219283993
C,4,3,62233334,1,onlstm_trace,0.4793460534863325
C,4,3,62233334,2,onlstm_trace,0.5803082612789229
C,4,3,62233334,0,unet_film,0.565260990024232
C,4,3,62233334,1,unet_film,0.6001589424109981
C,4,3,62233334,2,unet_film,0.6146780975181305
C,4,3,62233334,0,hrmv2_act_k1,0.6919424461683407
C,4,3,62233334,1,hrmv2_act_k1,0.8155004572742289
C,4,3,62233334,2,hrmv2_act_k1,0.7603733644293837
C,4,3,62233334,0,hrmv2_act_k2,0.6949492770425201
C,4,3,62233334,1,hrmv2_act_k2,0.79135698711315
C,4,3,62233334,2,hrmv2_act_k2,0.773894796038417
C,4,3,62233334,0,hrmv2_act_k4,0.6853202464477774
C,4,3,62233334,1,hrmv2_act_k4,0.794985883803472
C,4,3,62233334,2,hrmv2_act_k4,0.7725854259745005
C,4,3,62233334,0,hrmv2_act_k8,0.6867805982087497
C,4,3,62233334,1,hrmv2_act_k8,0.8002941264697978
C,4,3,62233334,2,hrmv2_act_k8,0.7750923137720404
C,4,4,62257091,0,gnn,0.7844074810003825
C,4,4,62257091,1,gnn,0.6805596673119068
C,4,4,62257091,2,gnn,0.8534021811223528
C,4,4,62257091,0,hrm_trace,0.8299997382708313
C,4,4,62257091,1,hrm_trace,0.761411582839925
C,4,4,62257091,2,hrm_trace,0.8115037907663226
C,4,4,62257091,0,hrmv2_act,0.545617123826199
C,4,4,62257091,1,hrmv2_act,0.5878246732403495
C,4,4,62257091,2,hrmv2_act,0.5423489383594626
C,4,4,62257091,0,mlp,0.47440128596832704
C,4,4,62257091,1,mlp,0.4298329599402508
C,4,4,62257091,2,mlp,0.4518675287692819
C,4,4,62257091,0,onlstm_trace,1.2614250216078517
C,4,4,62257091,1,onlstm_trace,0.6975224518302987
C,4,4,62257091,2,onlstm_trace,0.5328404740916316
C,4,4,62257091,0,unet_film,0.6703483233083786
C,4,4,62257091,1,unet_film,0.7123049640966357
C,4,4,62257091,2,unet_film,0.7607707150446708
C,4,4,62257091,0,hrmv2_act_k1,0.5196319798823862
C,4,4,62257091,1,hrmv2_act_k1,0.5377955484943509
C,4,4,62257091,2,hrmv2_act_k1,0.5477245762689886
C,4,4,62257091,0,hrmv2_act_k2,0.5451331611016711
C,4,4,62257091,1,hrmv2_act_k2,0.5786669934696868
C,4,4,62257091,2,hrmv2_act_k2,0.5435716200190485
C,4,4,62257091,0,hrmv2_act_k4,0.5464108655774806
C,4,4,62257091,1,hrmv2_act_k4,0.5837897670013859
C,4,4,62257091,2,hrmv2_act_k4,0.5403051758730006
C,4,4,62257091,0,hrmv2_act_k8,0.545617123826199
C,4,4,62257091,1,hrmv2_act_k8,0.5878246732403495
C,4,4,62257091,2,hrmv2_act_k8,0.5423489383594626
C,4,5,62265010,0,gnn,0.4404006579376959
C,4,5,62265010,1,gnn,0.532761217040675
C,4,5,62265010,2,gnn,0.39915745042273426
C,4,5,62265010,0,hrm_trace,0.7115180023104568
C,4,5,62265010,1,hrm_trace,0.8466475598038226
C,4,5,62265010,2,hrm_trace,0.7539404015985962
C,4,5,62265010,0,hrmv2_act,0.8438381483569671
C,4,5,62265010,1,hrmv2_act,1.0219634085224343
C,4,5,62265010,2,hrmv2_act,0.8159259116679347
C,4,5,62265010,0,mlp,1.494567461880308
C,4,5,62265010,1,mlp,1.6464311199599084
C,4,5,62265010,2,mlp,1.610829292599423
C,4,5,62265010,0,onlstm_trace,0.21219650273629573
C,4,5,62265010,1,onlstm_trace,0.7142464966254035
C,4,5,62265010,2,onlstm_trace,0.597860550859219
C,4,5,62265010,0,unet_film,0.4093511955899375
C,4,5,62265010,1,unet_film,0.4036398885201038
C,4,5,62265010,2,unet_film,0.4265513662553865
C,4,5,62265010,0,hrmv2_act_k1,0.8262208907515621
C,4,5,62265010,1,hrmv2_act_k1,1.0383558722034074
C,4,5,62265010,2,hrmv2_act_k1,0.8037868928869185
C,4,5,62265010,0,hrmv2_act_k2,0.8478960041834248
C,4,5,62265010,1,hrmv2_act_k2,1.0206911150306994
C,4,5,62265010,2,hrmv2_act_k2,0.816757863465324
C,4,5,62265010,0,hrmv2_act_k4,0.8464247179561533
C,4,5,62265010,1,hrmv2_act_k4,1.0224113244360131
C,4,5,62265010,2,hrmv2_act_k4,0.8182471783392891
C,4,5,62265010,0,hrmv2_act_k8,0.8438381483569671
C,4,5,62265010,1,hrmv2_act_k8,1.0219634085224343
C,4,5,62265010,2,hrmv2_act_k8,0.8159259116679347
C,4,6,62320443,0,gnn,0.39526321115824425
C,4,6,62320443,1,gnn,0.4473979943809415
C,4,6,62320443,2,gnn,0.365764588730781
C,4,6,62320443,0,hrm_trace,0.36812746666841
C,4,6,62320443,1,hrm_trace,0.3752612185352089
C,4,6,62320443,2,hrm_trace,0.37191974587504223
C,4,6,62320443,0,hrmv2_act,0.38436906436785506
C,4,6,62320443,1,hrmv2_act,0.37048117187110724
C,4,6,62320443,2,hrmv2_act,0.3408300383843218
C,4,6,62320443,0,mlp,0.29018948548672646
C,4,6,62320443,1,mlp,0.29917373423746174
C,4,6,62320443,2,mlp,0.27544509637298764
C,4,6,62320443,0,onlstm_trace,0.4220709244970022
C,4,6,62320443,1,onlstm_trace,0.36961216322997775
C,4,6,62320443,2,onlstm_trace,0.3588329211544314
C,4,6,62320443,0,unet_film,0.3030583491608488
C,4,6,62320443,1,unet_film,0.26798920553608857
C,4,6,62320443,2,unet_film,0.3700020840927536
C,4,6,62320443,0,hrmv2_act_k1,0.35596049159124254
C,4,6,62320443,1,hrmv2_act_k1,0.37531833585897745
C,4,6,62320443,2,hrmv2_act_k1,0.3319139121263258
C,4,6,62320443,0,hrmv2_act_k2,0.379088581192018
C,4,6,62320443,1,hrmv2_act_k2,0.3755734143154462
C,4,6,62320443,2,hrmv2_act_k2,0.33866264730801493
C,4,6,62320443,0,hrmv2_act_k4,0.3892587827707641
C,4,6,62320443,1,hrmv2_act_k4,0.3663175337239531
C,4,6,62320443,2,hrmv2_act_k4,0.3366562929269574
C,4,6,62320443,0,hrmv2_act_k8,0.38436906436785506
C,4,6,62320443,1,hrmv2_act_k8,0.37048117187110724
C,4,6,62320443,2,hrmv2_act_k8,0.3408300383843218
C,4,7,62336281,0,gnn,0.47189192563034976
C,4,7,62336281,1,gnn,0.5532087877227831
C,4,7,62336281,2,gnn,0.4317184950659436
C,4,7,62336281,0,hrm_trace,0.39279568274101617
C,4,7,62336281,1,hrm_trace,0.43056032088186236
C,4,7,62336281,2,hrm_trace,0.39600881399218685
C,4,7,62336281,0,hrmv2_act,0.5054388148653977
C,4,7,62336281,1,hrmv2_act,0.5277557952029291
C,4,7,62336281,2,hrmv2_act,0.5822730040514589
C,4,7,62336281,0,mlp,0.4965428503930783
C,4,7,62336281,1,mlp,0.658864323544046
C,4,7,62336281,2,mlp,0.6417250270599006
C,4,7,62336281,0,onlstm_trace,0.20230843509092727
C,4,7,62336281,1,onlstm_trace,0.7126512452443786
C,4,7,62336281,2,onlstm_trace,0.5930870947784805
C,4,7,62336281,0,unet_film,0.48029142885488146
C,4,7,62336281,1,unet_film,0.5142761290854208
C,4,7,62336281,2,unet_film,0.45336921927860346
C,4,7,62336281,0,hrmv2_act_k1,0.512779905447039
C,4,7,62336281,1,hrmv2_act_k1,0.5272753674841404
C,4,7,62336281,2,hrmv2_act_k1,0.5821122119618318
C,4,7,62336281,0,hrmv2_act_k2,0.5097212363600416
C,4,7,62336281,1,hrmv2_act_k2,0.5269556007073427
C,4,7,62336281,2,hrmv2_act_k2,0.5850195938850767
C,4,7,62336281,0,hrmv2_act_k4,0.5072865674763267
C,4,7,62336281,1,hrmv2_act_k4,0.5277592590918784
C,4,7,62336281,2,hrmv2_act_k4,0.582710330863267
C,4,7,62336281,0,hrmv2_act_k8,0.5054388148653977
C,4,7,62336281,1,hrmv2_act_k8,0.5277557952029291
C,4,7,62336281,2,hrmv2_act_k8,0.5822730040514589
C,4,8,62344200,0,gnn,0.3605149436299892
C,4,8,62344200,1,gnn,0.4005263027765731
C,4,8,62344200,2,gnn,0.3339590066683826
C,4,8,62344200,0,hrm_trace,0.3456741747204154
C,4,8,62344200,1,hrm_trace,0.35503993712817367
C,4,8,62344200,2,hrm_trace,0.3501543160287319
C,4,8,62344200,0,hrmv2_act,0.6897684949396212
C,4,8,62344200,1,hrmv2_act,1.0051066873919938
C,4,8,62344200,2,hrmv2_act,0.9922667937823522
C,4,8,62344200,0,mlp,0.9444641402784638
C,4,8,62344200,1,mlp,1.041726458168668
C,4,8,62344200,2,mlp,1.0593585221969692
C,4,8,62344200,0,onlstm_trace,0.5959846815848711
C,4,8,62344200,1,onlstm_trace,1.250961157764277
C,4,8,62344200,2,onlstm_trace,1.1820427701819316
C,4,8,62344200,0,unet_film,0.7493116869971718
C,4,8,62344200,1,unet_film,0.5623298057202609
C,4,8,62344200,2,unet_film,0.9559105469317937
C,4,8,62344200,0,hrmv2_act_k1,0.6426179125857665
C,4,8,62344200,1,hrmv2_act_k1,1.0034473903271406
C,4,8,62344200,2,hrmv2_act_k1,1.0028304488043491
C,4,8,62344200,0,hrmv2_act_k2,0.6938989338295067
C,4,8,62344200,1,hrmv2_act_k2,1.0021145116709138
C,4,8,62344200,2,hrmv2_act_k2,0.9922016322685225
C,4,8,62344200,0,hrmv2_act_k4,0.68766148509061
C,4,8,62344200,1,hrmv2_act_k4,1.0053115895544367
C,4,8,62344200,2,hrmv2_act_k4,0.9918002021377659
C,4,8,62344200,0,hrmv2_act_k8,0.6897684949396212
C,4,8,62344200,1,hrmv2_act_k8,1.0051066873919938
C,4,8,62344200,2,hrmv2_act_k8,0.9922667937823522
C,4,9,62352119,0,gnn,1.1494580430355228
C,4,9,62352119,1,gnn,1.0277430135317387
C,4,9,62352119,2,gnn,1.202138981663785
C,4,9,62352119,0,hrm_trace,1.0901202150836513
C,4,9,62352119,1,hrm_trace,0.9897151540703861
C,4,9,62352119,2,hrm_trace,1.0693448321067782
C,4,9,62352119,0,hrmv2_act,1.7335365880261613
C,4,9,62352119,1,hrmv2_act,1.6787371900102144
C,4,9,62352119,2,hrmv2_act,1.8817836797667407
C,4,9,62352119,0,mlp,2.0673602237168
C,4,9,62352119,1,mlp,1.8926350482058591
C,4,9,62352119,2,mlp,1.963395042413936
C,4,9,62352119,0,onlstm_trace,2.2921561989419734
C,4,9,62352119,1,onlstm_trace,1.9427910708390947
C,4,9,62352119,2,onlstm_trace,1.970475166302381
C,4,9,62352119,0,unet_film,1.7598079452969686
C,4,9,62352119,1,unet_film,1.5809555130604225
C,4,9,62352119,2,unet_film,1.5355085837049112
C,4,9,62352119,0,hrmv2_act_k1,1.8421939227887665
C,4,9,62352119,1,hrmv2_act_k1,1.6675971856551863
C,4,9,62352119,2,hrmv2_act_k1,1.902421943519035
C,4,9,62352119,0,hrmv2_act_k2,1.7451541177698644
C,4,9,62352119,1,hrmv2_act_k2,1.6801363182078288
C,4,9,62352119,2,hrmv2_act_k2,1.8826897439113683
C,4,9,62352119,0,hrmv2_act_k4,1.7329878369252172
C,4,9,62352119,1,hrmv2_act_k4,1.6799821977637226
C,4,9,62352119,2,hrmv2_act_k4,1.8817571078529056
C,4,9,62352119,0,hrmv2_act_k8,1.7335365880261613
C,4,9,62352119,1,hrmv2_act_k8,1.6787371900102144
C,4,9,62352119,2,hrmv2_act_k8,1.8817836797667407
C,4,10,62399633,0,gnn,0.38410368013616636
C,4,10,62399633,1,gnn,0.454109064373129
C,4,10,62399633,2,gnn,0.3460767822824201
C,4,10,62399633,0,hrm_trace,0.42051590839448383
C,4,10,62399633,1,hrm_trace,0.47497513004162545
C,4,10,62399633,2,hrm_trace,0.4267133943683579
C,4,10,62399633,0,hrmv2_act,0.9506343041196902
C,4,10,62399633,1,hrmv2_act,1.0008902211678912
C,4,10,62399633,2,hrmv2_act,0.7042802660759734
C,4,10,62399633,0,mlp,0.6667339250624964
C,4,10,62399633,1,mlp,0.8609839880245586
C,4,10,62399633,2,mlp,0.645216822556551
C,4,10,62399633,0,onlstm_trace,0.17268825962272963
C,4,10,62399633,1,onlstm_trace,1.421835259157423
C,4,10,62399633,2,onlstm_trace,1.303445223800245
C,4,10,62399633,0,unet_film,0.5143203098368158
C,4,10,62399633,1,unet_film,0.4330952111492673
C,4,10,62399633,2,unet_film,0.328325695494905
C,4,10,62399633,0,hrmv2_act_k1,0.9180727803597278
C,4,10,62399633,1,hrmv2_act_k1,0.9714121244789483
C,4,10,62399633,2,hrmv2_act_k1,0.6953371893925032
C,4,10,62399633,0,hrmv2_act_k2,0.9545871641475296
C,4,10,62399633,1,hrmv2_act_k2,0.9911517524226244
C,4,10,62399633,2,hrmv2_act_k2,0.7012619137708165
C,4,10,62399633,0,hrmv2_act_k4,0.9526325758128226
C,4,10,62399633,1,hrmv2_act_k4,1.001302276908094
C,4,10,62399633,2,hrmv2_act_k4,0.7037655135503332
C,4,10,62399633,0,hrmv2_act_k8,0.9506343041196902
C,4,10,62399633,1,hrmv2_act_k8,1.0008902211678912
C,4,10,62399633,2,hrmv2_act_k8,0.7042802660759734
C,4,11,62407552,0,gnn,1.770851372278074
C,4,11,62407552,1,gnn,1.687180194108788
C,4,11,62407552,2,gnn,1.8294966813574154
C,4,11,62407552,0,hrm_trace,1.5940017607854964
C,4,11,62407552,1,hrm_trace,1.4668369277213398
C,4,11,62407552,2,hrm_trace,1.5582907434766373
C,4,11,62407552,0,hrmv2_act,1.140065975895575
C,4,11,62407552,1,hrmv2_act,1.0783166066029062
C,4,11,62407552,2,hrmv2_act,1.1774453484591045
C,4,11,62407552,0,mlp,0.9051747541838286
C,4,11,62407552,1,mlp,0.7458619278075505
C,4,11,62407552,2,mlp,0.8082842444042979
C,4,11,62407552,0,onlstm_trace,1.5981629429803674
C,4,11,62407552,1,onlstm_trace,0.7463956244062101
C,4,11,62407552,2,onlstm_trace,0.8615591342058619
C,4,11,62407552,0,unet_film,1.5591346857753918
C,4,11,62407552,1,unet_film,1.7749484247798186
C,4,11,62407552,2,unet_film,1.4506676121872082
C,4,11,62407552,0,hrmv2_act_k1,1.143758359797732
C,4,11,62407552,1,hrmv2_act_k1,0.9428018557448375
C,4,11,62407552,2,hrmv2_act_k1,1.1816941623395374
C,4,11,62407552,0,hrmv2_act_k2,1.1371259006368912
C,4,11,62407552,1,hrmv2_act_k2,1.0689275457088065
C,4,11,62407552,2,hrmv2_act_k2,1.175846502241535
C,4,11,62407552,0,hrmv2_act_k4,1.1418164130112733
C,4,11,62407552,1,hrmv2_act_k4,1.0790947288500508
C,4,11,62407552,2,hrmv2_act_k4,1.1798238195724822
C,4,11,62407552,0,hrmv2_act_k8,1.140065975895575
C,4,11,62407552,1,hrmv2_act_k8,1.0783166066029062
C,4,11,62407552,2,hrmv2_act_k8,1.1774453484591045
C,4,12,62447147,0,gnn,0.4419146814134121
C,4,12,62447147,1,gnn,0.4284697274156613
C,4,12,62447147,2,gnn,0.4670009746895708
C,4,12,62447147,0,hrm_trace,0.5249843895812182
C,4,12,62447147,1,hrm_trace,0.4872961138830624
C,4,12,62447147,2,hrm_trace,0.5117808426549264
C,4,12,62447147,0,hrmv2_act,0.5421186534506174
C,4,12,62447147,1,hrmv2_act,0.5353792847184015
C,4,12,62447147,2,hrmv2_act,0.6592283714324544
C,4,12,62447147,0,mlp,0.5305274844899993
C,4,12,62447147,1,mlp,0.5187377552304729
C,4,12,62447147,2,mlp,0.5656231996935749
C,4,12,62447147,0,onlstm_trace,0.8235503876366906
C,4,12,62447147,1,onlstm_trace,0.4725374169665599
C,4,12,62447147,2,onlstm_trace,0.46166890719084264
C,4,12,62447147,0,unet_film,0.3935753016591319
C,4,12,62447147,1,unet_film,0.2817231796016958
C,4,12,62447147,2,unet_film,0.2561641304297251
C,4,12,62447147,0,hrmv2_act_k1,0.549576095212198
C,4,12,62447147,1,hrmv2_act_k1,0.5521792920951459
C,4,12,62447147,2,hrmv2_act_k1,0.6749010934363465
C,4,12,62447147,0,hrmv2_act_k2,0.5375514626477398
C,4,12,62447147,1,hrmv2_act_k2,0.5331369479937893
C,4,12,62447147,2,hrmv2_act_k2,0.6492774309395821
C,4,12,62447147,0,hrmv2_act_k4,0.5448651478099542
C,4,12,62447147,1,hrmv2_act_k4,0.5339699752362558
C,4,12,62447147,2,hrmv2_act_k4,0.6557460924032258
C,4,12,62447147,0,hrmv2_act_k8,0.5421186534506174
C,4,12,62447147,1,hrmv2_act_k8,0.5353792847184015
C,4,12,62447147,2,hrmv2_act_k8,0.6592283714324544
C,4,13,62455066,0,gnn,1.402624118938607
C,4,13,62455066,1,gnn,1.2759926061493192
C,4,13,62455066,2,gnn,1.4559212116166869
C,4,13,62455066,0,hrm_trace,1.2309030811591086
C,4,13,62455066,1,hrm_trace,1.117455830488514
C,4,13,62455066,2,hrm_trace,1.1928075095160384
C,4,13,62455066,0,hrmv2_act,1.2544888896731317
C,4,13,62455066,1,hrmv2_act,1.1348408542060688
C,4,13,62455066,2,hrmv2_act,0.8641517130432141
C,4,13,62455066,0,mlp,0.8383493428950609
C,4,13,62455066,1,mlp,0.6467263698870114
C,4,13,62455066,2,mlp,0.6546523203029251
C,4,13,62455066,0,onlstm_trace,1.4667669322177632
C,4,13,62455066,1,onlstm_trace,0.7306211646707758
C,4,13,62455066,2,onlstm_trace,0.9200507716671931
C,4,13,62455066,0,unet_film,1.4523212981196232
C,4,13,62455066,1,unet_film,1.6468549172283307
C,4,13,62455066,2,unet_film,1.3624863322272478
C,4,13,62455066,0,hrmv2_act_k1,1.2418641337700076
C,4,13,62455066,1,hrmv2_act_k1,1.1153956426376286
C,4,13,62455066,2,hrmv2_act_k1,0.8819723530815778
C,4,13,62455066,0,hrmv2_act_k2,1.2541121233508767
C,4,13,62455066,1,hrmv2_act_k2,1.129352859761233
C,4,13,62455066,2,hrmv2_act_k2,0.8645283849025197
C,4,13,62455066,0,hrmv2_act_k4,1.2523690415759692
C,4,13,62455066,1,hrmv2_act_k4,1.1345797409820715
C,4,13,62455066,2,hrmv2_act_k4,0.8636314652498714
C,4,13,62455066,0,hrmv2_act_k8,1.2544888896731317
C,4,13,62455066,1,hrmv2_act_k8,1.1348408542060688
C,4,13,62455066,2,hrmv2_act_k8,0.8641517130432141
C,4,14,62494661,0,gnn,0.610957363718826
C,4,14,62494661,1,gnn,0.5279176870939913
C,4,14,62494661,2,gnn,0.6601587893841473
C,4,14,62494661,0,hrm_trace,0.7776805074913776
C,4,14,62494661,1,hrm_trace,0.7058603516706616
C,4,14,62494661,2,hrm_trace,0.7624772085093885
C,4,14,62494661,0,hrmv2_act,0.8923533208641866
C,4,14,62494661,1,hrmv2_act,0.7806558583294663
C,4,14,62494661,2,hrmv2_act,0.8615833996330889
C,4,14,62494661,0,mlp,0.49117036393171887
C,4,14,62494661,1,mlp,0.369295674309787
C,4,14,62494661,2,mlp,0.4136098172337999
C,4,14,62494661,0,onlstm_trace,0.9730761583736348
C,4,14,62494661,1,onlstm_trace,0.5300543002895054
C,4,14,62494661,2,onlstm_trace,0.5503229859721566
C,4,14,62494661,0,unet_film,0.5927862904057318
C,4,14,62494661,1,unet_film,0.6895780532378144
C,4,14,62494661,2,unet_film,0.4213354980993182
C,4,14,62494661,0,hrmv2_act_k1,0.9190684852383413
C,4,14,62494661,1,hrmv2_act_k1,0.7913018068018236
C,4,14,62494661,2,hrmv2_act_k1,0.835660883719902
C,4,14,62494661,0,hrmv2_act_k2,0.9123926495828093
C,4,14,62494661,1,hrmv2_act_k2,0.7857640846255435
C,4,14,62494661,2,hrmv2_act_k2,0.8610574434374862
C,4,14,62494661,0,hrmv2_act_k4,0.892733047569988
C,4,14,62494661,1,hrmv2_act_k4,0.7792554397239942
C,4,14,62494661,2,hrmv2_act_k4,0.8632473100899213
C,4,14,62494661,0,hrmv2_act_k8,0.8923533208641866
C,4,14,62494661,1,hrmv2_act_k8,0.7806558583294663
C,4,14,62494661,2,hrmv2_act_k8,0.8615833996330889
C,4,15,62510499,0,gnn,0.39860250704871475
C,4,15,62510499,1,gnn,0.3726746257345392
C,4,15,62510499,2,gnn,0.42081896481517106
C,4,15,62510499,0,hrm_trace,0.4008413484628919
C,4,15,62510499,1,hrm_trace,0.39876798073786524
C,4,15,62510499,2,hrm_trace,0.3934507637120122
C,4,15,62510499,0,hrmv2_act,0.6171024413621236
C,4,15,62510499,1,hrmv2_act,0.6581808695823118
C,4,15,62510499,2,hrmv2_act,0.7035190057495182
C,4,15,62510499,0,mlp,0.4144265449326897
C,4,15,62510499,1,mlp,0.5042857363883941
C,4,15,62510499,2,mlp,0.48790895839203935
C,4,15,62510499,0,onlstm_trace,0.41250148424265576
C,4,15,62510499,1,onlstm_trace,0.48708637721930986
C,4,15,62510499,2,onlstm_trace,0.394077005001776
C,4,15,62510499,0,unet_film,0.4630651402295457
C,4,15,62510499,1,unet_film,0.49496860045716046
C,4,15,62510499,2,unet_film,0.4397021613791467
C,4,15,62510499,0,hrmv2_act_k1,0.605997939523992
C,4,15,62510499,1,hrmv2_act_k1,0.692554043947177
C,4,15,62510499,2,hrmv2_act_k1,0.6857888610246768
C,4,15,62510499,0,hrmv2_act_k2,0.6203279527525899
C,4,15,62510499,1,hrmv2_act_k2,0.6615425825454703
C,4,15,62510499,2,hrmv2_act_k2,0.7124116920538149
C,4,15,62510499,0,hrmv2_act_k4,0.6166494360404243
C,4,15,62510499,1,hrmv2_act_k4,0.666155506840477
C,4,15,62510499,2,hrmv2_act_k4,0.7028512527383401
C,4,15,62510499,0,hrmv2_act_k8,0.6171024413621236
C,4,15,62510499,1,hrmv2_act_k8,0.6581808695823118
C,4,15,62510499,2,hrmv2_act_k8,0.7035190057495182
C,4,16,62534256,0,gnn,0.48902143019089583
C,4,16,62534256,1,gnn,0.4666280506382548
C,4,16,62534256,2,gnn,0.5090909124790284
C,4,16,62534256,0,hrm_trace,0.5535575914770907
C,4,16,62534256,1,hrm_trace,0.5249413167082101
C,4,16,62534256,2,hrm_trace,0.5468795806442635
C,4,16,62534256,0,hrmv2_act,0.38958549350534166
C,4,16,62534256,1,hrmv2_act,0.5345375000527032
C,4,16,62534256,2,hrmv2_act,0.5331602154323211
C,4,16,62534256,0,mlp,0.4299507319733158
C,4,16,62534256,1,mlp,0.41169855422433316
C,4,16,62534256,2,mlp,0.4844976806015995
C,4,16,62534256,0,onlstm_trace,0.3579992365829864
C,4,16,62534256,1,onlstm_trace,0.5489609870540172
C,4,16,62534256,2,onlstm_trace,0.5693456735280867
C,4,16,62534256,0,unet_film,0.4927524838263724
C,4,16,62534256,1,unet_film,0.45016092050069745
C,4,16,62534256,2,unet_film,0.3142500664477209
C,4,16,62534256,0,hrmv2_act_k1,0.42405619902288244
C,4,16,62534256,1,hrmv2_act_k1,0.5679613244851293
C,4,16,62534256,2,hrmv2_act_k1,0.49647102965925854
C,4,16,62534256,0,hrmv2_act_k2,0.39193065583140474
C,4,16,62534256,1,hrmv2_act_k2,0.5645972307325196
C,4,16,62534256,2,hrmv2_act_k2,0.5200502698772955
C,4,16,62534256,0,hrmv2_act_k4,0.3887125728011556
C,4,16,62534256,1,hrmv2_act_k4,0.5394599041770592
C,4,16,62534256,2,hrmv2_act_k4,0.5284678721474018
C,4,16,62534256,0,hrmv2_act_k8,0.38958549350534166
C,4,16,62534256,1,hrmv2_act_k8,0.5345375000527032
C,4,16,62534256,2,hrmv2_act_k8,0.5331602154323211
C,4,17,62542175,0,gnn,0.5635472371119635
C,4,17,62542175,1,gnn,0.6106211915027968
C,4,17,62542175,2,gnn,0.5151016661452716
C,4,17,62542175,0,hrm_trace,0.5583020197201635
C,4,17,62542175,1,hrm_trace,0.5903239806304739
C,4,17,62542175,2,hrm_trace,0.5633204989789128
C,4,17,62542175,0,hrmv2_act,0.5081986376717038
C,4,17,62542175,1,hrmv2_act,0.4894912783062153
C,4,17,62542175,2,hrmv2_act,0.4115463263162311
C,4,17,62542175,0,mlp,0.6174104224947193
C,4,17,62542175,1,mlp,0.719293614594123
C,4,17,62542175,2,mlp,0.730389847504206
C,4,17,62542175,0,onlstm_trace,0.5619659016480505
C,4,17,62542175,1,onlstm_trace,0.47339582811361164
C,4,17,62542175,2,onlstm_trace,0.30202536731322077
C,4,17,62542175,0,unet_film,0.30317145035012266
C,4,17,62542175,1,unet_film,0.5378512870534211
C,4,17,62542175,2,unet_film,0.5253680725543165
C,4,17,62542175,0,hrmv2_act_k1,0.4681125933713274
C,4,17,62542175,1,hrmv2_act_k1,0.5095697824306711
C,4,17,62542175,2,hrmv2_act_k1,0.4040135934456086
C,4,17,62542175,0,hrmv2_act_k2,0.49467369920215926
C,4,17,62542175,1,hrmv2_act_k2,0.4835801159995783
C,4,17,62542175,2,hrmv2_act_k2,0.4069482609274719
C,4,17,62542175,0,hrmv2_act_k4,0.5075486770698785
C,4,17,62542175,1,hrmv2_act_k4,0.4906673940875745
C,4,17,62542175,2,hrmv2_act_k4,0.4101130936538105
C,4,17,62542175,0,hrmv2_act_k8,0.5081986376717038
C,4,17,62542175,1,hrmv2_act_k8,0.4894912783062153
C,4,17,62542175,2,hrmv2_act_k8,0.4115463263162311
C,4,18,62558013,0,gnn,0.4716508558712862
C,4,18,62558013,1,gnn,0.47533754189275534
C,4,18,62558013,2,gnn,0.4851324145542185
C,4,18,62558013,0,hrm_trace,0.5288047668216971
C,4,18,62558013,1,hrm_trace,0.5265901649964024
C,4,18,62558013,2,hrm_trace,0.5199753743914399
C,4,18,62558013,0,hrmv2_act,0.6075233085440809
C,4,18,62558013,1,hrmv2_act,0.49979786187526615
C,4,18,62558013,2,hrmv2_act,0.5512880703512993
C,4,18,62558013,0,mlp,0.5797056891000336
C,4,18,62558013,1,mlp,0.7051595535141922
C,4,18,62558013,2,mlp,0.706315958011052
C,4,18,62558013,0,onlstm_trace,0.45595700613486273
C,4,18,62558013,1,onlstm_trace,0.6760751556174364
C,4,18,62558013,2,onlstm_trace,0.7265447846063775
C,4,18,62558013,0,unet_film,0.42586588614725507
C,4,18,62558013,1,unet_film,0.3939312252882976
C,4,18,62558013,2,unet_film,0.43382251360812424
C,4,18,62558013,0,hrmv2_act_k1,0.5991132621187278
C,4,18,62558013,1,hrmv2_act_k1,0.4970203238383239
C,4,18,62558013,2,hrmv2_act_k1,0.5573575716446926
C,4,18,62558013,0,hrmv2_act_k2,0.5981073502708748
C,4,18,62558013,1,hrmv2_act_k2,0.4940880855894661
C,4,18,62558013,2,hrmv2_act_k2,0.5483140116132206
C,4,18,62558013,0,hrmv2_act_k4,0.6088366724947495
C,4,18,62558013,1,hrmv2_act_k4,0.497528947488545
C,4,18,62558013,2,hrmv2_act_k4,0.5505921327099387
C,4,18,62558013,0,hrmv2_act_k8,0.6075233085440809
C,4,18,62558013,1,hrmv2_act_k8,0.49979786187526615
C,4,18,62558013,2,hrmv2_act_k8,0.5512880703512993
C,4,19,62605527,0,gnn,0.29425696363223175
C,4,19,62605527,1,gnn,0.3544230607842382
C,4,19,62605527,2,gnn,0.30535168756355074
C,4,19,62605527,0,hrm_trace,0.4008384328221494
C,4,19,62605527,1,hrm_trace,0.44912054441513116
C,4,19,62605527,2,hrm_trace,0.4051368878544696
C,4,19,62605527,0,hrmv2_act,0.40185651478622586
C,4,19,62605527,1,hrmv2_act,0.4356034585437687
C,4,19,62605527,2,hrmv2_act,0.4103781261055924
C,4,19,62605527,0,mlp,0.5162222349350036
C,4,19,62605527,1,mlp,0.6185868292663927
C,4,19,62605527,2,mlp,0.6102851272816532
C,4,19,62605527,0,onlstm_trace,0.5138437937613561
C,4,19,62605527,1,onlstm_trace,0.4580286819589498
C,4,19,62605527,2,onlstm_trace,0.49489644735152527
C,4,19,62605527,0,unet_film,0.31386640386530723
C,4,19,62605527,1,unet_film,0.21010901280105504
C,4,19,62605527,2,unet_film,0.2618668748962684
C,4,19,62605527,0,hrmv2_act_k1,0.3996037905379638
C,4,19,62605527,1,hrmv2_act_k1,0.4508199323340547
C,4,19,62605527,2,hrmv2_act_k1,0.36909956246714193
C,4,19,62605527,0,hrmv2_act_k2,0.40396919247829577
C,4,19,62605527,1,hrmv2_act_k2,0.4366935671895259
C,4,19,62605527,2,hrmv2_act_k2,0.40251753523010125
C,4,19,62605527,0,hrmv2_act_k4,0.4010547331736479
C,4,19,62605527,1,hrmv2_act_k4,0.4354623681047069
C,4,19,62605527,2,hrmv2_act_k4,0.41021273303291117
C,4,19,62605527,0,hrmv2_act_k8,0.40185651478622586
C,4,19,62605527,1,hrmv2_act_k8,0.4356034585437687
C,4,19,62605527,2,hrmv2_act_k8,0.4103781261055924
C,4,20,62629284,0,gnn,0.6384425777658517
C,4,20,62629284,1,gnn,0.7357959961776719
C,4,20,62629284,2,gnn,0.5751416899154697
C,4,20,62629284,0,hrm_trace,0.5369580715905252
C,4,20,62629284,1,hrm_trace,0.5600039132464976
C,4,20,62629284,2,hrm_trace,0.5337189331377669
C,4,20,62629284,0,hrmv2_act,0.37071945348668245
C,4,20,62629284,1,hrmv2_act,0.3065084472256573
C,4,20,62629284,2,hrmv2_act,0.29946622480823004
C,4,20,62629284,0,mlp,0.26429433693603005
C,4,20,62629284,1,mlp,0.30706315344840107
C,4,20,62629284,2,mlp,0.28597941481907685
C,4,20,62629284,0,onlstm_trace,0.29931165809234367
C,4,20,62629284,1,onlstm_trace,0.4604136411044195
C,4,20,62629284,2,onlstm_trace,0.3265465879833935
C,4,20,62629284,0,unet_film,0.4017002202130283
C,4,20,62629284,1,unet_film,0.3948577397536194
C,4,20,62629284,2,unet_film,0.3515809102954937
C,4,20,62629284,0,hrmv2_act_k1,0.3491215854219819
C,4,20,62629284,1,hrmv2_act_k1,0.301979306899316
C,4,20,62629284,2,hrmv2_act_k1,0.3120546339474605
C,4,20,62629284,0,hrmv2_act_k2,0.3665228347197307
C,4,20,62629284,1,hrmv2_act_k2,0.30260077055633094
C,4,20,62629284,2,hrmv2_act_k2,0.3068893855915215
C,4,20,62629284,0,hrmv2_act_k4,0.37031174747055917
C,4,20,62629284,1,hrmv2_act_k4,0.3025991986205287
C,4,20,62629284,2,hrmv2_act_k4,0.3018573509393796
C,4,20,62629284,0,hrmv2_act_k8,0.37071945348668245
C,4,20,62629284,1,hrmv2_act_k8,0.3065084472256573
C,4,20,62629284,2,hrmv2_act_k8,0.29946622480823004
C,4,21,62660960,0,gnn,0.6776940798514565
C,4,21,62660960,1,gnn,0.7721115693739039
C,4,21,62660960,2,gnn,0.6216297983074308
C,4,21,62660960,0,hrm_trace,0.7724308098801869
C,4,21,62660960,1,hrm_trace,0.849846898742377
C,4,21,62660960,2,hrm_trace,0.7903142364866883
C,4,21,62660960,0,hrmv2_act,0.7833876475608
C,4,21,62660960,1,hrmv2_act,0.8057939098579991
C,4,21,62660960,2,hrmv2_act,0.9643706370127
C,4,21,62660960,0,mlp,0.9637689539935014
C,4,21,62660960,1,mlp,1.2090650938071945
C,4,21,62660960,2,mlp,1.1429609772358735
C,4,21,62660960,0,onlstm_trace,0.2973886001516557
C,4,21,62660960,1,onlstm_trace,1.0295977315875633
C,4,21,62660960,2,onlstm_trace,0.9133808927401138
C,4,21,62660960,0,unet_film,0.6920403070789531
C,4,21,62660960,1,unet_film,0.657645153667648
C,4,21,62660960,2,unet_film,0.889909647411801
C,4,21,62660960,0,hrmv2_act_k1,0.7484244607166306
C,4,21,62660960,1,hrmv2_act_k1,0.8904346768328049
C,4,21,62660960,2,hrmv2_act_k1,0.9585723686869577
C,4,21,62660960,0,hrmv2_act_k2,0.787243982356492
C,4,21,62660960,1,hrmv2_act_k2,0.8011022166661166
C,4,21,62660960,2,hrmv2_act_k2,0.9701438645439553
C,4,21,62660960,0,hrmv2_act_k4,0.7830475396485649
C,4,21,62660960,1,hrmv2_act_k4,0.8031653392360433
C,4,21,62660960,2,hrmv2_act_k4,0.9677623199322639
C,4,21,62660960,0,hrmv2_act_k8,0.7833876475608
C,4,21,62660960,1,hrmv2_act_k8,0.8057939098579991
C,4,21,62660960,2,hrmv2_act_k8,0.9643706370127
C,4,22,62676798,0,gnn,0.5426564764662974
C,4,22,62676798,1,gnn,0.6087375971480841
C,4,22,62676798,2,gnn,0.48956492067904217
C,4,22,62676798,0,hrm_trace,0.561564730659308
C,4,22,62676798,1,hrm_trace,0.6138787948675317
C,4,22,62676798,2,hrm_trace,0.5748116779989862
C,4,22,62676798,0,hrmv2_act,0.37753021251610325
C,4,22,62676798,1,hrmv2_act,0.6305502357150468
C,4,22,62676798,2,hrmv2_act,0.4669441824358233
C,4,22,62676798,0,mlp,0.513560205786248
C,4,22,62676798,1,mlp,0.6638260373644191
C,4,22,62676798,2,mlp,0.6344574663427837
C,4,22,62676798,0,onlstm_trace,0.25866148322153804
C,4,22,62676798,1,onlstm_trace,0.5597399056120949
C,4,22,62676798,2,onlstm_trace,0.5984378086404829
C,4,22,62676798,0,unet_film,0.4404503646192349
C,4,22,62676798,1,unet_film,0.36668820212513253
C,4,22,62676798,2,unet_film,0.4354941597677859
C,4,22,62676798,0,hrmv2_act_k1,0.3715322148538868
C,4,22,62676798,1,hrmv2_act_k1,0.6367739103152593
C,4,22,62676798,2,hrmv2_act_k1,0.4748185368903116
C,4,22,62676798,0,hrmv2_act_k2,0.37022950534329174
C,4,22,62676798,1,hrmv2_act_k2,0.6376751020972548
C,4,22,62676798,2,hrmv2_act_k2,0.46501817828586783
C,4,22,62676798,0,hrmv2_act_k4,0.3808813339956889
C,4,22,62676798,1,hrmv2_act_k4,0.6283620299517948
C,4,22,62676798,2,hrmv2_act_k4,0.46727329060453776
C,4,22,62676798,0,hrmv2_act_k8,0.37753021251610325
C,4,22,62676798,1,hrmv2_act_k8,0.6305502357150468
C,4,22,62676798,2,hrmv2_act_k8,0.4669441824358233
C,4,23,62740150,0,gnn,0.31644079176610324
C,4,23,62740150,1,gnn,0.3015158774177038
C,4,23,62740150,2,gnn,0.32063051872972775
C,4,23,62740150,0,hrm_trace,0.43046179705599347
C,4,23,62740150,1,hrm_trace,0.3969344672521479
C,4,23,62740150,2,hrm_trace,0.4287894270137424
C,4,23,62740150,0,hrmv2_act,0.4995023982988857
C,4,23,62740150,1,hrmv2_act,0.49411227982899325
C,4,23,62740150,2,hrmv2_act,0.4908394891333522
C,4,23,62740150,0,mlp,0.4047570901367405
C,4,23,62740150,1,mlp,0.4187068063736751
C,4,23,62740150,2,mlp,0.44229488583659077
C,4,23,62740150,0,onlstm_trace,0.6136104369130868
C,4,23,62740150,1,onlstm_trace,0.33927176415714155
C,4,23,62740150,2,onlstm_trace,0.37555671780485417
C,4,23,62740150,0,unet_film,0.4189399874877952
C,4,23,62740150,1,unet_film,0.33313495812563243
C,4,23,62740150,2,unet_film,0.5057446660086052
C,4,23,62740150,0,hrmv2_act_k1,0.5160665584323402
C,4,23,62740150,1,hrmv2_act_k1,0.4771840662031048
C,4,23,62740150,2,hrmv2_act_k1,0.4877795750558406
C,4,23,62740150,0,hrmv2_act_k2,0.4968577941452205
C,4,23,62740150,1,hrmv2_act_k2,0.4838584923745981
C,4,23,62740150,2,hrmv2_act_k2,0.4947195827703317
C,4,23,62740150,0,hrmv2_act_k4,0.4998292654603195
C,4,23,62740150,1,hrmv2_act_k4,0.48934609283998487
C,4,23,62740150,2,hrmv2_act_k4,0.4912782650766278
C,4,23,62740150,0,hrmv2_act_k8,0.4995023982988857
C,4,23,62740150,1,hrmv2_act_k8,0.49411227982899325
C,4,23,62740150,2,hrmv2_act_k8,0.4908394891333522
C,4,24,62748069,0,gnn,0.37070647539037443
C,4,24,62748069,1,gnn,0.4408712005756716
C,4,24,62748069,2,gnn,0.33087650355989395
C,4,24,62748069,0,hrm_trace,0.45379462696165973
C,4,24,62748069,1,hrm_trace,0.5133827777279775
C,4,24,62748069,2,hrm_trace,0.4655993263325535
C,4,24,62748069,0,hrmv2_act,0.690695279570791
C,4,24,62748069,1,hrmv2_act,0.6423766705332165
C,4,24,62748069,2,hrmv2_act,0.6295626087293003
C,4,24,62748069,0,mlp,0.9541335843489086
C,4,24,62748069,1,mlp,1.092550119427026
C,4,24,62748069,2,mlp,1.0748390544626485
C,4,24,62748069,0,onlstm_trace,0.37092405073992524
C,4,24,62748069,1,onlstm_trace,0.9256176987253082
C,4,24,62748069,2,onlstm_trace,0.6870722913148569
C,4,24,62748069,0,unet_film,0.34444687830015835
C,4,24,62748069,1,unet_film,0.31169393851709204
C,4,24,62748069,2,unet_film,0.5733574024426843
C,4,24,62748069,0,hrmv2_act_k1,0.6701315555084073
C,4,24,62748069,1,hrmv2_act_k1,0.6718217763995326
C,4,24,62748069,2,hrmv2_act_k1,0.6289087526392179
C,4,24,62748069,0,hrmv2_act_k2,0.6961447876959677
C,4,24,62748069,1,hrmv2_act_k2,0.6325764827128949
C,4,24,62748069,2,hrmv2_act_k2,0.6264690448802452
C,4,24,62748069,0,hrmv2_act_k4,0.6930834988371709
C,4,24,62748069,1,hrmv2_act_k4,0.6381817960479589
C,4,24,62748069,2,hrmv2_act_k4,0.6334213282679924
C,4,24,62748069,0,hrmv2_act_k8,0.690695279570791
C,4,24,62748069,1,hrmv2_act_k8,0.6423766705332165
C,4,24,62748069,2,hrmv2_act_k8,0.6295626087293003
C,8,0,124113434,0,gnn,0.7713737017089161
C,8,0,124113434,1,gnn,0.7440610549027744
C,8,0,124113434,2,gnn,0.7853829935926099
C,8,0,124113434,0,hrm_trace,1.7032505041592694
C,8,0,124113434,1,hrm_trace,1.7032505041592694
C,8,0,124113434,2,hrm_trace,1.7032505041592694
C,8,0,124113434,0,hrmv2_act,0.9089685745173371
C,8,0,124113434,1,hrmv2_act,0.8762933081790002
C,8,0,124113434,2,hrmv2_act,0.8023937771848154
C,8,0,124113434,0,mlp,1.5680308259056268
C,8,0,124113434,1,mlp,1.491649029608399
C,8,0,124113434,2,mlp,1.5537203458191382
C,8,0,124113434,0,onlstm_trace,0.9777673845149321
C,8,0,124113434,1,onlstm_trace,1.3936638349980235
C,8,0,124113434,2,onlstm_trace,1.2418414404420988
C,8,0,124113434,0,unet_film,0.9137967060123146
C,8,0,124113434,1,unet_film,1.0222884218176458
C,8,0,124113434,2,unet_film,1.0059094565286515
C,8,0,124113434,0,hrmv2_act_k1,0.8366369917651266
C,8,0,124113434,1,hrmv2_act_k1,0.8403337683686517
C,8,0,124113434,2,hrmv2_act_k1,0.7432183031440562
C,8,0,124113434,0,hrmv2_act_k2,0.906978636032395
C,8,0,124113434,1,hrmv2_act_k2,0.8614979185808657
C,8,0,124113434,2,hrmv2_act_k2,0.7935492027476603
C,8,0,124113434,0,hrmv2_act_k4,0.9090414741531875
C,8,0,124113434,1,hrmv2_act_k4,0.8705193807730575
C,8,0,124113434,2,hrmv2_act_k4,0.7962594416679076
C,8,0,124113434,0,hrmv2_act_k8,0.9089685745173371
C,8,0,124113434,1,hrmv2_act_k8,0.8762933081790002
C,8,0,124113434,2,hrmv2_act_k8,0.8023937771848154
C,8,1,124137191,0,gnn,0.5457228006413777
C,8,1,124137191,1,gnn,0.568705187409434
C,8,1,124137191,2,gnn,0.5592501250458659
C,8,1,124137191,0,hrm_trace,2.159358434932976
C,8,1,124137191,1,hrm_trace,2.159358434932976
C,8,1,124137191,2,hrm_trace,2.159358434932976
C,8,1,124137191,0,hrmv2_act,0.3853331528696433
C,8,1,124137191,1,hrmv2_act,0.4397265634165092
C,8,1,124137191,2,hrmv2_act,0.4416689181531788
C,8,1,124137191,0,mlp,0.5146267151391597
C,8,1,124137191,1,mlp,0.5136038923287535
C,8,1,124137191,2,mlp,0.5184770964676597
C,8,1,124137191,0,onlstm_trace,0.31116269664468
C,8,1,124137191,1,onlstm_trace,0.24500054815374483
C,8,1,124137191,2,onlstm_trace,0.35563358258592775
C,8,1,124137191,0,unet_film,0.5755602508757064
C,8,1,124137191,1,unet_film,0.7987927412247228
C,8,1,124137191,2,unet_film,0.7841362752372003
C,8,1,124137191,0,hrmv2_act_k1,0.38684368401788777
C,8,1,124137191,1,hrmv2_act_k1,0.48751279241759143
C,8,1,124137191,2,hrmv2_act_k1,0.4489291729842964
C,8,1,124137191,0,hrmv2_act_k2,0.38671022283545337
C,8,1,124137191,1,hrmv2_act_k2,0.44282431741025086
C,8,1,124137191,2,hrmv2_act_k2,0.44218048599876847
C,8,1,124137191,0,hrmv2_act_k4,0.386167192390078
C,8,1,124137191,1,hrmv2_act_k4,0.4398388829179144
C,8,1,124137191,2,hrmv2_act_k4,0.43985327137040325
C,8,1,124137191,0,hrmv2_act_k8,0.3853331528696433
C,8,1,124137191,1,hrmv2_act_k8,0.4397265634165092
C,8,1,124137191,2,hrmv2_act_k8,0.4416689181531788
C,8,2,124184705,0,gnn,0.955971697892417
C,8,2,124184705,1,gnn,0.9088579551112284
C,8,2,124184705,2,gnn,0.9210682666612922
C,8,2,124184705,0,hrm_trace,1.117264263382672
C,8,2,124184705,1,hrm_trace,1.117264263382672
C,8,2,124184705,2,hrm_trace,1.117264263382672
C,8,2,124184705,0,hrmv2_act,0.5900365906926539
C,8,2,124184705,1,hrmv2_act,0.6742239994186278
C,8,2,124184705,2,hrmv2_act,0.5688097844531214
C,8,2,124184705,0,mlp,0.5841165014907453
C,8,2,124184705,1,mlp,0.5348961820464312
C,8,2,124184705,2,mlp,0.6004464993790214
C,8,2,124184705,0,onlstm_trace,0.5655191720038083
C,8,2,124184705,1,onlstm_trace,0.6359521960190394
C,8,2,124184705,2,onlstm_trace,0.5019681644964525
C,8,2,124184705,0,unet_film,1.1989567587053893
C,8,2,124184705,1,unet_film,0.9918798476821462
C,8,2,124184705,2,unet_film,1.1704392972193638
C,8,2,124184705,0,hrmv2_act_k1,0.5762041376388141
C,8,2,124184705,1,hrmv2_act_k1,0.6623809086315765
C,8,2,124184705,2,hrmv2_act_k1,0.5571461540873714
C,8,2,124184705,0,hrmv2_act_k2,0.591156764774874
C,8,2,124184705,1,hrmv2_act_k2,0.6717821413086659
C,8,2,124184705,2,hrmv2_act_k2,0.5682769121323916
C,8,2,124184705,0,hrmv2_act_k4,0.5881024408751535
C,8,2,124184705,1,hrmv2_act_k4,0.6733493860621773
C,8,2,124184705,2,hrmv2_act_k4,0.5697658509478566
C,8,2,124184705,0,hrmv2_act_k8,0.5900365906926539
C,8,2,124184705,1,hrmv2_act_k8,0.6742239994186278
C,8,2,124184705,2,hrmv2_act_k8,0.5688097844531214
C,8,3,124232219,0,gnn,0.6102220371295961
C,8,3,124232219,1,gnn,0.6417524986904705
C,8,3,124232219,2,gnn,0.6168815172211151
C,8,3,124232219,0,hrm_trace,2.202906463495872
C,8,3,124232219,1,hrm_trace,2.202906463495872
C,8,3,124232219,2,hrm_trace,2.202906463495872
C,8,3,124232219,0,hrmv2_act,0.5070485842233772
C,8,3,124232219,1,hrmv2_act,0.6093398780778352
C,8,3,124232219,2,hrmv2_act,0.559470800426752
C,8,3,124232219,0,mlp,0.4619627302494744
C,8,3,124232219,1,mlp,0.5313873705959686
C,8,3,124232219,2,mlp,0.5632572048948008
C,8,3,124232219,0,onlstm_trace,0.5432120687581029
C,8,3,124232219,1,onlstm_trace,0.28284690059046497
C,8,3,124232219,2,onlstm_trace,0.599275790797158
C,8,3,124232219,0,unet_film,0.5300722007068639
C,8,3,124232219,1,unet_film,0.5454732799657137
C,8,3,124232219,2,unet_film,0.5290910595374628
C,8,3,124232219,0,hrmv2_act_k1,0.5352976127882055
C,8,3,124232219,1,hrmv2_act_k1,0.7009702182706102
C,8,3,124232219,2,hrmv2_act_k1,0.5592380651442344
C,8,3,124232219,0,hrmv2_act_k2,0.5034309290888764
C,8,3,124232219,1,hrmv2_act_k2,0.6095599105991957
C,8,3,124232219,2,hrmv2_act_k2,0.5587587266767863
C,8,3,124232219,0,hrmv2_act_k4,0.508041594664107
C,8,3,124232219,1,hrmv2_act_k4,0.6093016060156956
C,8,3,124232219,2,hrmv2_act_k4,0.5590232851181757
C,8,3,124232219,0,hrmv2_act_k8,0.5070485842233772
C,8,3,124232219,1,hrmv2_act_k8,0.6093398780778352
C,8,3,124232219,2,hrmv2_act_k8,0.559470800426752
C,8,4,124287652,0,gnn,0.6282189547462258
C,8,4,124287652,1,gnn,0.6382088376048591
C,8,4,124287652,2,gnn,0.6336663666460701
C,8,4,124287652,0,hrm_trace,2.1027714256620147
C,8,4,124287652,1,hrm_trace,2.1027714256620147
C,8,4,124287652,2,hrm_trace,2.1027714256620147
C,8,4,124287652,0,hrmv2_act,0.6906849984431153
C,8,4,124287652,1,hrmv2_act,0.6762268437350779
C,8,4,124287652,2,hrmv2_act,0.6987822348402892
C,8,4,124287652,0,mlp,0.7511334579011183
C,8,4,124287652,1,mlp,0.7050968604964907
C,8,4,124287652,2,mlp,0.7321724694738723
C,8,4,124287652,0,onlstm_trace,0.40593607812349763
C,8,4,124287652,1,onlstm_trace,0.3490456733690481
C,8,4,124287652,2,onlstm_trace,0.5831864316150385
C,8,4,124287652,0,unet_film,0.733703036299867
C,8,4,124287652,1,unet_film,0.6536185071094142
C,8,4,124287652,2,unet_film,0.6902628510701376
C,8,4,124287652,0,hrmv2_act_k1,0.6619960628924342
C,8,4,124287652,1,hrmv2_act_k1,0.6702713494483664
C,8,4,124287652,2,hrmv2_act_k1,0.6612141172281595
C,8,4,124287652,0,hrmv2_act_k2,0.6931307808543865
C,8,4,124287652,1,hrmv2_act_k2,0.6747000573043184
C,8,4,124287652,2,hrmv2_act_k2,0.6945657115542883
C,8,4,124287652,0,hrmv2_act_k4,0.6928012029279216
C,8,4,124287652,1,hrmv2_act_k4,0.6761047283098242
C,8,4,124287652,2,hrmv2_act_k4,0.6993251961908369
C,8,4,124287652,0,hrmv2_act_k8,0.6906849984431153
C,8,4,124287652,1,hrmv2_act_k8,0.6762268437350779
C,8,4,124287652,2,hrmv2_act_k8,0.6987822348402892
C,8,5,124295571,0,gnn,0.39128409911620815
C,8,5,124295571,1,gnn,0.37055801812564343
C,8,5,124295571,2,gnn,0.3876154074056041
C,8,5,124295571,0,hrm_trace,1.5006976780911898
C,8,5,124295571,1,hrm_trace,1.5006976780911898
C,8,5,124295571,2,hrm_trace,1.5006976780911898
C,8,5,124295571,0,hrmv2_act,0.5364889629183073
C,8,5,124295571,1,hrmv2_act,0.5780269866842078
C,8,5,124295571,2,hrmv2_act,0.5425540417544076
C,8,5,124295571,0,mlp,0.6761213060035621
C,8,5,124295571,1,mlp,0.6660854036301104
C,8,5,124295571,2,mlp,0.6731784049013391
C,8,5,124295571,0,onlstm_trace,0.4651464358331606
C,8,5,124295571,1,onlstm_trace,0.4188686662555526
C,8,5,124295571,2,onlstm_trace,0.4835796963235716
C,8,5,124295571,0,unet_film,0.5511277148097043
C,8,5,124295571,1,unet_film,0.5420837250621171
C,8,5,124295571,2,unet_film,0.7108174074294918
C,8,5,124295571,0,hrmv2_act_k1,0.5464661080140841
C,8,5,124295571,1,hrmv2_act_k1,0.585642732743839
C,8,5,124295571,2,hrmv2_act_k1,0.5487934317407667
C,8,5,124295571,0,hrmv2_act_k2,0.5339098249873179
C,8,5,124295571,1,hrmv2_act_k2,0.574735523557373
C,8,5,124295571,2,hrmv2_act_k2,0.5425843385361584
C,8,5,124295571,0,hrmv2_act_k4,0.5383489920581208
C,8,5,124295571,1,hrmv2_act_k4,0.5776137255740341
C,8,5,124295571,2,hrmv2_act_k4,0.5418893332857049
C,8,5,124295571,0,hrmv2_act_k8,0.5364889629183073
C,8,5,124295571,1,hrmv2_act_k8,0.5780269866842078
C,8,5,124295571,2,hrmv2_act_k8,0.5425540417544076
C,8,6,124303490,0,gnn,0.6978847077664836
C,8,6,124303490,1,gnn,0.6539349353381972
C,8,6,124303490,2,gnn,0.6787912834190831
C,8,6,124303490,0,hrm_trace,1.8152157243670792
C,8,6,124303490,1,hrm_trace,1.8152157243670792
C,8,6,124303490,2,hrm_trace,1.8152157243670792
C,8,6,124303490,0,hrmv2_act,0.6169446424474897
C,8,6,124303490,1,hrmv2_act,0.6021160689914996
C,8,6,124303490,2,hrmv2_act,0.6026454672725299
C,8,6,124303490,0,mlp,0.7491144040964403
C,8,6,124303490,1,mlp,0.7576808779467137
C,8,6,124303490,2,mlp,0.7585386478258563
C,8,6,124303490,0,onlstm_trace,0.7685389929436782
C,8,6,124303490,1,onlstm_trace,0.5817979043318926
C,8,6,124303490,2,onlstm_trace,0.7208008134460616
C,8,6,124303490,0,unet_film,0.7849061918700101
C,8,6,124303490,1,unet_film,0.921760948275435
C,8,6,124303490,2,unet_film,0.8788980581943864
C,8,6,124303490,0,hrmv2_act_k1,0.6300586846244852
C,8,6,124303490,1,hrmv2_act_k1,0.5813549925202479
C,8,6,124303490,2,hrmv2_act_k1,0.5996619874195318
C,8,6,124303490,0,hrmv2_act_k2,0.6195377230839002
C,8,6,124303490,1,hrmv2_act_k2,0.6040042069715896
C,8,6,124303490,2,hrmv2_act_k2,0.5991250425952555
C,8,6,124303490,0,hrmv2_act_k4,0.6142186708474917
C,8,6,124303490,1,hrmv2_act_k4,0.6033613283266219
C,8,6,124303490,2,hrmv2_act_k4,0.5993997154276824
C,8,6,124303490,0,hrmv2_act_k8,0.6169446424474897
C,8,6,124303490,1,hrmv2_act_k8,0.6021160689914996
C,8,6,124303490,2,hrmv2_act_k8,0.6026454672725299
C,8,7,124327247,0,gnn,0.9110244763516672
C,8,7,124327247,1,gnn,0.8640258873402281
C,8,7,124327247,2,gnn,0.8855661559752869
C,8,7,124327247,0,hrm_trace,1.3575125590926826
C,8,7,124327247,1,hrm_trace,1.3575125590926826
C,8,7,124327247,2,hrm_trace,1.3575125590926826
C,8,7,124327247,0,hrmv2_act,0.8304800670278315
C,8,7,124327247,1,hrmv2_act,0.8553087803464328
C,8,7,124327247,2,hrmv2_act,0.8497846568590837
C,8,7,124327247,0,mlp,0.6537333980712822
C,8,7,124327247,1,mlp,0.661589206968892
C,8,7,124327247,2,mlp,0.6035589166250536
C,8,7,124327247,0,onlstm_trace,0.9795163647730506
C,8,7,124327247,1,onlstm_trace,1.0545838443011988
C,8,7,124327247,2,onlstm_trace,0.8973488446870064
C,8,7,124327247,0,unet_film,1.0696459596021306
C,8,7,124327247,1,unet_film,0.8158560484419303
C,8,7,124327247,2,unet_film,1.093331240768336
C,8,7,124327247,0,hrmv2_act_k1,0.8273137295285706
C,8,7,124327247,1,hrmv2_act_k1,0.8427292104987703
C,8,7,124327247,2,hrmv2_act_k1,0.8576610281605158
C,8,7,124327247,0,hrmv2_act_k2,0.8298707197741657
C,8,7,124327247,1,hrmv2_act_k2,0.8525395908088509
C,8,7,124327247,2,hrmv2_act_k2,0.8525216312606487
C,8,7,124327247,0,hrmv2_act_k4,0.8307972125249895
C,8,7,124327247,1,hrmv2_act_k4,0.8523292074978921
C,8,7,124327247,2,hrmv2_act_k4,0.8521668735787434
C,8,7,124327247,0,hrmv2_act_k8,0.8304800670278315
C,8,7,124327247,1,hrmv2_act_k8,0.8553087803464328
C,8,7,124327247,2,hrmv2_act_k8,0.8497846568590837
C,8,8,124358923,0,gnn,0.6308326180061707
C,8,8,124358923,1,gnn,0.6063189549760728
C,8,8,124358923,2,gnn,0.6320547346437297
C,8,8,124358923,0,hrm_trace,1.6417913943717037
C,8,8,124358923,1,hrm_trace,1.6417913943717037
C,8,8,124358923,2,hrm_trace,1.6417913943717037
C,8,8,124358923,0,hrmv2_act,0.7344866186363718
C,8,8,124358923,1,hrmv2_act,0.7916939814621655
C,8,8,124358923,2,hrmv2_act,0.8281245640813861
C,8,8,124358923,0,mlp,1.02527268797587
C,8,8,124358923,1,mlp,0.9769151534647565
C,8,8,124358923,2,mlp,1.0241477881617111
C,8,8,124358923,0,onlstm_trace,0.8852612776798241
C,8,8,124358923,1,onlstm_trace,1.1099065357438358
C,8,8,124358923,2,onlstm_trace,0.7540215329320978
C,8,8,124358923,0,unet_film,0.9036075787232627
C,8,8,124358923,1,unet_film,0.7428660607892388
C,8,8,124358923,2,unet_film,0.9205337382146611
C,8,8,124358923,0,hrmv2_act_k1,0.7407398216093339
C,8,8,124358923,1,hrmv2_act_k1,0.7782078057520394
C,8,8,124358923,2,hrmv2_act_k1,0.8107455104418291
C,8,8,124358923,0,hrmv2_act_k2,0.734030548783691
C,8,8,124358923,1,hrmv2_act_k2,0.7919068756923561
C,8,8,124358923,2,hrmv2_act_k2,0.8286793166522062
C,8,8,124358923,0,hrmv2_act_k4,0.7333869921396543
C,8,8,124358923,1,hrmv2_act_k4,0.7910964785862472
C,8,8,124358923,2,hrmv2_act_k4,0.8259389717862027
C,8,8,124358923,0,hrmv2_act_k8,0.7344866186363718
C,8,8,124358923,1,hrmv2_act_k8,0.7916939814621655
C,8,8,124358923,2,hrmv2_act_k8,0.8281245640813861
C,8,9,124382680,0,gnn,0.5269948660047895
C,8,9,124382680,1,gnn,0.5199653874150235
C,8,9,124382680,2,gnn,0.5275266295826356
C,8,9,124382680,0,hrm_trace,1.9711691771608444
C,8,9,124382680,1,hrm_trace,1.9711691771608444
C,8,9,124382680,2,hrm_trace,1.9711691771608444
C,8,9,124382680,0,hrmv2_act,0.5201909597935206
C,8,9,124382680,1,hrmv2_act,0.4929311189985073
C,8,9,124382680,2,hrmv2_act,0.5465974090768888
C,8,9,124382680,0,mlp,0.7094539733817415
C,8,9,124382680,1,mlp,0.6337141206941056
C,8,9,124382680,2,mlp,0.6856986975019135
C,8,9,124382680,0,onlstm_trace,0.7134447693763017
C,8,9,124382680,1,onlstm_trace,0.7912663375859623
C,8,9,124382680,2,onlstm_trace,0.5974341843499499
C,8,9,124382680,0,unet_film,0.6195052914337905
C,8,9,124382680,1,unet_film,0.42318402505466113
C,8,9,124382680,2,unet_film,0.7327069831036409
C,8,9,124382680,0,hrmv2_act_k1,0.5554634540598993
C,8,9,124382680,1,hrmv2_act_k1,0.48268862645656235
C,8,9,124382680,2,hrmv2_act_k1,0.5358179010696208
C,8,9,124382680,0,hrmv2_act_k2,0.5214050476952223
C,8,9,124382680,1,hrmv2_act_k2,0.48995989228950604
C,8,9,124382680,2,hrmv2_act_k2,0.5425262805426738
C,8,9,124382680,0,hrmv2_act_k4,0.5150167622073584
C,8,9,124382680,1,hrmv2_act_k4,0.49686053444572154
C,8,9,124382680,2,hrmv2_act_k4,0.5442115052342261
C,8,9,124382680,0,hrmv2_act_k8,0.5201909597935206
C,8,9,124382680,1,hrmv2_act_k8,0.4929311189985073
C,8,9,124382680,2,hrmv2_act_k8,0.5465974090768888
C,8,10,124390599,0,gnn,0.607116408497853
C,8,10,124390599,1,gnn,0.6516980542830003
C,8,10,124390599,2,gnn,0.6315721164487215
C,8,10,124390599,0,hrm_trace,2.219773234941777
C,8,10,124390599,1,hrm_trace,2.219773234941777
C,8,10,124390599,2,hrm_trace,2.219773234941777
C,8,10,124390599,0,hrmv2_act,0.544193972258462
C,8,10,124390599,1,hrmv2_act,0.5440174993045452
C,8,10,124390599,2,hrmv2_act,0.6365339473667775
C,8,10,124390599,0,mlp,0.6382338816371816
C,8,10,124390599,1,mlp,0.6780645498616055
C,8,10,124390599,2,mlp,0.6374159733734394
C,8,10,124390599,0,onlstm_trace,0.40534340196993573
C,8,10,124390599,1,onlstm_trace,0.41868981208625844
C,8,10,124390599,2,onlstm_trace,0.6509379567340811
C,8,10,124390599,0,unet_film,0.457805511307238
C,8,10,124390599,1,unet_film,0.5897467514490078
C,8,10,124390599,2,unet_film,0.4171231172775997
C,8,10,124390599,0,hrmv2_act_k1,0.5604581488022277
C,8,10,124390599,1,hrmv2_act_k1,0.5550291529539065
C,8,10,124390599,2,hrmv2_act_k1,0.6481101611140635
C,8,10,124390599,0,hrmv2_act_k2,0.5463247261496582
C,8,10,124390599,1,hrmv2_act_k2,0.546569903756558
C,8,10,124390599,2,hrmv2_act_k2,0.6382747260235343
C,8,10,124390599,0,hrmv2_act_k4,0.5471935300530878
C,8,10,124390599,1,hrmv2_act_k4,0.5496538079746067
C,8,10,124390599,2,hrmv2_act_k4,0.6359682909202081
C,8,10,124390599,0,hrmv2_act_k8,0.544193972258462
C,8,10,124390599,1,hrmv2_act_k8,0.5440174993045452
C,8,10,124390599,2,hrmv2_act_k8,0.6365339473667775
C,8,11,124414356,0,gnn,0.9689694990719411
C,8,11,124414356,1,gnn,0.9201935718135481
C,8,11,124414356,2,gnn,0.9621134810681213
C,8,11,124414356,0,hrm_trace,1.4877922686267495
C,8,11,124414356,1,hrm_trace,1.4877922686267495
C,8,11,124414356,2,hrm_trace,1.4877922686267495
C,8,11,124414356,0,hrmv2_act,1.2004846349233576
C,8,11,124414356,1,hrmv2_act,1.143086912622259
C,8,11,124414356,2,hrmv2_act,1.0387634236595533
C,8,11,124414356,0,mlp,0.9654429096877061
C,8,11,124414356,1,mlp,0.9160719317942825
C,8,11,124414356,2,mlp,0.9393192523598789
C,8,11,124414356,0,onlstm_trace,1.0217244416062543
C,8,11,124414356,1,onlstm_trace,1.2018570124097332
C,8,11,124414356,2,onlstm_trace,0.8634275753136171
C,8,11,124414356,0,unet_film,1.3559250198348054
C,8,11,124414356,1,unet_film,1.0245692145498757
C,8,11,124414356,2,unet_film,1.3172508254988748
C,8,11,124414356,0,hrmv2_act_k1,1.1843545928988015
C,8,11,124414356,1,hrmv2_act_k1,1.0790035006299388
C,8,11,124414356,2,hrmv2_act_k1,1.027000627793546
C,8,11,124414356,0,hrmv2_act_k2,1.1996228763728676
C,8,11,124414356,1,hrmv2_act_k2,1.1252041515979643
C,8,11,124414356,2,hrmv2_act_k2,1.0384082729175241
C,8,11,124414356,0,hrmv2_act_k4,1.1992467376856208
C,8,11,124414356,1,hrmv2_act_k4,1.1396185981979456
C,8,11,124414356,2,hrmv2_act_k4,1.0385221939846403
C,8,11,124414356,0,hrmv2_act_k8,1.2004846349233576
C,8,11,124414356,1,hrmv2_act_k8,1.143086912622259
C,8,11,124414356,2,hrmv2_act_k8,1.0387634236595533
C,8,12,124422275,0,gnn,2.1271275781940076
C,8,12,124422275,1,gnn,2.0839558351197995
C,8,12,124422275,2,gnn,2.1132945107045633
C,8,12,124422275,0,hrm_trace,2.4300169619216883
C,8,12,124422275,1,hrm_trace,2.4300169619216883
C,8,12,124422275,2,hrm_trace,2.4300169619216883
C,8,12,124422275,0,hrmv2_act,1.7660037970242888
C,8,12,124422275,1,hrmv2_act,1.8669891002814039
C,8,12,124422275,2,hrmv2_act,1.7907938651350317
C,8,12,124422275,0,mlp,1.7702077085278778
C,8,12,124422275,1,mlp,1.7711302390769719
C,8,12,124422275,2,mlp,1.8070583793251678
C,8,12,124422275,0,onlstm_trace,1.6336190751103599
C,8,12,124422275,1,onlstm_trace,1.7625233958176845
C,8,12,124422275,2,onlstm_trace,1.647711914745832
C,8,12,124422275,0,unet_film,2.2421229951970236
C,8,12,124422275,1,unet_film,2.1516900916435495
C,8,12,124422275,2,unet_film,2.3317101420418322
C,8,12,124422275,0,hrmv2_act_k1,1.7607027066716303
C,8,12,124422275,1,hrmv2_act_k1,1.8456371859998406
C,8,12,124422275,2,hrmv2_act_k1,1.812903427437593
C,8,12,124422275,0,hrmv2_act_k2,1.7676054838965465
C,8,12,124422275,1,hrmv2_act_k2,1.867157317444984
C,8,12,124422275,2,hrmv2_act_k2,1.7916630757048742
C,8,12,124422275,0,hrmv2_act_k4,1.765341335926516
C,8,12,124422275,1,hrmv2_act_k4,1.8745729574113381
C,8,12,124422275,2,hrmv2_act_k4,1.790850606185418
C,8,12,124422275,0,hrmv2_act_k8,1.7660037970242888
C,8,12,124422275,1,hrmv2_act_k8,1.8669891002814039
C,8,12,124422275,2,hrmv2_act_k8,1.7907938651350317
C,8,13,124477708,0,gnn,0.8843126854599687
C,8,13,124477708,1,gnn,0.9110174896444874
C,8,13,124477708,2,gnn,0.8914723790954048
C,8,13,124477708,0,hrm_trace,2.6159424645748173
C,8,13,124477708,1,hrm_trace,2.6159424645748173
C,8,13,124477708,2,hrm_trace,2.6159424645748173
C,8,13,124477708,0,hrmv2_act,0.7482924811370142
C,8,13,124477708,1,hrmv2_act,0.7252219520545541
C,8,13,124477708,2,hrmv2_act,0.7503377257328054
C,8,13,124477708,0,mlp,0.8029772423517849
C,8,13,124477708,1,mlp,0.8001615757128877
C,8,13,124477708,2,mlp,0.7657596338859771
C,8,13,124477708,0,onlstm_trace,0.674750366223416
C,8,13,124477708,1,onlstm_trace,0.7174686157660144
C,8,13,124477708,2,onlstm_trace,0.7833474938865002
C,8,13,124477708,0,unet_film,0.6721844810752622
C,8,13,124477708,1,unet_film,0.6539583215457243
C,8,13,124477708,2,unet_film,0.5081022563763606
C,8,13,124477708,0,hrmv2_act_k1,0.7460711235663576
C,8,13,124477708,1,hrmv2_act_k1,0.743429913009632
C,8,13,124477708,2,hrmv2_act_k1,0.7276913749107163
C,8,13,124477708,0,hrmv2_act_k2,0.7487371703287633
C,8,13,124477708,1,hrmv2_act_k2,0.7241869434806575
C,8,13,124477708,2,hrmv2_act_k2,0.7470012418982314
C,8,13,124477708,0,hrmv2_act_k4,0.7467821475660096
C,8,13,124477708,1,hrmv2_act_k4,0.7236967965639128
C,8,13,124477708,2,hrmv2_act_k4,0.7531541118902924
C,8,13,124477708,0,hrmv2_act_k8,0.7482924811370142
C,8,13,124477708,1,hrmv2_act_k8,0.7252219520545541
C,8,13,124477708,2,hrmv2_act_k8,0.7503377257328054
C,8,14,124485627,0,gnn,2.374314261300296
C,8,14,124485627,1,gnn,2.3409418354354146
C,8,14,124485627,2,gnn,2.360278055725394
C,8,14,124485627,0,hrm_trace,1.990887579818774
C,8,14,124485627,1,hrm_trace,1.990887579818774
C,8,14,124485627,2,hrm_trace,1.990887579818774
C,8,14,124485627,0,hrmv2_act,1.6340205713846616
C,8,14,124485627,1,hrmv2_act,1.5591314773516909
C,8,14,124485627,2,hrmv2_act,1.5261176266146483
C,8,14,124485627,0,mlp,1.5035853107310162
C,8,14,124485627,1,mlp,1.4895665958028625
C,8,14,124485627,2,mlp,1.5369710217708055
C,8,14,124485627,0,onlstm_trace,1.4020411609739534
C,8,14,124485627,1,onlstm_trace,1.4088157233901835
C,8,14,124485627,2,onlstm_trace,1.376422746428514
C,8,14,124485627,0,unet_film,2.4861216760986533
C,8,14,124485627,1,unet_film,2.5052815497496543
C,8,14,124485627,2,unet_film,2.5643619794541226
C,8,14,124485627,0,hrmv2_act_k1,1.6028962114342302
C,8,14,124485627,1,hrmv2_act_k1,1.5485374483090204
C,8,14,124485627,2,hrmv2_act_k1,1.5215170970712517
C,8,14,124485627,0,hrmv2_act_k2,1.633858826732286
C,8,14,124485627,1,hrmv2_act_k2,1.557811103672114
C,8,14,124485627,2,hrmv2_act_k2,1.5267207936546776
C,8,14,124485627,0,hrmv2_act_k4,1.631315346255557
C,8,14,124485627,1,hrmv2_act_k4,1.5574537197962413
C,8,14,124485627,2,hrmv2_act_k4,1.527122628380526
C,8,14,124485627,0,hrmv2_act_k8,1.6340205713846616
C,8,14,124485627,1,hrmv2_act_k8,1.5591314773516909
C,8,14,124485627,2,hrmv2_act_k8,1.5261176266146483
C,8,15,124493546,0,gnn,0.6982919084092472
C,8,15,124493546,1,gnn,0.6796426139322856
C,8,15,124493546,2,gnn,0.698873487070709
C,8,15,124493546,0,hrm_trace,1.5864450585986931
C,8,15,124493546,1,hrm_trace,1.5864450585986931
C,8,15,124493546,2,hrm_trace,1.5864450585986931
C,8,15,124493546,0,hrmv2_act,0.6870268875172564
C,8,15,124493546,1,hrmv2_act,0.6549453820630528
C,8,15,124493546,2,hrmv2_act,0.6166461764136064
C,8,15,124493546,0,mlp,0.7046441215105126
C,8,15,124493546,1,mlp,0.573744036894323
C,8,15,124493546,2,mlp,0.8070608879472985
C,8,15,124493546,0,onlstm_trace,0.6163758883798626
C,8,15,124493546,1,onlstm_trace,0.8033919965875492
C,8,15,124493546,2,onlstm_trace,0.6308989149080645
C,8,15,124493546,0,unet_film,0.8726733356790944
C,8,15,124493546,1,unet_film,0.6851996467306327
C,8,15,124493546,2,unet_film,0.8637904888212633
C,8,15,124493546,0,hrmv2_act_k1,0.6766591936903382
C,8,15,124493546,1,hrmv2_act_k1,0.6111396926985929
C,8,15,124493546,2,hrmv2_act_k1,0.612458977459495
C,8,15,124493546,0,hrmv2_act_k2,0.6862110808370633
C,8,15,124493546,1,hrmv2_act_k2,0.6528281745424733
C,8,15,124493546,2,hrmv2_act_k2,0.6171202320845227
C,8,15,124493546,0,hrmv2_act_k4,0.6874634775532306
C,8,15,124493546,1,hrmv2_act_k4,0.660773213135632
C,8,15,124493546,2,hrmv2_act_k4,0.6153367675096091
C,8,15,124493546,0,hrmv2_act_k8,0.6870268875172564
C,8,15,124493546,1,hrmv2_act_k8,0.6549453820630528
C,8,15,124493546,2,hrmv2_act_k8,0.6166461764136064
C,8,16,124501465,0,gnn,0.39019012883897053
C,8,16,124501465,1,gnn,0.39450326031835536
C,8,16,124501465,2,gnn,0.39330380572386153
C,8,16,124501465,0,hrm_trace,1.9086287763340168
C,8,16,124501465,1,hrm_trace,1.9086287763340168
C,8,16,124501465,2,hrm_trace,1.9086287763340168
C,8,16,124501465,0,hrmv2_act,0.4693439958149495
C,8,16,124501465,1,hrmv2_act,0.41563455282544487
C,8,16,124501465,2,hrmv2_act,0.5452062442945815
C,8,16,124501465,0,mlp,0.5101394150497935
C,8,16,124501465,1,mlp,0.4824077550895573
C,8,16,124501465,2,mlp,0.4490698535350181
C,8,16,124501465,0,onlstm_trace,0.42135495544029616
C,8,16,124501465,1,onlstm_trace,0.4156703745786112
C,8,16,124501465,2,onlstm_trace,0.524846889617212
C,8,16,124501465,0,unet_film,0.4778450377579446
C,8,16,124501465,1,unet_film,0.3347539445763527
C,8,16,124501465,2,unet_film,0.5019516728524441
C,8,16,124501465,0,hrmv2_act_k1,0.45435714633968766
C,8,16,124501465,1,hrmv2_act_k1,0.40954717884744907
C,8,16,124501465,2,hrmv2_act_k1,0.5526777434310469
C,8,16,124501465,0,hrmv2_act_k2,0.465916770145103
C,8,16,124501465,1,hrmv2_act_k2,0.4116170805467041
C,8,16,124501465,2,hrmv2_act_k2,0.5475559220894723
C,8,16,124501465,0,hrmv2_act_k4,0.47193199600318664
C,8,16,124501465,1,hrmv2_act_k4,0.41316563301812603
C,8,16,124501465,2,hrmv2_act_k4,0.5457796861874765
C,8,16,124501465,0,hrmv2_act_k8,0.4693439958149495
C,8,16,124501465,1,hrmv2_act_k8,0.41563455282544487
C,8,16,124501465,2,hrmv2_act_k8,0.5452062442945815
C,8,17,124509384,0,gnn,0.672041442995649
C,8,17,124509384,1,gnn,0.7102776642968246
C,8,17,124509384,2,gnn,0.6839898845549581
C,8,17,124509384,0,hrm_trace,2.3362098593430076
C,8,17,124509384,1,hrm_trace,2.3362098593430076
C,8,17,124509384,2,hrm_trace,2.3362098593430076
C,8,17,124509384,0,hrmv2_act,0.7468127001068565
C,8,17,124509384,1,hrmv2_act,0.6934745455163963
C,8,17,124509384,2,hrmv2_act,0.6716645334262542
C,8,17,124509384,0,mlp,0.6510253516252295
C,8,17,124509384,1,mlp,0.5909141934100195
C,8,17,124509384,2,mlp,0.645620725388844
C,8,17,124509384,0,onlstm_trace,0.6274662805898985
C,8,17,124509384,1,onlstm_trace,0.627841252148364
C,8,17,124509384,2,onlstm_trace,0.690008044958307
C,8,17,124509384,0,unet_film,0.657896646002213
C,8,17,124509384,1,unet_film,0.8290422384833941
C,8,17,124509384,2,unet_film,0.5822218833163182
C,8,17,124509384,0,hrmv2_act_k1,0.7579241819942353
C,8,17,124509384,1,hrmv2_act_k1,0.7143165011214875
C,8,17,124509384,2,hrmv2_act_k1,0.6927341606770254
C,8,17,124509384,0,hrmv2_act_k2,0.7561185551490731
C,8,17,124509384,1,hrmv2_act_k2,0.6987181394284109
C,8,17,124509384,2,hrmv2_act_k2,0.6770361891974704
C,8,17,124509384,0,hrmv2_act_k4,0.7487038096030014
C,8,17,124509384,1,hrmv2_act_k4,0.7011083225410792
C,8,17,124509384,2,hrmv2_act_k4,0.673715952375516
C,8,17,124509384,0,hrmv2_act_k8,0.7468127001068565
C,8,17,124509384,1,hrmv2_act_k8,0.6934745455163963
C,8,17,124509384,2,hrmv2_act_k8,0.6716645334262542
C,8,18,124525222,0,gnn,0.6927174840900666
C,8,18,124525222,1,gnn,0.7278048028789729
C,8,18,124525222,2,gnn,0.7062002056336861
C,8,18,124525222,0,hrm_trace,2.338073923724572
C,8,18,124525222,1,hrm_trace,2.338073923724572
C,8,18,124525222,2,hrm_trace,2.338073923724572
C,8,18,124525222,0,hrmv2_act,0.5911338552487668
C,8,18,124525222,1,hrmv2_act,0.7503116487243426
C,8,18,124525222,2,hrmv2_act,0.824522623701501
C,8,18,124525222,0,mlp,0.37763359655249856
C,8,18,124525222,1,mlp,0.39735705313446834
C,8,18,124525222,2,mlp,0.38865178880596346
C,8,18,124525222,0,onlstm_trace,0.3612850511959782
C,8,18,124525222,1,onlstm_trace,0.4241720874911975
C,8,18,124525222,2,onlstm_trace,0.7518890655718138
C,8,18,124525222,0,unet_film,0.59140461650706
C,8,18,124525222,1,unet_film,0.7638396221349733
C,8,18,124525222,2,unet_film,0.5520302382949955
C,8,18,124525222,0,hrmv2_act_k1,0.5804860046536663
C,8,18,124525222,1,hrmv2_act_k1,0.7417206244945029
C,8,18,124525222,2,hrmv2_act_k1,0.7746381351985372
C,8,18,124525222,0,hrmv2_act_k2,0.5957420769634297
C,8,18,124525222,1,hrmv2_act_k2,0.7445884251791978
C,8,18,124525222,2,hrmv2_act_k2,0.8215796013389246
C,8,18,124525222,0,hrmv2_act_k4,0.5902278275130874
C,8,18,124525222,1,hrmv2_act_k4,0.7519744582269474
C,8,18,124525222,2,hrmv2_act_k4,0.8225326486383029
C,8,18,124525222,0,hrmv2_act_k8,0.5911338552487668
C,8,18,124525222,1,hrmv2_act_k8,0.7503116487243426
C,8,18,124525222,2,hrmv2_act_k8,0.824522623701501
C,8,19,124541060,0,gnn,0.8612717020624334
C,8,19,124541060,1,gnn,0.8985999512695042
C,8,19,124541060,2,gnn,0.8799772366117288
C,8,19,124541060,0,hrm_trace,2.5135360601008827
C,8,19,124541060,1,hrm_trace,2.5135360601008827
C,8,19,124541060,2,hrm_trace,2.5135360601008827
C,8,19,124541060,0,hrmv2_act,1.3969527992679165
C,8,19,124541060,1,hrmv2_act,1.3559412627135163
C,8,19,124541060,2,hrmv2_act,1.3632302530277198
C,8,19,124541060,0,mlp,1.60265159536366
C,8,19,124541060,1,mlp,1.6021834429604516
C,8,19,124541060,2,mlp,1.6273411249177367
C,8,19,124541060,0,onlstm_trace,1.4424083233185045
C,8,19,124541060,1,onlstm_trace,1.1751550247935652
C,8,19,124541060,2,onlstm_trace,1.466903722609563
C,8,19,124541060,0,unet_film,0.866645278337679
C,8,19,124541060,1,unet_film,1.0325376573541605
C,8,19,124541060,2,unet_film,0.7467725599087544
C,8,19,124541060,0,hrmv2_act_k1,1.4130180144897089
C,8,19,124541060,1,hrmv2_act_k1,1.3566854025072446
C,8,19,124541060,2,hrmv2_act_k1,1.379005160761519
C,8,19,124541060,0,hrmv2_act_k2,1.3978612303096267
C,8,19,124541060,1,hrmv2_act_k2,1.3553061271130795
C,8,19,124541060,2,hrmv2_act_k2,1.3672122916201235
C,8,19,124541060,0,hrmv2_act_k4,1.3938253787794963
C,8,19,124541060,1,hrmv2_act_k4,1.3564763037364973
C,8,19,124541060,2,hrmv2_act_k4,1.3636953536592624
C,8,19,124541060,0,hrmv2_act_k8,1.3969527992679165
C,8,19,124541060,1,hrmv2_act_k8,1.3559412627135163
C,8,19,124541060,2,hrmv2_act_k8,1.3632302530277198
C,8,20,124548979,0,gnn,0.6756503245471542
C,8,20,124548979,1,gnn,0.6407123687497781
C,8,20,124548979,2,gnn,0.6871360394035202
C,8,20,124548979,0,hrm_trace,1.92534439187762
C,8,20,124548979,1,hrm_trace,1.92534439187762
C,8,20,124548979,2,hrm_trace,1.92534439187762
C,8,20,124548979,0,hrmv2_act,0.8364604590772772
C,8,20,124548979,1,hrmv2_act,0.7906427992084935
C,8,20,124548979,2,hrmv2_act,0.7056989639075385
C,8,20,124548979,0,mlp,0.9746960632972704
C,8,20,124548979,1,mlp,0.9534837141543309
C,8,20,124548979,2,mlp,0.8744211575325965
C,8,20,124548979,0,onlstm_trace,0.7401345660716954
C,8,20,124548979,1,onlstm_trace,0.9139172466768675
C,8,20,124548979,2,onlstm_trace,0.6995622512524765
C,8,20,124548979,0,unet_film,0.8471613885579158
C,8,20,124548979,1,unet_film,0.6699763986463566
C,8,20,124548979,2,unet_film,0.8996756516346888
C,8,20,124548979,0,hrmv2_act_k1,0.850745087127175
C,8,20,124548979,1,hrmv2_act_k1,0.777448391404268
C,8,20,124548979,2,hrmv2_act_k1,0.6917831086977291
C,8,20,124548979,0,hrmv2_act_k2,0.8377211952293658
C,8,20,124548979,1,hrmv2_act_k2,0.7925968999618637
C,8,20,124548979,2,hrmv2_act_k2,0.7036859374174734
C,8,20,124548979,0,hrmv2_act_k4,0.8339276420241343
C,8,20,124548979,1,hrmv2_act_k4,0.7909855302620381
C,8,20,124548979,2,hrmv2_act_k4,0.7037918554485719
C,8,20,124548979,0,hrmv2_act_k8,0.8364604590772772
C,8,20,124548979,1,hrmv2_act_k8,0.7906427992084935
C,8,20,124548979,2,hrmv2_act_k8,0.7056989639075385
C,8,21,124556898,0,gnn,0.4533684148054308
C,8,21,124556898,1,gnn,0.4777299814738147
C,8,21,124556898,2,gnn,0.4666993010042027
C,8,21,124556898,0,hrm_trace,2.065899666566459
C,8,21,124556898,1,hrm_trace,2.065899666566459
C,8,21,124556898,2,hrm_trace,2.065899666566459
C,8,21,124556898,0,hrmv2_act,0.3529582079393387
C,8,21,124556898,1,hrmv2_act,0.33245602471018143
C,8,21,124556898,2,hrmv2_act,0.34827934446007747
C,8,21,124556898,0,mlp,0.3739170201461832
C,8,21,124556898,1,mlp,0.3830169342098848
C,8,21,124556898,2,mlp,0.41748738268134267
C,8,21,124556898,0,onlstm_trace,0.4294463193711052
C,8,21,124556898,1,onlstm_trace,0.3469374517214241
C,8,21,124556898,2,onlstm_trace,0.3910473122536796
C,8,21,124556898,0,unet_film,0.46336895923605753
C,8,21,124556898,1,unet_film,0.42822429309058135
C,8,21,124556898,2,unet_film,0.4903474301837858
C,8,21,124556898,0,hrmv2_act_k1,0.3519133513364991
C,8,21,124556898,1,hrmv2_act_k1,0.31014317822857596
C,8,21,124556898,2,hrmv2_act_k1,0.3557713571374699
C,8,21,124556898,0,hrmv2_act_k2,0.35461700384236594
C,8,21,124556898,1,hrmv2_act_k2,0.33851952779424827
C,8,21,124556898,2,hrmv2_act_k2,0.35212255348507093
C,8,21,124556898,0,hrmv2_act_k4,0.3532404085167033
C,8,21,124556898,1,hrmv2_act_k4,0.3337523564045182
C,8,21,124556898,2,hrmv2_act_k4,0.3477671945997397
C,8,21,124556898,0,hrmv2_act_k8,0.3529582079393387
C,8,21,124556898,1,hrmv2_act_k8,0.33245602471018143
C,8,21,124556898,2,hrmv2_act_k8,0.34827934446007747
C,8,22,124564817,0,gnn,1.32868219417047
C,8,22,124564817,1,gnn,1.2844754676295802
C,8,22,124564817,2,gnn,1.315362056042271
C,8,22,124564817,0,hrm_trace,1.5999333169780756
C,8,22,124564817,1,hrm_trace,1.5999333169780756
C,8,22,124564817,2,hrm_trace,1.5999333169780756
C,8,22,124564817,0,hrmv2_act,1.1647560867687732
C,8,22,124564817,1,hrmv2_act,0.9741435634629207
C,8,22,124564817,2,hrmv2_act,1.0649566240286727
C,8,22,124564817,0,mlp,1.1728415530075444
C,8,22,124564817,1,mlp,1.0845297775205491
C,8,22,124564817,2,mlp,1.00213887581419
C,8,22,124564817,0,onlstm_trace,0.7921993992787025
C,8,22,124564817,1,onlstm_trace,0.9207188805547089
C,8,22,124564817,2,onlstm_trace,0.7821981556137497
C,8,22,124564817,0,unet_film,1.4857672775431698
C,8,22,124564817,1,unet_film,1.573807307058117
C,8,22,124564817,2,unet_film,1.5479014486322422
C,8,22,124564817,0,hrmv2_act_k1,1.1845630738092403
C,8,22,124564817,1,hrmv2_act_k1,0.9494653317747612
C,8,22,124564817,2,hrmv2_act_k1,1.0425304590719584
C,8,22,124564817,0,hrmv2_act_k2,1.1660346461132625
C,8,22,124564817,1,hrmv2_act_k2,0.9738890655411907
C,8,22,124564817,2,hrmv2_act_k2,1.0601049228827544
C,8,22,124564817,0,hrmv2_act_k4,1.165416011076163
C,8,22,124564817,1,hrmv2_act_k4,0.9766346716920921
C,8,22,124564817,2,hrmv2_act_k4,1.0632838760125312
C,8,22,124564817,0,hrmv2_act_k8,1.1647560867687732
C,8,22,124564817,1,hrmv2_act_k8,0.9741435634629207
C,8,22,124564817,2,hrmv2_act_k8,1.0649566240286727
C,8,23,124588574,0,gnn,0.3853039957972459
C,8,23,124588574,1,gnn,0.39059782151360123
C,8,23,124588574,2,gnn,0.36416188738043426
C,8,23,124588574,0,hrm_trace,1.5486083047066599
C,8,23,124588574,1,hrm_trace,1.5486083047066599
C,8,23,124588574,2,hrm_trace,1.5486083047066599
C,8,23,124588574,0,hrmv2_act,0.4577248547610279
C,8,23,124588574,1,hrmv2_act,0.4440024729392761
C,8,23,124588574,2,hrmv2_act,0.436295784465013
C,8,23,124588574,0,mlp,0.5580492389148113
C,8,23,124588574,1,mlp,0.547366524278035
C,8,23,124588574,2,mlp,0.5551632250494832
C,8,23,124588574,0,onlstm_trace,0.5155673189382054
C,8,23,124588574,1,onlstm_trace,0.48485242120476496
C,8,23,124588574,2,onlstm_trace,0.44754675560869167
C,8,23,124588574,0,unet_film,0.4352723558082348
C,8,23,124588574,1,unet_film,0.30133135480011386
C,8,23,124588574,2,unet_film,0.4751130849423009
C,8,23,124588574,0,hrmv2_act_k1,0.4366555672700042
C,8,23,124588574,1,hrmv2_act_k1,0.465126971611047
C,8,23,124588574,2,hrmv2_act_k1,0.44160834375852387
C,8,23,124588574,0,hrmv2_act_k2,0.45610503266730085
C,8,23,124588574,1,hrmv2_act_k2,0.43816075720178427
C,8,23,124588574,2,hrmv2_act_k2,0.43650780799651134
C,8,23,124588574,0,hrmv2_act_k4,0.45973606607757345
C,8,23,124588574,1,hrmv2_act_k4,0.44503169494935485
C,8,23,124588574,2,hrmv2_act_k4,0.4375187925925896
C,8,23,124588574,0,hrmv2_act_k8,0.4577248547610279
C,8,23,124588574,1,hrmv2_act_k8,0.4440024729392761
C,8,23,124588574,2,hrmv2_act_k8,0.436295784465013
C,8,24,124596493,0,gnn,0.4284298961939312
C,8,24,124596493,1,gnn,0.42405490927630257
C,8,24,124596493,2,gnn,0.43640334540035014
C,8,24,124596493,0,hrm_trace,1.7420923386497982
C,8,24,124596493,1,hrm_trace,1.7420923386497982
C,8,24,124596493,2,hrm_trace,1.7420923386497982
C,8,24,124596493,0,hrmv2_act,0.6029935371680003
C,8,24,124596493,1,hrmv2_act,0.6263487157954603
C,8,24,124596493,2,hrmv2_act,0.6030763479059911
C,8,24,124596493,0,mlp,0.5411320848738296
C,8,24,124596493,1,mlp,0.5716494579459633
C,8,24,124596493,2,mlp,0.6162573161333921
C,8,24,124596493,0,onlstm_trace,0.6064326129631392
C,8,24,124596493,1,onlstm_trace,0.6317061319140691
C,8,24,124596493,2,onlstm_trace,0.6762106575672477
C,8,24,124596493,0,unet_film,0.5355028570911023
C,8,24,124596493,1,unet_film,0.4455201015751552
C,8,24,124596493,2,unet_film,0.5264235999100522
C,8,24,124596493,0,hrmv2_act_k1,0.6072599913731123
C,8,24,124596493,1,hrmv2_act_k1,0.6095496746631378
C,8,24,124596493,2,hrmv2_act_k1,0.5924858057702469
C,8,24,124596493,0,hrmv2_act_k2,0.5998503415876137
C,8,24,124596493,1,hrmv2_act_k2,0.6233609896766387
C,8,24,124596493,2,hrmv2_act_k2,0.6026270879881829
C,8,24,124596493,0,hrmv2_act_k4,0.6032777404498293
C,8,24,124596493,1,hrmv2_act_k4,0.6268204430227031
C,8,24,124596493,2,hrmv2_act_k4,0.6017816059232455
C,8,24,124596493,0,hrmv2_act_k8,0.6029935371680003
C,8,24,124596493,1,hrmv2_act_k8,0.6263487157954603
C,8,24,124596493,2,hrmv2_act_k8,0.6030763479059911
