provider,mode,w,budget,found,expansions,closed,cost,optimal,suboptimality,nonfinite,suite,world_index
euclid,astar,,140,False,140,140,nan,3.5251675488364445,nan,0,C_hard_spiral,0
euclid,focal,1.0,140,False,140,140,nan,3.5251675488364445,nan,0,C_hard_spiral,0
euclid,focal,1.1,140,True,124,124,3.676378341668069,3.5251675488364445,1.0428946399672647,0,C_hard_spiral,0
euclid,astar,,152,True,151,151,3.525167548836445,3.5251675488364445,1.0000000000000002,0,C_hard_spiral,0
euclid,focal,1.0,152,True,151,151,3.525167548836445,3.5251675488364445,1.0000000000000002,0,C_hard_spiral,0
euclid,focal,1.1,152,True,124,124,3.676378341668069,3.5251675488364445,1.0428946399672647,0,C_hard_spiral,0
oracle,astar,,140,True,36,36,3.525167548836445,3.5251675488364445,1.0000000000000002,0,C_hard_spiral,0
oracle,focal,1.0,140,False,140,140,nan,3.5251675488364445,nan,0,C_hard_spiral,0
oracle,focal,1.1,140,False,140,140,nan,3.5251675488364445,nan,0,C_hard_spiral,0
oracle,astar,,152,True,36,36,3.525167548836445,3.5251675488364445,1.0000000000000002,0,C_hard_spiral,0
oracle,focal,1.0,152,True,151,151,3.525167548836445,3.5251675488364445,1.0000000000000002,0,C_hard_spiral,0
oracle,focal,1.1,152,True,144,144,3.5524271475239333,3.5251675488364445,1.007732851931105,0,C_hard_spiral,0
scalar_hrm,astar,,140,True,129,129,3.591142217210728,3.5251675488364445,1.0187153284093007,0,C_hard_spiral,0
scalar_hrm,focal,1.0,140,False,140,140,nan,3.5251675488364445,nan,0,C_hard_spiral,0
scalar_hrm,focal,1.1,140,True,127,127,3.74397590532945,3.5251675488364445,1.0620703423203892,0,C_hard_spiral,0
scalar_hrm,astar,,152,True,129,129,3.591142217210728,3.5251675488364445,1.0187153284093007,0,C_hard_spiral,0
scalar_hrm,focal,1.0,152,True,151,151,3.525167548836445,3.5251675488364445,1.0000000000000002,0,C_hard_spiral,0
scalar_hrm,focal,1.1,152,True,127,127,3.74397590532945,3.5251675488364445,1.0620703423203892,0,C_hard_spiral,0
scalar_onlstm,astar,,140,True,138,138,3.6615843602990763,3.5251675488364445,1.0386979652946309,0,C_hard_spiral,0
scalar_onlstm,focal,1.0,140,False,140,140,nan,3.5251675488364445,nan,0,C_hard_spiral,0
scalar_onlstm,focal,1.1,140,False,140,140,nan,3.5251675488364445,nan,0,C_hard_spiral,0
scalar_onlstm,astar,,152,True,138,138,3.6615843602990763,3.5251675488364445,1.0386979652946309,0,C_hard_spiral,0
scalar_onlstm,focal,1.0,152,True,151,151,3.525167548836445,3.5251675488364445,1.0000000000000002,0,C_hard_spiral,0
scalar_onlstm,focal,1.1,152,True,145,145,3.634193253737586,3.5251675488364445,1.0309278079384134,0,C_hard_spiral,0
field_unet,astar,,140,True,134,134,3.5717681113383835,3.5251675488364445,1.0132193893925185,0,C_hard_spiral,0
field_unet,focal,1.0,140,False,140,140,nan,3.5251675488364445,nan,0,C_hard_spiral,0
field_unet,focal,1.1,140,False,140,140,nan,3.5251675488364445,nan,0,C_hard_spiral,0
field_unet,astar,,152,True,134,134,3.5717681113383835,3.5251675488364445,1.0132193893925185,0,C_hard_spiral,0
field_unet,focal,1.0,152,True,151,151,3.525167548836445,3.5251675488364445,1.0000000000000002,0,C_hard_spiral,0
field_unet,focal,1.1,152,True,141,141,3.609888210043209,3.5251675488364445,1.0240330877988277,0,C_hard_spiral,0
field_onlstm,astar,,140,True,133,133,3.718193868107366,3.5251675488364445,1.0547566368397536,0,C_hard_spiral,0
field_onlstm,focal,1.0,140,False,140,140,nan,3.5251675488364445,nan,0,C_hard_spiral,0
field_onlstm,focal,1.1,140,False,140,140,nan,3.5251675488364445,nan,0,C_hard_spiral,0
field_onlstm,astar,,152,True,133,133,3.718193868107366,3.5251675488364445,1.0547566368397536,0,C_hard_spiral,0
field_onlstm,focal,1.0,152,True,151,151,3.525167548836445,3.5251675488364445,1.0000000000000002,0,C_hard_spiral,0
field_onlstm,focal,1.1,152,True,144,144,3.684061736784807,3.5251675488364445,1.0450742229261725,0,C_hard_spiral,0
field_hrm,astar,,140,True,125,125,3.6555687168173367,3.5251675488364445,1.036991480879805,0,C_hard_spiral,0
field_hrm,focal,1.0,140,False,140,140,nan,3.5251675488364445,nan,0,C_hard_spiral,0
field_hrm,focal,1.1,140,False,140,140,nan,3.5251675488364445,nan,0,C_hard_spiral,0
field_hrm,astar,,152,True,125,125,3.6555687168173367,3.5251675488364445,1.036991480879805,0,C_hard_spiral,0
field_hrm,focal,1.0,152,True,151,151,3.525167548836445,3.5251675488364445,1.0000000000000002,0,C_hard_spiral,0
field_hrm,focal,1.1,152,True,145,145,3.6436566339814025,3.5251675488364445,1.0336123272166362,0,C_hard_spiral,0
euclid,astar,,140,False,140,140,nan,3.6332055171452415,nan,0,C_hard_spiral,1
euclid,focal,1.0,140,False,140,140,nan,3.6332055171452415,nan,0,C_hard_spiral,1
euclid,focal,1.1,140,False,140,140,nan,3.6332055171452415,nan,0,C_hard_spiral,1
euclid,astar,,152,True,146,146,3.633205517145241,3.6332055171452415,0.9999999999999999,0,C_hard_spiral,1
euclid,focal,1.0,152,True,146,146,3.633205517145241,3.6332055171452415,0.9999999999999999,0,C_hard_spiral,1
euclid,focal,1.1,152,True,145,145,3.651273568172323,3.6332055171452415,1.00497303302602,0,C_hard_spiral,1
oracle,astar,,140,True,37,37,3.633205517145241,3.6332055171452415,0.9999999999999999,0,C_hard_spiral,1
oracle,focal,1.0,140,False,140,140,nan,3.6332055171452415,nan,0,C_hard_spiral,1
oracle,focal,1.1,140,False,140,140,nan,3.6332055171452415,nan,0,C_hard_spiral,1
oracle,astar,,152,True,37,37,3.633205517145241,3.6332055171452415,0.9999999999999999,0,C_hard_spiral,1
oracle,focal,1.0,152,True,146,146,3.633205517145241,3.6332055171452415,0.9999999999999999,0,C_hard_spiral,1
oracle,focal,1.1,152,True,145,145,3.6526002121550105,3.6332055171452415,1.0053381772427255,0,C_hard_spiral,1
scalar_hrm,astar,,140,True,133,133,3.6928385378366144,3.6332055171452415,1.0164133353893585,0,C_hard_spiral,1
scalar_hrm,focal,1.0,140,False,140,140,nan,3.6332055171452415,nan,0,C_hard_spiral,1
scalar_hrm,focal,1.1,140,False,140,140,nan,3.6332055171452415,nan,0,C_hard_spiral,1
scalar_hrm,astar,,152,True,133,133,3.6928385378366144,3.6332055171452415,1.0164133353893585,0,C_hard_spiral,1
scalar_hrm,focal,1.0,152,True,146,146,3.633205517145241,3.6332055171452415,0.9999999999999999,0,C_hard_spiral,1
scalar_hrm,focal,1.1,152,True,144,144,3.7104002193755763,3.6332055171452415,1.0212469957633967,0,C_hard_spiral,1
scalar_onlstm,astar,,140,True,123,123,3.7683084086154066,3.6332055171452415,1.0371855901992357,0,C_hard_spiral,1
scalar_onlstm,focal,1.0,140,False,140,140,nan,3.6332055171452415,nan,0,C_hard_spiral,1
scalar_onlstm,focal,1.1,140,False,140,140,nan,3.6332055171452415,nan,0,C_hard_spiral,1
scalar_onlstm,astar,,152,True,123,123,3.7683084086154066,3.6332055171452415,1.0371855901992357,0,C_hard_spiral,1
scalar_onlstm,focal,1.0,152,True,146,146,3.633205517145241,3.6332055171452415,0.9999999999999999,0,C_hard_spiral,1
scalar_onlstm,focal,1.1,152,True,145,145,3.720571680871383,3.6332055171452415,1.024046579064646,0,C_hard_spiral,1
field_unet,astar,,140,False,140,140,nan,3.6332055171452415,nan,0,C_hard_spiral,1
field_unet,focal,1.0,140,False,140,140,nan,3.6332055171452415,nan,0,C_hard_spiral,1
field_unet,focal,1.1,140,False,140,140,nan,3.6332055171452415,nan,0,C_hard_spiral,1
field_unet,astar,,152,True,149,149,3.66089098138156,3.6332055171452415,1.0076201206085562,0,C_hard_spiral,1
field_unet,focal,1.0,152,True,146,146,3.633205517145241,3.6332055171452415,0.9999999999999999,0,C_hard_spiral,1
field_unet,focal,1.1,152,True,145,145,3.706038427932616,3.6332055171452415,1.0200464604723496,0,C_hard_spiral,1
field_onlstm,astar,,140,False,140,140,nan,3.6332055171452415,nan,0,C_hard_spiral,1
field_onlstm,focal,1.0,140,False,140,140,nan,3.6332055171452415,nan,0,C_hard_spiral,1
field_onlstm,focal,1.1,140,False,140,140,nan,3.6332055171452415,nan,0,C_hard_spiral,1
field_onlstm,astar,,152,True,142,142,3.7394497665136504,3.6332055171452415,1.029242565240815,0,C_hard_spiral,1
field_onlstm,focal,1.0,152,True,146,146,3.633205517145241,3.6332055171452415,0.9999999999999999,0,C_hard_spiral,1
field_onlstm,focal,1.1,152,True,144,144,3.859946337432393,3.6332055171452415,1.062407925788165,0,C_hard_spiral,1
field_hrm,astar,,140,True,133,133,3.6582460520614486,3.6332055171452415,1.0068921328006466,0,C_hard_spiral,1
field_hrm,focal,1.0,140,False,140,140,nan,3.6332055171452415,nan,0,C_hard_spiral,1
field_hrm,focal,1.1,140,False,140,140,nan,3.6332055171452415,nan,0,C_hard_spiral,1
field_hrm,astar,,152,True,133,133,3.6582460520614486,3.6332055171452415,1.0068921328006466,0,C_hard_spiral,1
field_hrm,focal,1.0,152,True,146,146,3.633205517145241,3.6332055171452415,0.9999999999999999,0,C_hard_spiral,1
field_hrm,focal,1.1,152,True,145,145,3.6728179875689184,3.6332055171452415,1.010902898346032,0,C_hard_spiral,1
euclid,astar,,140,False,140,140,nan,3.739068502986363,nan,0,C_hard_spiral,2
euclid,focal,1.0,140,False,140,140,nan,3.739068502986363,nan,0,C_hard_spiral,2
euclid,focal,1.1,140,False,140,140,nan,3.739068502986363,nan,0,C_hard_spiral,2
euclid,astar,,152,True,147,147,3.739068502986363,3.739068502986363,1.0,0,C_hard_spiral,2
euclid,focal,1.0,152,True,147,147,3.739068502986363,3.739068502986363,1.0,0,C_hard_spiral,2
euclid,focal,1.1,152,True,147,147,3.7716785827887693,3.739068502986363,1.008721444866913,0,C_hard_spiral,2
oracle,astar,,140,True,39,39,3.739068502986363,3.739068502986363,1.0,0,C_hard_spiral,2
oracle,focal,1.0,140,False,140,140,nan,3.739068502986363,nan,0,C_hard_spiral,2
oracle,focal,1.1,140,False,140,140,nan,3.739068502986363,nan,0,C_hard_spiral,2
oracle,astar,,152,True,39,39,3.739068502986363,3.739068502986363,1.0,0,C_hard_spiral,2
oracle,focal,1.0,152,True,147,147,3.739068502986363,3.739068502986363,1.0,0,C_hard_spiral,2
oracle,focal,1.1,152,True,147,147,3.7707230405552785,3.739068502986363,1.008465888641418,0,C_hard_spiral,2
scalar_hrm,astar,,140,False,140,140,nan,3.739068502986363,nan,0,C_hard_spiral,2
scalar_hrm,focal,1.0,140,False,140,140,nan,3.739068502986363,nan,0,C_hard_spiral,2
scalar_hrm,focal,1.1,140,False,140,140,nan,3.739068502986363,nan,0,C_hard_spiral,2
scalar_hrm,astar,,152,True,148,148,3.893304288209219,3.739068502986363,1.0412497885769327,0,C_hard_spiral,2
scalar_hrm,focal,1.0,152,True,147,147,3.739068502986363,3.739068502986363,1.0,0,C_hard_spiral,2
scalar_hrm,focal,1.1,152,True,147,147,3.839875838683339,3.739068502986363,1.0269605479590604,0,C_hard_spiral,2
scalar_onlstm,astar,,140,False,140,140,nan,3.739068502986363,nan,0,C_hard_spiral,2
scalar_onlstm,focal,1.0,140,False,140,140,nan,3.739068502986363,nan,0,C_hard_spiral,2
scalar_onlstm,focal,1.1,140,False,140,140,nan,3.739068502986363,nan,0,C_hard_spiral,2
scalar_onlstm,astar,,152,True,147,147,3.878336787728701,3.739068502986363,1.037246786099561,0,C_hard_spiral,2
scalar_onlstm,focal,1.0,152,True,147,147,3.739068502986363,3.739068502986363,1.0,0,C_hard_spiral,2
scalar_onlstm,focal,1.1,152,True,147,147,3.7818805450223936,3.739068502986363,1.0114499218192545,0,C_hard_spiral,2
field_unet,astar,,140,False,140,140,nan,3.739068502986363,nan,0,C_hard_spiral,2
field_unet,focal,1.0,140,False,140,140,nan,3.739068502986363,nan,0,C_hard_spiral,2
field_unet,focal,1.1,140,False,140,140,nan,3.739068502986363,nan,0,C_hard_spiral,2
field_unet,astar,,152,True,148,148,3.745187809114145,3.739068502986363,1.0016365857225924,0,C_hard_spiral,2
field_unet,focal,1.0,152,True,147,147,3.739068502986363,3.739068502986363,1.0,0,C_hard_spiral,2
field_unet,focal,1.1,152,True,147,147,3.806452308109654,3.739068502986363,1.0180215487010928,0,C_hard_spiral,2
field_onlstm,astar,,140,False,140,140,nan,3.739068502986363,nan,0,C_hard_spiral,2
field_onlstm,focal,1.0,140,False,140,140,nan,3.739068502986363,nan,0,C_hard_spiral,2
field_onlstm,focal,1.1,140,False,140,140,nan,3.739068502986363,nan,0,C_hard_spiral,2
field_onlstm,astar,,152,True,147,147,3.781647219599232,3.739068502986363,1.011387519800416,0,C_hard_spiral,2
field_onlstm,focal,1.0,152,True,147,147,3.739068502986363,3.739068502986363,1.0,0,C_hard_spiral,2
field_onlstm,focal,1.1,152,True,147,147,3.7444411368800092,3.739068502986363,1.001436891003563,0,C_hard_spiral,2
field_hrm,astar,,140,True,133,133,3.797432103495918,3.739068502986363,1.0156091284401292,0,C_hard_spiral,2
field_hrm,focal,1.0,140,False,140,140,nan,3.739068502986363,nan,0,C_hard_spiral,2
field_hrm,focal,1.1,140,False,140,140,nan,3.739068502986363,nan,0,C_hard_spiral,2
field_hrm,astar,,152,True,133,133,3.797432103495918,3.739068502986363,1.0156091284401292,0,C_hard_spiral,2
field_hrm,focal,1.0,152,True,147,147,3.739068502986363,3.739068502986363,1.0,0,C_hard_spiral,2
field_hrm,focal,1.1,152,True,147,147,3.780512041711797,3.739068502986363,1.0110839206856823,0,C_hard_spiral,2
euclid,astar,,140,True,126,126,3.362338400094332,3.362338400094332,1.0,0,C_hard_spiral,3
euclid,focal,1.0,140,True,126,126,3.362338400094332,3.362338400094332,1.0,0,C_hard_spiral,3
euclid,focal,1.1,140,True,115,115,3.404129093760887,3.362338400094332,1.0124290564166243,0,C_hard_spiral,3
euclid,astar,,152,True,126,126,3.362338400094332,3.362338400094332,1.0,0,C_hard_spiral,3
euclid,focal,1.0,152,True,126,126,3.362338400094332,3.362338400094332,1.0,0,C_hard_spiral,3
euclid,focal,1.1,152,True,115,115,3.404129093760887,3.362338400094332,1.0124290564166243,0,C_hard_spiral,3
oracle,astar,,140,True,36,36,3.362338400094332,3.362338400094332,1.0,0,C_hard_spiral,3
oracle,focal,1.0,140,True,126,126,3.362338400094332,3.362338400094332,1.0,0,C_hard_spiral,3
oracle,focal,1.1,140,True,115,115,3.4018022034848525,3.362338400094332,1.011737011179307,0,C_hard_spiral,3
oracle,astar,,152,True,36,36,3.362338400094332,3.362338400094332,1.0,0,C_hard_spiral,3
oracle,focal,1.0,152,True,126,126,3.362338400094332,3.362338400094332,1.0,0,C_hard_spiral,3
oracle,focal,1.1,152,True,115,115,3.4018022034848525,3.362338400094332,1.011737011179307,0,C_hard_spiral,3
scalar_hrm,astar,,140,True,123,123,3.522111592789432,3.362338400094332,1.0475184748479265,0,C_hard_spiral,3
scalar_hrm,focal,1.0,140,True,126,126,3.362338400094332,3.362338400094332,1.0,0,C_hard_spiral,3
scalar_hrm,focal,1.1,140,True,122,122,3.415089058711475,3.362338400094332,1.015688682202738,0,C_hard_spiral,3
scalar_hrm,astar,,152,True,123,123,3.522111592789432,3.362338400094332,1.0475184748479265,0,C_hard_spiral,3
scalar_hrm,focal,1.0,152,True,126,126,3.362338400094332,3.362338400094332,1.0,0,C_hard_spiral,3
scalar_hrm,focal,1.1,152,True,122,122,3.415089058711475,3.362338400094332,1.015688682202738,0,C_hard_spiral,3
scalar_onlstm,astar,,140,True,121,121,3.5412773735082643,3.362338400094332,1.0532186092300857,0,C_hard_spiral,3
scalar_onlstm,focal,1.0,140,True,126,126,3.362338400094332,3.362338400094332,1.0,0,C_hard_spiral,3
scalar_onlstm,focal,1.1,140,True,122,122,3.5356894294844814,3.362338400094332,1.0515566872701707,0,C_hard_spiral,3
scalar_onlstm,astar,,152,True,121,121,3.5412773735082643,3.362338400094332,1.0532186092300857,0,C_hard_spiral,3
scalar_onlstm,focal,1.0,152,True,126,126,3.362338400094332,3.362338400094332,1.0,0,C_hard_spiral,3
scalar_onlstm,focal,1.1,152,True,122,122,3.5356894294844814,3.362338400094332,1.0515566872701707,0,C_hard_spiral,3
field_unet,astar,,140,True,120,120,3.4447246457556413,3.362338400094332,1.0245026632830883,0,C_hard_spiral,3
field_unet,focal,1.0,140,True,126,126,3.362338400094332,3.362338400094332,1.0,0,C_hard_spiral,3
field_unet,focal,1.1,140,True,121,121,3.545340682639801,3.362338400094332,1.054427086381411,0,C_hard_spiral,3
field_unet,astar,,152,True,120,120,3.4447246457556413,3.362338400094332,1.0245026632830883,0,C_hard_spiral,3
field_unet,focal,1.0,152,True,126,126,3.362338400094332,3.362338400094332,1.0,0,C_hard_spiral,3
field_unet,focal,1.1,152,True,121,121,3.545340682639801,3.362338400094332,1.054427086381411,0,C_hard_spiral,3
field_onlstm,astar,,140,True,121,121,3.4088661940436196,3.362338400094332,1.0138379271842424,0,C_hard_spiral,3
field_onlstm,focal,1.0,140,True,126,126,3.362338400094332,3.362338400094332,1.0,0,C_hard_spiral,3
field_onlstm,focal,1.1,140,True,125,125,3.537665095002544,3.362338400094332,1.0521442740276508,0,C_hard_spiral,3
field_onlstm,astar,,152,True,121,121,3.4088661940436196,3.362338400094332,1.0138379271842424,0,C_hard_spiral,3
field_onlstm,focal,1.0,152,True,126,126,3.362338400094332,3.362338400094332,1.0,0,C_hard_spiral,3
field_onlstm,focal,1.1,152,True,125,125,3.537665095002544,3.362338400094332,1.0521442740276508,0,C_hard_spiral,3
field_hrm,astar,,140,True,113,113,3.4300647898616337,3.362338400094332,1.0201426452987008,0,C_hard_spiral,3
field_hrm,focal,1.0,140,True,126,126,3.362338400094332,3.362338400094332,1.0,0,C_hard_spiral,3
field_hrm,focal,1.1,140,True,121,121,3.446817169933884,3.362338400094332,1.0251250052157694,0,C_hard_spiral,3
field_hrm,astar,,152,True,113,113,3.4300647898616337,3.362338400094332,1.0201426452987008,0,C_hard_spiral,3
field_hrm,focal,1.0,152,True,126,126,3.362338400094332,3.362338400094332,1.0,0,C_hard_spiral,3
field_hrm,focal,1.1,152,True,121,121,3.446817169933884,3.362338400094332,1.0251250052157694,0,C_hard_spiral,3
euclid,astar,,140,False,140,140,nan,3.2546994163415297,nan,0,C_hard_spiral,4
euclid,focal,1.0,140,False,140,140,nan,3.2546994163415297,nan,0,C_hard_spiral,4
euclid,focal,1.1,140,False,140,140,nan,3.2546994163415297,nan,0,C_hard_spiral,4
euclid,astar,,152,True,152,152,3.25469941634153,3.2546994163415297,1.0000000000000002,0,C_hard_spiral,4
euclid,focal,1.0,152,True,152,152,3.25469941634153,3.2546994163415297,1.0000000000000002,0,C_hard_spiral,4
euclid,focal,1.1,152,True,151,151,3.3089069567016827,3.2546994163415297,1.0166551602547327,0,C_hard_spiral,4
oracle,astar,,140,True,34,34,3.25469941634153,3.2546994163415297,1.0000000000000002,0,C_hard_spiral,4
oracle,focal,1.0,140,False,140,140,nan,3.2546994163415297,nan,0,C_hard_spiral,4
oracle,focal,1.1,140,False,140,140,nan,3.2546994163415297,nan,0,C_hard_spiral,4
oracle,astar,,152,True,34,34,3.25469941634153,3.2546994163415297,1.0000000000000002,0,C_hard_spiral,4
oracle,focal,1.0,152,True,152,152,3.25469941634153,3.2546994163415297,1.0000000000000002,0,C_hard_spiral,4
oracle,focal,1.1,152,True,152,152,3.3326943309144865,3.2546994163415297,1.0239637842380627,0,C_hard_spiral,4
scalar_hrm,astar,,140,True,137,137,3.6544118769697773,3.2546994163415297,1.1228108680701296,0,C_hard_spiral,4
scalar_hrm,focal,1.0,140,False,140,140,nan,3.2546994163415297,nan,0,C_hard_spiral,4
scalar_hrm,focal,1.1,140,False,140,140,nan,3.2546994163415297,nan,0,C_hard_spiral,4
scalar_hrm,astar,,152,True,137,137,3.6544118769697773,3.2546994163415297,1.1228108680701296,0,C_hard_spiral,4
scalar_hrm,focal,1.0,152,True,152,152,3.25469941634153,3.2546994163415297,1.0000000000000002,0,C_hard_spiral,4
scalar_hrm,focal,1.1,152,True,152,152,3.323284082591357,3.2546994163415297,1.0210725039324584,0,C_hard_spiral,4
scalar_onlstm,astar,,140,False,140,140,nan,3.2546994163415297,nan,0,C_hard_spiral,4
scalar_onlstm,focal,1.0,140,False,140,140,nan,3.2546994163415297,nan,0,C_hard_spiral,4
scalar_onlstm,focal,1.1,140,False,140,140,nan,3.2546994163415297,nan,0,C_hard_spiral,4
scalar_onlstm,astar,,152,True,144,144,3.702242186786221,3.2546994163415297,1.1375066367719313,0,C_hard_spiral,4
scalar_onlstm,focal,1.0,152,True,152,152,3.25469941634153,3.2546994163415297,1.0000000000000002,0,C_hard_spiral,4
scalar_onlstm,focal,1.1,152,True,149,149,3.5118705449008005,3.2546994163415297,1.0790153238938256,0,C_hard_spiral,4
field_unet,astar,,140,False,140,140,nan,3.2546994163415297,nan,0,C_hard_spiral,4
field_unet,focal,1.0,140,False,140,140,nan,3.2546994163415297,nan,0,C_hard_spiral,4
field_unet,focal,1.1,140,False,140,140,nan,3.2546994163415297,nan,0,C_hard_spiral,4
field_unet,astar,,152,True,147,147,3.3126321580783693,3.2546994163415297,1.0177997210574854,0,C_hard_spiral,4
field_unet,focal,1.0,152,True,152,152,3.25469941634153,3.2546994163415297,1.0000000000000002,0,C_hard_spiral,4
field_unet,focal,1.1,152,True,152,152,3.444007935394598,3.2546994163415297,1.0581646704769627,0,C_hard_spiral,4
field_onlstm,astar,,140,False,140,140,nan,3.2546994163415297,nan,0,C_hard_spiral,4
field_onlstm,focal,1.0,140,False,140,140,nan,3.2546994163415297,nan,0,C_hard_spiral,4
field_onlstm,focal,1.1,140,False,140,140,nan,3.2546994163415297,nan,0,C_hard_spiral,4
field_onlstm,astar,,152,True,141,141,3.6167884742443244,3.2546994163415297,1.1112511515148775,0,C_hard_spiral,4
field_onlstm,focal,1.0,152,True,152,152,3.25469941634153,3.2546994163415297,1.0000000000000002,0,C_hard_spiral,4
field_onlstm,focal,1.1,152,True,151,151,3.4176204748140084,3.2546994163415297,1.0500571750664494,0,C_hard_spiral,4
field_hrm,astar,,140,True,109,109,3.4004378358128355,3.2546994163415297,1.0447778429982097,0,C_hard_spiral,4
field_hrm,focal,1.0,140,False,140,140,nan,3.2546994163415297,nan,0,C_hard_spiral,4
field_hrm,focal,1.1,140,False,140,140,nan,3.2546994163415297,nan,0,C_hard_spiral,4
field_hrm,astar,,152,True,109,109,3.4004378358128355,3.2546994163415297,1.0447778429982097,0,C_hard_spiral,4
field_hrm,focal,1.0,152,True,152,152,3.25469941634153,3.2546994163415297,1.0000000000000002,0,C_hard_spiral,4
field_hrm,focal,1.1,152,True,152,152,3.387149497675666,3.2546994163415297,1.0406950272179105,0,C_hard_spiral,4
euclid,astar,,140,False,140,140,nan,3.761623868955385,nan,0,C_hard_spiral,5
euclid,focal,1.0,140,False,140,140,nan,3.761623868955385,nan,0,C_hard_spiral,5
euclid,focal,1.1,140,False,140,140,nan,3.761623868955385,nan,0,C_hard_spiral,5
euclid,astar,,152,False,152,152,nan,3.761623868955385,nan,0,C_hard_spiral,5
euclid,focal,1.0,152,False,152,152,nan,3.761623868955385,nan,0,C_hard_spiral,5
euclid,focal,1.1,152,False,152,152,nan,3.761623868955385,nan,0,C_hard_spiral,5
oracle,astar,,140,True,40,40,3.7616238689553856,3.761623868955385,1.0000000000000002,0,C_hard_spiral,5
oracle,focal,1.0,140,False,140,140,nan,3.761623868955385,nan,0,C_hard_spiral,5
oracle,focal,1.1,140,False,140,140,nan,3.761623868955385,nan,0,C_hard_spiral,5
oracle,astar,,152,True,40,40,3.7616238689553856,3.761623868955385,1.0000000000000002,0,C_hard_spiral,5
oracle,focal,1.0,152,False,152,152,nan,3.761623868955385,nan,0,C_hard_spiral,5
oracle,focal,1.1,152,False,152,152,nan,3.761623868955385,nan,0,C_hard_spiral,5
scalar_hrm,astar,,140,True,117,117,3.9346186634511207,3.761623868955385,1.045989391954751,0,C_hard_spiral,5
scalar_hrm,focal,1.0,140,False,140,140,nan,3.761623868955385,nan,0,C_hard_spiral,5
scalar_hrm,focal,1.1,140,False,140,140,nan,3.761623868955385,nan,0,C_hard_spiral,5
scalar_hrm,astar,,152,True,117,117,3.9346186634511207,3.761623868955385,1.045989391954751,0,C_hard_spiral,5
scalar_hrm,focal,1.0,152,False,152,152,nan,3.761623868955385,nan,0,C_hard_spiral,5
scalar_hrm,focal,1.1,152,False,152,152,nan,3.761623868955385,nan,0,C_hard_spiral,5
scalar_onlstm,astar,,140,True,105,105,3.877127153058392,3.761623868955385,1.030705697360189,0,C_hard_spiral,5
scalar_onlstm,focal,1.0,140,False,140,140,nan,3.761623868955385,nan,0,C_hard_spiral,5
scalar_onlstm,focal,1.1,140,False,140,140,nan,3.761623868955385,nan,0,C_hard_spiral,5
scalar_onlstm,astar,,152,True,105,105,3.877127153058392,3.761623868955385,1.030705697360189,0,C_hard_spiral,5
scalar_onlstm,focal,1.0,152,False,152,152,nan,3.761623868955385,nan,0,C_hard_spiral,5
scalar_onlstm,focal,1.1,152,True,152,152,3.839055377809552,3.761623868955385,1.0205845963210751,0,C_hard_spiral,5
field_unet,astar,,140,False,140,140,nan,3.761623868955385,nan,0,C_hard_spiral,5
field_unet,focal,1.0,140,False,140,140,nan,3.761623868955385,nan,0,C_hard_spiral,5
field_unet,focal,1.1,140,False,140,140,nan,3.761623868955385,nan,0,C_hard_spiral,5
field_unet,astar,,152,True,146,146,3.8501609494113644,3.761623868955385,1.0235369307353333,0,C_hard_spiral,5
field_unet,focal,1.0,152,False,152,152,nan,3.761623868955385,nan,0,C_hard_spiral,5
field_unet,focal,1.1,152,False,152,152,nan,3.761623868955385,nan,0,C_hard_spiral,5
field_onlstm,astar,,140,False,140,140,nan,3.761623868955385,nan,0,C_hard_spiral,5
field_onlstm,focal,1.0,140,False,140,140,nan,3.761623868955385,nan,0,C_hard_spiral,5
field_onlstm,focal,1.1,140,False,140,140,nan,3.761623868955385,nan,0,C_hard_spiral,5
field_onlstm,astar,,152,False,152,152,nan,3.761623868955385,nan,0,C_hard_spiral,5
field_onlstm,focal,1.0,152,False,152,152,nan,3.761623868955385,nan,0,C_hard_spiral,5
field_onlstm,focal,1.1,152,False,152,152,nan,3.761623868955385,nan,0,C_hard_spiral,5
field_hrm,astar,,140,False,140,140,nan,3.761623868955385,nan,0,C_hard_spiral,5
field_hrm,focal,1.0,140,False,140,140,nan,3.761623868955385,nan,0,C_hard_spiral,5
field_hrm,focal,1.1,140,False,140,140,nan,3.761623868955385,nan,0,C_hard_spiral,5
field_hrm,astar,,152,True,144,144,3.8977758896887065,3.761623868955385,1.0361950119088146,0,C_hard_spiral,5
field_hrm,focal,1.0,152,False,152,152,nan,3.761623868955385,nan,0,C_hard_spiral,5
field_hrm,focal,1.1,152,False,152,152,nan,3.761623868955385,nan,0,C_hard_spiral,5
euclid,astar,,140,False,140,140,nan,3.391097183589244,nan,0,C_hard_spiral,6
euclid,focal,1.0,140,False,140,140,nan,3.391097183589244,nan,0,C_hard_spiral,6
euclid,focal,1.1,140,False,140,140,nan,3.391097183589244,nan,0,C_hard_spiral,6
euclid,astar,,152,True,150,150,3.3910971835892436,3.391097183589244,0.9999999999999999,0,C_hard_spiral,6
euclid,focal,1.0,152,True,150,150,3.3910971835892436,3.391097183589244,0.9999999999999999,0,C_hard_spiral,6
euclid,focal,1.1,152,True,147,147,3.4254577132184796,3.391097183589244,1.0101325700117114,0,C_hard_spiral,6
oracle,astar,,140,True,36,36,3.3910971835892436,3.391097183589244,0.9999999999999999,0,C_hard_spiral,6
oracle,focal,1.0,140,False,140,140,nan,3.391097183589244,nan,0,C_hard_spiral,6
oracle,focal,1.1,140,False,140,140,nan,3.391097183589244,nan,0,C_hard_spiral,6
oracle,astar,,152,True,36,36,3.3910971835892436,3.391097183589244,0.9999999999999999,0,C_hard_spiral,6
oracle,focal,1.0,152,True,150,150,3.3910971835892436,3.391097183589244,0.9999999999999999,0,C_hard_spiral,6
oracle,focal,1.1,152,True,148,148,3.482009627872671,3.391097183589244,1.0268091533098447,0,C_hard_spiral,6
scalar_hrm,astar,,140,False,140,140,nan,3.391097183589244,nan,0,C_hard_spiral,6
scalar_hrm,focal,1.0,140,False,140,140,nan,3.391097183589244,nan,0,C_hard_spiral,6
scalar_hrm,focal,1.1,140,False,140,140,nan,3.391097183589244,nan,0,C_hard_spiral,6
scalar_hrm,astar,,152,True,143,143,3.4599165389648325,3.391097183589244,1.0202941265466028,0,C_hard_spiral,6
scalar_hrm,focal,1.0,152,True,150,150,3.3910971835892436,3.391097183589244,0.9999999999999999,0,C_hard_spiral,6
scalar_hrm,focal,1.1,152,True,147,147,3.4433371404821385,3.391097183589244,1.0154050308984663,0,C_hard_spiral,6
scalar_onlstm,astar,,140,True,137,137,3.543438303744083,3.391097183589244,1.0449238437907569,0,C_hard_spiral,6
scalar_onlstm,focal,1.0,140,False,140,140,nan,3.391097183589244,nan,0,C_hard_spiral,6
scalar_onlstm,focal,1.1,140,False,140,140,nan,3.391097183589244,nan,0,C_hard_spiral,6
scalar_onlstm,astar,,152,True,137,137,3.543438303744083,3.391097183589244,1.0449238437907569,0,C_hard_spiral,6
scalar_onlstm,focal,1.0,152,True,150,150,3.3910971835892436,3.391097183589244,0.9999999999999999,0,C_hard_spiral,6
scalar_onlstm,focal,1.1,152,True,147,147,3.4865324129774726,3.391097183589244,1.028142876544522,0,C_hard_spiral,6
field_unet,astar,,140,False,140,140,nan,3.391097183589244,nan,0,C_hard_spiral,6
field_unet,focal,1.0,140,False,140,140,nan,3.391097183589244,nan,0,C_hard_spiral,6
field_unet,focal,1.1,140,False,140,140,nan,3.391097183589244,nan,0,C_hard_spiral,6
field_unet,astar,,152,True,147,147,3.405150059505078,3.391097183589244,1.004144049891534,0,C_hard_spiral,6
field_unet,focal,1.0,152,True,150,150,3.3910971835892436,3.391097183589244,0.9999999999999999,0,C_hard_spiral,6
field_unet,focal,1.1,152,True,148,148,3.5379539725222733,3.391097183589244,1.0433065704055084,0,C_hard_spiral,6
field_onlstm,astar,,140,False,140,140,nan,3.391097183589244,nan,0,C_hard_spiral,6
field_onlstm,focal,1.0,140,False,140,140,nan,3.391097183589244,nan,0,C_hard_spiral,6
field_onlstm,focal,1.1,140,False,140,140,nan,3.391097183589244,nan,0,C_hard_spiral,6
field_onlstm,astar,,152,True,146,146,3.4600455269242105,3.391097183589244,1.020332163781278,0,C_hard_spiral,6
field_onlstm,focal,1.0,152,True,150,150,3.3910971835892436,3.391097183589244,0.9999999999999999,0,C_hard_spiral,6
field_onlstm,focal,1.1,152,True,147,147,3.5356298536416237,3.391097183589244,1.0426212114332276,0,C_hard_spiral,6
field_hrm,astar,,140,True,129,129,3.4449001108796646,3.391097183589244,1.015865934940111,0,C_hard_spiral,6
field_hrm,focal,1.0,140,False,140,140,nan,3.391097183589244,nan,0,C_hard_spiral,6
field_hrm,focal,1.1,140,False,140,140,nan,3.391097183589244,nan,0,C_hard_spiral,6
field_hrm,astar,,152,True,129,129,3.4449001108796646,3.391097183589244,1.015865934940111,0,C_hard_spiral,6
field_hrm,focal,1.0,152,True,150,150,3.3910971835892436,3.391097183589244,0.9999999999999999,0,C_hard_spiral,6
field_hrm,focal,1.1,152,True,149,149,3.53381914438233,3.391097183589244,1.0420872517260105,0,C_hard_spiral,6
euclid,astar,,140,False,140,140,nan,3.7239475438532597,nan,0,C_hard_spiral,7
euclid,focal,1.0,140,False,140,140,nan,3.7239475438532597,nan,0,C_hard_spiral,7
euclid,focal,1.1,140,False,140,140,nan,3.7239475438532597,nan,0,C_hard_spiral,7
euclid,astar,,152,False,152,152,nan,3.7239475438532597,nan,0,C_hard_spiral,7
euclid,focal,1.0,152,False,152,152,nan,3.7239475438532597,nan,0,C_hard_spiral,7
euclid,focal,1.1,152,True,144,144,3.812525837199734,3.7239475438532597,1.023786128108244,0,C_hard_spiral,7
oracle,astar,,140,True,39,39,3.723947543853259,3.7239475438532597,0.9999999999999999,0,C_hard_spiral,7
oracle,focal,1.0,140,False,140,140,nan,3.7239475438532597,nan,0,C_hard_spiral,7
oracle,focal,1.1,140,False,140,140,nan,3.7239475438532597,nan,0,C_hard_spiral,7
oracle,astar,,152,True,39,39,3.723947543853259,3.7239475438532597,0.9999999999999999,0,C_hard_spiral,7
oracle,focal,1.0,152,False,152,152,nan,3.7239475438532597,nan,0,C_hard_spiral,7
oracle,focal,1.1,152,True,143,143,3.888261519404085,3.7239475438532597,1.044123600994875,0,C_hard_spiral,7
scalar_hrm,astar,,140,True,122,122,3.8531101317563907,3.7239475438532597,1.0346843199003506,0,C_hard_spiral,7
scalar_hrm,focal,1.0,140,False,140,140,nan,3.7239475438532597,nan,0,C_hard_spiral,7
scalar_hrm,focal,1.1,140,False,140,140,nan,3.7239475438532597,nan,0,C_hard_spiral,7
scalar_hrm,astar,,152,True,122,122,3.8531101317563907,3.7239475438532597,1.0346843199003506,0,C_hard_spiral,7
scalar_hrm,focal,1.0,152,False,152,152,nan,3.7239475438532597,nan,0,C_hard_spiral,7
scalar_hrm,focal,1.1,152,True,142,142,3.8472189500196152,3.7239475438532597,1.0331023476337167,0,C_hard_spiral,7
scalar_onlstm,astar,,140,True,103,103,3.816126249775505,3.7239475438532597,1.0247529549857368,0,C_hard_spiral,7
scalar_onlstm,focal,1.0,140,False,140,140,nan,3.7239475438532597,nan,0,C_hard_spiral,7
scalar_onlstm,focal,1.1,140,False,140,140,nan,3.7239475438532597,nan,0,C_hard_spiral,7
scalar_onlstm,astar,,152,True,103,103,3.816126249775505,3.7239475438532597,1.0247529549857368,0,C_hard_spiral,7
scalar_onlstm,focal,1.0,152,False,152,152,nan,3.7239475438532597,nan,0,C_hard_spiral,7
scalar_onlstm,focal,1.1,152,True,142,142,3.8354782306254007,3.7239475438532597,1.0299495858786285,0,C_hard_spiral,7
field_unet,astar,,140,False,140,140,nan,3.7239475438532597,nan,0,C_hard_spiral,7
field_unet,focal,1.0,140,False,140,140,nan,3.7239475438532597,nan,0,C_hard_spiral,7
field_unet,focal,1.1,140,False,140,140,nan,3.7239475438532597,nan,0,C_hard_spiral,7
field_unet,astar,,152,True,144,144,3.805591355190932,3.7239475438532597,1.0219239960757325,0,C_hard_spiral,7
field_unet,focal,1.0,152,False,152,152,nan,3.7239475438532597,nan,0,C_hard_spiral,7
field_unet,focal,1.1,152,True,146,146,3.8713100580336715,3.7239475438532597,1.0395715869907052,0,C_hard_spiral,7
field_onlstm,astar,,140,False,140,140,nan,3.7239475438532597,nan,0,C_hard_spiral,7
field_onlstm,focal,1.0,140,False,140,140,nan,3.7239475438532597,nan,0,C_hard_spiral,7
field_onlstm,focal,1.1,140,False,140,140,nan,3.7239475438532597,nan,0,C_hard_spiral,7
field_onlstm,astar,,152,True,147,147,3.85608571841098,3.7239475438532597,1.0354833608695233,0,C_hard_spiral,7
field_onlstm,focal,1.0,152,False,152,152,nan,3.7239475438532597,nan,0,C_hard_spiral,7
field_onlstm,focal,1.1,152,True,143,143,3.8377557993542206,3.7239475438532597,1.0305611865260595,0,C_hard_spiral,7
field_hrm,astar,,140,True,129,129,3.783990355740675,3.7239475438532597,1.016123431165544,0,C_hard_spiral,7
field_hrm,focal,1.0,140,False,140,140,nan,3.7239475438532597,nan,0,C_hard_spiral,7
field_hrm,focal,1.1,140,False,140,140,nan,3.7239475438532597,nan,0,C_hard_spiral,7
field_hrm,astar,,152,True,129,129,3.783990355740675,3.7239475438532597,1.016123431165544,0,C_hard_spiral,7
field_hrm,focal,1.0,152,False,152,152,nan,3.7239475438532597,nan,0,C_hard_spiral,7
field_hrm,focal,1.1,152,True,142,142,3.8166650147418952,3.7239475438532597,1.0248976307525262,0,C_hard_spiral,7
euclid,astar,,140,False,140,140,nan,3.1657929806830936,nan,0,C_hard_spiral,8
euclid,focal,1.0,140,False,140,140,nan,3.1657929806830936,nan,0,C_hard_spiral,8
euclid,focal,1.1,140,False,140,140,nan,3.1657929806830936,nan,0,C_hard_spiral,8
euclid,astar,,152,True,149,149,3.1657929806830944,3.1657929806830936,1.0000000000000002,0,C_hard_spiral,8
euclid,focal,1.0,152,True,149,149,3.1657929806830944,3.1657929806830936,1.0000000000000002,0,C_hard_spiral,8
euclid,focal,1.1,152,True,144,144,3.2956562698745144,3.1657929806830936,1.0410207774114781,0,C_hard_spiral,8
oracle,astar,,140,True,35,35,3.1657929806830944,3.1657929806830936,1.0000000000000002,0,C_hard_spiral,8
oracle,focal,1.0,140,False,140,140,nan,3.1657929806830936,nan,0,C_hard_spiral,8
oracle,focal,1.1,140,False,140,140,nan,3.1657929806830936,nan,0,C_hard_spiral,8
oracle,astar,,152,True,35,35,3.1657929806830944,3.1657929806830936,1.0000000000000002,0,C_hard_spiral,8
oracle,focal,1.0,152,True,149,149,3.1657929806830944,3.1657929806830936,1.0000000000000002,0,C_hard_spiral,8
oracle,focal,1.1,152,True,143,143,3.304462987583278,3.1657929806830936,1.0438026136725664,0,C_hard_spiral,8
scalar_hrm,astar,,140,False,140,140,nan,3.1657929806830936,nan,0,C_hard_spiral,8
scalar_hrm,focal,1.0,140,False,140,140,nan,3.1657929806830936,nan,0,C_hard_spiral,8
scalar_hrm,focal,1.1,140,False,140,140,nan,3.1657929806830936,nan,0,C_hard_spiral,8
scalar_hrm,astar,,152,True,144,144,3.290375787451017,3.1657929806830936,1.0393527964488194,0,C_hard_spiral,8
scalar_hrm,focal,1.0,152,True,149,149,3.1657929806830944,3.1657929806830936,1.0000000000000002,0,C_hard_spiral,8
scalar_hrm,focal,1.1,152,True,144,144,3.484575195773096,3.1657929806830936,1.1006958499924457,0,C_hard_spiral,8
scalar_onlstm,astar,,140,True,114,114,3.3675045956766425,3.1657929806830936,1.0637159840281234,0,C_hard_spiral,8
scalar_onlstm,focal,1.0,140,False,140,140,nan,3.1657929806830936,nan,0,C_hard_spiral,8
scalar_onlstm,focal,1.1,140,False,140,140,nan,3.1657929806830936,nan,0,C_hard_spiral,8
scalar_onlstm,astar,,152,True,114,114,3.3675045956766425,3.1657929806830936,1.0637159840281234,0,C_hard_spiral,8
scalar_onlstm,focal,1.0,152,True,149,149,3.1657929806830944,3.1657929806830936,1.0000000000000002,0,C_hard_spiral,8
scalar_onlstm,focal,1.1,152,True,143,143,3.3734172915582463,3.1657929806830936,1.0655836664437714,0,C_hard_spiral,8
field_unet,astar,,140,False,140,140,nan,3.1657929806830936,nan,0,C_hard_spiral,8
field_unet,focal,1.0,140,False,140,140,nan,3.1657929806830936,nan,0,C_hard_spiral,8
field_unet,focal,1.1,140,False,140,140,nan,3.1657929806830936,nan,0,C_hard_spiral,8
field_unet,astar,,152,True,151,151,3.2966206765700727,3.1657929806830936,1.0413254109429322,0,C_hard_spiral,8
field_unet,focal,1.0,152,True,149,149,3.1657929806830944,3.1657929806830936,1.0000000000000002,0,C_hard_spiral,8
field_unet,focal,1.1,152,True,146,146,3.6064786995162796,3.1657929806830936,1.139202317246309,0,C_hard_spiral,8
field_onlstm,astar,,140,False,140,140,nan,3.1657929806830936,nan,0,C_hard_spiral,8
field_onlstm,focal,1.0,140,False,140,140,nan,3.1657929806830936,nan,0,C_hard_spiral,8
field_onlstm,focal,1.1,140,False,140,140,nan,3.1657929806830936,nan,0,C_hard_spiral,8
field_onlstm,astar,,152,True,147,147,3.5275443642949273,3.1657929806830936,1.1142688058944958,0,C_hard_spiral,8
field_onlstm,focal,1.0,152,True,149,149,3.1657929806830944,3.1657929806830936,1.0000000000000002,0,C_hard_spiral,8
field_onlstm,focal,1.1,152,True,144,144,3.5814964831224643,3.1657929806830936,1.131311019064068,0,C_hard_spiral,8
field_hrm,astar,,140,True,125,125,3.3637357897660283,3.1657929806830936,1.062525506339402,0,C_hard_spiral,8
field_hrm,focal,1.0,140,False,140,140,nan,3.1657929806830936,nan,0,C_hard_spiral,8
field_hrm,focal,1.1,140,False,140,140,nan,3.1657929806830936,nan,0,C_hard_spiral,8
field_hrm,astar,,152,True,125,125,3.3637357897660283,3.1657929806830936,1.062525506339402,0,C_hard_spiral,8
field_hrm,focal,1.0,152,True,149,149,3.1657929806830944,3.1657929806830936,1.0000000000000002,0,C_hard_spiral,8
field_hrm,focal,1.1,152,True,144,144,3.578462397098773,3.1657929806830936,1.1303526222130407,0,C_hard_spiral,8
euclid,astar,,140,False,140,140,nan,3.2167303932475404,nan,0,C_hard_spiral,9
euclid,focal,1.0,140,False,140,140,nan,3.2167303932475404,nan,0,C_hard_spiral,9
euclid,focal,1.1,140,True,118,118,3.3090880740418256,3.2167303932475404,1.0287116635538245,0,C_hard_spiral,9
euclid,astar,,152,True,145,145,3.21673039324754,3.2167303932475404,0.9999999999999999,0,C_hard_spiral,9
euclid,focal,1.0,152,True,145,145,3.21673039324754,3.2167303932475404,0.9999999999999999,0,C_hard_spiral,9
euclid,focal,1.1,152,True,118,118,3.3090880740418256,3.2167303932475404,1.0287116635538245,0,C_hard_spiral,9
oracle,astar,,140,True,35,35,3.21673039324754,3.2167303932475404,0.9999999999999999,0,C_hard_spiral,9
oracle,focal,1.0,140,False,140,140,nan,3.2167303932475404,nan,0,C_hard_spiral,9
oracle,focal,1.1,140,True,134,134,3.234072536477756,3.2167303932475404,1.0053912330565904,0,C_hard_spiral,9
oracle,astar,,152,True,35,35,3.21673039324754,3.2167303932475404,0.9999999999999999,0,C_hard_spiral,9
oracle,focal,1.0,152,True,145,145,3.21673039324754,3.2167303932475404,0.9999999999999999,0,C_hard_spiral,9
oracle,focal,1.1,152,True,134,134,3.234072536477756,3.2167303932475404,1.0053912330565904,0,C_hard_spiral,9
scalar_hrm,astar,,140,True,122,122,3.264088360802783,3.2167303932475404,1.0147223925432654,0,C_hard_spiral,9
scalar_hrm,focal,1.0,140,False,140,140,nan,3.2167303932475404,nan,0,C_hard_spiral,9
scalar_hrm,focal,1.1,140,True,135,135,3.2217370450514617,3.2167303932475404,1.0015564412281586,0,C_hard_spiral,9
scalar_hrm,astar,,152,True,122,122,3.264088360802783,3.2167303932475404,1.0147223925432654,0,C_hard_spiral,9
scalar_hrm,focal,1.0,152,True,145,145,3.21673039324754,3.2167303932475404,0.9999999999999999,0,C_hard_spiral,9
scalar_hrm,focal,1.1,152,True,135,135,3.2217370450514617,3.2167303932475404,1.0015564412281586,0,C_hard_spiral,9
scalar_onlstm,astar,,140,True,139,139,3.4269145611682705,3.2167303932475404,1.065340933875572,0,C_hard_spiral,9
scalar_onlstm,focal,1.0,140,False,140,140,nan,3.2167303932475404,nan,0,C_hard_spiral,9
scalar_onlstm,focal,1.1,140,True,135,135,3.3438397227612016,3.2167303932475404,1.0395150708870364,0,C_hard_spiral,9
scalar_onlstm,astar,,152,True,139,139,3.4269145611682705,3.2167303932475404,1.065340933875572,0,C_hard_spiral,9
scalar_onlstm,focal,1.0,152,True,145,145,3.21673039324754,3.2167303932475404,0.9999999999999999,0,C_hard_spiral,9
scalar_onlstm,focal,1.1,152,True,135,135,3.3438397227612016,3.2167303932475404,1.0395150708870364,0,C_hard_spiral,9
field_unet,astar,,140,True,122,122,3.243191963477862,3.2167303932475404,1.0082262319173123,0,C_hard_spiral,9
field_unet,focal,1.0,140,False,140,140,nan,3.2167303932475404,nan,0,C_hard_spiral,9
field_unet,focal,1.1,140,True,131,131,3.265054409977893,3.2167303932475404,1.0150227127619378,0,C_hard_spiral,9
field_unet,astar,,152,True,122,122,3.243191963477862,3.2167303932475404,1.0082262319173123,0,C_hard_spiral,9
field_unet,focal,1.0,152,True,145,145,3.21673039324754,3.2167303932475404,0.9999999999999999,0,C_hard_spiral,9
field_unet,focal,1.1,152,True,131,131,3.265054409977893,3.2167303932475404,1.0150227127619378,0,C_hard_spiral,9
field_onlstm,astar,,140,True,123,123,3.242863648651045,3.2167303932475404,1.0081241671538164,0,C_hard_spiral,9
field_onlstm,focal,1.0,140,False,140,140,nan,3.2167303932475404,nan,0,C_hard_spiral,9
field_onlstm,focal,1.1,140,True,132,132,3.2476813430274247,3.2167303932475404,1.0096218663040135,0,C_hard_spiral,9
field_onlstm,astar,,152,True,123,123,3.242863648651045,3.2167303932475404,1.0081241671538164,0,C_hard_spiral,9
field_onlstm,focal,1.0,152,True,145,145,3.21673039324754,3.2167303932475404,0.9999999999999999,0,C_hard_spiral,9
field_onlstm,focal,1.1,152,True,132,132,3.2476813430274247,3.2167303932475404,1.0096218663040135,0,C_hard_spiral,9
field_hrm,astar,,140,True,98,98,3.2548946643398544,3.2167303932475404,1.0118643051877856,0,C_hard_spiral,9
field_hrm,focal,1.0,140,False,140,140,nan,3.2167303932475404,nan,0,C_hard_spiral,9
field_hrm,focal,1.1,140,True,131,131,3.3479375877841107,3.2167303932475404,1.0407889933244006,0,C_hard_spiral,9
field_hrm,astar,,152,True,98,98,3.2548946643398544,3.2167303932475404,1.0118643051877856,0,C_hard_spiral,9
field_hrm,focal,1.0,152,True,145,145,3.21673039324754,3.2167303932475404,0.9999999999999999,0,C_hard_spiral,9
field_hrm,focal,1.1,152,True,131,131,3.3479375877841107,3.2167303932475404,1.0407889933244006,0,C_hard_spiral,9
euclid,astar,,140,False,140,140,nan,3.1083137262147726,nan,0,C_hard_spiral,10
euclid,focal,1.0,140,False,140,140,nan,3.1083137262147726,nan,0,C_hard_spiral,10
euclid,focal,1.1,140,False,140,140,nan,3.1083137262147726,nan,0,C_hard_spiral,10
euclid,astar,,152,False,152,152,nan,3.1083137262147726,nan,0,C_hard_spiral,10
euclid,focal,1.0,152,False,152,152,nan,3.1083137262147726,nan,0,C_hard_spiral,10
euclid,focal,1.1,152,False,152,152,nan,3.1083137262147726,nan,0,C_hard_spiral,10
oracle,astar,,140,True,34,34,3.108313726214772,3.1083137262147726,0.9999999999999999,0,C_hard_spiral,10
oracle,focal,1.0,140,False,140,140,nan,3.1083137262147726,nan,0,C_hard_spiral,10
oracle,focal,1.1,140,False,140,140,nan,3.1083137262147726,nan,0,C_hard_spiral,10
oracle,astar,,152,True,34,34,3.108313726214772,3.1083137262147726,0.9999999999999999,0,C_hard_spiral,10
oracle,focal,1.0,152,False,152,152,nan,3.1083137262147726,nan,0,C_hard_spiral,10
oracle,focal,1.1,152,False,152,152,nan,3.1083137262147726,nan,0,C_hard_spiral,10
scalar_hrm,astar,,140,True,117,117,3.221217139136321,3.1083137262147726,1.0363230429313965,0,C_hard_spiral,10
scalar_hrm,focal,1.0,140,False,140,140,nan,3.1083137262147726,nan,0,C_hard_spiral,10
scalar_hrm,focal,1.1,140,False,140,140,nan,3.1083137262147726,nan,0,C_hard_spiral,10
scalar_hrm,astar,,152,True,117,117,3.221217139136321,3.1083137262147726,1.0363230429313965,0,C_hard_spiral,10
scalar_hrm,focal,1.0,152,False,152,152,nan,3.1083137262147726,nan,0,C_hard_spiral,10
scalar_hrm,focal,1.1,152,False,152,152,nan,3.1083137262147726,nan,0,C_hard_spiral,10
scalar_onlstm,astar,,140,True,124,124,3.188880981859431,3.1083137262147726,1.0259199240299244,0,C_hard_spiral,10
scalar_onlstm,focal,1.0,140,False,140,140,nan,3.1083137262147726,nan,0,C_hard_spiral,10
scalar_onlstm,focal,1.1,140,False,140,140,nan,3.1083137262147726,nan,0,C_hard_spiral,10
scalar_onlstm,astar,,152,True,124,124,3.188880981859431,3.1083137262147726,1.0259199240299244,0,C_hard_spiral,10
scalar_onlstm,focal,1.0,152,False,152,152,nan,3.1083137262147726,nan,0,C_hard_spiral,10
scalar_onlstm,focal,1.1,152,True,152,152,3.25563310332963,3.1083137262147726,1.0473952728363296,0,C_hard_spiral,10
field_unet,astar,,140,True,132,132,3.183172712282807,3.1083137262147726,1.024083471831267,0,C_hard_spiral,10
field_unet,focal,1.0,140,False,140,140,nan,3.1083137262147726,nan,0,C_hard_spiral,10
field_unet,focal,1.1,140,False,140,140,nan,3.1083137262147726,nan,0,C_hard_spiral,10
field_unet,astar,,152,True,132,132,3.183172712282807,3.1083137262147726,1.024083471831267,0,C_hard_spiral,10
field_unet,focal,1.0,152,False,152,152,nan,3.1083137262147726,nan,0,C_hard_spiral,10
field_unet,focal,1.1,152,False,152,152,nan,3.1083137262147726,nan,0,C_hard_spiral,10
field_onlstm,astar,,140,False,140,140,nan,3.1083137262147726,nan,0,C_hard_spiral,10
field_onlstm,focal,1.0,140,False,140,140,nan,3.1083137262147726,nan,0,C_hard_spiral,10
field_onlstm,focal,1.1,140,False,140,140,nan,3.1083137262147726,nan,0,C_hard_spiral,10
field_onlstm,astar,,152,True,148,148,3.3804622680281367,3.1083137262147726,1.0875550429540393,0,C_hard_spiral,10
field_onlstm,focal,1.0,152,False,152,152,nan,3.1083137262147726,nan,0,C_hard_spiral,10
field_onlstm,focal,1.1,152,False,152,152,nan,3.1083137262147726,nan,0,C_hard_spiral,10
field_hrm,astar,,140,True,101,101,3.1754614571659388,3.1083137262147726,1.0216026234369002,0,C_hard_spiral,10
field_hrm,focal,1.0,140,False,140,140,nan,3.1083137262147726,nan,0,C_hard_spiral,10
field_hrm,focal,1.1,140,False,140,140,nan,3.1083137262147726,nan,0,C_hard_spiral,10
field_hrm,astar,,152,True,101,101,3.1754614571659388,3.1083137262147726,1.0216026234369002,0,C_hard_spiral,10
field_hrm,focal,1.0,152,False,152,152,nan,3.1083137262147726,nan,0,C_hard_spiral,10
field_hrm,focal,1.1,152,False,152,152,nan,3.1083137262147726,nan,0,C_hard_spiral,10
euclid,astar,,140,False,140,140,nan,3.240821799650301,nan,0,C_hard_spiral,11
euclid,focal,1.0,140,False,140,140,nan,3.240821799650301,nan,0,C_hard_spiral,11
euclid,focal,1.1,140,False,140,140,nan,3.240821799650301,nan,0,C_hard_spiral,11
euclid,astar,,152,True,151,151,3.240821799650301,3.240821799650301,1.0,0,C_hard_spiral,11
euclid,focal,1.0,152,True,151,151,3.240821799650301,3.240821799650301,1.0,0,C_hard_spiral,11
euclid,focal,1.1,152,True,151,151,3.2499107963543343,3.240821799650301,1.0028045345489265,0,C_hard_spiral,11
oracle,astar,,140,True,34,34,3.240821799650301,3.240821799650301,1.0,0,C_hard_spiral,11
oracle,focal,1.0,140,False,140,140,nan,3.240821799650301,nan,0,C_hard_spiral,11
oracle,focal,1.1,140,False,140,140,nan,3.240821799650301,nan,0,C_hard_spiral,11
oracle,astar,,152,True,34,34,3.240821799650301,3.240821799650301,1.0,0,C_hard_spiral,11
oracle,focal,1.0,152,True,151,151,3.240821799650301,3.240821799650301,1.0,0,C_hard_spiral,11
oracle,focal,1.1,152,True,151,151,3.2965579678416175,3.240821799650301,1.0171981588735706,0,C_hard_spiral,11
scalar_hrm,astar,,140,False,140,140,nan,3.240821799650301,nan,0,C_hard_spiral,11
scalar_hrm,focal,1.0,140,False,140,140,nan,3.240821799650301,nan,0,C_hard_spiral,11
scalar_hrm,focal,1.1,140,False,140,140,nan,3.240821799650301,nan,0,C_hard_spiral,11
scalar_hrm,astar,,152,True,143,143,3.3341148888928545,3.240821799650301,1.028786861793086,0,C_hard_spiral,11
scalar_hrm,focal,1.0,152,True,151,151,3.240821799650301,3.240821799650301,1.0,0,C_hard_spiral,11
scalar_hrm,focal,1.1,152,True,149,149,3.2450157551931316,3.240821799650301,1.001294102484525,0,C_hard_spiral,11
scalar_onlstm,astar,,140,True,134,134,3.34416812635885,3.240821799650301,1.031888926049467,0,C_hard_spiral,11
scalar_onlstm,focal,1.0,140,False,140,140,nan,3.240821799650301,nan,0,C_hard_spiral,11
scalar_onlstm,focal,1.1,140,False,140,140,nan,3.240821799650301,nan,0,C_hard_spiral,11
scalar_onlstm,astar,,152,True,134,134,3.34416812635885,3.240821799650301,1.031888926049467,0,C_hard_spiral,11
scalar_onlstm,focal,1.0,152,True,151,151,3.240821799650301,3.240821799650301,1.0,0,C_hard_spiral,11
scalar_onlstm,focal,1.1,152,True,151,151,3.289126492283387,3.240821799650301,1.0149050751998454,0,C_hard_spiral,11
field_unet,astar,,140,True,136,136,3.2927720350347083,3.240821799650301,1.016029957398464,0,C_hard_spiral,11
field_unet,focal,1.0,140,False,140,140,nan,3.240821799650301,nan,0,C_hard_spiral,11
field_unet,focal,1.1,140,False,140,140,nan,3.240821799650301,nan,0,C_hard_spiral,11
field_unet,astar,,152,True,136,136,3.2927720350347083,3.240821799650301,1.016029957398464,0,C_hard_spiral,11
field_unet,focal,1.0,152,True,151,151,3.240821799650301,3.240821799650301,1.0,0,C_hard_spiral,11
field_unet,focal,1.1,152,True,151,151,3.2934225125004923,3.240821799650301,1.0162306711389892,0,C_hard_spiral,11
field_onlstm,astar,,140,False,140,140,nan,3.240821799650301,nan,0,C_hard_spiral,11
field_onlstm,focal,1.0,140,False,140,140,nan,3.240821799650301,nan,0,C_hard_spiral,11
field_onlstm,focal,1.1,140,False,140,140,nan,3.240821799650301,nan,0,C_hard_spiral,11
field_onlstm,astar,,152,True,142,142,3.362908195445915,3.240821799650301,1.0376714313044881,0,C_hard_spiral,11
field_onlstm,focal,1.0,152,True,151,151,3.240821799650301,3.240821799650301,1.0,0,C_hard_spiral,11
field_onlstm,focal,1.1,152,True,151,151,3.289168016466606,3.240821799650301,1.0149178880559004,0,C_hard_spiral,11
field_hrm,astar,,140,True,110,110,3.2524651560899867,3.240821799650301,1.0035927172672505,0,C_hard_spiral,11
field_hrm,focal,1.0,140,False,140,140,nan,3.240821799650301,nan,0,C_hard_spiral,11
field_hrm,focal,1.1,140,False,140,140,nan,3.240821799650301,nan,0,C_hard_spiral,11
field_hrm,astar,,152,True,110,110,3.2524651560899867,3.240821799650301,1.0035927172672505,0,C_hard_spiral,11
field_hrm,focal,1.0,152,True,151,151,3.240821799650301,3.240821799650301,1.0,0,C_hard_spiral,11
field_hrm,focal,1.1,152,True,151,151,3.296611570320884,3.240821799650301,1.017214698653472,0,C_hard_spiral,11
euclid,astar,,140,True,123,123,2.760956097742667,2.7609560977426675,0.9999999999999999,0,C_hard_spiral,12
euclid,focal,1.0,140,True,123,123,2.760956097742667,2.7609560977426675,0.9999999999999999,0,C_hard_spiral,12
euclid,focal,1.1,140,True,120,120,2.9424910019572197,2.7609560977426675,1.0657507391598777,0,C_hard_spiral,12
euclid,astar,,152,True,123,123,2.760956097742667,2.7609560977426675,0.9999999999999999,0,C_hard_spiral,12
euclid,focal,1.0,152,True,123,123,2.760956097742667,2.7609560977426675,0.9999999999999999,0,C_hard_spiral,12
euclid,focal,1.1,152,True,120,120,2.9424910019572197,2.7609560977426675,1.0657507391598777,0,C_hard_spiral,12
oracle,astar,,140,True,30,30,2.760956097742667,2.7609560977426675,0.9999999999999999,0,C_hard_spiral,12
oracle,focal,1.0,140,True,123,123,2.760956097742667,2.7609560977426675,0.9999999999999999,0,C_hard_spiral,12
oracle,focal,1.1,140,True,107,107,2.814711286819893,2.7609560977426675,1.0194697732141325,0,C_hard_spiral,12
oracle,astar,,152,True,30,30,2.760956097742667,2.7609560977426675,0.9999999999999999,0,C_hard_spiral,12
oracle,focal,1.0,152,True,123,123,2.760956097742667,2.7609560977426675,0.9999999999999999,0,C_hard_spiral,12
oracle,focal,1.1,152,True,107,107,2.814711286819893,2.7609560977426675,1.0194697732141325,0,C_hard_spiral,12
scalar_hrm,astar,,140,True,96,96,3.035116005254484,2.7609560977426675,1.0992989014696637,0,C_hard_spiral,12
scalar_hrm,focal,1.0,140,True,123,123,2.760956097742667,2.7609560977426675,0.9999999999999999,0,C_hard_spiral,12
scalar_hrm,focal,1.1,140,True,111,111,2.8333084819725225,2.7609560977426675,1.0262055540430395,0,C_hard_spiral,12
scalar_hrm,astar,,152,True,96,96,3.035116005254484,2.7609560977426675,1.0992989014696637,0,C_hard_spiral,12
scalar_hrm,focal,1.0,152,True,123,123,2.760956097742667,2.7609560977426675,0.9999999999999999,0,C_hard_spiral,12
scalar_hrm,focal,1.1,152,True,111,111,2.8333084819725225,2.7609560977426675,1.0262055540430395,0,C_hard_spiral,12
scalar_onlstm,astar,,140,True,99,99,3.016640710588472,2.7609560977426675,1.0926072721890978,0,C_hard_spiral,12
scalar_onlstm,focal,1.0,140,True,123,123,2.760956097742667,2.7609560977426675,0.9999999999999999,0,C_hard_spiral,12
scalar_onlstm,focal,1.1,140,True,112,112,2.836251896281514,2.7609560977426675,1.027271639197888,0,C_hard_spiral,12
scalar_onlstm,astar,,152,True,99,99,3.016640710588472,2.7609560977426675,1.0926072721890978,0,C_hard_spiral,12
scalar_onlstm,focal,1.0,152,True,123,123,2.760956097742667,2.7609560977426675,0.9999999999999999,0,C_hard_spiral,12
scalar_onlstm,focal,1.1,152,True,112,112,2.836251896281514,2.7609560977426675,1.027271639197888,0,C_hard_spiral,12
field_unet,astar,,140,True,96,96,2.8609463653218588,2.7609560977426675,1.0362158122184348,0,C_hard_spiral,12
field_unet,focal,1.0,140,True,123,123,2.760956097742667,2.7609560977426675,0.9999999999999999,0,C_hard_spiral,12
field_unet,focal,1.1,140,True,124,124,2.8991498456997746,2.7609560977426675,1.0500528596126875,0,C_hard_spiral,12
field_unet,astar,,152,True,96,96,2.8609463653218588,2.7609560977426675,1.0362158122184348,0,C_hard_spiral,12
field_unet,focal,1.0,152,True,123,123,2.760956097742667,2.7609560977426675,0.9999999999999999,0,C_hard_spiral,12
field_unet,focal,1.1,152,True,124,124,2.8991498456997746,2.7609560977426675,1.0500528596126875,0,C_hard_spiral,12
field_onlstm,astar,,140,True,112,112,2.85160730500392,2.7609560977426675,1.0328332664671371,0,C_hard_spiral,12
field_onlstm,focal,1.0,140,True,123,123,2.760956097742667,2.7609560977426675,0.9999999999999999,0,C_hard_spiral,12
field_onlstm,focal,1.1,140,True,124,124,2.9387497662336997,2.7609560977426675,1.0643956883763543,0,C_hard_spiral,12
field_onlstm,astar,,152,True,112,112,2.85160730500392,2.7609560977426675,1.0328332664671371,0,C_hard_spiral,12
field_onlstm,focal,1.0,152,True,123,123,2.760956097742667,2.7609560977426675,0.9999999999999999,0,C_hard_spiral,12
field_onlstm,focal,1.1,152,True,124,124,2.9387497662336997,2.7609560977426675,1.0643956883763543,0,C_hard_spiral,12
field_hrm,astar,,140,True,92,92,2.8784699935205813,2.7609560977426675,1.0425627542118443,0,C_hard_spiral,12
field_hrm,focal,1.0,140,True,123,123,2.760956097742667,2.7609560977426675,0.9999999999999999,0,C_hard_spiral,12
field_hrm,focal,1.1,140,True,124,124,2.8788803496434694,2.7609560977426675,1.0427113824798648,0,C_hard_spiral,12
field_hrm,astar,,152,True,92,92,2.8784699935205813,2.7609560977426675,1.0425627542118443,0,C_hard_spiral,12
field_hrm,focal,1.0,152,True,123,123,2.760956097742667,2.7609560977426675,0.9999999999999999,0,C_hard_spiral,12
field_hrm,focal,1.1,152,True,124,124,2.8788803496434694,2.7609560977426675,1.0427113824798648,0,C_hard_spiral,12
euclid,astar,,140,False,140,140,nan,2.6858466614657086,nan,0,C_hard_spiral,13
euclid,focal,1.0,140,False,140,140,nan,2.6858466614657086,nan,0,C_hard_spiral,13
euclid,focal,1.1,140,True,128,128,2.7588239024502474,2.6858466614657086,1.0271710377332985,0,C_hard_spiral,13
euclid,astar,,152,True,144,144,2.685846661465708,2.6858466614657086,0.9999999999999999,0,C_hard_spiral,13
euclid,focal,1.0,152,True,144,144,2.685846661465708,2.6858466614657086,0.9999999999999999,0,C_hard_spiral,13
euclid,focal,1.1,152,True,128,128,2.7588239024502474,2.6858466614657086,1.0271710377332985,0,C_hard_spiral,13
oracle,astar,,140,True,29,29,2.685846661465708,2.6858466614657086,0.9999999999999999,0,C_hard_spiral,13
oracle,focal,1.0,140,False,140,140,nan,2.6858466614657086,nan,0,C_hard_spiral,13
oracle,focal,1.1,140,True,133,133,2.781524244892671,2.6858466614657086,1.0356228763166806,0,C_hard_spiral,13
oracle,astar,,152,True,29,29,2.685846661465708,2.6858466614657086,0.9999999999999999,0,C_hard_spiral,13
oracle,focal,1.0,152,True,144,144,2.685846661465708,2.6858466614657086,0.9999999999999999,0,C_hard_spiral,13
oracle,focal,1.1,152,True,133,133,2.781524244892671,2.6858466614657086,1.0356228763166806,0,C_hard_spiral,13
scalar_hrm,astar,,140,True,106,106,2.8059866442053005,2.6858466614657086,1.044730767568849,0,C_hard_spiral,13
scalar_hrm,focal,1.0,140,False,140,140,nan,2.6858466614657086,nan,0,C_hard_spiral,13
scalar_hrm,focal,1.1,140,True,132,132,2.7975859659526776,2.6858466614657086,1.0416030096170834,0,C_hard_spiral,13
scalar_hrm,astar,,152,True,106,106,2.8059866442053005,2.6858466614657086,1.044730767568849,0,C_hard_spiral,13
scalar_hrm,focal,1.0,152,True,144,144,2.685846661465708,2.6858466614657086,0.9999999999999999,0,C_hard_spiral,13
scalar_hrm,focal,1.1,152,True,132,132,2.7975859659526776,2.6858466614657086,1.0416030096170834,0,C_hard_spiral,13
scalar_onlstm,astar,,140,True,105,105,2.8816368273762967,2.6858466614657086,1.072897000681246,0,C_hard_spiral,13
scalar_onlstm,focal,1.0,140,False,140,140,nan,2.6858466614657086,nan,0,C_hard_spiral,13
scalar_onlstm,focal,1.1,140,True,133,133,2.691433369523546,2.6858466614657086,1.0020800547320854,0,C_hard_spiral,13
scalar_onlstm,astar,,152,True,105,105,2.8816368273762967,2.6858466614657086,1.072897000681246,0,C_hard_spiral,13
scalar_onlstm,focal,1.0,152,True,144,144,2.685846661465708,2.6858466614657086,0.9999999999999999,0,C_hard_spiral,13
scalar_onlstm,focal,1.1,152,True,133,133,2.691433369523546,2.6858466614657086,1.0020800547320854,0,C_hard_spiral,13
field_unet,astar,,140,True,96,96,2.7619876464587962,2.6858466614657086,1.028348969464823,0,C_hard_spiral,13
field_unet,focal,1.0,140,False,140,140,nan,2.6858466614657086,nan,0,C_hard_spiral,13
field_unet,focal,1.1,140,True,133,133,2.7617730236473865,2.6858466614657086,1.0282690606545064,0,C_hard_spiral,13
field_unet,astar,,152,True,96,96,2.7619876464587962,2.6858466614657086,1.028348969464823,0,C_hard_spiral,13
field_unet,focal,1.0,152,True,144,144,2.685846661465708,2.6858466614657086,0.9999999999999999,0,C_hard_spiral,13
field_unet,focal,1.1,152,True,133,133,2.7617730236473865,2.6858466614657086,1.0282690606545064,0,C_hard_spiral,13
field_onlstm,astar,,140,True,125,125,2.7985950510967124,2.6858466614657086,1.0419787142909622,0,C_hard_spiral,13
field_onlstm,focal,1.0,140,False,140,140,nan,2.6858466614657086,nan,0,C_hard_spiral,13
field_onlstm,focal,1.1,140,True,132,132,2.7532858466321075,2.6858466614657086,1.0251090973040122,0,C_hard_spiral,13
field_onlstm,astar,,152,True,125,125,2.7985950510967124,2.6858466614657086,1.0419787142909622,0,C_hard_spiral,13
field_onlstm,focal,1.0,152,True,144,144,2.685846661465708,2.6858466614657086,0.9999999999999999,0,C_hard_spiral,13
field_onlstm,focal,1.1,152,True,132,132,2.7532858466321075,2.6858466614657086,1.0251090973040122,0,C_hard_spiral,13
field_hrm,astar,,140,True,79,79,2.7132414446727,2.6858466614657086,1.0101996825060897,0,C_hard_spiral,13
field_hrm,focal,1.0,140,False,140,140,nan,2.6858466614657086,nan,0,C_hard_spiral,13
field_hrm,focal,1.1,140,True,137,137,2.752295289781436,2.6858466614657086,1.02474029112275,0,C_hard_spiral,13
field_hrm,astar,,152,True,79,79,2.7132414446727,2.6858466614657086,1.0101996825060897,0,C_hard_spiral,13
field_hrm,focal,1.0,152,True,144,144,2.685846661465708,2.6858466614657086,0.9999999999999999,0,C_hard_spiral,13
field_hrm,focal,1.1,152,True,137,137,2.752295289781436,2.6858466614657086,1.02474029112275,0,C_hard_spiral,13
euclid,astar,,140,False,140,140,nan,4.27459727465498,nan,0,C_hard_spiral,14
euclid,focal,1.0,140,False,140,140,nan,4.27459727465498,nan,0,C_hard_spiral,14
euclid,focal,1.1,140,False,140,140,nan,4.27459727465498,nan,0,C_hard_spiral,14
euclid,astar,,152,False,152,152,nan,4.27459727465498,nan,0,C_hard_spiral,14
euclid,focal,1.0,152,False,152,152,nan,4.27459727465498,nan,0,C_hard_spiral,14
euclid,focal,1.1,152,True,146,146,4.331304205791327,4.27459727465498,1.0132660289362405,0,C_hard_spiral,14
oracle,astar,,140,True,47,47,4.27459727465498,4.27459727465498,1.0,0,C_hard_spiral,14
oracle,focal,1.0,140,False,140,140,nan,4.27459727465498,nan,0,C_hard_spiral,14
oracle,focal,1.1,140,False,140,140,nan,4.27459727465498,nan,0,C_hard_spiral,14
oracle,astar,,152,True,47,47,4.27459727465498,4.27459727465498,1.0,0,C_hard_spiral,14
oracle,focal,1.0,152,False,152,152,nan,4.27459727465498,nan,0,C_hard_spiral,14
oracle,focal,1.1,152,True,147,147,4.403826335833748,4.27459727465498,1.030231868144631,0,C_hard_spiral,14
scalar_hrm,astar,,140,False,140,140,nan,4.27459727465498,nan,0,C_hard_spiral,14
scalar_hrm,focal,1.0,140,False,140,140,nan,4.27459727465498,nan,0,C_hard_spiral,14
scalar_hrm,focal,1.1,140,False,140,140,nan,4.27459727465498,nan,0,C_hard_spiral,14
scalar_hrm,astar,,152,True,145,145,4.399313611029475,4.27459727465498,1.0291761605506011,0,C_hard_spiral,14
scalar_hrm,focal,1.0,152,False,152,152,nan,4.27459727465498,nan,0,C_hard_spiral,14
scalar_hrm,focal,1.1,152,True,141,141,4.415617924283606,4.27459727465498,1.0329903943149847,0,C_hard_spiral,14
scalar_onlstm,astar,,140,False,140,140,nan,4.27459727465498,nan,0,C_hard_spiral,14
scalar_onlstm,focal,1.0,140,False,140,140,nan,4.27459727465498,nan,0,C_hard_spiral,14
scalar_onlstm,focal,1.1,140,False,140,140,nan,4.27459727465498,nan,0,C_hard_spiral,14
scalar_onlstm,astar,,152,True,146,146,4.284798539997466,4.27459727465498,1.0023864857171392,0,C_hard_spiral,14
scalar_onlstm,focal,1.0,152,False,152,152,nan,4.27459727465498,nan,0,C_hard_spiral,14
scalar_onlstm,focal,1.1,152,True,144,144,4.375909837777936,4.27459727465498,1.0237010779292965,0,C_hard_spiral,14
field_unet,astar,,140,False,140,140,nan,4.27459727465498,nan,0,C_hard_spiral,14
field_unet,focal,1.0,140,False,140,140,nan,4.27459727465498,nan,0,C_hard_spiral,14
field_unet,focal,1.1,140,False,140,140,nan,4.27459727465498,nan,0,C_hard_spiral,14
field_unet,astar,,152,False,152,152,nan,4.27459727465498,nan,0,C_hard_spiral,14
field_unet,focal,1.0,152,False,152,152,nan,4.27459727465498,nan,0,C_hard_spiral,14
field_unet,focal,1.1,152,True,147,147,4.446122972325415,4.27459727465498,1.040126750346155,0,C_hard_spiral,14
field_onlstm,astar,,140,False,140,140,nan,4.27459727465498,nan,0,C_hard_spiral,14
field_onlstm,focal,1.0,140,False,140,140,nan,4.27459727465498,nan,0,C_hard_spiral,14
field_onlstm,focal,1.1,140,False,140,140,nan,4.27459727465498,nan,0,C_hard_spiral,14
field_onlstm,astar,,152,True,145,145,4.333342949028076,4.27459727465498,1.013742972869377,0,C_hard_spiral,14
field_onlstm,focal,1.0,152,False,152,152,nan,4.27459727465498,nan,0,C_hard_spiral,14
field_onlstm,focal,1.1,152,True,143,143,4.320687803367406,4.27459727465498,1.0107824259809706,0,C_hard_spiral,14
field_hrm,astar,,140,False,140,140,nan,4.27459727465498,nan,0,C_hard_spiral,14
field_hrm,focal,1.0,140,False,140,140,nan,4.27459727465498,nan,0,C_hard_spiral,14
field_hrm,focal,1.1,140,False,140,140,nan,4.27459727465498,nan,0,C_hard_spiral,14
field_hrm,astar,,152,True,149,149,4.339501680488558,4.27459727465498,1.0151837475353318,0,C_hard_spiral,14
field_hrm,focal,1.0,152,False,152,152,nan,4.27459727465498,nan,0,C_hard_spiral,14
field_hrm,focal,1.1,152,True,144,144,4.444614726003919,4.27459727465498,1.0397739109499298,0,C_hard_spiral,14
euclid,astar,,140,False,140,140,nan,3.703392623121052,nan,0,C_hard_spiral,15
euclid,focal,1.0,140,False,140,140,nan,3.703392623121052,nan,0,C_hard_spiral,15
euclid,focal,1.1,140,False,140,140,nan,3.703392623121052,nan,0,C_hard_spiral,15
euclid,astar,,152,False,152,152,nan,3.703392623121052,nan,0,C_hard_spiral,15
euclid,focal,1.0,152,False,152,152,nan,3.703392623121052,nan,0,C_hard_spiral,15
euclid,focal,1.1,152,True,147,147,3.8404858767668646,3.703392623121052,1.0370182877154075,0,C_hard_spiral,15
oracle,astar,,140,True,43,43,3.7033926231210526,3.703392623121052,1.0000000000000002,0,C_hard_spiral,15
oracle,focal,1.0,140,False,140,140,nan,3.703392623121052,nan,0,C_hard_spiral,15
oracle,focal,1.1,140,False,140,140,nan,3.703392623121052,nan,0,C_hard_spiral,15
oracle,astar,,152,True,43,43,3.7033926231210526,3.703392623121052,1.0000000000000002,0,C_hard_spiral,15
oracle,focal,1.0,152,False,152,152,nan,3.703392623121052,nan,0,C_hard_spiral,15
oracle,focal,1.1,152,True,146,146,3.8893337581763388,3.703392623121052,1.0502083235502542,0,C_hard_spiral,15
scalar_hrm,astar,,140,False,140,140,nan,3.703392623121052,nan,0,C_hard_spiral,15
scalar_hrm,focal,1.0,140,False,140,140,nan,3.703392623121052,nan,0,C_hard_spiral,15
scalar_hrm,focal,1.1,140,False,140,140,nan,3.703392623121052,nan,0,C_hard_spiral,15
scalar_hrm,astar,,152,True,142,142,3.7846965153098084,3.703392623121052,1.0219538948371716,0,C_hard_spiral,15
scalar_hrm,focal,1.0,152,False,152,152,nan,3.703392623121052,nan,0,C_hard_spiral,15
scalar_hrm,focal,1.1,152,True,145,145,3.825405109699132,3.703392623121052,1.0329461385801577,0,C_hard_spiral,15
scalar_onlstm,astar,,140,False,140,140,nan,3.703392623121052,nan,0,C_hard_spiral,15
scalar_onlstm,focal,1.0,140,False,140,140,nan,3.703392623121052,nan,0,C_hard_spiral,15
scalar_onlstm,focal,1.1,140,False,140,140,nan,3.703392623121052,nan,0,C_hard_spiral,15
scalar_onlstm,astar,,152,True,145,145,3.783556350841599,3.703392623121052,1.0216460245721903,0,C_hard_spiral,15
scalar_onlstm,focal,1.0,152,False,152,152,nan,3.703392623121052,nan,0,C_hard_spiral,15
scalar_onlstm,focal,1.1,152,True,145,145,3.82986293189912,3.703392623121052,1.0341498516761327,0,C_hard_spiral,15
field_unet,astar,,140,False,140,140,nan,3.703392623121052,nan,0,C_hard_spiral,15
field_unet,focal,1.0,140,False,140,140,nan,3.703392623121052,nan,0,C_hard_spiral,15
field_unet,focal,1.1,140,False,140,140,nan,3.703392623121052,nan,0,C_hard_spiral,15
field_unet,astar,,152,True,151,151,3.8432100859131113,3.703392623121052,1.037753885969084,0,C_hard_spiral,15
field_unet,focal,1.0,152,False,152,152,nan,3.703392623121052,nan,0,C_hard_spiral,15
field_unet,focal,1.1,152,True,147,147,3.8283258976675634,3.703392623121052,1.0337348175741687,0,C_hard_spiral,15
field_onlstm,astar,,140,False,140,140,nan,3.703392623121052,nan,0,C_hard_spiral,15
field_onlstm,focal,1.0,140,False,140,140,nan,3.703392623121052,nan,0,C_hard_spiral,15
field_onlstm,focal,1.1,140,False,140,140,nan,3.703392623121052,nan,0,C_hard_spiral,15
field_onlstm,astar,,152,True,144,144,3.8134228068354146,3.703392623121052,1.0297106450521667,0,C_hard_spiral,15
field_onlstm,focal,1.0,152,False,152,152,nan,3.703392623121052,nan,0,C_hard_spiral,15
field_onlstm,focal,1.1,152,True,146,146,3.8365554725111353,3.703392623121052,1.035956989426052,0,C_hard_spiral,15
field_hrm,astar,,140,True,135,135,3.8581762279001435,3.703392623121052,1.0417950837328847,0,C_hard_spiral,15
field_hrm,focal,1.0,140,False,140,140,nan,3.703392623121052,nan,0,C_hard_spiral,15
field_hrm,focal,1.1,140,False,140,140,nan,3.703392623121052,nan,0,C_hard_spiral,15
field_hrm,astar,,152,True,135,135,3.8581762279001435,3.703392623121052,1.0417950837328847,0,C_hard_spiral,15
field_hrm,focal,1.0,152,False,152,152,nan,3.703392623121052,nan,0,C_hard_spiral,15
field_hrm,focal,1.1,152,True,145,145,3.8680734116203754,3.703392623121052,1.0444675478023007,0,C_hard_spiral,15
euclid,astar,,140,True,136,136,2.8871874541027673,2.887187454102767,1.0000000000000002,0,C_hard_spiral,16
euclid,focal,1.0,140,True,136,136,2.8871874541027673,2.887187454102767,1.0000000000000002,0,C_hard_spiral,16
euclid,focal,1.1,140,True,132,132,2.926851465924619,2.887187454102767,1.0137379413191507,0,C_hard_spiral,16
euclid,astar,,152,True,136,136,2.8871874541027673,2.887187454102767,1.0000000000000002,0,C_hard_spiral,16
euclid,focal,1.0,152,True,136,136,2.8871874541027673,2.887187454102767,1.0000000000000002,0,C_hard_spiral,16
euclid,focal,1.1,152,True,132,132,2.926851465924619,2.887187454102767,1.0137379413191507,0,C_hard_spiral,16
oracle,astar,,140,True,34,34,2.8871874541027673,2.887187454102767,1.0000000000000002,0,C_hard_spiral,16
oracle,focal,1.0,140,True,136,136,2.8871874541027673,2.887187454102767,1.0000000000000002,0,C_hard_spiral,16
oracle,focal,1.1,140,True,132,132,2.9359580714402123,2.887187454102767,1.016892085502845,0,C_hard_spiral,16
oracle,astar,,152,True,34,34,2.8871874541027673,2.887187454102767,1.0000000000000002,0,C_hard_spiral,16
oracle,focal,1.0,152,True,136,136,2.8871874541027673,2.887187454102767,1.0000000000000002,0,C_hard_spiral,16
oracle,focal,1.1,152,True,132,132,2.9359580714402123,2.887187454102767,1.016892085502845,0,C_hard_spiral,16
scalar_hrm,astar,,140,True,99,99,3.004576721483152,2.887187454102767,1.0406586926711572,0,C_hard_spiral,16
scalar_hrm,focal,1.0,140,True,136,136,2.8871874541027673,2.887187454102767,1.0000000000000002,0,C_hard_spiral,16
scalar_hrm,focal,1.1,140,True,132,132,3.019312532574442,2.887187454102767,1.0457625563189263,0,C_hard_spiral,16
scalar_hrm,astar,,152,True,99,99,3.004576721483152,2.887187454102767,1.0406586926711572,0,C_hard_spiral,16
scalar_hrm,focal,1.0,152,True,136,136,2.8871874541027673,2.887187454102767,1.0000000000000002,0,C_hard_spiral,16
scalar_hrm,focal,1.1,152,True,132,132,3.019312532574442,2.887187454102767,1.0457625563189263,0,C_hard_spiral,16
scalar_onlstm,astar,,140,True,114,114,3.020184552921441,2.887187454102767,1.0460645873996446,0,C_hard_spiral,16
scalar_onlstm,focal,1.0,140,True,136,136,2.8871874541027673,2.887187454102767,1.0000000000000002,0,C_hard_spiral,16
scalar_onlstm,focal,1.1,140,True,132,132,2.985742843525106,2.887187454102767,1.0341354314498317,0,C_hard_spiral,16
scalar_onlstm,astar,,152,True,114,114,3.020184552921441,2.887187454102767,1.0460645873996446,0,C_hard_spiral,16
scalar_onlstm,focal,1.0,152,True,136,136,2.8871874541027673,2.887187454102767,1.0000000000000002,0,C_hard_spiral,16
scalar_onlstm,focal,1.1,152,True,132,132,2.985742843525106,2.887187454102767,1.0341354314498317,0,C_hard_spiral,16
field_unet,astar,,140,True,117,117,2.8976646515022666,2.887187454102767,1.0036288594232465,0,C_hard_spiral,16
field_unet,focal,1.0,140,True,136,136,2.8871874541027673,2.887187454102767,1.0000000000000002,0,C_hard_spiral,16
field_unet,focal,1.1,140,True,133,133,2.9611819820704626,2.887187454102767,1.0256285846152966,0,C_hard_spiral,16
field_unet,astar,,152,True,117,117,2.8976646515022666,2.887187454102767,1.0036288594232465,0,C_hard_spiral,16
field_unet,focal,1.0,152,True,136,136,2.8871874541027673,2.887187454102767,1.0000000000000002,0,C_hard_spiral,16
field_unet,focal,1.1,152,True,133,133,2.9611819820704626,2.887187454102767,1.0256285846152966,0,C_hard_spiral,16
field_onlstm,astar,,140,True,130,130,2.9348303725365663,2.887187454102767,1.0165014981504223,0,C_hard_spiral,16
field_onlstm,focal,1.0,140,True,136,136,2.8871874541027673,2.887187454102767,1.0000000000000002,0,C_hard_spiral,16
field_onlstm,focal,1.1,140,True,133,133,2.93536429154648,2.887187454102767,1.0166864251835304,0,C_hard_spiral,16
field_onlstm,astar,,152,True,130,130,2.9348303725365663,2.887187454102767,1.0165014981504223,0,C_hard_spiral,16
field_onlstm,focal,1.0,152,True,136,136,2.8871874541027673,2.887187454102767,1.0000000000000002,0,C_hard_spiral,16
field_onlstm,focal,1.1,152,True,133,133,2.93536429154648,2.887187454102767,1.0166864251835304,0,C_hard_spiral,16
field_hrm,astar,,140,True,110,110,2.946603721034704,2.887187454102767,1.0205792896638926,0,C_hard_spiral,16
field_hrm,focal,1.0,140,True,136,136,2.8871874541027673,2.887187454102767,1.0000000000000002,0,C_hard_spiral,16
field_hrm,focal,1.1,140,True,133,133,2.986349976449825,2.887187454102767,1.034345716696069,0,C_hard_spiral,16
field_hrm,astar,,152,True,110,110,2.946603721034704,2.887187454102767,1.0205792896638926,0,C_hard_spiral,16
field_hrm,focal,1.0,152,True,136,136,2.8871874541027673,2.887187454102767,1.0000000000000002,0,C_hard_spiral,16
field_hrm,focal,1.1,152,True,133,133,2.986349976449825,2.887187454102767,1.034345716696069,0,C_hard_spiral,16
euclid,astar,,140,False,140,140,nan,3.423379189011912,nan,0,C_hard_spiral,17
euclid,focal,1.0,140,False,140,140,nan,3.423379189011912,nan,0,C_hard_spiral,17
euclid,focal,1.1,140,False,140,140,nan,3.423379189011912,nan,0,C_hard_spiral,17
euclid,astar,,152,True,144,144,3.4233791890119134,3.423379189011912,1.0000000000000004,0,C_hard_spiral,17
euclid,focal,1.0,152,True,144,144,3.4233791890119134,3.423379189011912,1.0000000000000004,0,C_hard_spiral,17
euclid,focal,1.1,152,True,143,143,3.4646053276342856,3.423379189011912,1.0120425276740297,0,C_hard_spiral,17
oracle,astar,,140,True,36,36,3.4233791890119134,3.423379189011912,1.0000000000000004,0,C_hard_spiral,17
oracle,focal,1.0,140,False,140,140,nan,3.423379189011912,nan,0,C_hard_spiral,17
oracle,focal,1.1,140,False,140,140,nan,3.423379189011912,nan,0,C_hard_spiral,17
oracle,astar,,152,True,36,36,3.4233791890119134,3.423379189011912,1.0000000000000004,0,C_hard_spiral,17
oracle,focal,1.0,152,True,144,144,3.4233791890119134,3.423379189011912,1.0000000000000004,0,C_hard_spiral,17
oracle,focal,1.1,152,True,143,143,3.430609211675102,3.423379189011912,1.0021119549614592,0,C_hard_spiral,17
scalar_hrm,astar,,140,False,140,140,nan,3.423379189011912,nan,0,C_hard_spiral,17
scalar_hrm,focal,1.0,140,False,140,140,nan,3.423379189011912,nan,0,C_hard_spiral,17
scalar_hrm,focal,1.1,140,False,140,140,nan,3.423379189011912,nan,0,C_hard_spiral,17
scalar_hrm,astar,,152,True,142,142,3.6256092580145536,3.423379189011912,1.0590732308158393,0,C_hard_spiral,17
scalar_hrm,focal,1.0,152,True,144,144,3.4233791890119134,3.423379189011912,1.0000000000000004,0,C_hard_spiral,17
scalar_hrm,focal,1.1,152,True,143,143,3.7305796763890613,3.423379189011912,1.0897360386962616,0,C_hard_spiral,17
scalar_onlstm,astar,,140,True,135,135,3.463718180349661,3.423379189011912,1.0117833839345713,0,C_hard_spiral,17
scalar_onlstm,focal,1.0,140,False,140,140,nan,3.423379189011912,nan,0,C_hard_spiral,17
scalar_onlstm,focal,1.1,140,False,140,140,nan,3.423379189011912,nan,0,C_hard_spiral,17
scalar_onlstm,astar,,152,True,135,135,3.463718180349661,3.423379189011912,1.0117833839345713,0,C_hard_spiral,17
scalar_onlstm,focal,1.0,152,True,144,144,3.4233791890119134,3.423379189011912,1.0000000000000004,0,C_hard_spiral,17
scalar_onlstm,focal,1.1,152,True,143,143,3.566761218216424,3.423379189011912,1.0418831865499236,0,C_hard_spiral,17
field_unet,astar,,140,True,133,133,3.484239861004766,3.423379189011912,1.017777952319217,0,C_hard_spiral,17
field_unet,focal,1.0,140,False,140,140,nan,3.423379189011912,nan,0,C_hard_spiral,17
field_unet,focal,1.1,140,False,140,140,nan,3.423379189011912,nan,0,C_hard_spiral,17
field_unet,astar,,152,True,133,133,3.484239861004766,3.423379189011912,1.017777952319217,0,C_hard_spiral,17
field_unet,focal,1.0,152,True,144,144,3.4233791890119134,3.423379189011912,1.0000000000000004,0,C_hard_spiral,17
field_unet,focal,1.1,152,True,143,143,3.535614113922387,3.423379189011912,1.0327848358927687,0,C_hard_spiral,17
field_onlstm,astar,,140,False,140,140,nan,3.423379189011912,nan,0,C_hard_spiral,17
field_onlstm,focal,1.0,140,False,140,140,nan,3.423379189011912,nan,0,C_hard_spiral,17
field_onlstm,focal,1.1,140,False,140,140,nan,3.423379189011912,nan,0,C_hard_spiral,17
field_onlstm,astar,,152,True,141,141,3.430537138878298,3.423379189011912,1.0020909018461528,0,C_hard_spiral,17
field_onlstm,focal,1.0,152,True,144,144,3.4233791890119134,3.423379189011912,1.0000000000000004,0,C_hard_spiral,17
field_onlstm,focal,1.1,152,True,143,143,3.5808007106689077,3.423379189011912,1.0459842491776181,0,C_hard_spiral,17
field_hrm,astar,,140,True,125,125,3.4298396855667757,3.423379189011912,1.0018871694306024,0,C_hard_spiral,17
field_hrm,focal,1.0,140,False,140,140,nan,3.423379189011912,nan,0,C_hard_spiral,17
field_hrm,focal,1.1,140,False,140,140,nan,3.423379189011912,nan,0,C_hard_spiral,17
field_hrm,astar,,152,True,125,125,3.4298396855667757,3.423379189011912,1.0018871694306024,0,C_hard_spiral,17
field_hrm,focal,1.0,152,True,144,144,3.4233791890119134,3.423379189011912,1.0000000000000004,0,C_hard_spiral,17
field_hrm,focal,1.1,152,True,143,143,3.4369763994581723,3.423379189011912,1.00397186805654,0,C_hard_spiral,17
euclid,astar,,140,True,139,139,3.344654159306103,3.3446541593061028,1.0000000000000002,0,C_hard_spiral,18
euclid,focal,1.0,140,True,139,139,3.344654159306103,3.3446541593061028,1.0000000000000002,0,C_hard_spiral,18
euclid,focal,1.1,140,True,134,134,3.4606359522905175,3.3446541593061028,1.034676767001966,0,C_hard_spiral,18
euclid,astar,,152,True,139,139,3.344654159306103,3.3446541593061028,1.0000000000000002,0,C_hard_spiral,18
euclid,focal,1.0,152,True,139,139,3.344654159306103,3.3446541593061028,1.0000000000000002,0,C_hard_spiral,18
euclid,focal,1.1,152,True,134,134,3.4606359522905175,3.3446541593061028,1.034676767001966,0,C_hard_spiral,18
oracle,astar,,140,True,34,34,3.344654159306103,3.3446541593061028,1.0000000000000002,0,C_hard_spiral,18
oracle,focal,1.0,140,True,139,139,3.344654159306103,3.3446541593061028,1.0000000000000002,0,C_hard_spiral,18
oracle,focal,1.1,140,True,136,136,3.4217733665062844,3.3446541593061028,1.02305745333508,0,C_hard_spiral,18
oracle,astar,,152,True,34,34,3.344654159306103,3.3446541593061028,1.0000000000000002,0,C_hard_spiral,18
oracle,focal,1.0,152,True,139,139,3.344654159306103,3.3446541593061028,1.0000000000000002,0,C_hard_spiral,18
oracle,focal,1.1,152,True,136,136,3.4217733665062844,3.3446541593061028,1.02305745333508,0,C_hard_spiral,18
scalar_hrm,astar,,140,True,133,133,3.4396043829365524,3.3446541593061028,1.0283886521918153,0,C_hard_spiral,18
scalar_hrm,focal,1.0,140,True,139,139,3.344654159306103,3.3446541593061028,1.0000000000000002,0,C_hard_spiral,18
scalar_hrm,focal,1.1,140,True,134,134,3.6050914222331887,3.3446541593061028,1.077866724188045,0,C_hard_spiral,18
scalar_hrm,astar,,152,True,133,133,3.4396043829365524,3.3446541593061028,1.0283886521918153,0,C_hard_spiral,18
scalar_hrm,focal,1.0,152,True,139,139,3.344654159306103,3.3446541593061028,1.0000000000000002,0,C_hard_spiral,18
scalar_hrm,focal,1.1,152,True,134,134,3.6050914222331887,3.3446541593061028,1.077866724188045,0,C_hard_spiral,18
scalar_onlstm,astar,,140,True,123,123,3.4605153683310013,3.3446541593061028,1.0346407142581628,0,C_hard_spiral,18
scalar_onlstm,focal,1.0,140,True,139,139,3.344654159306103,3.3446541593061028,1.0000000000000002,0,C_hard_spiral,18
scalar_onlstm,focal,1.1,140,True,131,131,3.5094104637736545,3.3446541593061028,1.0492595935544298,0,C_hard_spiral,18
scalar_onlstm,astar,,152,True,123,123,3.4605153683310013,3.3446541593061028,1.0346407142581628,0,C_hard_spiral,18
scalar_onlstm,focal,1.0,152,True,139,139,3.344654159306103,3.3446541593061028,1.0000000000000002,0,C_hard_spiral,18
scalar_onlstm,focal,1.1,152,True,131,131,3.5094104637736545,3.3446541593061028,1.0492595935544298,0,C_hard_spiral,18
field_unet,astar,,140,True,134,134,3.4529173193219846,3.3446541593061028,1.0323690148096933,0,C_hard_spiral,18
field_unet,focal,1.0,140,True,139,139,3.344654159306103,3.3446541593061028,1.0000000000000002,0,C_hard_spiral,18
field_unet,focal,1.1,140,True,134,134,3.517609116920918,3.3446541593061028,1.0517108643754955,0,C_hard_spiral,18
field_unet,astar,,152,True,134,134,3.4529173193219846,3.3446541593061028,1.0323690148096933,0,C_hard_spiral,18
field_unet,focal,1.0,152,True,139,139,3.344654159306103,3.3446541593061028,1.0000000000000002,0,C_hard_spiral,18
field_unet,focal,1.1,152,True,134,134,3.517609116920918,3.3446541593061028,1.0517108643754955,0,C_hard_spiral,18
field_onlstm,astar,,140,True,137,137,3.425373525364062,3.3446541593061028,1.024133845298584,0,C_hard_spiral,18
field_onlstm,focal,1.0,140,True,139,139,3.344654159306103,3.3446541593061028,1.0000000000000002,0,C_hard_spiral,18
field_onlstm,focal,1.1,140,True,131,131,3.552961124123733,3.3446541593061028,1.0622805691996706,0,C_hard_spiral,18
field_onlstm,astar,,152,True,137,137,3.425373525364062,3.3446541593061028,1.024133845298584,0,C_hard_spiral,18
field_onlstm,focal,1.0,152,True,139,139,3.344654159306103,3.3446541593061028,1.0000000000000002,0,C_hard_spiral,18
field_onlstm,focal,1.1,152,True,131,131,3.552961124123733,3.3446541593061028,1.0622805691996706,0,C_hard_spiral,18
field_hrm,astar,,140,True,124,124,3.446453254212763,3.3446541593061028,1.030436359054767,0,C_hard_spiral,18
field_hrm,focal,1.0,140,True,139,139,3.344654159306103,3.3446541593061028,1.0000000000000002,0,C_hard_spiral,18
field_hrm,focal,1.1,140,True,133,133,3.5258820329800273,3.3446541593061028,1.0541843386616458,0,C_hard_spiral,18
field_hrm,astar,,152,True,124,124,3.446453254212763,3.3446541593061028,1.030436359054767,0,C_hard_spiral,18
field_hrm,focal,1.0,152,True,139,139,3.344654159306103,3.3446541593061028,1.0000000000000002,0,C_hard_spiral,18
field_hrm,focal,1.1,152,True,133,133,3.5258820329800273,3.3446541593061028,1.0541843386616458,0,C_hard_spiral,18
euclid,astar,,140,True,136,136,3.334458804608503,3.334458804608504,0.9999999999999998,0,C_hard_spiral,19
euclid,focal,1.0,140,True,136,136,3.334458804608503,3.334458804608504,0.9999999999999998,0,C_hard_spiral,19
euclid,focal,1.1,140,True,123,123,3.3723827339525476,3.334458804608504,1.0113733386934125,0,C_hard_spiral,19
euclid,astar,,152,True,136,136,3.334458804608503,3.334458804608504,0.9999999999999998,0,C_hard_spiral,19
euclid,focal,1.0,152,True,136,136,3.334458804608503,3.334458804608504,0.9999999999999998,0,C_hard_spiral,19
euclid,focal,1.1,152,True,123,123,3.3723827339525476,3.334458804608504,1.0113733386934125,0,C_hard_spiral,19
oracle,astar,,140,True,37,37,3.334458804608503,3.334458804608504,0.9999999999999998,0,C_hard_spiral,19
oracle,focal,1.0,140,True,136,136,3.334458804608503,3.334458804608504,0.9999999999999998,0,C_hard_spiral,19
oracle,focal,1.1,140,True,124,124,3.4452144831915996,3.334458804608504,1.0332154886514182,0,C_hard_spiral,19
oracle,astar,,152,True,37,37,3.334458804608503,3.334458804608504,0.9999999999999998,0,C_hard_spiral,19
oracle,focal,1.0,152,True,136,136,3.334458804608503,3.334458804608504,0.9999999999999998,0,C_hard_spiral,19
oracle,focal,1.1,152,True,124,124,3.4452144831915996,3.334458804608504,1.0332154886514182,0,C_hard_spiral,19
scalar_hrm,astar,,140,True,117,117,3.3837507336500874,3.334458804608504,1.014782587499194,0,C_hard_spiral,19
scalar_hrm,focal,1.0,140,True,136,136,3.334458804608503,3.334458804608504,0.9999999999999998,0,C_hard_spiral,19
scalar_hrm,focal,1.1,140,True,130,130,3.365186750651261,3.334458804608504,1.0092152723555285,0,C_hard_spiral,19
scalar_hrm,astar,,152,True,117,117,3.3837507336500874,3.334458804608504,1.014782587499194,0,C_hard_spiral,19
scalar_hrm,focal,1.0,152,True,136,136,3.334458804608503,3.334458804608504,0.9999999999999998,0,C_hard_spiral,19
scalar_hrm,focal,1.1,152,True,130,130,3.365186750651261,3.334458804608504,1.0092152723555285,0,C_hard_spiral,19
scalar_onlstm,astar,,140,True,134,134,3.363067939628133,3.334458804608504,1.008579843595635,0,C_hard_spiral,19
scalar_onlstm,focal,1.0,140,True,136,136,3.334458804608503,3.334458804608504,0.9999999999999998,0,C_hard_spiral,19
scalar_onlstm,focal,1.1,140,True,130,130,3.525507525884124,3.334458804608504,1.0572952711281287,0,C_hard_spiral,19
scalar_onlstm,astar,,152,True,134,134,3.363067939628133,3.334458804608504,1.008579843595635,0,C_hard_spiral,19
scalar_onlstm,focal,1.0,152,True,136,136,3.334458804608503,3.334458804608504,0.9999999999999998,0,C_hard_spiral,19
scalar_onlstm,focal,1.1,152,True,130,130,3.525507525884124,3.334458804608504,1.0572952711281287,0,C_hard_spiral,19
field_unet,astar,,140,True,128,128,3.4079178444598317,3.334458804608504,1.0220302736233542,0,C_hard_spiral,19
field_unet,focal,1.0,140,True,136,136,3.334458804608503,3.334458804608504,0.9999999999999998,0,C_hard_spiral,19
field_unet,focal,1.1,140,True,127,127,3.537521391034559,3.334458804608504,1.060898214170589,0,C_hard_spiral,19
field_unet,astar,,152,True,128,128,3.4079178444598317,3.334458804608504,1.0220302736233542,0,C_hard_spiral,19
field_unet,focal,1.0,152,True,136,136,3.334458804608503,3.334458804608504,0.9999999999999998,0,C_hard_spiral,19
field_unet,focal,1.1,152,True,127,127,3.537521391034559,3.334458804608504,1.060898214170589,0,C_hard_spiral,19
field_onlstm,astar,,140,True,127,127,3.3551531791072775,3.334458804608504,1.0062062168739863,0,C_hard_spiral,19
field_onlstm,focal,1.0,140,True,136,136,3.334458804608503,3.334458804608504,0.9999999999999998,0,C_hard_spiral,19
field_onlstm,focal,1.1,140,True,130,130,3.609784386769318,3.334458804608504,1.0825697956682778,0,C_hard_spiral,19
field_onlstm,astar,,152,True,127,127,3.3551531791072775,3.334458804608504,1.0062062168739863,0,C_hard_spiral,19
field_onlstm,focal,1.0,152,True,136,136,3.334458804608503,3.334458804608504,0.9999999999999998,0,C_hard_spiral,19
field_onlstm,focal,1.1,152,True,130,130,3.609784386769318,3.334458804608504,1.0825697956682778,0,C_hard_spiral,19
field_hrm,astar,,140,True,128,128,3.394635968821866,3.334458804608504,1.0180470558311268,0,C_hard_spiral,19
field_hrm,focal,1.0,140,True,136,136,3.334458804608503,3.334458804608504,0.9999999999999998,0,C_hard_spiral,19
field_hrm,focal,1.1,140,True,130,130,3.4249648796138525,3.334458804608504,1.0271426580170255,0,C_hard_spiral,19
field_hrm,astar,,152,True,128,128,3.394635968821866,3.334458804608504,1.0180470558311268,0,C_hard_spiral,19
field_hrm,focal,1.0,152,True,136,136,3.334458804608503,3.334458804608504,0.9999999999999998,0,C_hard_spiral,19
field_hrm,focal,1.1,152,True,130,130,3.4249648796138525,3.334458804608504,1.0271426580170255,0,C_hard_spiral,19
euclid,astar,,140,False,140,140,nan,3.291443593052291,nan,0,C_hard_spiral,20
euclid,focal,1.0,140,False,140,140,nan,3.291443593052291,nan,0,C_hard_spiral,20
euclid,focal,1.1,140,True,138,138,3.4026673124394984,3.291443593052291,1.0337917744122922,0,C_hard_spiral,20
euclid,astar,,152,True,141,141,3.2914435930522905,3.291443593052291,0.9999999999999999,0,C_hard_spiral,20
euclid,focal,1.0,152,True,141,141,3.2914435930522905,3.291443593052291,0.9999999999999999,0,C_hard_spiral,20
euclid,focal,1.1,152,True,138,138,3.4026673124394984,3.291443593052291,1.0337917744122922,0,C_hard_spiral,20
oracle,astar,,140,True,36,36,3.2914435930522905,3.291443593052291,0.9999999999999999,0,C_hard_spiral,20
oracle,focal,1.0,140,False,140,140,nan,3.291443593052291,nan,0,C_hard_spiral,20
oracle,focal,1.1,140,True,137,137,3.3976354680193883,3.291443593052291,1.032263009213116,0,C_hard_spiral,20
oracle,astar,,152,True,36,36,3.2914435930522905,3.291443593052291,0.9999999999999999,0,C_hard_spiral,20
oracle,focal,1.0,152,True,141,141,3.2914435930522905,3.291443593052291,0.9999999999999999,0,C_hard_spiral,20
oracle,focal,1.1,152,True,137,137,3.3976354680193883,3.291443593052291,1.032263009213116,0,C_hard_spiral,20
scalar_hrm,astar,,140,True,117,117,3.323411624350577,3.291443593052291,1.0097124651826832,0,C_hard_spiral,20
scalar_hrm,focal,1.0,140,False,140,140,nan,3.291443593052291,nan,0,C_hard_spiral,20
scalar_hrm,focal,1.1,140,True,138,138,3.398394314102002,3.291443593052291,1.032493560356151,0,C_hard_spiral,20
scalar_hrm,astar,,152,True,117,117,3.323411624350577,3.291443593052291,1.0097124651826832,0,C_hard_spiral,20
scalar_hrm,focal,1.0,152,True,141,141,3.2914435930522905,3.291443593052291,0.9999999999999999,0,C_hard_spiral,20
scalar_hrm,focal,1.1,152,True,138,138,3.398394314102002,3.291443593052291,1.032493560356151,0,C_hard_spiral,20
scalar_onlstm,astar,,140,True,87,87,3.346103128952264,3.291443593052291,1.0166065540407103,0,C_hard_spiral,20
scalar_onlstm,focal,1.0,140,False,140,140,nan,3.291443593052291,nan,0,C_hard_spiral,20
scalar_onlstm,focal,1.1,140,True,138,138,3.4026673124394984,3.291443593052291,1.0337917744122922,0,C_hard_spiral,20
scalar_onlstm,astar,,152,True,87,87,3.346103128952264,3.291443593052291,1.0166065540407103,0,C_hard_spiral,20
scalar_onlstm,focal,1.0,152,True,141,141,3.2914435930522905,3.291443593052291,0.9999999999999999,0,C_hard_spiral,20
scalar_onlstm,focal,1.1,152,True,138,138,3.4026673124394984,3.291443593052291,1.0337917744122922,0,C_hard_spiral,20
field_unet,astar,,140,True,119,119,3.338752690709946,3.291443593052291,1.0143733581695027,0,C_hard_spiral,20
field_unet,focal,1.0,140,False,140,140,nan,3.291443593052291,nan,0,C_hard_spiral,20
field_unet,focal,1.1,140,True,138,138,3.4593029782229925,3.291443593052291,1.050998712396295,0,C_hard_spiral,20
field_unet,astar,,152,True,119,119,3.338752690709946,3.291443593052291,1.0143733581695027,0,C_hard_spiral,20
field_unet,focal,1.0,152,True,141,141,3.2914435930522905,3.291443593052291,0.9999999999999999,0,C_hard_spiral,20
field_unet,focal,1.1,152,True,138,138,3.4593029782229925,3.291443593052291,1.050998712396295,0,C_hard_spiral,20
field_onlstm,astar,,140,True,130,130,3.320178057642018,3.291443593052291,1.008730049225325,0,C_hard_spiral,20
field_onlstm,focal,1.0,140,False,140,140,nan,3.291443593052291,nan,0,C_hard_spiral,20
field_onlstm,focal,1.1,140,True,137,137,3.358213754813016,3.291443593052291,1.0202859808692046,0,C_hard_spiral,20
field_onlstm,astar,,152,True,130,130,3.320178057642018,3.291443593052291,1.008730049225325,0,C_hard_spiral,20
field_onlstm,focal,1.0,152,True,141,141,3.2914435930522905,3.291443593052291,0.9999999999999999,0,C_hard_spiral,20
field_onlstm,focal,1.1,152,True,137,137,3.358213754813016,3.291443593052291,1.0202859808692046,0,C_hard_spiral,20
field_hrm,astar,,140,True,116,116,3.3002997783176915,3.291443593052291,1.0026906690073907,0,C_hard_spiral,20
field_hrm,focal,1.0,140,False,140,140,nan,3.291443593052291,nan,0,C_hard_spiral,20
field_hrm,focal,1.1,140,True,137,137,3.357711756195271,3.291443593052291,1.0201334646241125,0,C_hard_spiral,20
field_hrm,astar,,152,True,116,116,3.3002997783176915,3.291443593052291,1.0026906690073907,0,C_hard_spiral,20
field_hrm,focal,1.0,152,True,141,141,3.2914435930522905,3.291443593052291,0.9999999999999999,0,C_hard_spiral,20
field_hrm,focal,1.1,152,True,137,137,3.357711756195271,3.291443593052291,1.0201334646241125,0,C_hard_spiral,20
euclid,astar,,140,False,140,140,nan,3.0421241202621725,nan,0,C_hard_spiral,21
euclid,focal,1.0,140,False,140,140,nan,3.0421241202621725,nan,0,C_hard_spiral,21
euclid,focal,1.1,140,False,140,140,nan,3.0421241202621725,nan,0,C_hard_spiral,21
euclid,astar,,152,True,147,147,3.042124120262172,3.0421241202621725,0.9999999999999999,0,C_hard_spiral,21
euclid,focal,1.0,152,True,147,147,3.042124120262172,3.0421241202621725,0.9999999999999999,0,C_hard_spiral,21
euclid,focal,1.1,152,True,143,143,3.146097258981977,3.0421241202621725,1.0341778095204228,0,C_hard_spiral,21
oracle,astar,,140,True,35,35,3.042124120262172,3.0421241202621725,0.9999999999999999,0,C_hard_spiral,21
oracle,focal,1.0,140,False,140,140,nan,3.0421241202621725,nan,0,C_hard_spiral,21
oracle,focal,1.1,140,True,121,121,3.0884825099163242,3.0421241202621725,1.0152388225534192,0,C_hard_spiral,21
oracle,astar,,152,True,35,35,3.042124120262172,3.0421241202621725,0.9999999999999999,0,C_hard_spiral,21
oracle,focal,1.0,152,True,147,147,3.042124120262172,3.0421241202621725,0.9999999999999999,0,C_hard_spiral,21
oracle,focal,1.1,152,True,121,121,3.0884825099163242,3.0421241202621725,1.0152388225534192,0,C_hard_spiral,21
scalar_hrm,astar,,140,True,129,129,3.198951998837357,3.0421241202621725,1.0515520972765795,0,C_hard_spiral,21
scalar_hrm,focal,1.0,140,False,140,140,nan,3.0421241202621725,nan,0,C_hard_spiral,21
scalar_hrm,focal,1.1,140,False,140,140,nan,3.0421241202621725,nan,0,C_hard_spiral,21
scalar_hrm,astar,,152,True,129,129,3.198951998837357,3.0421241202621725,1.0515520972765795,0,C_hard_spiral,21
scalar_hrm,focal,1.0,152,True,147,147,3.042124120262172,3.0421241202621725,0.9999999999999999,0,C_hard_spiral,21
scalar_hrm,focal,1.1,152,True,146,146,3.1866027114735305,3.0421241202621725,1.0474926681160224,0,C_hard_spiral,21
scalar_onlstm,astar,,140,True,133,133,3.2891684389089266,3.0421241202621725,1.081207836656403,0,C_hard_spiral,21
scalar_onlstm,focal,1.0,140,False,140,140,nan,3.0421241202621725,nan,0,C_hard_spiral,21
scalar_onlstm,focal,1.1,140,False,140,140,nan,3.0421241202621725,nan,0,C_hard_spiral,21
scalar_onlstm,astar,,152,True,133,133,3.2891684389089266,3.0421241202621725,1.081207836656403,0,C_hard_spiral,21
scalar_onlstm,focal,1.0,152,True,147,147,3.042124120262172,3.0421241202621725,0.9999999999999999,0,C_hard_spiral,21
scalar_onlstm,focal,1.1,152,True,147,147,3.1088367526985117,3.0421241202621725,1.021929622132114,0,C_hard_spiral,21
field_unet,astar,,140,True,127,127,3.0484956670168972,3.0421241202621725,1.0020944401026528,0,C_hard_spiral,21
field_unet,focal,1.0,140,False,140,140,nan,3.0421241202621725,nan,0,C_hard_spiral,21
field_unet,focal,1.1,140,False,140,140,nan,3.0421241202621725,nan,0,C_hard_spiral,21
field_unet,astar,,152,True,127,127,3.0484956670168972,3.0421241202621725,1.0020944401026528,0,C_hard_spiral,21
field_unet,focal,1.0,152,True,147,147,3.042124120262172,3.0421241202621725,0.9999999999999999,0,C_hard_spiral,21
field_unet,focal,1.1,152,True,143,143,3.19119535921272,3.0421241202621725,1.049002352651443,0,C_hard_spiral,21
field_onlstm,astar,,140,True,135,135,3.1088367526985117,3.0421241202621725,1.021929622132114,0,C_hard_spiral,21
field_onlstm,focal,1.0,140,False,140,140,nan,3.0421241202621725,nan,0,C_hard_spiral,21
field_onlstm,focal,1.1,140,True,140,140,3.19129010499418,3.0421241202621725,1.0490334972654412,0,C_hard_spiral,21
field_onlstm,astar,,152,True,135,135,3.1088367526985117,3.0421241202621725,1.021929622132114,0,C_hard_spiral,21
field_onlstm,focal,1.0,152,True,147,147,3.042124120262172,3.0421241202621725,0.9999999999999999,0,C_hard_spiral,21
field_onlstm,focal,1.1,152,True,140,140,3.19129010499418,3.0421241202621725,1.0490334972654412,0,C_hard_spiral,21
field_hrm,astar,,140,True,116,116,3.0500461391141283,3.0421241202621725,1.0026041077019807,0,C_hard_spiral,21
field_hrm,focal,1.0,140,False,140,140,nan,3.0421241202621725,nan,0,C_hard_spiral,21
field_hrm,focal,1.1,140,False,140,140,nan,3.0421241202621725,nan,0,C_hard_spiral,21
field_hrm,astar,,152,True,116,116,3.0500461391141283,3.0421241202621725,1.0026041077019807,0,C_hard_spiral,21
field_hrm,focal,1.0,152,True,147,147,3.042124120262172,3.0421241202621725,0.9999999999999999,0,C_hard_spiral,21
field_hrm,focal,1.1,152,True,147,147,3.1894003679555194,3.0421241202621725,1.0484123072797749,0,C_hard_spiral,21
euclid,astar,,140,False,140,140,nan,3.5295931494282313,nan,0,C_hard_spiral,22
euclid,focal,1.0,140,False,140,140,nan,3.5295931494282313,nan,0,C_hard_spiral,22
euclid,focal,1.1,140,False,140,140,nan,3.5295931494282313,nan,0,C_hard_spiral,22
euclid,astar,,152,True,149,149,3.5295931494282313,3.5295931494282313,1.0,0,C_hard_spiral,22
euclid,focal,1.0,152,True,149,149,3.5295931494282313,3.5295931494282313,1.0,0,C_hard_spiral,22
euclid,focal,1.1,152,True,147,147,3.5770038351020492,3.5295931494282313,1.0134323372883638,0,C_hard_spiral,22
oracle,astar,,140,True,38,38,3.5295931494282313,3.5295931494282313,1.0,0,C_hard_spiral,22
oracle,focal,1.0,140,False,140,140,nan,3.5295931494282313,nan,0,C_hard_spiral,22
oracle,focal,1.1,140,False,140,140,nan,3.5295931494282313,nan,0,C_hard_spiral,22
oracle,astar,,152,True,38,38,3.5295931494282313,3.5295931494282313,1.0,0,C_hard_spiral,22
oracle,focal,1.0,152,True,149,149,3.5295931494282313,3.5295931494282313,1.0,0,C_hard_spiral,22
oracle,focal,1.1,152,True,146,146,3.6000799254635765,3.5295931494282313,1.0199702268933641,0,C_hard_spiral,22
scalar_hrm,astar,,140,True,138,138,3.676389963970538,3.5295931494282313,1.0415902933645729,0,C_hard_spiral,22
scalar_hrm,focal,1.0,140,False,140,140,nan,3.5295931494282313,nan,0,C_hard_spiral,22
scalar_hrm,focal,1.1,140,False,140,140,nan,3.5295931494282313,nan,0,C_hard_spiral,22
scalar_hrm,astar,,152,True,138,138,3.676389963970538,3.5295931494282313,1.0415902933645729,0,C_hard_spiral,22
scalar_hrm,focal,1.0,152,True,149,149,3.5295931494282313,3.5295931494282313,1.0,0,C_hard_spiral,22
scalar_hrm,focal,1.1,152,True,147,147,3.770002430994952,3.5295931494282313,1.0681124626518683,0,C_hard_spiral,22
scalar_onlstm,astar,,140,True,129,129,3.6402139959853654,3.5295931494282313,1.0313409625058496,0,C_hard_spiral,22
scalar_onlstm,focal,1.0,140,False,140,140,nan,3.5295931494282313,nan,0,C_hard_spiral,22
scalar_onlstm,focal,1.1,140,False,140,140,nan,3.5295931494282313,nan,0,C_hard_spiral,22
scalar_onlstm,astar,,152,True,129,129,3.6402139959853654,3.5295931494282313,1.0313409625058496,0,C_hard_spiral,22
scalar_onlstm,focal,1.0,152,True,149,149,3.5295931494282313,3.5295931494282313,1.0,0,C_hard_spiral,22
scalar_onlstm,focal,1.1,152,True,146,146,3.7052850334993743,3.5295931494282313,1.0497768090068975,0,C_hard_spiral,22
field_unet,astar,,140,False,140,140,nan,3.5295931494282313,nan,0,C_hard_spiral,22
field_unet,focal,1.0,140,False,140,140,nan,3.5295931494282313,nan,0,C_hard_spiral,22
field_unet,focal,1.1,140,False,140,140,nan,3.5295931494282313,nan,0,C_hard_spiral,22
field_unet,astar,,152,True,143,143,3.576807055310498,3.5295931494282313,1.013376585879286,0,C_hard_spiral,22
field_unet,focal,1.0,152,True,149,149,3.5295931494282313,3.5295931494282313,1.0,0,C_hard_spiral,22
field_unet,focal,1.1,152,True,149,149,3.792808397610023,3.5295931494282313,1.0745738211284863,0,C_hard_spiral,22
field_onlstm,astar,,140,False,140,140,nan,3.5295931494282313,nan,0,C_hard_spiral,22
field_onlstm,focal,1.0,140,False,140,140,nan,3.5295931494282313,nan,0,C_hard_spiral,22
field_onlstm,focal,1.1,140,False,140,140,nan,3.5295931494282313,nan,0,C_hard_spiral,22
field_onlstm,astar,,152,True,148,148,3.576807055310498,3.5295931494282313,1.013376585879286,0,C_hard_spiral,22
field_onlstm,focal,1.0,152,True,149,149,3.5295931494282313,3.5295931494282313,1.0,0,C_hard_spiral,22
field_onlstm,focal,1.1,152,True,147,147,3.744678537542452,3.5295931494282313,1.0609377282333696,0,C_hard_spiral,22
field_hrm,astar,,140,True,137,137,3.613772703467877,3.5295931494282313,1.0238496479553973,0,C_hard_spiral,22
field_hrm,focal,1.0,140,False,140,140,nan,3.5295931494282313,nan,0,C_hard_spiral,22
field_hrm,focal,1.1,140,False,140,140,nan,3.5295931494282313,nan,0,C_hard_spiral,22
field_hrm,astar,,152,True,137,137,3.613772703467877,3.5295931494282313,1.0238496479553973,0,C_hard_spiral,22
field_hrm,focal,1.0,152,True,149,149,3.5295931494282313,3.5295931494282313,1.0,0,C_hard_spiral,22
field_hrm,focal,1.1,152,True,147,147,3.6049327840858023,3.5295931494282313,1.0213451328433634,0,C_hard_spiral,22
euclid,astar,,140,True,140,140,3.0122659046120575,3.0122659046120566,1.0000000000000002,0,C_hard_spiral,23
euclid,focal,1.0,140,True,140,140,3.0122659046120575,3.0122659046120566,1.0000000000000002,0,C_hard_spiral,23
euclid,focal,1.1,140,True,131,131,3.029165879299758,3.0122659046120566,1.005610386075753,0,C_hard_spiral,23
euclid,astar,,152,True,140,140,3.0122659046120575,3.0122659046120566,1.0000000000000002,0,C_hard_spiral,23
euclid,focal,1.0,152,True,140,140,3.0122659046120575,3.0122659046120566,1.0000000000000002,0,C_hard_spiral,23
euclid,focal,1.1,152,True,131,131,3.029165879299758,3.0122659046120566,1.005610386075753,0,C_hard_spiral,23
oracle,astar,,140,True,31,31,3.0122659046120575,3.0122659046120566,1.0000000000000002,0,C_hard_spiral,23
oracle,focal,1.0,140,True,140,140,3.0122659046120575,3.0122659046120566,1.0000000000000002,0,C_hard_spiral,23
oracle,focal,1.1,140,True,129,129,3.0247550786780724,3.0122659046120566,1.0041461061079946,0,C_hard_spiral,23
oracle,astar,,152,True,31,31,3.0122659046120575,3.0122659046120566,1.0000000000000002,0,C_hard_spiral,23
oracle,focal,1.0,152,True,140,140,3.0122659046120575,3.0122659046120566,1.0000000000000002,0,C_hard_spiral,23
oracle,focal,1.1,152,True,129,129,3.0247550786780724,3.0122659046120566,1.0041461061079946,0,C_hard_spiral,23
scalar_hrm,astar,,140,True,105,105,3.167648441240332,3.0122659046120566,1.0515832737044797,0,C_hard_spiral,23
scalar_hrm,focal,1.0,140,True,140,140,3.0122659046120575,3.0122659046120566,1.0000000000000002,0,C_hard_spiral,23
scalar_hrm,focal,1.1,140,True,130,130,3.141867424733151,3.0122659046120566,1.0430245948482377,0,C_hard_spiral,23
scalar_hrm,astar,,152,True,105,105,3.167648441240332,3.0122659046120566,1.0515832737044797,0,C_hard_spiral,23
scalar_hrm,focal,1.0,152,True,140,140,3.0122659046120575,3.0122659046120566,1.0000000000000002,0,C_hard_spiral,23
scalar_hrm,focal,1.1,152,True,130,130,3.141867424733151,3.0122659046120566,1.0430245948482377,0,C_hard_spiral,23
scalar_onlstm,astar,,140,True,83,83,3.1135669150490903,3.0122659046120566,1.0336295047133564,0,C_hard_spiral,23
scalar_onlstm,focal,1.0,140,True,140,140,3.0122659046120575,3.0122659046120566,1.0000000000000002,0,C_hard_spiral,23
scalar_onlstm,focal,1.1,140,True,130,130,3.067276112386278,3.0122659046120566,1.0182620689926463,0,C_hard_spiral,23
scalar_onlstm,astar,,152,True,83,83,3.1135669150490903,3.0122659046120566,1.0336295047133564,0,C_hard_spiral,23
scalar_onlstm,focal,1.0,152,True,140,140,3.0122659046120575,3.0122659046120566,1.0000000000000002,0,C_hard_spiral,23
scalar_onlstm,focal,1.1,152,True,130,130,3.067276112386278,3.0122659046120566,1.0182620689926463,0,C_hard_spiral,23
field_unet,astar,,140,True,122,122,3.0672233366098975,3.0122659046120566,1.0182445487012604,0,C_hard_spiral,23
field_unet,focal,1.0,140,True,140,140,3.0122659046120575,3.0122659046120566,1.0000000000000002,0,C_hard_spiral,23
field_unet,focal,1.1,140,True,138,138,3.2948293428611444,3.0122659046120566,1.093804281294177,0,C_hard_spiral,23
field_unet,astar,,152,True,122,122,3.0672233366098975,3.0122659046120566,1.0182445487012604,0,C_hard_spiral,23
field_unet,focal,1.0,152,True,140,140,3.0122659046120575,3.0122659046120566,1.0000000000000002,0,C_hard_spiral,23
field_unet,focal,1.1,152,True,138,138,3.2948293428611444,3.0122659046120566,1.093804281294177,0,C_hard_spiral,23
field_onlstm,astar,,140,True,131,131,3.192278148796656,3.0122659046120566,1.0597597456150813,0,C_hard_spiral,23
field_onlstm,focal,1.0,140,True,140,140,3.0122659046120575,3.0122659046120566,1.0000000000000002,0,C_hard_spiral,23
field_onlstm,focal,1.1,140,True,130,130,3.0319953804807596,3.0122659046120566,1.0065497125730154,0,C_hard_spiral,23
field_onlstm,astar,,152,True,131,131,3.192278148796656,3.0122659046120566,1.0597597456150813,0,C_hard_spiral,23
field_onlstm,focal,1.0,152,True,140,140,3.0122659046120575,3.0122659046120566,1.0000000000000002,0,C_hard_spiral,23
field_onlstm,focal,1.1,152,True,130,130,3.0319953804807596,3.0122659046120566,1.0065497125730154,0,C_hard_spiral,23
field_hrm,astar,,140,True,103,103,3.0315733244633245,3.0122659046120566,1.0064096001026026,0,C_hard_spiral,23
field_hrm,focal,1.0,140,True,140,140,3.0122659046120575,3.0122659046120566,1.0000000000000002,0,C_hard_spiral,23
field_hrm,focal,1.1,140,True,132,132,3.0597511693100587,3.0122659046120566,1.0157639684548758,0,C_hard_spiral,23
field_hrm,astar,,152,True,103,103,3.0315733244633245,3.0122659046120566,1.0064096001026026,0,C_hard_spiral,23
field_hrm,focal,1.0,152,True,140,140,3.0122659046120575,3.0122659046120566,1.0000000000000002,0,C_hard_spiral,23
field_hrm,focal,1.1,152,True,132,132,3.0597511693100587,3.0122659046120566,1.0157639684548758,0,C_hard_spiral,23
