stage,suite,world_index,method,backbone,expert_task,alpha,budget,found,cost,cost_ratio,oracle_cost,expansions,closed,roadmap_nodes,roadmap_edges,obstacle_count,side_len,heuristic_max,heuristic_min,heuristic_mean,heuristic_std,spearman_to_prm_oracle,heatmap_min,heatmap_max,heatmap_mean,heatmap_std,nonfinite_heuristic
c6,C_hard_rooms,0,euclidean,,,0.0,128,0,nan,nan,5.979236080123035,128,128,192,602,36,2.0,2.2110159395620634,0.0,1.1504425455376792,0.5181177468239369,0.9205215934677049,0.0,2.2110159395620634,1.1504425455376792,0.5181177468239369,0
c6,C_hard_rooms,0,euclidean,,,0.0,144,0,nan,nan,5.979236080123035,144,144,192,602,36,2.0,2.2110159395620634,0.0,1.1504425455376792,0.5181177468239369,0.9205215934677049,0.0,2.2110159395620634,1.1504425455376792,0.5181177468239369,0
c6,C_hard_rooms,0,euclidean,,,0.0,168,1,5.979236080123035,1.0,5.979236080123035,155,155,192,602,36,2.0,2.2110159395620634,0.0,1.1504425455376792,0.5181177468239369,0.9205215934677049,0.0,2.2110159395620634,1.1504425455376792,0.5181177468239369,0
c6,C_hard_rooms,0,grid_oracle,,,0.0,128,1,5.979236080123035,1.0,5.979236080123035,128,128,192,602,36,2.0,5.771491770272199,0.01376340449875722,2.994277071344099,1.6992374112726745,0.9753275642242901,0.0,5.897208691207963,2.8642679841108687,1.705827627859117,0
c6,C_hard_rooms,0,grid_oracle,,,0.0,144,1,5.979236080123035,1.0,5.979236080123035,128,128,192,602,36,2.0,5.771491770272199,0.01376340449875722,2.994277071344099,1.6992374112726745,0.9753275642242901,0.0,5.897208691207963,2.8642679841108687,1.705827627859117,0
c6,C_hard_rooms,0,grid_oracle,,,0.0,168,1,5.979236080123035,1.0,5.979236080123035,128,128,192,602,36,2.0,5.771491770272199,0.01376340449875722,2.994277071344099,1.6992374112726745,0.9753275642242901,0.0,5.897208691207963,2.8642679841108687,1.705827627859117,0
c6,C_hard_rooms,0,unet,unet,,0.0,128,0,nan,nan,5.979236080123035,128,128,192,602,36,2.0,4.605660850550607,0.1169184609601121,2.1833018024841278,1.2033208589677729,0.9450787374874535,0.025589371100068092,1.5789827108383179,0.5165516580414078,0.36426144118117443,0
c6,C_hard_rooms,0,unet,unet,,0.0,144,0,nan,nan,5.979236080123035,144,144,192,602,36,2.0,4.605660850550607,0.1169184609601121,2.1833018024841278,1.2033208589677729,0.9450787374874535,0.025589371100068092,1.5789827108383179,0.5165516580414078,0.36426144118117443,0
c6,C_hard_rooms,0,unet,unet,,0.0,168,1,5.986411827516942,1.0012001110673254,5.979236080123035,152,152,192,602,36,2.0,4.605660850550607,0.1169184609601121,2.1833018024841278,1.2033208589677729,0.9450787374874535,0.025589371100068092,1.5789827108383179,0.5165516580414078,0.36426144118117443,0
c6,C_hard_rooms,0,onlstm,onlstm,,0.0,128,0,nan,nan,5.979236080123035,128,128,192,602,36,2.0,4.208211988725068,0.057070201453550386,2.2085419020088417,1.1920605269241544,0.9325712774326561,0.017129717394709587,1.1361395120620728,0.4984186604183378,0.3416854421463959,0
c6,C_hard_rooms,0,onlstm,onlstm,,0.0,144,0,nan,nan,5.979236080123035,144,144,192,602,36,2.0,4.208211988725068,0.057070201453550386,2.2085419020088417,1.1920605269241544,0.9325712774326561,0.017129717394709587,1.1361395120620728,0.4984186604183378,0.3416854421463959,0
c6,C_hard_rooms,0,onlstm,onlstm,,0.0,168,1,6.008668729543944,1.0049224765549487,5.979236080123035,157,157,192,602,36,2.0,4.208211988725068,0.057070201453550386,2.2085419020088417,1.1920605269241544,0.9325712774326561,0.017129717394709587,1.1361395120620728,0.4984186604183378,0.3416854421463959,0
c6,C_hard_rooms,0,hrm,hrm,,0.0,128,0,nan,nan,5.979236080123035,128,128,192,602,36,2.0,4.548973725405258,0.0018672828275431586,2.1391871553782456,1.2326850567951202,0.9449176681225078,0.0007089166902005672,1.5281513929367065,0.47909141886886175,0.3769718698649501,0
c6,C_hard_rooms,0,hrm,hrm,,0.0,144,0,nan,nan,5.979236080123035,144,144,192,602,36,2.0,4.548973725405258,0.0018672828275431586,2.1391871553782456,1.2326850567951202,0.9449176681225078,0.0007089166902005672,1.5281513929367065,0.47909141886886175,0.3769718698649501,0
c6,C_hard_rooms,0,hrm,hrm,,0.0,168,1,6.0158444769378505,1.0061225876222741,5.979236080123035,153,153,192,602,36,2.0,4.548973725405258,0.0018672828275431586,2.1391871553782456,1.2326850567951202,0.9449176681225078,0.0007089166902005672,1.5281513929367065,0.47909141886886175,0.3769718698649501,0
c6,C_hard_rooms,1,euclidean,,,0.0,128,0,nan,nan,6.45404926900633,128,128,192,624,34,2.0,2.0765702649604725,0.0,1.113919012405174,0.5163629729031208,0.9406620459539377,0.0,2.0765702649604725,1.113919012405174,0.5163629729031208,0
c6,C_hard_rooms,1,euclidean,,,0.0,144,1,6.454049269006329,0.9999999999999999,6.45404926900633,132,132,192,624,34,2.0,2.0765702649604725,0.0,1.113919012405174,0.5163629729031208,0.9406620459539377,0.0,2.0765702649604725,1.113919012405174,0.5163629729031208,0
c6,C_hard_rooms,1,euclidean,,,0.0,168,1,6.454049269006329,0.9999999999999999,6.45404926900633,132,132,192,624,34,2.0,2.0765702649604725,0.0,1.113919012405174,0.5163629729031208,0.9406620459539377,0.0,2.0765702649604725,1.113919012405174,0.5163629729031208,0
c6,C_hard_rooms,1,grid_oracle,,,0.0,128,1,6.457507142392819,1.00053576804923,6.45404926900633,122,122,192,624,34,2.0,5.996564990023144,0.024823354362293253,2.8372410010430067,1.8686853719239525,0.96720288636302,0.0,6.0976528650321224,2.7898360770630153,1.8309893341708026,0
c6,C_hard_rooms,1,grid_oracle,,,0.0,144,1,6.457507142392819,1.00053576804923,6.45404926900633,122,122,192,624,34,2.0,5.996564990023144,0.024823354362293253,2.8372410010430067,1.8686853719239525,0.96720288636302,0.0,6.0976528650321224,2.7898360770630153,1.8309893341708026,0
c6,C_hard_rooms,1,grid_oracle,,,0.0,168,1,6.457507142392819,1.00053576804923,6.45404926900633,122,122,192,624,34,2.0,5.996564990023144,0.024823354362293253,2.8372410010430067,1.8686853719239525,0.96720288636302,0.0,6.0976528650321224,2.7898360770630153,1.8309893341708026,0
c6,C_hard_rooms,1,unet,unet,,0.0,128,1,6.468925828610795,1.00230499628751,6.45404926900633,124,124,192,624,34,2.0,4.5281157882120695,0.08146249448813787,2.0728677742188033,1.1800002794763944,0.9361571901364514,0.023436203598976135,1.2749119997024536,0.4790239643921268,0.33321326286650793,0
c6,C_hard_rooms,1,unet,unet,,0.0,144,1,6.468925828610795,1.00230499628751,6.45404926900633,124,124,192,624,34,2.0,4.5281157882120695,0.08146249448813787,2.0728677742188033,1.1800002794763944,0.9361571901364514,0.023436203598976135,1.2749119997024536,0.4790239643921268,0.33321326286650793,0
c6,C_hard_rooms,1,unet,unet,,0.0,168,1,6.468925828610795,1.00230499628751,6.45404926900633,124,124,192,624,34,2.0,4.5281157882120695,0.08146249448813787,2.0728677742188033,1.1800002794763944,0.9361571901364514,0.023436203598976135,1.2749119997024536,0.4790239643921268,0.33321326286650793,0
c6,C_hard_rooms,1,onlstm,onlstm,,0.0,128,0,nan,nan,6.45404926900633,128,128,192,624,34,2.0,4.075066568914506,0.04718252734845841,2.1505515185079456,1.1718075103818233,0.9499888099178039,0.01669006235897541,1.1103041172027588,0.5181043746688374,0.3259984081605219,0
c6,C_hard_rooms,1,onlstm,onlstm,,0.0,144,1,6.4763794876360965,1.0034598773109777,6.45404926900633,131,131,192,624,34,2.0,4.075066568914506,0.04718252734845841,2.1505515185079456,1.1718075103818233,0.9499888099178039,0.01669006235897541,1.1103041172027588,0.5181043746688374,0.3259984081605219,0
c6,C_hard_rooms,1,onlstm,onlstm,,0.0,168,1,6.4763794876360965,1.0034598773109777,6.45404926900633,131,131,192,624,34,2.0,4.075066568914506,0.04718252734845841,2.1505515185079456,1.1718075103818233,0.9499888099178039,0.01669006235897541,1.1103041172027588,0.5181043746688374,0.3259984081605219,0
c6,C_hard_rooms,1,hrm,hrm,,0.0,128,1,6.454049269006329,0.9999999999999999,6.45404926900633,124,124,192,624,34,2.0,4.87988324642644,0.0012694426974759775,2.0620442757469957,1.28284077167503,0.9266235791986547,0.0004942880477756262,1.4573925733566284,0.4584291772617064,0.3844254717481085,0
c6,C_hard_rooms,1,hrm,hrm,,0.0,144,1,6.454049269006329,0.9999999999999999,6.45404926900633,124,124,192,624,34,2.0,4.87988324642644,0.0012694426974759775,2.0620442757469957,1.28284077167503,0.9266235791986547,0.0004942880477756262,1.4573925733566284,0.4584291772617064,0.3844254717481085,0
c6,C_hard_rooms,1,hrm,hrm,,0.0,168,1,6.454049269006329,0.9999999999999999,6.45404926900633,124,124,192,624,34,2.0,4.87988324642644,0.0012694426974759775,2.0620442757469957,1.28284077167503,0.9266235791986547,0.0004942880477756262,1.4573925733566284,0.4584291772617064,0.3844254717481085,0
c6,C_hard_rooms,2,euclidean,,,0.0,128,0,nan,nan,5.935564095786787,128,128,192,574,48,2.0,2.036352937673393,0.0,1.1366350351983114,0.5128649082989623,0.8703323793505685,0.0,2.036352937673393,1.1366350351983114,0.5128649082989623,0
c6,C_hard_rooms,2,euclidean,,,0.0,144,1,5.9355640957867895,1.0000000000000004,5.935564095786787,140,140,192,574,48,2.0,2.036352937673393,0.0,1.1366350351983114,0.5128649082989623,0.8703323793505685,0.0,2.036352937673393,1.1366350351983114,0.5128649082989623,0
c6,C_hard_rooms,2,euclidean,,,0.0,168,1,5.9355640957867895,1.0000000000000004,5.935564095786787,140,140,192,574,48,2.0,2.036352937673393,0.0,1.1366350351983114,0.5128649082989623,0.8703323793505685,0.0,2.036352937673393,1.1366350351983114,0.5128649082989623,0
c6,C_hard_rooms,2,grid_oracle,,,0.0,128,1,5.9355640957867895,1.0000000000000004,5.935564095786787,100,100,192,574,48,2.0,8.00436357221124,0.012824301707250761,2.991781496130096,1.9070064323843687,0.9071714863141905,0.0,6.5976528650321224,2.930016084032185,1.77644821867778,0
c6,C_hard_rooms,2,grid_oracle,,,0.0,144,1,5.9355640957867895,1.0000000000000004,5.935564095786787,100,100,192,574,48,2.0,8.00436357221124,0.012824301707250761,2.991781496130096,1.9070064323843687,0.9071714863141905,0.0,6.5976528650321224,2.930016084032185,1.77644821867778,0
c6,C_hard_rooms,2,grid_oracle,,,0.0,168,1,5.9355640957867895,1.0000000000000004,5.935564095786787,100,100,192,574,48,2.0,8.00436357221124,0.012824301707250761,2.991781496130096,1.9070064323843687,0.9071714863141905,0.0,6.5976528650321224,2.930016084032185,1.77644821867778,0
c6,C_hard_rooms,2,unet,unet,,0.0,128,0,nan,nan,5.935564095786787,128,128,192,574,48,2.0,4.496725757721196,0.17283334255057906,2.1348480896985946,1.18102807545484,0.8451004394650464,0.022355465218424797,1.5203319787979126,0.5060366499956217,0.35994512124672584,0
c6,C_hard_rooms,2,unet,unet,,0.0,144,1,5.989365392219972,1.0090642263422571,5.935564095786787,135,135,192,574,48,2.0,4.496725757721196,0.17283334255057906,2.1348480896985946,1.18102807545484,0.8451004394650464,0.022355465218424797,1.5203319787979126,0.5060366499956217,0.35994512124672584,0
c6,C_hard_rooms,2,unet,unet,,0.0,168,1,5.989365392219972,1.0090642263422571,5.935564095786787,135,135,192,574,48,2.0,4.496725757721196,0.17283334255057906,2.1348480896985946,1.18102807545484,0.8451004394650464,0.022355465218424797,1.5203319787979126,0.5060366499956217,0.35994512124672584,0
c6,C_hard_rooms,2,onlstm,onlstm,,0.0,128,0,nan,nan,5.935564095786787,128,128,192,574,48,2.0,4.047744232244292,0.05774745303309725,2.1780868291708155,1.2028345543506131,0.8653748338442341,0.012180713005363941,1.1157307624816895,0.5105043144426418,0.34279125115551906,0
c6,C_hard_rooms,2,onlstm,onlstm,,0.0,144,1,6.2234265001928915,1.0484979017597396,5.935564095786787,135,135,192,574,48,2.0,4.047744232244292,0.05774745303309725,2.1780868291708155,1.2028345543506131,0.8653748338442341,0.012180713005363941,1.1157307624816895,0.5105043144426418,0.34279125115551906,0
c6,C_hard_rooms,2,onlstm,onlstm,,0.0,168,1,6.2234265001928915,1.0484979017597396,5.935564095786787,135,135,192,574,48,2.0,4.047744232244292,0.05774745303309725,2.1780868291708155,1.2028345543506131,0.8653748338442341,0.012180713005363941,1.1157307624816895,0.5105043144426418,0.34279125115551906,0
c6,C_hard_rooms,2,hrm,hrm,,0.0,128,0,nan,nan,5.935564095786787,128,128,192,574,48,2.0,4.615307645469097,0.0014392686754158162,2.0920982627340776,1.2250483073168188,0.8376725985405422,0.0005112794460728765,1.491227626800537,0.4724931874033871,0.36799653541075605,0
c6,C_hard_rooms,2,hrm,hrm,,0.0,144,1,6.047517001470373,1.0188613759159055,5.935564095786787,134,134,192,574,48,2.0,4.615307645469097,0.0014392686754158162,2.0920982627340776,1.2250483073168188,0.8376725985405422,0.0005112794460728765,1.491227626800537,0.4724931874033871,0.36799653541075605,0
c6,C_hard_rooms,2,hrm,hrm,,0.0,168,1,6.047517001470373,1.0188613759159055,5.935564095786787,134,134,192,574,48,2.0,4.615307645469097,0.0014392686754158162,2.0920982627340776,1.2250483073168188,0.8376725985405422,0.0005112794460728765,1.491227626800537,0.4724931874033871,0.36799653541075605,0
c6,C_hard_rooms,3,euclidean,,,0.0,128,0,nan,nan,6.4535511653495385,128,128,192,605,38,2.0,1.8868220420691633,0.0,0.9700232264574046,0.466512223742177,0.9128224778232917,0.0,1.8868220420691633,0.9700232264574046,0.466512223742177,0
c6,C_hard_rooms,3,euclidean,,,0.0,144,1,6.453551165349536,0.9999999999999996,6.4535511653495385,140,140,192,605,38,2.0,1.8868220420691633,0.0,0.9700232264574046,0.466512223742177,0.9128224778232917,0.0,1.8868220420691633,0.9700232264574046,0.466512223742177,0
c6,C_hard_rooms,3,euclidean,,,0.0,168,1,6.453551165349536,0.9999999999999996,6.4535511653495385,140,140,192,605,38,2.0,1.8868220420691633,0.0,0.9700232264574046,0.466512223742177,0.9128224778232917,0.0,1.8868220420691633,0.9700232264574046,0.466512223742177,0
c6,C_hard_rooms,3,grid_oracle,,,0.0,128,1,6.453636274631282,1.000013187976598,6.4535511653495385,109,109,192,605,38,2.0,6.635374674898982,0.016318884054970836,2.8720857077630364,2.113942655938655,0.9932723869462606,0.0,6.762405300614692,3.0811144260737535,2.1259703439816446,0
c6,C_hard_rooms,3,grid_oracle,,,0.0,144,1,6.453636274631282,1.000013187976598,6.4535511653495385,109,109,192,605,38,2.0,6.635374674898982,0.016318884054970836,2.8720857077630364,2.113942655938655,0.9932723869462606,0.0,6.762405300614692,3.0811144260737535,2.1259703439816446,0
c6,C_hard_rooms,3,grid_oracle,,,0.0,168,1,6.453636274631282,1.000013187976598,6.4535511653495385,109,109,192,605,38,2.0,6.635374674898982,0.016318884054970836,2.8720857077630364,2.113942655938655,0.9932723869462606,0.0,6.762405300614692,3.0811144260737535,2.1259703439816446,0
c6,C_hard_rooms,3,unet,unet,,0.0,128,0,nan,nan,6.4535511653495385,128,128,192,605,38,2.0,4.249516845618872,0.0946485079006829,1.838661154729137,1.0909805634117247,0.9515740715622713,0.015584574081003666,1.3166965246200562,0.4729450565157549,0.32306835482309504,0
c6,C_hard_rooms,3,unet,unet,,0.0,144,1,6.535465011329391,1.0126928328111295,6.4535511653495385,131,131,192,605,38,2.0,4.249516845618872,0.0946485079006829,1.838661154729137,1.0909805634117247,0.9515740715622713,0.015584574081003666,1.3166965246200562,0.4729450565157549,0.32306835482309504,0
c6,C_hard_rooms,3,unet,unet,,0.0,168,1,6.535465011329391,1.0126928328111295,6.4535511653495385,131,131,192,605,38,2.0,4.249516845618872,0.0946485079006829,1.838661154729137,1.0909805634117247,0.9515740715622713,0.015584574081003666,1.3166965246200562,0.4729450565157549,0.32306835482309504,0
c6,C_hard_rooms,3,onlstm,onlstm,,0.0,128,0,nan,nan,6.4535511653495385,128,128,192,605,38,2.0,3.825958605334325,0.055802360616475616,1.8351391657263825,1.0933172720224877,0.9411893361907604,0.020308103412389755,1.0507055521011353,0.46019633403147964,0.3140928423242461,0
c6,C_hard_rooms,3,onlstm,onlstm,,0.0,144,1,6.527884980883402,1.011518280963352,6.4535511653495385,140,140,192,605,38,2.0,3.825958605334325,0.055802360616475616,1.8351391657263825,1.0933172720224877,0.9411893361907604,0.020308103412389755,1.0507055521011353,0.46019633403147964,0.3140928423242461,0
c6,C_hard_rooms,3,onlstm,onlstm,,0.0,168,1,6.527884980883402,1.011518280963352,6.4535511653495385,140,140,192,605,38,2.0,3.825958605334325,0.055802360616475616,1.8351391657263825,1.0933172720224877,0.9411893361907604,0.020308103412389755,1.0507055521011353,0.46019633403147964,0.3140928423242461,0
c6,C_hard_rooms,3,hrm,hrm,,0.0,128,0,nan,nan,6.4535511653495385,128,128,192,605,38,2.0,4.515537060501819,0.0017820598977123779,1.8153268815462809,1.2274387046627446,0.9338259230122347,0.0006318935193121433,1.435685396194458,0.4541302283927564,0.38229238346336797,0
c6,C_hard_rooms,3,hrm,hrm,,0.0,144,1,6.495703865288688,1.006531706165975,6.4535511653495385,129,129,192,605,38,2.0,4.515537060501819,0.0017820598977123779,1.8153268815462809,1.2274387046627446,0.9338259230122347,0.0006318935193121433,1.435685396194458,0.4541302283927564,0.38229238346336797,0
c6,C_hard_rooms,3,hrm,hrm,,0.0,168,1,6.495703865288688,1.006531706165975,6.4535511653495385,129,129,192,605,38,2.0,4.515537060501819,0.0017820598977123779,1.8153268815462809,1.2274387046627446,0.9338259230122347,0.0006318935193121433,1.435685396194458,0.4541302283927564,0.38229238346336797,0
c6,C_hard_rooms,4,euclidean,,,0.0,128,0,nan,nan,5.574288731521074,128,128,192,576,47,2.0,1.9240971913062472,0.0,0.9854107140409306,0.4904379637490773,0.9200621219108592,0.0,1.9240971913062472,0.9854107140409306,0.4904379637490773,0
c6,C_hard_rooms,4,euclidean,,,0.0,144,0,nan,nan,5.574288731521074,144,144,192,576,47,2.0,1.9240971913062472,0.0,0.9854107140409306,0.4904379637490773,0.9200621219108592,0.0,1.9240971913062472,0.9854107140409306,0.4904379637490773,0
c6,C_hard_rooms,4,euclidean,,,0.0,168,1,5.574288731521074,1.0,5.574288731521074,149,149,192,576,47,2.0,1.9240971913062472,0.0,0.9854107140409306,0.4904379637490773,0.9200621219108592,0.0,1.9240971913062472,0.9854107140409306,0.4904379637490773,0
c6,C_hard_rooms,4,grid_oracle,,,0.0,128,1,5.574288731521074,1.0,5.574288731521074,104,104,192,576,47,2.0,5.703196212879079,0.016922303936576587,2.592493181379585,1.668294540535659,0.9554363453869735,0.0,5.76776695296637,2.5376650115881434,1.6288050943961565,0
c6,C_hard_rooms,4,grid_oracle,,,0.0,144,1,5.574288731521074,1.0,5.574288731521074,104,104,192,576,47,2.0,5.703196212879079,0.016922303936576587,2.592493181379585,1.668294540535659,0.9554363453869735,0.0,5.76776695296637,2.5376650115881434,1.6288050943961565,0
c6,C_hard_rooms,4,grid_oracle,,,0.0,168,1,5.574288731521074,1.0,5.574288731521074,104,104,192,576,47,2.0,5.703196212879079,0.016922303936576587,2.592493181379585,1.668294540535659,0.9554363453869735,0.0,5.76776695296637,2.5376650115881434,1.6288050943961565,0
c6,C_hard_rooms,4,unet,unet,,0.0,128,0,nan,nan,5.574288731521074,128,128,192,576,47,2.0,4.4336489069568605,0.09420162192942105,2.0342837898150012,1.1675847317738568,0.9156895125193285,0.022686747834086418,1.6096993684768677,0.49352739708956506,0.3476246374700561,0
c6,C_hard_rooms,4,unet,unet,,0.0,144,1,5.591747694999733,1.0031320522347422,5.574288731521074,133,133,192,576,47,2.0,4.4336489069568605,0.09420162192942105,2.0342837898150012,1.1675847317738568,0.9156895125193285,0.022686747834086418,1.6096993684768677,0.49352739708956506,0.3476246374700561,0
c6,C_hard_rooms,4,unet,unet,,0.0,168,1,5.591747694999733,1.0031320522347422,5.574288731521074,133,133,192,576,47,2.0,4.4336489069568605,0.09420162192942105,2.0342837898150012,1.1675847317738568,0.9156895125193285,0.022686747834086418,1.6096993684768677,0.49352739708956506,0.3476246374700561,0
c6,C_hard_rooms,4,onlstm,onlstm,,0.0,128,0,nan,nan,5.574288731521074,128,128,192,576,47,2.0,3.823296076351234,0.03820989184275245,1.8488215486090216,1.1449720613034182,0.9210251471665357,0.010705693624913692,1.0367305278778076,0.41596872342393,0.3199723833884892,0
c6,C_hard_rooms,4,onlstm,onlstm,,0.0,144,1,5.574288731521074,1.0,5.574288731521074,142,142,192,576,47,2.0,3.823296076351234,0.03820989184275245,1.8488215486090216,1.1449720613034182,0.9210251471665357,0.010705693624913692,1.0367305278778076,0.41596872342393,0.3199723833884892,0
c6,C_hard_rooms,4,onlstm,onlstm,,0.0,168,1,5.574288731521074,1.0,5.574288731521074,142,142,192,576,47,2.0,3.823296076351234,0.03820989184275245,1.8488215486090216,1.1449720613034182,0.9210251471665357,0.010705693624913692,1.0367305278778076,0.41596872342393,0.3199723833884892,0
c6,C_hard_rooms,4,hrm,hrm,,0.0,128,1,5.57791701897423,1.000650896935539,5.574288731521074,127,127,192,576,47,2.0,4.678506793413917,0.0017588463683428195,1.9700867430781182,1.2425566219372395,0.9170967501288556,0.0006915582343935966,1.4878544807434082,0.4603686522582393,0.3726961014690741,0
c6,C_hard_rooms,4,hrm,hrm,,0.0,144,1,5.57791701897423,1.000650896935539,5.574288731521074,127,127,192,576,47,2.0,4.678506793413917,0.0017588463683428195,1.9700867430781182,1.2425566219372395,0.9170967501288556,0.0006915582343935966,1.4878544807434082,0.4603686522582393,0.3726961014690741,0
c6,C_hard_rooms,4,hrm,hrm,,0.0,168,1,5.57791701897423,1.000650896935539,5.574288731521074,127,127,192,576,47,2.0,4.678506793413917,0.0017588463683428195,1.9700867430781182,1.2425566219372395,0.9170967501288556,0.0006915582343935966,1.4878544807434082,0.4603686522582393,0.3726961014690741,0
c6,C_hard_rooms,5,euclidean,,,0.0,128,0,nan,nan,4.938755654766066,128,128,192,574,34,2.0,2.148697665014123,0.0,1.1861368831340957,0.5169527827318618,0.8641795296096357,0.0,2.148697665014123,1.1861368831340957,0.5169527827318618,0
c6,C_hard_rooms,5,euclidean,,,0.0,144,0,nan,nan,4.938755654766066,144,144,192,574,34,2.0,2.148697665014123,0.0,1.1861368831340957,0.5169527827318618,0.8641795296096357,0.0,2.148697665014123,1.1861368831340957,0.5169527827318618,0
c6,C_hard_rooms,5,euclidean,,,0.0,168,1,4.938755654766065,0.9999999999999998,4.938755654766066,157,157,192,574,34,2.0,2.148697665014123,0.0,1.1861368831340957,0.5169527827318618,0.8641795296096357,0.0,2.148697665014123,1.1861368831340957,0.5169527827318618,0
c6,C_hard_rooms,5,grid_oracle,,,0.0,128,1,4.945535706032132,1.0013728258168682,4.938755654766066,90,90,192,574,34,2.0,5.356631928755202,0.024000896247102582,2.722721810656159,1.502126604614642,0.8589897051243796,0.0,5.384264517383803,2.5356370639917225,1.517905691880697,0
c6,C_hard_rooms,5,grid_oracle,,,0.0,144,1,4.945535706032132,1.0013728258168682,4.938755654766066,90,90,192,574,34,2.0,5.356631928755202,0.024000896247102582,2.722721810656159,1.502126604614642,0.8589897051243796,0.0,5.384264517383803,2.5356370639917225,1.517905691880697,0
c6,C_hard_rooms,5,grid_oracle,,,0.0,168,1,4.945535706032132,1.0013728258168682,4.938755654766066,90,90,192,574,34,2.0,5.356631928755202,0.024000896247102582,2.722721810656159,1.502126604614642,0.8589897051243796,0.0,5.384264517383803,2.5356370639917225,1.517905691880697,0
c6,C_hard_rooms,5,unet,unet,,0.0,128,0,nan,nan,4.938755654766066,128,128,192,574,34,2.0,4.759756376009288,0.12789098277106686,2.2293383298625677,1.2165470465027917,0.850670048558175,0.029874742031097412,1.5247610807418823,0.5060704587094733,0.3645383853567054,0
c6,C_hard_rooms,5,unet,unet,,0.0,144,1,5.004619089289909,1.013336038291403,4.938755654766066,137,137,192,574,34,2.0,4.759756376009288,0.12789098277106686,2.2293383298625677,1.2165470465027917,0.850670048558175,0.029874742031097412,1.5247610807418823,0.5060704587094733,0.3645383853567054,0
c6,C_hard_rooms,5,unet,unet,,0.0,168,1,5.004619089289909,1.013336038291403,4.938755654766066,137,137,192,574,34,2.0,4.759756376009288,0.12789098277106686,2.2293383298625677,1.2165470465027917,0.850670048558175,0.029874742031097412,1.5247610807418823,0.5060704587094733,0.3645383853567054,0
c6,C_hard_rooms,5,onlstm,onlstm,,0.0,128,0,nan,nan,4.938755654766066,128,128,192,574,34,2.0,4.185597935352637,0.0475061847977318,2.2749372746481247,1.2016219320413581,0.8514092721699267,0.012392227537930012,1.0867666006088257,0.5015338528639859,0.3489185018914413,0
c6,C_hard_rooms,5,onlstm,onlstm,,0.0,144,1,5.006765440057243,1.0137706317229007,4.938755654766066,143,143,192,574,34,2.0,4.185597935352637,0.0475061847977318,2.2749372746481247,1.2016219320413581,0.8514092721699267,0.012392227537930012,1.0867666006088257,0.5015338528639859,0.3489185018914413,0
c6,C_hard_rooms,5,onlstm,onlstm,,0.0,168,1,5.006765440057243,1.0137706317229007,4.938755654766066,143,143,192,574,34,2.0,4.185597935352637,0.0475061847977318,2.2749372746481247,1.2016219320413581,0.8514092721699267,0.012392227537930012,1.0867666006088257,0.5015338528639859,0.3489185018914413,0
c6,C_hard_rooms,5,hrm,hrm,,0.0,128,1,4.945974983539853,1.001461770793787,4.938755654766066,128,128,192,574,34,2.0,4.865420697265867,0.0015248402118081285,2.1807565711156083,1.2687901834594812,0.8360907278300737,0.0005775723839178681,1.4956940412521362,0.4670780202007734,0.38017744264667636,0
c6,C_hard_rooms,5,hrm,hrm,,0.0,144,1,4.945974983539853,1.001461770793787,4.938755654766066,128,128,192,574,34,2.0,4.865420697265867,0.0015248402118081285,2.1807565711156083,1.2687901834594812,0.8360907278300737,0.0005775723839178681,1.4956940412521362,0.4670780202007734,0.38017744264667636,0
c6,C_hard_rooms,5,hrm,hrm,,0.0,168,1,4.945974983539853,1.001461770793787,4.938755654766066,128,128,192,574,34,2.0,4.865420697265867,0.0015248402118081285,2.1807565711156083,1.2687901834594812,0.8360907278300737,0.0005775723839178681,1.4956940412521362,0.4670780202007734,0.38017744264667636,0
c6,C_hard_rooms,6,euclidean,,,0.0,128,0,nan,nan,6.515835773119606,128,128,192,562,39,2.0,2.0193478110960936,0.0,0.9836040929881277,0.4680445771755395,0.9108303040989612,0.0,2.0193478110960936,0.9836040929881277,0.4680445771755395,0
c6,C_hard_rooms,6,euclidean,,,0.0,144,0,nan,nan,6.515835773119606,144,144,192,562,39,2.0,2.0193478110960936,0.0,0.9836040929881277,0.4680445771755395,0.9108303040989612,0.0,2.0193478110960936,0.9836040929881277,0.4680445771755395,0
c6,C_hard_rooms,6,euclidean,,,0.0,168,1,6.5158357731196075,1.0000000000000002,6.515835773119606,161,161,192,562,39,2.0,2.0193478110960936,0.0,0.9836040929881277,0.4680445771755395,0.9108303040989612,0.0,2.0193478110960936,0.9836040929881277,0.4680445771755395,0
c6,C_hard_rooms,6,grid_oracle,,,0.0,128,0,nan,nan,6.515835773119606,128,128,192,562,39,2.0,6.39276695296637,0.020914019996658408,2.8046839286848666,1.8915845756756007,0.9908461736700759,0.0,6.39276695296637,2.782500633057198,1.8304434550317772,0
c6,C_hard_rooms,6,grid_oracle,,,0.0,144,0,nan,nan,6.515835773119606,144,144,192,562,39,2.0,6.39276695296637,0.020914019996658408,2.8046839286848666,1.8915845756756007,0.9908461736700759,0.0,6.39276695296637,2.782500633057198,1.8304434550317772,0
c6,C_hard_rooms,6,grid_oracle,,,0.0,168,1,6.5158357731196075,1.0000000000000002,6.515835773119606,145,145,192,562,39,2.0,6.39276695296637,0.020914019996658408,2.8046839286848666,1.8915845756756007,0.9908461736700759,0.0,6.39276695296637,2.782500633057198,1.8304434550317772,0
c6,C_hard_rooms,6,unet,unet,,0.0,128,0,nan,nan,6.515835773119606,128,128,192,562,39,2.0,4.24420535509147,0.1037002705351774,1.8775677763074168,1.0866401087991029,0.9406298320809484,0.023071398958563805,1.3144394159317017,0.46496912173142846,0.32127431904111553,0
c6,C_hard_rooms,6,unet,unet,,0.0,144,0,nan,nan,6.515835773119606,144,144,192,562,39,2.0,4.24420535509147,0.1037002705351774,1.8775677763074168,1.0866401087991029,0.9406298320809484,0.023071398958563805,1.3144394159317017,0.46496912173142846,0.32127431904111553,0
c6,C_hard_rooms,6,unet,unet,,0.0,168,1,6.604627017489343,1.0136269923708079,6.515835773119606,157,157,192,562,39,2.0,4.24420535509147,0.1037002705351774,1.8775677763074168,1.0866401087991029,0.9406298320809484,0.023071398958563805,1.3144394159317017,0.46496912173142846,0.32127431904111553,0
c6,C_hard_rooms,6,onlstm,onlstm,,0.0,128,0,nan,nan,6.515835773119606,128,128,192,562,39,2.0,3.84395007926533,0.060560233579723496,1.8208596960034464,1.0735618704509444,0.9352874155657436,0.014145690016448498,1.0108762979507446,0.42675558183418616,0.3084062373850987,0
c6,C_hard_rooms,6,onlstm,onlstm,,0.0,144,0,nan,nan,6.515835773119606,144,144,192,562,39,2.0,3.84395007926533,0.060560233579723496,1.8208596960034464,1.0735618704509444,0.9352874155657436,0.014145690016448498,1.0108762979507446,0.42675558183418616,0.3084062373850987,0
c6,C_hard_rooms,6,onlstm,onlstm,,0.0,168,1,6.5158357731196075,1.0000000000000002,6.515835773119606,153,153,192,562,39,2.0,3.84395007926533,0.060560233579723496,1.8208596960034464,1.0735618704509444,0.9352874155657436,0.014145690016448498,1.0108762979507446,0.42675558183418616,0.3084062373850987,0
c6,C_hard_rooms,6,hrm,hrm,,0.0,128,0,nan,nan,6.515835773119606,128,128,192,562,39,2.0,4.737387413870039,0.0014260372452828177,1.857085781163079,1.2300731441577186,0.9317913626129182,0.0006046544876880944,1.4620168209075928,0.4494762376258734,0.38390838033605895,0
c6,C_hard_rooms,6,hrm,hrm,,0.0,144,0,nan,nan,6.515835773119606,144,144,192,562,39,2.0,4.737387413870039,0.0014260372452828177,1.857085781163079,1.2300731441577186,0.9317913626129182,0.0006046544876880944,1.4620168209075928,0.4494762376258734,0.38390838033605895,0
c6,C_hard_rooms,6,hrm,hrm,,0.0,168,1,6.5177685689403795,1.000296630530307,6.515835773119606,156,156,192,562,39,2.0,4.737387413870039,0.0014260372452828177,1.857085781163079,1.2300731441577186,0.9317913626129182,0.0006046544876880944,1.4620168209075928,0.4494762376258734,0.38390838033605895,0
c6,C_hard_rooms,7,euclidean,,,0.0,128,0,nan,nan,5.24319588295689,128,128,192,601,46,2.0,1.9730391014878192,0.0,1.0453154151833426,0.4778121559761608,0.9459790304641512,0.0,1.9730391014878192,1.0453154151833426,0.4778121559761608,0
c6,C_hard_rooms,7,euclidean,,,0.0,144,0,nan,nan,5.24319588295689,144,144,192,601,46,2.0,1.9730391014878192,0.0,1.0453154151833426,0.4778121559761608,0.9459790304641512,0.0,1.9730391014878192,1.0453154151833426,0.4778121559761608,0
c6,C_hard_rooms,7,euclidean,,,0.0,168,1,5.243195882956887,0.9999999999999994,5.24319588295689,148,148,192,601,46,2.0,1.9730391014878192,0.0,1.0453154151833426,0.4778121559761608,0.9459790304641512,0.0,1.9730391014878192,1.0453154151833426,0.4778121559761608,0
c6,C_hard_rooms,7,grid_oracle,,,0.0,128,1,5.243195882956887,0.9999999999999994,5.24319588295689,108,108,192,601,46,2.0,4.742980423259716,0.014535503541842864,2.2610009040191077,1.3433172988787954,0.9868550443534168,0.0,4.933820343559642,2.2367398481631233,1.3544678764911704,0
c6,C_hard_rooms,7,grid_oracle,,,0.0,144,1,5.243195882956887,0.9999999999999994,5.24319588295689,108,108,192,601,46,2.0,4.742980423259716,0.014535503541842864,2.2610009040191077,1.3433172988787954,0.9868550443534168,0.0,4.933820343559642,2.2367398481631233,1.3544678764911704,0
c6,C_hard_rooms,7,grid_oracle,,,0.0,168,1,5.243195882956887,0.9999999999999994,5.24319588295689,108,108,192,601,46,2.0,4.742980423259716,0.014535503541842864,2.2610009040191077,1.3433172988787954,0.9868550443534168,0.0,4.933820343559642,2.2367398481631233,1.3544678764911704,0
c6,C_hard_rooms,7,unet,unet,,0.0,128,0,nan,nan,5.24319588295689,128,128,192,601,46,2.0,3.8704952182895225,0.08550079644816559,1.9464436894471733,1.0547104428339706,0.9600683612294172,0.019505057483911514,1.345405101776123,0.47154732497301666,0.323157751566185,0
c6,C_hard_rooms,7,unet,unet,,0.0,144,1,5.333321605843758,1.0171890817926188,5.24319588295689,130,130,192,601,46,2.0,3.8704952182895225,0.08550079644816559,1.9464436894471733,1.0547104428339706,0.9600683612294172,0.019505057483911514,1.345405101776123,0.47154732497301666,0.323157751566185,0
c6,C_hard_rooms,7,unet,unet,,0.0,168,1,5.333321605843758,1.0171890817926188,5.24319588295689,130,130,192,601,46,2.0,3.8704952182895225,0.08550079644816559,1.9464436894471733,1.0547104428339706,0.9600683612294172,0.019505057483911514,1.345405101776123,0.47154732497301666,0.323157751566185,0
c6,C_hard_rooms,7,onlstm,onlstm,,0.0,128,0,nan,nan,5.24319588295689,128,128,192,601,46,2.0,3.7552093369569555,0.057347614926869225,1.9925228545077245,1.0963451611862032,0.9564485391856334,0.017185622826218605,1.0771269798278809,0.4753369042637132,0.31720875255010994,0
c6,C_hard_rooms,7,onlstm,onlstm,,0.0,144,1,5.264762974278605,1.0041133483858231,5.24319588295689,133,133,192,601,46,2.0,3.7552093369569555,0.057347614926869225,1.9925228545077245,1.0963451611862032,0.9564485391856334,0.017185622826218605,1.0771269798278809,0.4753369042637132,0.31720875255010994,0
c6,C_hard_rooms,7,onlstm,onlstm,,0.0,168,1,5.264762974278605,1.0041133483858231,5.24319588295689,133,133,192,601,46,2.0,3.7552093369569555,0.057347614926869225,1.9925228545077245,1.0963451611862032,0.9564485391856334,0.017185622826218605,1.0771269798278809,0.4753369042637132,0.31720875255010994,0
c6,C_hard_rooms,7,hrm,hrm,,0.0,128,0,nan,nan,5.24319588295689,128,128,192,601,46,2.0,4.211557367610009,0.001055082582613078,1.9320602132014209,1.181016442702125,0.9548259772671785,0.0004849539545830339,1.4537346363067627,0.4519288799972827,0.38403733278226565,0
c6,C_hard_rooms,7,hrm,hrm,,0.0,144,1,5.360404206374397,1.0223543666942703,5.24319588295689,129,129,192,601,46,2.0,4.211557367610009,0.001055082582613078,1.9320602132014209,1.181016442702125,0.9548259772671785,0.0004849539545830339,1.4537346363067627,0.4519288799972827,0.38403733278226565,0
c6,C_hard_rooms,7,hrm,hrm,,0.0,168,1,5.360404206374397,1.0223543666942703,5.24319588295689,129,129,192,601,46,2.0,4.211557367610009,0.001055082582613078,1.9320602132014209,1.181016442702125,0.9548259772671785,0.0004849539545830339,1.4537346363067627,0.4519288799972827,0.38403733278226565,0
c6,C_hard_rooms,8,euclidean,,,0.0,128,0,nan,nan,6.236196919958746,128,128,192,571,53,2.0,2.00724889027026,0.0,1.0503526745805258,0.4742758558749765,0.9318083172829126,0.0,2.00724889027026,1.0503526745805258,0.4742758558749765,0
c6,C_hard_rooms,8,euclidean,,,0.0,144,0,nan,nan,6.236196919958746,144,144,192,571,53,2.0,2.00724889027026,0.0,1.0503526745805258,0.4742758558749765,0.9318083172829126,0.0,2.00724889027026,1.0503526745805258,0.4742758558749765,0
c6,C_hard_rooms,8,euclidean,,,0.0,168,1,6.236196919958744,0.9999999999999997,6.236196919958746,153,153,192,571,53,2.0,2.00724889027026,0.0,1.0503526745805258,0.4742758558749765,0.9318083172829126,0.0,2.00724889027026,1.0503526745805258,0.4742758558749765,0
c6,C_hard_rooms,8,grid_oracle,,,0.0,128,1,6.247009414607197,1.0017338282910608,6.236196919958746,120,120,192,571,53,2.0,6.1557111267905285,0.02258288869461732,2.689685267689376,1.7213672142086847,0.995250996934596,0.0,6.288293648263007,2.787389728409647,1.8399236290129068,0
c6,C_hard_rooms,8,grid_oracle,,,0.0,144,1,6.247009414607197,1.0017338282910608,6.236196919958746,120,120,192,571,53,2.0,6.1557111267905285,0.02258288869461732,2.689685267689376,1.7213672142086847,0.995250996934596,0.0,6.288293648263007,2.787389728409647,1.8399236290129068,0
c6,C_hard_rooms,8,grid_oracle,,,0.0,168,1,6.247009414607197,1.0017338282910608,6.236196919958746,120,120,192,571,53,2.0,6.1557111267905285,0.02258288869461732,2.689685267689376,1.7213672142086847,0.995250996934596,0.0,6.288293648263007,2.787389728409647,1.8399236290129068,0
c6,C_hard_rooms,8,unet,unet,,0.0,128,0,nan,nan,6.236196919958746,128,128,192,571,53,2.0,4.173550930884722,0.07856594785955544,1.992059122543964,1.0678057614055296,0.9224730759840492,0.01659303717315197,1.3273752927780151,0.48011985174844085,0.3248606147019436,0
c6,C_hard_rooms,8,unet,unet,,0.0,144,1,6.236196919958744,0.9999999999999997,6.236196919958746,136,136,192,571,53,2.0,4.173550930884722,0.07856594785955544,1.992059122543964,1.0678057614055296,0.9224730759840492,0.01659303717315197,1.3273752927780151,0.48011985174844085,0.3248606147019436,0
c6,C_hard_rooms,8,unet,unet,,0.0,168,1,6.236196919958744,0.9999999999999997,6.236196919958746,136,136,192,571,53,2.0,4.173550930884722,0.07856594785955544,1.992059122543964,1.0678057614055296,0.9224730759840492,0.01659303717315197,1.3273752927780151,0.48011985174844085,0.3248606147019436,0
c6,C_hard_rooms,8,onlstm,onlstm,,0.0,128,0,nan,nan,6.236196919958746,128,128,192,571,53,2.0,3.919434021049925,0.07010770968468391,2.0581108145237206,1.0754905600627642,0.9509179258334918,0.02715058997273445,1.0973424911499023,0.5182175779536919,0.317080366962484,0
c6,C_hard_rooms,8,onlstm,onlstm,,0.0,144,0,nan,nan,6.236196919958746,144,144,192,571,53,2.0,3.919434021049925,0.07010770968468391,2.0581108145237206,1.0754905600627642,0.9509179258334918,0.02715058997273445,1.0973424911499023,0.5182175779536919,0.317080366962484,0
c6,C_hard_rooms,8,onlstm,onlstm,,0.0,168,1,6.285189735822578,1.007856200901391,6.236196919958746,147,147,192,571,53,2.0,3.919434021049925,0.07010770968468391,2.0581108145237206,1.0754905600627642,0.9509179258334918,0.02715058997273445,1.0973424911499023,0.5182175779536919,0.317080366962484,0
c6,C_hard_rooms,8,hrm,hrm,,0.0,128,1,6.247009414607197,1.0017338282910608,6.236196919958746,128,128,192,571,53,2.0,4.522062053910151,0.0015249466899977335,1.9728209696170846,1.1947881361469757,0.9339971651791771,0.0005540765705518425,1.4582167863845825,0.4641285235524748,0.38504402820153766,0
c6,C_hard_rooms,8,hrm,hrm,,0.0,144,1,6.247009414607197,1.0017338282910608,6.236196919958746,128,128,192,571,53,2.0,4.522062053910151,0.0015249466899977335,1.9728209696170846,1.1947881361469757,0.9339971651791771,0.0005540765705518425,1.4582167863845825,0.4641285235524748,0.38504402820153766,0
c6,C_hard_rooms,8,hrm,hrm,,0.0,168,1,6.247009414607197,1.0017338282910608,6.236196919958746,128,128,192,571,53,2.0,4.522062053910151,0.0015249466899977335,1.9728209696170846,1.1947881361469757,0.9339971651791771,0.0005540765705518425,1.4582167863845825,0.4641285235524748,0.38504402820153766,0
c6,C_hard_rooms,9,euclidean,,,0.0,128,0,nan,nan,5.506120847479612,128,128,192,591,42,2.0,2.0939104247266265,0.0,1.0396331868393462,0.5167483551846499,0.8834061253831756,0.0,2.0939104247266265,1.0396331868393462,0.5167483551846499,0
c6,C_hard_rooms,9,euclidean,,,0.0,144,0,nan,nan,5.506120847479612,144,144,192,591,42,2.0,2.0939104247266265,0.0,1.0396331868393462,0.5167483551846499,0.8834061253831756,0.0,2.0939104247266265,1.0396331868393462,0.5167483551846499,0
c6,C_hard_rooms,9,euclidean,,,0.0,168,1,5.506120847479612,1.0,5.506120847479612,150,150,192,591,42,2.0,2.0939104247266265,0.0,1.0396331868393462,0.5167483551846499,0.8834061253831756,0.0,2.0939104247266265,1.0396331868393462,0.5167483551846499,0
c6,C_hard_rooms,9,grid_oracle,,,0.0,128,1,5.513924003306452,1.0014171784533956,5.506120847479612,104,104,192,591,42,2.0,6.0630559120027225,0.0013905503162008693,2.7680642189332034,1.823450704993731,0.9382477009467488,0.0,6.178458691207964,2.7933959522022778,1.7329761301823337,0
c6,C_hard_rooms,9,grid_oracle,,,0.0,144,1,5.513924003306452,1.0014171784533956,5.506120847479612,104,104,192,591,42,2.0,6.0630559120027225,0.0013905503162008693,2.7680642189332034,1.823450704993731,0.9382477009467488,0.0,6.178458691207964,2.7933959522022778,1.7329761301823337,0
c6,C_hard_rooms,9,grid_oracle,,,0.0,168,1,5.513924003306452,1.0014171784533956,5.506120847479612,104,104,192,591,42,2.0,6.0630559120027225,0.0013905503162008693,2.7680642189332034,1.823450704993731,0.9382477009467488,0.0,6.178458691207964,2.7933959522022778,1.7329761301823337,0
c6,C_hard_rooms,9,unet,unet,,0.0,128,0,nan,nan,5.506120847479612,128,128,192,591,42,2.0,4.345935482929,0.07810687891615439,1.9822451404280514,1.172126127130486,0.9091416189675285,0.016252202913165092,1.3058881759643555,0.476503336715723,0.3252243034126429,0
c6,C_hard_rooms,9,unet,unet,,0.0,144,1,5.506120847479612,1.0,5.506120847479612,141,141,192,591,42,2.0,4.345935482929,0.07810687891615439,1.9822451404280514,1.172126127130486,0.9091416189675285,0.016252202913165092,1.3058881759643555,0.476503336715723,0.3252243034126429,0
c6,C_hard_rooms,9,unet,unet,,0.0,168,1,5.506120847479612,1.0,5.506120847479612,141,141,192,591,42,2.0,4.345935482929,0.07810687891615439,1.9822451404280514,1.172126127130486,0.9091416189675285,0.016252202913165092,1.3058881759643555,0.476503336715723,0.3252243034126429,0
c6,C_hard_rooms,9,onlstm,onlstm,,0.0,128,0,nan,nan,5.506120847479612,128,128,192,591,42,2.0,3.8149145861196248,0.06306073337233416,2.004656218985589,1.1515555035628822,0.8994282885277922,0.024312103167176247,1.1004701852798462,0.4777383517962335,0.31309267069391566,0
c6,C_hard_rooms,9,onlstm,onlstm,,0.0,144,1,5.506120847479612,1.0,5.506120847479612,138,138,192,591,42,2.0,3.8149145861196248,0.06306073337233416,2.004656218985589,1.1515555035628822,0.8994282885277922,0.024312103167176247,1.1004701852798462,0.4777383517962335,0.31309267069391566,0
c6,C_hard_rooms,9,onlstm,onlstm,,0.0,168,1,5.506120847479612,1.0,5.506120847479612,138,138,192,591,42,2.0,3.8149145861196248,0.06306073337233416,2.004656218985589,1.1515555035628822,0.8994282885277922,0.024312103167176247,1.1004701852798462,0.4777383517962335,0.31309267069391566,0
c6,C_hard_rooms,9,hrm,hrm,,0.0,128,0,nan,nan,5.506120847479612,128,128,192,591,42,2.0,4.65626084970643,0.0014684353673206656,1.9555632505439322,1.2891637286484507,0.9032515666115076,0.0006272080936469138,1.4493417739868164,0.44993908350100753,0.3861521498556401,0
c6,C_hard_rooms,9,hrm,hrm,,0.0,144,1,5.506120847479612,1.0,5.506120847479612,140,140,192,591,42,2.0,4.65626084970643,0.0014684353673206656,1.9555632505439322,1.2891637286484507,0.9032515666115076,0.0006272080936469138,1.4493417739868164,0.44993908350100753,0.3861521498556401,0
c6,C_hard_rooms,9,hrm,hrm,,0.0,168,1,5.506120847479612,1.0,5.506120847479612,140,140,192,591,42,2.0,4.65626084970643,0.0014684353673206656,1.9555632505439322,1.2891637286484507,0.9032515666115076,0.0006272080936469138,1.4493417739868164,0.44993908350100753,0.3861521498556401,0
c6,C_hard_rooms,10,euclidean,,,0.0,128,0,nan,nan,6.6984242192428045,128,128,192,572,39,2.0,1.933215103774335,0.0,0.9782414505949957,0.47152206034839067,0.8813274828418742,0.0,1.933215103774335,0.9782414505949957,0.47152206034839067,0
c6,C_hard_rooms,10,euclidean,,,0.0,144,0,nan,nan,6.6984242192428045,144,144,192,572,39,2.0,1.933215103774335,0.0,0.9782414505949957,0.47152206034839067,0.8813274828418742,0.0,1.933215103774335,0.9782414505949957,0.47152206034839067,0
c6,C_hard_rooms,10,euclidean,,,0.0,168,1,6.6984242192428045,1.0,6.6984242192428045,158,158,192,572,39,2.0,1.933215103774335,0.0,0.9782414505949957,0.47152206034839067,0.8813274828418742,0.0,1.933215103774335,0.9782414505949957,0.47152206034839067,0
c6,C_hard_rooms,10,grid_oracle,,,0.0,128,0,nan,nan,6.6984242192428045,128,128,192,572,39,2.0,5.9810514084177395,0.01145195012095155,2.888726231862092,1.8229274441682317,0.9569690475544586,0.0,6.04365530061469,2.812607781506779,1.8131135059226968,0
c6,C_hard_rooms,10,grid_oracle,,,0.0,144,0,nan,nan,6.6984242192428045,144,144,192,572,39,2.0,5.9810514084177395,0.01145195012095155,2.888726231862092,1.8229274441682317,0.9569690475544586,0.0,6.04365530061469,2.812607781506779,1.8131135059226968,0
c6,C_hard_rooms,10,grid_oracle,,,0.0,168,1,6.709858432243197,1.0017070004266893,6.6984242192428045,149,149,192,572,39,2.0,5.9810514084177395,0.01145195012095155,2.888726231862092,1.8229274441682317,0.9569690475544586,0.0,6.04365530061469,2.812607781506779,1.8131135059226968,0
c6,C_hard_rooms,10,unet,unet,,0.0,128,0,nan,nan,6.6984242192428045,128,128,192,572,39,2.0,4.273155204005997,0.10691230658441754,1.877259715976311,1.082662015118873,0.9171781325448283,0.017443135380744934,1.2614463567733765,0.4655654841676551,0.32309300192687984,0
c6,C_hard_rooms,10,unet,unet,,0.0,144,0,nan,nan,6.6984242192428045,144,144,192,572,39,2.0,4.273155204005997,0.10691230658441754,1.877259715976311,1.082662015118873,0.9171781325448283,0.017443135380744934,1.2614463567733765,0.4655654841676551,0.32309300192687984,0
c6,C_hard_rooms,10,unet,unet,,0.0,168,1,6.799234509466521,1.0150498515657034,6.6984242192428045,157,157,192,572,39,2.0,4.273155204005997,0.10691230658441754,1.877259715976311,1.082662015118873,0.9171781325448283,0.017443135380744934,1.2614463567733765,0.4655654841676551,0.32309300192687984,0
c6,C_hard_rooms,10,onlstm,onlstm,,0.0,128,0,nan,nan,6.6984242192428045,128,128,192,572,39,2.0,3.8923585602252557,0.04802965193521383,1.826154994013083,1.0767622453155525,0.9109082955809349,0.014283914119005203,1.0487854480743408,0.4224040805770528,0.30463982500071035,0
c6,C_hard_rooms,10,onlstm,onlstm,,0.0,144,0,nan,nan,6.6984242192428045,144,144,192,572,39,2.0,3.8923585602252557,0.04802965193521383,1.826154994013083,1.0767622453155525,0.9109082955809349,0.014283914119005203,1.0487854480743408,0.4224040805770528,0.30463982500071035,0
c6,C_hard_rooms,10,onlstm,onlstm,,0.0,168,1,6.720964681700701,1.0033650395555933,6.6984242192428045,157,157,192,572,39,2.0,3.8923585602252557,0.04802965193521383,1.826154994013083,1.0767622453155525,0.9109082955809349,0.014283914119005203,1.0487854480743408,0.4224040805770528,0.30463982500071035,0
c6,C_hard_rooms,10,hrm,hrm,,0.0,128,0,nan,nan,6.6984242192428045,128,128,192,572,39,2.0,4.6454490677321365,0.001090483323131075,1.840189332495403,1.2281048478887073,0.9034007677074575,0.0004908112459816039,1.4266754388809204,0.44153656674362196,0.38241964847458776,0
c6,C_hard_rooms,10,hrm,hrm,,0.0,144,0,nan,nan,6.6984242192428045,144,144,192,572,39,2.0,4.6454490677321365,0.001090483323131075,1.840189332495403,1.2281048478887073,0.9034007677074575,0.0004908112459816039,1.4266754388809204,0.44153656674362196,0.38241964847458776,0
c6,C_hard_rooms,10,hrm,hrm,,0.0,168,1,6.7560597031308305,1.0086043346915017,6.6984242192428045,153,153,192,572,39,2.0,4.6454490677321365,0.001090483323131075,1.840189332495403,1.2281048478887073,0.9034007677074575,0.0004908112459816039,1.4266754388809204,0.44153656674362196,0.38241964847458776,0
c6,C_hard_rooms,11,euclidean,,,0.0,128,0,nan,nan,5.967407406173108,128,128,192,620,39,2.0,2.06229878757421,0.0,1.1035959198548047,0.4912866638459863,0.851104088110029,0.0,2.06229878757421,1.1035959198548047,0.4912866638459863,0
c6,C_hard_rooms,11,euclidean,,,0.0,144,1,5.967407406173109,1.0000000000000002,5.967407406173108,141,141,192,620,39,2.0,2.06229878757421,0.0,1.1035959198548047,0.4912866638459863,0.851104088110029,0.0,2.06229878757421,1.1035959198548047,0.4912866638459863,0
c6,C_hard_rooms,11,euclidean,,,0.0,168,1,5.967407406173109,1.0000000000000002,5.967407406173108,141,141,192,620,39,2.0,2.06229878757421,0.0,1.1035959198548047,0.4912866638459863,0.851104088110029,0.0,2.06229878757421,1.1035959198548047,0.4912866638459863,0
c6,C_hard_rooms,11,grid_oracle,,,0.0,128,1,5.973786152480549,1.0010689309231413,5.967407406173108,112,112,192,620,39,2.0,5.919623963904956,0.0011034714714104204,2.7737786053041646,1.7242058652705623,0.8760138892656595,0.0,6.082487822087165,2.761490928830123,1.7158953980787173,0
c6,C_hard_rooms,11,grid_oracle,,,0.0,144,1,5.973786152480549,1.0010689309231413,5.967407406173108,112,112,192,620,39,2.0,5.919623963904956,0.0011034714714104204,2.7737786053041646,1.7242058652705623,0.8760138892656595,0.0,6.082487822087165,2.761490928830123,1.7158953980787173,0
c6,C_hard_rooms,11,grid_oracle,,,0.0,168,1,5.973786152480549,1.0010689309231413,5.967407406173108,112,112,192,620,39,2.0,5.919623963904956,0.0011034714714104204,2.7737786053041646,1.7242058652705623,0.8760138892656595,0.0,6.082487822087165,2.761490928830123,1.7158953980787173,0
c6,C_hard_rooms,11,unet,unet,,0.0,128,0,nan,nan,5.967407406173108,128,128,192,620,39,2.0,4.4107554142954335,0.08013691991403223,2.068666319311742,1.111821985533791,0.8627536418631149,0.018493302166461945,1.327174425125122,0.4720831618938064,0.3287539446413077,0
c6,C_hard_rooms,11,unet,unet,,0.0,144,1,6.051269439892288,1.0140533447795816,5.967407406173108,138,138,192,620,39,2.0,4.4107554142954335,0.08013691991403223,2.068666319311742,1.111821985533791,0.8627536418631149,0.018493302166461945,1.327174425125122,0.4720831618938064,0.3287539446413077,0
c6,C_hard_rooms,11,unet,unet,,0.0,168,1,6.051269439892288,1.0140533447795816,5.967407406173108,138,138,192,620,39,2.0,4.4107554142954335,0.08013691991403223,2.068666319311742,1.111821985533791,0.8627536418631149,0.018493302166461945,1.327174425125122,0.4720831618938064,0.3287539446413077,0
c6,C_hard_rooms,11,onlstm,onlstm,,0.0,128,0,nan,nan,5.967407406173108,128,128,192,620,39,2.0,4.066190784136493,0.054662229576724994,2.121864144108853,1.15036822465052,0.8456209478338715,0.01976000890135765,1.0918357372283936,0.49748056070802704,0.32711516446359123,0
c6,C_hard_rooms,11,onlstm,onlstm,,0.0,144,1,5.967407406173109,1.0000000000000002,5.967407406173108,135,135,192,620,39,2.0,4.066190784136493,0.054662229576724994,2.121864144108853,1.15036822465052,0.8456209478338715,0.01976000890135765,1.0918357372283936,0.49748056070802704,0.32711516446359123,0
c6,C_hard_rooms,11,onlstm,onlstm,,0.0,168,1,5.967407406173109,1.0000000000000002,5.967407406173108,135,135,192,620,39,2.0,4.066190784136493,0.054662229576724994,2.121864144108853,1.15036822465052,0.8456209478338715,0.01976000890135765,1.0918357372283936,0.49748056070802704,0.32711516446359123,0
c6,C_hard_rooms,11,hrm,hrm,,0.0,128,0,nan,nan,5.967407406173108,128,128,192,620,39,2.0,4.7654404823336645,0.0012501541598555215,2.0685510835688232,1.2389402089670392,0.8445155033502428,0.0004714094684459269,1.4303263425827026,0.4576949814978519,0.378603241757537,0
c6,C_hard_rooms,11,hrm,hrm,,0.0,144,1,5.970606439865282,1.0005360843452493,5.967407406173108,132,132,192,620,39,2.0,4.7654404823336645,0.0012501541598555215,2.0685510835688232,1.2389402089670392,0.8445155033502428,0.0004714094684459269,1.4303263425827026,0.4576949814978519,0.378603241757537,0
c6,C_hard_rooms,11,hrm,hrm,,0.0,168,1,5.970606439865282,1.0005360843452493,5.967407406173108,132,132,192,620,39,2.0,4.7654404823336645,0.0012501541598555215,2.0685510835688232,1.2389402089670392,0.8445155033502428,0.0004714094684459269,1.4303263425827026,0.4576949814978519,0.378603241757537,0
c6,C_hard_rooms,12,euclidean,,,0.0,128,0,nan,nan,5.808428612909316,128,128,192,552,46,2.0,1.8633385720712863,0.0,0.9861811167508744,0.48203911964929413,0.903887366736294,0.0,1.8633385720712863,0.9861811167508744,0.48203911964929413,0
c6,C_hard_rooms,12,euclidean,,,0.0,144,1,5.808428612909317,1.0000000000000002,5.808428612909316,138,138,192,552,46,2.0,1.8633385720712863,0.0,0.9861811167508744,0.48203911964929413,0.903887366736294,0.0,1.8633385720712863,0.9861811167508744,0.48203911964929413,0
c6,C_hard_rooms,12,euclidean,,,0.0,168,1,5.808428612909317,1.0000000000000002,5.808428612909316,138,138,192,552,46,2.0,1.8633385720712863,0.0,0.9861811167508744,0.48203911964929413,0.903887366736294,0.0,1.8633385720712863,0.9861811167508744,0.48203911964929413,0
c6,C_hard_rooms,12,grid_oracle,,,0.0,128,1,5.8198284168459615,1.0019626313236094,5.808428612909316,104,104,192,552,46,2.0,5.869417860065413,0.00959251215425103,2.5786793802983716,1.7257002311700007,0.9911666169329681,0.0,5.931599474438848,2.7119622209123646,1.7169552230305152,0
c6,C_hard_rooms,12,grid_oracle,,,0.0,144,1,5.8198284168459615,1.0019626313236094,5.808428612909316,104,104,192,552,46,2.0,5.869417860065413,0.00959251215425103,2.5786793802983716,1.7257002311700007,0.9911666169329681,0.0,5.931599474438848,2.7119622209123646,1.7169552230305152,0
c6,C_hard_rooms,12,grid_oracle,,,0.0,168,1,5.8198284168459615,1.0019626313236094,5.808428612909316,104,104,192,552,46,2.0,5.869417860065413,0.00959251215425103,2.5786793802983716,1.7257002311700007,0.9911666169329681,0.0,5.931599474438848,2.7119622209123646,1.7169552230305152,0
c6,C_hard_rooms,12,unet,unet,,0.0,128,0,nan,nan,5.808428612909316,128,128,192,552,46,2.0,4.36546058570052,0.11030029041927396,1.9051806507323343,1.1521052841546384,0.9522200444890542,0.021172212436795235,1.5884569883346558,0.5089305180677002,0.3523744660174629,0
c6,C_hard_rooms,12,unet,unet,,0.0,144,1,5.829166596203068,1.0035703259307795,5.808428612909316,129,129,192,552,46,2.0,4.36546058570052,0.11030029041927396,1.9051806507323343,1.1521052841546384,0.9522200444890542,0.021172212436795235,1.5884569883346558,0.5089305180677002,0.3523744660174629,0
c6,C_hard_rooms,12,unet,unet,,0.0,168,1,5.829166596203068,1.0035703259307795,5.808428612909316,129,129,192,552,46,2.0,4.36546058570052,0.11030029041927396,1.9051806507323343,1.1521052841546384,0.9522200444890542,0.021172212436795235,1.5884569883346558,0.5089305180677002,0.3523744660174629,0
c6,C_hard_rooms,12,onlstm,onlstm,,0.0,128,0,nan,nan,5.808428612909316,128,128,192,552,46,2.0,3.8489880884878227,0.038012577825382296,1.809972935294149,1.1374262732156752,0.9237785855736106,0.014453430660068989,1.0613903999328613,0.4297969503022614,0.3258662870621796,0
c6,C_hard_rooms,12,onlstm,onlstm,,0.0,144,1,5.827857252546497,1.0033449046087957,5.808428612909316,141,141,192,552,46,2.0,3.8489880884878227,0.038012577825382296,1.809972935294149,1.1374262732156752,0.9237785855736106,0.014453430660068989,1.0613903999328613,0.4297969503022614,0.3258662870621796,0
c6,C_hard_rooms,12,onlstm,onlstm,,0.0,168,1,5.827857252546497,1.0033449046087957,5.808428612909316,141,141,192,552,46,2.0,3.8489880884878227,0.038012577825382296,1.809972935294149,1.1374262732156752,0.9237785855736106,0.014453430660068989,1.0613903999328613,0.4297969503022614,0.3258662870621796,0
c6,C_hard_rooms,12,hrm,hrm,,0.0,128,0,nan,nan,5.808428612909316,128,128,192,552,46,2.0,4.59045147118379,0.0017715105585395967,1.8237339145499671,1.225011981121233,0.93017897349646,0.0006311442703008652,1.4563730955123901,0.45852196284454294,0.3821143296680796,0
c6,C_hard_rooms,12,hrm,hrm,,0.0,144,1,5.827857252546497,1.0033449046087957,5.808428612909316,130,130,192,552,46,2.0,4.59045147118379,0.0017715105585395967,1.8237339145499671,1.225011981121233,0.93017897349646,0.0006311442703008652,1.4563730955123901,0.45852196284454294,0.3821143296680796,0
c6,C_hard_rooms,12,hrm,hrm,,0.0,168,1,5.827857252546497,1.0033449046087957,5.808428612909316,130,130,192,552,46,2.0,4.59045147118379,0.0017715105585395967,1.8237339145499671,1.225011981121233,0.93017897349646,0.0006311442703008652,1.4563730955123901,0.45852196284454294,0.3821143296680796,0
c6,C_hard_rooms,13,euclidean,,,0.0,128,0,nan,nan,6.38640113572646,128,128,192,566,50,2.0,2.098863123100277,0.0,1.0964395560533327,0.48094033870492575,0.8686674307571278,0.0,2.098863123100277,1.0964395560533327,0.48094033870492575,0
c6,C_hard_rooms,13,euclidean,,,0.0,144,0,nan,nan,6.38640113572646,144,144,192,566,50,2.0,2.098863123100277,0.0,1.0964395560533327,0.48094033870492575,0.8686674307571278,0.0,2.098863123100277,1.0964395560533327,0.48094033870492575,0
c6,C_hard_rooms,13,euclidean,,,0.0,168,1,6.3864011357264605,1.0000000000000002,6.38640113572646,155,155,192,566,50,2.0,2.098863123100277,0.0,1.0964395560533327,0.48094033870492575,0.8686674307571278,0.0,2.098863123100277,1.0964395560533327,0.48094033870492575,0
c6,C_hard_rooms,13,grid_oracle,,,0.0,128,1,6.3864011357264605,1.0000000000000002,6.38640113572646,112,112,192,566,50,2.0,6.2070832792797095,0.013297297447961045,3.0247952254723116,1.8008867832731144,0.8786655996527686,0.0,6.251681995911326,2.890681084607826,1.8282370394161982,0
c6,C_hard_rooms,13,grid_oracle,,,0.0,144,1,6.3864011357264605,1.0000000000000002,6.38640113572646,112,112,192,566,50,2.0,6.2070832792797095,0.013297297447961045,3.0247952254723116,1.8008867832731144,0.8786655996527686,0.0,6.251681995911326,2.890681084607826,1.8282370394161982,0
c6,C_hard_rooms,13,grid_oracle,,,0.0,168,1,6.3864011357264605,1.0000000000000002,6.38640113572646,112,112,192,566,50,2.0,6.2070832792797095,0.013297297447961045,3.0247952254723116,1.8008867832731144,0.8786655996527686,0.0,6.251681995911326,2.890681084607826,1.8282370394161982,0
c6,C_hard_rooms,13,unet,unet,,0.0,128,0,nan,nan,6.38640113572646,128,128,192,566,50,2.0,4.46431905887669,0.08905966967657761,2.082490057563025,1.1049186349369569,0.8435456962265687,0.014811738394200802,1.4072383642196655,0.46980450442083566,0.33241128860058927,0
c6,C_hard_rooms,13,unet,unet,,0.0,144,0,nan,nan,6.38640113572646,144,144,192,566,50,2.0,4.46431905887669,0.08905966967657761,2.082490057563025,1.1049186349369569,0.8435456962265687,0.014811738394200802,1.4072383642196655,0.46980450442083566,0.33241128860058927,0
c6,C_hard_rooms,13,unet,unet,,0.0,168,1,6.505257070983801,1.0186107844984,6.38640113572646,152,152,192,566,50,2.0,4.46431905887669,0.08905966967657761,2.082490057563025,1.1049186349369569,0.8435456962265687,0.014811738394200802,1.4072383642196655,0.46980450442083566,0.33241128860058927,0
c6,C_hard_rooms,13,onlstm,onlstm,,0.0,128,0,nan,nan,6.38640113572646,128,128,192,566,50,2.0,4.08940592254364,0.06168976538415298,2.1031189474867955,1.1012496984923588,0.8645677915525053,0.01873777247965336,1.0823289155960083,0.48530684229217513,0.32141089055760164,0
c6,C_hard_rooms,13,onlstm,onlstm,,0.0,144,0,nan,nan,6.38640113572646,144,144,192,566,50,2.0,4.08940592254364,0.06168976538415298,2.1031189474867955,1.1012496984923588,0.8645677915525053,0.01873777247965336,1.0823289155960083,0.48530684229217513,0.32141089055760164,0
c6,C_hard_rooms,13,onlstm,onlstm,,0.0,168,1,6.50152559819,1.01802650037429,6.38640113572646,153,153,192,566,50,2.0,4.08940592254364,0.06168976538415298,2.1031189474867955,1.1012496984923588,0.8645677915525053,0.01873777247965336,1.0823289155960083,0.48530684229217513,0.32141089055760164,0
c6,C_hard_rooms,13,hrm,hrm,,0.0,128,0,nan,nan,6.38640113572646,128,128,192,566,50,2.0,4.873650637511645,0.0012121862937746935,2.084521915041012,1.2123128151772549,0.8372216043186936,0.0005333982990123332,1.4636386632919312,0.46302498407038684,0.3787096594090088,0
c6,C_hard_rooms,13,hrm,hrm,,0.0,144,0,nan,nan,6.38640113572646,144,144,192,566,50,2.0,4.873650637511645,0.0012121862937746935,2.084521915041012,1.2123128151772549,0.8372216043186936,0.0005333982990123332,1.4636386632919312,0.46302498407038684,0.3787096594090088,0
c6,C_hard_rooms,13,hrm,hrm,,0.0,168,1,6.519439929872615,1.0208315749854666,6.38640113572646,149,149,192,566,50,2.0,4.873650637511645,0.0012121862937746935,2.084521915041012,1.2123128151772549,0.8372216043186936,0.0005333982990123332,1.4636386632919312,0.46302498407038684,0.3787096594090088,0
c6,C_hard_rooms,14,euclidean,,,0.0,128,0,nan,nan,6.130292117201376,128,128,192,594,37,2.0,2.1227083299874105,0.0,1.1299994457692144,0.5226419847042345,0.9390852616444674,0.0,2.1227083299874105,1.1299994457692144,0.5226419847042345,0
c6,C_hard_rooms,14,euclidean,,,0.0,144,0,nan,nan,6.130292117201376,144,144,192,594,37,2.0,2.1227083299874105,0.0,1.1299994457692144,0.5226419847042345,0.9390852616444674,0.0,2.1227083299874105,1.1299994457692144,0.5226419847042345,0
c6,C_hard_rooms,14,euclidean,,,0.0,168,1,6.130292117201375,0.9999999999999999,6.130292117201376,151,151,192,594,37,2.0,2.1227083299874105,0.0,1.1299994457692144,0.5226419847042345,0.9390852616444674,0.0,2.1227083299874105,1.1299994457692144,0.5226419847042345,0
c6,C_hard_rooms,14,grid_oracle,,,0.0,128,1,6.135423851892684,1.0008371109554322,6.130292117201376,99,99,192,594,37,2.0,6.528155736854703,0.018537889961958275,2.9512951965703387,1.9406150788858005,0.9895016683395275,0.0,6.626681995911328,2.8904048792021886,1.9194779241131317,0
c6,C_hard_rooms,14,grid_oracle,,,0.0,144,1,6.135423851892684,1.0008371109554322,6.130292117201376,99,99,192,594,37,2.0,6.528155736854703,0.018537889961958275,2.9512951965703387,1.9406150788858005,0.9895016683395275,0.0,6.626681995911328,2.8904048792021886,1.9194779241131317,0
c6,C_hard_rooms,14,grid_oracle,,,0.0,168,1,6.135423851892684,1.0008371109554322,6.130292117201376,99,99,192,594,37,2.0,6.528155736854703,0.018537889961958275,2.9512951965703387,1.9406150788858005,0.9895016683395275,0.0,6.626681995911328,2.8904048792021886,1.9194779241131317,0
c6,C_hard_rooms,14,unet,unet,,0.0,128,0,nan,nan,6.130292117201376,128,128,192,594,37,2.0,4.701965638145413,0.06762575363788584,2.102610386409275,1.1991933686823026,0.9551871117380574,0.017823029309511185,1.4118542671203613,0.4827889667240015,0.33709576847099076,0
c6,C_hard_rooms,14,unet,unet,,0.0,144,1,6.133872269407609,1.0005840100500574,6.130292117201376,136,136,192,594,37,2.0,4.701965638145413,0.06762575363788584,2.102610386409275,1.1991933686823026,0.9551871117380574,0.017823029309511185,1.4118542671203613,0.4827889667240015,0.33709576847099076,0
c6,C_hard_rooms,14,unet,unet,,0.0,168,1,6.133872269407609,1.0005840100500574,6.130292117201376,136,136,192,594,37,2.0,4.701965638145413,0.06762575363788584,2.102610386409275,1.1991933686823026,0.9551871117380574,0.017823029309511185,1.4118542671203613,0.4827889667240015,0.33709576847099076,0
c6,C_hard_rooms,14,onlstm,onlstm,,0.0,128,0,nan,nan,6.130292117201376,128,128,192,594,37,2.0,4.011394068587861,0.04698678310727659,2.153621997731911,1.1816189419903884,0.9489698342511462,0.015089520253241062,1.0960421562194824,0.5267712245693019,0.3266046727245268,0
c6,C_hard_rooms,14,onlstm,onlstm,,0.0,144,1,6.136629040217908,1.0010337065339434,6.130292117201376,142,142,192,594,37,2.0,4.011394068587861,0.04698678310727659,2.153621997731911,1.1816189419903884,0.9489698342511462,0.015089520253241062,1.0960421562194824,0.5267712245693019,0.3266046727245268,0
c6,C_hard_rooms,14,onlstm,onlstm,,0.0,168,1,6.136629040217908,1.0010337065339434,6.130292117201376,142,142,192,594,37,2.0,4.011394068587861,0.04698678310727659,2.153621997731911,1.1816189419903884,0.9489698342511462,0.015089520253241062,1.0960421562194824,0.5267712245693019,0.3266046727245268,0
c6,C_hard_rooms,14,hrm,hrm,,0.0,128,0,nan,nan,6.130292117201376,128,128,192,594,37,2.0,4.627524633766778,0.0008744344207350884,2.0678787846350626,1.3144950342205286,0.945182160974419,0.0003793771320488304,1.4707248210906982,0.45745954041457537,0.3845744104079413,0
c6,C_hard_rooms,14,hrm,hrm,,0.0,144,1,6.148562252640762,1.0029803042155399,6.130292117201376,137,137,192,594,37,2.0,4.627524633766778,0.0008744344207350884,2.0678787846350626,1.3144950342205286,0.945182160974419,0.0003793771320488304,1.4707248210906982,0.45745954041457537,0.3845744104079413,0
c6,C_hard_rooms,14,hrm,hrm,,0.0,168,1,6.148562252640762,1.0029803042155399,6.130292117201376,137,137,192,594,37,2.0,4.627524633766778,0.0008744344207350884,2.0678787846350626,1.3144950342205286,0.945182160974419,0.0003793771320488304,1.4707248210906982,0.45745954041457537,0.3845744104079413,0
c6,C_hard_rooms,15,euclidean,,,0.0,128,0,nan,nan,6.349543749194753,128,128,192,616,36,2.0,1.902522358033188,0.0,1.0112526759334324,0.4516598155862502,0.9143382253207825,0.0,1.902522358033188,1.0112526759334324,0.4516598155862502,0
c6,C_hard_rooms,15,euclidean,,,0.0,144,1,6.349543749194752,0.9999999999999999,6.349543749194753,141,141,192,616,36,2.0,1.902522358033188,0.0,1.0112526759334324,0.4516598155862502,0.9143382253207825,0.0,1.902522358033188,1.0112526759334324,0.4516598155862502,0
c6,C_hard_rooms,15,euclidean,,,0.0,168,1,6.349543749194752,0.9999999999999999,6.349543749194753,141,141,192,616,36,2.0,1.902522358033188,0.0,1.0112526759334324,0.4516598155862502,0.9143382253207825,0.0,1.902522358033188,1.0112526759334324,0.4516598155862502,0
c6,C_hard_rooms,15,grid_oracle,,,0.0,128,1,6.366478372057587,1.0026670613719264,6.349543749194753,111,111,192,616,36,2.0,6.487923651067568,0.00648416911811874,2.7535113454198843,1.861900098653756,0.9981265089656297,0.0,6.613737822087168,2.8518771850787354,1.9188519075954338,0
c6,C_hard_rooms,15,grid_oracle,,,0.0,144,1,6.366478372057587,1.0026670613719264,6.349543749194753,111,111,192,616,36,2.0,6.487923651067568,0.00648416911811874,2.7535113454198843,1.861900098653756,0.9981265089656297,0.0,6.613737822087168,2.8518771850787354,1.9188519075954338,0
c6,C_hard_rooms,15,grid_oracle,,,0.0,168,1,6.366478372057587,1.0026670613719264,6.349543749194753,111,111,192,616,36,2.0,6.487923651067568,0.00648416911811874,2.7535113454198843,1.861900098653756,0.9981265089656297,0.0,6.613737822087168,2.8518771850787354,1.9188519075954338,0
c6,C_hard_rooms,15,unet,unet,,0.0,128,0,nan,nan,6.349543749194753,128,128,192,616,36,2.0,4.377840469810575,0.09335333503704571,1.8908405487631958,1.0333755393885096,0.962786194829504,0.018620995804667473,1.305250883102417,0.47657242559807855,0.32686420144171785,0
c6,C_hard_rooms,15,unet,unet,,0.0,144,1,6.401920976519795,1.008248974949056,6.349543749194753,132,132,192,616,36,2.0,4.377840469810575,0.09335333503704571,1.8908405487631958,1.0333755393885096,0.962786194829504,0.018620995804667473,1.305250883102417,0.47657242559807855,0.32686420144171785,0
c6,C_hard_rooms,15,unet,unet,,0.0,168,1,6.401920976519795,1.008248974949056,6.349543749194753,132,132,192,616,36,2.0,4.377840469810575,0.09335333503704571,1.8908405487631958,1.0333755393885096,0.962786194829504,0.018620995804667473,1.305250883102417,0.47657242559807855,0.32686420144171785,0
c6,C_hard_rooms,15,onlstm,onlstm,,0.0,128,0,nan,nan,6.349543749194753,128,128,192,616,36,2.0,3.8038943686158486,0.043110192918984866,1.9122795050729813,1.0633375919286676,0.9408298971868813,0.016890840604901314,1.0601799488067627,0.47383732826665437,0.31606599501185334,0
c6,C_hard_rooms,15,onlstm,onlstm,,0.0,144,1,6.366714764121615,1.0027042911436022,6.349543749194753,136,136,192,616,36,2.0,3.8038943686158486,0.043110192918984866,1.9122795050729813,1.0633375919286676,0.9408298971868813,0.016890840604901314,1.0601799488067627,0.47383732826665437,0.31606599501185334,0
c6,C_hard_rooms,15,onlstm,onlstm,,0.0,168,1,6.366714764121615,1.0027042911436022,6.349543749194753,136,136,192,616,36,2.0,3.8038943686158486,0.043110192918984866,1.9122795050729813,1.0633375919286676,0.9408298971868813,0.016890840604901314,1.0601799488067627,0.47383732826665437,0.31606599501185334,0
c6,C_hard_rooms,15,hrm,hrm,,0.0,128,0,nan,nan,6.349543749194753,128,128,192,616,36,2.0,4.4171913179677205,0.0011114935267501728,1.8614054900414698,1.1748538574028435,0.9487985920842037,0.00043964028009213507,1.4515211582183838,0.4545421647161234,0.38285494155527805,0
c6,C_hard_rooms,15,hrm,hrm,,0.0,144,1,6.382377131009125,1.0051709828471591,6.349543749194753,129,129,192,616,36,2.0,4.4171913179677205,0.0011114935267501728,1.8614054900414698,1.1748538574028435,0.9487985920842037,0.00043964028009213507,1.4515211582183838,0.4545421647161234,0.38285494155527805,0
c6,C_hard_rooms,15,hrm,hrm,,0.0,168,1,6.382377131009125,1.0051709828471591,6.349543749194753,129,129,192,616,36,2.0,4.4171913179677205,0.0011114935267501728,1.8614054900414698,1.1748538574028435,0.9487985920842037,0.00043964028009213507,1.4515211582183838,0.4545421647161234,0.38285494155527805,0
c6,C_hard_rooms,16,euclidean,,,0.0,128,0,nan,nan,6.294912953264668,128,128,192,557,46,2.0,2.0360960393792786,0.0,1.0917656073292978,0.5040517426289941,0.8288561701435044,0.0,2.0360960393792786,1.0917656073292978,0.5040517426289941,0
c6,C_hard_rooms,16,euclidean,,,0.0,144,0,nan,nan,6.294912953264668,144,144,192,557,46,2.0,2.0360960393792786,0.0,1.0917656073292978,0.5040517426289941,0.8288561701435044,0.0,2.0360960393792786,1.0917656073292978,0.5040517426289941,0
c6,C_hard_rooms,16,euclidean,,,0.0,168,1,6.294912953264672,1.0000000000000007,6.294912953264668,149,149,192,557,46,2.0,2.0360960393792786,0.0,1.0917656073292978,0.5040517426289941,0.8288561701435044,0.0,2.0360960393792786,1.0917656073292978,0.5040517426289941,0
c6,C_hard_rooms,16,grid_oracle,,,0.0,128,1,6.294912953264672,1.0000000000000007,6.294912953264668,106,106,192,557,46,2.0,6.852401398712521,0.02349964088431556,3.2955807443887717,2.063833741251688,0.8667329029107779,0.0,6.913293648263011,3.2145501804338643,2.072592134623868,0
c6,C_hard_rooms,16,grid_oracle,,,0.0,144,1,6.294912953264672,1.0000000000000007,6.294912953264668,106,106,192,557,46,2.0,6.852401398712521,0.02349964088431556,3.2955807443887717,2.063833741251688,0.8667329029107779,0.0,6.913293648263011,3.2145501804338643,2.072592134623868,0
c6,C_hard_rooms,16,grid_oracle,,,0.0,168,1,6.294912953264672,1.0000000000000007,6.294912953264668,106,106,192,557,46,2.0,6.852401398712521,0.02349964088431556,3.2955807443887717,2.063833741251688,0.8667329029107779,0.0,6.913293648263011,3.2145501804338643,2.072592134623868,0
c6,C_hard_rooms,16,unet,unet,,0.0,128,0,nan,nan,6.294912953264668,128,128,192,557,46,2.0,4.252826073022408,0.08147252812337116,2.088702316811633,1.1339113460753476,0.8162469820687411,0.014658629894256592,1.2869035005569458,0.47748706569700516,0.3282948032858261,0
c6,C_hard_rooms,16,unet,unet,,0.0,144,1,6.319974568310374,1.003981248864245,6.294912953264668,140,140,192,557,46,2.0,4.252826073022408,0.08147252812337116,2.088702316811633,1.1339113460753476,0.8162469820687411,0.014658629894256592,1.2869035005569458,0.47748706569700516,0.3282948032858261,0
c6,C_hard_rooms,16,unet,unet,,0.0,168,1,6.319974568310374,1.003981248864245,6.294912953264668,140,140,192,557,46,2.0,4.252826073022408,0.08147252812337116,2.088702316811633,1.1339113460753476,0.8162469820687411,0.014658629894256592,1.2869035005569458,0.47748706569700516,0.3282948032858261,0
c6,C_hard_rooms,16,onlstm,onlstm,,0.0,128,0,nan,nan,6.294912953264668,128,128,192,557,46,2.0,3.9288441589644254,0.0694513286968375,2.108563399498911,1.1336437424589958,0.8259162303664923,0.02266854979097843,1.096927285194397,0.4905361433552571,0.3145416129563151,0
c6,C_hard_rooms,16,onlstm,onlstm,,0.0,144,1,6.313579688623647,1.002965368305736,6.294912953264668,144,144,192,557,46,2.0,3.9288441589644254,0.0694513286968375,2.108563399498911,1.1336437424589958,0.8259162303664923,0.02266854979097843,1.096927285194397,0.4905361433552571,0.3145416129563151,0
c6,C_hard_rooms,16,onlstm,onlstm,,0.0,168,1,6.313579688623647,1.002965368305736,6.294912953264668,144,144,192,557,46,2.0,3.9288441589644254,0.0694513286968375,2.108563399498911,1.1336437424589958,0.8259162303664923,0.02266854979097843,1.096927285194397,0.4905361433552571,0.3145416129563151,0
c6,C_hard_rooms,16,hrm,hrm,,0.0,128,0,nan,nan,6.294912953264668,128,128,192,557,46,2.0,4.5654302213121865,0.0014767629845473715,2.06904475174603,1.25304285474332,0.8307398339798716,0.0006446404149755836,1.4870643615722656,0.4572207279107232,0.38753451166805786,0
c6,C_hard_rooms,16,hrm,hrm,,0.0,144,1,6.294912953264672,1.0000000000000007,6.294912953264668,142,142,192,557,46,2.0,4.5654302213121865,0.0014767629845473715,2.06904475174603,1.25304285474332,0.8307398339798716,0.0006446404149755836,1.4870643615722656,0.4572207279107232,0.38753451166805786,0
c6,C_hard_rooms,16,hrm,hrm,,0.0,168,1,6.294912953264672,1.0000000000000007,6.294912953264668,142,142,192,557,46,2.0,4.5654302213121865,0.0014767629845473715,2.06904475174603,1.25304285474332,0.8307398339798716,0.0006446404149755836,1.4870643615722656,0.4572207279107232,0.38753451166805786,0
c6,C_hard_rooms,17,euclidean,,,0.0,128,0,nan,nan,6.381665053761392,128,128,192,590,34,2.0,1.9658038886324287,0.0,1.030070884736756,0.46747271772254895,0.9191499606651657,0.0,1.9658038886324287,1.030070884736756,0.46747271772254895,0
c6,C_hard_rooms,17,euclidean,,,0.0,144,1,6.381665053761393,1.0000000000000002,6.381665053761392,143,143,192,590,34,2.0,1.9658038886324287,0.0,1.030070884736756,0.46747271772254895,0.9191499606651657,0.0,1.9658038886324287,1.030070884736756,0.46747271772254895,0
c6,C_hard_rooms,17,euclidean,,,0.0,168,1,6.381665053761393,1.0000000000000002,6.381665053761392,143,143,192,590,34,2.0,1.9658038886324287,0.0,1.030070884736756,0.46747271772254895,0.9191499606651657,0.0,1.9658038886324287,1.030070884736756,0.46747271772254895,0
c6,C_hard_rooms,17,grid_oracle,,,0.0,128,1,6.383753639966988,1.0003272791956335,6.381665053761392,92,92,192,590,34,2.0,7.056153870637736,0.021591673203648767,3.046379886426376,2.0575376174946842,0.9849154301060686,0.0,7.152570343559648,3.007953964676009,2.0484620589938984,0
c6,C_hard_rooms,17,grid_oracle,,,0.0,144,1,6.383753639966988,1.0003272791956335,6.381665053761392,92,92,192,590,34,2.0,7.056153870637736,0.021591673203648767,3.046379886426376,2.0575376174946842,0.9849154301060686,0.0,7.152570343559648,3.007953964676009,2.0484620589938984,0
c6,C_hard_rooms,17,grid_oracle,,,0.0,168,1,6.383753639966988,1.0003272791956335,6.381665053761392,92,92,192,590,34,2.0,7.056153870637736,0.021591673203648767,3.046379886426376,2.0575376174946842,0.9849154301060686,0.0,7.152570343559648,3.007953964676009,2.0484620589938984,0
c6,C_hard_rooms,17,unet,unet,,0.0,128,0,nan,nan,6.381665053761392,128,128,192,590,34,2.0,4.479357949772778,0.08550304742215763,1.979744988580162,1.0893549859981573,0.956202696470716,0.016783157363533974,1.4024627208709717,0.4785944208156252,0.3249898437663005,0
c6,C_hard_rooms,17,unet,unet,,0.0,144,1,6.386799850621024,1.0008046171048426,6.381665053761392,133,133,192,590,34,2.0,4.479357949772778,0.08550304742215763,1.979744988580162,1.0893549859981573,0.956202696470716,0.016783157363533974,1.4024627208709717,0.4785944208156252,0.3249898437663005,0
c6,C_hard_rooms,17,unet,unet,,0.0,168,1,6.386799850621024,1.0008046171048426,6.381665053761392,133,133,192,590,34,2.0,4.479357949772778,0.08550304742215763,1.979744988580162,1.0893549859981573,0.956202696470716,0.016783157363533974,1.4024627208709717,0.4785944208156252,0.3249898437663005,0
c6,C_hard_rooms,17,onlstm,onlstm,,0.0,128,0,nan,nan,6.381665053761392,128,128,192,590,34,2.0,3.9065481406494307,0.058127463963112594,1.9964634579619318,1.0987341415078944,0.9409011068008574,0.023269055411219597,1.0320903062820435,0.4775206218932908,0.31292188656931347,0
c6,C_hard_rooms,17,onlstm,onlstm,,0.0,144,1,6.427830236705125,1.0072340341517176,6.381665053761392,139,139,192,590,34,2.0,3.9065481406494307,0.058127463963112594,1.9964634579619318,1.0987341415078944,0.9409011068008574,0.023269055411219597,1.0320903062820435,0.4775206218932908,0.31292188656931347,0
c6,C_hard_rooms,17,onlstm,onlstm,,0.0,168,1,6.427830236705125,1.0072340341517176,6.381665053761392,139,139,192,590,34,2.0,3.9065481406494307,0.058127463963112594,1.9964634579619318,1.0987341415078944,0.9409011068008574,0.023269055411219597,1.0320903062820435,0.4775206218932908,0.31292188656931347,0
c6,C_hard_rooms,17,hrm,hrm,,0.0,128,0,nan,nan,6.381665053761392,128,128,192,590,34,2.0,4.64456507711837,0.0015278860091967202,1.9519487987312285,1.2096755609890981,0.945836611236199,0.0006129380199126899,1.430875539779663,0.4492103382679886,0.37977060365944326,0
c6,C_hard_rooms,17,hrm,hrm,,0.0,144,1,6.387235584808326,1.0008728961799163,6.381665053761392,136,136,192,590,34,2.0,4.64456507711837,0.0015278860091967202,1.9519487987312285,1.2096755609890981,0.945836611236199,0.0006129380199126899,1.430875539779663,0.4492103382679886,0.37977060365944326,0
c6,C_hard_rooms,17,hrm,hrm,,0.0,168,1,6.387235584808326,1.0008728961799163,6.381665053761392,136,136,192,590,34,2.0,4.64456507711837,0.0015278860091967202,1.9519487987312285,1.2096755609890981,0.945836611236199,0.0006129380199126899,1.430875539779663,0.4492103382679886,0.37977060365944326,0
c6,C_hard_rooms,18,euclidean,,,0.0,128,0,nan,nan,6.384822513849946,128,128,192,564,54,2.0,2.123090628569997,0.0,1.1097137110835258,0.49975988443516867,0.9208640778015899,0.0,2.123090628569997,1.1097137110835258,0.49975988443516867,0
c6,C_hard_rooms,18,euclidean,,,0.0,144,0,nan,nan,6.384822513849946,144,144,192,564,54,2.0,2.123090628569997,0.0,1.1097137110835258,0.49975988443516867,0.9208640778015899,0.0,2.123090628569997,1.1097137110835258,0.49975988443516867,0
c6,C_hard_rooms,18,euclidean,,,0.0,168,1,6.384822513849948,1.0000000000000002,6.384822513849946,150,150,192,564,54,2.0,2.123090628569997,0.0,1.1097137110835258,0.49975988443516867,0.9208640778015899,0.0,2.123090628569997,1.1097137110835258,0.49975988443516867,0
c6,C_hard_rooms,18,grid_oracle,,,0.0,128,1,6.396342666259497,1.0018043026857146,6.384822513849946,100,100,192,564,54,2.0,6.207471979370581,0.00978028286007333,2.778614580913454,1.7353780831381163,0.9422150937254158,0.0,6.319543648263005,2.8379277252489663,1.806205778439779,0
c6,C_hard_rooms,18,grid_oracle,,,0.0,144,1,6.396342666259497,1.0018043026857146,6.384822513849946,100,100,192,564,54,2.0,6.207471979370581,0.00978028286007333,2.778614580913454,1.7353780831381163,0.9422150937254158,0.0,6.319543648263005,2.8379277252489663,1.806205778439779,0
c6,C_hard_rooms,18,grid_oracle,,,0.0,168,1,6.396342666259497,1.0018043026857146,6.384822513849946,100,100,192,564,54,2.0,6.207471979370581,0.00978028286007333,2.778614580913454,1.7353780831381163,0.9422150937254158,0.0,6.319543648263005,2.8379277252489663,1.806205778439779,0
c6,C_hard_rooms,18,unet,unet,,0.0,128,0,nan,nan,6.384822513849946,128,128,192,564,54,2.0,4.633451271114041,0.11785796393018011,2.1130578042194155,1.168302090556067,0.917417193391748,0.02610684745013714,1.5532925128936768,0.5105129139997189,0.3652319214249435,0
c6,C_hard_rooms,18,unet,unet,,0.0,144,1,6.551577521535138,1.0261174069167103,6.384822513849946,135,135,192,564,54,2.0,4.633451271114041,0.11785796393018011,2.1130578042194155,1.168302090556067,0.917417193391748,0.02610684745013714,1.5532925128936768,0.5105129139997189,0.3652319214249435,0
c6,C_hard_rooms,18,unet,unet,,0.0,168,1,6.551577521535138,1.0261174069167103,6.384822513849946,135,135,192,564,54,2.0,4.633451271114041,0.11785796393018011,2.1130578042194155,1.168302090556067,0.917417193391748,0.02610684745013714,1.5532925128936768,0.5105129139997189,0.3652319214249435,0
c6,C_hard_rooms,18,onlstm,onlstm,,0.0,128,0,nan,nan,6.384822513849946,128,128,192,564,54,2.0,4.222884991968133,0.06272382926650086,2.0940820255113586,1.1718491229522818,0.9237616309036162,0.01328982226550579,1.1191513538360596,0.5053526440112819,0.3424297857854159,0
c6,C_hard_rooms,18,onlstm,onlstm,,0.0,144,1,6.566942375344756,1.028523872214107,6.384822513849946,138,138,192,564,54,2.0,4.222884991968133,0.06272382926650086,2.0940820255113586,1.1718491229522818,0.9237616309036162,0.01328982226550579,1.1191513538360596,0.5053526440112819,0.3424297857854159,0
c6,C_hard_rooms,18,onlstm,onlstm,,0.0,168,1,6.566942375344756,1.028523872214107,6.384822513849946,138,138,192,564,54,2.0,4.222884991968133,0.06272382926650086,2.0940820255113586,1.1718491229522818,0.9237616309036162,0.01328982226550579,1.1191513538360596,0.5053526440112819,0.3424297857854159,0
c6,C_hard_rooms,18,hrm,hrm,,0.0,128,0,nan,nan,6.384822513849946,128,128,192,564,54,2.0,4.886592411877838,0.0017556921516505355,2.0526152566978193,1.2285379945362374,0.9275187857743539,0.0006075541605241597,1.5070246458053589,0.4708083443180726,0.376835108344732,0
c6,C_hard_rooms,18,hrm,hrm,,0.0,144,1,6.424334941086848,1.0061884926560123,6.384822513849946,130,130,192,564,54,2.0,4.886592411877838,0.0017556921516505355,2.0526152566978193,1.2285379945362374,0.9275187857743539,0.0006075541605241597,1.5070246458053589,0.4708083443180726,0.376835108344732,0
c6,C_hard_rooms,18,hrm,hrm,,0.0,168,1,6.424334941086848,1.0061884926560123,6.384822513849946,130,130,192,564,54,2.0,4.886592411877838,0.0017556921516505355,2.0526152566978193,1.2285379945362374,0.9275187857743539,0.0006075541605241597,1.5070246458053589,0.4708083443180726,0.376835108344732,0
c6,C_hard_rooms,19,euclidean,,,0.0,128,0,nan,nan,6.524465783362381,128,128,192,553,46,2.0,2.0952572779265126,0.0,1.0854436158166711,0.5284534768631981,0.9341904484171121,0.0,2.0952572779265126,1.0854436158166711,0.5284534768631981,0
c6,C_hard_rooms,19,euclidean,,,0.0,144,0,nan,nan,6.524465783362381,144,144,192,553,46,2.0,2.0952572779265126,0.0,1.0854436158166711,0.5284534768631981,0.9341904484171121,0.0,2.0952572779265126,1.0854436158166711,0.5284534768631981,0
c6,C_hard_rooms,19,euclidean,,,0.0,168,1,6.524465783362381,1.0,6.524465783362381,145,145,192,553,46,2.0,2.0952572779265126,0.0,1.0854436158166711,0.5284534768631981,0.9341904484171121,0.0,2.0952572779265126,1.0854436158166711,0.5284534768631981,0
c6,C_hard_rooms,19,grid_oracle,,,0.0,128,1,6.524465783362381,1.0,6.524465783362381,127,127,192,553,46,2.0,6.0834838883806555,0.005360731417420298,2.8209364796090886,1.849773999960031,0.9544122833193177,0.0,6.144987822087166,2.836730020132266,1.7822764793073578,0
c6,C_hard_rooms,19,grid_oracle,,,0.0,144,1,6.524465783362381,1.0,6.524465783362381,127,127,192,553,46,2.0,6.0834838883806555,0.005360731417420298,2.8209364796090886,1.849773999960031,0.9544122833193177,0.0,6.144987822087166,2.836730020132266,1.7822764793073578,0
c6,C_hard_rooms,19,grid_oracle,,,0.0,168,1,6.524465783362381,1.0,6.524465783362381,127,127,192,553,46,2.0,6.0834838883806555,0.005360731417420298,2.8209364796090886,1.849773999960031,0.9544122833193177,0.0,6.144987822087166,2.836730020132266,1.7822764793073578,0
c6,C_hard_rooms,19,unet,unet,,0.0,128,0,nan,nan,6.524465783362381,128,128,192,553,46,2.0,4.682005957897129,0.13832664312020548,2.047181984410185,1.2265997754468385,0.9304248162113774,0.023120079189538956,1.5710599422454834,0.49947569516962176,0.3594911598749494,0
c6,C_hard_rooms,19,unet,unet,,0.0,144,0,nan,nan,6.524465783362381,144,144,192,553,46,2.0,4.682005957897129,0.13832664312020548,2.047181984410185,1.2265997754468385,0.9304248162113774,0.023120079189538956,1.5710599422454834,0.49947569516962176,0.3594911598749494,0
c6,C_hard_rooms,19,unet,unet,,0.0,168,1,6.524465783362381,1.0,6.524465783362381,147,147,192,553,46,2.0,4.682005957897129,0.13832664312020548,2.047181984410185,1.2265997754468385,0.9304248162113774,0.023120079189538956,1.5710599422454834,0.49947569516962176,0.3594911598749494,0
c6,C_hard_rooms,19,onlstm,onlstm,,0.0,128,0,nan,nan,6.524465783362381,128,128,192,553,46,2.0,4.070441867597831,0.057255392730913415,2.0436461267027237,1.203975691280417,0.9297245883406126,0.013000603765249252,1.1090312004089355,0.4836899879653629,0.34197612488369317,0
c6,C_hard_rooms,19,onlstm,onlstm,,0.0,144,1,6.632866822464418,1.0166145463400948,6.524465783362381,143,143,192,553,46,2.0,4.070441867597831,0.057255392730913415,2.0436461267027237,1.203975691280417,0.9297245883406126,0.013000603765249252,1.1090312004089355,0.4836899879653629,0.34197612488369317,0
c6,C_hard_rooms,19,onlstm,onlstm,,0.0,168,1,6.632866822464418,1.0166145463400948,6.524465783362381,143,143,192,553,46,2.0,4.070441867597831,0.057255392730913415,2.0436461267027237,1.203975691280417,0.9297245883406126,0.013000603765249252,1.1090312004089355,0.4836899879653629,0.34197612488369317,0
c6,C_hard_rooms,19,hrm,hrm,,0.0,128,0,nan,nan,6.524465783362381,128,128,192,553,46,2.0,4.770971029142675,0.0017664041434875325,1.9979769896853006,1.2763688931187844,0.9346770474459486,0.0006640366627834737,1.4699821472167969,0.4630673776920702,0.37050499613638627,0
c6,C_hard_rooms,19,hrm,hrm,,0.0,144,0,nan,nan,6.524465783362381,144,144,192,553,46,2.0,4.770971029142675,0.0017664041434875325,1.9979769896853006,1.2763688931187844,0.9346770474459486,0.0006640366627834737,1.4699821472167969,0.4630673776920702,0.37050499613638627,0
c6,C_hard_rooms,19,hrm,hrm,,0.0,168,1,6.524465783362381,1.0,6.524465783362381,145,145,192,553,46,2.0,4.770971029142675,0.0017664041434875325,1.9979769896853006,1.2763688931187844,0.9346770474459486,0.0006640366627834737,1.4699821472167969,0.4630673776920702,0.37050499613638627,0
c6,C_hard_rooms,20,euclidean,,,0.0,128,0,nan,nan,5.8746152717655225,128,128,192,581,37,2.0,2.0936831517556946,0.0,1.129586060289303,0.5180953659794945,0.8328116946531754,0.0,2.0936831517556946,1.129586060289303,0.5180953659794945,0
c6,C_hard_rooms,20,euclidean,,,0.0,144,1,5.874615271765521,0.9999999999999997,5.8746152717655225,135,135,192,581,37,2.0,2.0936831517556946,0.0,1.129586060289303,0.5180953659794945,0.8328116946531754,0.0,2.0936831517556946,1.129586060289303,0.5180953659794945,0
c6,C_hard_rooms,20,euclidean,,,0.0,168,1,5.874615271765521,0.9999999999999997,5.8746152717655225,135,135,192,581,37,2.0,2.0936831517556946,0.0,1.129586060289303,0.5180953659794945,0.8328116946531754,0.0,2.0936831517556946,1.129586060289303,0.5180953659794945,0
c6,C_hard_rooms,20,grid_oracle,,,0.0,128,1,5.874615271765521,0.9999999999999997,5.8746152717655225,99,99,192,581,37,2.0,5.815169896607614,0.014588447634890983,2.7036937908055734,1.6978694114642914,0.8691235113799747,0.0,5.915514517383803,2.726633772741976,1.6867893836439383,0
c6,C_hard_rooms,20,grid_oracle,,,0.0,144,1,5.874615271765521,0.9999999999999997,5.8746152717655225,99,99,192,581,37,2.0,5.815169896607614,0.014588447634890983,2.7036937908055734,1.6978694114642914,0.8691235113799747,0.0,5.915514517383803,2.726633772741976,1.6867893836439383,0
c6,C_hard_rooms,20,grid_oracle,,,0.0,168,1,5.874615271765521,0.9999999999999997,5.8746152717655225,99,99,192,581,37,2.0,5.815169896607614,0.014588447634890983,2.7036937908055734,1.6978694114642914,0.8691235113799747,0.0,5.915514517383803,2.726633772741976,1.6867893836439383,0
c6,C_hard_rooms,20,unet,unet,,0.0,128,1,6.031611261923014,1.0267244717985267,5.8746152717655225,128,128,192,581,37,2.0,4.8040127525335325,0.1177656912681177,2.0990858170310447,1.228880705022943,0.8407464802105094,0.02742687612771988,1.5401901006698608,0.5002781893695101,0.36226105406337644,0
c6,C_hard_rooms,20,unet,unet,,0.0,144,1,6.031611261923014,1.0267244717985267,5.8746152717655225,128,128,192,581,37,2.0,4.8040127525335325,0.1177656912681177,2.0990858170310447,1.228880705022943,0.8407464802105094,0.02742687612771988,1.5401901006698608,0.5002781893695101,0.36226105406337644,0
c6,C_hard_rooms,20,unet,unet,,0.0,168,1,6.031611261923014,1.0267244717985267,5.8746152717655225,128,128,192,581,37,2.0,4.8040127525335325,0.1177656912681177,2.0990858170310447,1.228880705022943,0.8407464802105094,0.02742687612771988,1.5401901006698608,0.5002781893695101,0.36226105406337644,0
c6,C_hard_rooms,20,onlstm,onlstm,,0.0,128,0,nan,nan,5.8746152717655225,128,128,192,581,37,2.0,4.171503300503275,0.0546189144028094,2.115156981384341,1.1999704212154176,0.8552376366546403,0.012187192216515541,1.1463778018951416,0.49268251875014357,0.34839789072007143,0
c6,C_hard_rooms,20,onlstm,onlstm,,0.0,144,1,5.950941624583553,1.0129925704556124,5.8746152717655225,129,129,192,581,37,2.0,4.171503300503275,0.0546189144028094,2.115156981384341,1.1999704212154176,0.8552376366546403,0.012187192216515541,1.1463778018951416,0.49268251875014357,0.34839789072007143,0
c6,C_hard_rooms,20,onlstm,onlstm,,0.0,168,1,5.950941624583553,1.0129925704556124,5.8746152717655225,129,129,192,581,37,2.0,4.171503300503275,0.0546189144028094,2.115156981384341,1.1999704212154176,0.8552376366546403,0.012187192216515541,1.1463778018951416,0.49268251875014357,0.34839789072007143,0
c6,C_hard_rooms,20,hrm,hrm,,0.0,128,1,5.936282450991809,1.0104972285628082,5.8746152717655225,128,128,192,581,37,2.0,4.847567864292317,0.0012525326388708792,2.044028669576891,1.2644834491419659,0.8315773946775901,0.0005063491989858449,1.4677597284317017,0.4692105684357557,0.3786668441986732,0
c6,C_hard_rooms,20,hrm,hrm,,0.0,144,1,5.936282450991809,1.0104972285628082,5.8746152717655225,128,128,192,581,37,2.0,4.847567864292317,0.0012525326388708792,2.044028669576891,1.2644834491419659,0.8315773946775901,0.0005063491989858449,1.4677597284317017,0.4692105684357557,0.3786668441986732,0
c6,C_hard_rooms,20,hrm,hrm,,0.0,168,1,5.936282450991809,1.0104972285628082,5.8746152717655225,128,128,192,581,37,2.0,4.847567864292317,0.0012525326388708792,2.044028669576891,1.2644834491419659,0.8315773946775901,0.0005063491989858449,1.4677597284317017,0.4692105684357557,0.3786668441986732,0
c6,C_hard_rooms,21,euclidean,,,0.0,128,0,nan,nan,5.473782902219071,128,128,192,550,47,2.0,2.014692286030977,0.0,0.9610540005311474,0.4689666840079396,0.9038822803352956,0.0,2.014692286030977,0.9610540005311474,0.4689666840079396,0
c6,C_hard_rooms,21,euclidean,,,0.0,144,1,5.473782902219072,1.0000000000000002,5.473782902219071,132,132,192,550,47,2.0,2.014692286030977,0.0,0.9610540005311474,0.4689666840079396,0.9038822803352956,0.0,2.014692286030977,0.9610540005311474,0.4689666840079396,0
c6,C_hard_rooms,21,euclidean,,,0.0,168,1,5.473782902219072,1.0000000000000002,5.473782902219071,132,132,192,550,47,2.0,2.014692286030977,0.0,0.9610540005311474,0.4689666840079396,0.9038822803352956,0.0,2.014692286030977,0.9610540005311474,0.4689666840079396,0
c6,C_hard_rooms,21,grid_oracle,,,0.0,128,1,5.473782902219072,1.0000000000000002,5.473782902219071,94,94,192,550,47,2.0,7.805478845668812,0.010528464969737137,2.524097023301598,1.724011555187295,0.9653921276076284,0.0,5.850793648263007,2.6207056913165063,1.6921687153308218,0
c6,C_hard_rooms,21,grid_oracle,,,0.0,144,1,5.473782902219072,1.0000000000000002,5.473782902219071,94,94,192,550,47,2.0,7.805478845668812,0.010528464969737137,2.524097023301598,1.724011555187295,0.9653921276076284,0.0,5.850793648263007,2.6207056913165063,1.6921687153308218,0
c6,C_hard_rooms,21,grid_oracle,,,0.0,168,1,5.473782902219072,1.0000000000000002,5.473782902219071,94,94,192,550,47,2.0,7.805478845668812,0.010528464969737137,2.524097023301598,1.724011555187295,0.9653921276076284,0.0,5.850793648263007,2.6207056913165063,1.6921687153308218,0
c6,C_hard_rooms,21,unet,unet,,0.0,128,1,5.502867726139511,1.0053134777977126,5.473782902219071,126,126,192,550,47,2.0,4.5616672080968845,0.12460006032893403,1.851515664940706,1.1223479469283137,0.9152046089574915,0.025945866480469704,1.45407235622406,0.4837853552735396,0.35067335675099587,0
c6,C_hard_rooms,21,unet,unet,,0.0,144,1,5.502867726139511,1.0053134777977126,5.473782902219071,126,126,192,550,47,2.0,4.5616672080968845,0.12460006032893403,1.851515664940706,1.1223479469283137,0.9152046089574915,0.025945866480469704,1.45407235622406,0.4837853552735396,0.35067335675099587,0
c6,C_hard_rooms,21,unet,unet,,0.0,168,1,5.502867726139511,1.0053134777977126,5.473782902219071,126,126,192,550,47,2.0,4.5616672080968845,0.12460006032893403,1.851515664940706,1.1223479469283137,0.9152046089574915,0.025945866480469704,1.45407235622406,0.4837853552735396,0.35067335675099587,0
c6,C_hard_rooms,21,onlstm,onlstm,,0.0,128,1,5.663021084662476,1.0345717369182996,5.473782902219071,128,128,192,550,47,2.0,3.845360708131195,0.030788264547570644,1.7526547558080041,1.098678620906831,0.912512207362396,0.009736371226608753,1.0978702306747437,0.408483125804878,0.32470701998833895,0
c6,C_hard_rooms,21,onlstm,onlstm,,0.0,144,1,5.663021084662476,1.0345717369182996,5.473782902219071,128,128,192,550,47,2.0,3.845360708131195,0.030788264547570644,1.7526547558080041,1.098678620906831,0.912512207362396,0.009736371226608753,1.0978702306747437,0.408483125804878,0.32470701998833895,0
c6,C_hard_rooms,21,onlstm,onlstm,,0.0,168,1,5.663021084662476,1.0345717369182996,5.473782902219071,128,128,192,550,47,2.0,3.845360708131195,0.030788264547570644,1.7526547558080041,1.098678620906831,0.912512207362396,0.009736371226608753,1.0978702306747437,0.408483125804878,0.32470701998833895,0
c6,C_hard_rooms,21,hrm,hrm,,0.0,128,1,5.531099995885202,1.0104712033140546,5.473782902219071,118,118,192,550,47,2.0,4.626682241539307,0.0016541159964591702,1.8152922738141364,1.1802285846014484,0.9063474893524673,0.0005218875594437122,1.4353950023651123,0.46179630872059363,0.3742297017819393,0
c6,C_hard_rooms,21,hrm,hrm,,0.0,144,1,5.531099995885202,1.0104712033140546,5.473782902219071,118,118,192,550,47,2.0,4.626682241539307,0.0016541159964591702,1.8152922738141364,1.1802285846014484,0.9063474893524673,0.0005218875594437122,1.4353950023651123,0.46179630872059363,0.3742297017819393,0
c6,C_hard_rooms,21,hrm,hrm,,0.0,168,1,5.531099995885202,1.0104712033140546,5.473782902219071,118,118,192,550,47,2.0,4.626682241539307,0.0016541159964591702,1.8152922738141364,1.1802285846014484,0.9063474893524673,0.0005218875594437122,1.4353950023651123,0.46179630872059363,0.3742297017819393,0
c6,C_hard_rooms,22,euclidean,,,0.0,128,0,nan,nan,5.844142467163266,128,128,192,570,52,2.0,1.9854340989634083,0.0,1.0150377239310726,0.49305246276382786,0.9055692699997288,0.0,1.9854340989634083,1.0150377239310726,0.49305246276382786,0
c6,C_hard_rooms,22,euclidean,,,0.0,144,1,5.844142467163268,1.0000000000000002,5.844142467163266,137,137,192,570,52,2.0,1.9854340989634083,0.0,1.0150377239310726,0.49305246276382786,0.9055692699997288,0.0,1.9854340989634083,1.0150377239310726,0.49305246276382786,0
c6,C_hard_rooms,22,euclidean,,,0.0,168,1,5.844142467163268,1.0000000000000002,5.844142467163266,137,137,192,570,52,2.0,1.9854340989634083,0.0,1.0150377239310726,0.49305246276382786,0.9055692699997288,0.0,1.9854340989634083,1.0150377239310726,0.49305246276382786,0
c6,C_hard_rooms,22,grid_oracle,,,0.0,128,1,5.858623989155893,1.0024779549906586,5.844142467163266,101,101,192,570,52,2.0,5.600793648263005,0.0,2.5644871197886103,1.6734027654007633,0.9859971380517051,0.0,5.652570343559644,2.6350100455844783,1.5807226519560464,0
c6,C_hard_rooms,22,grid_oracle,,,0.0,144,1,5.858623989155893,1.0024779549906586,5.844142467163266,101,101,192,570,52,2.0,5.600793648263005,0.0,2.5644871197886103,1.6734027654007633,0.9859971380517051,0.0,5.652570343559644,2.6350100455844783,1.5807226519560464,0
c6,C_hard_rooms,22,grid_oracle,,,0.0,168,1,5.858623989155893,1.0024779549906586,5.844142467163266,101,101,192,570,52,2.0,5.600793648263005,0.0,2.5644871197886103,1.6734027654007633,0.9859971380517051,0.0,5.652570343559644,2.6350100455844783,1.5807226519560464,0
c6,C_hard_rooms,22,unet,unet,,0.0,128,1,5.858623989155893,1.0024779549906586,5.844142467163266,123,123,192,570,52,2.0,4.621159896699838,0.12670536688531475,1.9261092535127282,1.1488522156437766,0.9188888587472536,0.01404553186148405,1.385779619216919,0.4669679408241336,0.3257999368001447,0
c6,C_hard_rooms,22,unet,unet,,0.0,144,1,5.858623989155893,1.0024779549906586,5.844142467163266,123,123,192,570,52,2.0,4.621159896699838,0.12670536688531475,1.9261092535127282,1.1488522156437766,0.9188888587472536,0.01404553186148405,1.385779619216919,0.4669679408241336,0.3257999368001447,0
c6,C_hard_rooms,22,unet,unet,,0.0,168,1,5.858623989155893,1.0024779549906586,5.844142467163266,123,123,192,570,52,2.0,4.621159896699838,0.12670536688531475,1.9261092535127282,1.1488522156437766,0.9188888587472536,0.01404553186148405,1.385779619216919,0.4669679408241336,0.3257999368001447,0
c6,C_hard_rooms,22,onlstm,onlstm,,0.0,128,1,5.911834320034445,1.0115828546705563,5.844142467163266,128,128,192,570,52,2.0,3.954828072669917,0.0558099485722265,1.8921852167187485,1.1288847793289296,0.9318676586278924,0.019069984555244446,1.0300654172897339,0.458779428134676,0.3200210994676429,0
c6,C_hard_rooms,22,onlstm,onlstm,,0.0,144,1,5.911834320034445,1.0115828546705563,5.844142467163266,128,128,192,570,52,2.0,3.954828072669917,0.0558099485722265,1.8921852167187485,1.1288847793289296,0.9318676586278924,0.019069984555244446,1.0300654172897339,0.458779428134676,0.3200210994676429,0
c6,C_hard_rooms,22,onlstm,onlstm,,0.0,168,1,5.911834320034445,1.0115828546705563,5.844142467163266,128,128,192,570,52,2.0,3.954828072669917,0.0558099485722265,1.8921852167187485,1.1288847793289296,0.9318676586278924,0.019069984555244446,1.0300654172897339,0.458779428134676,0.3200210994676429,0
c6,C_hard_rooms,22,hrm,hrm,,0.0,128,1,5.883151543751832,1.006674901717018,5.844142467163266,120,120,192,570,52,2.0,4.4459504436133725,0.0018187271915564406,1.9099447362670456,1.275671019043702,0.9250756178281747,0.0006393622606992722,1.481687068939209,0.45511441730272395,0.3845246079442928,0
c6,C_hard_rooms,22,hrm,hrm,,0.0,144,1,5.883151543751832,1.006674901717018,5.844142467163266,120,120,192,570,52,2.0,4.4459504436133725,0.0018187271915564406,1.9099447362670456,1.275671019043702,0.9250756178281747,0.0006393622606992722,1.481687068939209,0.45511441730272395,0.3845246079442928,0
c6,C_hard_rooms,22,hrm,hrm,,0.0,168,1,5.883151543751832,1.006674901717018,5.844142467163266,120,120,192,570,52,2.0,4.4459504436133725,0.0018187271915564406,1.9099447362670456,1.275671019043702,0.9250756178281747,0.0006393622606992722,1.481687068939209,0.45511441730272395,0.3845246079442928,0
c6,C_hard_rooms,23,euclidean,,,0.0,128,0,nan,nan,6.1623188964793325,128,128,192,564,50,2.0,2.054085652714144,0.0,1.0975425208248022,0.4877951669847477,0.8317520277785314,0.0,2.054085652714144,1.0975425208248022,0.4877951669847477,0
c6,C_hard_rooms,23,euclidean,,,0.0,144,0,nan,nan,6.1623188964793325,144,144,192,564,50,2.0,2.054085652714144,0.0,1.0975425208248022,0.4877951669847477,0.8317520277785314,0.0,2.054085652714144,1.0975425208248022,0.4877951669847477,0
c6,C_hard_rooms,23,euclidean,,,0.0,168,1,6.162318896479332,0.9999999999999999,6.1623188964793325,154,154,192,564,50,2.0,2.054085652714144,0.0,1.0975425208248022,0.4877951669847477,0.8317520277785314,0.0,2.054085652714144,1.0975425208248022,0.4877951669847477,0
c6,C_hard_rooms,23,grid_oracle,,,0.0,128,0,nan,nan,6.1623188964793325,128,128,192,564,50,2.0,6.260025032059766,0.0056802795943741895,2.8339273249268095,1.7951548187416655,0.8250244147247919,0.0,6.335628605318051,3.0544261940311364,1.8426223814983616,0
c6,C_hard_rooms,23,grid_oracle,,,0.0,144,1,6.162775916629044,1.0000741636642616,6.1623188964793325,129,129,192,564,50,2.0,6.260025032059766,0.0056802795943741895,2.8339273249268095,1.7951548187416655,0.8250244147247919,0.0,6.335628605318051,3.0544261940311364,1.8426223814983616,0
c6,C_hard_rooms,23,grid_oracle,,,0.0,168,1,6.162775916629044,1.0000741636642616,6.1623188964793325,129,129,192,564,50,2.0,6.260025032059766,0.0056802795943741895,2.8339273249268095,1.7951548187416655,0.8250244147247919,0.0,6.335628605318051,3.0544261940311364,1.8426223814983616,0
c6,C_hard_rooms,23,unet,unet,,0.0,128,0,nan,nan,6.1623188964793325,128,128,192,564,50,2.0,4.484916141926963,0.05663948068905975,1.9943946570875433,1.099525307036756,0.813744472777582,0.018366705626249313,1.256809949874878,0.47608914553393333,0.3263875010654801,0
c6,C_hard_rooms,23,unet,unet,,0.0,144,0,nan,nan,6.1623188964793325,144,144,192,564,50,2.0,4.484916141926963,0.05663948068905975,1.9943946570875433,1.099525307036756,0.813744472777582,0.018366705626249313,1.256809949874878,0.47608914553393333,0.3263875010654801,0
c6,C_hard_rooms,23,unet,unet,,0.0,168,1,6.225077381398957,1.0101842319383179,6.1623188964793325,153,153,192,564,50,2.0,4.484916141926963,0.05663948068905975,1.9943946570875433,1.099525307036756,0.813744472777582,0.018366705626249313,1.256809949874878,0.47608914553393333,0.3263875010654801,0
c6,C_hard_rooms,23,onlstm,onlstm,,0.0,128,0,nan,nan,6.1623188964793325,128,128,192,564,50,2.0,4.107308361291657,0.051393199726529,2.1259824745255003,1.1246704718506941,0.8299802647641267,0.01729915291070938,1.1182894706726074,0.5351258876480642,0.32122123463764907,0
c6,C_hard_rooms,23,onlstm,onlstm,,0.0,144,0,nan,nan,6.1623188964793325,144,144,192,564,50,2.0,4.107308361291657,0.051393199726529,2.1259824745255003,1.1246704718506941,0.8299802647641267,0.01729915291070938,1.1182894706726074,0.5351258876480642,0.32122123463764907,0
c6,C_hard_rooms,23,onlstm,onlstm,,0.0,168,1,6.22823964758142,1.0106973936612969,6.1623188964793325,152,152,192,564,50,2.0,4.107308361291657,0.051393199726529,2.1259824745255003,1.1246704718506941,0.8299802647641267,0.01729915291070938,1.1182894706726074,0.5351258876480642,0.32122123463764907,0
c6,C_hard_rooms,23,hrm,hrm,,0.0,128,0,nan,nan,6.1623188964793325,128,128,192,564,50,2.0,4.853841907919841,0.0012645315437765769,1.9550310020632322,1.2211023266189474,0.795384260640751,0.00046920013846829534,1.4506417512893677,0.45718645664771884,0.3849498014110101,0
c6,C_hard_rooms,23,hrm,hrm,,0.0,144,0,nan,nan,6.1623188964793325,144,144,192,564,50,2.0,4.853841907919841,0.0012645315437765769,1.9550310020632322,1.2211023266189474,0.795384260640751,0.00046920013846829534,1.4506417512893677,0.45718645664771884,0.3849498014110101,0
c6,C_hard_rooms,23,hrm,hrm,,0.0,168,1,6.162775916629044,1.0000741636642616,6.1623188964793325,149,149,192,564,50,2.0,4.853841907919841,0.0012645315437765769,1.9550310020632322,1.2211023266189474,0.795384260640751,0.00046920013846829534,1.4506417512893677,0.45718645664771884,0.3849498014110101,0
c6,C_hard_rooms,24,euclidean,,,0.0,128,0,nan,nan,6.126243127498798,128,128,192,564,48,2.0,2.007645083447088,0.0,0.9796426291916992,0.4844385709841724,0.907914100859941,0.0,2.007645083447088,0.9796426291916992,0.4844385709841724,0
c6,C_hard_rooms,24,euclidean,,,0.0,144,0,nan,nan,6.126243127498798,144,144,192,564,48,2.0,2.007645083447088,0.0,0.9796426291916992,0.4844385709841724,0.907914100859941,0.0,2.007645083447088,0.9796426291916992,0.4844385709841724,0
c6,C_hard_rooms,24,euclidean,,,0.0,168,1,6.1262431274988,1.0000000000000002,6.126243127498798,146,146,192,564,48,2.0,2.007645083447088,0.0,0.9796426291916992,0.4844385709841724,0.907914100859941,0.0,2.007645083447088,0.9796426291916992,0.4844385709841724,0
c6,C_hard_rooms,24,grid_oracle,,,0.0,128,1,6.1262431274988,1.0000000000000002,6.126243127498798,113,113,192,564,48,2.0,5.930583598459473,0.012896556866993255,2.6723571945874607,1.7769128449498768,0.9257232862219571,0.0,5.936961126790529,2.7872713264396354,1.74114212763077,0
c6,C_hard_rooms,24,grid_oracle,,,0.0,144,1,6.1262431274988,1.0000000000000002,6.126243127498798,113,113,192,564,48,2.0,5.930583598459473,0.012896556866993255,2.6723571945874607,1.7769128449498768,0.9257232862219571,0.0,5.936961126790529,2.7872713264396354,1.74114212763077,0
c6,C_hard_rooms,24,grid_oracle,,,0.0,168,1,6.1262431274988,1.0000000000000002,6.126243127498798,113,113,192,564,48,2.0,5.930583598459473,0.012896556866993255,2.6723571945874607,1.7769128449498768,0.9257232862219571,0.0,5.936961126790529,2.7872713264396354,1.74114212763077,0
c6,C_hard_rooms,24,unet,unet,,0.0,128,0,nan,nan,6.126243127498798,128,128,192,564,48,2.0,4.155316516720801,0.10955383911723528,1.8745289619209846,1.109298953309494,0.8955761875050865,0.017158523201942444,1.2316153049468994,0.4633970234294793,0.3226013325543706,0
c6,C_hard_rooms,24,unet,unet,,0.0,144,1,6.1262431274988,1.0000000000000002,6.126243127498798,141,141,192,564,48,2.0,4.155316516720801,0.10955383911723528,1.8745289619209846,1.109298953309494,0.8955761875050865,0.017158523201942444,1.2316153049468994,0.4633970234294793,0.3226013325543706,0
c6,C_hard_rooms,24,unet,unet,,0.0,168,1,6.1262431274988,1.0000000000000002,6.126243127498798,141,141,192,564,48,2.0,4.155316516720801,0.10955383911723528,1.8745289619209846,1.109298953309494,0.8955761875050865,0.017158523201942444,1.2316153049468994,0.4633970234294793,0.3226013325543706,0
c6,C_hard_rooms,24,onlstm,onlstm,,0.0,128,0,nan,nan,6.126243127498798,128,128,192,564,48,2.0,3.78153158623437,0.08432042478937767,1.8507536391742045,1.1075931030541002,0.9201723272658222,0.02193392626941204,1.052276372909546,0.4461022191594566,0.30674867213380247,0
c6,C_hard_rooms,24,onlstm,onlstm,,0.0,144,1,6.140185198260616,1.0022757945565752,6.126243127498798,143,143,192,564,48,2.0,3.78153158623437,0.08432042478937767,1.8507536391742045,1.1075931030541002,0.9201723272658222,0.02193392626941204,1.052276372909546,0.4461022191594566,0.30674867213380247,0
c6,C_hard_rooms,24,onlstm,onlstm,,0.0,168,1,6.140185198260616,1.0022757945565752,6.126243127498798,143,143,192,564,48,2.0,3.78153158623437,0.08432042478937767,1.8507536391742045,1.1075931030541002,0.9201723272658222,0.02193392626941204,1.052276372909546,0.4461022191594566,0.30674867213380247,0
c6,C_hard_rooms,24,hrm,hrm,,0.0,128,0,nan,nan,6.126243127498798,128,128,192,564,48,2.0,4.544136914949275,0.0012642428600028513,1.8978845353007412,1.2714517654598216,0.8896454439410794,0.0005313734873197973,1.4601539373397827,0.46118536683131595,0.3867505446415853,0
c6,C_hard_rooms,24,hrm,hrm,,0.0,144,1,6.126261621875216,1.0000030188773172,6.126243127498798,136,136,192,564,48,2.0,4.544136914949275,0.0012642428600028513,1.8978845353007412,1.2714517654598216,0.8896454439410794,0.0005313734873197973,1.4601539373397827,0.46118536683131595,0.3867505446415853,0
c6,C_hard_rooms,24,hrm,hrm,,0.0,168,1,6.126261621875216,1.0000030188773172,6.126243127498798,136,136,192,564,48,2.0,4.544136914949275,0.0012642428600028513,1.8978845353007412,1.2714517654598216,0.8896454439410794,0.0005313734873197973,1.4601539373397827,0.46118536683131595,0.3867505446415853,0
c6,C_hard_rooms,25,euclidean,,,0.0,128,0,nan,nan,6.383517391891626,128,128,192,584,35,2.0,2.145455524796687,0.0,1.1293707592104354,0.5285683625609343,0.906598418468383,0.0,2.145455524796687,1.1293707592104354,0.5285683625609343,0
c6,C_hard_rooms,25,euclidean,,,0.0,144,1,6.383517391891628,1.0000000000000002,6.383517391891626,143,143,192,584,35,2.0,2.145455524796687,0.0,1.1293707592104354,0.5285683625609343,0.906598418468383,0.0,2.145455524796687,1.1293707592104354,0.5285683625609343,0
c6,C_hard_rooms,25,euclidean,,,0.0,168,1,6.383517391891628,1.0000000000000002,6.383517391891626,143,143,192,584,35,2.0,2.145455524796687,0.0,1.1293707592104354,0.5285683625609343,0.906598418468383,0.0,2.145455524796687,1.1293707592104354,0.5285683625609343,0
c6,C_hard_rooms,25,grid_oracle,,,0.0,128,1,6.3836507620687115,1.000020892897896,6.383517391891626,106,106,192,584,35,2.0,5.960521084341959,0.017363780749422034,2.7682986568112433,1.6376609257277734,0.9733862545099424,0.0,6.014626169735484,2.7898860963589227,1.6137113852175005,0
c6,C_hard_rooms,25,grid_oracle,,,0.0,144,1,6.3836507620687115,1.000020892897896,6.383517391891626,106,106,192,584,35,2.0,5.960521084341959,0.017363780749422034,2.7682986568112433,1.6376609257277734,0.9733862545099424,0.0,6.014626169735484,2.7898860963589227,1.6137113852175005,0
c6,C_hard_rooms,25,grid_oracle,,,0.0,168,1,6.3836507620687115,1.000020892897896,6.383517391891626,106,106,192,584,35,2.0,5.960521084341959,0.017363780749422034,2.7682986568112433,1.6376609257277734,0.9733862545099424,0.0,6.014626169735484,2.7898860963589227,1.6137113852175005,0
c6,C_hard_rooms,25,unet,unet,,0.0,128,0,nan,nan,6.383517391891626,128,128,192,584,35,2.0,4.6815244619342815,0.14152121120875805,2.1320636608945525,1.2304406819358438,0.9266083199956597,0.02875692769885063,1.571340799331665,0.5166677331080791,0.367792946880891,0
c6,C_hard_rooms,25,unet,unet,,0.0,144,1,6.406334996241194,1.003574456361402,6.383517391891626,139,139,192,584,35,2.0,4.6815244619342815,0.14152121120875805,2.1320636608945525,1.2304406819358438,0.9266083199956597,0.02875692769885063,1.571340799331665,0.5166677331080791,0.367792946880891,0
c6,C_hard_rooms,25,unet,unet,,0.0,168,1,6.406334996241194,1.003574456361402,6.383517391891626,139,139,192,584,35,2.0,4.6815244619342815,0.14152121120875805,2.1320636608945525,1.2304406819358438,0.9266083199956597,0.02875692769885063,1.571340799331665,0.5166677331080791,0.367792946880891,0
c6,C_hard_rooms,25,onlstm,onlstm,,0.0,128,0,nan,nan,6.383517391891626,128,128,192,584,35,2.0,4.284546466554604,0.049758813857909666,2.1469956063553974,1.2202409314458444,0.928893809510892,0.01490788348019123,1.1433171033859253,0.5164163771200947,0.3448036717195096,0
c6,C_hard_rooms,25,onlstm,onlstm,,0.0,144,1,6.383517391891628,1.0000000000000002,6.383517391891626,139,139,192,584,35,2.0,4.284546466554604,0.049758813857909666,2.1469956063553974,1.2202409314458444,0.928893809510892,0.01490788348019123,1.1433171033859253,0.5164163771200947,0.3448036717195096,0
c6,C_hard_rooms,25,onlstm,onlstm,,0.0,168,1,6.383517391891628,1.0000000000000002,6.383517391891626,139,139,192,584,35,2.0,4.284546466554604,0.049758813857909666,2.1469956063553974,1.2202409314458444,0.928893809510892,0.01490788348019123,1.1433171033859253,0.5164163771200947,0.3448036717195096,0
c6,C_hard_rooms,25,hrm,hrm,,0.0,128,0,nan,nan,6.383517391891626,128,128,192,584,35,2.0,4.86735988364171,0.0012348036442595843,2.0777169328416556,1.2576709592191564,0.925363847218078,0.0005659570451825857,1.5112882852554321,0.47870530277171497,0.37593007843163356,0
c6,C_hard_rooms,25,hrm,hrm,,0.0,144,1,6.4553815384736435,1.0112577662392366,6.383517391891626,132,132,192,584,35,2.0,4.86735988364171,0.0012348036442595843,2.0777169328416556,1.2576709592191564,0.925363847218078,0.0005659570451825857,1.5112882852554321,0.47870530277171497,0.37593007843163356,0
c6,C_hard_rooms,25,hrm,hrm,,0.0,168,1,6.4553815384736435,1.0112577662392366,6.383517391891626,132,132,192,584,35,2.0,4.86735988364171,0.0012348036442595843,2.0777169328416556,1.2576709592191564,0.925363847218078,0.0005659570451825857,1.5112882852554321,0.47870530277171497,0.37593007843163356,0
c6,C_hard_rooms,26,euclidean,,,0.0,128,0,nan,nan,6.146020407603822,128,128,192,591,38,2.0,2.1571080442524777,0.0,1.1288876525227116,0.5026240179279041,0.9275798225863333,0.0,2.1571080442524777,1.1288876525227116,0.5026240179279041,0
c6,C_hard_rooms,26,euclidean,,,0.0,144,0,nan,nan,6.146020407603822,144,144,192,591,38,2.0,2.1571080442524777,0.0,1.1288876525227116,0.5026240179279041,0.9275798225863333,0.0,2.1571080442524777,1.1288876525227116,0.5026240179279041,0
c6,C_hard_rooms,26,euclidean,,,0.0,168,1,6.146020407603824,1.0000000000000002,6.146020407603822,159,159,192,591,38,2.0,2.1571080442524777,0.0,1.1288876525227116,0.5026240179279041,0.9275798225863333,0.0,2.1571080442524777,1.1288876525227116,0.5026240179279041,0
c6,C_hard_rooms,26,grid_oracle,,,0.0,128,0,nan,nan,6.146020407603822,128,128,192,591,38,2.0,5.910969056453127,0.0161809793925044,3.130383180406916,1.6957179019218172,0.973688047635841,0.0,5.952126169735485,2.9022693922314406,1.706240679688843,0
c6,C_hard_rooms,26,grid_oracle,,,0.0,144,1,6.1528425191751746,1.001110004705307,6.146020407603822,143,143,192,591,38,2.0,5.910969056453127,0.0161809793925044,3.130383180406916,1.6957179019218172,0.973688047635841,0.0,5.952126169735485,2.9022693922314406,1.706240679688843,0
c6,C_hard_rooms,26,grid_oracle,,,0.0,168,1,6.1528425191751746,1.001110004705307,6.146020407603822,143,143,192,591,38,2.0,5.910969056453127,0.0161809793925044,3.130383180406916,1.6957179019218172,0.973688047635841,0.0,5.952126169735485,2.9022693922314406,1.706240679688843,0
c6,C_hard_rooms,26,unet,unet,,0.0,128,0,nan,nan,6.146020407603822,128,128,192,591,38,2.0,4.321851194874888,0.08270928991798764,2.1578037455974437,1.1113143712368907,0.9314420964110355,0.016018403694033623,1.397045373916626,0.48413973909964625,0.32931917872445227,0
c6,C_hard_rooms,26,unet,unet,,0.0,144,0,nan,nan,6.146020407603822,144,144,192,591,38,2.0,4.321851194874888,0.08270928991798764,2.1578037455974437,1.1113143712368907,0.9314420964110355,0.016018403694033623,1.397045373916626,0.48413973909964625,0.32931917872445227,0
c6,C_hard_rooms,26,unet,unet,,0.0,168,1,6.260354448403879,1.0186029386851048,6.146020407603822,158,158,192,591,38,2.0,4.321851194874888,0.08270928991798764,2.1578037455974437,1.1113143712368907,0.9314420964110355,0.016018403694033623,1.397045373916626,0.48413973909964625,0.32931917872445227,0
c6,C_hard_rooms,26,onlstm,onlstm,,0.0,128,0,nan,nan,6.146020407603822,128,128,192,591,38,2.0,3.989114501960233,0.07527457735165481,2.231566058698925,1.1260494020131422,0.9337123267232726,0.025627130642533302,1.1235429048538208,0.5209001223706764,0.3163072960657759,0
c6,C_hard_rooms,26,onlstm,onlstm,,0.0,144,0,nan,nan,6.146020407603822,144,144,192,591,38,2.0,3.989114501960233,0.07527457735165481,2.231566058698925,1.1260494020131422,0.9337123267232726,0.025627130642533302,1.1235429048538208,0.5209001223706764,0.3163072960657759,0
c6,C_hard_rooms,26,onlstm,onlstm,,0.0,168,1,6.204951652529206,1.0095885208666855,6.146020407603822,156,156,192,591,38,2.0,3.989114501960233,0.07527457735165481,2.231566058698925,1.1260494020131422,0.9337123267232726,0.025627130642533302,1.1235429048538208,0.5209001223706764,0.3163072960657759,0
c6,C_hard_rooms,26,hrm,hrm,,0.0,128,0,nan,nan,6.146020407603822,128,128,192,591,38,2.0,4.432995819700937,0.0016205992706084663,2.116978690889572,1.200804650957135,0.930568930906329,0.00064546411158517,1.4256694316864014,0.4537910350236558,0.37378793970091045,0
c6,C_hard_rooms,26,hrm,hrm,,0.0,144,0,nan,nan,6.146020407603822,144,144,192,591,38,2.0,4.432995819700937,0.0016205992706084663,2.116978690889572,1.200804650957135,0.930568930906329,0.00064546411158517,1.4256694316864014,0.4537910350236558,0.37378793970091045,0
c6,C_hard_rooms,26,hrm,hrm,,0.0,168,1,6.220749176704034,1.0121588872382783,6.146020407603822,159,159,192,591,38,2.0,4.432995819700937,0.0016205992706084663,2.116978690889572,1.200804650957135,0.930568930906329,0.00064546411158517,1.4256694316864014,0.4537910350236558,0.37378793970091045,0
c6,C_hard_rooms,27,euclidean,,,0.0,128,0,nan,nan,6.331278515147455,128,128,192,560,46,2.0,1.8495854869780903,0.0,0.986746601468929,0.4641854093571039,0.8902846349998644,0.0,1.8495854869780903,0.986746601468929,0.4641854093571039,0
c6,C_hard_rooms,27,euclidean,,,0.0,144,0,nan,nan,6.331278515147455,144,144,192,560,46,2.0,1.8495854869780903,0.0,0.986746601468929,0.4641854093571039,0.8902846349998644,0.0,1.8495854869780903,0.986746601468929,0.4641854093571039,0
c6,C_hard_rooms,27,euclidean,,,0.0,168,1,6.331278515147455,1.0,6.331278515147455,163,163,192,560,46,2.0,1.8495854869780903,0.0,0.986746601468929,0.4641854093571039,0.8902846349998644,0.0,1.8495854869780903,0.986746601468929,0.4641854093571039,0
c6,C_hard_rooms,27,grid_oracle,,,0.0,128,0,nan,nan,6.331278515147455,128,128,192,560,46,2.0,5.7472402576697315,0.013904892192836592,2.812464205461259,1.5823338216733926,0.9618452106448201,0.0,5.936961126790529,2.7983610619920563,1.6471735304465818,0
c6,C_hard_rooms,27,grid_oracle,,,0.0,144,0,nan,nan,6.331278515147455,144,144,192,560,46,2.0,5.7472402576697315,0.013904892192836592,2.812464205461259,1.5823338216733926,0.9618452106448201,0.0,5.936961126790529,2.7983610619920563,1.6471735304465818,0
c6,C_hard_rooms,27,grid_oracle,,,0.0,168,1,6.331278515147455,1.0,6.331278515147455,150,150,192,560,46,2.0,5.7472402576697315,0.013904892192836592,2.812464205461259,1.5823338216733926,0.9618452106448201,0.0,5.936961126790529,2.7983610619920563,1.6471735304465818,0
c6,C_hard_rooms,27,unet,unet,,0.0,128,0,nan,nan,6.331278515147455,128,128,192,560,46,2.0,4.010030630760057,0.09305962852688197,1.8983803065735738,1.0288970019049979,0.9117034696036678,0.016616689041256905,1.278208613395691,0.4693352833701283,0.31957634830758835,0
c6,C_hard_rooms,27,unet,unet,,0.0,144,0,nan,nan,6.331278515147455,144,144,192,560,46,2.0,4.010030630760057,0.09305962852688197,1.8983803065735738,1.0288970019049979,0.9117034696036678,0.016616689041256905,1.278208613395691,0.4693352833701283,0.31957634830758835,0
c6,C_hard_rooms,27,unet,unet,,0.0,168,1,6.381892018114041,1.0079941994094075,6.331278515147455,161,161,192,560,46,2.0,4.010030630760057,0.09305962852688197,1.8983803065735738,1.0288970019049979,0.9117034696036678,0.016616689041256905,1.278208613395691,0.4693352833701283,0.31957634830758835,0
c6,C_hard_rooms,27,onlstm,onlstm,,0.0,128,0,nan,nan,6.331278515147455,128,128,192,560,46,2.0,3.7768001528401935,0.0772401120755205,1.916769324454416,1.06284471124148,0.9131463120201829,0.02516569197177887,1.0791819095611572,0.45767740333030815,0.3049786019478032,0
c6,C_hard_rooms,27,onlstm,onlstm,,0.0,144,0,nan,nan,6.331278515147455,144,144,192,560,46,2.0,3.7768001528401935,0.0772401120755205,1.916769324454416,1.06284471124148,0.9131463120201829,0.02516569197177887,1.0791819095611572,0.45767740333030815,0.3049786019478032,0
c6,C_hard_rooms,27,onlstm,onlstm,,0.0,168,1,6.331278515147455,1.0,6.331278515147455,162,162,192,560,46,2.0,3.7768001528401935,0.0772401120755205,1.916769324454416,1.06284471124148,0.9131463120201829,0.02516569197177887,1.0791819095611572,0.45767740333030815,0.3049786019478032,0
c6,C_hard_rooms,27,hrm,hrm,,0.0,128,0,nan,nan,6.331278515147455,128,128,192,560,46,2.0,4.227760980463492,0.002062893784318282,1.8960655385256873,1.163604238505852,0.9103386186691265,0.0008117107790894806,1.4550377130508423,0.45154264420015977,0.3855622490064672,0
c6,C_hard_rooms,27,hrm,hrm,,0.0,144,0,nan,nan,6.331278515147455,144,144,192,560,46,2.0,4.227760980463492,0.002062893784318282,1.8960655385256873,1.163604238505852,0.9103386186691265,0.0008117107790894806,1.4550377130508423,0.45154264420015977,0.3855622490064672,0
c6,C_hard_rooms,27,hrm,hrm,,0.0,168,1,6.353093068274645,1.0034455210073288,6.331278515147455,159,159,192,560,46,2.0,4.227760980463492,0.002062893784318282,1.8960655385256873,1.163604238505852,0.9103386186691265,0.0008117107790894806,1.4550377130508423,0.45154264420015977,0.3855622490064672,0
c6,C_hard_rooms,28,euclidean,,,0.0,128,0,nan,nan,5.867484928538361,128,128,192,636,35,2.0,2.0072514593436828,0.0,1.064867470345414,0.48647546684341936,0.8972530043675231,0.0,2.0072514593436828,1.064867470345414,0.48647546684341936,0
c6,C_hard_rooms,28,euclidean,,,0.0,144,0,nan,nan,5.867484928538361,144,144,192,636,35,2.0,2.0072514593436828,0.0,1.064867470345414,0.48647546684341936,0.8972530043675231,0.0,2.0072514593436828,1.064867470345414,0.48647546684341936,0
c6,C_hard_rooms,28,euclidean,,,0.0,168,1,5.867484928538362,1.0000000000000002,5.867484928538361,161,161,192,636,35,2.0,2.0072514593436828,0.0,1.064867470345414,0.48647546684341936,0.8972530043675231,0.0,2.0072514593436828,1.064867470345414,0.48647546684341936,0
c6,C_hard_rooms,28,grid_oracle,,,0.0,128,1,5.872654961521522,1.0008811327248606,5.867484928538361,91,91,192,636,35,2.0,6.307285759719512,0.017479537394511777,3.2579785769836587,1.8706291501652852,0.9053471638228033,0.0,6.343211126790532,3.025138610990915,1.8925908053044123,0
c6,C_hard_rooms,28,grid_oracle,,,0.0,144,1,5.872654961521522,1.0008811327248606,5.867484928538361,91,91,192,636,35,2.0,6.307285759719512,0.017479537394511777,3.2579785769836587,1.8706291501652852,0.9053471638228033,0.0,6.343211126790532,3.025138610990915,1.8925908053044123,0
c6,C_hard_rooms,28,grid_oracle,,,0.0,168,1,5.872654961521522,1.0008811327248606,5.867484928538361,91,91,192,636,35,2.0,6.307285759719512,0.017479537394511777,3.2579785769836587,1.8706291501652852,0.9053471638228033,0.0,6.343211126790532,3.025138610990915,1.8925908053044123,0
c6,C_hard_rooms,28,unet,unet,,0.0,128,0,nan,nan,5.867484928538361,128,128,192,636,35,2.0,4.3128104114814745,0.08466740272876999,2.0298453731929222,1.1062573650410001,0.8993248650408271,0.016324730589985847,1.3482904434204102,0.47342563318443354,0.32477177923801404,0
c6,C_hard_rooms,28,unet,unet,,0.0,144,0,nan,nan,5.867484928538361,144,144,192,636,35,2.0,4.3128104114814745,0.08466740272876999,2.0298453731929222,1.1062573650410001,0.8993248650408271,0.016324730589985847,1.3482904434204102,0.47342563318443354,0.32477177923801404,0
c6,C_hard_rooms,28,unet,unet,,0.0,168,1,6.018156073689131,1.0256789999438998,5.867484928538361,163,163,192,636,35,2.0,4.3128104114814745,0.08466740272876999,2.0298453731929222,1.1062573650410001,0.8993248650408271,0.016324730589985847,1.3482904434204102,0.47342563318443354,0.32477177923801404,0
c6,C_hard_rooms,28,onlstm,onlstm,,0.0,128,0,nan,nan,5.867484928538361,128,128,192,636,35,2.0,3.811988981187362,0.07068435589092231,2.0455577932356195,1.1042080031368924,0.8988213113419963,0.021219950169324875,1.0930802822113037,0.45514956067927415,0.3066201097829872,0
c6,C_hard_rooms,28,onlstm,onlstm,,0.0,144,0,nan,nan,5.867484928538361,144,144,192,636,35,2.0,3.811988981187362,0.07068435589092231,2.0455577932356195,1.1042080031368924,0.8988213113419963,0.021219950169324875,1.0930802822113037,0.45514956067927415,0.3066201097829872,0
c6,C_hard_rooms,28,onlstm,onlstm,,0.0,168,1,5.934484925328294,1.0114188613359802,5.867484928538361,161,161,192,636,35,2.0,3.811988981187362,0.07068435589092231,2.0455577932356195,1.1042080031368924,0.8988213113419963,0.021219950169324875,1.0930802822113037,0.45514956067927415,0.3066201097829872,0
c6,C_hard_rooms,28,hrm,hrm,,0.0,128,0,nan,nan,5.867484928538361,128,128,192,636,35,2.0,4.642005864849093,0.0014154107057801244,2.0002066369751383,1.2637781886271005,0.8956524835200609,0.0006010622018948197,1.4637200832366943,0.4488662496340794,0.3856190457933033,0
c6,C_hard_rooms,28,hrm,hrm,,0.0,144,0,nan,nan,5.867484928538361,144,144,192,636,35,2.0,4.642005864849093,0.0014154107057801244,2.0002066369751383,1.2637781886271005,0.8956524835200609,0.0006010622018948197,1.4637200832366943,0.4488662496340794,0.3856190457933033,0
c6,C_hard_rooms,28,hrm,hrm,,0.0,168,1,6.030941105749716,1.0278579628583848,5.867484928538361,157,157,192,636,35,2.0,4.642005864849093,0.0014154107057801244,2.0002066369751383,1.2637781886271005,0.8956524835200609,0.0006010622018948197,1.4637200832366943,0.4488662496340794,0.3856190457933033,0
c6,C_hard_rooms,29,euclidean,,,0.0,128,0,nan,nan,6.517209298265122,128,128,192,575,53,2.0,2.127550100499922,0.0,1.142025495553109,0.5199713731804426,0.8559853376013891,0.0,2.127550100499922,1.142025495553109,0.5199713731804426,0
c6,C_hard_rooms,29,euclidean,,,0.0,144,0,nan,nan,6.517209298265122,144,144,192,575,53,2.0,2.127550100499922,0.0,1.142025495553109,0.5199713731804426,0.8559853376013891,0.0,2.127550100499922,1.142025495553109,0.5199713731804426,0
c6,C_hard_rooms,29,euclidean,,,0.0,168,1,6.517209298265125,1.0000000000000004,6.517209298265122,148,148,192,575,53,2.0,2.127550100499922,0.0,1.142025495553109,0.5199713731804426,0.8559853376013891,0.0,2.127550100499922,1.142025495553109,0.5199713731804426,0
c6,C_hard_rooms,29,grid_oracle,,,0.0,128,1,6.517209298265125,1.0000000000000004,6.517209298265122,123,123,192,575,53,2.0,8.93158841596671,0.003107873782415806,3.3288552478957576,2.2084658777813657,0.8619906817133712,0.0,6.948985386504605,3.090929202669012,1.9846399978430018,0
c6,C_hard_rooms,29,grid_oracle,,,0.0,144,1,6.517209298265125,1.0000000000000004,6.517209298265122,123,123,192,575,53,2.0,8.93158841596671,0.003107873782415806,3.3288552478957576,2.2084658777813657,0.8619906817133712,0.0,6.948985386504605,3.090929202669012,1.9846399978430018,0
c6,C_hard_rooms,29,grid_oracle,,,0.0,168,1,6.517209298265125,1.0000000000000004,6.517209298265122,123,123,192,575,53,2.0,8.93158841596671,0.003107873782415806,3.3288552478957576,2.2084658777813657,0.8619906817133712,0.0,6.948985386504605,3.090929202669012,1.9846399978430018,0
c6,C_hard_rooms,29,unet,unet,,0.0,128,0,nan,nan,6.517209298265122,128,128,192,575,53,2.0,4.510294592875792,0.05323493025297251,2.0987666088828334,1.1403311992287646,0.8422351002360092,0.019627677276730537,1.3616594076156616,0.4811560957209622,0.3318686923301851,0
c6,C_hard_rooms,29,unet,unet,,0.0,144,1,6.600355586587559,1.0127579588927074,6.517209298265122,142,142,192,575,53,2.0,4.510294592875792,0.05323493025297251,2.0987666088828334,1.1403311992287646,0.8422351002360092,0.019627677276730537,1.3616594076156616,0.4811560957209622,0.3318686923301851,0
c6,C_hard_rooms,29,unet,unet,,0.0,168,1,6.600355586587559,1.0127579588927074,6.517209298265122,142,142,192,575,53,2.0,4.510294592875792,0.05323493025297251,2.0987666088828334,1.1403311992287646,0.8422351002360092,0.019627677276730537,1.3616594076156616,0.4811560957209622,0.3318686923301851,0
c6,C_hard_rooms,29,onlstm,onlstm,,0.0,128,0,nan,nan,6.517209298265122,128,128,192,575,53,2.0,4.068654464490526,0.07392589332199527,2.2609009763488404,1.1643706703465275,0.8447562596641619,0.022568028420209885,1.1349011659622192,0.5400338893095977,0.3206508427629455,0
c6,C_hard_rooms,29,onlstm,onlstm,,0.0,144,1,6.539321177147653,1.0033928446779232,6.517209298265122,143,143,192,575,53,2.0,4.068654464490526,0.07392589332199527,2.2609009763488404,1.1643706703465275,0.8447562596641619,0.022568028420209885,1.1349011659622192,0.5400338893095977,0.3206508427629455,0
c6,C_hard_rooms,29,onlstm,onlstm,,0.0,168,1,6.539321177147653,1.0033928446779232,6.517209298265122,143,143,192,575,53,2.0,4.068654464490526,0.07392589332199527,2.2609009763488404,1.1643706703465275,0.8447562596641619,0.022568028420209885,1.1349011659622192,0.5400338893095977,0.3206508427629455,0
c6,C_hard_rooms,29,hrm,hrm,,0.0,128,0,nan,nan,6.517209298265122,128,128,192,575,53,2.0,4.594570842035563,0.0009502280411016991,2.090419905826446,1.246797773671921,0.8299836556981255,0.0004478096670936793,1.4535757303237915,0.4684732225421939,0.37827462526684746,0
c6,C_hard_rooms,29,hrm,hrm,,0.0,144,1,6.543680443261081,1.0040617300725643,6.517209298265122,142,142,192,575,53,2.0,4.594570842035563,0.0009502280411016991,2.090419905826446,1.246797773671921,0.8299836556981255,0.0004478096670936793,1.4535757303237915,0.4684732225421939,0.37827462526684746,0
c6,C_hard_rooms,29,hrm,hrm,,0.0,168,1,6.543680443261081,1.0040617300725643,6.517209298265122,142,142,192,575,53,2.0,4.594570842035563,0.0009502280411016991,2.090419905826446,1.246797773671921,0.8299836556981255,0.0004478096670936793,1.4535757303237915,0.4684732225421939,0.37827462526684746,0
c6,C_hard_rooms,30,euclidean,,,0.0,128,0,nan,nan,6.475503801754542,128,128,192,565,51,2.0,2.0224795875047623,0.0,1.0379830884714656,0.4989225126639322,0.9121205544855276,0.0,2.0224795875047623,1.0379830884714656,0.4989225126639322,0
c6,C_hard_rooms,30,euclidean,,,0.0,144,0,nan,nan,6.475503801754542,144,144,192,565,51,2.0,2.0224795875047623,0.0,1.0379830884714656,0.4989225126639322,0.9121205544855276,0.0,2.0224795875047623,1.0379830884714656,0.4989225126639322,0
c6,C_hard_rooms,30,euclidean,,,0.0,168,1,6.475503801754541,0.9999999999999999,6.475503801754542,155,155,192,565,51,2.0,2.0224795875047623,0.0,1.0379830884714656,0.4989225126639322,0.9121205544855276,0.0,2.0224795875047623,1.0379830884714656,0.4989225126639322,0
c6,C_hard_rooms,30,grid_oracle,,,0.0,128,0,nan,nan,6.475503801754542,128,128,192,565,51,2.0,6.207603829193587,0.0625,3.069296569064719,1.927350681691373,0.9201418088598324,0.0,6.262405300614691,2.977554690114654,1.883459041772791,0
c6,C_hard_rooms,30,grid_oracle,,,0.0,144,1,6.475503801754541,0.9999999999999999,6.475503801754542,142,142,192,565,51,2.0,6.207603829193587,0.0625,3.069296569064719,1.927350681691373,0.9201418088598324,0.0,6.262405300614691,2.977554690114654,1.883459041772791,0
c6,C_hard_rooms,30,grid_oracle,,,0.0,168,1,6.475503801754541,0.9999999999999999,6.475503801754542,142,142,192,565,51,2.0,6.207603829193587,0.0625,3.069296569064719,1.927350681691373,0.9201418088598324,0.0,6.262405300614691,2.977554690114654,1.883459041772791,0
c6,C_hard_rooms,30,unet,unet,,0.0,128,0,nan,nan,6.475503801754542,128,128,192,565,51,2.0,4.32689087979828,0.1337370947536673,1.9799598563962035,1.144589381150596,0.9112796028538103,0.01941349171102047,1.2401208877563477,0.4694951830856553,0.32745674337520414,0
c6,C_hard_rooms,30,unet,unet,,0.0,144,0,nan,nan,6.475503801754542,144,144,192,565,51,2.0,4.32689087979828,0.1337370947536673,1.9799598563962035,1.144589381150596,0.9112796028538103,0.01941349171102047,1.2401208877563477,0.4694951830856553,0.32745674337520414,0
c6,C_hard_rooms,30,unet,unet,,0.0,168,1,6.492504805665026,1.0026254333918974,6.475503801754542,155,155,192,565,51,2.0,4.32689087979828,0.1337370947536673,1.9799598563962035,1.144589381150596,0.9112796028538103,0.01941349171102047,1.2401208877563477,0.4694951830856553,0.32745674337520414,0
c6,C_hard_rooms,30,onlstm,onlstm,,0.0,128,0,nan,nan,6.475503801754542,128,128,192,565,51,2.0,3.932318140842851,0.06742962929220978,1.9957494742573891,1.1326701698423647,0.9078361093779671,0.019648846238851547,1.0847450494766235,0.4653683734072729,0.3164892174238981,0
c6,C_hard_rooms,30,onlstm,onlstm,,0.0,144,0,nan,nan,6.475503801754542,144,144,192,565,51,2.0,3.932318140842851,0.06742962929220978,1.9957494742573891,1.1326701698423647,0.9078361093779671,0.019648846238851547,1.0847450494766235,0.4653683734072729,0.3164892174238981,0
c6,C_hard_rooms,30,onlstm,onlstm,,0.0,168,1,6.475503801754541,0.9999999999999999,6.475503801754542,152,152,192,565,51,2.0,3.932318140842851,0.06742962929220978,1.9957494742573891,1.1326701698423647,0.9078361093779671,0.019648846238851547,1.0847450494766235,0.4653683734072729,0.3164892174238981,0
c6,C_hard_rooms,30,hrm,hrm,,0.0,128,0,nan,nan,6.475503801754542,128,128,192,565,51,2.0,4.7765808535865135,0.001404987496297264,2.002166023864239,1.2908067205843825,0.9064865176464207,0.000537710846401751,1.4705641269683838,0.4588366231872527,0.38771587110691647,0
c6,C_hard_rooms,30,hrm,hrm,,0.0,144,0,nan,nan,6.475503801754542,144,144,192,565,51,2.0,4.7765808535865135,0.001404987496297264,2.002166023864239,1.2908067205843825,0.9064865176464207,0.000537710846401751,1.4705641269683838,0.4588366231872527,0.38771587110691647,0
c6,C_hard_rooms,30,hrm,hrm,,0.0,168,1,6.48598812991519,1.0016190752845835,6.475503801754542,153,153,192,565,51,2.0,4.7765808535865135,0.001404987496297264,2.002166023864239,1.2908067205843825,0.9064865176464207,0.000537710846401751,1.4705641269683838,0.4588366231872527,0.38771587110691647,0
c6,C_hard_rooms,31,euclidean,,,0.0,128,0,nan,nan,6.6486248998313116,128,128,192,560,52,2.0,2.0031229014348835,0.0,0.9958685628294002,0.4851257145960793,0.8721278789029652,0.0,2.0031229014348835,0.9958685628294002,0.4851257145960793,0
c6,C_hard_rooms,31,euclidean,,,0.0,144,0,nan,nan,6.6486248998313116,144,144,192,560,52,2.0,2.0031229014348835,0.0,0.9958685628294002,0.4851257145960793,0.8721278789029652,0.0,2.0031229014348835,0.9958685628294002,0.4851257145960793,0
c6,C_hard_rooms,31,euclidean,,,0.0,168,1,6.64862489983131,0.9999999999999998,6.6486248998313116,152,152,192,560,52,2.0,2.0031229014348835,0.0,0.9958685628294002,0.4851257145960793,0.8721278789029652,0.0,2.0031229014348835,0.9958685628294002,0.4851257145960793,0
c6,C_hard_rooms,31,grid_oracle,,,0.0,128,0,nan,nan,6.6486248998313116,128,128,192,560,52,2.0,6.176075038433975,0.012622060419030724,2.5464110853593347,1.7041624731177174,0.8776500149201097,0.0,6.194543648263007,2.708118608641513,1.7501629539773282,0
c6,C_hard_rooms,31,grid_oracle,,,0.0,144,0,nan,nan,6.6486248998313116,144,144,192,560,52,2.0,6.176075038433975,0.012622060419030724,2.5464110853593347,1.7041624731177174,0.8776500149201097,0.0,6.194543648263007,2.708118608641513,1.7501629539773282,0
c6,C_hard_rooms,31,grid_oracle,,,0.0,168,1,6.6505810181730105,1.000294213972238,6.6486248998313116,147,147,192,560,52,2.0,6.176075038433975,0.012622060419030724,2.5464110853593347,1.7041624731177174,0.8776500149201097,0.0,6.194543648263007,2.708118608641513,1.7501629539773282,0
c6,C_hard_rooms,31,unet,unet,,0.0,128,0,nan,nan,6.6486248998313116,128,128,192,560,52,2.0,4.6185205039176225,0.10482708971149107,1.9236175831792315,1.1226047842242524,0.8797405257304073,0.0234992615878582,1.5674076080322266,0.5119079955306916,0.35783888586591756,0
c6,C_hard_rooms,31,unet,unet,,0.0,144,0,nan,nan,6.6486248998313116,144,144,192,560,52,2.0,4.6185205039176225,0.10482708971149107,1.9236175831792315,1.1226047842242524,0.8797405257304073,0.0234992615878582,1.5674076080322266,0.5119079955306916,0.35783888586591756,0
c6,C_hard_rooms,31,unet,unet,,0.0,168,1,6.712001113201351,1.0095322287427657,6.6486248998313116,155,155,192,560,52,2.0,4.6185205039176225,0.10482708971149107,1.9236175831792315,1.1226047842242524,0.8797405257304073,0.0234992615878582,1.5674076080322266,0.5119079955306916,0.35783888586591756,0
c6,C_hard_rooms,31,onlstm,onlstm,,0.0,128,0,nan,nan,6.6486248998313116,128,128,192,560,52,2.0,4.026646816727615,0.054203612884706,1.8657485445835806,1.1311207520765207,0.8629604888370456,0.015343648381531239,1.0705198049545288,0.4521445649106681,0.3292066327362469,0
c6,C_hard_rooms,31,onlstm,onlstm,,0.0,144,0,nan,nan,6.6486248998313116,144,144,192,560,52,2.0,4.026646816727615,0.054203612884706,1.8657485445835806,1.1311207520765207,0.8629604888370456,0.015343648381531239,1.0705198049545288,0.4521445649106681,0.3292066327362469,0
c6,C_hard_rooms,31,onlstm,onlstm,,0.0,168,1,6.674634775103816,1.0039120683847218,6.6486248998313116,153,153,192,560,52,2.0,4.026646816727615,0.054203612884706,1.8657485445835806,1.1311207520765207,0.8629604888370456,0.015343648381531239,1.0705198049545288,0.4521445649106681,0.3292066327362469,0
c6,C_hard_rooms,31,hrm,hrm,,0.0,128,0,nan,nan,6.6486248998313116,128,128,192,560,52,2.0,4.533488486524666,0.0019253187585735905,1.8376098288927718,1.1702617241637085,0.860173141089982,0.0007174178608693182,1.4655165672302246,0.46142717632704944,0.3759267217173824,0
c6,C_hard_rooms,31,hrm,hrm,,0.0,144,0,nan,nan,6.6486248998313116,144,144,192,560,52,2.0,4.533488486524666,0.0019253187585735905,1.8376098288927718,1.1702617241637085,0.860173141089982,0.0007174178608693182,1.4655165672302246,0.46142717632704944,0.3759267217173824,0
c6,C_hard_rooms,31,hrm,hrm,,0.0,168,1,6.67769028261517,1.0043716382292218,6.6486248998313116,153,153,192,560,52,2.0,4.533488486524666,0.0019253187585735905,1.8376098288927718,1.1702617241637085,0.860173141089982,0.0007174178608693182,1.4655165672302246,0.46142717632704944,0.3759267217173824,0
c6,C_hard_rooms,32,euclidean,,,0.0,128,0,nan,nan,6.209953933807901,128,128,192,563,35,2.0,1.9936205888764837,0.0,0.9716713188656828,0.5030693118270821,0.9374525269240161,0.0,1.9936205888764837,0.9716713188656828,0.5030693118270821,0
c6,C_hard_rooms,32,euclidean,,,0.0,144,1,6.209953933807901,1.0,6.209953933807901,138,138,192,563,35,2.0,1.9936205888764837,0.0,0.9716713188656828,0.5030693118270821,0.9374525269240161,0.0,1.9936205888764837,0.9716713188656828,0.5030693118270821,0
c6,C_hard_rooms,32,euclidean,,,0.0,168,1,6.209953933807901,1.0,6.209953933807901,138,138,192,563,35,2.0,1.9936205888764837,0.0,0.9716713188656828,0.5030693118270821,0.9374525269240161,0.0,1.9936205888764837,0.9716713188656828,0.5030693118270821,0
c6,C_hard_rooms,32,grid_oracle,,,0.0,128,1,6.209953933807901,1.0,6.209953933807901,101,101,192,563,35,2.0,6.358047373591541,0.01752418915749535,2.569477975102617,1.8761198199058802,0.9734574641239184,0.0,6.394987822087167,2.8197939630940976,1.8702516958119448,0
c6,C_hard_rooms,32,grid_oracle,,,0.0,144,1,6.209953933807901,1.0,6.209953933807901,101,101,192,563,35,2.0,6.358047373591541,0.01752418915749535,2.569477975102617,1.8761198199058802,0.9734574641239184,0.0,6.394987822087167,2.8197939630940976,1.8702516958119448,0
c6,C_hard_rooms,32,grid_oracle,,,0.0,168,1,6.209953933807901,1.0,6.209953933807901,101,101,192,563,35,2.0,6.358047373591541,0.01752418915749535,2.569477975102617,1.8761198199058802,0.9734574641239184,0.0,6.394987822087167,2.8197939630940976,1.8702516958119448,0
c6,C_hard_rooms,32,unet,unet,,0.0,128,0,nan,nan,6.209953933807901,128,128,192,563,35,2.0,4.4001189954836875,0.12250349793879389,1.8804424409305238,1.1811881770619272,0.9492055041640671,0.025708192959427834,1.4792397022247314,0.5097245104666399,0.35662119364590744,0
c6,C_hard_rooms,32,unet,unet,,0.0,144,1,6.261093112110922,1.0082350334395578,6.209953933807901,134,134,192,563,35,2.0,4.4001189954836875,0.12250349793879389,1.8804424409305238,1.1811881770619272,0.9492055041640671,0.025708192959427834,1.4792397022247314,0.5097245104666399,0.35662119364590744,0
c6,C_hard_rooms,32,unet,unet,,0.0,168,1,6.261093112110922,1.0082350334395578,6.209953933807901,134,134,192,563,35,2.0,4.4001189954836875,0.12250349793879389,1.8804424409305238,1.1811881770619272,0.9492055041640671,0.025708192959427834,1.4792397022247314,0.5097245104666399,0.35662119364590744,0
c6,C_hard_rooms,32,onlstm,onlstm,,0.0,128,0,nan,nan,6.209953933807901,128,128,192,563,35,2.0,3.962071653498641,0.04387826474151848,1.7937019639807519,1.1602723745619523,0.9454330900903345,0.010943868197500706,1.047518014907837,0.45238790979715304,0.3338274455888334,0
c6,C_hard_rooms,32,onlstm,onlstm,,0.0,144,1,6.291905835747488,1.0131968614925513,6.209953933807901,137,137,192,563,35,2.0,3.962071653498641,0.04387826474151848,1.7937019639807519,1.1602723745619523,0.9454330900903345,0.010943868197500706,1.047518014907837,0.45238790979715304,0.3338274455888334,0
c6,C_hard_rooms,32,onlstm,onlstm,,0.0,168,1,6.291905835747488,1.0131968614925513,6.209953933807901,137,137,192,563,35,2.0,3.962071653498641,0.04387826474151848,1.7937019639807519,1.1602723745619523,0.9454330900903345,0.010943868197500706,1.047518014907837,0.45238790979715304,0.3338274455888334,0
c6,C_hard_rooms,32,hrm,hrm,,0.0,128,1,6.222710599350548,1.002054228691327,6.209953933807901,125,125,192,563,35,2.0,4.568001189367481,0.0019187778110736735,1.8078104843862721,1.246179290464823,0.9398939994031957,0.0006170352571643889,1.4886951446533203,0.46931763151104633,0.3757911944609487,0
c6,C_hard_rooms,32,hrm,hrm,,0.0,144,1,6.222710599350548,1.002054228691327,6.209953933807901,125,125,192,563,35,2.0,4.568001189367481,0.0019187778110736735,1.8078104843862721,1.246179290464823,0.9398939994031957,0.0006170352571643889,1.4886951446533203,0.46931763151104633,0.3757911944609487,0
c6,C_hard_rooms,32,hrm,hrm,,0.0,168,1,6.222710599350548,1.002054228691327,6.209953933807901,125,125,192,563,35,2.0,4.568001189367481,0.0019187778110736735,1.8078104843862721,1.246179290464823,0.9398939994031957,0.0006170352571643889,1.4886951446533203,0.46931763151104633,0.3757911944609487,0
c6,C_hard_rooms,33,euclidean,,,0.0,128,0,nan,nan,5.559832425930893,128,128,192,589,37,2.0,2.135986017125016,0.0,1.0583618627227676,0.4921078818086728,0.9380730678458076,0.0,2.135986017125016,1.0583618627227676,0.4921078818086728,0
c6,C_hard_rooms,33,euclidean,,,0.0,144,0,nan,nan,5.559832425930893,144,144,192,589,37,2.0,2.135986017125016,0.0,1.0583618627227676,0.4921078818086728,0.9380730678458076,0.0,2.135986017125016,1.0583618627227676,0.4921078818086728,0
c6,C_hard_rooms,33,euclidean,,,0.0,168,1,5.559832425930892,0.9999999999999999,5.559832425930893,151,151,192,589,37,2.0,2.135986017125016,0.0,1.0583618627227676,0.4921078818086728,0.9380730678458076,0.0,2.135986017125016,1.0583618627227676,0.4921078818086728,0
c6,C_hard_rooms,33,grid_oracle,,,0.0,128,1,5.559832425930892,0.9999999999999999,5.559832425930893,119,119,192,589,37,2.0,5.581688737855547,0.01687465602123908,2.528223632292709,1.5646420786236415,0.9968549087160569,0.0,5.764626169735485,2.595228373388689,1.6159631523250564,0
c6,C_hard_rooms,33,grid_oracle,,,0.0,144,1,5.559832425930892,0.9999999999999999,5.559832425930893,119,119,192,589,37,2.0,5.581688737855547,0.01687465602123908,2.528223632292709,1.5646420786236415,0.9968549087160569,0.0,5.764626169735485,2.595228373388689,1.6159631523250564,0
c6,C_hard_rooms,33,grid_oracle,,,0.0,168,1,5.559832425930892,0.9999999999999999,5.559832425930893,119,119,192,589,37,2.0,5.581688737855547,0.01687465602123908,2.528223632292709,1.5646420786236415,0.9968549087160569,0.0,5.764626169735485,2.595228373388689,1.6159631523250564,0
c6,C_hard_rooms,33,unet,unet,,0.0,128,0,nan,nan,5.559832425930893,128,128,192,589,37,2.0,4.031069103882748,0.08603842231765108,2.0093277500729267,1.0915422512192892,0.955532987005941,0.013723897747695446,1.3073210716247559,0.4773826942096093,0.32640002596336654,0
c6,C_hard_rooms,33,unet,unet,,0.0,144,1,5.559832425930892,0.9999999999999999,5.559832425930893,136,136,192,589,37,2.0,4.031069103882748,0.08603842231765108,2.0093277500729267,1.0915422512192892,0.955532987005941,0.013723897747695446,1.3073210716247559,0.4773826942096093,0.32640002596336654,0
c6,C_hard_rooms,33,unet,unet,,0.0,168,1,5.559832425930892,0.9999999999999999,5.559832425930893,136,136,192,589,37,2.0,4.031069103882748,0.08603842231765108,2.0093277500729267,1.0915422512192892,0.955532987005941,0.013723897747695446,1.3073210716247559,0.4773826942096093,0.32640002596336654,0
c6,C_hard_rooms,33,onlstm,onlstm,,0.0,128,0,nan,nan,5.559832425930893,128,128,192,589,37,2.0,3.88971120580903,0.09320300704475705,2.0687322004793702,1.0995726425747125,0.9571843718633861,0.02685830183327198,1.1030017137527466,0.49892099689895986,0.312300020878886,0
c6,C_hard_rooms,33,onlstm,onlstm,,0.0,144,1,5.565792246285654,1.0010719424432586,5.559832425930893,140,140,192,589,37,2.0,3.88971120580903,0.09320300704475705,2.0687322004793702,1.0995726425747125,0.9571843718633861,0.02685830183327198,1.1030017137527466,0.49892099689895986,0.312300020878886,0
c6,C_hard_rooms,33,onlstm,onlstm,,0.0,168,1,5.565792246285654,1.0010719424432586,5.559832425930893,140,140,192,589,37,2.0,3.88971120580903,0.09320300704475705,2.0687322004793702,1.0995726425747125,0.9571843718633861,0.02685830183327198,1.1030017137527466,0.49892099689895986,0.312300020878886,0
c6,C_hard_rooms,33,hrm,hrm,,0.0,128,0,nan,nan,5.559832425930893,128,128,192,589,37,2.0,4.605919415077981,0.001390597853040218,1.9819366236012115,1.2028553200549632,0.9505483140276159,0.0005810250877402723,1.4914734363555908,0.4567659479123449,0.3851462864719686,0
c6,C_hard_rooms,33,hrm,hrm,,0.0,144,1,5.559832425930892,0.9999999999999999,5.559832425930893,132,132,192,589,37,2.0,4.605919415077981,0.001390597853040218,1.9819366236012115,1.2028553200549632,0.9505483140276159,0.0005810250877402723,1.4914734363555908,0.4567659479123449,0.3851462864719686,0
c6,C_hard_rooms,33,hrm,hrm,,0.0,168,1,5.559832425930892,0.9999999999999999,5.559832425930893,132,132,192,589,37,2.0,4.605919415077981,0.001390597853040218,1.9819366236012115,1.2028553200549632,0.9505483140276159,0.0005810250877402723,1.4914734363555908,0.4567659479123449,0.3851462864719686,0
c6,C_hard_rooms,34,euclidean,,,0.0,128,0,nan,nan,6.791043482720564,128,128,192,533,51,2.0,2.078632315082238,0.0,1.0436455144946974,0.48319367709723093,0.8769684371863387,0.0,2.078632315082238,1.0436455144946974,0.48319367709723093,0
c6,C_hard_rooms,34,euclidean,,,0.0,144,0,nan,nan,6.791043482720564,144,144,192,533,51,2.0,2.078632315082238,0.0,1.0436455144946974,0.48319367709723093,0.8769684371863387,0.0,2.078632315082238,1.0436455144946974,0.48319367709723093,0
c6,C_hard_rooms,34,euclidean,,,0.0,168,1,6.791043482720566,1.0000000000000002,6.791043482720564,146,146,192,533,51,2.0,2.078632315082238,0.0,1.0436455144946974,0.48319367709723093,0.8769684371863387,0.0,2.078632315082238,1.0436455144946974,0.48319367709723093,0
c6,C_hard_rooms,34,grid_oracle,,,0.0,128,0,nan,nan,6.791043482720564,128,128,192,533,51,2.0,6.074951341114327,0.022731342558225898,2.613367413200905,1.6986878572149653,0.9524235005289858,0.0,6.152570343559644,2.9369892882759085,1.7090874834656307,0
c6,C_hard_rooms,34,grid_oracle,,,0.0,144,1,6.791043482720566,1.0000000000000002,6.791043482720564,129,129,192,533,51,2.0,6.074951341114327,0.022731342558225898,2.613367413200905,1.6986878572149653,0.9524235005289858,0.0,6.152570343559644,2.9369892882759085,1.7090874834656307,0
c6,C_hard_rooms,34,grid_oracle,,,0.0,168,1,6.791043482720566,1.0000000000000002,6.791043482720564,129,129,192,533,51,2.0,6.074951341114327,0.022731342558225898,2.613367413200905,1.6986878572149653,0.9524235005289858,0.0,6.152570343559644,2.9369892882759085,1.7090874834656307,0
c6,C_hard_rooms,34,unet,unet,,0.0,128,0,nan,nan,6.791043482720564,128,128,192,533,51,2.0,4.479920788176827,0.06169867613489157,1.8886548708349522,1.089622071847176,0.9254181021620597,0.016952823847532272,1.483978509902954,0.48351367752911756,0.3352021518960781,0
c6,C_hard_rooms,34,unet,unet,,0.0,144,1,6.859779412586926,1.0101215564355104,6.791043482720564,140,140,192,533,51,2.0,4.479920788176827,0.06169867613489157,1.8886548708349522,1.089622071847176,0.9254181021620597,0.016952823847532272,1.483978509902954,0.48351367752911756,0.3352021518960781,0
c6,C_hard_rooms,34,unet,unet,,0.0,168,1,6.859779412586926,1.0101215564355104,6.791043482720564,140,140,192,533,51,2.0,4.479920788176827,0.06169867613489157,1.8886548708349522,1.089622071847176,0.9254181021620597,0.016952823847532272,1.483978509902954,0.48351367752911756,0.3352021518960781,0
c6,C_hard_rooms,34,onlstm,onlstm,,0.0,128,0,nan,nan,6.791043482720564,128,128,192,533,51,2.0,3.9928212539950305,0.061549284992699356,2.0100218210327214,1.0957345948965076,0.9104674741610831,0.024075083434581757,1.1044594049453735,0.5375593604680944,0.3154545196896421,0
c6,C_hard_rooms,34,onlstm,onlstm,,0.0,144,1,6.876264762416014,1.012549069949602,6.791043482720564,139,139,192,533,51,2.0,3.9928212539950305,0.061549284992699356,2.0100218210327214,1.0957345948965076,0.9104674741610831,0.024075083434581757,1.1044594049453735,0.5375593604680944,0.3154545196896421,0
c6,C_hard_rooms,34,onlstm,onlstm,,0.0,168,1,6.876264762416014,1.012549069949602,6.791043482720564,139,139,192,533,51,2.0,3.9928212539950305,0.061549284992699356,2.0100218210327214,1.0957345948965076,0.9104674741610831,0.024075083434581757,1.1044594049453735,0.5375593604680944,0.3154545196896421,0
c6,C_hard_rooms,34,hrm,hrm,,0.0,128,0,nan,nan,6.791043482720564,128,128,192,533,51,2.0,4.76365943947489,0.0011315048727780456,1.8682670884050736,1.1995013850698877,0.9117865474866398,0.0004706441832240671,1.4632484912872314,0.46713038210167923,0.3854366657944991,0
c6,C_hard_rooms,34,hrm,hrm,,0.0,144,1,6.849715576038216,1.0086396285735675,6.791043482720564,143,143,192,533,51,2.0,4.76365943947489,0.0011315048727780456,1.8682670884050736,1.1995013850698877,0.9117865474866398,0.0004706441832240671,1.4632484912872314,0.46713038210167923,0.3854366657944991,0
c6,C_hard_rooms,34,hrm,hrm,,0.0,168,1,6.849715576038216,1.0086396285735675,6.791043482720564,143,143,192,533,51,2.0,4.76365943947489,0.0011315048727780456,1.8682670884050736,1.1995013850698877,0.9117865474866398,0.0004706441832240671,1.4632484912872314,0.46713038210167923,0.3854366657944991,0
c6,C_hard_rooms,35,euclidean,,,0.0,128,0,nan,nan,6.839794634796615,128,128,192,582,38,2.0,2.03669484541462,0.0,1.0727125428662032,0.4940968032410542,0.8662106990749533,0.0,2.03669484541462,1.0727125428662032,0.4940968032410542,0
c6,C_hard_rooms,35,euclidean,,,0.0,144,0,nan,nan,6.839794634796615,144,144,192,582,38,2.0,2.03669484541462,0.0,1.0727125428662032,0.4940968032410542,0.8662106990749533,0.0,2.03669484541462,1.0727125428662032,0.4940968032410542,0
c6,C_hard_rooms,35,euclidean,,,0.0,168,1,6.839794634796618,1.0000000000000004,6.839794634796615,153,153,192,582,38,2.0,2.03669484541462,0.0,1.0727125428662032,0.4940968032410542,0.8662106990749533,0.0,2.03669484541462,1.0727125428662032,0.4940968032410542,0
c6,C_hard_rooms,35,grid_oracle,,,0.0,128,0,nan,nan,6.839794634796615,128,128,192,582,38,2.0,8.428889663403115,0.016759393870192072,3.1372896593227693,1.996456884663323,0.9262285353877873,0.0,6.6137378220871685,2.988010128403034,1.9264659637073047,0
c6,C_hard_rooms,35,grid_oracle,,,0.0,144,1,6.839794634796618,1.0000000000000004,6.839794634796615,135,135,192,582,38,2.0,8.428889663403115,0.016759393870192072,3.1372896593227693,1.996456884663323,0.9262285353877873,0.0,6.6137378220871685,2.988010128403034,1.9264659637073047,0
c6,C_hard_rooms,35,grid_oracle,,,0.0,168,1,6.839794634796618,1.0000000000000004,6.839794634796615,135,135,192,582,38,2.0,8.428889663403115,0.016759393870192072,3.1372896593227693,1.996456884663323,0.9262285353877873,0.0,6.6137378220871685,2.988010128403034,1.9264659637073047,0
c6,C_hard_rooms,35,unet,unet,,0.0,128,0,nan,nan,6.839794634796615,128,128,192,582,38,2.0,4.091139449024751,0.07986246375828403,2.0499437961329563,1.1185812319435713,0.89842287659713,0.013728434219956398,1.2523351907730103,0.48049990350909866,0.3263874608326999,0
c6,C_hard_rooms,35,unet,unet,,0.0,144,0,nan,nan,6.839794634796615,144,144,192,582,38,2.0,4.091139449024751,0.07986246375828403,2.0499437961329563,1.1185812319435713,0.89842287659713,0.013728434219956398,1.2523351907730103,0.48049990350909866,0.3263874608326999,0
c6,C_hard_rooms,35,unet,unet,,0.0,168,1,7.086442258600369,1.0360606768146172,6.839794634796615,149,149,192,582,38,2.0,4.091139449024751,0.07986246375828403,2.0499437961329563,1.1185812319435713,0.89842287659713,0.013728434219956398,1.2523351907730103,0.48049990350909866,0.3263874608326999,0
c6,C_hard_rooms,35,onlstm,onlstm,,0.0,128,0,nan,nan,6.839794634796615,128,128,192,582,38,2.0,3.9669288059299745,0.0822486115196485,2.113547444618199,1.119022874357583,0.8816123212977784,0.024449413642287254,1.064091444015503,0.49930913736170623,0.316959498114254,0
c6,C_hard_rooms,35,onlstm,onlstm,,0.0,144,0,nan,nan,6.839794634796615,144,144,192,582,38,2.0,3.9669288059299745,0.0822486115196485,2.113547444618199,1.119022874357583,0.8816123212977784,0.024449413642287254,1.064091444015503,0.49930913736170623,0.316959498114254,0
c6,C_hard_rooms,35,onlstm,onlstm,,0.0,168,1,6.899384721740079,1.0087122625934275,6.839794634796615,150,150,192,582,38,2.0,3.9669288059299745,0.0822486115196485,2.113547444618199,1.119022874357583,0.8816123212977784,0.024449413642287254,1.064091444015503,0.49930913736170623,0.316959498114254,0
c6,C_hard_rooms,35,hrm,hrm,,0.0,128,0,nan,nan,6.839794634796615,128,128,192,582,38,2.0,4.463239544956556,0.0014750990447766543,2.0264763469437703,1.2414842875981338,0.8933076526598488,0.0006578809698112309,1.4435718059539795,0.4522482717794247,0.38577287003946226,0
c6,C_hard_rooms,35,hrm,hrm,,0.0,144,0,nan,nan,6.839794634796615,144,144,192,582,38,2.0,4.463239544956556,0.0014750990447766543,2.0264763469437703,1.2414842875981338,0.8933076526598488,0.0006578809698112309,1.4435718059539795,0.4522482717794247,0.38577287003946226,0
c6,C_hard_rooms,35,hrm,hrm,,0.0,168,1,6.885915191636039,1.0067429739198297,6.839794634796615,148,148,192,582,38,2.0,4.463239544956556,0.0014750990447766543,2.0264763469437703,1.2414842875981338,0.8933076526598488,0.0006578809698112309,1.4435718059539795,0.4522482717794247,0.38577287003946226,0
c6,C_hard_rooms,36,euclidean,,,0.0,128,0,nan,nan,5.482719894505796,128,128,192,534,50,2.0,1.9658165764997937,0.0,1.0028701183140571,0.4767528604080017,0.9413588828907037,0.0,1.9658165764997937,1.0028701183140571,0.4767528604080017,0
c6,C_hard_rooms,36,euclidean,,,0.0,144,1,5.482719894505795,0.9999999999999999,5.482719894505796,144,144,192,534,50,2.0,1.9658165764997937,0.0,1.0028701183140571,0.4767528604080017,0.9413588828907037,0.0,1.9658165764997937,1.0028701183140571,0.4767528604080017,0
c6,C_hard_rooms,36,euclidean,,,0.0,168,1,5.482719894505795,0.9999999999999999,5.482719894505796,144,144,192,534,50,2.0,1.9658165764997937,0.0,1.0028701183140571,0.4767528604080017,0.9413588828907037,0.0,1.9658165764997937,1.0028701183140571,0.4767528604080017,0
c6,C_hard_rooms,36,grid_oracle,,,0.0,128,1,5.493971768779031,1.00205224313657,5.482719894505796,108,108,192,534,50,2.0,5.920876169735485,0.018543958608058207,2.827828605504522,1.7241450997175174,0.9837845536174485,0.0,5.996320343559645,2.8178882214181633,1.7552438516556523,0
c6,C_hard_rooms,36,grid_oracle,,,0.0,144,1,5.493971768779031,1.00205224313657,5.482719894505796,108,108,192,534,50,2.0,5.920876169735485,0.018543958608058207,2.827828605504522,1.7241450997175174,0.9837845536174485,0.0,5.996320343559645,2.8178882214181633,1.7552438516556523,0
c6,C_hard_rooms,36,grid_oracle,,,0.0,168,1,5.493971768779031,1.00205224313657,5.482719894505796,108,108,192,534,50,2.0,5.920876169735485,0.018543958608058207,2.827828605504522,1.7241450997175174,0.9837845536174485,0.0,5.996320343559645,2.8178882214181633,1.7552438516556523,0
c6,C_hard_rooms,36,unet,unet,,0.0,128,0,nan,nan,5.482719894505796,128,128,192,534,50,2.0,4.736396789646707,0.11503788656605268,1.919270874356788,1.10575886945941,0.9441835309117544,0.02376866154372692,1.5359159708023071,0.4896461431908392,0.3509898158022409,0
c6,C_hard_rooms,36,unet,unet,,0.0,144,1,5.627637977556813,1.0264317867480772,5.482719894505796,136,136,192,534,50,2.0,4.736396789646707,0.11503788656605268,1.919270874356788,1.10575886945941,0.9441835309117544,0.02376866154372692,1.5359159708023071,0.4896461431908392,0.3509898158022409,0
c6,C_hard_rooms,36,unet,unet,,0.0,168,1,5.627637977556813,1.0264317867480772,5.482719894505796,136,136,192,534,50,2.0,4.736396789646707,0.11503788656605268,1.919270874356788,1.10575886945941,0.9441835309117544,0.02376866154372692,1.5359159708023071,0.4896461431908392,0.3509898158022409,0
c6,C_hard_rooms,36,onlstm,onlstm,,0.0,128,0,nan,nan,5.482719894505796,128,128,192,534,50,2.0,3.922061345539758,0.0333496028060743,1.8578628704295943,1.118264820622935,0.9564892303936199,0.011004372499883175,1.0285255908966064,0.44385650668209564,0.33830294376217246,0
c6,C_hard_rooms,36,onlstm,onlstm,,0.0,144,1,5.860329953798192,1.0688727614319302,5.482719894505796,141,141,192,534,50,2.0,3.922061345539758,0.0333496028060743,1.8578628704295943,1.118264820622935,0.9564892303936199,0.011004372499883175,1.0285255908966064,0.44385650668209564,0.33830294376217246,0
c6,C_hard_rooms,36,onlstm,onlstm,,0.0,168,1,5.860329953798192,1.0688727614319302,5.482719894505796,141,141,192,534,50,2.0,3.922061345539758,0.0333496028060743,1.8578628704295943,1.118264820622935,0.9564892303936199,0.011004372499883175,1.0285255908966064,0.44385650668209564,0.33830294376217246,0
c6,C_hard_rooms,36,hrm,hrm,,0.0,128,0,nan,nan,5.482719894505796,128,128,192,534,50,2.0,4.557226397205033,0.0012929528815432316,1.9040474014920863,1.1578517960187888,0.9462825190570493,0.0005992946680635214,1.4367209672927856,0.4672564536103607,0.37265320448431477,0
c6,C_hard_rooms,36,hrm,hrm,,0.0,144,1,5.482719894505795,0.9999999999999999,5.482719894505796,131,131,192,534,50,2.0,4.557226397205033,0.0012929528815432316,1.9040474014920863,1.1578517960187888,0.9462825190570493,0.0005992946680635214,1.4367209672927856,0.4672564536103607,0.37265320448431477,0
c6,C_hard_rooms,36,hrm,hrm,,0.0,168,1,5.482719894505795,0.9999999999999999,5.482719894505796,131,131,192,534,50,2.0,4.557226397205033,0.0012929528815432316,1.9040474014920863,1.1578517960187888,0.9462825190570493,0.0005992946680635214,1.4367209672927856,0.4672564536103607,0.37265320448431477,0
c6,C_hard_rooms,37,euclidean,,,0.0,128,0,nan,nan,5.308309585268149,128,128,192,536,41,2.0,1.9623817509937755,0.0,1.0378546608409225,0.4742998932515548,0.6875016954669995,0.0,1.9623817509937755,1.0378546608409225,0.4742998932515548,0
c6,C_hard_rooms,37,euclidean,,,0.0,144,0,nan,nan,5.308309585268149,144,144,192,536,41,2.0,1.9623817509937755,0.0,1.0378546608409225,0.4742998932515548,0.6875016954669995,0.0,1.9623817509937755,1.0378546608409225,0.4742998932515548,0
c6,C_hard_rooms,37,euclidean,,,0.0,168,1,5.30830958526815,1.0000000000000002,5.308309585268149,151,151,192,536,41,2.0,1.9623817509937755,0.0,1.0378546608409225,0.4742998932515548,0.6875016954669995,0.0,1.9623817509937755,1.0378546608409225,0.4742998932515548,0
c6,C_hard_rooms,37,grid_oracle,,,0.0,128,1,5.30931222577153,1.000188881316599,5.308309585268149,101,101,192,536,41,2.0,5.514253615449263,0.01713051420539096,2.6277707784095043,1.515572169387257,0.5987066977728347,0.0,5.590990257669731,2.6006245081471406,1.5588942267985155,0
c6,C_hard_rooms,37,grid_oracle,,,0.0,144,1,5.30931222577153,1.000188881316599,5.308309585268149,101,101,192,536,41,2.0,5.514253615449263,0.01713051420539096,2.6277707784095043,1.515572169387257,0.5987066977728347,0.0,5.590990257669731,2.6006245081471406,1.5588942267985155,0
c6,C_hard_rooms,37,grid_oracle,,,0.0,168,1,5.30931222577153,1.000188881316599,5.308309585268149,101,101,192,536,41,2.0,5.514253615449263,0.01713051420539096,2.6277707784095043,1.515572169387257,0.5987066977728347,0.0,5.590990257669731,2.6006245081471406,1.5588942267985155,0
c6,C_hard_rooms,37,unet,unet,,0.0,128,0,nan,nan,5.308309585268149,128,128,192,536,41,2.0,4.3186034814722305,0.09584852473875988,2.03860505804638,1.100194407651727,0.5918671838971328,0.022380199283361435,1.633486270904541,0.5127468862378919,0.355262904981456,0
c6,C_hard_rooms,37,unet,unet,,0.0,144,1,5.343464806366872,1.0066226772448026,5.308309585268149,141,141,192,536,41,2.0,4.3186034814722305,0.09584852473875988,2.03860505804638,1.100194407651727,0.5918671838971328,0.022380199283361435,1.633486270904541,0.5127468862378919,0.355262904981456,0
c6,C_hard_rooms,37,unet,unet,,0.0,168,1,5.343464806366872,1.0066226772448026,5.308309585268149,141,141,192,536,41,2.0,4.3186034814722305,0.09584852473875988,2.03860505804638,1.100194407651727,0.5918671838971328,0.022380199283361435,1.633486270904541,0.5127468862378919,0.355262904981456,0
c6,C_hard_rooms,37,onlstm,onlstm,,0.0,128,0,nan,nan,5.308309585268149,128,128,192,536,41,2.0,3.99618749019238,0.05407984399412534,1.906610031256194,1.0870591197428838,0.6897634484442395,0.015809662640094757,1.053765892982483,0.4441364148233333,0.3266937957042488,0
c6,C_hard_rooms,37,onlstm,onlstm,,0.0,144,0,nan,nan,5.308309585268149,144,144,192,536,41,2.0,3.99618749019238,0.05407984399412534,1.906610031256194,1.0870591197428838,0.6897634484442395,0.015809662640094757,1.053765892982483,0.4441364148233333,0.3266937957042488,0
c6,C_hard_rooms,37,onlstm,onlstm,,0.0,168,1,5.320785953808625,1.002350346817582,5.308309585268149,146,146,192,536,41,2.0,3.99618749019238,0.05407984399412534,1.906610031256194,1.0870591197428838,0.6897634484442395,0.015809662640094757,1.053765892982483,0.4441364148233333,0.3266937957042488,0
c6,C_hard_rooms,37,hrm,hrm,,0.0,128,0,nan,nan,5.308309585268149,128,128,192,536,41,2.0,4.293420994143293,0.0020318263095731714,1.9540677344250328,1.1634131637330023,0.6183300328242413,0.0007207824382930994,1.4689140319824219,0.46684443761510863,0.3806178152035731,0
c6,C_hard_rooms,37,hrm,hrm,,0.0,144,1,5.314780150240434,1.0012189501890099,5.308309585268149,132,132,192,536,41,2.0,4.293420994143293,0.0020318263095731714,1.9540677344250328,1.1634131637330023,0.6183300328242413,0.0007207824382930994,1.4689140319824219,0.46684443761510863,0.3806178152035731,0
c6,C_hard_rooms,37,hrm,hrm,,0.0,168,1,5.314780150240434,1.0012189501890099,5.308309585268149,132,132,192,536,41,2.0,4.293420994143293,0.0020318263095731714,1.9540677344250328,1.1634131637330023,0.6183300328242413,0.0007207824382930994,1.4689140319824219,0.46684443761510863,0.3806178152035731,0
c6,C_hard_rooms,38,euclidean,,,0.0,128,0,nan,nan,6.369344999491832,128,128,192,563,44,2.0,1.9381842913065086,0.0,0.9979815269579936,0.46343394538690996,0.8945351707674363,0.0,1.9381842913065086,0.9979815269579936,0.46343394538690996,0
c6,C_hard_rooms,38,euclidean,,,0.0,144,1,6.369344999491834,1.0000000000000002,6.369344999491832,141,141,192,563,44,2.0,1.9381842913065086,0.0,0.9979815269579936,0.46343394538690996,0.8945351707674363,0.0,1.9381842913065086,0.9979815269579936,0.46343394538690996,0
c6,C_hard_rooms,38,euclidean,,,0.0,168,1,6.369344999491834,1.0000000000000002,6.369344999491832,141,141,192,563,44,2.0,1.9381842913065086,0.0,0.9979815269579936,0.46343394538690996,0.8945351707674363,0.0,1.9381842913065086,0.9979815269579936,0.46343394538690996,0
c6,C_hard_rooms,38,grid_oracle,,,0.0,128,1,6.369344999491834,1.0000000000000002,6.369344999491832,123,123,192,563,44,2.0,5.473238008745113,0.012358575834618496,2.5735028786284535,1.6401070682735954,0.9613925209559723,0.0,5.692322779142209,2.645307449976509,1.631943421439793,0
c6,C_hard_rooms,38,grid_oracle,,,0.0,144,1,6.369344999491834,1.0000000000000002,6.369344999491832,123,123,192,563,44,2.0,5.473238008745113,0.012358575834618496,2.5735028786284535,1.6401070682735954,0.9613925209559723,0.0,5.692322779142209,2.645307449976509,1.631943421439793,0
c6,C_hard_rooms,38,grid_oracle,,,0.0,168,1,6.369344999491834,1.0000000000000002,6.369344999491832,123,123,192,563,44,2.0,5.473238008745113,0.012358575834618496,2.5735028786284535,1.6401070682735954,0.9613925209559723,0.0,5.692322779142209,2.645307449976509,1.631943421439793,0
c6,C_hard_rooms,38,unet,unet,,0.0,128,0,nan,nan,6.369344999491832,128,128,192,563,44,2.0,4.487809080308945,0.11966331333566359,1.9722939813866995,1.1328961474440788,0.9264336868947184,0.02234729193150997,1.5065608024597168,0.49920511407299273,0.35235640688697073,0
c6,C_hard_rooms,38,unet,unet,,0.0,144,1,6.369344999491834,1.0000000000000002,6.369344999491832,138,138,192,563,44,2.0,4.487809080308945,0.11966331333566359,1.9722939813866995,1.1328961474440788,0.9264336868947184,0.02234729193150997,1.5065608024597168,0.49920511407299273,0.35235640688697073,0
c6,C_hard_rooms,38,unet,unet,,0.0,168,1,6.369344999491834,1.0000000000000002,6.369344999491832,138,138,192,563,44,2.0,4.487809080308945,0.11966331333566359,1.9722939813866995,1.1328961474440788,0.9264336868947184,0.02234729193150997,1.5065608024597168,0.49920511407299273,0.35235640688697073,0
c6,C_hard_rooms,38,onlstm,onlstm,,0.0,128,0,nan,nan,6.369344999491832,128,128,192,563,44,2.0,3.9366043518742373,0.04062685470813204,1.8256637151340904,1.114168046187099,0.9146773187206686,0.014492210000753403,1.0781298875808716,0.42521941660197626,0.32612604828955344,0
c6,C_hard_rooms,38,onlstm,onlstm,,0.0,144,1,6.369344999491834,1.0000000000000002,6.369344999491832,137,137,192,563,44,2.0,3.9366043518742373,0.04062685470813204,1.8256637151340904,1.114168046187099,0.9146773187206686,0.014492210000753403,1.0781298875808716,0.42521941660197626,0.32612604828955344,0
c6,C_hard_rooms,38,onlstm,onlstm,,0.0,168,1,6.369344999491834,1.0000000000000002,6.369344999491832,137,137,192,563,44,2.0,3.9366043518742373,0.04062685470813204,1.8256637151340904,1.114168046187099,0.9146773187206686,0.014492210000753403,1.0781298875808716,0.42521941660197626,0.32612604828955344,0
c6,C_hard_rooms,38,hrm,hrm,,0.0,128,0,nan,nan,6.369344999491832,128,128,192,563,44,2.0,4.39100347338077,0.0018666218312071968,1.9241028703440375,1.1962964125875972,0.9154860564793968,0.0007355829584412277,1.485947847366333,0.4557986554718525,0.3781471811278435,0
c6,C_hard_rooms,38,hrm,hrm,,0.0,144,1,6.369344999491834,1.0000000000000002,6.369344999491832,129,129,192,563,44,2.0,4.39100347338077,0.0018666218312071968,1.9241028703440375,1.1962964125875972,0.9154860564793968,0.0007355829584412277,1.485947847366333,0.4557986554718525,0.3781471811278435,0
c6,C_hard_rooms,38,hrm,hrm,,0.0,168,1,6.369344999491834,1.0000000000000002,6.369344999491832,129,129,192,563,44,2.0,4.39100347338077,0.0018666218312071968,1.9241028703440375,1.1962964125875972,0.9154860564793968,0.0007355829584412277,1.485947847366333,0.4557986554718525,0.3781471811278435,0
c6,C_hard_rooms,39,euclidean,,,0.0,128,0,nan,nan,5.99786518282471,128,128,192,542,39,2.0,2.1373103595701513,0.0,1.0958836838907573,0.5152461928415187,0.8591338198193311,0.0,2.1373103595701513,1.0958836838907573,0.5152461928415187,0
c6,C_hard_rooms,39,euclidean,,,0.0,144,1,5.997865182824711,1.0000000000000002,5.99786518282471,143,143,192,542,39,2.0,2.1373103595701513,0.0,1.0958836838907573,0.5152461928415187,0.8591338198193311,0.0,2.1373103595701513,1.0958836838907573,0.5152461928415187,0
c6,C_hard_rooms,39,euclidean,,,0.0,168,1,5.997865182824711,1.0000000000000002,5.99786518282471,143,143,192,542,39,2.0,2.1373103595701513,0.0,1.0958836838907573,0.5152461928415187,0.8591338198193311,0.0,2.1373103595701513,1.0958836838907573,0.5152461928415187,0
c6,C_hard_rooms,39,grid_oracle,,,0.0,128,1,6.013341258841592,1.0025802640681554,5.99786518282471,98,98,192,542,39,2.0,6.454066224883946,0.013449831123068171,2.876151122160689,1.7644334297510968,0.8272437810270462,0.0,6.503902865032123,2.7729639372795516,1.7307479421439094,0
c6,C_hard_rooms,39,grid_oracle,,,0.0,144,1,6.013341258841592,1.0025802640681554,5.99786518282471,98,98,192,542,39,2.0,6.454066224883946,0.013449831123068171,2.876151122160689,1.7644334297510968,0.8272437810270462,0.0,6.503902865032123,2.7729639372795516,1.7307479421439094,0
c6,C_hard_rooms,39,grid_oracle,,,0.0,168,1,6.013341258841592,1.0025802640681554,5.99786518282471,98,98,192,542,39,2.0,6.454066224883946,0.013449831123068171,2.876151122160689,1.7644334297510968,0.8272437810270462,0.0,6.503902865032123,2.7729639372795516,1.7307479421439094,0
c6,C_hard_rooms,39,unet,unet,,0.0,128,0,nan,nan,5.99786518282471,128,128,192,542,39,2.0,4.918561940906574,0.13501128432493514,2.0606759980199882,1.20326428468098,0.8449919295770829,0.02594352327287197,1.5429422855377197,0.4941685443627648,0.3612487398523215,0
c6,C_hard_rooms,39,unet,unet,,0.0,144,1,6.070985329680533,1.0121910287455622,5.99786518282471,140,140,192,542,39,2.0,4.918561940906574,0.13501128432493514,2.0606759980199882,1.20326428468098,0.8449919295770829,0.02594352327287197,1.5429422855377197,0.4941685443627648,0.3612487398523215,0
c6,C_hard_rooms,39,unet,unet,,0.0,168,1,6.070985329680533,1.0121910287455622,5.99786518282471,140,140,192,542,39,2.0,4.918561940906574,0.13501128432493514,2.0606759980199882,1.20326428468098,0.8449919295770829,0.02594352327287197,1.5429422855377197,0.4941685443627648,0.3612487398523215,0
c6,C_hard_rooms,39,onlstm,onlstm,,0.0,128,0,nan,nan,5.99786518282471,128,128,192,542,39,2.0,4.173014762730994,0.04913354219638148,2.0419559417832986,1.1998043393830353,0.8311976100697178,0.01208479143679142,1.1324183940887451,0.4756776636147606,0.3450728908594991,0
c6,C_hard_rooms,39,onlstm,onlstm,,0.0,144,1,6.069229672926387,1.0118983151381984,5.99786518282471,135,135,192,542,39,2.0,4.173014762730994,0.04913354219638148,2.0419559417832986,1.1998043393830353,0.8311976100697178,0.01208479143679142,1.1324183940887451,0.4756776636147606,0.3450728908594991,0
c6,C_hard_rooms,39,onlstm,onlstm,,0.0,168,1,6.069229672926387,1.0118983151381984,5.99786518282471,135,135,192,542,39,2.0,4.173014762730994,0.04913354219638148,2.0419559417832986,1.1998043393830353,0.8311976100697178,0.01208479143679142,1.1324183940887451,0.4756776636147606,0.3450728908594991,0
c6,C_hard_rooms,39,hrm,hrm,,0.0,128,0,nan,nan,5.99786518282471,128,128,192,542,39,2.0,4.887319536496534,0.0017545904315478225,2.029941888061726,1.2351862537873393,0.852884328459431,0.0005817805649712682,1.4352442026138306,0.46619176785802097,0.36447159952862024,0
c6,C_hard_rooms,39,hrm,hrm,,0.0,144,1,6.048823389887312,1.0084960574319883,5.99786518282471,134,134,192,542,39,2.0,4.887319536496534,0.0017545904315478225,2.029941888061726,1.2351862537873393,0.852884328459431,0.0005817805649712682,1.4352442026138306,0.46619176785802097,0.36447159952862024,0
c6,C_hard_rooms,39,hrm,hrm,,0.0,168,1,6.048823389887312,1.0084960574319883,5.99786518282471,134,134,192,542,39,2.0,4.887319536496534,0.0017545904315478225,2.029941888061726,1.2351862537873393,0.852884328459431,0.0005817805649712682,1.4352442026138306,0.46619176785802097,0.36447159952862024,0
