suite,suite_world_index,world_index,world_seed,roadmap_seed,nodes,edges,arm,runtime_information_boundary,algorithm,budget,found,path_valid,path_edges,cost,optimal,cost_ratio_eval_only,expansions,closed,max_expansions_per_state,anchor_f_min_at_return,bound_violation_eval_only,certificate_violation,representation_seconds,model_seconds,local_backup_seconds,search_seconds
C_hard_maze,0,0,17333256,17333273,192,679,euclid,current_goal_geometry_only,no_reopen_astar,384,True,True,26,2.404809991891535,2.404809991891535,1.0,136,136,1,,False,False,0.00012510000669863075,0.0,0.0,0.0004923000014969148
C_hard_maze,0,0,17333256,17333273,192,679,field_hrm,complete_64x64_occupancy_goal_raster,no_reopen_astar,384,True,True,24,2.414575127272162,2.404809991891535,1.0040606681665298,107,107,1,,False,False,0.39048660000116797,0.0,0.0,0.000403499994718004
C_hard_maze,0,0,17333256,17333273,192,679,field_onlstm,complete_64x64_occupancy_goal_raster,no_reopen_astar,384,True,True,26,2.486850261959699,2.404809991891535,1.0341150736834863,105,105,1,,False,False,0.47045490000164136,0.0,0.0,0.0004312999953981489
C_hard_maze,0,0,17333256,17333273,192,679,field_unet,complete_64x64_occupancy_goal_raster,no_reopen_astar,384,True,True,26,2.4681474878261427,2.404809991891535,1.0263378379781218,124,124,1,,False,False,0.41726119999657385,0.0,0.0,0.000415000002249144
C_hard_maze,0,0,17333256,17333273,192,679,oracle,exact_full_graph_cost_to_go_evaluation_only,no_reopen_astar,384,True,True,26,2.404809991891535,2.404809991891535,1.0,27,27,1,,False,False,0.00042630000098142773,0.0,0.0,0.0001655000014579855
C_hard_maze,0,0,17333256,17333273,192,679,scalar_hrm,global_obstacle_list_summaries_sectors_plus_rays_goal,no_reopen_astar,384,True,True,26,2.4796166495697283,2.404809991891535,1.0311070969974443,95,95,1,,False,False,1.7186107000015909,0.0,0.0,0.00034779999987222254
C_hard_maze,0,0,17333256,17333273,192,679,scalar_onlstm,global_obstacle_list_summaries_sectors_plus_rays_goal,no_reopen_astar,384,True,True,26,2.5005576623874712,2.404809991891535,1.0398150668114219,90,90,1,,False,False,1.7115753000034601,0.0,0.0,0.0003664999967440963
C_hard_maze,0,0,17333256,17333273,192,679,current_local_backup_alpha_1_50,current_goal_geometry_bounded_rays_one_hop_actions_plus_radius_bounded_local_subgraph_and_frozen_exit_values,no_reopen_astar,384,True,True,24,2.475930417236747,2.404809991891535,1.0295742389565137,68,68,1,,False,False,5.995061800000258,0.0009395999950356781,0.009182699999655597,0.00021320000087143853
C_hard_maze,0,0,17333256,17333273,192,679,current_bounded_focal_alpha_0_50,current_goal_geometry_bounded_rays_one_hop_actions,reopening_fhat_focal,384,True,True,26,2.404809991891535,2.404809991891535,1.0,133,132,2,2.2740799790765394,False,False,5.995061800000258,0.0005241999970166944,0.0,0.0012010999998892657
C_hard_maze,1,1,17349096,17349113,192,695,euclid,current_goal_geometry_only,no_reopen_astar,384,True,True,20,2.1403976185404576,2.1403976185404576,1.0,143,143,1,,False,False,4.350000381236896e-05,0.0,0.0,0.0004430999979376793
C_hard_maze,1,1,17349096,17349113,192,695,field_hrm,complete_64x64_occupancy_goal_raster,no_reopen_astar,384,True,True,20,2.163519583296923,2.1403976185404576,1.0108026492630058,80,80,1,,False,False,0.35250239999732,0.0,0.0,0.00030420000257436186
C_hard_maze,1,1,17349096,17349113,192,695,field_onlstm,complete_64x64_occupancy_goal_raster,no_reopen_astar,384,True,True,19,2.1630429128447295,2.1403976185404576,1.0105799474397257,81,81,1,,False,False,0.3781837999995332,0.0,0.0,0.00030610000248998404
C_hard_maze,1,1,17349096,17349113,192,695,field_unet,complete_64x64_occupancy_goal_raster,no_reopen_astar,384,True,True,19,2.172753182677235,2.1403976185404576,1.0151166137807799,116,116,1,,False,False,0.3431775999997626,0.0,0.0,0.00031709999893791974
C_hard_maze,1,1,17349096,17349113,192,695,oracle,exact_full_graph_cost_to_go_evaluation_only,no_reopen_astar,384,True,True,20,2.1403976185404576,2.1403976185404576,1.0,21,21,1,,False,False,0.00028079999901819974,0.0,0.0,9.169999975711107e-05
C_hard_maze,1,1,17349096,17349113,192,695,scalar_hrm,global_obstacle_list_summaries_sectors_plus_rays_goal,no_reopen_astar,384,True,True,19,2.1735578344851096,2.1403976185404576,1.0154925494484823,53,53,1,,False,False,1.2992087000020547,0.0,0.0,0.0002392999958829023
C_hard_maze,1,1,17349096,17349113,192,695,scalar_onlstm,global_obstacle_list_summaries_sectors_plus_rays_goal,no_reopen_astar,384,True,True,19,2.164788005468216,2.1403976185404576,1.0113952597949487,68,68,1,,False,False,1.3575568000014755,0.0,0.0,0.0003177999969921075
C_hard_maze,1,1,17349096,17349113,192,695,current_local_backup_alpha_1_50,current_goal_geometry_bounded_rays_one_hop_actions_plus_radius_bounded_local_subgraph_and_frozen_exit_values,no_reopen_astar,384,True,True,21,2.1736091122768197,2.1403976185404576,1.015516506582085,49,49,1,,False,False,5.1507348000013735,0.0008089000039035454,0.009119800000917166,0.00017519999528303742
C_hard_maze,1,1,17349096,17349113,192,695,current_bounded_focal_alpha_0_50,current_goal_geometry_bounded_rays_one_hop_actions,reopening_fhat_focal,384,True,True,20,2.1403976185404576,2.1403976185404576,1.0,142,140,2,2.045463018850811,False,False,5.1507348000013735,0.0004772000029333867,0.0,0.0013993999964441173
C_hard_maze,2,2,17412456,17412473,192,691,euclid,current_goal_geometry_only,no_reopen_astar,384,True,True,24,2.139868085160095,2.139868085160095,1.0,147,147,1,,False,False,4.069999704370275e-05,0.0,0.0,0.00039180000021588057
C_hard_maze,2,2,17412456,17412473,192,691,field_hrm,complete_64x64_occupancy_goal_raster,no_reopen_astar,384,True,True,24,2.150399998337399,2.139868085160095,1.004921758144973,92,92,1,,False,False,0.39358570000331383,0.0,0.0,0.0003775000004679896
C_hard_maze,2,2,17412456,17412473,192,691,field_onlstm,complete_64x64_occupancy_goal_raster,no_reopen_astar,384,True,True,24,2.152014772014216,2.139868085160095,1.0056763717999058,96,96,1,,False,False,0.48366469999746187,0.0,0.0,0.00045279999903868884
C_hard_maze,2,2,17412456,17412473,192,691,field_unet,complete_64x64_occupancy_goal_raster,no_reopen_astar,384,True,True,24,2.1603006846740205,2.139868085160095,1.0095485322930067,125,125,1,,False,False,0.40737090000038734,0.0,0.0,0.0004560000015771948
C_hard_maze,2,2,17412456,17412473,192,691,oracle,exact_full_graph_cost_to_go_evaluation_only,no_reopen_astar,384,True,True,24,2.139868085160095,2.139868085160095,1.0,25,25,1,,False,False,0.00042799999937415123,0.0,0.0,0.0001545000050100498
C_hard_maze,2,2,17412456,17412473,192,691,scalar_hrm,global_obstacle_list_summaries_sectors_plus_rays_goal,no_reopen_astar,384,True,True,27,2.583754057178499,2.139868085160095,1.2074361382819516,96,96,1,,False,False,1.827147399999376,0.0,0.0,0.00035680000291904435
C_hard_maze,2,2,17412456,17412473,192,691,scalar_onlstm,global_obstacle_list_summaries_sectors_plus_rays_goal,no_reopen_astar,384,True,True,24,2.1867442359660476,2.139868085160095,1.0219060937125224,99,99,1,,False,False,1.7340800000019954,0.0,0.0,0.0003721000030054711
C_hard_maze,2,2,17412456,17412473,192,691,current_local_backup_alpha_1_50,current_goal_geometry_bounded_rays_one_hop_actions_plus_radius_bounded_local_subgraph_and_frozen_exit_values,no_reopen_astar,384,True,True,23,2.1809469494843157,2.139868085160095,1.019196914337431,76,76,1,,False,False,6.185527699999511,0.0011373999950592406,0.009360899995954242,0.00021949999791104347
C_hard_maze,2,2,17412456,17412473,192,691,current_bounded_focal_alpha_0_50,current_goal_geometry_bounded_rays_one_hop_actions,reopening_fhat_focal,384,True,True,24,2.139868085160095,2.139868085160095,1.0,145,145,1,2.050778699963966,False,False,6.185527699999511,0.000538699998287484,0.0,0.0013240000043879263
C_hard_maze,3,3,17420376,17420393,192,701,euclid,current_goal_geometry_only,no_reopen_astar,384,True,True,28,2.631043879159938,2.631043879159938,1.0,149,149,1,,False,False,5.03999981447123e-05,0.0,0.0,0.0004988000000594184
C_hard_maze,3,3,17420376,17420393,192,701,field_hrm,complete_64x64_occupancy_goal_raster,no_reopen_astar,384,True,True,28,2.643370516385947,2.631043879159938,1.004685074743012,130,130,1,,False,False,0.26820730000326876,0.0,0.0,0.0004454000008990988
C_hard_maze,3,3,17420376,17420393,192,701,field_onlstm,complete_64x64_occupancy_goal_raster,no_reopen_astar,384,True,True,31,2.8464117400108595,2.631043879159938,1.081856430657358,112,112,1,,False,False,0.30885059999855,0.0,0.0,0.0003877000053762458
C_hard_maze,3,3,17420376,17420393,192,701,field_unet,complete_64x64_occupancy_goal_raster,no_reopen_astar,384,True,True,28,2.6919845714477506,2.631043879159938,1.0231621725393916,123,123,1,,False,False,0.26924180000060005,0.0,0.0,0.00042519999988144264
C_hard_maze,3,3,17420376,17420393,192,701,oracle,exact_full_graph_cost_to_go_evaluation_only,no_reopen_astar,384,True,True,28,2.631043879159938,2.631043879159938,1.0,29,29,1,,False,False,0.00031180000223685056,0.0,0.0,0.00012509999942267314
C_hard_maze,3,3,17420376,17420393,192,701,scalar_hrm,global_obstacle_list_summaries_sectors_plus_rays_goal,no_reopen_astar,384,True,True,29,2.7495687070567456,2.631043879159938,1.0450485941476015,109,109,1,,False,False,1.1366226000027382,0.0,0.0,0.00035260000004200265
C_hard_maze,3,3,17420376,17420393,192,701,scalar_onlstm,global_obstacle_list_summaries_sectors_plus_rays_goal,no_reopen_astar,384,True,True,32,2.8617903675653067,2.631043879159938,1.087701497581653,95,95,1,,False,False,1.137063100002706,0.0,0.0,0.00036469999758992344
C_hard_maze,3,3,17420376,17420393,192,701,current_local_backup_alpha_1_50,current_goal_geometry_bounded_rays_one_hop_actions_plus_radius_bounded_local_subgraph_and_frozen_exit_values,no_reopen_astar,384,True,True,29,2.695425759973571,2.631043879159938,1.0244700901127461,55,55,1,,False,False,4.283574000000954,0.0007840999969630502,0.010121799998159986,0.0001438999970559962
C_hard_maze,3,3,17420376,17420393,192,701,current_bounded_focal_alpha_0_50,current_goal_geometry_bounded_rays_one_hop_actions,reopening_fhat_focal,384,True,True,28,2.631043879159938,2.631043879159938,1.0,147,144,2,2.5203850969938157,False,False,4.283574000000954,0.0008619000000180677,0.0,0.0014536000016960315
C_hard_maze,4,4,17444136,17444153,192,693,euclid,current_goal_geometry_only,no_reopen_astar,384,True,True,22,2.117157200210119,2.1171572002101184,1.0000000000000002,152,152,1,,False,False,0.00012370000331429765,0.0,0.0,0.0005216999998083338
C_hard_maze,4,4,17444136,17444153,192,693,field_hrm,complete_64x64_occupancy_goal_raster,no_reopen_astar,384,True,True,22,2.117157200210119,2.1171572002101184,1.0000000000000002,122,122,1,,False,False,0.44224920000124257,0.0,0.0,0.0004571000026771799
C_hard_maze,4,4,17444136,17444153,192,693,field_onlstm,complete_64x64_occupancy_goal_raster,no_reopen_astar,384,True,True,22,2.117157200210119,2.1171572002101184,1.0000000000000002,106,106,1,,False,False,0.4627475000015693,0.0,0.0,0.0004293999954825267
C_hard_maze,4,4,17444136,17444153,192,693,field_unet,complete_64x64_occupancy_goal_raster,no_reopen_astar,384,True,True,22,2.1187294851366048,2.1171572002101184,1.0007426396709371,129,129,1,,False,False,0.37888679999741726,0.0,0.0,0.0004678999976022169
C_hard_maze,4,4,17444136,17444153,192,693,oracle,exact_full_graph_cost_to_go_evaluation_only,no_reopen_astar,384,True,True,22,2.117157200210119,2.1171572002101184,1.0000000000000002,23,23,1,,False,False,0.0002933000068878755,0.0,0.0,0.00010409999958937988
C_hard_maze,4,4,17444136,17444153,192,693,scalar_hrm,global_obstacle_list_summaries_sectors_plus_rays_goal,no_reopen_astar,384,True,True,22,2.1794721162919966,2.1171572002101184,1.0294332967224604,93,93,1,,False,False,1.5563938999985112,0.0,0.0,0.000327199995808769
C_hard_maze,4,4,17444136,17444153,192,693,scalar_onlstm,global_obstacle_list_summaries_sectors_plus_rays_goal,no_reopen_astar,384,True,True,25,2.3254583363463093,2.1171572002101184,1.098387184530047,104,104,1,,False,False,1.637018099994748,0.0,0.0,0.0004028999974252656
C_hard_maze,4,4,17444136,17444153,192,693,current_local_backup_alpha_1_50,current_goal_geometry_bounded_rays_one_hop_actions_plus_radius_bounded_local_subgraph_and_frozen_exit_values,no_reopen_astar,384,True,True,22,2.117157200210119,2.1171572002101184,1.0000000000000002,47,47,1,,False,False,5.913934899996093,0.001927500001329463,0.010429200003272854,0.00017980000120587647
C_hard_maze,4,4,17444136,17444153,192,693,current_bounded_focal_alpha_0_50,current_goal_geometry_bounded_rays_one_hop_actions,reopening_fhat_focal,384,True,True,22,2.117157200210119,2.1171572002101184,1.0000000000000002,151,151,1,2.108362340181559,False,False,5.913934899996093,0.0006550000034621917,0.0,0.0016308999984175898
C_hard_maze,5,5,17452056,17452073,192,687,euclid,current_goal_geometry_only,no_reopen_astar,384,True,True,21,1.9618326345459016,1.9618326345459016,1.0,134,134,1,,False,False,6.679999933112413e-05,0.0,0.0,0.0005920999974478036
C_hard_maze,5,5,17452056,17452073,192,687,field_hrm,complete_64x64_occupancy_goal_raster,no_reopen_astar,384,True,True,22,2.051746622516999,1.9618326345459016,1.0458316302766109,79,79,1,,False,False,0.3278176000021631,0.0,0.0,0.0002689000029931776
C_hard_maze,5,5,17452056,17452073,192,687,field_onlstm,complete_64x64_occupancy_goal_raster,no_reopen_astar,384,True,True,21,2.0483444099130232,1.9618326345459016,1.044097429028214,85,85,1,,False,False,0.3889513999965857,0.0,0.0,0.0003270999950473197
C_hard_maze,5,5,17452056,17452073,192,687,field_unet,complete_64x64_occupancy_goal_raster,no_reopen_astar,384,True,True,22,2.041173850577797,1.9618326345459016,1.0404423979063129,97,97,1,,False,False,0.3076264000046649,0.0,0.0,0.0003388999975868501
C_hard_maze,5,5,17452056,17452073,192,687,oracle,exact_full_graph_cost_to_go_evaluation_only,no_reopen_astar,384,True,True,21,1.9618326345459016,1.9618326345459016,1.0,22,22,1,,False,False,0.0003406999967410229,0.0,0.0,0.00010179999662796035
C_hard_maze,5,5,17452056,17452073,192,687,scalar_hrm,global_obstacle_list_summaries_sectors_plus_rays_goal,no_reopen_astar,384,True,True,20,2.0533246351000494,1.9618326345459016,1.0466359866499646,84,84,1,,False,False,1.3525391000002855,0.0,0.0,0.0003513999981805682
C_hard_maze,5,5,17452056,17452073,192,687,scalar_onlstm,global_obstacle_list_summaries_sectors_plus_rays_goal,no_reopen_astar,384,True,True,23,2.1493671076718717,1.9618326345459016,1.0955914739227375,79,79,1,,False,False,1.2921601999987615,0.0,0.0,0.00031599999783793464
C_hard_maze,5,5,17452056,17452073,192,687,current_local_backup_alpha_1_50,current_goal_geometry_bounded_rays_one_hop_actions_plus_radius_bounded_local_subgraph_and_frozen_exit_values,no_reopen_astar,384,True,True,20,2.00376209917316,1.9618326345459016,1.021372600235577,34,34,1,,False,False,4.803727700003947,0.0007008999964455143,0.010502100005396642,0.00016399999731220305
C_hard_maze,5,5,17452056,17452073,192,687,current_bounded_focal_alpha_0_50,current_goal_geometry_bounded_rays_one_hop_actions,reopening_fhat_focal,384,True,True,21,1.9618326345459016,1.9618326345459016,1.0,133,131,2,1.7852841356336333,False,False,4.803727700003947,0.0007532000017818063,0.0,0.0014025999989826232
C_hard_maze,6,6,17483736,17483753,192,694,euclid,current_goal_geometry_only,no_reopen_astar,384,True,True,25,2.489161850667161,2.4891618506671622,0.9999999999999994,161,161,1,,False,False,8.769999840296805e-05,0.0,0.0,0.0005347999976947904
C_hard_maze,6,6,17483736,17483753,192,694,field_hrm,complete_64x64_occupancy_goal_raster,no_reopen_astar,384,True,True,24,2.529047059722185,2.4891618506671622,1.0160235498725534,158,158,1,,False,False,0.34930989999702433,0.0,0.0,0.0005206999994697981
C_hard_maze,6,6,17483736,17483753,192,694,field_onlstm,complete_64x64_occupancy_goal_raster,no_reopen_astar,384,True,True,25,2.5351032736411554,2.4891618506671622,1.018456583271867,136,136,1,,False,False,0.37593989999732,0.0,0.0,0.00046889999794075266
C_hard_maze,6,6,17483736,17483753,192,694,field_unet,complete_64x64_occupancy_goal_raster,no_reopen_astar,384,True,True,24,2.5087025453584317,2.4891618506671622,1.0078503110137382,156,156,1,,False,False,0.33044389999849955,0.0,0.0,0.0005505000008270144
C_hard_maze,6,6,17483736,17483753,192,694,oracle,exact_full_graph_cost_to_go_evaluation_only,no_reopen_astar,384,True,True,25,2.489161850667161,2.4891618506671622,0.9999999999999994,26,26,1,,False,False,0.00029399999766610563,0.0,0.0,0.00011729999823728576
C_hard_maze,6,6,17483736,17483753,192,694,scalar_hrm,global_obstacle_list_summaries_sectors_plus_rays_goal,no_reopen_astar,384,True,True,28,2.756747333027307,2.4891618506671622,1.1075002343814744,133,133,1,,False,False,1.4091980000011972,0.0,0.0,0.00045980000140843913
C_hard_maze,6,6,17483736,17483753,192,694,scalar_onlstm,global_obstacle_list_summaries_sectors_plus_rays_goal,no_reopen_astar,384,True,True,26,2.693560426992057,2.4891618506671622,1.0821154222133489,138,138,1,,False,False,1.4250487999961479,0.0,0.0,0.0005052000051364303
C_hard_maze,6,6,17483736,17483753,192,694,current_local_backup_alpha_1_50,current_goal_geometry_bounded_rays_one_hop_actions_plus_radius_bounded_local_subgraph_and_frozen_exit_values,no_reopen_astar,384,True,True,24,2.5498690970783096,2.4891618506671622,1.0243886296083464,88,88,1,,False,False,5.079345599995577,0.0006447999985539354,0.010566700002527796,0.00030870000045979396
C_hard_maze,6,6,17483736,17483753,192,694,current_bounded_focal_alpha_0_50,current_goal_geometry_bounded_rays_one_hop_actions,reopening_fhat_focal,384,True,True,25,2.489161850667161,2.4891618506671622,0.9999999999999994,159,158,2,2.4643518080113647,False,False,5.079345599995577,0.0004633999997167848,0.0,0.0009083999975700863
C_hard_maze,7,7,17547096,17547113,192,702,euclid,current_goal_geometry_only,no_reopen_astar,384,True,True,16,1.6938566780789714,1.6938566780789714,1.0,120,120,1,,False,False,4.940000508213416e-05,0.0,0.0,0.0003832000002148561
C_hard_maze,7,7,17547096,17547113,192,702,field_hrm,complete_64x64_occupancy_goal_raster,no_reopen_astar,384,True,True,16,1.6949835165503937,1.6938566780789714,1.0006652501867515,36,36,1,,False,False,0.27291699999477714,0.0,0.0,0.00018119999731425196
C_hard_maze,7,7,17547096,17547113,192,702,field_onlstm,complete_64x64_occupancy_goal_raster,no_reopen_astar,384,True,True,17,1.7426141687455536,1.6938566780789714,1.0287848973868785,51,51,1,,False,False,0.32052209999528714,0.0,0.0,0.00024839999969117343
C_hard_maze,7,7,17547096,17547113,192,702,field_unet,complete_64x64_occupancy_goal_raster,no_reopen_astar,384,True,True,17,1.743133593310867,1.6938566780789714,1.0290915494029762,39,39,1,,False,False,0.24909729999490082,0.0,0.0,0.0002103000006172806
C_hard_maze,7,7,17547096,17547113,192,702,oracle,exact_full_graph_cost_to_go_evaluation_only,no_reopen_astar,384,True,True,16,1.6938566780789714,1.6938566780789714,1.0,17,17,1,,False,False,0.00031909999961499125,0.0,0.0,8.130000060191378e-05
C_hard_maze,7,7,17547096,17547113,192,702,scalar_hrm,global_obstacle_list_summaries_sectors_plus_rays_goal,no_reopen_astar,384,True,True,16,1.6943761026442852,1.6938566780789714,1.000306652016098,39,39,1,,False,False,1.234877900002175,0.0,0.0,0.00019880000036209822
C_hard_maze,7,7,17547096,17547113,192,702,scalar_onlstm,global_obstacle_list_summaries_sectors_plus_rays_goal,no_reopen_astar,384,True,True,16,1.6949835165503937,1.6938566780789714,1.0006652501867515,39,39,1,,False,False,1.1813465999948676,0.0,0.0,0.00017250000382773578
C_hard_maze,7,7,17547096,17547113,192,702,current_local_backup_alpha_1_50,current_goal_geometry_bounded_rays_one_hop_actions_plus_radius_bounded_local_subgraph_and_frozen_exit_values,no_reopen_astar,384,True,True,17,1.834437985588794,1.6938566780789714,1.082994806661717,29,29,1,,False,False,4.17780700000003,0.0007219999970402569,0.011693300002662,0.0001429999974789098
C_hard_maze,7,7,17547096,17547113,192,702,current_bounded_focal_alpha_0_50,current_goal_geometry_bounded_rays_one_hop_actions,reopening_fhat_focal,384,True,True,16,1.6938566780789714,1.6938566780789714,1.0,110,109,2,1.5527529052208817,False,False,4.17780700000003,0.0006893999961903319,0.0,0.001251000001502689
C_hard_maze,8,8,17562936,17562953,192,693,euclid,current_goal_geometry_only,no_reopen_astar,384,True,True,24,2.303810228802552,2.303810228802552,1.0,151,151,1,,False,False,4.980000085197389e-05,0.0,0.0,0.0004746000049635768
C_hard_maze,8,8,17562936,17562953,192,693,field_hrm,complete_64x64_occupancy_goal_raster,no_reopen_astar,384,True,True,24,2.4092061697746594,2.303810228802552,1.0457485341693655,102,102,1,,False,False,0.4008546999975806,0.0,0.0,0.00037650000012945384
C_hard_maze,8,8,17562936,17562953,192,693,field_onlstm,complete_64x64_occupancy_goal_raster,no_reopen_astar,384,True,True,25,2.5097576459673685,2.303810228802552,1.0893942628563906,122,122,1,,False,False,0.46577110000362154,0.0,0.0,0.00046930000098655
C_hard_maze,8,8,17562936,17562953,192,693,field_unet,complete_64x64_occupancy_goal_raster,no_reopen_astar,384,True,True,24,2.345677597176378,2.303810228802552,1.0181730977015357,114,114,1,,False,False,0.42076819999783766,0.0,0.0,0.0004724000027636066
C_hard_maze,8,8,17562936,17562953,192,693,oracle,exact_full_graph_cost_to_go_evaluation_only,no_reopen_astar,384,True,True,24,2.303810228802552,2.303810228802552,1.0,25,25,1,,False,False,0.0004273000013199635,0.0,0.0,0.00013410000246949494
C_hard_maze,8,8,17562936,17562953,192,693,scalar_hrm,global_obstacle_list_summaries_sectors_plus_rays_goal,no_reopen_astar,384,True,True,25,2.4683901663909276,2.303810228802552,1.0714381486507762,75,75,1,,False,False,1.5578272999991896,0.0,0.0,0.0003116000007139519
C_hard_maze,8,8,17562936,17562953,192,693,scalar_onlstm,global_obstacle_list_summaries_sectors_plus_rays_goal,no_reopen_astar,384,True,True,23,2.3933694861530572,2.303810228802552,1.038874407375583,87,87,1,,False,False,1.566667699997197,0.0,0.0,0.000349600006302353
C_hard_maze,8,8,17562936,17562953,192,693,current_local_backup_alpha_1_50,current_goal_geometry_bounded_rays_one_hop_actions_plus_radius_bounded_local_subgraph_and_frozen_exit_values,no_reopen_astar,384,True,True,24,2.416226593752322,2.303810228802552,1.0487958441820968,46,46,1,,False,False,5.937542599996959,0.0006546000004163943,0.011287899993476458,0.00021550000383285806
C_hard_maze,8,8,17562936,17562953,192,693,current_bounded_focal_alpha_0_50,current_goal_geometry_bounded_rays_one_hop_actions,reopening_fhat_focal,384,True,True,23,2.306615003889585,2.303810228802552,1.0012174505746902,144,143,2,2.21243095450644,False,False,5.937542599996959,0.0005692000049748458,0.0,0.0014139000049908645
C_hard_maze,9,9,17626296,17626313,192,675,euclid,current_goal_geometry_only,no_reopen_astar,384,True,True,24,2.3043039132209158,2.3043039132209158,1.0,157,157,1,,False,False,5.539999983739108e-05,0.0,0.0,0.0005401999951573089
C_hard_maze,9,9,17626296,17626313,192,675,field_hrm,complete_64x64_occupancy_goal_raster,no_reopen_astar,384,True,True,24,2.3124325500033542,2.3043039132209158,1.003527588846159,138,138,1,,False,False,0.4424747999946703,0.0,0.0,0.0004515999971772544
C_hard_maze,9,9,17626296,17626313,192,675,field_onlstm,complete_64x64_occupancy_goal_raster,no_reopen_astar,384,True,True,25,2.450444113404642,2.3043039132209158,1.0634205407304345,145,145,1,,False,False,0.5121157999965362,0.0,0.0,0.00048270000115735456
C_hard_maze,9,9,17626296,17626313,192,675,field_unet,complete_64x64_occupancy_goal_raster,no_reopen_astar,384,True,True,24,2.3120732638228647,2.3043039132209158,1.0033716692305092,141,141,1,,False,False,0.4729804999951739,0.0,0.0,0.00045530000352300704
C_hard_maze,9,9,17626296,17626313,192,675,oracle,exact_full_graph_cost_to_go_evaluation_only,no_reopen_astar,384,True,True,24,2.3043039132209158,2.3043039132209158,1.0,25,25,1,,False,False,0.00028590000147232786,0.0,0.0,0.00010879999899771065
C_hard_maze,9,9,17626296,17626313,192,675,scalar_hrm,global_obstacle_list_summaries_sectors_plus_rays_goal,no_reopen_astar,384,True,True,25,2.317381718337704,2.3043039132209158,1.0056753820716766,128,128,1,,False,False,2.035850499996741,0.0,0.0,0.0003654999964055605
C_hard_maze,9,9,17626296,17626313,192,675,scalar_onlstm,global_obstacle_list_summaries_sectors_plus_rays_goal,no_reopen_astar,384,True,True,24,2.325085793678507,2.3043039132209158,1.0090187237622414,128,128,1,,False,False,1.9779160999969463,0.0,0.0,0.00047649999760324135
C_hard_maze,9,9,17626296,17626313,192,675,current_local_backup_alpha_1_50,current_goal_geometry_bounded_rays_one_hop_actions_plus_radius_bounded_local_subgraph_and_frozen_exit_values,no_reopen_astar,384,True,True,25,2.3808880066230254,2.3043039132209158,1.0332352399189662,93,93,1,,False,False,7.150808099999267,0.0006563999995705672,0.009521899999526795,0.00025409999943803996
C_hard_maze,9,9,17626296,17626313,192,675,current_bounded_focal_alpha_0_50,current_goal_geometry_bounded_rays_one_hop_actions,reopening_fhat_focal,384,True,True,24,2.3043039132209158,2.3043039132209158,1.0,150,150,1,2.2288568197727807,False,False,7.150808099999267,0.0005688999954145402,0.0,0.001339000002190005
C_hard_maze,10,10,17650056,17650073,192,679,euclid,current_goal_geometry_only,no_reopen_astar,384,True,True,19,1.8821315280762043,1.8821315280762039,1.0000000000000002,142,142,1,,False,False,4.4699998397845775e-05,0.0,0.0,0.0004186999940429814
C_hard_maze,10,10,17650056,17650073,192,679,field_hrm,complete_64x64_occupancy_goal_raster,no_reopen_astar,384,True,True,19,1.8863606514305151,1.8821315280762039,1.0022469860853105,48,48,1,,False,False,0.2973993000050541,0.0,0.0,0.0002443999983370304
C_hard_maze,10,10,17650056,17650073,192,679,field_onlstm,complete_64x64_occupancy_goal_raster,no_reopen_astar,384,True,True,19,1.8943160819767177,1.8821315280762039,1.0064738057456422,58,58,1,,False,False,0.38228040000103647,0.0,0.0,0.0002793000021483749
C_hard_maze,10,10,17650056,17650073,192,679,field_unet,complete_64x64_occupancy_goal_raster,no_reopen_astar,384,True,True,19,1.8821315280762043,1.8821315280762039,1.0000000000000002,68,68,1,,False,False,0.310914399997273,0.0,0.0,0.0002792000013869256
C_hard_maze,10,10,17650056,17650073,192,679,oracle,exact_full_graph_cost_to_go_evaluation_only,no_reopen_astar,384,True,True,19,1.8821315280762043,1.8821315280762039,1.0000000000000002,20,20,1,,False,False,0.0003062999967369251,0.0,0.0,8.629999501863495e-05
C_hard_maze,10,10,17650056,17650073,192,679,scalar_hrm,global_obstacle_list_summaries_sectors_plus_rays_goal,no_reopen_astar,384,True,True,19,1.9237768043255554,1.8821315280762039,1.0221266556710404,70,70,1,,False,False,1.3296910999997635,0.0,0.0,0.00028960000054212287
C_hard_maze,10,10,17650056,17650073,192,679,scalar_onlstm,global_obstacle_list_summaries_sectors_plus_rays_goal,no_reopen_astar,384,True,True,20,1.9977410215798874,1.8821315280762039,1.0614247685558151,54,54,1,,False,False,1.3188377000042237,0.0,0.0,0.00019179999799234793
C_hard_maze,10,10,17650056,17650073,192,679,current_local_backup_alpha_1_50,current_goal_geometry_bounded_rays_one_hop_actions_plus_radius_bounded_local_subgraph_and_frozen_exit_values,no_reopen_astar,384,True,True,19,1.9157047716828681,1.8821315280762039,1.0178378838597857,30,30,1,,False,False,4.776950999999826,0.0006766000005882233,0.009932799999660347,0.00015460000577149913
C_hard_maze,10,10,17650056,17650073,192,679,current_bounded_focal_alpha_0_50,current_goal_geometry_bounded_rays_one_hop_actions,reopening_fhat_focal,384,True,True,19,1.8821315280762043,1.8821315280762039,1.0000000000000002,139,138,2,1.806181138836619,False,False,4.776950999999826,0.0005361000003176741,0.0,0.0015151000043260865
C_hard_maze,11,11,17665896,17665913,192,722,euclid,current_goal_geometry_only,no_reopen_astar,384,True,True,24,2.015576831184954,2.015576831184954,1.0,124,124,1,,False,False,8.240000170189887e-05,0.0,0.0,0.0005018000010750256
C_hard_maze,11,11,17665896,17665913,192,722,field_hrm,complete_64x64_occupancy_goal_raster,no_reopen_astar,384,True,True,24,2.019569835731733,2.015576831184954,1.0019810728546783,74,74,1,,False,False,0.27407889999449253,0.0,0.0,0.000349300004018005
C_hard_maze,11,11,17665896,17665913,192,722,field_onlstm,complete_64x64_occupancy_goal_raster,no_reopen_astar,384,True,True,26,2.2324890310985106,2.015576831184954,1.1076179268175226,98,98,1,,False,False,0.33676350000314415,0.0,0.0,0.0003763999993680045
C_hard_maze,11,11,17665896,17665913,192,722,field_unet,complete_64x64_occupancy_goal_raster,no_reopen_astar,384,True,True,24,2.0289373237111965,2.015576831184954,1.0066286198171805,88,88,1,,False,False,0.2576619999963441,0.0,0.0,0.00042560000292724
C_hard_maze,11,11,17665896,17665913,192,722,oracle,exact_full_graph_cost_to_go_evaluation_only,no_reopen_astar,384,True,True,24,2.015576831184954,2.015576831184954,1.0,25,25,1,,False,False,0.00033229999826289713,0.0,0.0,0.000112900001113303
C_hard_maze,11,11,17665896,17665913,192,722,scalar_hrm,global_obstacle_list_summaries_sectors_plus_rays_goal,no_reopen_astar,384,True,True,25,2.160309485799236,2.015576831184954,1.0718070640498454,79,79,1,,False,False,1.1616827999969246,0.0,0.0,0.000302100001135841
C_hard_maze,11,11,17665896,17665913,192,722,scalar_onlstm,global_obstacle_list_summaries_sectors_plus_rays_goal,no_reopen_astar,384,True,True,23,2.0955119140704177,2.015576831184954,1.039658663291178,80,80,1,,False,False,1.1104258999985177,0.0,0.0,0.00032140000257641077
C_hard_maze,11,11,17665896,17665913,192,722,current_local_backup_alpha_1_50,current_goal_geometry_bounded_rays_one_hop_actions_plus_radius_bounded_local_subgraph_and_frozen_exit_values,no_reopen_astar,384,True,True,22,2.151394017921474,2.015576831184954,1.0673837804816764,59,59,1,,False,False,4.385630800003128,0.0008336999962921254,0.010295500003849156,0.00019109999993816018
C_hard_maze,11,11,17665896,17665913,192,722,current_bounded_focal_alpha_0_50,current_goal_geometry_bounded_rays_one_hop_actions,reopening_fhat_focal,384,True,True,24,2.015576831184954,2.015576831184954,1.0,117,117,1,1.8824630772154702,False,False,4.385630800003128,0.0007709000055911019,0.0,0.0009833000003709458
C_hard_maze,12,12,17705496,17705513,192,702,euclid,current_goal_geometry_only,no_reopen_astar,384,True,True,21,2.079329224254767,2.079329224254767,1.0,149,149,1,,False,False,4.9200003559235483e-05,0.0,0.0,0.00048520000564167276
C_hard_maze,12,12,17705496,17705513,192,702,field_hrm,complete_64x64_occupancy_goal_raster,no_reopen_astar,384,True,True,23,2.1536356045137923,2.079329224254767,1.0357357456396337,102,102,1,,False,False,0.35451820000162115,0.0,0.0,0.0004324000037740916
C_hard_maze,12,12,17705496,17705513,192,702,field_onlstm,complete_64x64_occupancy_goal_raster,no_reopen_astar,384,True,True,22,2.12413354659084,2.079329224254767,1.0215474883983948,84,84,1,,False,False,0.39970659999380587,0.0,0.0,0.0003386000025784597
C_hard_maze,12,12,17705496,17705513,192,702,field_unet,complete_64x64_occupancy_goal_raster,no_reopen_astar,384,True,True,23,2.2041785321593292,2.079329224254767,1.0600430689129126,114,114,1,,False,False,0.33028570000169566,0.0,0.0,0.00047030000132508576
C_hard_maze,12,12,17705496,17705513,192,702,oracle,exact_full_graph_cost_to_go_evaluation_only,no_reopen_astar,384,True,True,21,2.079329224254767,2.079329224254767,1.0,22,22,1,,False,False,0.0002308000039192848,0.0,0.0,0.00011929999891435727
C_hard_maze,12,12,17705496,17705513,192,702,scalar_hrm,global_obstacle_list_summaries_sectors_plus_rays_goal,no_reopen_astar,384,True,True,22,2.170677044290968,2.079329224254767,1.0439313885317705,55,55,1,,False,False,1.5518057000008412,0.0,0.0,0.0002975999959744513
C_hard_maze,12,12,17705496,17705513,192,702,scalar_onlstm,global_obstacle_list_summaries_sectors_plus_rays_goal,no_reopen_astar,384,True,True,23,2.1079131302197007,2.079329224254767,1.013746695632183,55,55,1,,False,False,1.5330188000007183,0.0,0.0,0.0002714000002015382
C_hard_maze,12,12,17705496,17705513,192,702,current_local_backup_alpha_1_50,current_goal_geometry_bounded_rays_one_hop_actions_plus_radius_bounded_local_subgraph_and_frozen_exit_values,no_reopen_astar,384,True,True,21,2.1325310436223575,2.079329224254767,1.025586048975317,41,41,1,,False,False,5.277524700002687,0.0007573999973828904,0.010414000003947876,0.00017169999773614109
C_hard_maze,12,12,17705496,17705513,192,702,current_bounded_focal_alpha_0_50,current_goal_geometry_bounded_rays_one_hop_actions,reopening_fhat_focal,384,True,True,21,2.079329224254767,2.079329224254767,1.0,142,142,1,1.891898365068182,False,False,5.277524700002687,0.0010661999986041337,0.0,0.0013641000041388907
C_hard_maze,13,13,17729256,17729273,192,679,euclid,current_goal_geometry_only,no_reopen_astar,384,True,True,21,2.028403053815224,2.028403053815224,1.0,143,143,1,,False,False,8.169999637175351e-05,0.0,0.0,0.0004588000010699034
C_hard_maze,13,13,17729256,17729273,192,679,field_hrm,complete_64x64_occupancy_goal_raster,no_reopen_astar,384,True,True,21,2.048053248083949,2.028403053815224,1.0096875195645978,78,78,1,,False,False,0.3539011999964714,0.0,0.0,0.0005850000015925616
C_hard_maze,13,13,17729256,17729273,192,679,field_onlstm,complete_64x64_occupancy_goal_raster,no_reopen_astar,384,True,True,22,2.199405747809265,2.028403053815224,1.0843041000517142,76,76,1,,False,False,0.38768680000066524,0.0,0.0,0.0003522000042721629
C_hard_maze,13,13,17729256,17729273,192,679,field_unet,complete_64x64_occupancy_goal_raster,no_reopen_astar,384,True,True,21,2.035152136073216,2.028403053815224,1.0033272885511082,87,87,1,,False,False,0.30786519999674056,0.0,0.0,0.0003623000011430122
C_hard_maze,13,13,17729256,17729273,192,679,oracle,exact_full_graph_cost_to_go_evaluation_only,no_reopen_astar,384,True,True,21,2.028403053815224,2.028403053815224,1.0,22,22,1,,False,False,0.00035819999902741984,0.0,0.0,0.00012129999959142879
C_hard_maze,13,13,17729256,17729273,192,679,scalar_hrm,global_obstacle_list_summaries_sectors_plus_rays_goal,no_reopen_astar,384,True,True,22,2.134073065759304,2.028403053815224,1.0520951749433258,64,64,1,,False,False,1.3665316999977222,0.0,0.0,0.00027319999935571104
C_hard_maze,13,13,17729256,17729273,192,679,scalar_onlstm,global_obstacle_list_summaries_sectors_plus_rays_goal,no_reopen_astar,384,True,True,21,2.126700585846859,2.028403053815224,1.0484605521800745,67,67,1,,False,False,1.3362059999999474,0.0,0.0,0.00028310000197961926
C_hard_maze,13,13,17729256,17729273,192,679,current_local_backup_alpha_1_50,current_goal_geometry_bounded_rays_one_hop_actions_plus_radius_bounded_local_subgraph_and_frozen_exit_values,no_reopen_astar,384,True,True,22,2.081728740512241,2.028403053815224,1.026289492414595,40,40,1,,False,False,4.691008100002364,0.0007085000033839606,0.010440799997013528,0.00018269999418407679
C_hard_maze,13,13,17729256,17729273,192,679,current_bounded_focal_alpha_0_50,current_goal_geometry_bounded_rays_one_hop_actions,reopening_fhat_focal,384,True,True,21,2.035152136073216,2.028403053815224,1.0033272885511082,131,131,1,1.8568405455715444,False,False,4.691008100002364,0.0006132999988039955,0.0,0.0013895000010961667
C_hard_maze,14,14,17745096,17745113,192,685,euclid,current_goal_geometry_only,no_reopen_astar,384,True,True,18,1.7437426818940616,1.7437426818940613,1.0000000000000002,136,136,1,,False,False,5.100000271340832e-05,0.0,0.0,0.00045849999878555536
C_hard_maze,14,14,17745096,17745113,192,685,field_hrm,complete_64x64_occupancy_goal_raster,no_reopen_astar,384,True,True,18,1.7529125878441318,1.7437426818940613,1.0052587494962903,67,67,1,,False,False,0.47161220000270987,0.0,0.0,0.00020640000002458692
C_hard_maze,14,14,17745096,17745113,192,685,field_onlstm,complete_64x64_occupancy_goal_raster,no_reopen_astar,384,True,True,19,1.9551812525512289,1.7437426818940613,1.121255603164741,59,59,1,,False,False,0.5031987999973353,0.0,0.0,0.0002423999976599589
C_hard_maze,14,14,17745096,17745113,192,685,field_unet,complete_64x64_occupancy_goal_raster,no_reopen_astar,384,True,True,18,1.8147506800130968,1.7437426818940613,1.0407216035119966,68,68,1,,False,False,0.43213200000172947,0.0,0.0,0.00030929999775253236
C_hard_maze,14,14,17745096,17745113,192,685,oracle,exact_full_graph_cost_to_go_evaluation_only,no_reopen_astar,384,True,True,18,1.7437426818940616,1.7437426818940613,1.0000000000000002,19,19,1,,False,False,0.00035660000139614567,0.0,0.0,9.00999948498793e-05
C_hard_maze,14,14,17745096,17745113,192,685,scalar_hrm,global_obstacle_list_summaries_sectors_plus_rays_goal,no_reopen_astar,384,True,True,19,1.9640698160970582,1.7437426818940613,1.1263530086696487,53,53,1,,False,False,1.847097500001837,0.0,0.0,0.00023050000163493678
C_hard_maze,14,14,17745096,17745113,192,685,scalar_onlstm,global_obstacle_list_summaries_sectors_plus_rays_goal,no_reopen_astar,384,True,True,19,1.7848962134261914,1.7437426818940613,1.0236006906061559,65,65,1,,False,False,1.8761014999981853,0.0,0.0,0.00022590000298805535
C_hard_maze,14,14,17745096,17745113,192,685,current_local_backup_alpha_1_50,current_goal_geometry_bounded_rays_one_hop_actions_plus_radius_bounded_local_subgraph_and_frozen_exit_values,no_reopen_astar,384,True,True,19,1.8250327827906205,1.7437426818940613,1.0466181746542222,22,22,1,,False,False,6.505898900002649,0.0010597000000416301,0.011470400000689551,0.00014680000458611175
C_hard_maze,14,14,17745096,17745113,192,685,current_bounded_focal_alpha_0_50,current_goal_geometry_bounded_rays_one_hop_actions,reopening_fhat_focal,384,True,True,18,1.7437426818940616,1.7437426818940613,1.0000000000000002,116,108,2,1.586582086874322,False,False,6.505898900002649,0.0007212000055005774,0.0,0.0012491000015870668
C_hard_maze,15,15,17753016,17753033,192,687,euclid,current_goal_geometry_only,no_reopen_astar,384,True,True,20,1.935782476977614,1.9357824769776137,1.0000000000000002,150,150,1,,False,False,7.18000010238029e-05,0.0,0.0,0.0005363000018405728
C_hard_maze,15,15,17753016,17753033,192,687,field_hrm,complete_64x64_occupancy_goal_raster,no_reopen_astar,384,True,True,21,2.030589528573226,1.9357824769776137,1.0489760873048282,72,72,1,,False,False,0.42050279999966733,0.0,0.0,0.0003682000024127774
C_hard_maze,15,15,17753016,17753033,192,687,field_onlstm,complete_64x64_occupancy_goal_raster,no_reopen_astar,384,True,True,20,1.9504844939902355,1.9357824769776137,1.0075948703883177,98,98,1,,False,False,0.4357880999959889,0.0,0.0,0.00041819999751169235
C_hard_maze,15,15,17753016,17753033,192,687,field_unet,complete_64x64_occupancy_goal_raster,no_reopen_astar,384,True,True,21,2.001675767772137,1.9357824769776137,1.0340396152864262,82,82,1,,False,False,0.3455288999975892,0.0,0.0,0.00033370000164723024
C_hard_maze,15,15,17753016,17753033,192,687,oracle,exact_full_graph_cost_to_go_evaluation_only,no_reopen_astar,384,True,True,20,1.935782476977614,1.9357824769776137,1.0000000000000002,21,21,1,,False,False,0.00028960000054212287,0.0,0.0,9.259999933419749e-05
C_hard_maze,15,15,17753016,17753033,192,687,scalar_hrm,global_obstacle_list_summaries_sectors_plus_rays_goal,no_reopen_astar,384,True,True,22,2.034904735876026,1.9357824769776137,1.0512052671605823,69,69,1,,False,False,1.559558900000411,0.0,0.0,0.0002896999940276146
C_hard_maze,15,15,17753016,17753033,192,687,scalar_onlstm,global_obstacle_list_summaries_sectors_plus_rays_goal,no_reopen_astar,384,True,True,21,2.0144347528561415,1.9357824769776137,1.0406307407025037,79,79,1,,False,False,1.6477298000027076,0.0,0.0,0.0003034000037587248
C_hard_maze,15,15,17753016,17753033,192,687,current_local_backup_alpha_1_50,current_goal_geometry_bounded_rays_one_hop_actions_plus_radius_bounded_local_subgraph_and_frozen_exit_values,no_reopen_astar,384,True,True,19,1.96335236710646,1.9357824769776137,1.0142422459427838,40,40,1,,False,False,5.545767299998261,0.0008782999939285219,0.009450199999264441,0.00010610000026645139
C_hard_maze,15,15,17753016,17753033,192,687,current_bounded_focal_alpha_0_50,current_goal_geometry_bounded_rays_one_hop_actions,reopening_fhat_focal,384,True,True,20,1.935782476977614,1.9357824769776137,1.0000000000000002,147,146,2,1.8360509966416023,False,False,5.545767299998261,0.0004852999991271645,0.0,0.0010764999969978817
C_hard_maze,16,16,17776776,17776793,192,711,euclid,current_goal_geometry_only,no_reopen_astar,384,True,True,21,2.201943901248252,2.2019439012482525,0.9999999999999998,160,160,1,,False,False,8.900000102585182e-05,0.0,0.0,0.0005176999984541908
C_hard_maze,16,16,17776776,17776793,192,711,field_hrm,complete_64x64_occupancy_goal_raster,no_reopen_astar,384,True,True,23,2.2909871794422525,2.2019439012482525,1.040438486259129,139,139,1,,False,False,0.2942347999996855,0.0,0.0,0.0005028000014135614
C_hard_maze,16,16,17776776,17776793,192,711,field_onlstm,complete_64x64_occupancy_goal_raster,no_reopen_astar,384,True,True,23,2.2948608319485704,2.2019439012482525,1.04219768298713,89,89,1,,False,False,0.3353678999992553,0.0,0.0,0.000342100000125356
C_hard_maze,16,16,17776776,17776793,192,711,field_unet,complete_64x64_occupancy_goal_raster,no_reopen_astar,384,True,True,21,2.209824076590142,2.2019439012482525,1.0035787357422787,128,128,1,,False,False,0.25499679999484215,0.0,0.0,0.00044890000572195277
C_hard_maze,16,16,17776776,17776793,192,711,oracle,exact_full_graph_cost_to_go_evaluation_only,no_reopen_astar,384,True,True,21,2.201943901248252,2.2019439012482525,0.9999999999999998,22,22,1,,False,False,0.0002854999984265305,0.0,0.0,9.979999595088884e-05
C_hard_maze,16,16,17776776,17776793,192,711,scalar_hrm,global_obstacle_list_summaries_sectors_plus_rays_goal,no_reopen_astar,384,True,True,22,2.2892906080858686,2.2019439012482525,1.0396679982574035,95,95,1,,False,False,1.135324999995646,0.0,0.0,0.0003715999991982244
C_hard_maze,16,16,17776776,17776793,192,711,scalar_onlstm,global_obstacle_list_summaries_sectors_plus_rays_goal,no_reopen_astar,384,True,True,23,2.317835945633262,2.2019439012482525,1.0526316970742589,105,105,1,,False,False,1.1013099999981932,0.0,0.0,0.00043420000292826444
C_hard_maze,16,16,17776776,17776793,192,711,current_local_backup_alpha_1_50,current_goal_geometry_bounded_rays_one_hop_actions_plus_radius_bounded_local_subgraph_and_frozen_exit_values,no_reopen_astar,384,True,True,22,2.203406834139265,2.2019439012482525,1.000664382453242,93,93,1,,False,False,4.30946799999947,0.0008256000000983477,0.011998599999060389,0.0002741999996942468
C_hard_maze,16,16,17776776,17776793,192,711,current_bounded_focal_alpha_0_50,current_goal_geometry_bounded_rays_one_hop_actions,reopening_fhat_focal,384,True,True,21,2.201943901248252,2.2019439012482525,0.9999999999999998,158,157,2,2.1047967423818728,False,False,4.30946799999947,0.0005508000031113625,0.0,0.001616200002899859
C_hard_maze,17,17,17784696,17784713,192,687,euclid,current_goal_geometry_only,no_reopen_astar,384,True,True,14,1.303140000075061,1.303140000075061,1.0,93,93,1,,False,False,7.970000297063962e-05,0.0,0.0,0.00037059999885968864
C_hard_maze,17,17,17784696,17784713,192,687,field_hrm,complete_64x64_occupancy_goal_raster,no_reopen_astar,384,True,True,14,1.3040729961976725,1.303140000075061,1.00071596000626,20,20,1,,False,False,0.31544639999629,0.0,0.0,0.00013079999916953966
C_hard_maze,17,17,17784696,17784713,192,687,field_onlstm,complete_64x64_occupancy_goal_raster,no_reopen_astar,384,True,True,14,1.3100660688526375,1.303140000075061,1.0053149076670025,41,41,1,,False,False,0.3679513000024599,0.0,0.0,0.0001931000006152317
C_hard_maze,17,17,17784696,17784713,192,687,field_unet,complete_64x64_occupancy_goal_raster,no_reopen_astar,384,True,True,14,1.335198823675265,1.303140000075061,1.0246012121478563,23,23,1,,False,False,0.28055679999670247,0.0,0.0,0.0001564999984111637
C_hard_maze,17,17,17784696,17784713,192,687,oracle,exact_full_graph_cost_to_go_evaluation_only,no_reopen_astar,384,True,True,14,1.303140000075061,1.303140000075061,1.0,15,15,1,,False,False,0.0003921000025002286,0.0,0.0,7.270000060088933e-05
C_hard_maze,17,17,17784696,17784713,192,687,scalar_hrm,global_obstacle_list_summaries_sectors_plus_rays_goal,no_reopen_astar,384,True,True,14,1.3735432003392223,1.303140000075061,1.0540258147705588,33,33,1,,False,False,1.2363096000044607,0.0,0.0,0.00015840000560274348
C_hard_maze,17,17,17784696,17784713,192,687,scalar_onlstm,global_obstacle_list_summaries_sectors_plus_rays_goal,no_reopen_astar,384,True,True,14,1.335198823675265,1.303140000075061,1.0246012121478563,26,26,1,,False,False,1.2042718000011519,0.0,0.0,0.00015869999333517626
C_hard_maze,17,17,17784696,17784713,192,687,current_local_backup_alpha_1_50,current_goal_geometry_bounded_rays_one_hop_actions_plus_radius_bounded_local_subgraph_and_frozen_exit_values,no_reopen_astar,384,True,True,14,1.3946229155707692,1.303140000075061,1.0702019088435921,17,17,1,,False,False,4.47441400000389,0.0009995999935199507,0.009241399995516986,0.00014290000399341807
C_hard_maze,17,17,17784696,17784713,192,687,current_bounded_focal_alpha_0_50,current_goal_geometry_bounded_rays_one_hop_actions,reopening_fhat_focal,384,True,True,14,1.303140000075061,1.303140000075061,1.0,79,79,1,1.2165001231731982,False,False,4.47441400000389,0.000593299999309238,0.0,0.0008919000028981827
C_hard_maze,18,18,17800536,17800553,192,684,euclid,current_goal_geometry_only,no_reopen_astar,384,True,True,15,1.5807697837175674,1.5807697837175672,1.0000000000000002,107,107,1,,False,False,7.129999721655622e-05,0.0,0.0,0.0003730999960680492
C_hard_maze,18,18,17800536,17800553,192,684,field_hrm,complete_64x64_occupancy_goal_raster,no_reopen_astar,384,True,True,15,1.582868740064809,1.5807697837175672,1.001327806470532,38,38,1,,False,False,0.4189715000029537,0.0,0.0,0.00019809999503195286
C_hard_maze,18,18,17800536,17800553,192,684,field_onlstm,complete_64x64_occupancy_goal_raster,no_reopen_astar,384,True,True,15,1.5807697837175674,1.5807697837175672,1.0000000000000002,59,59,1,,False,False,0.46178360000340035,0.0,0.0,0.00026110000180779025
C_hard_maze,18,18,17800536,17800553,192,684,field_unet,complete_64x64_occupancy_goal_raster,no_reopen_astar,384,True,True,15,1.5807697837175674,1.5807697837175672,1.0000000000000002,52,52,1,,False,False,0.390215100000205,0.0,0.0,0.00023829999554436654
C_hard_maze,18,18,17800536,17800553,192,684,oracle,exact_full_graph_cost_to_go_evaluation_only,no_reopen_astar,384,True,True,15,1.5807697837175674,1.5807697837175672,1.0000000000000002,16,16,1,,False,False,0.00031409999792231247,0.0,0.0,7.159999950090423e-05
C_hard_maze,18,18,17800536,17800553,192,684,scalar_hrm,global_obstacle_list_summaries_sectors_plus_rays_goal,no_reopen_astar,384,True,True,15,1.5866423652974389,1.5807697837175672,1.0037150138118536,27,27,1,,False,False,1.7987602000066545,0.0,0.0,0.00014689999807160348
C_hard_maze,18,18,17800536,17800553,192,684,scalar_onlstm,global_obstacle_list_summaries_sectors_plus_rays_goal,no_reopen_astar,384,True,True,15,1.582868740064809,1.5807697837175672,1.001327806470532,32,32,1,,False,False,1.6954120000009425,0.0,0.0,0.0001793000046745874
C_hard_maze,18,18,17800536,17800553,192,684,current_local_backup_alpha_1_50,current_goal_geometry_bounded_rays_one_hop_actions_plus_radius_bounded_local_subgraph_and_frozen_exit_values,no_reopen_astar,384,True,True,17,1.837546548675561,1.5807697837175672,1.1624377993575512,37,37,1,,False,False,5.731492099999741,0.000644200001261197,0.008275200001662597,0.00012450000212993473
C_hard_maze,18,18,17800536,17800553,192,684,current_bounded_focal_alpha_0_50,current_goal_geometry_bounded_rays_one_hop_actions,reopening_fhat_focal,384,True,True,15,1.5807697837175674,1.5807697837175672,1.0000000000000002,98,98,1,1.4418655660429232,False,False,5.731492099999741,0.0008390000002691522,0.0,0.0010675000012270175
C_hard_maze,19,19,17816376,17816393,192,693,euclid,current_goal_geometry_only,no_reopen_astar,384,True,True,17,1.8853999702494686,1.8853999702494684,1.0000000000000002,101,101,1,,False,False,4.389999958220869e-05,0.0,0.0,0.0003217999983462505
C_hard_maze,19,19,17816376,17816393,192,693,field_hrm,complete_64x64_occupancy_goal_raster,no_reopen_astar,384,True,True,18,1.9426071960031193,1.8853999702494684,1.0303422226882084,39,39,1,,False,False,0.35633450000023004,0.0,0.0,0.00026049999723909423
C_hard_maze,19,19,17816376,17816393,192,693,field_onlstm,complete_64x64_occupancy_goal_raster,no_reopen_astar,384,True,True,17,1.9497080073238047,1.8853999702494684,1.0341084322101837,63,63,1,,False,False,0.4289190000054077,0.0,0.0,0.00025209999876096845
C_hard_maze,19,19,17816376,17816393,192,693,field_unet,complete_64x64_occupancy_goal_raster,no_reopen_astar,384,True,True,17,1.8912798266477502,1.8853999702494684,1.0031186254858717,35,35,1,,False,False,0.3579893999994965,0.0,0.0,0.00018429999909130856
C_hard_maze,19,19,17816376,17816393,192,693,oracle,exact_full_graph_cost_to_go_evaluation_only,no_reopen_astar,384,True,True,17,1.8853999702494686,1.8853999702494684,1.0000000000000002,18,18,1,,False,False,0.00033119999716291204,0.0,0.0,8.27999974717386e-05
C_hard_maze,19,19,17816376,17816393,192,693,scalar_hrm,global_obstacle_list_summaries_sectors_plus_rays_goal,no_reopen_astar,384,True,True,17,1.8912798266477502,1.8853999702494684,1.0031186254858717,49,49,1,,False,False,1.5000825999959488,0.0,0.0,0.00022960000205785036
C_hard_maze,19,19,17816376,17816393,192,693,scalar_onlstm,global_obstacle_list_summaries_sectors_plus_rays_goal,no_reopen_astar,384,True,True,17,1.8912036622758543,1.8853999702494684,1.0030782285551951,46,46,1,,False,False,1.6087159999951837,0.0,0.0,0.0002699000033317134
C_hard_maze,19,19,17816376,17816393,192,693,current_local_backup_alpha_1_50,current_goal_geometry_bounded_rays_one_hop_actions_plus_radius_bounded_local_subgraph_and_frozen_exit_values,no_reopen_astar,384,True,True,17,1.8953364985465946,1.8853999702494684,1.0052702495247263,31,31,1,,False,False,5.428851199998462,0.000701400000252761,0.01006760000018403,0.00014519999967887998
C_hard_maze,19,19,17816376,17816393,192,693,current_bounded_focal_alpha_0_50,current_goal_geometry_bounded_rays_one_hop_actions,reopening_fhat_focal,384,True,True,17,1.8853999702494686,1.8853999702494684,1.0000000000000002,89,89,1,1.7321920921726757,False,False,5.428851199998462,0.0006676999983028509,0.0,0.0008118000041577034
C_hard_maze,20,20,17863896,17863913,192,625,euclid,current_goal_geometry_only,no_reopen_astar,384,True,True,20,2.0031507850500336,2.0031507850500336,1.0,128,128,1,,False,False,6.709999433951452e-05,0.0,0.0,0.000487299999804236
C_hard_maze,20,20,17863896,17863913,192,625,field_hrm,complete_64x64_occupancy_goal_raster,no_reopen_astar,384,True,True,21,2.1063728805343502,2.0031507850500336,1.051529867973338,73,73,1,,False,False,0.44314079999458045,0.0,0.0,0.00026819999766303226
C_hard_maze,20,20,17863896,17863913,192,625,field_onlstm,complete_64x64_occupancy_goal_raster,no_reopen_astar,384,True,True,21,2.122143648906898,2.0031507850500336,1.0594028491239575,68,68,1,,False,False,0.48918589999811957,0.0,0.0,0.0002699000033317134
C_hard_maze,20,20,17863896,17863913,192,625,field_unet,complete_64x64_occupancy_goal_raster,no_reopen_astar,384,True,True,21,2.087743812648092,2.0031507850500336,1.0422299849963343,80,80,1,,False,False,0.38976569999795174,0.0,0.0,0.0002956000025733374
C_hard_maze,20,20,17863896,17863913,192,625,oracle,exact_full_graph_cost_to_go_evaluation_only,no_reopen_astar,384,True,True,20,2.0031507850500336,2.0031507850500336,1.0,21,21,1,,False,False,0.00030110000079730526,0.0,0.0,8.540000271750614e-05
C_hard_maze,20,20,17863896,17863913,192,625,scalar_hrm,global_obstacle_list_summaries_sectors_plus_rays_goal,no_reopen_astar,384,True,True,22,2.1701820128722162,2.0031507850500336,1.0833842509853848,60,60,1,,False,False,1.8881574000042747,0.0,0.0,0.0002582000015536323
C_hard_maze,20,20,17863896,17863913,192,625,scalar_onlstm,global_obstacle_list_summaries_sectors_plus_rays_goal,no_reopen_astar,384,True,True,20,2.1139145440492344,2.0031507850500336,1.0552947685345784,65,65,1,,False,False,1.8147745999958715,0.0,0.0,0.00024700000358279794
C_hard_maze,20,20,17863896,17863913,192,625,current_local_backup_alpha_1_50,current_goal_geometry_bounded_rays_one_hop_actions_plus_radius_bounded_local_subgraph_and_frozen_exit_values,no_reopen_astar,384,True,True,21,2.063130067642685,2.0031507850500336,1.0299424701526665,33,33,1,,False,False,6.452450900003896,0.0011292999988654628,0.007440900000801776,0.00012820000119972974
C_hard_maze,20,20,17863896,17863913,192,625,current_bounded_focal_alpha_0_50,current_goal_geometry_bounded_rays_one_hop_actions,reopening_fhat_focal,384,True,True,20,2.0031507850500336,2.0031507850500336,1.0,116,115,2,1.8322409371613482,False,False,6.452450900003896,0.0005218999940552749,0.0,0.0007507999980589375
C_hard_maze,21,21,17879736,17879753,192,695,euclid,current_goal_geometry_only,no_reopen_astar,384,True,True,19,1.7319182589562154,1.7319182589562154,1.0,129,129,1,,False,False,4.569999873638153e-05,0.0,0.0,0.00039459999970858917
C_hard_maze,21,21,17879736,17879753,192,695,field_hrm,complete_64x64_occupancy_goal_raster,no_reopen_astar,384,True,True,19,1.738906882317077,1.7319182589562154,1.0040351923797335,72,72,1,,False,False,0.3708589999951073,0.0,0.0,0.0002889000024879351
C_hard_maze,21,21,17879736,17879753,192,695,field_onlstm,complete_64x64_occupancy_goal_raster,no_reopen_astar,384,True,True,19,1.7460287331857305,1.7319182589562154,1.0081473095837785,62,62,1,,False,False,0.4210337000040454,0.0,0.0,0.00026419999630888924
C_hard_maze,21,21,17879736,17879753,192,695,field_unet,complete_64x64_occupancy_goal_raster,no_reopen_astar,384,True,True,19,1.742676778842529,1.7319182589562154,1.0062119097311195,68,68,1,,False,False,0.34839410000131465,0.0,0.0,0.00028219999512657523
C_hard_maze,21,21,17879736,17879753,192,695,oracle,exact_full_graph_cost_to_go_evaluation_only,no_reopen_astar,384,True,True,19,1.7319182589562154,1.7319182589562154,1.0,20,20,1,,False,False,0.0003079000016441569,0.0,0.0,8.740000339457765e-05
C_hard_maze,21,21,17879736,17879753,192,695,scalar_hrm,global_obstacle_list_summaries_sectors_plus_rays_goal,no_reopen_astar,384,True,True,19,1.7336259562658316,1.7319182589562154,1.0009860149581455,65,65,1,,False,False,1.6124176000012085,0.0,0.0,0.000389000000723172
C_hard_maze,21,21,17879736,17879753,192,695,scalar_onlstm,global_obstacle_list_summaries_sectors_plus_rays_goal,no_reopen_astar,384,True,True,19,1.742676778842529,1.7319182589562154,1.0062119097311195,55,55,1,,False,False,1.5247205000050599,0.0,0.0,0.00033859999530250207
C_hard_maze,21,21,17879736,17879753,192,695,current_local_backup_alpha_1_50,current_goal_geometry_bounded_rays_one_hop_actions_plus_radius_bounded_local_subgraph_and_frozen_exit_values,no_reopen_astar,384,True,True,19,1.7336259562658316,1.7319182589562154,1.0009860149581455,29,29,1,,False,False,5.337674200003676,0.0011969999977736734,0.010319300003175158,0.00015949999942677096
C_hard_maze,21,21,17879736,17879753,192,695,current_bounded_focal_alpha_0_50,current_goal_geometry_bounded_rays_one_hop_actions,reopening_fhat_focal,384,True,True,19,1.7319182589562154,1.7319182589562154,1.0,128,128,1,1.6485631525223738,False,False,5.337674200003676,0.0006076999998185784,0.0,0.0013226000010035932
C_hard_maze,22,22,17887656,17887673,192,683,euclid,current_goal_geometry_only,no_reopen_astar,384,True,True,20,1.9605254648175388,1.9605254648175385,1.0000000000000002,119,119,1,,False,False,8.189999789465219e-05,0.0,0.0,0.0004528999998001382
C_hard_maze,22,22,17887656,17887673,192,683,field_hrm,complete_64x64_occupancy_goal_raster,no_reopen_astar,384,True,True,19,1.9651497606459234,1.9605254648175385,1.0023587022517024,55,55,1,,False,False,0.2992436999993515,0.0,0.0,0.00020909999875584617
C_hard_maze,22,22,17887656,17887673,192,683,field_onlstm,complete_64x64_occupancy_goal_raster,no_reopen_astar,384,True,True,20,1.965659405681007,1.9605254648175385,1.0026186555367933,75,75,1,,False,False,0.35197840000182623,0.0,0.0,0.0002812999955494888
C_hard_maze,22,22,17887656,17887673,192,683,field_unet,complete_64x64_occupancy_goal_raster,no_reopen_astar,384,True,True,20,1.9818261144581193,1.9605254648175385,1.0108647656063794,76,76,1,,False,False,0.26958559999911813,0.0,0.0,0.00027510000654729083
C_hard_maze,22,22,17887656,17887673,192,683,oracle,exact_full_graph_cost_to_go_evaluation_only,no_reopen_astar,384,True,True,20,1.9605254648175388,1.9605254648175385,1.0000000000000002,21,21,1,,False,False,0.00031830000079935417,0.0,0.0,8.199999865610152e-05
C_hard_maze,22,22,17887656,17887673,192,683,scalar_hrm,global_obstacle_list_summaries_sectors_plus_rays_goal,no_reopen_astar,384,True,True,21,2.079286842903424,1.9605254648175385,1.0605762996794017,62,62,1,,False,False,1.222713900002418,0.0,0.0,0.0002581999942776747
C_hard_maze,22,22,17887656,17887673,192,683,scalar_onlstm,global_obstacle_list_summaries_sectors_plus_rays_goal,no_reopen_astar,384,True,True,21,2.038937252170628,1.9605254648175385,1.0399952914462078,70,70,1,,False,False,1.173362100002123,0.0,0.0,0.0004613999990397133
C_hard_maze,22,22,17887656,17887673,192,683,current_local_backup_alpha_1_50,current_goal_geometry_bounded_rays_one_hop_actions_plus_radius_bounded_local_subgraph_and_frozen_exit_values,no_reopen_astar,384,True,True,19,2.0247694187120384,1.9605254648175385,1.0327687423843173,37,37,1,,False,False,4.271873099998629,0.0010410000031697564,0.009475300001213327,0.00014910000027157366
C_hard_maze,22,22,17887656,17887673,192,683,current_bounded_focal_alpha_0_50,current_goal_geometry_bounded_rays_one_hop_actions,reopening_fhat_focal,384,True,True,20,1.9605254648175388,1.9605254648175385,1.0000000000000002,113,111,2,1.8094419236193326,False,False,4.271873099998629,0.0008021000030566938,0.0,0.0013631999972858466
C_hard_maze,23,23,17935176,17935193,192,700,euclid,current_goal_geometry_only,no_reopen_astar,384,True,True,22,1.9616556074427076,1.961655607442708,0.9999999999999998,158,158,1,,False,False,8.840000373311341e-05,0.0,0.0,0.0005299000040395185
C_hard_maze,23,23,17935176,17935193,192,700,field_hrm,complete_64x64_occupancy_goal_raster,no_reopen_astar,384,True,True,22,1.9618332744380558,1.961655607442708,1.0000905699219953,104,104,1,,False,False,0.3489419999968959,0.0,0.0,0.0002899999963119626
C_hard_maze,23,23,17935176,17935193,192,700,field_onlstm,complete_64x64_occupancy_goal_raster,no_reopen_astar,384,True,True,22,2.081852838620798,1.961655607442708,1.061273360482875,102,102,1,,False,False,0.3994719000038458,0.0,0.0,0.000552800003788434
C_hard_maze,23,23,17935176,17935193,192,700,field_unet,complete_64x64_occupancy_goal_raster,no_reopen_astar,384,True,True,22,1.9618332744380558,1.961655607442708,1.0000905699219953,100,100,1,,False,False,0.3201716000039596,0.0,0.0,0.0004239999980200082
C_hard_maze,23,23,17935176,17935193,192,700,oracle,exact_full_graph_cost_to_go_evaluation_only,no_reopen_astar,384,True,True,22,1.9616556074427076,1.961655607442708,0.9999999999999998,23,23,1,,False,False,0.00031519999902229756,0.0,0.0,9.940000018104911e-05
C_hard_maze,23,23,17935176,17935193,192,700,scalar_hrm,global_obstacle_list_summaries_sectors_plus_rays_goal,no_reopen_astar,384,True,True,24,2.2202353337609795,1.961655607442708,1.1318170862088102,114,114,1,,False,False,1.361337200003618,0.0,0.0,0.0004149000014876947
C_hard_maze,23,23,17935176,17935193,192,700,scalar_onlstm,global_obstacle_list_summaries_sectors_plus_rays_goal,no_reopen_astar,384,True,True,22,2.04867573642913,1.961655607442708,1.0443605537364762,82,82,1,,False,False,1.328322900000785,0.0,0.0,0.00034559999767225236
C_hard_maze,23,23,17935176,17935193,192,700,current_local_backup_alpha_1_50,current_goal_geometry_bounded_rays_one_hop_actions_plus_radius_bounded_local_subgraph_and_frozen_exit_values,no_reopen_astar,384,True,True,22,1.9751273487389613,1.961655607442708,1.0068675364040152,49,49,1,,False,False,4.743550300001516,0.0007889999978942797,0.011521200001880061,0.00023920000239741057
C_hard_maze,23,23,17935176,17935193,192,700,current_bounded_focal_alpha_0_50,current_goal_geometry_bounded_rays_one_hop_actions,reopening_fhat_focal,384,True,True,22,1.9618332744380558,1.961655607442708,1.0000905699219953,155,155,1,1.8246588215546853,False,False,4.743550300001516,0.000712799999746494,0.0,0.0017646999986027367
C_hard_maze_dense,0,24,18349099,18349116,192,685,euclid,current_goal_geometry_only,no_reopen_astar,384,True,True,29,2.510338440879347,2.510338440879347,1.0,146,146,1,,False,False,6.260000373004004e-05,0.0,0.0,0.0004914000019198284
C_hard_maze_dense,0,24,18349099,18349116,192,685,field_hrm,complete_64x64_occupancy_goal_raster,no_reopen_astar,384,True,True,28,2.523032944603531,2.510338440879347,1.0050568893490461,114,114,1,,False,False,0.4624872000058531,0.0,0.0,0.00039760000072419643
C_hard_maze_dense,0,24,18349099,18349116,192,685,field_onlstm,complete_64x64_occupancy_goal_raster,no_reopen_astar,384,True,True,29,2.5950821092064333,2.510338440879347,1.0337578658507103,116,116,1,,False,False,0.5056594999987283,0.0,0.0,0.000476399996841792
C_hard_maze_dense,0,24,18349099,18349116,192,685,field_unet,complete_64x64_occupancy_goal_raster,no_reopen_astar,384,True,True,29,2.5774494042559795,2.510338440879347,1.0267338308985636,113,113,1,,False,False,0.45725769999990007,0.0,0.0,0.0003978000022470951
C_hard_maze_dense,0,24,18349099,18349116,192,685,oracle,exact_full_graph_cost_to_go_evaluation_only,no_reopen_astar,384,True,True,29,2.510338440879347,2.510338440879347,1.0,30,30,1,,False,False,0.00029129999893484637,0.0,0.0,0.00012060000153724104
C_hard_maze_dense,0,24,18349099,18349116,192,685,scalar_hrm,global_obstacle_list_summaries_sectors_plus_rays_goal,no_reopen_astar,384,True,True,31,2.6469510367061537,2.510338440879347,1.0544199911861096,111,111,1,,False,False,1.75793479999993,0.0,0.0,0.00039450000622309744
C_hard_maze_dense,0,24,18349099,18349116,192,685,scalar_onlstm,global_obstacle_list_summaries_sectors_plus_rays_goal,no_reopen_astar,384,True,True,28,2.5377547558384244,2.510338440879347,1.0109213620413164,94,94,1,,False,False,1.928906499997538,0.0,0.0,0.0003634000022429973
C_hard_maze_dense,0,24,18349099,18349116,192,685,current_local_backup_alpha_1_50,current_goal_geometry_bounded_rays_one_hop_actions_plus_radius_bounded_local_subgraph_and_frozen_exit_values,no_reopen_astar,384,True,True,29,2.5660337518551484,2.510338440879347,1.0221863753782505,89,89,1,,False,False,6.552023099997314,0.00106969999615103,0.010463600003276952,0.00028590000147232786
C_hard_maze_dense,0,24,18349099,18349116,192,685,current_bounded_focal_alpha_0_50,current_goal_geometry_bounded_rays_one_hop_actions,reopening_fhat_focal,384,True,True,29,2.510338440879347,2.510338440879347,1.0,149,142,2,2.283212369953076,False,False,6.552023099997314,0.0005250000031082891,0.0,0.0009667999984230846
C_hard_maze_dense,1,25,18380779,18380796,192,640,euclid,current_goal_geometry_only,no_reopen_astar,384,True,True,32,3.079926668907349,3.0799266689073486,1.0000000000000002,152,152,1,,False,False,6.510000093840063e-05,0.0,0.0,0.0005187999995541759
C_hard_maze_dense,1,25,18380779,18380796,192,640,field_hrm,complete_64x64_occupancy_goal_raster,no_reopen_astar,384,True,True,33,3.224310708471428,3.0799266689073486,1.0468790510571806,130,130,1,,False,False,0.5209394999983488,0.0,0.0,0.0004766000056406483
C_hard_maze_dense,1,25,18380779,18380796,192,640,field_onlstm,complete_64x64_occupancy_goal_raster,no_reopen_astar,384,True,True,32,3.190923052579673,3.0799266689073486,1.0360386449433556,136,136,1,,False,False,0.561873700004071,0.0,0.0,0.0005201999956625514
C_hard_maze_dense,1,25,18380779,18380796,192,640,field_unet,complete_64x64_occupancy_goal_raster,no_reopen_astar,384,True,True,33,3.1194676475600476,3.0799266689073486,1.0128382857461755,141,141,1,,False,False,0.4838028000012855,0.0,0.0,0.000432699998782482
C_hard_maze_dense,1,25,18380779,18380796,192,640,oracle,exact_full_graph_cost_to_go_evaluation_only,no_reopen_astar,384,True,True,32,3.079926668907349,3.0799266689073486,1.0000000000000002,33,33,1,,False,False,0.0002641000028233975,0.0,0.0,0.00012179999612271786
C_hard_maze_dense,1,25,18380779,18380796,192,640,scalar_hrm,global_obstacle_list_summaries_sectors_plus_rays_goal,no_reopen_astar,384,True,True,32,3.0860799916682926,3.0799266689073486,1.0019978796323508,122,122,1,,False,False,2.209200699995563,0.0,0.0,0.0003149999974993989
C_hard_maze_dense,1,25,18380779,18380796,192,640,scalar_onlstm,global_obstacle_list_summaries_sectors_plus_rays_goal,no_reopen_astar,384,True,True,31,3.1430830401342815,3.0799266689073486,1.0205058035519199,144,144,1,,False,False,2.066737799999828,0.0,0.0,0.0004430999979376793
C_hard_maze_dense,1,25,18380779,18380796,192,640,current_local_backup_alpha_1_50,current_goal_geometry_bounded_rays_one_hop_actions_plus_radius_bounded_local_subgraph_and_frozen_exit_values,no_reopen_astar,384,True,True,32,3.193831692866674,3.0799266689073486,1.0369830311576007,120,120,1,,False,False,6.838488200002757,0.0007745999973849393,0.00919380000414094,0.00028279999969527125
C_hard_maze_dense,1,25,18380779,18380796,192,640,current_bounded_focal_alpha_0_50,current_goal_geometry_bounded_rays_one_hop_actions,reopening_fhat_focal,384,True,True,32,3.079926668907349,3.0799266689073486,1.0000000000000002,148,148,1,2.9470162344467066,False,False,6.838488200002757,0.0005095000014989637,0.0,0.0010478999975020997
C_hard_maze_dense,2,26,18396619,18396636,192,588,euclid,current_goal_geometry_only,no_reopen_astar,384,True,True,24,2.3899108212575824,2.389910821257583,0.9999999999999998,126,126,1,,False,False,4.4200001866556704e-05,0.0,0.0,0.00036189999809721485
C_hard_maze_dense,2,26,18396619,18396636,192,588,field_hrm,complete_64x64_occupancy_goal_raster,no_reopen_astar,384,True,True,24,2.4096053378898223,2.389910821257583,1.008240691015356,90,90,1,,False,False,0.5937581999969552,0.0,0.0,0.00030420000257436186
C_hard_maze_dense,2,26,18396619,18396636,192,588,field_onlstm,complete_64x64_occupancy_goal_raster,no_reopen_astar,384,True,True,24,2.3982580688020865,2.389910821257583,1.0034927025185447,84,84,1,,False,False,0.6319240999946487,0.0,0.0,0.0002960999991046265
C_hard_maze_dense,2,26,18396619,18396636,192,588,field_unet,complete_64x64_occupancy_goal_raster,no_reopen_astar,384,True,True,24,2.3899108212575824,2.389910821257583,0.9999999999999998,99,99,1,,False,False,0.5656527000028291,0.0,0.0,0.00033909999910974875
C_hard_maze_dense,2,26,18396619,18396636,192,588,oracle,exact_full_graph_cost_to_go_evaluation_only,no_reopen_astar,384,True,True,24,2.3899108212575824,2.389910821257583,0.9999999999999998,25,25,1,,False,False,0.0002792000013869256,0.0,0.0,0.0001123000038205646
C_hard_maze_dense,2,26,18396619,18396636,192,588,scalar_hrm,global_obstacle_list_summaries_sectors_plus_rays_goal,no_reopen_astar,384,True,True,24,2.4062421508420786,2.389910821257583,1.0068334472731089,83,83,1,,False,False,2.5204296999945655,0.0,0.0,0.0003049000006285496
C_hard_maze_dense,2,26,18396619,18396636,192,588,scalar_onlstm,global_obstacle_list_summaries_sectors_plus_rays_goal,no_reopen_astar,384,True,True,24,2.3982580688020865,2.389910821257583,1.0034927025185447,84,84,1,,False,False,2.602234600002703,0.0,0.0,0.00032899999496294186
C_hard_maze_dense,2,26,18396619,18396636,192,588,current_local_backup_alpha_1_50,current_goal_geometry_bounded_rays_one_hop_actions_plus_radius_bounded_local_subgraph_and_frozen_exit_values,no_reopen_astar,384,True,True,25,2.4001722877440748,2.389910821257583,1.004293660832538,76,76,1,,False,False,8.157633599999826,0.0009687999991001561,0.009386700003233273,0.0002333999946131371
C_hard_maze_dense,2,26,18396619,18396636,192,588,current_bounded_focal_alpha_0_50,current_goal_geometry_bounded_rays_one_hop_actions,reopening_fhat_focal,384,True,True,24,2.3899108212575824,2.389910821257583,0.9999999999999998,118,118,1,2.1814982494269177,False,False,8.157633599999826,0.0005502999993041158,0.0,0.0007910000058473088
C_hard_maze_dense,3,27,18412459,18412476,192,636,euclid,current_goal_geometry_only,no_reopen_astar,384,True,True,23,2.0686888161261305,2.068688816126131,0.9999999999999998,149,149,1,,False,False,5.149999924469739e-05,0.0,0.0,0.0004535999978543259
C_hard_maze_dense,3,27,18412459,18412476,192,636,field_hrm,complete_64x64_occupancy_goal_raster,no_reopen_astar,384,True,True,23,2.0708692396446424,2.068688816126131,1.001054012329701,67,67,1,,False,False,0.5329312000030768,0.0,0.0,0.0002508000034140423
C_hard_maze_dense,3,27,18412459,18412476,192,636,field_onlstm,complete_64x64_occupancy_goal_raster,no_reopen_astar,384,True,True,23,2.087540813980225,2.068688816126131,1.009113017727527,58,58,1,,False,False,0.5695481000002474,0.0,0.0,0.0002299999978276901
C_hard_maze_dense,3,27,18412459,18412476,192,636,field_unet,complete_64x64_occupancy_goal_raster,no_reopen_astar,384,True,True,23,2.0686888161261305,2.068688816126131,0.9999999999999998,72,72,1,,False,False,0.49588020000373945,0.0,0.0,0.000294400000711903
C_hard_maze_dense,3,27,18412459,18412476,192,636,oracle,exact_full_graph_cost_to_go_evaluation_only,no_reopen_astar,384,True,True,23,2.0686888161261305,2.068688816126131,0.9999999999999998,24,24,1,,False,False,0.00033570000232430175,0.0,0.0,0.00013929999840911478
C_hard_maze_dense,3,27,18412459,18412476,192,636,scalar_hrm,global_obstacle_list_summaries_sectors_plus_rays_goal,no_reopen_astar,384,True,True,23,2.0876936043508643,2.068688816126131,1.0091868762844294,60,60,1,,False,False,2.190658200001053,0.0,0.0,0.0002784999960567802
C_hard_maze_dense,3,27,18412459,18412476,192,636,scalar_onlstm,global_obstacle_list_summaries_sectors_plus_rays_goal,no_reopen_astar,384,True,True,23,2.0902244616750485,2.068688816126131,1.0104102876087693,85,85,1,,False,False,2.2104715000023134,0.0,0.0,0.00029030000587226823
C_hard_maze_dense,3,27,18412459,18412476,192,636,current_local_backup_alpha_1_50,current_goal_geometry_bounded_rays_one_hop_actions_plus_radius_bounded_local_subgraph_and_frozen_exit_values,no_reopen_astar,384,True,True,23,2.0834985538628628,2.068688816126131,1.007158997342319,60,60,1,,False,False,6.990837499994086,0.0006461000011768192,0.008602200003224425,0.0001779000012902543
C_hard_maze_dense,3,27,18412459,18412476,192,636,current_bounded_focal_alpha_0_50,current_goal_geometry_bounded_rays_one_hop_actions,reopening_fhat_focal,384,True,True,23,2.0686888161261305,2.068688816126131,0.9999999999999998,141,141,1,1.9314885338207748,False,False,6.990837499994086,0.0006518000009236857,0.0,0.0014096000013523735
C_hard_maze_dense,4,28,18483739,18483756,192,634,euclid,current_goal_geometry_only,no_reopen_astar,384,True,True,27,2.501307314306378,2.501307314306378,1.0,149,149,1,,False,False,7.310000364668667e-05,0.0,0.0,0.0004576999999699183
C_hard_maze_dense,4,28,18483739,18483756,192,634,field_hrm,complete_64x64_occupancy_goal_raster,no_reopen_astar,384,True,True,27,2.6515052273830593,2.501307314306378,1.060047764709924,116,116,1,,False,False,0.5789919000017107,0.0,0.0,0.00037790000351378694
C_hard_maze_dense,4,28,18483739,18483756,192,634,field_onlstm,complete_64x64_occupancy_goal_raster,no_reopen_astar,384,True,True,27,2.5554440991704617,2.501307314306378,1.0216433960571119,108,108,1,,False,False,0.6244690000021365,0.0,0.0,0.00024850000045262277
C_hard_maze_dense,4,28,18483739,18483756,192,634,field_unet,complete_64x64_occupancy_goal_raster,no_reopen_astar,384,True,True,27,2.5905403443666994,2.501307314306378,1.035674556880695,120,120,1,,False,False,0.5291135000006761,0.0,0.0,0.00036609999369829893
C_hard_maze_dense,4,28,18483739,18483756,192,634,oracle,exact_full_graph_cost_to_go_evaluation_only,no_reopen_astar,384,True,True,27,2.501307314306378,2.501307314306378,1.0,28,28,1,,False,False,0.0004023000001325272,0.0,0.0,0.00018279999494552612
C_hard_maze_dense,4,28,18483739,18483756,192,634,scalar_hrm,global_obstacle_list_summaries_sectors_plus_rays_goal,no_reopen_astar,384,True,True,29,2.606372702550292,2.501307314306378,1.0420041902260415,105,105,1,,False,False,2.289755099998729,0.0,0.0,0.00038749999657738954
C_hard_maze_dense,4,28,18483739,18483756,192,634,scalar_onlstm,global_obstacle_list_summaries_sectors_plus_rays_goal,no_reopen_astar,384,True,True,27,2.5760837641800034,2.501307314306378,1.0298949471126306,131,131,1,,False,False,2.2849162999991677,0.0,0.0,0.00038779999886173755
C_hard_maze_dense,4,28,18483739,18483756,192,634,current_local_backup_alpha_1_50,current_goal_geometry_bounded_rays_one_hop_actions_plus_radius_bounded_local_subgraph_and_frozen_exit_values,no_reopen_astar,384,True,True,28,2.5435912026004512,2.501307314306378,1.0169047154071105,121,121,1,,False,False,7.453890000004321,0.0006749000021954998,0.008121500002744142,0.00027680000494001433
C_hard_maze_dense,4,28,18483739,18483756,192,634,current_bounded_focal_alpha_0_50,current_goal_geometry_bounded_rays_one_hop_actions,reopening_fhat_focal,384,True,True,27,2.536541859523968,2.501307314306378,1.014086451918988,146,146,1,2.41600490834963,False,False,7.453890000004321,0.0005766999965999275,0.0,0.0012331000034464523
C_hard_maze_dense,5,29,18919339,18919356,192,645,euclid,current_goal_geometry_only,no_reopen_astar,384,True,True,24,2.473344530377899,2.473344530377898,1.0000000000000004,135,135,1,,False,False,5.539999983739108e-05,0.0,0.0,0.0004563999973470345
C_hard_maze_dense,5,29,18919339,18919356,192,645,field_hrm,complete_64x64_occupancy_goal_raster,no_reopen_astar,384,True,True,24,2.4864322574030933,2.473344530377898,1.0052915098824489,78,78,1,,False,False,0.5431733000004897,0.0,0.0,0.00022049999824957922
C_hard_maze_dense,5,29,18919339,18919356,192,645,field_onlstm,complete_64x64_occupancy_goal_raster,no_reopen_astar,384,True,True,24,2.5061796862659405,2.473344530377898,1.0132756093964093,93,93,1,,False,False,0.6852428000056534,0.0,0.0,0.00037709999742219225
C_hard_maze_dense,5,29,18919339,18919356,192,645,field_unet,complete_64x64_occupancy_goal_raster,no_reopen_astar,384,True,True,24,2.473344530377899,2.473344530377898,1.0000000000000004,82,82,1,,False,False,0.5676624000043375,0.0,0.0,0.00033370000164723024
C_hard_maze_dense,5,29,18919339,18919356,192,645,oracle,exact_full_graph_cost_to_go_evaluation_only,no_reopen_astar,384,True,True,24,2.473344530377899,2.473344530377898,1.0000000000000004,25,25,1,,False,False,0.0005421000023488887,0.0,0.0,0.00014250000094762072
C_hard_maze_dense,5,29,18919339,18919356,192,645,scalar_hrm,global_obstacle_list_summaries_sectors_plus_rays_goal,no_reopen_astar,384,True,True,25,2.5150780608113297,2.473344530377898,1.0168733186666297,74,74,1,,False,False,2.3992062999968766,0.0,0.0,0.0003108000018983148
C_hard_maze_dense,5,29,18919339,18919356,192,645,scalar_onlstm,global_obstacle_list_summaries_sectors_plus_rays_goal,no_reopen_astar,384,True,True,24,2.484465452483178,2.473344530377898,1.0044963093368884,118,118,1,,False,False,2.3829406999939238,0.0,0.0,0.0003935999993700534
C_hard_maze_dense,5,29,18919339,18919356,192,645,current_local_backup_alpha_1_50,current_goal_geometry_bounded_rays_one_hop_actions_plus_radius_bounded_local_subgraph_and_frozen_exit_values,no_reopen_astar,384,True,True,24,2.513794595809839,2.473344530377898,1.0163543998561984,81,81,1,,False,False,8.050474499999837,0.0010087999980896711,0.008246700002928264,0.00021130000095581636
C_hard_maze_dense,5,29,18919339,18919356,192,645,current_bounded_focal_alpha_0_50,current_goal_geometry_bounded_rays_one_hop_actions,reopening_fhat_focal,384,True,True,24,2.473344530377899,2.473344530377898,1.0000000000000004,131,129,2,2.2715180598100035,False,False,8.050474499999837,0.0004972000024281442,0.0,0.0010561000017332844
C_hard_maze_dense,6,30,18951019,18951036,192,626,euclid,current_goal_geometry_only,no_reopen_astar,384,True,True,28,2.5990576732408854,2.599057673240886,0.9999999999999998,157,157,1,,False,False,5.329999839887023e-05,0.0,0.0,0.00046299999667098746
C_hard_maze_dense,6,30,18951019,18951036,192,626,field_hrm,complete_64x64_occupancy_goal_raster,no_reopen_astar,384,True,True,29,2.60717608548133,2.599057673240886,1.003123598342595,136,136,1,,False,False,0.4146446000013384,0.0,0.0,0.00039039999683154747
C_hard_maze_dense,6,30,18951019,18951036,192,626,field_onlstm,complete_64x64_occupancy_goal_raster,no_reopen_astar,384,True,True,29,2.6492997277969472,2.599057673240886,1.019330873290477,124,124,1,,False,False,0.4940220000062254,0.0,0.0,0.00038559999666176736
C_hard_maze_dense,6,30,18951019,18951036,192,626,field_unet,complete_64x64_occupancy_goal_raster,no_reopen_astar,384,True,True,28,2.5990576732408854,2.599057673240886,0.9999999999999998,124,124,1,,False,False,0.45917419999750564,0.0,0.0,0.00039969999488675967
C_hard_maze_dense,6,30,18951019,18951036,192,626,oracle,exact_full_graph_cost_to_go_evaluation_only,no_reopen_astar,384,True,True,28,2.5990576732408854,2.599057673240886,0.9999999999999998,29,29,1,,False,False,0.0002657000004546717,0.0,0.0,0.00011190000077476725
C_hard_maze_dense,6,30,18951019,18951036,192,626,scalar_hrm,global_obstacle_list_summaries_sectors_plus_rays_goal,no_reopen_astar,384,True,True,30,2.648409605579464,2.599057673240886,1.0189883944656906,123,123,1,,False,False,1.870727400004398,0.0,0.0,0.00042359999497421086
C_hard_maze_dense,6,30,18951019,18951036,192,626,scalar_onlstm,global_obstacle_list_summaries_sectors_plus_rays_goal,no_reopen_astar,384,True,True,29,2.60717608548133,2.599057673240886,1.003123598342595,136,136,1,,False,False,1.9811348000002909,0.0,0.0,0.000560200001928024
C_hard_maze_dense,6,30,18951019,18951036,192,626,current_local_backup_alpha_1_50,current_goal_geometry_bounded_rays_one_hop_actions_plus_radius_bounded_local_subgraph_and_frozen_exit_values,no_reopen_astar,384,True,True,30,2.82841362776759,2.599057673240886,1.0882458118910112,98,98,1,,False,False,6.262804800004233,0.0007158000007621013,0.008587600001192186,0.0002466000005370006
C_hard_maze_dense,6,30,18951019,18951036,192,626,current_bounded_focal_alpha_0_50,current_goal_geometry_bounded_rays_one_hop_actions,reopening_fhat_focal,384,True,True,28,2.5990576732408854,2.599057673240886,0.9999999999999998,150,150,1,2.415214465833089,False,False,6.262804800004233,0.0005560999998124316,0.0,0.0011647999999695458
C_hard_maze_dense,7,31,19529179,19529196,192,607,euclid,current_goal_geometry_only,no_reopen_astar,384,True,True,31,2.793994350367691,2.793994350367692,0.9999999999999997,147,147,1,,False,False,0.00010469999688211828,0.0,0.0,0.0004545999981928617
C_hard_maze_dense,7,31,19529179,19529196,192,607,field_hrm,complete_64x64_occupancy_goal_raster,no_reopen_astar,384,True,True,31,2.8021103266427123,2.793994350367692,1.0029047933736703,98,98,1,,False,False,0.6659223999959067,0.0,0.0,0.00032700000156182796
C_hard_maze_dense,7,31,19529179,19529196,192,607,field_onlstm,complete_64x64_occupancy_goal_raster,no_reopen_astar,384,True,True,31,2.793994350367691,2.793994350367692,0.9999999999999997,124,124,1,,False,False,0.7007239000013215,0.0,0.0,0.0004175999929429963
C_hard_maze_dense,7,31,19529179,19529196,192,607,field_unet,complete_64x64_occupancy_goal_raster,no_reopen_astar,384,True,True,30,2.80846659171948,2.793994350367692,1.0051797675789444,106,106,1,,False,False,0.6618259000024409,0.0,0.0,0.0003482000029180199
C_hard_maze_dense,7,31,19529179,19529196,192,607,oracle,exact_full_graph_cost_to_go_evaluation_only,no_reopen_astar,384,True,True,31,2.793994350367691,2.793994350367692,0.9999999999999997,32,32,1,,False,False,0.00030890000198269263,0.0,0.0,0.00013890000263927504
C_hard_maze_dense,7,31,19529179,19529196,192,607,scalar_hrm,global_obstacle_list_summaries_sectors_plus_rays_goal,no_reopen_astar,384,True,True,30,2.80846659171948,2.793994350367692,1.0051797675789444,98,98,1,,False,False,2.703312300000107,0.0,0.0,0.0004450000051292591
C_hard_maze_dense,7,31,19529179,19529196,192,607,scalar_onlstm,global_obstacle_list_summaries_sectors_plus_rays_goal,no_reopen_astar,384,True,True,31,2.7973785335443924,2.793994350367692,1.0012112347958955,124,124,1,,False,False,2.7287150000047404,0.0,0.0,0.0003947000004700385
C_hard_maze_dense,7,31,19529179,19529196,192,607,current_local_backup_alpha_1_50,current_goal_geometry_bounded_rays_one_hop_actions_plus_radius_bounded_local_subgraph_and_frozen_exit_values,no_reopen_astar,384,True,True,30,2.9456324842077692,2.793994350367692,1.0542728849183685,96,96,1,,False,False,9.284583000000566,0.0006415000025299378,0.009881899997708388,0.00028300000121816993
C_hard_maze_dense,7,31,19529179,19529196,192,607,current_bounded_focal_alpha_0_50,current_goal_geometry_bounded_rays_one_hop_actions,reopening_fhat_focal,384,True,True,31,2.793994350367691,2.793994350367692,0.9999999999999997,144,144,1,2.6391918973398107,False,False,9.284583000000566,0.0006804000004194677,0.0,0.0010836000001290813
C_hard_maze_dense,8,32,19640059,19640076,192,656,euclid,current_goal_geometry_only,no_reopen_astar,384,True,True,26,2.50839336435404,2.50839336435404,1.0,148,148,1,,False,False,7.190000178525224e-05,0.0,0.0,0.0005481999978655949
C_hard_maze_dense,8,32,19640059,19640076,192,656,field_hrm,complete_64x64_occupancy_goal_raster,no_reopen_astar,384,True,True,26,2.517154245607092,2.50839336435404,1.0034926265463584,108,108,1,,False,False,0.4761768999960623,0.0,0.0,0.0003479000006336719
C_hard_maze_dense,8,32,19640059,19640076,192,656,field_onlstm,complete_64x64_occupancy_goal_raster,no_reopen_astar,384,True,True,26,2.5140138482468943,2.50839336435404,1.0022406708504037,117,117,1,,False,False,0.4780726000026334,0.0,0.0,0.00029769999673590064
C_hard_maze_dense,8,32,19640059,19640076,192,656,field_unet,complete_64x64_occupancy_goal_raster,no_reopen_astar,384,True,True,27,2.588884295223345,2.50839336435404,1.0320886396899047,116,116,1,,False,False,0.4414459000036004,0.0,0.0,0.0003816999960690737
C_hard_maze_dense,8,32,19640059,19640076,192,656,oracle,exact_full_graph_cost_to_go_evaluation_only,no_reopen_astar,384,True,True,26,2.50839336435404,2.50839336435404,1.0,27,27,1,,False,False,0.0002734000008786097,0.0,0.0,0.00011289999383734539
C_hard_maze_dense,8,32,19640059,19640076,192,656,scalar_hrm,global_obstacle_list_summaries_sectors_plus_rays_goal,no_reopen_astar,384,True,True,26,2.50839336435404,2.50839336435404,1.0,92,92,1,,False,False,1.926037199998973,0.0,0.0,0.0002521999995224178
C_hard_maze_dense,8,32,19640059,19640076,192,656,scalar_onlstm,global_obstacle_list_summaries_sectors_plus_rays_goal,no_reopen_astar,384,True,True,26,2.525573276509068,2.50839336435404,1.0068489705000683,103,103,1,,False,False,2.0039256000018213,0.0,0.0,0.0003704999980982393
C_hard_maze_dense,8,32,19640059,19640076,192,656,current_local_backup_alpha_1_50,current_goal_geometry_bounded_rays_one_hop_actions_plus_radius_bounded_local_subgraph_and_frozen_exit_values,no_reopen_astar,384,True,True,27,2.5716689108133464,2.50839336435404,1.025225527765499,87,87,1,,False,False,6.926948200001789,0.0011149999991175719,0.009955100002116524,0.00024760000087553635
C_hard_maze_dense,8,32,19640059,19640076,192,656,current_bounded_focal_alpha_0_50,current_goal_geometry_bounded_rays_one_hop_actions,reopening_fhat_focal,384,True,True,26,2.50839336435404,2.50839336435404,1.0,144,140,3,2.2862688829061337,False,False,6.926948200001789,0.0008677000005263835,0.0,0.001397300002281554
C_hard_maze_dense,9,33,19893499,19893516,192,630,euclid,current_goal_geometry_only,no_reopen_astar,384,True,True,23,2.2348856798151187,2.2348856798151187,1.0,141,141,1,,False,False,4.7100002120714635e-05,0.0,0.0,0.0004518999994616024
C_hard_maze_dense,9,33,19893499,19893516,192,630,field_hrm,complete_64x64_occupancy_goal_raster,no_reopen_astar,384,True,True,23,2.2348856798151187,2.2348856798151187,1.0,87,87,1,,False,False,0.6492599999983213,0.0,0.0,0.000370699999621138
C_hard_maze_dense,9,33,19893499,19893516,192,630,field_onlstm,complete_64x64_occupancy_goal_raster,no_reopen_astar,384,True,True,25,2.269788954647336,2.2348856798151187,1.015617476610752,88,88,1,,False,False,0.6510589000026812,0.0,0.0,0.00038109999877633527
C_hard_maze_dense,9,33,19893499,19893516,192,630,field_unet,complete_64x64_occupancy_goal_raster,no_reopen_astar,384,True,True,24,2.24122185785461,2.2348856798151187,1.002835124005097,104,104,1,,False,False,0.5544912999976077,0.0,0.0,0.0004665000014938414
C_hard_maze_dense,9,33,19893499,19893516,192,630,oracle,exact_full_graph_cost_to_go_evaluation_only,no_reopen_astar,384,True,True,23,2.2348856798151187,2.2348856798151187,1.0,24,24,1,,False,False,0.0003397999971639365,0.0,0.0,0.00010889999975915998
C_hard_maze_dense,9,33,19893499,19893516,192,630,scalar_hrm,global_obstacle_list_summaries_sectors_plus_rays_goal,no_reopen_astar,384,True,True,24,2.264963880369068,2.2348856798151187,1.0134584962558075,78,78,1,,False,False,2.407623400002194,0.0,0.0,0.0002722999997786246
C_hard_maze_dense,9,33,19893499,19893516,192,630,scalar_onlstm,global_obstacle_list_summaries_sectors_plus_rays_goal,no_reopen_astar,384,True,True,24,2.3072428079453675,2.2348856798151187,1.0323762100154648,74,74,1,,False,False,2.33748669999477,0.0,0.0,0.00024790000315988436
C_hard_maze_dense,9,33,19893499,19893516,192,630,current_local_backup_alpha_1_50,current_goal_geometry_bounded_rays_one_hop_actions_plus_radius_bounded_local_subgraph_and_frozen_exit_values,no_reopen_astar,384,True,True,24,2.2969694452452694,2.2348856798151187,1.0277793920247797,58,58,1,,False,False,8.035939000001235,0.0009627000035834499,0.00876810000045225,0.00018679999629966915
C_hard_maze_dense,9,33,19893499,19893516,192,630,current_bounded_focal_alpha_0_50,current_goal_geometry_bounded_rays_one_hop_actions,reopening_fhat_focal,384,True,True,23,2.2348856798151187,2.2348856798151187,1.0,133,129,2,2.076662304511868,False,False,8.035939000001235,0.0005439000015030615,0.0,0.0011374000023351982
C_hard_maze_dense,10,34,19948939,19948956,192,625,euclid,current_goal_geometry_only,no_reopen_astar,384,True,True,25,2.369873044229033,2.3698730442290334,0.9999999999999998,147,147,1,,False,False,6.430000212276354e-05,0.0,0.0,0.00038889999996172264
C_hard_maze_dense,10,34,19948939,19948956,192,625,field_hrm,complete_64x64_occupancy_goal_raster,no_reopen_astar,384,True,True,25,2.4003029246179493,2.3698730442290334,1.0128402998055177,61,61,1,,False,False,0.4624967999989167,0.0,0.0,0.00024030000349739566
C_hard_maze_dense,10,34,19948939,19948956,192,625,field_onlstm,complete_64x64_occupancy_goal_raster,no_reopen_astar,384,True,True,24,2.393852484791795,2.3698730442290334,1.0101184494338862,132,132,1,,False,False,0.5205512999964412,0.0,0.0,0.0004372000039438717
C_hard_maze_dense,10,34,19948939,19948956,192,625,field_unet,complete_64x64_occupancy_goal_raster,no_reopen_astar,384,True,True,24,2.395719918620989,2.3698730442290334,1.0109064384081234,97,97,1,,False,False,0.4285308000035002,0.0,0.0,0.00037760000122943893
C_hard_maze_dense,10,34,19948939,19948956,192,625,oracle,exact_full_graph_cost_to_go_evaluation_only,no_reopen_astar,384,True,True,25,2.369873044229033,2.3698730442290334,0.9999999999999998,26,26,1,,False,False,0.0003186000030837022,0.0,0.0,0.00012080000306013972
C_hard_maze_dense,10,34,19948939,19948956,192,625,scalar_hrm,global_obstacle_list_summaries_sectors_plus_rays_goal,no_reopen_astar,384,True,True,24,2.403865194318089,2.3698730442290334,1.0143434477099231,81,81,1,,False,False,1.8303358999983175,0.0,0.0,0.0003333000058773905
C_hard_maze_dense,10,34,19948939,19948956,192,625,scalar_onlstm,global_obstacle_list_summaries_sectors_plus_rays_goal,no_reopen_astar,384,True,True,25,2.3953093417353224,2.3698730442290334,1.0107331899353131,95,95,1,,False,False,1.7524144999988494,0.0,0.0,0.0003431000004638918
C_hard_maze_dense,10,34,19948939,19948956,192,625,current_local_backup_alpha_1_50,current_goal_geometry_bounded_rays_one_hop_actions_plus_radius_bounded_local_subgraph_and_frozen_exit_values,no_reopen_astar,384,True,True,25,2.369873044229033,2.3698730442290334,0.9999999999999998,87,87,1,,False,False,5.965614000000642,0.003872699999192264,0.009342999997898005,0.00029550000181188807
C_hard_maze_dense,10,34,19948939,19948956,192,625,current_bounded_focal_alpha_0_50,current_goal_geometry_bounded_rays_one_hop_actions,reopening_fhat_focal,384,True,True,25,2.371740478058227,2.3698730442290334,1.0007879889742368,145,144,2,2.347891266620601,False,False,5.965614000000642,0.0029958000013721175,0.0,0.001527599997643847
C_hard_maze_dense,11,35,20131099,20131116,192,634,euclid,current_goal_geometry_only,no_reopen_astar,384,True,True,39,3.3556191369355988,3.355619136935599,0.9999999999999999,154,154,1,,False,False,9.380000119563192e-05,0.0,0.0,0.0005364999960875139
C_hard_maze_dense,11,35,20131099,20131116,192,634,field_hrm,complete_64x64_occupancy_goal_raster,no_reopen_astar,384,True,True,39,3.4470095038780113,3.355619136935599,1.0272350237655012,142,142,1,,False,False,0.6551523000016459,0.0,0.0,0.00044389999675331637
C_hard_maze_dense,11,35,20131099,20131116,192,634,field_onlstm,complete_64x64_occupancy_goal_raster,no_reopen_astar,384,True,True,39,3.4605646886470947,3.355619136935599,1.0312745718238254,147,147,1,,False,False,0.677530699998897,0.0,0.0,0.00046880000445526093
C_hard_maze_dense,11,35,20131099,20131116,192,634,field_unet,complete_64x64_occupancy_goal_raster,no_reopen_astar,384,True,True,38,3.469902054004424,3.355619136935599,1.0340571776489478,150,150,1,,False,False,0.5922752000042237,0.0,0.0,0.00043169999844394624
C_hard_maze_dense,11,35,20131099,20131116,192,634,oracle,exact_full_graph_cost_to_go_evaluation_only,no_reopen_astar,384,True,True,39,3.3556191369355988,3.355619136935599,0.9999999999999999,40,40,1,,False,False,0.0002654000054462813,0.0,0.0,0.0001430000047548674
C_hard_maze_dense,11,35,20131099,20131116,192,634,scalar_hrm,global_obstacle_list_summaries_sectors_plus_rays_goal,no_reopen_astar,384,True,True,39,3.4233848358693972,3.355619136935599,1.0201946931902655,123,123,1,,False,False,2.7045279999947525,0.0,0.0,0.00036190000537317246
C_hard_maze_dense,11,35,20131099,20131116,192,634,scalar_onlstm,global_obstacle_list_summaries_sectors_plus_rays_goal,no_reopen_astar,384,True,True,39,3.4039945000792113,3.355619136935599,1.0144162257900904,144,144,1,,False,False,2.5861086000004434,0.0,0.0,0.00042830000165849924
C_hard_maze_dense,11,35,20131099,20131116,192,634,current_local_backup_alpha_1_50,current_goal_geometry_bounded_rays_one_hop_actions_plus_radius_bounded_local_subgraph_and_frozen_exit_values,no_reopen_astar,384,True,True,38,3.415803563003315,3.355619136935599,1.0179354162709529,139,139,1,,False,False,8.731402600002184,0.0006151999987196177,0.009407799996552058,0.00033689999690977857
C_hard_maze_dense,11,35,20131099,20131116,192,634,current_bounded_focal_alpha_0_50,current_goal_geometry_bounded_rays_one_hop_actions,reopening_fhat_focal,384,True,True,39,3.3556191369355988,3.355619136935599,0.9999999999999999,153,151,2,3.1720820001262924,False,False,8.731402600002184,0.0008104000007733703,0.0,0.0011754999941331334
C_hard_maze_dense,12,36,20416219,20416236,192,616,euclid,current_goal_geometry_only,no_reopen_astar,384,True,True,28,2.6170617522228814,2.617061752222881,1.0000000000000002,142,142,1,,False,False,7.819999882485718e-05,0.0,0.0,0.00045390000013867393
C_hard_maze_dense,12,36,20416219,20416236,192,616,field_hrm,complete_64x64_occupancy_goal_raster,no_reopen_astar,384,True,True,28,2.6170617522228814,2.617061752222881,1.0000000000000002,108,108,1,,False,False,0.6416317999974126,0.0,0.0,0.0003370000049471855
C_hard_maze_dense,12,36,20416219,20416236,192,616,field_onlstm,complete_64x64_occupancy_goal_raster,no_reopen_astar,384,True,True,28,2.6170617522228814,2.617061752222881,1.0000000000000002,109,109,1,,False,False,0.6718479999981355,0.0,0.0,0.00036660000478150323
C_hard_maze_dense,12,36,20416219,20416236,192,616,field_unet,complete_64x64_occupancy_goal_raster,no_reopen_astar,384,True,True,28,2.6178001134896776,2.617061752222881,1.000282133681473,131,131,1,,False,False,0.5738864999948419,0.0,0.0,0.000393300004361663
C_hard_maze_dense,12,36,20416219,20416236,192,616,oracle,exact_full_graph_cost_to_go_evaluation_only,no_reopen_astar,384,True,True,28,2.6170617522228814,2.617061752222881,1.0000000000000002,29,29,1,,False,False,0.0002601000014692545,0.0,0.0,0.00011299999459879473
C_hard_maze_dense,12,36,20416219,20416236,192,616,scalar_hrm,global_obstacle_list_summaries_sectors_plus_rays_goal,no_reopen_astar,384,True,True,28,2.6971636077746175,2.617061752222881,1.030607552719648,89,89,1,,False,False,2.6416743000008864,0.0,0.0,0.00033370000164723024
C_hard_maze_dense,12,36,20416219,20416236,192,616,scalar_onlstm,global_obstacle_list_summaries_sectors_plus_rays_goal,no_reopen_astar,384,True,True,28,2.617689028125584,2.617061752222881,1.0002396870850183,91,91,1,,False,False,2.6522575999988476,0.0,0.0,0.00032559999817749485
C_hard_maze_dense,12,36,20416219,20416236,192,616,current_local_backup_alpha_1_50,current_goal_geometry_bounded_rays_one_hop_actions_plus_radius_bounded_local_subgraph_and_frozen_exit_values,no_reopen_astar,384,True,True,31,2.871876172328501,2.617061752222881,1.097366605846876,114,114,1,,False,False,8.537245899999107,0.0006712000031257048,0.008698800003912766,0.00025779999850783497
C_hard_maze_dense,12,36,20416219,20416236,192,616,current_bounded_focal_alpha_0_50,current_goal_geometry_bounded_rays_one_hop_actions,reopening_fhat_focal,384,True,True,28,2.6170617522228814,2.617061752222881,1.0000000000000002,137,134,2,2.404055568207528,False,False,8.537245899999107,0.0005249000023468398,0.0,0.001061800001480151
C_hard_maze_dense,13,37,20550859,20550876,192,650,euclid,current_goal_geometry_only,no_reopen_astar,384,True,True,28,2.484351010652879,2.4843510106528783,1.0000000000000004,128,128,1,,False,False,6.049999501556158e-05,0.0,0.0,0.0004149000014876947
C_hard_maze_dense,13,37,20550859,20550876,192,650,field_hrm,complete_64x64_occupancy_goal_raster,no_reopen_astar,384,True,True,28,2.504277557326718,2.4843510106528783,1.0080208257965138,82,82,1,,False,False,0.6140164000025834,0.0,0.0,0.00031179999496089295
C_hard_maze_dense,13,37,20550859,20550876,192,650,field_onlstm,complete_64x64_occupancy_goal_raster,no_reopen_astar,384,True,True,27,2.510331278405833,2.4843510106528783,1.0104575672445446,77,77,1,,False,False,0.6903912999987369,0.0,0.0,0.0003171999996993691
C_hard_maze_dense,13,37,20550859,20550876,192,650,field_unet,complete_64x64_occupancy_goal_raster,no_reopen_astar,384,True,True,27,2.500270812338421,2.4843510106528783,1.0064080323663116,108,108,1,,False,False,0.6005672999963281,0.0,0.0,0.0003495999990263954
C_hard_maze_dense,13,37,20550859,20550876,192,650,oracle,exact_full_graph_cost_to_go_evaluation_only,no_reopen_astar,384,True,True,28,2.484351010652879,2.4843510106528783,1.0000000000000004,29,29,1,,False,False,0.0003882000019075349,0.0,0.0,0.00013380000018514693
C_hard_maze_dense,13,37,20550859,20550876,192,650,scalar_hrm,global_obstacle_list_summaries_sectors_plus_rays_goal,no_reopen_astar,384,True,True,27,2.5091906323984725,2.4843510106528783,1.009998434858473,82,82,1,,False,False,2.71741540000221,0.0,0.0,0.00032029999420046806
C_hard_maze_dense,13,37,20550859,20550876,192,650,scalar_onlstm,global_obstacle_list_summaries_sectors_plus_rays_goal,no_reopen_astar,384,True,True,28,2.4861920933590156,2.4843510106528783,1.000741071892918,75,75,1,,False,False,2.6869434000036563,0.0,0.0,0.0003001000004587695
C_hard_maze_dense,13,37,20550859,20550876,192,650,current_local_backup_alpha_1_50,current_goal_geometry_bounded_rays_one_hop_actions_plus_radius_bounded_local_subgraph_and_frozen_exit_values,no_reopen_astar,384,True,True,27,2.5651010065392947,2.4843510106528783,1.0325034568545914,82,82,1,,False,False,8.760315999999875,0.0007158000007621013,0.009155299994745292,0.00023399999918183312
C_hard_maze_dense,13,37,20550859,20550876,192,650,current_bounded_focal_alpha_0_50,current_goal_geometry_bounded_rays_one_hop_actions,reopening_fhat_focal,384,True,True,28,2.484351010652879,2.4843510106528783,1.0000000000000004,119,118,2,2.280155637687069,False,False,8.760315999999875,0.00047650000487919897,0.0,0.0009688999998616055
C_hard_maze_dense,14,38,20637979,20637996,192,591,euclid,current_goal_geometry_only,no_reopen_astar,384,True,True,33,2.8717396077574433,2.8717396077574433,1.0,146,146,1,,False,False,0.00010430000111227855,0.0,0.0,0.0005178999999770895
C_hard_maze_dense,14,38,20637979,20637996,192,591,field_hrm,complete_64x64_occupancy_goal_raster,no_reopen_astar,384,True,True,33,2.935538091931016,2.8717396077574433,1.022215971114245,128,128,1,,False,False,0.6388178999986849,0.0,0.0,0.0003797000026679598
C_hard_maze_dense,14,38,20637979,20637996,192,591,field_onlstm,complete_64x64_occupancy_goal_raster,no_reopen_astar,384,True,True,33,2.9486086228839055,2.8717396077574433,1.026767404300451,129,129,1,,False,False,0.6854785999967135,0.0,0.0,0.00041260000580223277
C_hard_maze_dense,14,38,20637979,20637996,192,591,field_unet,complete_64x64_occupancy_goal_raster,no_reopen_astar,384,True,True,33,2.942648737552184,2.8717396077574433,1.0246920471491194,139,139,1,,False,False,0.5926155999986804,0.0,0.0,0.00040219999937107787
C_hard_maze_dense,14,38,20637979,20637996,192,591,oracle,exact_full_graph_cost_to_go_evaluation_only,no_reopen_astar,384,True,True,33,2.8717396077574433,2.8717396077574433,1.0,34,34,1,,False,False,0.00023299999884329736,0.0,0.0,0.00012519999290816486
C_hard_maze_dense,14,38,20637979,20637996,192,591,scalar_hrm,global_obstacle_list_summaries_sectors_plus_rays_goal,no_reopen_astar,384,True,True,34,3.0080930717672834,2.8717396077574433,1.0474811377889235,109,109,1,,False,False,2.8141862000047695,0.0,0.0,0.0003767000016523525
C_hard_maze_dense,14,38,20637979,20637996,192,591,scalar_onlstm,global_obstacle_list_summaries_sectors_plus_rays_goal,no_reopen_astar,384,True,True,33,2.976120549222278,2.8717396077574433,1.036347634438328,132,132,1,,False,False,2.9703781999996863,0.0,0.0,0.00040219999937107787
C_hard_maze_dense,14,38,20637979,20637996,192,591,current_local_backup_alpha_1_50,current_goal_geometry_bounded_rays_one_hop_actions_plus_radius_bounded_local_subgraph_and_frozen_exit_values,no_reopen_astar,384,True,True,33,2.922541182384859,2.8717396077574433,1.0176901744469398,124,124,1,,False,False,9.427786799999012,0.0011364000019966625,0.008648700000776444,0.0003147999959765002
C_hard_maze_dense,14,38,20637979,20637996,192,591,current_bounded_focal_alpha_0_50,current_goal_geometry_bounded_rays_one_hop_actions,reopening_fhat_focal,384,True,True,33,2.8717396077574433,2.8717396077574433,1.0,157,141,2,2.7196060953040524,False,False,9.427786799999012,0.0006723000042256899,0.0,0.001190299997688271
C_hard_maze_dense,15,39,20812219,20812236,192,636,euclid,current_goal_geometry_only,no_reopen_astar,384,True,True,25,2.3530575238117413,2.3530575238117417,0.9999999999999998,155,155,1,,False,False,9.029999637277797e-05,0.0,0.0,0.0005033999987062998
C_hard_maze_dense,15,39,20812219,20812236,192,636,field_hrm,complete_64x64_occupancy_goal_raster,no_reopen_astar,384,True,True,26,2.4135418031937252,2.3530575238117417,1.025704547708636,112,112,1,,False,False,0.5346220999999787,0.0,0.0,0.00038979999953880906
C_hard_maze_dense,15,39,20812219,20812236,192,636,field_onlstm,complete_64x64_occupancy_goal_raster,no_reopen_astar,384,True,True,26,2.4434211136609427,2.3530575238117417,1.0384026267674153,111,111,1,,False,False,0.5537316999980249,0.0,0.0,0.0003842000005533919
C_hard_maze_dense,15,39,20812219,20812236,192,636,field_unet,complete_64x64_occupancy_goal_raster,no_reopen_astar,384,True,True,25,2.3530575238117413,2.3530575238117417,0.9999999999999998,120,120,1,,False,False,0.4725068000043393,0.0,0.0,0.0003913000036845915
C_hard_maze_dense,15,39,20812219,20812236,192,636,oracle,exact_full_graph_cost_to_go_evaluation_only,no_reopen_astar,384,True,True,25,2.3530575238117413,2.3530575238117417,0.9999999999999998,26,26,1,,False,False,0.0002533000006224029,0.0,0.0,0.00010479999764356762
C_hard_maze_dense,15,39,20812219,20812236,192,636,scalar_hrm,global_obstacle_list_summaries_sectors_plus_rays_goal,no_reopen_astar,384,True,True,26,2.6834573012230187,2.3530575238117417,1.1404129623129906,106,106,1,,False,False,2.1422703999996884,0.0,0.0,0.0005582000012509525
C_hard_maze_dense,15,39,20812219,20812236,192,636,scalar_onlstm,global_obstacle_list_summaries_sectors_plus_rays_goal,no_reopen_astar,384,True,True,25,2.396964530096528,2.3530575238117417,1.0186595550004494,79,79,1,,False,False,2.145576199996867,0.0,0.0,0.0003079000016441569
C_hard_maze_dense,15,39,20812219,20812236,192,636,current_local_backup_alpha_1_50,current_goal_geometry_bounded_rays_one_hop_actions_plus_radius_bounded_local_subgraph_and_frozen_exit_values,no_reopen_astar,384,True,True,26,2.4275863598793297,2.3530575238117417,1.0316731891649031,89,89,1,,False,False,7.0577150999961304,0.0006317000006674789,0.008330099997692741,0.00022400000307243317
C_hard_maze_dense,15,39,20812219,20812236,192,636,current_bounded_focal_alpha_0_50,current_goal_geometry_bounded_rays_one_hop_actions,reopening_fhat_focal,384,True,True,25,2.3530575238117413,2.3530575238117417,0.9999999999999998,148,147,2,2.207902978599515,False,False,7.0577150999961304,0.00048039999819593504,0.0,0.0015843000001041219
C_hard_maze_dense,16,40,21041899,21041916,192,641,euclid,current_goal_geometry_only,no_reopen_astar,384,True,True,28,2.5397887626470905,2.5397887626470896,1.0000000000000004,152,152,1,,False,False,9.29000016185455e-05,0.0,0.0,0.0005101000060676597
C_hard_maze_dense,16,40,21041899,21041916,192,641,field_hrm,complete_64x64_occupancy_goal_raster,no_reopen_astar,384,True,True,28,2.5535683193899708,2.5397887626470896,1.0054254735454926,114,114,1,,False,False,0.5468070000060834,0.0,0.0,0.00038049999420763925
C_hard_maze_dense,16,40,21041899,21041916,192,641,field_onlstm,complete_64x64_occupancy_goal_raster,no_reopen_astar,384,True,True,28,2.6016377613550623,2.5397887626470896,1.0243520247107127,127,127,1,,False,False,0.6057748000021093,0.0,0.0,0.00047730000369483605
C_hard_maze_dense,16,40,21041899,21041916,192,641,field_unet,complete_64x64_occupancy_goal_raster,no_reopen_astar,384,True,True,27,2.5747640326892594,2.5397887626470896,1.0137709366056558,122,122,1,,False,False,0.5025882000045385,0.0,0.0,0.00035180000122636557
C_hard_maze_dense,16,40,21041899,21041916,192,641,oracle,exact_full_graph_cost_to_go_evaluation_only,no_reopen_astar,384,True,True,28,2.5397887626470905,2.5397887626470896,1.0000000000000004,29,29,1,,False,False,0.00019500000053085387,0.0,0.0,8.030000026337802e-05
C_hard_maze_dense,16,40,21041899,21041916,192,641,scalar_hrm,global_obstacle_list_summaries_sectors_plus_rays_goal,no_reopen_astar,384,True,True,28,2.56524527077504,2.5397887626470896,1.010023080857094,113,113,1,,False,False,2.194434099998034,0.0,0.0,0.0003939000016544014
C_hard_maze_dense,16,40,21041899,21041916,192,641,scalar_onlstm,global_obstacle_list_summaries_sectors_plus_rays_goal,no_reopen_astar,384,True,True,29,2.6067882308928616,2.5397887626470896,1.0263799372731857,128,128,1,,False,False,2.3231417999995756,0.0,0.0,0.00041110000165645033
C_hard_maze_dense,16,40,21041899,21041916,192,641,current_local_backup_alpha_1_50,current_goal_geometry_bounded_rays_one_hop_actions_plus_radius_bounded_local_subgraph_and_frozen_exit_values,no_reopen_astar,384,True,True,29,2.6408575563904875,2.5397887626470896,1.03979417313354,79,79,1,,False,False,7.3314703999931226,0.0006174000009195879,0.010010699996200856,0.00023969999892869964
C_hard_maze_dense,16,40,21041899,21041916,192,641,current_bounded_focal_alpha_0_50,current_goal_geometry_bounded_rays_one_hop_actions,reopening_fhat_focal,384,True,True,28,2.5397887626470905,2.5397887626470896,1.0000000000000004,151,151,1,2.480755019330379,False,False,7.3314703999931226,0.0004791000028490089,0.0,0.001157500002591405
C_hard_maze_dense,17,41,21160699,21160716,192,631,euclid,current_goal_geometry_only,no_reopen_astar,384,True,True,23,2.3624156845829862,2.3624156845829862,1.0,132,132,1,,False,False,4.159999662078917e-05,0.0,0.0,0.0003891000014846213
C_hard_maze_dense,17,41,21160699,21160716,192,631,field_hrm,complete_64x64_occupancy_goal_raster,no_reopen_astar,384,True,True,23,2.3672182106198427,2.3624156845829862,1.0020328878055618,82,82,1,,False,False,0.4953728999971645,0.0,0.0,0.00029070000164210796
C_hard_maze_dense,17,41,21160699,21160716,192,631,field_onlstm,complete_64x64_occupancy_goal_raster,no_reopen_astar,384,True,True,23,2.3624156845829862,2.3624156845829862,1.0,90,90,1,,False,False,0.5919187999970745,0.0,0.0,0.00025269999605370685
C_hard_maze_dense,17,41,21160699,21160716,192,631,field_unet,complete_64x64_occupancy_goal_raster,no_reopen_astar,384,True,True,23,2.380125417465151,2.3624156845829862,1.0074964507718678,88,88,1,,False,False,0.5229892999996082,0.0,0.0,0.0003327000013086945
C_hard_maze_dense,17,41,21160699,21160716,192,631,oracle,exact_full_graph_cost_to_go_evaluation_only,no_reopen_astar,384,True,True,23,2.3624156845829862,2.3624156845829862,1.0,24,24,1,,False,False,0.0004380999962450005,0.0,0.0,0.00013040000339969993
C_hard_maze_dense,17,41,21160699,21160716,192,631,scalar_hrm,global_obstacle_list_summaries_sectors_plus_rays_goal,no_reopen_astar,384,True,True,23,2.446468079117257,2.3624156845829862,1.0355790029175613,84,84,1,,False,False,2.174200599998585,0.0,0.0,0.0003209999995306134
C_hard_maze_dense,17,41,21160699,21160716,192,631,scalar_onlstm,global_obstacle_list_summaries_sectors_plus_rays_goal,no_reopen_astar,384,True,True,23,2.394752866424744,2.3624156845829862,1.0136881845361885,120,120,1,,False,False,2.2062349999978323,0.0,0.0,0.00039429999742424116
C_hard_maze_dense,17,41,21160699,21160716,192,631,current_local_backup_alpha_1_50,current_goal_geometry_bounded_rays_one_hop_actions_plus_radius_bounded_local_subgraph_and_frozen_exit_values,no_reopen_astar,384,True,True,24,2.4148709392209295,2.3624156845829862,1.02220407482911,81,81,1,,False,False,7.183082800002012,0.0006525999997393228,0.009351800006697886,0.00022230000467970967
C_hard_maze_dense,17,41,21160699,21160716,192,631,current_bounded_focal_alpha_0_50,current_goal_geometry_bounded_rays_one_hop_actions,reopening_fhat_focal,384,True,True,23,2.3624156845829862,2.3624156845829862,1.0,131,131,1,2.318077967836723,False,False,7.183082800002012,0.0005750999989686534,0.0,0.001055699998687487
C_hard_maze_dense,18,42,21374539,21374556,192,607,euclid,current_goal_geometry_only,no_reopen_astar,384,True,True,29,2.600620243311309,2.600620243311309,1.0,137,137,1,,False,False,6.510000093840063e-05,0.0,0.0,0.0004517999987001531
C_hard_maze_dense,18,42,21374539,21374556,192,607,field_hrm,complete_64x64_occupancy_goal_raster,no_reopen_astar,384,True,True,29,2.686795633964244,2.600620243311309,1.0331364761443254,114,114,1,,False,False,0.6914962000009837,0.0,0.0,0.00035829999978886917
C_hard_maze_dense,18,42,21374539,21374556,192,607,field_onlstm,complete_64x64_occupancy_goal_raster,no_reopen_astar,384,True,True,30,2.7589132436166395,2.600620243311309,1.060867402963756,125,125,1,,False,False,0.7228012000050512,0.0,0.0,0.0003913999971700832
C_hard_maze_dense,18,42,21374539,21374556,192,607,field_unet,complete_64x64_occupancy_goal_raster,no_reopen_astar,384,True,True,29,2.7002092881894995,2.600620243311309,1.0382943434876082,117,117,1,,False,False,0.6501198999976623,0.0,0.0,0.0003769000031752512
C_hard_maze_dense,18,42,21374539,21374556,192,607,oracle,exact_full_graph_cost_to_go_evaluation_only,no_reopen_astar,384,True,True,29,2.600620243311309,2.600620243311309,1.0,30,30,1,,False,False,0.00024219999613706023,0.0,0.0,0.00010289999772794545
C_hard_maze_dense,18,42,21374539,21374556,192,607,scalar_hrm,global_obstacle_list_summaries_sectors_plus_rays_goal,no_reopen_astar,384,True,True,29,2.6021333998851,2.600620243311309,1.0005818444956285,114,114,1,,False,False,2.7316256999984034,0.0,0.0,0.0003403000009711832
C_hard_maze_dense,18,42,21374539,21374556,192,607,scalar_onlstm,global_obstacle_list_summaries_sectors_plus_rays_goal,no_reopen_astar,384,True,True,29,2.6021333998851,2.600620243311309,1.0005818444956285,128,128,1,,False,False,2.7083666999969864,0.0,0.0,0.0004402999984449707
C_hard_maze_dense,18,42,21374539,21374556,192,607,current_local_backup_alpha_1_50,current_goal_geometry_bounded_rays_one_hop_actions_plus_radius_bounded_local_subgraph_and_frozen_exit_values,no_reopen_astar,384,True,True,29,2.6755620706043595,2.600620243311309,1.0288169053078002,111,111,1,,False,False,9.267077500000596,0.0007312000016099773,0.008303099995828234,0.00027630000113276765
C_hard_maze_dense,18,42,21374539,21374556,192,607,current_bounded_focal_alpha_0_50,current_goal_geometry_bounded_rays_one_hop_actions,reopening_fhat_focal,384,True,True,29,2.600620243311309,2.600620243311309,1.0,134,134,1,2.551523978805063,False,False,9.267077500000596,0.0006779999966965988,0.0,0.0011360999997123145
C_hard_maze_dense,19,43,21841819,21841836,192,645,euclid,current_goal_geometry_only,no_reopen_astar,384,True,True,29,2.8216340781207303,2.8216340781207307,0.9999999999999999,152,152,1,,False,False,7.230000483104959e-05,0.0,0.0,0.0004898999977740459
C_hard_maze_dense,19,43,21841819,21841836,192,645,field_hrm,complete_64x64_occupancy_goal_raster,no_reopen_astar,384,True,True,29,2.8236036684620336,2.8216340781207307,1.000698031809502,96,96,1,,False,False,0.47038330000214046,0.0,0.0,0.0003778000027523376
C_hard_maze_dense,19,43,21841819,21841836,192,645,field_onlstm,complete_64x64_occupancy_goal_raster,no_reopen_astar,384,True,True,29,2.842449184622638,2.8216340781207307,1.007376968779655,119,119,1,,False,False,0.511803699999291,0.0,0.0,0.000392699999792967
C_hard_maze_dense,19,43,21841819,21841836,192,645,field_unet,complete_64x64_occupancy_goal_raster,no_reopen_astar,384,True,True,29,2.824079128007314,2.8216340781207307,1.0008665368431513,115,115,1,,False,False,0.4542037999999593,0.0,0.0,0.0003924999982700683
C_hard_maze_dense,19,43,21841819,21841836,192,645,oracle,exact_full_graph_cost_to_go_evaluation_only,no_reopen_astar,384,True,True,29,2.8216340781207303,2.8216340781207307,0.9999999999999999,30,30,1,,False,False,0.0002823999966494739,0.0,0.0,0.00011709999671438709
C_hard_maze_dense,19,43,21841819,21841836,192,645,scalar_hrm,global_obstacle_list_summaries_sectors_plus_rays_goal,no_reopen_astar,384,True,True,31,3.1247339086513066,2.8216340781207307,1.107419963800709,126,126,1,,False,False,1.8141568999999436,0.0,0.0,0.0003603000004659407
C_hard_maze_dense,19,43,21841819,21841836,192,645,scalar_onlstm,global_obstacle_list_summaries_sectors_plus_rays_goal,no_reopen_astar,384,True,True,29,2.821930759535633,2.8216340781207307,1.0001051452479977,147,147,1,,False,False,1.8521073000010801,0.0,0.0,0.0005369999998947605
C_hard_maze_dense,19,43,21841819,21841836,192,645,current_local_backup_alpha_1_50,current_goal_geometry_bounded_rays_one_hop_actions_plus_radius_bounded_local_subgraph_and_frozen_exit_values,no_reopen_astar,384,True,True,29,2.823782446592411,2.8216340781207307,1.0007613915951536,93,93,1,,False,False,5.860370199996396,0.0006569999968633056,0.01028089999454096,0.0003414000020711683
C_hard_maze_dense,19,43,21841819,21841836,192,645,current_bounded_focal_alpha_0_50,current_goal_geometry_bounded_rays_one_hop_actions,reopening_fhat_focal,384,True,True,29,2.8216340781207303,2.8216340781207307,0.9999999999999999,153,149,2,2.6891183515835406,False,False,5.860370199996396,0.0005672000042977743,0.0,0.0014042999973753467
C_hard_maze_dense,20,44,21944779,21944796,192,622,euclid,current_goal_geometry_only,no_reopen_astar,384,True,True,24,2.367435441345959,2.3674354413459584,1.0000000000000002,135,135,1,,False,False,9.129999671131372e-05,0.0,0.0,0.0004820000031031668
C_hard_maze_dense,20,44,21944779,21944796,192,622,field_hrm,complete_64x64_occupancy_goal_raster,no_reopen_astar,384,True,True,24,2.3730856422244515,2.3674354413459584,1.0023866335612854,96,96,1,,False,False,0.5057009999945876,0.0,0.0,0.00035030000435654074
C_hard_maze_dense,20,44,21944779,21944796,192,622,field_onlstm,complete_64x64_occupancy_goal_raster,no_reopen_astar,384,True,True,25,2.3850165171490807,2.3674354413459584,1.0074262112901067,117,117,1,,False,False,0.5508619000029285,0.0,0.0,0.00039909999759402126
C_hard_maze_dense,20,44,21944779,21944796,192,622,field_unet,complete_64x64_occupancy_goal_raster,no_reopen_astar,384,True,True,24,2.3937649309657023,2.3674354413459584,1.0111215238058509,106,106,1,,False,False,0.4693667000028654,0.0,0.0,0.0003540999969118275
C_hard_maze_dense,20,44,21944779,21944796,192,622,oracle,exact_full_graph_cost_to_go_evaluation_only,no_reopen_astar,384,True,True,24,2.367435441345959,2.3674354413459584,1.0000000000000002,25,25,1,,False,False,0.00027200000477023423,0.0,0.0,9.580000187270343e-05
C_hard_maze_dense,20,44,21944779,21944796,192,622,scalar_hrm,global_obstacle_list_summaries_sectors_plus_rays_goal,no_reopen_astar,384,True,True,25,2.3850165171490807,2.3674354413459584,1.0074262112901067,79,79,1,,False,False,2.1289182000036817,0.0,0.0,0.0003073999978369102
C_hard_maze_dense,20,44,21944779,21944796,192,622,scalar_onlstm,global_obstacle_list_summaries_sectors_plus_rays_goal,no_reopen_astar,384,True,True,23,2.3772708393997317,2.3674354413459584,1.0041544524855899,123,123,1,,False,False,2.0196610999992117,0.0,0.0,0.00039710000419290736
C_hard_maze_dense,20,44,21944779,21944796,192,622,current_local_backup_alpha_1_50,current_goal_geometry_bounded_rays_one_hop_actions_plus_radius_bounded_local_subgraph_and_frozen_exit_values,no_reopen_astar,384,True,True,23,2.4215588589349424,2.3674354413459584,1.0228616234444023,86,86,1,,False,False,6.680632700001297,0.0007918000046629459,0.009628400002839044,0.00031510000553680584
C_hard_maze_dense,20,44,21944779,21944796,192,622,current_bounded_focal_alpha_0_50,current_goal_geometry_bounded_rays_one_hop_actions,reopening_fhat_focal,384,True,True,24,2.367435441345959,2.3674354413459584,1.0000000000000002,134,133,2,2.2942718464812057,False,False,6.680632700001297,0.0006453999958466738,0.0,0.001108700002077967
C_hard_maze_dense,21,45,22047739,22047756,192,607,euclid,current_goal_geometry_only,no_reopen_astar,384,True,True,29,2.5954031608379386,2.595403160837939,0.9999999999999998,126,126,1,,False,False,8.189999789465219e-05,0.0,0.0,0.00045279999903868884
C_hard_maze_dense,21,45,22047739,22047756,192,607,field_hrm,complete_64x64_occupancy_goal_raster,no_reopen_astar,384,True,True,30,2.6150088776683997,2.595403160837939,1.0075540159333591,113,113,1,,False,False,0.6682663000028697,0.0,0.0,0.0003511000031721778
C_hard_maze_dense,21,45,22047739,22047756,192,607,field_onlstm,complete_64x64_occupancy_goal_raster,no_reopen_astar,384,True,True,31,2.629466387978389,2.595403160837939,1.0131244454250616,103,103,1,,False,False,0.6961467000000994,0.0,0.0,0.00027300000510877
C_hard_maze_dense,21,45,22047739,22047756,192,607,field_unet,complete_64x64_occupancy_goal_raster,no_reopen_astar,384,True,True,29,2.5954031608379386,2.595403160837939,0.9999999999999998,118,118,1,,False,False,0.5668475000056787,0.0,0.0,0.00039509999623987824
C_hard_maze_dense,21,45,22047739,22047756,192,607,oracle,exact_full_graph_cost_to_go_evaluation_only,no_reopen_astar,384,True,True,29,2.5954031608379386,2.595403160837939,0.9999999999999998,30,30,1,,False,False,0.00024370000028284267,0.0,0.0,0.00011870000162161887
C_hard_maze_dense,21,45,22047739,22047756,192,607,scalar_hrm,global_obstacle_list_summaries_sectors_plus_rays_goal,no_reopen_astar,384,True,True,30,2.723113604141485,2.595403160837939,1.049206398925057,98,98,1,,False,False,2.627583200002846,0.0,0.0,0.0003423000016482547
C_hard_maze_dense,21,45,22047739,22047756,192,607,scalar_onlstm,global_obstacle_list_summaries_sectors_plus_rays_goal,no_reopen_astar,384,True,True,30,2.62410097562186,2.595403160837939,1.0110571703144016,118,118,1,,False,False,2.616191400004027,0.0,0.0,0.00026899999647866935
C_hard_maze_dense,21,45,22047739,22047756,192,607,current_local_backup_alpha_1_50,current_goal_geometry_bounded_rays_one_hop_actions_plus_radius_bounded_local_subgraph_and_frozen_exit_values,no_reopen_astar,384,True,True,28,2.6466382649954276,2.595403160837939,1.0197407111660244,91,91,1,,False,False,9.036228600001778,0.0006337999948300421,0.008089599999948405,0.00022029999672668055
C_hard_maze_dense,21,45,22047739,22047756,192,607,current_bounded_focal_alpha_0_50,current_goal_geometry_bounded_rays_one_hop_actions,reopening_fhat_focal,384,True,True,29,2.5954031608379386,2.595403160837939,0.9999999999999998,123,123,1,2.4330749864468713,False,False,9.036228600001778,0.0003880000003846362,0.0,0.0009085999990929849
C_hard_maze_dense,22,46,22166539,22166556,192,633,euclid,current_goal_geometry_only,no_reopen_astar,384,True,True,28,2.5327368683957108,2.5327368683957103,1.0000000000000002,147,147,1,,False,False,4.3300002289470285e-05,0.0,0.0,0.00042750000284286216
C_hard_maze_dense,22,46,22166539,22166556,192,633,field_hrm,complete_64x64_occupancy_goal_raster,no_reopen_astar,384,True,True,29,2.5997292019249874,2.5327368683957103,1.0264505698816282,105,105,1,,False,False,0.6464320000013686,0.0,0.0,0.00039429999742424116
C_hard_maze_dense,22,46,22166539,22166556,192,633,field_onlstm,complete_64x64_occupancy_goal_raster,no_reopen_astar,384,True,True,28,2.5511512681653974,2.5327368683957103,1.007270553842157,110,110,1,,False,False,0.7830562999952235,0.0,0.0,0.00041309999505756423
C_hard_maze_dense,22,46,22166539,22166556,192,633,field_unet,complete_64x64_occupancy_goal_raster,no_reopen_astar,384,True,True,28,2.5990243935683357,2.5327368683957103,1.0261722905366846,123,123,1,,False,False,0.6657257999977446,0.0,0.0,0.00045990000216988847
C_hard_maze_dense,22,46,22166539,22166556,192,633,oracle,exact_full_graph_cost_to_go_evaluation_only,no_reopen_astar,384,True,True,28,2.5327368683957108,2.5327368683957103,1.0000000000000002,29,29,1,,False,False,0.00036689999978989363,0.0,0.0,0.0001838000025600195
C_hard_maze_dense,22,46,22166539,22166556,192,633,scalar_hrm,global_obstacle_list_summaries_sectors_plus_rays_goal,no_reopen_astar,384,True,True,29,2.7319474920372198,2.5327368683957103,1.0786542913823076,103,103,1,,False,False,2.9264593999978388,0.0,0.0,0.00040889999945648015
C_hard_maze_dense,22,46,22166539,22166556,192,633,scalar_onlstm,global_obstacle_list_summaries_sectors_plus_rays_goal,no_reopen_astar,384,True,True,29,2.62283340569067,2.5327368683957103,1.0355727981138556,112,112,1,,False,False,2.843106899999839,0.0,0.0,0.0004259999986970797
C_hard_maze_dense,22,46,22166539,22166556,192,633,current_local_backup_alpha_1_50,current_goal_geometry_bounded_rays_one_hop_actions_plus_radius_bounded_local_subgraph_and_frozen_exit_values,no_reopen_astar,384,True,True,28,2.565191914929904,2.5327368683957103,1.0128142196448346,117,117,1,,False,False,9.23083339999721,0.0009031999943545088,0.008505899997544475,0.00020610000501619652
C_hard_maze_dense,22,46,22166539,22166556,192,633,current_bounded_focal_alpha_0_50,current_goal_geometry_bounded_rays_one_hop_actions,reopening_fhat_focal,384,True,True,28,2.5327368683957108,2.5327368683957103,1.0000000000000002,147,146,2,2.3634484650327305,False,False,9.23083339999721,0.0004248999975970946,0.0,0.001134400001319591
C_hard_maze_dense,23,47,22190299,22190316,192,661,euclid,current_goal_geometry_only,no_reopen_astar,384,True,True,29,2.871195897524022,2.871195897524022,1.0,151,151,1,,False,False,8.86999987415038e-05,0.0,0.0,0.0005027000006521121
C_hard_maze_dense,23,47,22190299,22190316,192,661,field_hrm,complete_64x64_occupancy_goal_raster,no_reopen_astar,384,True,True,29,2.8823907080953344,2.871195897524022,1.0038990061879673,131,131,1,,False,False,0.4341724999976577,0.0,0.0,0.0004098999997950159
C_hard_maze_dense,23,47,22190299,22190316,192,661,field_onlstm,complete_64x64_occupancy_goal_raster,no_reopen_astar,384,True,True,29,2.880544054615829,2.871195897524022,1.0032558409197605,148,148,1,,False,False,0.506008300006215,0.0,0.0,0.000455000001238659
C_hard_maze_dense,23,47,22190299,22190316,192,661,field_unet,complete_64x64_occupancy_goal_raster,no_reopen_astar,384,True,True,29,2.8754169242196084,2.871195897524022,1.0014701284225247,141,141,1,,False,False,0.434230300001218,0.0,0.0,0.00041459999920334667
C_hard_maze_dense,23,47,22190299,22190316,192,661,oracle,exact_full_graph_cost_to_go_evaluation_only,no_reopen_astar,384,True,True,29,2.871195897524022,2.871195897524022,1.0,30,30,1,,False,False,0.00026049999723909423,0.0,0.0,0.00011800000356743112
C_hard_maze_dense,23,47,22190299,22190316,192,661,scalar_hrm,global_obstacle_list_summaries_sectors_plus_rays_goal,no_reopen_astar,384,True,True,29,2.8823907080953344,2.871195897524022,1.0038990061879673,149,149,1,,False,False,1.8483703000019887,0.0,0.0,0.0004524000032688491
C_hard_maze_dense,23,47,22190299,22190316,192,661,scalar_onlstm,global_obstacle_list_summaries_sectors_plus_rays_goal,no_reopen_astar,384,True,True,28,2.895931685489356,2.871195897524022,1.0086151516121435,131,131,1,,False,False,1.8694450999973924,0.0,0.0,0.0004025000016554259
C_hard_maze_dense,23,47,22190299,22190316,192,661,current_local_backup_alpha_1_50,current_goal_geometry_bounded_rays_one_hop_actions_plus_radius_bounded_local_subgraph_and_frozen_exit_values,no_reopen_astar,384,True,True,29,2.899436702962672,2.871195897524022,1.0098359033819335,110,110,1,,False,False,6.478590400001849,0.0013718999980483204,0.012309799996728543,0.000312700001813937
C_hard_maze_dense,23,47,22190299,22190316,192,661,current_bounded_focal_alpha_0_50,current_goal_geometry_bounded_rays_one_hop_actions,reopening_fhat_focal,384,True,True,29,2.8754169242196084,2.871195897524022,1.0014701284225247,155,150,2,2.836743976249052,False,False,6.478590400001849,0.0018589999963296577,0.0,0.0018721999949775636
C_hard_rooms,0,48,19452062,19452079,192,546,euclid,current_goal_geometry_only,no_reopen_astar,384,True,True,38,6.2362698813393616,6.2362698813393616,1.0,153,153,1,,False,False,0.00010199999815085903,0.0,0.0,0.0005902000048081391
C_hard_rooms,0,48,19452062,19452079,192,546,field_hrm,complete_64x64_occupancy_goal_raster,no_reopen_astar,384,True,True,39,6.300986871318711,6.2362698813393616,1.010377515920695,131,131,1,,False,False,0.7305936999982805,0.0,0.0,0.00039140000444604084
C_hard_rooms,0,48,19452062,19452079,192,546,field_onlstm,complete_64x64_occupancy_goal_raster,no_reopen_astar,384,True,True,38,6.286227681161167,6.2362698813393616,1.008010846350844,134,134,1,,False,False,0.7363202000051388,0.0,0.0,0.0003804000007221475
C_hard_rooms,0,48,19452062,19452079,192,546,field_unet,complete_64x64_occupancy_goal_raster,no_reopen_astar,384,True,True,38,6.251962098591896,6.2362698813393616,1.0025162825777458,128,128,1,,False,False,0.6010069999974803,0.0,0.0,0.00038530000165337697
C_hard_rooms,0,48,19452062,19452079,192,546,oracle,exact_full_graph_cost_to_go_evaluation_only,no_reopen_astar,384,True,True,38,6.2362698813393616,6.2362698813393616,1.0,39,39,1,,False,False,0.00024219999613706023,0.0,0.0,0.00014179999561747536
C_hard_rooms,0,48,19452062,19452079,192,546,scalar_hrm,global_obstacle_list_summaries_sectors_plus_rays_goal,no_reopen_astar,384,True,True,40,6.952696900755456,6.2362698813393616,1.1148806951988788,138,138,1,,False,False,2.714316300000064,0.0,0.0,0.00042219999886583537
C_hard_rooms,0,48,19452062,19452079,192,546,scalar_onlstm,global_obstacle_list_summaries_sectors_plus_rays_goal,no_reopen_astar,384,True,True,39,6.526207420274976,6.2362698813393616,1.046492141047838,126,126,1,,False,False,2.8600777000028756,0.0,0.0,0.00036869999894406646
C_hard_rooms,0,48,19452062,19452079,192,546,current_local_backup_alpha_1_50,current_goal_geometry_bounded_rays_one_hop_actions_plus_radius_bounded_local_subgraph_and_frozen_exit_values,no_reopen_astar,384,True,True,39,6.4356331294174085,6.2362698813393616,1.031968348367122,130,130,1,,False,False,8.538517399996636,0.0006995000003371388,0.008731000001716893,0.0003276999996160157
C_hard_rooms,0,48,19452062,19452079,192,546,current_bounded_focal_alpha_0_50,current_goal_geometry_bounded_rays_one_hop_actions,reopening_fhat_focal,384,True,True,38,6.240100007258298,6.2362698813393616,1.0006141693659534,152,152,1,6.224750101588834,False,False,8.538517399996636,0.0006207999977050349,0.0,0.0011738000030163676
C_hard_rooms,1,49,19586702,19586719,192,576,euclid,current_goal_geometry_only,no_reopen_astar,384,True,True,33,5.732681356544406,5.732681356544406,1.0,137,137,1,,False,False,5.94000011915341e-05,0.0,0.0,0.0004566999996313825
C_hard_rooms,1,49,19586702,19586719,192,576,field_hrm,complete_64x64_occupancy_goal_raster,no_reopen_astar,384,True,True,33,5.762859875095597,5.732681356544406,1.0052642937352063,86,86,1,,False,False,0.7432504000025801,0.0,0.0,0.0003749999959836714
C_hard_rooms,1,49,19586702,19586719,192,576,field_onlstm,complete_64x64_occupancy_goal_raster,no_reopen_astar,384,True,True,32,5.778159191784619,5.732681356544406,1.00793308269058,114,114,1,,False,False,0.7930154999994556,0.0,0.0,0.00047759999870322645
C_hard_rooms,1,49,19586702,19586719,192,576,field_unet,complete_64x64_occupancy_goal_raster,no_reopen_astar,384,True,True,33,5.769635064142245,5.732681356544406,1.006446147151656,98,98,1,,False,False,0.7249537000025157,0.0,0.0,0.00035209999623475596
C_hard_rooms,1,49,19586702,19586719,192,576,oracle,exact_full_graph_cost_to_go_evaluation_only,no_reopen_astar,384,True,True,33,5.732681356544406,5.732681356544406,1.0,34,34,1,,False,False,0.00023400000645779073,0.0,0.0,0.0001123000038205646
C_hard_rooms,1,49,19586702,19586719,192,576,scalar_hrm,global_obstacle_list_summaries_sectors_plus_rays_goal,no_reopen_astar,384,True,True,32,5.870335400352951,5.732681356544406,1.0240121568332765,76,76,1,,False,False,3.0169307999967714,0.0,0.0,0.00027409999893279746
C_hard_rooms,1,49,19586702,19586719,192,576,scalar_onlstm,global_obstacle_list_summaries_sectors_plus_rays_goal,no_reopen_astar,384,True,True,33,5.782173954141025,5.732681356544406,1.0086334115780076,69,69,1,,False,False,2.9741095999997924,0.0,0.0,0.0002682999984244816
C_hard_rooms,1,49,19586702,19586719,192,576,current_local_backup_alpha_1_50,current_goal_geometry_bounded_rays_one_hop_actions_plus_radius_bounded_local_subgraph_and_frozen_exit_values,no_reopen_astar,384,True,True,33,5.797489581927277,5.732681356544406,1.011305045815757,92,92,1,,False,False,9.175042500006384,0.0006441000004997477,0.008045800001127645,0.00023490000603487715
C_hard_rooms,1,49,19586702,19586719,192,576,current_bounded_focal_alpha_0_50,current_goal_geometry_bounded_rays_one_hop_actions,reopening_fhat_focal,384,True,True,33,5.732681356544406,5.732681356544406,1.0,134,134,1,5.427426506212996,False,False,9.175042500006384,0.0008255000066128559,0.0,0.001061800001480151
C_hard_rooms,2,50,19673822,19673839,192,563,euclid,current_goal_geometry_only,no_reopen_astar,384,True,True,33,6.158707700581718,6.158707700581719,0.9999999999999999,150,150,1,,False,False,9.03999971342273e-05,0.0,0.0,0.0005067999954917468
C_hard_rooms,2,50,19673822,19673839,192,563,field_hrm,complete_64x64_occupancy_goal_raster,no_reopen_astar,384,True,True,32,6.208722460192974,6.158707700581719,1.008120982849459,106,106,1,,False,False,0.9367084000041359,0.0,0.0,0.000338400001055561
C_hard_rooms,2,50,19673822,19673839,192,563,field_onlstm,complete_64x64_occupancy_goal_raster,no_reopen_astar,384,True,True,32,6.202805003667597,6.158707700581719,1.0071601552192049,136,136,1,,False,False,0.9251178000049549,0.0,0.0,0.00039909999759402126
C_hard_rooms,2,50,19673822,19673839,192,563,field_unet,complete_64x64_occupancy_goal_raster,no_reopen_astar,384,True,True,33,6.295603882320653,6.158707700581719,1.0222280693279215,129,129,1,,False,False,0.8405867000037688,0.0,0.0,0.0003738999948836863
C_hard_rooms,2,50,19673822,19673839,192,563,oracle,exact_full_graph_cost_to_go_evaluation_only,no_reopen_astar,384,True,True,33,6.158707700581718,6.158707700581719,0.9999999999999999,34,34,1,,False,False,0.00024290000146720558,0.0,0.0,0.00011879999510711059
C_hard_rooms,2,50,19673822,19673839,192,563,scalar_hrm,global_obstacle_list_summaries_sectors_plus_rays_goal,no_reopen_astar,384,True,True,33,6.235161320899493,6.158707700581719,1.0124139062989714,140,140,1,,False,False,3.5921066000009887,0.0,0.0,0.0004715000031865202
C_hard_rooms,2,50,19673822,19673839,192,563,scalar_onlstm,global_obstacle_list_summaries_sectors_plus_rays_goal,no_reopen_astar,384,True,True,32,6.227391022562641,6.158707700581719,1.0111522295455644,100,100,1,,False,False,3.4762056000035955,0.0,0.0,0.000305499997921288
C_hard_rooms,2,50,19673822,19673839,192,563,current_local_backup_alpha_1_50,current_goal_geometry_bounded_rays_one_hop_actions_plus_radius_bounded_local_subgraph_and_frozen_exit_values,no_reopen_astar,384,True,True,32,6.190283848049104,6.158707700581719,1.0051270735684374,102,102,1,,False,False,11.12350680000236,0.0006659999999101274,0.008882499998435378,0.00016519999917363748
C_hard_rooms,2,50,19673822,19673839,192,563,current_bounded_focal_alpha_0_50,current_goal_geometry_bounded_rays_one_hop_actions,reopening_fhat_focal,384,True,True,33,6.158707700581718,6.158707700581719,0.9999999999999999,148,142,2,5.654783647721812,False,False,11.12350680000236,0.0007760000007692724,0.0,0.0008650000017951243
C_hard_rooms,3,51,20085662,20085679,192,574,euclid,current_goal_geometry_only,no_reopen_astar,384,True,True,32,6.2967091970460345,6.296709197046032,1.0000000000000004,144,144,1,,False,False,8.949999755714089e-05,0.0,0.0,0.0005078000031062402
C_hard_rooms,3,51,20085662,20085679,192,574,field_hrm,complete_64x64_occupancy_goal_raster,no_reopen_astar,384,True,True,32,6.512336231473061,6.296709197046032,1.034244400952832,119,119,1,,False,False,0.6379413999966346,0.0,0.0,0.0003756000005523674
C_hard_rooms,3,51,20085662,20085679,192,574,field_onlstm,complete_64x64_occupancy_goal_raster,no_reopen_astar,384,True,True,32,6.350006868750333,6.296709197046032,1.0084643692501003,138,138,1,,False,False,0.6790419000026304,0.0,0.0,0.0004008999967481941
C_hard_rooms,3,51,20085662,20085679,192,574,field_unet,complete_64x64_occupancy_goal_raster,no_reopen_astar,384,True,True,31,6.397796303277745,6.296709197046032,1.016053958197583,120,120,1,,False,False,0.566399100003764,0.0,0.0,0.0003470999945420772
C_hard_rooms,3,51,20085662,20085679,192,574,oracle,exact_full_graph_cost_to_go_evaluation_only,no_reopen_astar,384,True,True,32,6.2967091970460345,6.296709197046032,1.0000000000000004,33,33,1,,False,False,0.00023330000112764537,0.0,0.0,0.00011749999976018444
C_hard_rooms,3,51,20085662,20085679,192,574,scalar_hrm,global_obstacle_list_summaries_sectors_plus_rays_goal,no_reopen_astar,384,True,True,32,6.351435227411163,6.296709197046032,1.0086912113379485,122,122,1,,False,False,2.5461054999977932,0.0,0.0,0.00039930000639287755
C_hard_rooms,3,51,20085662,20085679,192,574,scalar_onlstm,global_obstacle_list_summaries_sectors_plus_rays_goal,no_reopen_astar,384,True,True,32,6.304197290655187,6.296709197046032,1.001189207469303,97,97,1,,False,False,2.5189208000010694,0.0,0.0,0.00031909999961499125
C_hard_rooms,3,51,20085662,20085679,192,574,current_local_backup_alpha_1_50,current_goal_geometry_bounded_rays_one_hop_actions_plus_radius_bounded_local_subgraph_and_frozen_exit_values,no_reopen_astar,384,True,True,32,6.3553859331011155,6.296709197046032,1.0093186352138686,90,90,1,,False,False,7.709967000002507,0.000628499998128973,0.00766250000015134,0.0002271999983349815
C_hard_rooms,3,51,20085662,20085679,192,574,current_bounded_focal_alpha_0_50,current_goal_geometry_bounded_rays_one_hop_actions,reopening_fhat_focal,384,True,True,32,6.2967091970460345,6.296709197046032,1.0000000000000004,143,140,2,6.01890655113792,False,False,7.709967000002507,0.0005251999973552302,0.0,0.000945399995543994
C_hard_rooms,4,52,20109422,20109439,192,556,euclid,current_goal_geometry_only,no_reopen_astar,384,True,True,30,5.661082736181194,5.661082736181193,1.0000000000000002,135,135,1,,False,False,6.179999763844535e-05,0.0,0.0,0.0003943999981856905
C_hard_rooms,4,52,20109422,20109439,192,556,field_hrm,complete_64x64_occupancy_goal_raster,no_reopen_astar,384,True,True,30,5.667157752250014,5.661082736181193,1.0010731191102356,81,81,1,,False,False,0.5860592999961227,0.0,0.0,0.0002778999987640418
C_hard_rooms,4,52,20109422,20109439,192,556,field_onlstm,complete_64x64_occupancy_goal_raster,no_reopen_astar,384,True,True,30,5.661082736181194,5.661082736181193,1.0000000000000002,124,124,1,,False,False,0.6197039000035147,0.0,0.0,0.0003893999964930117
C_hard_rooms,4,52,20109422,20109439,192,556,field_unet,complete_64x64_occupancy_goal_raster,no_reopen_astar,384,True,True,31,5.774372542769079,5.661082736181193,1.0200120386624676,111,111,1,,False,False,0.5437524000008125,0.0,0.0,0.00033059999987017363
C_hard_rooms,4,52,20109422,20109439,192,556,oracle,exact_full_graph_cost_to_go_evaluation_only,no_reopen_astar,384,True,True,30,5.661082736181194,5.661082736181193,1.0000000000000002,31,31,1,,False,False,0.0002525000018067658,0.0,0.0,0.00010710000060498714
C_hard_rooms,4,52,20109422,20109439,192,556,scalar_hrm,global_obstacle_list_summaries_sectors_plus_rays_goal,no_reopen_astar,384,True,True,32,5.832904079303563,5.661082736181193,1.0303513216693023,96,96,1,,False,False,2.2607575000001816,0.0,0.0,0.0003023999961442314
C_hard_rooms,4,52,20109422,20109439,192,556,scalar_onlstm,global_obstacle_list_summaries_sectors_plus_rays_goal,no_reopen_astar,384,True,True,33,5.9080825281157825,5.661082736181193,1.043631192732083,68,68,1,,False,False,2.227525500005868,0.0,0.0,0.00024899999698391184
C_hard_rooms,4,52,20109422,20109439,192,556,current_local_backup_alpha_1_50,current_goal_geometry_bounded_rays_one_hop_actions_plus_radius_bounded_local_subgraph_and_frozen_exit_values,no_reopen_astar,384,True,True,30,5.682772770886115,5.661082736181193,1.0038314286711085,89,89,1,,False,False,7.210893600000418,0.0006289000011747703,0.011950700005399995,0.00026959999377140775
C_hard_rooms,4,52,20109422,20109439,192,556,current_bounded_focal_alpha_0_50,current_goal_geometry_bounded_rays_one_hop_actions,reopening_fhat_focal,384,True,True,30,5.661082736181194,5.661082736181193,1.0000000000000002,131,131,1,5.194407843873438,False,False,7.210893600000418,0.0007452999998349696,0.0,0.0012601000053109601
C_hard_rooms,5,53,20117342,20117359,192,566,euclid,current_goal_geometry_only,no_reopen_astar,384,True,True,28,5.469921335371566,5.4699213353715646,1.0000000000000002,137,137,1,,False,False,9.080000018002465e-05,0.0,0.0,0.00040389999776380137
C_hard_rooms,5,53,20117342,20117359,192,566,field_hrm,complete_64x64_occupancy_goal_raster,no_reopen_astar,384,True,True,30,5.652485328705556,5.4699213353715646,1.033375981506979,98,98,1,,False,False,0.8664733999976306,0.0,0.0,0.0003144000002066605
C_hard_rooms,5,53,20117342,20117359,192,566,field_onlstm,complete_64x64_occupancy_goal_raster,no_reopen_astar,384,True,True,29,5.615111531983378,5.4699213353715646,1.026543379275481,125,125,1,,False,False,0.9043636999995215,0.0,0.0,0.0002630000017234124
C_hard_rooms,5,53,20117342,20117359,192,566,field_unet,complete_64x64_occupancy_goal_raster,no_reopen_astar,384,True,True,28,5.479525968364826,5.4699213353715646,1.0017558996563904,87,87,1,,False,False,0.8020488000038313,0.0,0.0,0.00026819999766303226
C_hard_rooms,5,53,20117342,20117359,192,566,oracle,exact_full_graph_cost_to_go_evaluation_only,no_reopen_astar,384,True,True,28,5.469921335371566,5.4699213353715646,1.0000000000000002,29,29,1,,False,False,0.0002530000056140125,0.0,0.0,9.760000102687627e-05
C_hard_rooms,5,53,20117342,20117359,192,566,scalar_hrm,global_obstacle_list_summaries_sectors_plus_rays_goal,no_reopen_astar,384,True,True,29,5.653520202824878,5.4699213353715646,1.0335651751088377,87,87,1,,False,False,3.6609714000005624,0.0,0.0,0.00029489999724319205
C_hard_rooms,5,53,20117342,20117359,192,566,scalar_onlstm,global_obstacle_list_summaries_sectors_plus_rays_goal,no_reopen_astar,384,True,True,29,5.8523416049790296,5.4699213353715646,1.0699133033476227,67,67,1,,False,False,3.7379128000029596,0.0,0.0,0.00026590000197757035
C_hard_rooms,5,53,20117342,20117359,192,566,current_local_backup_alpha_1_50,current_goal_geometry_bounded_rays_one_hop_actions_plus_radius_bounded_local_subgraph_and_frozen_exit_values,no_reopen_astar,384,True,True,29,5.7871742922606435,5.4699213353715646,1.0579995465085656,97,97,1,,False,False,11.112938599995687,0.0005898999952478334,0.007562600003439002,0.000240100001974497
C_hard_rooms,5,53,20117342,20117359,192,566,current_bounded_focal_alpha_0_50,current_goal_geometry_bounded_rays_one_hop_actions,reopening_fhat_focal,384,True,True,28,5.469921335371566,5.4699213353715646,1.0000000000000002,134,134,1,4.9812738269454355,False,False,11.112938599995687,0.0006043000030331314,0.0,0.0010973999960697256
C_hard_rooms,6,54,20196542,20196559,192,603,euclid,current_goal_geometry_only,no_reopen_astar,384,True,True,32,5.91686846382187,5.916868463821869,1.0000000000000002,168,168,1,,False,False,8.579999848734587e-05,0.0,0.0,0.0005559000055654906
C_hard_rooms,6,54,20196542,20196559,192,603,field_hrm,complete_64x64_occupancy_goal_raster,no_reopen_astar,384,True,True,32,5.970091709372155,5.916868463821869,1.0089951713268115,109,109,1,,False,False,0.6790365999986534,0.0,0.0,0.0003586000020732172
C_hard_rooms,6,54,20196542,20196559,192,603,field_onlstm,complete_64x64_occupancy_goal_raster,no_reopen_astar,384,True,True,32,6.017676987551744,5.916868463821869,1.017037479258878,155,155,1,,False,False,0.7155018000048585,0.0,0.0,0.0005205999987083487
C_hard_rooms,6,54,20196542,20196559,192,603,field_unet,complete_64x64_occupancy_goal_raster,no_reopen_astar,384,True,True,33,6.069879932933921,5.916868463821869,1.025860211368163,147,147,1,,False,False,0.5713070000056177,0.0,0.0,0.00045989999489393085
C_hard_rooms,6,54,20196542,20196559,192,603,oracle,exact_full_graph_cost_to_go_evaluation_only,no_reopen_astar,384,True,True,32,5.91686846382187,5.916868463821869,1.0000000000000002,33,33,1,,False,False,0.00023040000087348744,0.0,0.0,0.00010879999899771065
C_hard_rooms,6,54,20196542,20196559,192,603,scalar_hrm,global_obstacle_list_summaries_sectors_plus_rays_goal,no_reopen_astar,384,True,True,32,6.115979295768759,5.916868463821869,1.0336513872438324,107,107,1,,False,False,2.7945278999977745,0.0,0.0,0.0003617999973357655
C_hard_rooms,6,54,20196542,20196559,192,603,scalar_onlstm,global_obstacle_list_summaries_sectors_plus_rays_goal,no_reopen_astar,384,True,True,32,6.023883687733668,5.916868463821869,1.0180864632306994,122,122,1,,False,False,2.837558799998078,0.0,0.0,0.0004355000055511482
C_hard_rooms,6,54,20196542,20196559,192,603,current_local_backup_alpha_1_50,current_goal_geometry_bounded_rays_one_hop_actions_plus_radius_bounded_local_subgraph_and_frozen_exit_values,no_reopen_astar,384,True,True,32,5.944088798527793,5.916868463821869,1.0046004630443215,127,127,1,,False,False,8.486448100004054,0.000651100002869498,0.008363699998881202,0.0002700000040931627
C_hard_rooms,6,54,20196542,20196559,192,603,current_bounded_focal_alpha_0_50,current_goal_geometry_bounded_rays_one_hop_actions,reopening_fhat_focal,384,True,True,32,5.91686846382187,5.916868463821869,1.0000000000000002,170,167,2,5.744930390761698,False,False,8.486448100004054,0.000588800001423806,0.0,0.0013286000030348077
C_hard_rooms,7,55,20228222,20228239,192,590,euclid,current_goal_geometry_only,no_reopen_astar,384,True,True,31,6.149569389144045,6.149569389144047,0.9999999999999996,145,145,1,,False,False,4.730000364361331e-05,0.0,0.0,0.00041820000478764996
C_hard_rooms,7,55,20228222,20228239,192,590,field_hrm,complete_64x64_occupancy_goal_raster,no_reopen_astar,384,True,True,32,6.452096280770567,6.149569389144047,1.049194809015502,131,131,1,,False,False,0.6663228000033996,0.0,0.0,0.0004087999986950308
C_hard_rooms,7,55,20228222,20228239,192,590,field_onlstm,complete_64x64_occupancy_goal_raster,no_reopen_astar,384,True,True,32,6.408278911337963,6.149569389144047,1.0420695346003608,132,132,1,,False,False,0.7372823000041535,0.0,0.0,0.0003834999952232465
C_hard_rooms,7,55,20228222,20228239,192,590,field_unet,complete_64x64_occupancy_goal_raster,no_reopen_astar,384,True,True,30,6.294566418804063,6.149569389144047,1.023578403703515,104,104,1,,False,False,0.6293090999970445,0.0,0.0,0.00032140000257641077
C_hard_rooms,7,55,20228222,20228239,192,590,oracle,exact_full_graph_cost_to_go_evaluation_only,no_reopen_astar,384,True,True,31,6.149569389144045,6.149569389144047,0.9999999999999996,32,32,1,,False,False,0.00037149999843677506,0.0,0.0,0.0001435999947716482
C_hard_rooms,7,55,20228222,20228239,192,590,scalar_hrm,global_obstacle_list_summaries_sectors_plus_rays_goal,no_reopen_astar,384,True,True,32,6.381766853855794,6.149569389144047,1.0377583290826264,123,123,1,,False,False,2.7850995999979204,0.0,0.0,0.000375000003259629
C_hard_rooms,7,55,20228222,20228239,192,590,scalar_onlstm,global_obstacle_list_summaries_sectors_plus_rays_goal,no_reopen_astar,384,True,True,32,6.382743203112171,6.149569389144047,1.0379170961758315,106,106,1,,False,False,2.6629773000022396,0.0,0.0,0.00031969999690772966
C_hard_rooms,7,55,20228222,20228239,192,590,current_local_backup_alpha_1_50,current_goal_geometry_bounded_rays_one_hop_actions_plus_radius_bounded_local_subgraph_and_frozen_exit_values,no_reopen_astar,384,True,True,31,6.149569389144045,6.149569389144047,0.9999999999999996,108,108,1,,False,False,8.474965800000064,0.0006466999984695576,0.008215499998186715,0.0003324999997857958
C_hard_rooms,7,55,20228222,20228239,192,590,current_bounded_focal_alpha_0_50,current_goal_geometry_bounded_rays_one_hop_actions,reopening_fhat_focal,384,True,True,31,6.149569389144045,6.149569389144047,0.9999999999999996,140,139,2,5.859181444629972,False,False,8.474965800000064,0.0005731999990530312,0.0,0.0010986999986926094
C_hard_rooms,8,56,20362862,20362879,192,557,euclid,current_goal_geometry_only,no_reopen_astar,384,True,True,34,5.530044432837568,5.530044432837569,0.9999999999999999,141,141,1,,False,False,6.489999941550195e-05,0.0,0.0,0.0004172999979346059
C_hard_rooms,8,56,20362862,20362879,192,557,field_hrm,complete_64x64_occupancy_goal_raster,no_reopen_astar,384,True,True,34,5.530044432837568,5.530044432837569,0.9999999999999999,92,92,1,,False,False,0.7432111000016448,0.0,0.0,0.00027260000206297264
C_hard_rooms,8,56,20362862,20362879,192,557,field_onlstm,complete_64x64_occupancy_goal_raster,no_reopen_astar,384,True,True,35,5.570904817060235,5.530044432837569,1.0073887985384054,128,128,1,,False,False,0.8266172999938135,0.0,0.0,0.0003614000015659258
C_hard_rooms,8,56,20362862,20362879,192,557,field_unet,complete_64x64_occupancy_goal_raster,no_reopen_astar,384,True,True,34,5.530044432837568,5.530044432837569,0.9999999999999999,121,121,1,,False,False,0.7186416999975336,0.0,0.0,0.00032869999995455146
C_hard_rooms,8,56,20362862,20362879,192,557,oracle,exact_full_graph_cost_to_go_evaluation_only,no_reopen_astar,384,True,True,34,5.530044432837568,5.530044432837569,0.9999999999999999,35,35,1,,False,False,0.00023689999943599105,0.0,0.0,0.0001097999993362464
C_hard_rooms,8,56,20362862,20362879,192,557,scalar_hrm,global_obstacle_list_summaries_sectors_plus_rays_goal,no_reopen_astar,384,True,True,35,5.6216949082106735,5.530044432837569,1.0165731896888353,106,106,1,,False,False,3.299011499999324,0.0,0.0,0.0003660000002128072
C_hard_rooms,8,56,20362862,20362879,192,557,scalar_onlstm,global_obstacle_list_summaries_sectors_plus_rays_goal,no_reopen_astar,384,True,True,35,5.592847796680747,5.530044432837569,1.0113567557378473,96,96,1,,False,False,3.2480700999949477,0.0,0.0,0.00040950000402517617
C_hard_rooms,8,56,20362862,20362879,192,557,current_local_backup_alpha_1_50,current_goal_geometry_bounded_rays_one_hop_actions_plus_radius_bounded_local_subgraph_and_frozen_exit_values,no_reopen_astar,384,True,True,34,5.549753816086183,5.530044432837569,1.003564055133369,90,90,1,,False,False,9.843246800002817,0.0006729000015184283,0.008899799999198876,0.00019009999959962443
C_hard_rooms,8,56,20362862,20362879,192,557,current_bounded_focal_alpha_0_50,current_goal_geometry_bounded_rays_one_hop_actions,reopening_fhat_focal,384,True,True,34,5.530044432837568,5.530044432837569,0.9999999999999999,138,138,1,5.124656746590158,False,False,9.843246800002817,0.0004641999985324219,0.0,0.000980599994363729
C_hard_rooms,9,57,20647982,20647999,192,546,euclid,current_goal_geometry_only,no_reopen_astar,384,True,True,33,6.13743384987659,6.137433849876592,0.9999999999999997,148,148,1,,False,False,8.849999721860513e-05,0.0,0.0,0.0004417999953147955
C_hard_rooms,9,57,20647982,20647999,192,546,field_hrm,complete_64x64_occupancy_goal_raster,no_reopen_astar,384,True,True,33,6.13743384987659,6.137433849876592,0.9999999999999997,110,110,1,,False,False,0.876437500002794,0.0,0.0,0.00033599999733269215
C_hard_rooms,9,57,20647982,20647999,192,546,field_onlstm,complete_64x64_occupancy_goal_raster,no_reopen_astar,384,True,True,33,6.197882345288463,6.137433849876592,1.0098491481766578,132,132,1,,False,False,0.8752951999995275,0.0,0.0,0.00038109999877633527
C_hard_rooms,9,57,20647982,20647999,192,546,field_unet,complete_64x64_occupancy_goal_raster,no_reopen_astar,384,True,True,33,6.17866054436872,6.137433849876592,1.006717252764029,119,119,1,,False,False,0.7786976999996114,0.0,0.0,0.0003496999997878447
C_hard_rooms,9,57,20647982,20647999,192,546,oracle,exact_full_graph_cost_to_go_evaluation_only,no_reopen_astar,384,True,True,33,6.13743384987659,6.137433849876592,0.9999999999999997,34,34,1,,False,False,0.0003192000003764406,0.0,0.0,0.000112599998828955
C_hard_rooms,9,57,20647982,20647999,192,546,scalar_hrm,global_obstacle_list_summaries_sectors_plus_rays_goal,no_reopen_astar,384,True,True,33,6.239941717703534,6.137433849876592,1.016702072940306,113,113,1,,False,False,3.4363204999972368,0.0,0.0,0.00033800000528572127
C_hard_rooms,9,57,20647982,20647999,192,546,scalar_onlstm,global_obstacle_list_summaries_sectors_plus_rays_goal,no_reopen_astar,384,True,True,33,6.197882345288463,6.137433849876592,1.0098491481766578,103,103,1,,False,False,3.4199825000032433,0.0,0.0,0.0003431000004638918
C_hard_rooms,9,57,20647982,20647999,192,546,current_local_backup_alpha_1_50,current_goal_geometry_bounded_rays_one_hop_actions_plus_radius_bounded_local_subgraph_and_frozen_exit_values,no_reopen_astar,384,True,True,33,6.29479543364495,6.137433849876592,1.0256396382620925,112,112,1,,False,False,10.13037759999861,0.0005986000032862648,0.007206499998574145,0.0002817999993567355
C_hard_rooms,9,57,20647982,20647999,192,546,current_bounded_focal_alpha_0_50,current_goal_geometry_bounded_rays_one_hop_actions,reopening_fhat_focal,384,True,True,33,6.13743384987659,6.137433849876592,0.9999999999999997,137,132,2,5.671735972109556,False,False,10.13037759999861,0.0007627000013599172,0.0,0.0010632999983499758
C_hard_rooms,10,58,20853902,20853919,192,573,euclid,current_goal_geometry_only,no_reopen_astar,384,True,True,37,6.582100067751684,6.582100067751684,1.0,145,145,1,,False,False,8.830000297166407e-05,0.0,0.0,0.0004678999976022169
C_hard_rooms,10,58,20853902,20853919,192,573,field_hrm,complete_64x64_occupancy_goal_raster,no_reopen_astar,384,True,True,37,6.644748770999915,6.582100067751684,1.0095180417501053,122,122,1,,False,False,0.8804565000027651,0.0,0.0,0.0003253999966545962
C_hard_rooms,10,58,20853902,20853919,192,573,field_onlstm,complete_64x64_occupancy_goal_raster,no_reopen_astar,384,True,True,38,6.612336237769153,6.582100067751684,1.0045936964959874,139,139,1,,False,False,0.9423692000054871,0.0,0.0,0.00040839999564923346
C_hard_rooms,10,58,20853902,20853919,192,573,field_unet,complete_64x64_occupancy_goal_raster,no_reopen_astar,384,True,True,37,6.617754706079105,6.582100067751684,1.0054169091871008,138,138,1,,False,False,0.8799265999987256,0.0,0.0,0.00042609999945852906
C_hard_rooms,10,58,20853902,20853919,192,573,oracle,exact_full_graph_cost_to_go_evaluation_only,no_reopen_astar,384,True,True,37,6.582100067751684,6.582100067751684,1.0,38,38,1,,False,False,0.000225499999942258,0.0,0.0,0.00014199999714037403
C_hard_rooms,10,58,20853902,20853919,192,573,scalar_hrm,global_obstacle_list_summaries_sectors_plus_rays_goal,no_reopen_astar,384,True,True,37,6.634703555910078,6.582100067751684,1.007991900399102,115,115,1,,False,False,3.6599963000044227,0.0,0.0,0.0005691999976988882
C_hard_rooms,10,58,20853902,20853919,192,573,scalar_onlstm,global_obstacle_list_summaries_sectors_plus_rays_goal,no_reopen_astar,384,True,True,37,6.634703555910078,6.582100067751684,1.007991900399102,118,118,1,,False,False,3.7349682999993092,0.0,0.0,0.0004025000016554259
C_hard_rooms,10,58,20853902,20853919,192,573,current_local_backup_alpha_1_50,current_goal_geometry_bounded_rays_one_hop_actions_plus_radius_bounded_local_subgraph_and_frozen_exit_values,no_reopen_astar,384,True,True,39,6.6602697054499105,6.582100067751684,1.0118760937836861,105,105,1,,False,False,10.953437999996822,0.0006094999989727512,0.008497700000589248,0.0002486000012140721
C_hard_rooms,10,58,20853902,20853919,192,573,current_bounded_focal_alpha_0_50,current_goal_geometry_bounded_rays_one_hop_actions,reopening_fhat_focal,384,True,True,37,6.582100067751684,6.582100067751684,1.0,143,143,1,6.520562968900223,False,False,10.953437999996822,0.0007846000007702969,0.0,0.001113800004532095
C_hard_rooms,11,59,21020222,21020239,192,547,euclid,current_goal_geometry_only,no_reopen_astar,384,True,True,41,7.518971467438686,7.518971467438686,1.0,135,135,1,,False,False,8.520000119460747e-05,0.0,0.0,0.0004155999995418824
C_hard_rooms,11,59,21020222,21020239,192,547,field_hrm,complete_64x64_occupancy_goal_raster,no_reopen_astar,384,True,True,40,7.666324083883065,7.518971467438686,1.0195974432251138,135,135,1,,False,False,0.8308186000067508,0.0,0.0,0.0005063999997219071
C_hard_rooms,11,59,21020222,21020239,192,547,field_onlstm,complete_64x64_occupancy_goal_raster,no_reopen_astar,384,True,True,41,7.604018384130536,7.518971467438686,1.011310977446869,133,133,1,,False,False,0.8269657999990159,0.0,0.0,0.0003656000044429675
C_hard_rooms,11,59,21020222,21020239,192,547,field_unet,complete_64x64_occupancy_goal_raster,no_reopen_astar,384,True,True,41,7.6860090242197545,7.518971467438686,1.0222154795379175,135,135,1,,False,False,0.8028322000027401,0.0,0.0,0.00038409999979194254
C_hard_rooms,11,59,21020222,21020239,192,547,oracle,exact_full_graph_cost_to_go_evaluation_only,no_reopen_astar,384,True,True,41,7.518971467438686,7.518971467438686,1.0,42,42,1,,False,False,0.00022639999951934442,0.0,0.0,0.0001429999974789098
C_hard_rooms,11,59,21020222,21020239,192,547,scalar_hrm,global_obstacle_list_summaries_sectors_plus_rays_goal,no_reopen_astar,384,True,True,40,7.645995858621327,7.518971467438686,1.0168938520025947,131,131,1,,False,False,3.0728795000031823,0.0,0.0,0.00037150000571273267
C_hard_rooms,11,59,21020222,21020239,192,547,scalar_onlstm,global_obstacle_list_summaries_sectors_plus_rays_goal,no_reopen_astar,384,True,True,40,7.608439378846046,7.518971467438686,1.0118989560998877,131,131,1,,False,False,3.168121999995492,0.0,0.0,0.00043650000588968396
C_hard_rooms,11,59,21020222,21020239,192,547,current_local_backup_alpha_1_50,current_goal_geometry_bounded_rays_one_hop_actions_plus_radius_bounded_local_subgraph_and_frozen_exit_values,no_reopen_astar,384,True,True,41,7.633177920673931,7.518971467438686,1.015189105814515,109,109,1,,False,False,9.527216900001804,0.0006381000057444908,0.007844700005080085,0.00023700000019744039
C_hard_rooms,11,59,21020222,21020239,192,547,current_bounded_focal_alpha_0_50,current_goal_geometry_bounded_rays_one_hop_actions,reopening_fhat_focal,384,True,True,41,7.5278467382597265,7.518971467438686,1.0011803836281965,134,134,1,7.511879711304812,False,False,9.527216900001804,0.00042240000038873404,0.0,0.0008517999958712608
C_hard_rooms,12,60,21059822,21059839,192,569,euclid,current_goal_geometry_only,no_reopen_astar,384,True,True,32,6.180388006848114,6.180388006848111,1.0000000000000004,137,137,1,,False,False,8.679999882588163e-05,0.0,0.0,0.00044609999895328656
C_hard_rooms,12,60,21059822,21059839,192,569,field_hrm,complete_64x64_occupancy_goal_raster,no_reopen_astar,384,True,True,32,6.180388006848114,6.180388006848111,1.0000000000000004,114,114,1,,False,False,0.7162424000052852,0.0,0.0,0.00040979999903356656
C_hard_rooms,12,60,21059822,21059839,192,569,field_onlstm,complete_64x64_occupancy_goal_raster,no_reopen_astar,384,True,True,34,6.296304560195069,6.180388006848111,1.018755546289087,132,132,1,,False,False,0.7550547999999253,0.0,0.0,0.00039180000021588057
C_hard_rooms,12,60,21059822,21059839,192,569,field_unet,complete_64x64_occupancy_goal_raster,no_reopen_astar,384,True,True,33,6.332054340184874,6.180388006848111,1.0245399371639305,119,119,1,,False,False,0.6441610000038054,0.0,0.0,0.00035850000131176785
C_hard_rooms,12,60,21059822,21059839,192,569,oracle,exact_full_graph_cost_to_go_evaluation_only,no_reopen_astar,384,True,True,32,6.180388006848114,6.180388006848111,1.0000000000000004,33,33,1,,False,False,0.00031630000012228265,0.0,0.0,0.00013310000213095918
C_hard_rooms,12,60,21059822,21059839,192,569,scalar_hrm,global_obstacle_list_summaries_sectors_plus_rays_goal,no_reopen_astar,384,True,True,34,6.296304560195069,6.180388006848111,1.018755546289087,108,108,1,,False,False,3.021547999996983,0.0,0.0,0.0003400999994482845
C_hard_rooms,12,60,21059822,21059839,192,569,scalar_onlstm,global_obstacle_list_summaries_sectors_plus_rays_goal,no_reopen_astar,384,True,True,35,6.407864840225143,6.180388006848111,1.036806238236981,105,105,1,,False,False,2.9186573999977554,0.0,0.0,0.000378700002329424
C_hard_rooms,12,60,21059822,21059839,192,569,current_local_backup_alpha_1_50,current_goal_geometry_bounded_rays_one_hop_actions_plus_radius_bounded_local_subgraph_and_frozen_exit_values,no_reopen_astar,384,True,True,32,6.2618682704352935,6.180388006848111,1.0131836809431543,94,94,1,,False,False,8.708442099996319,0.0006496999994851649,0.007729699995252304,0.00021570000535575673
C_hard_rooms,12,60,21059822,21059839,192,569,current_bounded_focal_alpha_0_50,current_goal_geometry_bounded_rays_one_hop_actions,reopening_fhat_focal,384,True,True,32,6.180388006848114,6.180388006848111,1.0000000000000004,137,137,1,6.180388006848114,False,False,8.708442099996319,0.0005223000043770298,0.0,0.0009072000029846095
C_hard_rooms,13,61,21099422,21099439,192,590,euclid,current_goal_geometry_only,no_reopen_astar,384,True,True,30,5.7006114302197775,5.7006114302197775,1.0,144,144,1,,False,False,6.849999772384763e-05,0.0,0.0,0.00042499999835854396
C_hard_rooms,13,61,21099422,21099439,192,590,field_hrm,complete_64x64_occupancy_goal_raster,no_reopen_astar,384,True,True,28,5.708675988969597,5.7006114302197775,1.0014146831175106,81,81,1,,False,False,0.5897119000001112,0.0,0.0,0.0002871000033337623
C_hard_rooms,13,61,21099422,21099439,192,590,field_onlstm,complete_64x64_occupancy_goal_raster,no_reopen_astar,384,True,True,30,5.899088707554959,5.7006114302197775,1.0348168402222655,105,105,1,,False,False,0.696090199999162,0.0,0.0,0.0003456999984337017
C_hard_rooms,13,61,21099422,21099439,192,590,field_unet,complete_64x64_occupancy_goal_raster,no_reopen_astar,384,True,True,30,5.703051617226709,5.7006114302197775,1.0004280570666502,94,94,1,,False,False,0.5923143000036362,0.0,0.0,0.00029409999842755497
C_hard_rooms,13,61,21099422,21099439,192,590,oracle,exact_full_graph_cost_to_go_evaluation_only,no_reopen_astar,384,True,True,30,5.7006114302197775,5.7006114302197775,1.0,31,31,1,,False,False,0.0002545000024838373,0.0,0.0,0.0001049999991664663
C_hard_rooms,13,61,21099422,21099439,192,590,scalar_hrm,global_obstacle_list_summaries_sectors_plus_rays_goal,no_reopen_astar,384,True,True,28,5.711450128581673,5.7006114302197775,1.0019013220765123,82,82,1,,False,False,2.6045119000045815,0.0,0.0,0.0003079000016441569
C_hard_rooms,13,61,21099422,21099439,192,590,scalar_onlstm,global_obstacle_list_summaries_sectors_plus_rays_goal,no_reopen_astar,384,True,True,29,5.951149788346167,5.7006114302197775,1.043949383534238,97,97,1,,False,False,2.519905100001779,0.0,0.0,0.000320400002237875
C_hard_rooms,13,61,21099422,21099439,192,590,current_local_backup_alpha_1_50,current_goal_geometry_bounded_rays_one_hop_actions_plus_radius_bounded_local_subgraph_and_frozen_exit_values,no_reopen_astar,384,True,True,29,5.74788449897106,5.7006114302197775,1.0082926312957732,96,96,1,,False,False,7.793321400000423,0.0008109999980661087,0.008825199998682365,0.0003690000012284145
C_hard_rooms,13,61,21099422,21099439,192,590,current_bounded_focal_alpha_0_50,current_goal_geometry_bounded_rays_one_hop_actions,reopening_fhat_focal,384,True,True,30,5.701688951508377,5.7006114302197775,1.000189018546833,138,138,1,5.2130988390369675,False,False,7.793321400000423,0.0005746000024373643,0.0,0.0009692000021459535
C_hard_rooms,14,62,21218222,21218239,192,553,euclid,current_goal_geometry_only,no_reopen_astar,384,True,True,34,6.271462519504288,6.27146251950429,0.9999999999999997,138,138,1,,False,False,9.839999984251335e-05,0.0,0.0,0.0005088999969302677
C_hard_rooms,14,62,21218222,21218239,192,553,field_hrm,complete_64x64_occupancy_goal_raster,no_reopen_astar,384,True,True,34,6.279258917115567,6.27146251950429,1.0012431546209566,111,111,1,,False,False,0.9399788000009721,0.0,0.0,0.0003308000013930723
C_hard_rooms,14,62,21218222,21218239,192,553,field_onlstm,complete_64x64_occupancy_goal_raster,no_reopen_astar,384,True,True,33,6.409215736017503,6.27146251950429,1.0219650864666414,132,132,1,,False,False,0.9468616000012844,0.0,0.0,0.00034890000097220764
C_hard_rooms,14,62,21218222,21218239,192,553,field_unet,complete_64x64_occupancy_goal_raster,no_reopen_astar,384,True,True,36,6.458163858004198,6.27146251950429,1.029769983942225,120,120,1,,False,False,0.9357872000036878,0.0,0.0,0.00035010000283364207
C_hard_rooms,14,62,21218222,21218239,192,553,oracle,exact_full_graph_cost_to_go_evaluation_only,no_reopen_astar,384,True,True,34,6.271462519504288,6.27146251950429,0.9999999999999997,35,35,1,,False,False,0.00023599999985890463,0.0,0.0,0.0001140000022132881
C_hard_rooms,14,62,21218222,21218239,192,553,scalar_hrm,global_obstacle_list_summaries_sectors_plus_rays_goal,no_reopen_astar,384,True,True,35,6.536314199745571,6.27146251950429,1.0422312466059696,115,115,1,,False,False,3.7071878999995533,0.0,0.0,0.0003501999963191338
C_hard_rooms,14,62,21218222,21218239,192,553,scalar_onlstm,global_obstacle_list_summaries_sectors_plus_rays_goal,no_reopen_astar,384,True,True,36,6.562442646913011,6.27146251950429,1.0463974912556315,122,122,1,,False,False,3.7338515000010375,0.0,0.0,0.00033319999783998355
C_hard_rooms,14,62,21218222,21218239,192,553,current_local_backup_alpha_1_50,current_goal_geometry_bounded_rays_one_hop_actions_plus_radius_bounded_local_subgraph_and_frozen_exit_values,no_reopen_astar,384,True,True,34,6.352047597202424,6.27146251950429,1.0128494872523777,96,96,1,,False,False,11.772641299998213,0.0006380999984685332,0.007416299995384179,0.00022419999731937423
C_hard_rooms,14,62,21218222,21218239,192,553,current_bounded_focal_alpha_0_50,current_goal_geometry_bounded_rays_one_hop_actions,reopening_fhat_focal,384,True,True,34,6.271462519504288,6.27146251950429,0.9999999999999997,137,137,1,6.043958969933362,False,False,11.772641299998213,0.0004270999997970648,0.0,0.000890600000275299
C_hard_rooms,15,63,21455822,21455839,192,524,euclid,current_goal_geometry_only,no_reopen_astar,384,True,True,31,5.534791476203527,5.534791476203526,1.0000000000000002,143,143,1,,False,False,6.030000076862052e-05,0.0,0.0,0.00043300000106683
C_hard_rooms,15,63,21455822,21455839,192,524,field_hrm,complete_64x64_occupancy_goal_raster,no_reopen_astar,384,True,True,32,5.806402824439983,5.534791476203526,1.0490734564082915,81,81,1,,False,False,0.9205134000003454,0.0,0.0,0.00026700000307755545
C_hard_rooms,15,63,21455822,21455839,192,524,field_onlstm,complete_64x64_occupancy_goal_raster,no_reopen_astar,384,True,True,31,5.592039429675951,5.534791476203526,1.0103432900261118,94,94,1,,False,False,0.9092012000037357,0.0,0.0,0.00029879999783588573
C_hard_rooms,15,63,21455822,21455839,192,524,field_unet,complete_64x64_occupancy_goal_raster,no_reopen_astar,384,True,True,31,5.588617391229823,5.534791476203526,1.0097250122715045,81,81,1,,False,False,0.9024863000013283,0.0,0.0,0.00033120000443886966
C_hard_rooms,15,63,21455822,21455839,192,524,oracle,exact_full_graph_cost_to_go_evaluation_only,no_reopen_astar,384,True,True,31,5.534791476203527,5.534791476203526,1.0000000000000002,32,32,1,,False,False,0.0003543999991961755,0.0,0.0,0.00015749999874969944
C_hard_rooms,15,63,21455822,21455839,192,524,scalar_hrm,global_obstacle_list_summaries_sectors_plus_rays_goal,no_reopen_astar,384,True,True,30,5.646971947959358,5.534791476203526,1.0202682381510026,75,75,1,,False,False,3.669391200004611,0.0,0.0,0.00032329999521607533
C_hard_rooms,15,63,21455822,21455839,192,524,scalar_onlstm,global_obstacle_list_summaries_sectors_plus_rays_goal,no_reopen_astar,384,True,True,31,5.725803087618102,5.534791476203526,1.0345110763857714,66,66,1,,False,False,3.6172177999978885,0.0,0.0,0.0002747000035014935
C_hard_rooms,15,63,21455822,21455839,192,524,current_local_backup_alpha_1_50,current_goal_geometry_bounded_rays_one_hop_actions_plus_radius_bounded_local_subgraph_and_frozen_exit_values,no_reopen_astar,384,True,True,30,5.569046400727533,5.534791476203526,1.0061890180815816,92,92,1,,False,False,11.131716700001562,0.0007428000026266091,0.007733799997367896,0.00021489999926416203
C_hard_rooms,15,63,21455822,21455839,192,524,current_bounded_focal_alpha_0_50,current_goal_geometry_bounded_rays_one_hop_actions,reopening_fhat_focal,384,True,True,31,5.534791476203527,5.534791476203526,1.0000000000000002,133,133,1,5.192047324224838,False,False,11.131716700001562,0.000443900004029274,0.0,0.0009982000046875328
C_hard_rooms,16,64,21645902,21645919,192,569,euclid,current_goal_geometry_only,no_reopen_astar,384,True,True,23,4.600295411886861,4.60029541188686,1.0000000000000002,131,131,1,,False,False,0.00012710000009974465,0.0,0.0,0.0005090999984531663
C_hard_rooms,16,64,21645902,21645919,192,569,field_hrm,complete_64x64_occupancy_goal_raster,no_reopen_astar,384,True,True,24,4.680578338481915,4.60029541188686,1.017451689382297,67,67,1,,False,False,0.8739602000059676,0.0,0.0,0.00024950000079115853
C_hard_rooms,16,64,21645902,21645919,192,569,field_onlstm,complete_64x64_occupancy_goal_raster,no_reopen_astar,384,True,True,24,4.680578338481915,4.60029541188686,1.017451689382297,94,94,1,,False,False,0.9175934000013513,0.0,0.0,0.0002479999966453761
C_hard_rooms,16,64,21645902,21645919,192,569,field_unet,complete_64x64_occupancy_goal_raster,no_reopen_astar,384,True,True,24,4.609552867568245,4.60029541188686,1.002012361131736,73,73,1,,False,False,0.7848436999993282,0.0,0.0,0.0002538999979151413
C_hard_rooms,16,64,21645902,21645919,192,569,oracle,exact_full_graph_cost_to_go_evaluation_only,no_reopen_astar,384,True,True,23,4.600295411886861,4.60029541188686,1.0000000000000002,24,24,1,,False,False,0.00024130000383593142,0.0,0.0,8.119999984046444e-05
C_hard_rooms,16,64,21645902,21645919,192,569,scalar_hrm,global_obstacle_list_summaries_sectors_plus_rays_goal,no_reopen_astar,384,True,True,26,4.916348101281129,4.60029541188686,1.0687026943047202,76,76,1,,False,False,3.5869183000031626,0.0,0.0,0.00029720000020461157
C_hard_rooms,16,64,21645902,21645919,192,569,scalar_onlstm,global_obstacle_list_summaries_sectors_plus_rays_goal,no_reopen_astar,384,True,True,25,4.769069330744657,4.60029541188686,1.0366876262819333,65,65,1,,False,False,3.6389750000016647,0.0,0.0,0.00025600000662961975
C_hard_rooms,16,64,21645902,21645919,192,569,current_local_backup_alpha_1_50,current_goal_geometry_bounded_rays_one_hop_actions_plus_radius_bounded_local_subgraph_and_frozen_exit_values,no_reopen_astar,384,True,True,23,4.61374375535552,4.60029541188686,1.002923365189529,55,55,1,,False,False,10.807757899994613,0.0007555000047432259,0.008231900006649084,0.00019020000036107376
C_hard_rooms,16,64,21645902,21645919,192,569,current_bounded_focal_alpha_0_50,current_goal_geometry_bounded_rays_one_hop_actions,reopening_fhat_focal,384,True,True,23,4.600295411886861,4.60029541188686,1.0000000000000002,127,127,1,4.383773998349484,False,False,10.807757899994613,0.0005988999982946552,0.0,0.0011109000042779371
C_hard_rooms,17,65,21725102,21725119,192,594,euclid,current_goal_geometry_only,no_reopen_astar,384,True,True,30,5.720146097653139,5.720146097653138,1.0000000000000002,156,156,1,,False,False,8.459999662591144e-05,0.0,0.0,0.0005133999948156998
C_hard_rooms,17,65,21725102,21725119,192,594,field_hrm,complete_64x64_occupancy_goal_raster,no_reopen_astar,384,True,True,30,5.819128056574616,5.720146097653138,1.0173040962995838,97,97,1,,False,False,0.57116269999824,0.0,0.0,0.0003223000021534972
C_hard_rooms,17,65,21725102,21725119,192,594,field_onlstm,complete_64x64_occupancy_goal_raster,no_reopen_astar,384,True,True,29,5.863560603856987,5.720146097653138,1.0250718257463196,142,142,1,,False,False,0.6160668000011356,0.0,0.0,0.0005147999982000329
C_hard_rooms,17,65,21725102,21725119,192,594,field_unet,complete_64x64_occupancy_goal_raster,no_reopen_astar,384,True,True,30,5.824222429751966,5.720146097653138,1.018194698233587,117,117,1,,False,False,0.5045132000013837,0.0,0.0,0.00036970000655855983
C_hard_rooms,17,65,21725102,21725119,192,594,oracle,exact_full_graph_cost_to_go_evaluation_only,no_reopen_astar,384,True,True,30,5.720146097653139,5.720146097653138,1.0000000000000002,31,31,1,,False,False,0.00026310000248486176,0.0,0.0,0.00011380000069038942
C_hard_rooms,17,65,21725102,21725119,192,594,scalar_hrm,global_obstacle_list_summaries_sectors_plus_rays_goal,no_reopen_astar,384,True,True,29,5.788953030507302,5.720146097653138,1.0120288768292813,106,106,1,,False,False,2.2862655999997514,0.0,0.0,0.0002660000027390197
C_hard_rooms,17,65,21725102,21725119,192,594,scalar_onlstm,global_obstacle_list_summaries_sectors_plus_rays_goal,no_reopen_astar,384,True,True,31,5.8416743655585925,5.720146097653138,1.0212456580357825,134,134,1,,False,False,2.5166906000013114,0.0,0.0,0.0004134999981033616
C_hard_rooms,17,65,21725102,21725119,192,594,current_local_backup_alpha_1_50,current_goal_geometry_bounded_rays_one_hop_actions_plus_radius_bounded_local_subgraph_and_frozen_exit_values,no_reopen_astar,384,True,True,30,5.727735674704978,5.720146097653138,1.0013268152460222,80,80,1,,False,False,7.980744299995422,0.0005863000042154454,0.008051299999351613,0.00021149999520275742
C_hard_rooms,17,65,21725102,21725119,192,594,current_bounded_focal_alpha_0_50,current_goal_geometry_bounded_rays_one_hop_actions,reopening_fhat_focal,384,True,True,30,5.720146097653139,5.720146097653138,1.0000000000000002,162,156,2,5.720146097653139,False,False,7.980744299995422,0.00035370000114198774,0.0,0.0012289000005694106
C_hard_rooms,18,66,22033982,22033999,192,597,euclid,current_goal_geometry_only,no_reopen_astar,384,True,True,36,6.343929320655243,6.343929320655241,1.0000000000000002,143,143,1,,False,False,4.539999645203352e-05,0.0,0.0,0.0004172999979346059
C_hard_rooms,18,66,22033982,22033999,192,597,field_hrm,complete_64x64_occupancy_goal_raster,no_reopen_astar,384,True,True,37,6.412710692464176,6.343929320655241,1.0108420772572275,120,120,1,,False,False,0.6301248000017949,0.0,0.0,0.00036949999775970355
C_hard_rooms,18,66,22033982,22033999,192,597,field_onlstm,complete_64x64_occupancy_goal_raster,no_reopen_astar,384,True,True,37,6.504468110433316,6.343929320655241,1.0253058919265345,134,134,1,,False,False,0.5830659999992349,0.0,0.0,0.0003858999989461154
C_hard_rooms,18,66,22033982,22033999,192,597,field_unet,complete_64x64_occupancy_goal_raster,no_reopen_astar,384,True,True,36,6.437143220283697,6.343929320655241,1.0146934013474835,136,136,1,,False,False,0.5562538000012864,0.0,0.0,0.00038219999987632036
C_hard_rooms,18,66,22033982,22033999,192,597,oracle,exact_full_graph_cost_to_go_evaluation_only,no_reopen_astar,384,True,True,36,6.343929320655243,6.343929320655241,1.0000000000000002,37,37,1,,False,False,0.0002401999954599887,0.0,0.0,0.0001227999964612536
C_hard_rooms,18,66,22033982,22033999,192,597,scalar_hrm,global_obstacle_list_summaries_sectors_plus_rays_goal,no_reopen_astar,384,True,True,37,6.6388505605412815,6.343929320655241,1.0464887335560005,122,122,1,,False,False,2.4968393000017386,0.0,0.0,0.00040100000478560105
C_hard_rooms,18,66,22033982,22033999,192,597,scalar_onlstm,global_obstacle_list_summaries_sectors_plus_rays_goal,no_reopen_astar,384,True,True,36,6.553922059778116,6.343929320655241,1.0331013680179504,118,118,1,,False,False,2.5760112999996636,0.0,0.0,0.0004036999962409027
C_hard_rooms,18,66,22033982,22033999,192,597,current_local_backup_alpha_1_50,current_goal_geometry_bounded_rays_one_hop_actions_plus_radius_bounded_local_subgraph_and_frozen_exit_values,no_reopen_astar,384,True,True,35,6.361697134083545,6.343929320655241,1.0028007584148917,93,93,1,,False,False,8.003432799996517,0.0006495999987237155,0.008924200003093574,0.00022020000324118882
C_hard_rooms,18,66,22033982,22033999,192,597,current_bounded_focal_alpha_0_50,current_goal_geometry_bounded_rays_one_hop_actions,reopening_fhat_focal,384,True,True,36,6.343929320655243,6.343929320655241,1.0000000000000002,139,139,1,6.010005294645239,False,False,8.003432799996517,0.0008816000045044348,0.0,0.0011174999963259324
C_hard_rooms,19,67,22049822,22049839,192,556,euclid,current_goal_geometry_only,no_reopen_astar,384,True,True,33,6.464927100259474,6.464927100259472,1.0000000000000002,151,151,1,,False,False,5.8800003898795694e-05,0.0,0.0,0.00047990000166464597
C_hard_rooms,19,67,22049822,22049839,192,556,field_hrm,complete_64x64_occupancy_goal_raster,no_reopen_astar,384,True,True,34,6.669933530679152,6.464927100259472,1.0317105556242778,137,137,1,,False,False,0.767123099998571,0.0,0.0,0.00039649999962421134
C_hard_rooms,19,67,22049822,22049839,192,556,field_onlstm,complete_64x64_occupancy_goal_raster,no_reopen_astar,384,True,True,33,6.465252618448599,6.464927100259472,1.0000503514090846,145,145,1,,False,False,0.794930199997907,0.0,0.0,0.0004168999948888086
C_hard_rooms,19,67,22049822,22049839,192,556,field_unet,complete_64x64_occupancy_goal_raster,no_reopen_astar,384,True,True,33,6.522183536744944,6.464927100259472,1.0088564705521852,131,131,1,,False,False,0.7260110999995959,0.0,0.0,0.00037459999293787405
C_hard_rooms,19,67,22049822,22049839,192,556,oracle,exact_full_graph_cost_to_go_evaluation_only,no_reopen_astar,384,True,True,33,6.464927100259474,6.464927100259472,1.0000000000000002,34,34,1,,False,False,0.0002345000029890798,0.0,0.0,0.0001229999979841523
C_hard_rooms,19,67,22049822,22049839,192,556,scalar_hrm,global_obstacle_list_summaries_sectors_plus_rays_goal,no_reopen_astar,384,True,True,35,6.620643459084336,6.464927100259472,1.0240863286484103,133,133,1,,False,False,3.0971410000056494,0.0,0.0,0.0003921999959857203
C_hard_rooms,19,67,22049822,22049839,192,556,scalar_onlstm,global_obstacle_list_summaries_sectors_plus_rays_goal,no_reopen_astar,384,True,True,33,6.528211173511311,6.464927100259472,1.009788830139987,102,102,1,,False,False,3.0166930999985198,0.0,0.0,0.00033490000350866467
C_hard_rooms,19,67,22049822,22049839,192,556,current_local_backup_alpha_1_50,current_goal_geometry_bounded_rays_one_hop_actions_plus_radius_bounded_local_subgraph_and_frozen_exit_values,no_reopen_astar,384,True,True,33,6.5429919081322465,6.464927100259472,1.0120751257766916,101,101,1,,False,False,9.433688400000392,0.000636800003121607,0.00882860000274377,0.0002722000062931329
C_hard_rooms,19,67,22049822,22049839,192,556,current_bounded_focal_alpha_0_50,current_goal_geometry_bounded_rays_one_hop_actions,reopening_fhat_focal,384,True,True,33,6.464927100259474,6.464927100259472,1.0000000000000002,154,150,2,6.462224951050818,False,False,9.433688400000392,0.0005863999977009371,0.0,0.0011721999981091358
C_hard_rooms,20,68,22192382,22192399,192,517,euclid,current_goal_geometry_only,no_reopen_astar,384,True,True,32,6.1421138841897,6.1421138841897,1.0,158,158,1,,False,False,6.67000058456324e-05,0.0,0.0,0.00048329999845009297
C_hard_rooms,20,68,22192382,22192399,192,517,field_hrm,complete_64x64_occupancy_goal_raster,no_reopen_astar,384,True,True,31,6.253961421738997,6.1421138841897,1.018209941993619,128,128,1,,False,False,0.7693253999968874,0.0,0.0,0.0004936999976052903
C_hard_rooms,20,68,22192382,22192399,192,517,field_onlstm,complete_64x64_occupancy_goal_raster,no_reopen_astar,384,True,True,33,6.290542170956724,6.1421138841897,1.0241656682968856,159,159,1,,False,False,0.8338102999987314,0.0,0.0,0.00042099999700440094
C_hard_rooms,20,68,22192382,22192399,192,517,field_unet,complete_64x64_occupancy_goal_raster,no_reopen_astar,384,True,True,32,6.144694668017936,6.1421138841897,1.0004201784396867,138,138,1,,False,False,0.727877700002864,0.0,0.0,0.0003695999985211529
C_hard_rooms,20,68,22192382,22192399,192,517,oracle,exact_full_graph_cost_to_go_evaluation_only,no_reopen_astar,384,True,True,32,6.1421138841897,6.1421138841897,1.0,33,33,1,,False,False,0.0002167999991797842,0.0,0.0,0.00011049999739043415
C_hard_rooms,20,68,22192382,22192399,192,517,scalar_hrm,global_obstacle_list_summaries_sectors_plus_rays_goal,no_reopen_astar,384,True,True,32,6.231221334334966,6.1421138841897,1.0145076193351992,123,123,1,,False,False,3.18074749999505,0.0,0.0,0.0003528000015649013
C_hard_rooms,20,68,22192382,22192399,192,517,scalar_onlstm,global_obstacle_list_summaries_sectors_plus_rays_goal,no_reopen_astar,384,True,True,31,6.332939230482463,6.1421138841897,1.0310683503905655,109,109,1,,False,False,3.130739899999753,0.0,0.0,0.00032140000257641077
C_hard_rooms,20,68,22192382,22192399,192,517,current_local_backup_alpha_1_50,current_goal_geometry_bounded_rays_one_hop_actions_plus_radius_bounded_local_subgraph_and_frozen_exit_values,no_reopen_astar,384,True,True,32,6.266358294889765,6.1421138841897,1.0202282818330477,99,99,1,,False,False,9.839544900001783,0.0007230000046547502,0.007821899998816662,0.00024900000425986946
C_hard_rooms,20,68,22192382,22192399,192,517,current_bounded_focal_alpha_0_50,current_goal_geometry_bounded_rays_one_hop_actions,reopening_fhat_focal,384,True,True,32,6.1421138841897,6.1421138841897,1.0,161,156,2,6.036496319973252,False,False,9.839544900001783,0.0007887000028858893,0.0,0.001284400001168251
C_hard_rooms,21,69,22327022,22327039,192,593,euclid,current_goal_geometry_only,no_reopen_astar,384,True,True,29,5.820888326538239,5.820888326538237,1.0000000000000002,133,133,1,,False,False,5.699999746866524e-05,0.0,0.0,0.00039029999607009813
C_hard_rooms,21,69,22327022,22327039,192,593,field_hrm,complete_64x64_occupancy_goal_raster,no_reopen_astar,384,True,True,29,5.86244251105495,5.820888326538237,1.0071388046266514,80,80,1,,False,False,0.5740957999951206,0.0,0.0,0.00027409999893279746
C_hard_rooms,21,69,22327022,22327039,192,593,field_onlstm,complete_64x64_occupancy_goal_raster,no_reopen_astar,384,True,True,29,5.8910175127393325,5.820888326538237,1.0120478494461689,112,112,1,,False,False,0.6299099000025308,0.0,0.0,0.00035090000164927915
C_hard_rooms,21,69,22327022,22327039,192,593,field_unet,complete_64x64_occupancy_goal_raster,no_reopen_astar,384,True,True,29,5.9409334458657295,5.820888326538237,1.0206231613790269,111,111,1,,False,False,0.5569147999995039,0.0,0.0,0.0003474000041023828
C_hard_rooms,21,69,22327022,22327039,192,593,oracle,exact_full_graph_cost_to_go_evaluation_only,no_reopen_astar,384,True,True,29,5.820888326538239,5.820888326538237,1.0000000000000002,30,30,1,,False,False,0.0002562000008765608,0.0,0.0,0.00011289999383734539
C_hard_rooms,21,69,22327022,22327039,192,593,scalar_hrm,global_obstacle_list_summaries_sectors_plus_rays_goal,no_reopen_astar,384,True,True,29,5.902749365125351,5.820888326538237,1.0140633240142913,98,98,1,,False,False,2.4595162000041455,0.0,0.0,0.00037680000241380185
C_hard_rooms,21,69,22327022,22327039,192,593,scalar_onlstm,global_obstacle_list_summaries_sectors_plus_rays_goal,no_reopen_astar,384,True,True,29,5.905573212761852,5.820888326538237,1.0145484471566866,73,73,1,,False,False,2.408943399997952,0.0,0.0,0.00030479999986710027
C_hard_rooms,21,69,22327022,22327039,192,593,current_local_backup_alpha_1_50,current_goal_geometry_bounded_rays_one_hop_actions_plus_radius_bounded_local_subgraph_and_frozen_exit_values,no_reopen_astar,384,True,True,29,5.820888326538239,5.820888326538237,1.0000000000000002,99,99,1,,False,False,7.5440249999955995,0.0006806000019423664,0.009636399998271372,0.00033070000063162297
C_hard_rooms,21,69,22327022,22327039,192,593,current_bounded_focal_alpha_0_50,current_goal_geometry_bounded_rays_one_hop_actions,reopening_fhat_focal,384,True,True,29,5.820888326538239,5.820888326538237,1.0000000000000002,135,126,3,5.406509549936869,False,False,7.5440249999955995,0.0006227000048966147,0.0,0.0008305000010295771
C_hard_rooms,22,70,22366622,22366639,192,559,euclid,current_goal_geometry_only,no_reopen_astar,384,True,True,29,5.8029350366716566,5.802935036671655,1.0000000000000002,152,152,1,,False,False,7.309999637072906e-05,0.0,0.0,0.00045400000090012327
C_hard_rooms,22,70,22366622,22366639,192,559,field_hrm,complete_64x64_occupancy_goal_raster,no_reopen_astar,384,True,True,32,5.841634360970758,5.802935036671655,1.0066689225460121,99,99,1,,False,False,0.9764781999983825,0.0,0.0,0.00030500000138999894
C_hard_rooms,22,70,22366622,22366639,192,559,field_onlstm,complete_64x64_occupancy_goal_raster,no_reopen_astar,384,True,True,30,5.854722287524052,5.802935036671655,1.008924320283637,144,144,1,,False,False,0.896740399999544,0.0,0.0,0.0004485000026761554
C_hard_rooms,22,70,22366622,22366639,192,559,field_unet,complete_64x64_occupancy_goal_raster,no_reopen_astar,384,True,True,31,5.9121623049980006,5.802935036671655,1.0188227625565482,113,113,1,,False,False,0.8001627999983612,0.0,0.0,0.0003269000008003786
C_hard_rooms,22,70,22366622,22366639,192,559,oracle,exact_full_graph_cost_to_go_evaluation_only,no_reopen_astar,384,True,True,29,5.8029350366716566,5.802935036671655,1.0000000000000002,30,30,1,,False,False,0.00029709999944316223,0.0,0.0,0.00012190000416012481
C_hard_rooms,22,70,22366622,22366639,192,559,scalar_hrm,global_obstacle_list_summaries_sectors_plus_rays_goal,no_reopen_astar,384,True,True,32,5.9170866092540075,5.802935036671655,1.0196713511112863,132,132,1,,False,False,3.7526440000001458,0.0,0.0,0.00039670000114711
C_hard_rooms,22,70,22366622,22366639,192,559,scalar_onlstm,global_obstacle_list_summaries_sectors_plus_rays_goal,no_reopen_astar,384,True,True,31,6.035606835752918,5.802935036671655,1.0400955374497376,95,95,1,,False,False,3.6694143999993685,0.0,0.0,0.0003099999958067201
C_hard_rooms,22,70,22366622,22366639,192,559,current_local_backup_alpha_1_50,current_goal_geometry_bounded_rays_one_hop_actions_plus_radius_bounded_local_subgraph_and_frozen_exit_values,no_reopen_astar,384,True,True,30,5.924154549850843,5.802935036671655,1.0208893452043046,100,100,1,,False,False,11.632452800004103,0.0007332999957725406,0.009437300002900884,0.000228899996727705
C_hard_rooms,22,70,22366622,22366639,192,559,current_bounded_focal_alpha_0_50,current_goal_geometry_bounded_rays_one_hop_actions,reopening_fhat_focal,384,True,True,29,5.8029350366716566,5.802935036671655,1.0000000000000002,147,146,2,5.557629042377292,False,False,11.632452800004103,0.00042189999658148736,0.0,0.0013114000030327588
C_hard_rooms,23,71,22572542,22572559,192,598,euclid,current_goal_geometry_only,no_reopen_astar,384,True,True,30,5.869449790721193,5.869449790721194,0.9999999999999999,127,127,1,,False,False,7.239999831654131e-05,0.0,0.0,0.00040379999700235203
C_hard_rooms,23,71,22572542,22572559,192,598,field_hrm,complete_64x64_occupancy_goal_raster,no_reopen_astar,384,True,True,31,5.934497829993108,5.869449790721194,1.0110824764826758,113,113,1,,False,False,0.5968711999958032,0.0,0.0,0.0003358999965712428
C_hard_rooms,23,71,22572542,22572559,192,598,field_onlstm,complete_64x64_occupancy_goal_raster,no_reopen_astar,384,True,True,31,5.888042747582191,5.869449790721194,1.0031677512414179,122,122,1,,False,False,0.6456955000030575,0.0,0.0,0.00035829999978886917
C_hard_rooms,23,71,22572542,22572559,192,598,field_unet,complete_64x64_occupancy_goal_raster,no_reopen_astar,384,True,True,31,5.949283462104594,5.869449790721194,1.0136015596401569,110,110,1,,False,False,0.5252934000018286,0.0,0.0,0.0003398000044398941
C_hard_rooms,23,71,22572542,22572559,192,598,oracle,exact_full_graph_cost_to_go_evaluation_only,no_reopen_astar,384,True,True,30,5.869449790721193,5.869449790721194,0.9999999999999999,31,31,1,,False,False,0.00024159999884432182,0.0,0.0,0.00011949999316129833
C_hard_rooms,23,71,22572542,22572559,192,598,scalar_hrm,global_obstacle_list_summaries_sectors_plus_rays_goal,no_reopen_astar,384,True,True,31,5.957223137341905,5.869449790721194,1.0149542716524245,121,121,1,,False,False,2.422222499997588,0.0,0.0,0.00038359999598469585
C_hard_rooms,23,71,22572542,22572559,192,598,scalar_onlstm,global_obstacle_list_summaries_sectors_plus_rays_goal,no_reopen_astar,384,True,True,30,5.926050129656122,5.869449790721194,1.0096432103439075,110,110,1,,False,False,2.5109224999978323,0.0,0.0,0.0002454000059515238
C_hard_rooms,23,71,22572542,22572559,192,598,current_local_backup_alpha_1_50,current_goal_geometry_bounded_rays_one_hop_actions_plus_radius_bounded_local_subgraph_and_frozen_exit_values,no_reopen_astar,384,True,True,32,6.10718946852908,5.869449790721194,1.0405045934942183,97,97,1,,False,False,7.584810899999866,0.0006659999999101274,0.009123499999986961,0.00024339999799849465
C_hard_rooms,23,71,22572542,22572559,192,598,current_bounded_focal_alpha_0_50,current_goal_geometry_bounded_rays_one_hop_actions,reopening_fhat_focal,384,True,True,30,5.869449790721193,5.869449790721194,0.9999999999999999,129,127,2,5.869449790721193,False,False,7.584810899999866,0.0006598000036319718,0.0,0.0009546000001137145
C_hard_spiral,0,72,20325345,20325362,192,670,euclid,current_goal_geometry_only,no_reopen_astar,384,True,True,33,3.3196524454465766,3.319652445446577,0.9999999999999999,142,142,1,,False,False,7.780000305501744e-05,0.0,0.0,0.000476399996841792
C_hard_spiral,0,72,20325345,20325362,192,670,field_hrm,complete_64x64_occupancy_goal_raster,no_reopen_astar,384,True,True,34,3.3443851717631436,3.319652445446577,1.007450396305942,119,119,1,,False,False,0.20713999999861699,0.0,0.0,0.00037940000038361177
C_hard_spiral,0,72,20325345,20325362,192,670,field_onlstm,complete_64x64_occupancy_goal_raster,no_reopen_astar,384,True,True,35,3.430354619106591,3.319652445446577,1.0333475191994448,134,134,1,,False,False,0.26921890000085114,0.0,0.0,0.00044290000369073823
C_hard_spiral,0,72,20325345,20325362,192,670,field_unet,complete_64x64_occupancy_goal_raster,no_reopen_astar,384,True,True,34,3.4231758749990724,3.319652445446577,1.0311850204964963,136,136,1,,False,False,0.20072670000081416,0.0,0.0,0.0004154999987804331
C_hard_spiral,0,72,20325345,20325362,192,670,oracle,exact_full_graph_cost_to_go_evaluation_only,no_reopen_astar,384,True,True,33,3.3196524454465766,3.319652445446577,0.9999999999999999,34,34,1,,False,False,0.00027889999910257757,0.0,0.0,0.00013590000162366778
C_hard_spiral,0,72,20325345,20325362,192,670,scalar_hrm,global_obstacle_list_summaries_sectors_plus_rays_goal,no_reopen_astar,384,True,True,36,3.505028427521185,3.319652445446577,1.0558419850032434,138,138,1,,False,False,0.9492583999963244,0.0,0.0,0.00034809999488061294
C_hard_spiral,0,72,20325345,20325362,192,670,scalar_onlstm,global_obstacle_list_summaries_sectors_plus_rays_goal,no_reopen_astar,384,True,True,34,3.400184886876607,3.319652445446577,1.0242592990541806,123,123,1,,False,False,0.7908757000041078,0.0,0.0,0.00040240000089397654
C_hard_spiral,0,72,20325345,20325362,192,670,current_local_backup_alpha_1_50,current_goal_geometry_bounded_rays_one_hop_actions_plus_radius_bounded_local_subgraph_and_frozen_exit_values,no_reopen_astar,384,True,True,34,3.3795115624020875,3.319652445446577,1.0180317421595193,111,111,1,,False,False,3.122707700000319,0.0007283000013558194,0.009439599998586345,0.00026649999927030876
C_hard_spiral,0,72,20325345,20325362,192,670,current_bounded_focal_alpha_0_50,current_goal_geometry_bounded_rays_one_hop_actions,reopening_fhat_focal,384,True,True,33,3.3196524454465766,3.319652445446577,0.9999999999999999,139,139,1,3.108656227734609,False,False,3.122707700000319,0.0005260000034468248,0.0,0.0009659000061219558
C_hard_spiral,1,73,20333265,20333282,192,687,euclid,current_goal_geometry_only,no_reopen_astar,384,True,True,39,3.840697099651151,3.840697099651152,0.9999999999999998,149,149,1,,False,False,8.440000237897038e-05,0.0,0.0,0.0005296000017551705
C_hard_spiral,1,73,20333265,20333282,192,687,field_hrm,complete_64x64_occupancy_goal_raster,no_reopen_astar,384,True,True,40,3.940172716713167,3.840697099651152,1.025900406744143,134,134,1,,False,False,0.17932070000097156,0.0,0.0,0.0004402999984449707
C_hard_spiral,1,73,20333265,20333282,192,687,field_onlstm,complete_64x64_occupancy_goal_raster,no_reopen_astar,384,True,True,39,3.858236815960318,3.840697099651152,1.0045668054142463,141,141,1,,False,False,0.22928310000133933,0.0,0.0,0.00044239999988349155
C_hard_spiral,1,73,20333265,20333282,192,687,field_unet,complete_64x64_occupancy_goal_raster,no_reopen_astar,384,True,True,39,3.872655020989631,3.840697099651152,1.0083208648089905,149,149,1,,False,False,0.15149050000036368,0.0,0.0,0.0004865000009885989
C_hard_spiral,1,73,20333265,20333282,192,687,oracle,exact_full_graph_cost_to_go_evaluation_only,no_reopen_astar,384,True,True,39,3.840697099651151,3.840697099651152,0.9999999999999998,40,40,1,,False,False,0.00031260000105248764,0.0,0.0,0.00016039999900385737
C_hard_spiral,1,73,20333265,20333282,192,687,scalar_hrm,global_obstacle_list_summaries_sectors_plus_rays_goal,no_reopen_astar,384,True,True,39,3.91843076247255,3.840697099651152,1.020239467160391,129,129,1,,False,False,0.7282814999998664,0.0,0.0,0.00042439999378984794
C_hard_spiral,1,73,20333265,20333282,192,687,scalar_onlstm,global_obstacle_list_summaries_sectors_plus_rays_goal,no_reopen_astar,384,True,True,39,3.8897071601297144,3.840697099651152,1.012760720048195,137,137,1,,False,False,0.6841370999973151,0.0,0.0,0.0005183999965083785
C_hard_spiral,1,73,20333265,20333282,192,687,current_local_backup_alpha_1_50,current_goal_geometry_bounded_rays_one_hop_actions_plus_radius_bounded_local_subgraph_and_frozen_exit_values,no_reopen_astar,384,True,True,40,3.95932488261739,3.840697099651152,1.0308870446922287,129,129,1,,False,False,2.50854000000254,0.0009687000056146644,0.013393000001087785,0.0003150000047753565
C_hard_spiral,1,73,20333265,20333282,192,687,current_bounded_focal_alpha_0_50,current_goal_geometry_bounded_rays_one_hop_actions,reopening_fhat_focal,384,True,True,39,3.840697099651151,3.840697099651152,0.9999999999999998,149,149,1,3.840697099651151,False,False,2.50854000000254,0.0005773999946541153,0.0,0.001058100002410356
C_hard_spiral,2,74,20341185,20341202,192,658,euclid,current_goal_geometry_only,no_reopen_astar,384,True,True,42,3.850079618373774,3.8500796183737727,1.0000000000000004,156,156,1,,False,False,9.439999848837033e-05,0.0,0.0,0.0005130999998073094
C_hard_spiral,2,74,20341185,20341202,192,658,field_hrm,complete_64x64_occupancy_goal_raster,no_reopen_astar,384,True,True,43,3.9593197321863998,3.8500796183737727,1.0283734687696586,136,136,1,,False,False,0.19038020000152756,0.0,0.0,0.00043110000115120783
C_hard_spiral,2,74,20341185,20341202,192,658,field_onlstm,complete_64x64_occupancy_goal_raster,no_reopen_astar,384,True,True,42,4.154465238316798,3.8500796183737727,1.0790595650257213,147,147,1,,False,False,0.2305250999997952,0.0,0.0,0.0004526000047917478
C_hard_spiral,2,74,20341185,20341202,192,658,field_unet,complete_64x64_occupancy_goal_raster,no_reopen_astar,384,True,True,44,4.042897625941349,3.8500796183737727,1.0500815636766028,150,150,1,,False,False,0.1659663999962504,0.0,0.0,0.0004485000026761554
C_hard_spiral,2,74,20341185,20341202,192,658,oracle,exact_full_graph_cost_to_go_evaluation_only,no_reopen_astar,384,True,True,42,3.850079618373774,3.8500796183737727,1.0000000000000004,43,43,1,,False,False,0.0002480999974068254,0.0,0.0,0.00014799999917158857
C_hard_spiral,2,74,20341185,20341202,192,658,scalar_hrm,global_obstacle_list_summaries_sectors_plus_rays_goal,no_reopen_astar,384,True,True,43,4.016939067364442,3.8500796183737727,1.0433392203616685,144,144,1,,False,False,0.7483816000021761,0.0,0.0,0.00045590000081574544
C_hard_spiral,2,74,20341185,20341202,192,658,scalar_onlstm,global_obstacle_list_summaries_sectors_plus_rays_goal,no_reopen_astar,384,True,True,43,4.138555029557649,3.8500796183737727,1.0749271287292819,137,137,1,,False,False,0.7041962000002968,0.0,0.0,0.00041960000089602545
C_hard_spiral,2,74,20341185,20341202,192,658,current_local_backup_alpha_1_50,current_goal_geometry_bounded_rays_one_hop_actions_plus_radius_bounded_local_subgraph_and_frozen_exit_values,no_reopen_astar,384,True,True,41,3.895444995022729,3.8500796183737727,1.0117829710410295,117,117,1,,False,False,2.6040260000008857,0.0006312999976216815,0.009550599999784026,0.0003274000046076253
C_hard_spiral,2,74,20341185,20341202,192,658,current_bounded_focal_alpha_0_50,current_goal_geometry_bounded_rays_one_hop_actions,reopening_fhat_focal,384,True,True,42,3.8617141599296176,3.8500796183737727,1.0030218963525641,160,155,3,3.846819318617699,False,False,2.6040260000008857,0.0004676999960793182,0.0,0.0010062000001198612
C_hard_spiral,3,75,20357025,20357042,192,694,euclid,current_goal_geometry_only,no_reopen_astar,384,True,True,34,3.1321081493330687,3.132108149333068,1.0000000000000002,144,144,1,,False,False,9.110000246437266e-05,0.0,0.0,0.0005338000046322122
C_hard_spiral,3,75,20357025,20357042,192,694,field_hrm,complete_64x64_occupancy_goal_raster,no_reopen_astar,384,True,True,35,3.2904516314414773,3.132108149333068,1.0505549216562418,122,122,1,,False,False,0.2185793000026024,0.0,0.0,0.00046070000098552555
C_hard_spiral,3,75,20357025,20357042,192,694,field_onlstm,complete_64x64_occupancy_goal_raster,no_reopen_astar,384,True,True,34,3.1869932535116723,3.132108149333068,1.0175233745329935,128,128,1,,False,False,0.24659009999595582,0.0,0.0,0.0004332000025897287
C_hard_spiral,3,75,20357025,20357042,192,694,field_unet,complete_64x64_occupancy_goal_raster,no_reopen_astar,384,True,True,34,3.1810444517916703,3.132108149333068,1.0156240781369643,126,126,1,,False,False,0.16966459999821382,0.0,0.0,0.0004561000023386441
C_hard_spiral,3,75,20357025,20357042,192,694,oracle,exact_full_graph_cost_to_go_evaluation_only,no_reopen_astar,384,True,True,34,3.1321081493330687,3.132108149333068,1.0000000000000002,35,35,1,,False,False,0.00029570000333478674,0.0,0.0,0.00014659999578725547
C_hard_spiral,3,75,20357025,20357042,192,694,scalar_hrm,global_obstacle_list_summaries_sectors_plus_rays_goal,no_reopen_astar,384,True,True,36,3.2112018560542483,3.132108149333068,1.025252546511851,125,125,1,,False,False,0.7641012999956729,0.0,0.0,0.00041989999590441585
C_hard_spiral,3,75,20357025,20357042,192,694,scalar_onlstm,global_obstacle_list_summaries_sectors_plus_rays_goal,no_reopen_astar,384,True,True,37,3.2289787573754083,3.132108149333068,1.0309282449467678,139,139,1,,False,False,0.7945491999998922,0.0,0.0,0.0004378000012366101
C_hard_spiral,3,75,20357025,20357042,192,694,current_local_backup_alpha_1_50,current_goal_geometry_bounded_rays_one_hop_actions_plus_radius_bounded_local_subgraph_and_frozen_exit_values,no_reopen_astar,384,True,True,35,3.141742262209944,3.132108149333068,1.0030759196099048,101,101,1,,False,False,2.788566000002902,0.0008100000050035305,0.00920380000025034,0.0003006000042660162
C_hard_spiral,3,75,20357025,20357042,192,694,current_bounded_focal_alpha_0_50,current_goal_geometry_bounded_rays_one_hop_actions,reopening_fhat_focal,384,True,True,34,3.1321081493330687,3.132108149333068,1.0000000000000002,139,138,2,2.9559729891403164,False,False,2.788566000002902,0.0005361000003176741,0.0,0.0010964999964926392
C_hard_spiral,4,76,20364945,20364962,192,699,euclid,current_goal_geometry_only,no_reopen_astar,384,True,True,35,3.359506101008886,3.359506101008887,0.9999999999999996,154,154,1,,False,False,8.069999603321776e-05,0.0,0.0,0.000447600003099069
C_hard_spiral,4,76,20364945,20364962,192,699,field_hrm,complete_64x64_occupancy_goal_raster,no_reopen_astar,384,True,True,35,3.364778476775176,3.359506101008887,1.001569390144791,102,102,1,,False,False,0.2100501000022632,0.0,0.0,0.00036890000046696514
C_hard_spiral,4,76,20364945,20364962,192,699,field_onlstm,complete_64x64_occupancy_goal_raster,no_reopen_astar,384,True,True,36,3.3798853147882535,3.359506101008887,1.006066133879991,146,146,1,,False,False,0.2601918000000296,0.0,0.0,0.00046409999777097255
C_hard_spiral,4,76,20364945,20364962,192,699,field_unet,complete_64x64_occupancy_goal_raster,no_reopen_astar,384,True,True,33,3.3721931079409844,3.359506101008887,1.0037764500348094,146,146,1,,False,False,0.20625419999851147,0.0,0.0,0.0004611999975168146
C_hard_spiral,4,76,20364945,20364962,192,699,oracle,exact_full_graph_cost_to_go_evaluation_only,no_reopen_astar,384,True,True,35,3.359506101008886,3.359506101008887,0.9999999999999996,36,36,1,,False,False,0.00031070000113686547,0.0,0.0,0.00015530000382568687
C_hard_spiral,4,76,20364945,20364962,192,699,scalar_hrm,global_obstacle_list_summaries_sectors_plus_rays_goal,no_reopen_astar,384,True,True,37,3.457014796095571,3.359506101008887,1.029024711417372,123,123,1,,False,False,0.9086829999941983,0.0,0.0,0.0004441999990376644
C_hard_spiral,4,76,20364945,20364962,192,699,scalar_onlstm,global_obstacle_list_summaries_sectors_plus_rays_goal,no_reopen_astar,384,True,True,41,3.7137674080476772,3.359506101008887,1.1054504133605838,144,144,1,,False,False,0.8456992999999784,0.0,0.0,0.00046120000479277223
C_hard_spiral,4,76,20364945,20364962,192,699,current_local_backup_alpha_1_50,current_goal_geometry_bounded_rays_one_hop_actions_plus_radius_bounded_local_subgraph_and_frozen_exit_values,no_reopen_astar,384,True,True,35,3.399364718581138,3.359506101008887,1.0118644277979674,124,124,1,,False,False,3.071901199997228,0.000785899996117223,0.009188299998641014,0.00032869999995455146
C_hard_spiral,4,76,20364945,20364962,192,699,current_bounded_focal_alpha_0_50,current_goal_geometry_bounded_rays_one_hop_actions,reopening_fhat_focal,384,True,True,35,3.359506101008886,3.359506101008887,0.9999999999999996,158,154,2,3.359506101008886,False,False,3.071901199997228,0.0006634000019403175,0.0,0.0014333999934024177
C_hard_spiral,5,77,20388705,20388722,192,658,euclid,current_goal_geometry_only,no_reopen_astar,384,True,True,40,4.119376541854103,4.119376541854105,0.9999999999999996,153,153,1,,False,False,0.0001233000002685003,0.0,0.0,0.0008379999999306165
C_hard_spiral,5,77,20388705,20388722,192,658,field_hrm,complete_64x64_occupancy_goal_raster,no_reopen_astar,384,True,True,42,4.252149578645816,4.119376541854105,1.03223134264195,134,134,1,,False,False,0.22154619999491842,0.0,0.0,0.00029550000181188807
C_hard_spiral,5,77,20388705,20388722,192,658,field_onlstm,complete_64x64_occupancy_goal_raster,no_reopen_astar,384,True,True,42,4.300938741257484,4.119376541854105,1.0440751646659763,147,147,1,,False,False,0.27175619999616174,0.0,0.0,0.0006476999988080934
C_hard_spiral,5,77,20388705,20388722,192,658,field_unet,complete_64x64_occupancy_goal_raster,no_reopen_astar,384,True,True,40,4.161213155447487,4.119376541854105,1.0101560547253474,147,147,1,,False,False,0.19866560000082245,0.0,0.0,0.0005134000020916574
C_hard_spiral,5,77,20388705,20388722,192,658,oracle,exact_full_graph_cost_to_go_evaluation_only,no_reopen_astar,384,True,True,40,4.119376541854103,4.119376541854105,0.9999999999999996,41,41,1,,False,False,0.00028030000248691067,0.0,0.0,0.00018020000425167382
C_hard_spiral,5,77,20388705,20388722,192,658,scalar_hrm,global_obstacle_list_summaries_sectors_plus_rays_goal,no_reopen_astar,384,True,True,42,4.209208737816781,4.119376541854105,1.0218072310336175,146,146,1,,False,False,0.9162972999984049,0.0,0.0,0.00044329999946057796
C_hard_spiral,5,77,20388705,20388722,192,658,scalar_onlstm,global_obstacle_list_summaries_sectors_plus_rays_goal,no_reopen_astar,384,True,True,44,4.257828046099461,4.119376541854105,1.033609820039185,129,129,1,,False,False,0.8040658000027179,0.0,0.0,0.00043340000411262736
C_hard_spiral,5,77,20388705,20388722,192,658,current_local_backup_alpha_1_50,current_goal_geometry_bounded_rays_one_hop_actions_plus_radius_bounded_local_subgraph_and_frozen_exit_values,no_reopen_astar,384,True,True,42,4.1729161888868695,4.119376541854105,1.0129970267317847,123,123,1,,False,False,3.0779970999938087,0.0006194000015966594,0.009981199997127987,0.00027440000121714547
C_hard_spiral,5,77,20388705,20388722,192,658,current_bounded_focal_alpha_0_50,current_goal_geometry_bounded_rays_one_hop_actions,reopening_fhat_focal,384,True,True,40,4.119376541854103,4.119376541854105,0.9999999999999996,151,151,1,4.085936185462123,False,False,3.0779970999938087,0.0006117000011727214,0.0,0.0009524999986751936
C_hard_spiral,6,78,20404545,20404562,192,703,euclid,current_goal_geometry_only,no_reopen_astar,384,True,True,29,2.539551603256134,2.539551603256133,1.0000000000000004,133,133,1,,False,False,9.470000077271834e-05,0.0,0.0,0.0004896000027656555
C_hard_spiral,6,78,20404545,20404562,192,703,field_hrm,complete_64x64_occupancy_goal_raster,no_reopen_astar,384,True,True,27,2.563149888271397,2.539551603256133,1.0092923038007997,96,96,1,,False,False,0.2103117000006023,0.0,0.0,0.0003386999960639514
C_hard_spiral,6,78,20404545,20404562,192,703,field_onlstm,complete_64x64_occupancy_goal_raster,no_reopen_astar,384,True,True,29,2.5677558911012612,2.539551603256133,1.0111060109229384,122,122,1,,False,False,0.24399930000072345,0.0,0.0,0.00040669999725650996
C_hard_spiral,6,78,20404545,20404562,192,703,field_unet,complete_64x64_occupancy_goal_raster,no_reopen_astar,384,True,True,28,2.574204976305598,2.539551603256133,1.0136454691470076,110,110,1,,False,False,0.18734609999955865,0.0,0.0,0.00039459999970858917
C_hard_spiral,6,78,20404545,20404562,192,703,oracle,exact_full_graph_cost_to_go_evaluation_only,no_reopen_astar,384,True,True,29,2.539551603256134,2.539551603256133,1.0000000000000004,30,30,1,,False,False,0.0002959000048576854,0.0,0.0,0.00011950000043725595
C_hard_spiral,6,78,20404545,20404562,192,703,scalar_hrm,global_obstacle_list_summaries_sectors_plus_rays_goal,no_reopen_astar,384,True,True,29,2.714735183160619,2.539551603256133,1.0689820910431083,100,100,1,,False,False,0.9070094999988214,0.0,0.0,0.0003555000002961606
C_hard_spiral,6,78,20404545,20404562,192,703,scalar_onlstm,global_obstacle_list_summaries_sectors_plus_rays_goal,no_reopen_astar,384,True,True,29,2.6790236343914606,2.539551603256133,1.0549199437241208,92,92,1,,False,False,0.825637399997504,0.0,0.0,0.0002595999976620078
C_hard_spiral,6,78,20404545,20404562,192,703,current_local_backup_alpha_1_50,current_goal_geometry_bounded_rays_one_hop_actions_plus_radius_bounded_local_subgraph_and_frozen_exit_values,no_reopen_astar,384,True,True,28,2.578822417653482,2.539551603256133,1.0154636804178334,94,94,1,,False,False,3.0114818000001833,0.0006722999969497323,0.010078400002385024,0.00025269999605370685
C_hard_spiral,6,78,20404545,20404562,192,703,current_bounded_focal_alpha_0_50,current_goal_geometry_bounded_rays_one_hop_actions,reopening_fhat_focal,384,True,True,29,2.539551603256134,2.539551603256133,1.0000000000000004,134,134,1,2.5250468138309485,False,False,3.0114818000001833,0.0006474999972851947,0.0,0.001196200006233994
C_hard_spiral,7,79,20428305,20428322,192,679,euclid,current_goal_geometry_only,no_reopen_astar,384,True,True,36,3.5566789033776938,3.5566789033776933,1.0000000000000002,142,142,1,,False,False,0.00010259999544359744,0.0,0.0,0.0005042999982833862
C_hard_spiral,7,79,20428305,20428322,192,679,field_hrm,complete_64x64_occupancy_goal_raster,no_reopen_astar,384,True,True,36,3.701696091816282,3.5566789033776933,1.040773202298602,122,122,1,,False,False,0.20413319999352098,0.0,0.0,0.0004640000042854808
C_hard_spiral,7,79,20428305,20428322,192,679,field_onlstm,complete_64x64_occupancy_goal_raster,no_reopen_astar,384,True,True,34,3.622096683705251,3.5566789033776933,1.0183929396228126,120,120,1,,False,False,0.24553040000319015,0.0,0.0,0.0004178000017418526
C_hard_spiral,7,79,20428305,20428322,192,679,field_unet,complete_64x64_occupancy_goal_raster,no_reopen_astar,384,True,True,36,3.6738654938656903,3.5566789033776933,1.032948318831005,139,139,1,,False,False,0.19967370000085793,0.0,0.0,0.0004439999975147657
C_hard_spiral,7,79,20428305,20428322,192,679,oracle,exact_full_graph_cost_to_go_evaluation_only,no_reopen_astar,384,True,True,36,3.5566789033776938,3.5566789033776933,1.0000000000000002,37,37,1,,False,False,0.0002742999931797385,0.0,0.0,0.00014589999773306772
C_hard_spiral,7,79,20428305,20428322,192,679,scalar_hrm,global_obstacle_list_summaries_sectors_plus_rays_goal,no_reopen_astar,384,True,True,34,3.6199126415086633,3.5566789033776933,1.0177788717645888,116,116,1,,False,False,0.866685500004678,0.0,0.0,0.0005221000028541312
C_hard_spiral,7,79,20428305,20428322,192,679,scalar_onlstm,global_obstacle_list_summaries_sectors_plus_rays_goal,no_reopen_astar,384,True,True,35,3.679324841405605,3.5566789033776933,1.0344832753700195,123,123,1,,False,False,0.7235895000048913,0.0,0.0,0.0004062999942107126
C_hard_spiral,7,79,20428305,20428322,192,679,current_local_backup_alpha_1_50,current_goal_geometry_bounded_rays_one_hop_actions_plus_radius_bounded_local_subgraph_and_frozen_exit_values,no_reopen_astar,384,True,True,38,3.7546748059683757,3.5566789033776933,1.0556687595280672,126,126,1,,False,False,2.751764300002833,0.0006304999988060445,0.009915800001181196,0.0002965000021504238
C_hard_spiral,7,79,20428305,20428322,192,679,current_bounded_focal_alpha_0_50,current_goal_geometry_bounded_rays_one_hop_actions,reopening_fhat_focal,384,True,True,35,3.619281965447192,3.5566789033776933,1.0176015501455715,140,140,1,3.5231044515719105,False,False,2.751764300002833,0.0005006999999750406,0.0,0.0009293999974033795
C_hard_spiral,8,80,20436225,20436242,192,683,euclid,current_goal_geometry_only,no_reopen_astar,384,True,True,37,3.7481785748520036,3.748178574852004,0.9999999999999999,153,153,1,,False,False,5.119999696034938e-05,0.0,0.0,0.0005251000038697384
C_hard_spiral,8,80,20436225,20436242,192,683,field_hrm,complete_64x64_occupancy_goal_raster,no_reopen_astar,384,True,True,36,3.8298656240714575,3.748178574852004,1.021793798664643,128,128,1,,False,False,0.23644929999863962,0.0,0.0,0.0004046000030939467
C_hard_spiral,8,80,20436225,20436242,192,683,field_onlstm,complete_64x64_occupancy_goal_raster,no_reopen_astar,384,True,True,40,4.058112372160231,3.748178574852004,1.0826891758540251,143,143,1,,False,False,0.26216619999468094,0.0,0.0,0.00044750000233761966
C_hard_spiral,8,80,20436225,20436242,192,683,field_unet,complete_64x64_occupancy_goal_raster,no_reopen_astar,384,True,True,36,3.7601834719371103,3.748178574852004,1.0032028615620536,151,151,1,,False,False,0.2026140999951167,0.0,0.0,0.0004453000001376495
C_hard_spiral,8,80,20436225,20436242,192,683,oracle,exact_full_graph_cost_to_go_evaluation_only,no_reopen_astar,384,True,True,37,3.7481785748520036,3.748178574852004,0.9999999999999999,38,38,1,,False,False,0.00026819999766303226,0.0,0.0,0.00014060000103199854
C_hard_spiral,8,80,20436225,20436242,192,683,scalar_hrm,global_obstacle_list_summaries_sectors_plus_rays_goal,no_reopen_astar,384,True,True,38,4.036430972426785,3.748178574852004,1.07690465964156,134,134,1,,False,False,0.9548502000034205,0.0,0.0,0.0004144000049564056
C_hard_spiral,8,80,20436225,20436242,192,683,scalar_onlstm,global_obstacle_list_summaries_sectors_plus_rays_goal,no_reopen_astar,384,True,True,36,3.9094324184867144,3.748178574852004,1.043021921291751,125,125,1,,False,False,0.9075919999959297,0.0,0.0,0.0004188999955658801
C_hard_spiral,8,80,20436225,20436242,192,683,current_local_backup_alpha_1_50,current_goal_geometry_bounded_rays_one_hop_actions_plus_radius_bounded_local_subgraph_and_frozen_exit_values,no_reopen_astar,384,True,True,37,3.7532969330538117,3.748178574852004,1.001365558790648,134,134,1,,False,False,3.4452132000005804,0.0007904000012786128,0.008372099997359328,0.00033229999826289713
C_hard_spiral,8,80,20436225,20436242,192,683,current_bounded_focal_alpha_0_50,current_goal_geometry_bounded_rays_one_hop_actions,reopening_fhat_focal,384,True,True,37,3.7481785748520036,3.748178574852004,0.9999999999999999,155,153,2,3.736175568428058,False,False,3.4452132000005804,0.0009434000021428801,0.0,0.0012960999956703745
C_hard_spiral,9,81,20452065,20452082,192,699,euclid,current_goal_geometry_only,no_reopen_astar,384,True,True,35,3.479849182094628,3.47984918209463,0.9999999999999994,155,155,1,,False,False,8.750000415602699e-05,0.0,0.0,0.0005831000016769394
C_hard_spiral,9,81,20452065,20452082,192,699,field_hrm,complete_64x64_occupancy_goal_raster,no_reopen_astar,384,True,True,35,3.535440659167713,3.47984918209463,1.015975254720557,137,137,1,,False,False,0.25095819999842206,0.0,0.0,0.0004543000031844713
C_hard_spiral,9,81,20452065,20452082,192,699,field_onlstm,complete_64x64_occupancy_goal_raster,no_reopen_astar,384,True,True,35,3.4892312071133906,3.47984918209463,1.0026961010457107,144,144,1,,False,False,0.2861860999983037,0.0,0.0,0.00046180000208551064
C_hard_spiral,9,81,20452065,20452082,192,699,field_unet,complete_64x64_occupancy_goal_raster,no_reopen_astar,384,True,True,35,3.609298151405655,3.47984918209463,1.0371995918607904,148,148,1,,False,False,0.20220260000496637,0.0,0.0,0.0004744000034406781
C_hard_spiral,9,81,20452065,20452082,192,699,oracle,exact_full_graph_cost_to_go_evaluation_only,no_reopen_astar,384,True,True,35,3.479849182094628,3.47984918209463,0.9999999999999994,36,36,1,,False,False,0.00026590000197757035,0.0,0.0,0.00015139999595703557
C_hard_spiral,9,81,20452065,20452082,192,699,scalar_hrm,global_obstacle_list_summaries_sectors_plus_rays_goal,no_reopen_astar,384,True,True,36,3.56228440973453,3.47984918209463,1.0236893104632425,135,135,1,,False,False,0.9963845000020228,0.0,0.0,0.000451300002168864
C_hard_spiral,9,81,20452065,20452082,192,699,scalar_onlstm,global_obstacle_list_summaries_sectors_plus_rays_goal,no_reopen_astar,384,True,True,35,3.543320177420445,3.47984918209463,1.0182395822360353,122,122,1,,False,False,0.9715173000004143,0.0,0.0,0.0004343000036897138
C_hard_spiral,9,81,20452065,20452082,192,699,current_local_backup_alpha_1_50,current_goal_geometry_bounded_rays_one_hop_actions_plus_radius_bounded_local_subgraph_and_frozen_exit_values,no_reopen_astar,384,True,True,37,3.5477183841020272,3.47984918209463,1.019503489506561,140,140,1,,False,False,3.342486800000188,0.0006390999988070689,0.009357799994177185,0.000320700004522223
C_hard_spiral,9,81,20452065,20452082,192,699,current_bounded_focal_alpha_0_50,current_goal_geometry_bounded_rays_one_hop_actions,reopening_fhat_focal,384,True,True,36,3.4834854873984282,3.47984918209463,1.0010449606041862,154,151,3,3.424328943161581,False,False,3.342486800000188,0.00045030000183032826,0.0,0.0011371000000508502
C_hard_spiral,10,82,20475825,20475842,192,685,euclid,current_goal_geometry_only,no_reopen_astar,384,True,True,39,3.802187717874214,3.8021877178742134,1.0000000000000002,142,142,1,,False,False,7.339999865507707e-05,0.0,0.0,0.00043849999929079786
C_hard_spiral,10,82,20475825,20475842,192,685,field_hrm,complete_64x64_occupancy_goal_raster,no_reopen_astar,384,True,True,40,3.873970728508873,3.8021877178742134,1.0188793968002172,133,133,1,,False,False,0.20968600000196602,0.0,0.0,0.0004778000002261251
C_hard_spiral,10,82,20475825,20475842,192,685,field_onlstm,complete_64x64_occupancy_goal_raster,no_reopen_astar,384,True,True,40,3.8252347683301386,3.8021877178742134,1.0060615235664405,136,136,1,,False,False,0.2413386999978684,0.0,0.0,0.000469900005555246
C_hard_spiral,10,82,20475825,20475842,192,685,field_unet,complete_64x64_occupancy_goal_raster,no_reopen_astar,384,True,True,40,3.847877416944228,3.8021877178742134,1.0120166868288027,141,141,1,,False,False,0.16930420000426238,0.0,0.0,0.00043909999658353627
C_hard_spiral,10,82,20475825,20475842,192,685,oracle,exact_full_graph_cost_to_go_evaluation_only,no_reopen_astar,384,True,True,39,3.802187717874214,3.8021877178742134,1.0000000000000002,40,40,1,,False,False,0.00024530000519007444,0.0,0.0,0.0001528000066173263
C_hard_spiral,10,82,20475825,20475842,192,685,scalar_hrm,global_obstacle_list_summaries_sectors_plus_rays_goal,no_reopen_astar,384,True,True,40,3.866974569139268,3.8021877178742134,1.017039361565577,135,135,1,,False,False,0.813157600001432,0.0,0.0,0.0004295999970054254
C_hard_spiral,10,82,20475825,20475842,192,685,scalar_onlstm,global_obstacle_list_summaries_sectors_plus_rays_goal,no_reopen_astar,384,True,True,40,3.9152667220035275,3.8021877178742134,1.0297405106007065,135,135,1,,False,False,0.7216790999955265,0.0,0.0,0.0004138999938732013
C_hard_spiral,10,82,20475825,20475842,192,685,current_local_backup_alpha_1_50,current_goal_geometry_bounded_rays_one_hop_actions_plus_radius_bounded_local_subgraph_and_frozen_exit_values,no_reopen_astar,384,True,True,40,3.827683140403622,3.8021877178742134,1.0067054612820807,132,132,1,,False,False,2.675334200001089,0.0007089999999152496,0.009244399996532593,0.00028900000324938446
C_hard_spiral,10,82,20475825,20475842,192,685,current_bounded_focal_alpha_0_50,current_goal_geometry_bounded_rays_one_hop_actions,reopening_fhat_focal,384,True,True,39,3.802187717874214,3.8021877178742134,1.0000000000000002,143,142,2,3.802187717874214,False,False,2.675334200001089,0.00042050000047311187,0.0,0.0008753000001888722
C_hard_spiral,11,83,20483745,20483762,192,657,euclid,current_goal_geometry_only,no_reopen_astar,384,True,True,39,3.8994005841372577,3.899400584137257,1.0000000000000002,165,165,1,,False,False,8.840000373311341e-05,0.0,0.0,0.0005390999940573238
C_hard_spiral,11,83,20483745,20483762,192,657,field_hrm,complete_64x64_occupancy_goal_raster,no_reopen_astar,384,True,True,38,3.92273631361587,3.899400584137257,1.0059844401658917,148,148,1,,False,False,0.2561169000036898,0.0,0.0,0.00046640000073239207
C_hard_spiral,11,83,20483745,20483762,192,657,field_onlstm,complete_64x64_occupancy_goal_raster,no_reopen_astar,384,True,True,39,3.930622755055673,3.899400584137257,1.0080069154847613,161,161,1,,False,False,0.30051329999696463,0.0,0.0,0.0004760000010719523
C_hard_spiral,11,83,20483745,20483762,192,657,field_unet,complete_64x64_occupancy_goal_raster,no_reopen_astar,384,True,True,38,3.97717825017212,3.899400584137257,1.019946056927637,157,157,1,,False,False,0.223716799999238,0.0,0.0,0.0004909000053885393
C_hard_spiral,11,83,20483745,20483762,192,657,oracle,exact_full_graph_cost_to_go_evaluation_only,no_reopen_astar,384,True,True,39,3.8994005841372577,3.899400584137257,1.0000000000000002,40,40,1,,False,False,0.00025290000485256314,0.0,0.0,0.00014630000077886507
C_hard_spiral,11,83,20483745,20483762,192,657,scalar_hrm,global_obstacle_list_summaries_sectors_plus_rays_goal,no_reopen_astar,384,True,True,38,3.969952225847413,3.899400584137257,1.0180929453611818,162,162,1,,False,False,1.086011299994425,0.0,0.0,0.00045950000640004873
C_hard_spiral,11,83,20483745,20483762,192,657,scalar_onlstm,global_obstacle_list_summaries_sectors_plus_rays_goal,no_reopen_astar,384,True,True,38,3.9761484165760375,3.899400584137257,1.019681956439918,161,161,1,,False,False,0.9912026000019978,0.0,0.0,0.0004752000022563152
C_hard_spiral,11,83,20483745,20483762,192,657,current_local_backup_alpha_1_50,current_goal_geometry_bounded_rays_one_hop_actions_plus_radius_bounded_local_subgraph_and_frozen_exit_values,no_reopen_astar,384,True,True,38,3.9499505097721475,3.899400584137257,1.0129635118383393,146,146,1,,False,False,3.5575679000030505,0.0006704999977955595,0.007891500004916452,0.00034810000215657055
C_hard_spiral,11,83,20483745,20483762,192,657,current_bounded_focal_alpha_0_50,current_goal_geometry_bounded_rays_one_hop_actions,reopening_fhat_focal,384,True,True,39,3.909953905131149,3.899400584137257,1.002706395705233,172,161,3,3.7825046513183884,False,False,3.5575679000030505,0.00036839999665971845,0.0,0.0012879999994765967
C_hard_spiral,12,84,20523345,20523362,192,692,euclid,current_goal_geometry_only,no_reopen_astar,384,True,True,31,3.198647957229579,3.1986479572295794,0.9999999999999999,160,160,1,,False,False,9.390000195708126e-05,0.0,0.0,0.0006255000043893233
C_hard_spiral,12,84,20523345,20523362,192,692,field_hrm,complete_64x64_occupancy_goal_raster,no_reopen_astar,384,True,True,31,3.198647957229579,3.1986479572295794,0.9999999999999999,111,111,1,,False,False,0.2767773999948986,0.0,0.0,0.00042519999988144264
C_hard_spiral,12,84,20523345,20523362,192,692,field_onlstm,complete_64x64_occupancy_goal_raster,no_reopen_astar,384,True,True,34,3.3105700134562817,3.1986479572295794,1.0349904264937115,153,153,1,,False,False,0.3190450000038254,0.0,0.0,0.0005030999964219518
C_hard_spiral,12,84,20523345,20523362,192,692,field_unet,complete_64x64_occupancy_goal_raster,no_reopen_astar,384,True,True,31,3.22876126375682,3.1986479572295794,1.0094143859936753,130,130,1,,False,False,0.2420334999987972,0.0,0.0,0.00045819999650120735
C_hard_spiral,12,84,20523345,20523362,192,692,oracle,exact_full_graph_cost_to_go_evaluation_only,no_reopen_astar,384,True,True,31,3.198647957229579,3.1986479572295794,0.9999999999999999,32,32,1,,False,False,0.00034440000308677554,0.0,0.0,0.00015320000238716602
C_hard_spiral,12,84,20523345,20523362,192,692,scalar_hrm,global_obstacle_list_summaries_sectors_plus_rays_goal,no_reopen_astar,384,True,True,33,3.2503652706187225,3.1986479572295794,1.016168491838013,98,98,1,,False,False,1.0136427000034018,0.0,0.0,0.00035260000004200265
C_hard_spiral,12,84,20523345,20523362,192,692,scalar_onlstm,global_obstacle_list_summaries_sectors_plus_rays_goal,no_reopen_astar,384,True,True,34,3.2945488511345227,3.1986479572295794,1.029981697013011,84,84,1,,False,False,0.9258133000039379,0.0,0.0,0.0003189999988535419
C_hard_spiral,12,84,20523345,20523362,192,692,current_local_backup_alpha_1_50,current_goal_geometry_bounded_rays_one_hop_actions_plus_radius_bounded_local_subgraph_and_frozen_exit_values,no_reopen_astar,384,True,True,33,3.3015233782136706,3.1986479572295794,1.0321621579991547,147,147,1,,False,False,3.684317599996575,0.000662000005831942,0.008977400000730995,0.00037010000232839957
C_hard_spiral,12,84,20523345,20523362,192,692,current_bounded_focal_alpha_0_50,current_goal_geometry_bounded_rays_one_hop_actions,reopening_fhat_focal,384,True,True,31,3.198647957229579,3.1986479572295794,0.9999999999999999,158,158,1,3.1627508641817648,False,False,3.684317599996575,0.0005642999967676587,0.0,0.0011400000003050081
C_hard_spiral,13,85,20547105,20547122,192,681,euclid,current_goal_geometry_only,no_reopen_astar,384,True,True,35,3.3017256956818644,3.301725695681864,1.0000000000000002,149,149,1,,False,False,9.409999620402232e-05,0.0,0.0,0.00048750000132713467
C_hard_spiral,13,85,20547105,20547122,192,681,field_hrm,complete_64x64_occupancy_goal_raster,no_reopen_astar,384,True,True,36,3.3066359983460942,3.301725695681864,1.0014871927945597,109,109,1,,False,False,0.17551300000195624,0.0,0.0,0.00040660000377101824
C_hard_spiral,13,85,20547105,20547122,192,681,field_onlstm,complete_64x64_occupancy_goal_raster,no_reopen_astar,384,True,True,35,3.3497184792136796,3.301725695681864,1.014535666483313,140,140,1,,False,False,0.20838409999851137,0.0,0.0,0.0004270999997970648
C_hard_spiral,13,85,20547105,20547122,192,681,field_unet,complete_64x64_occupancy_goal_raster,no_reopen_astar,384,True,True,33,3.3432119344127074,3.301725695681864,1.0125650167683828,129,129,1,,False,False,0.14200980000168784,0.0,0.0,0.00040689999877940863
C_hard_spiral,13,85,20547105,20547122,192,681,oracle,exact_full_graph_cost_to_go_evaluation_only,no_reopen_astar,384,True,True,35,3.3017256956818644,3.301725695681864,1.0000000000000002,36,36,1,,False,False,0.00027240000054007396,0.0,0.0,0.0001353999978164211
C_hard_spiral,13,85,20547105,20547122,192,681,scalar_hrm,global_obstacle_list_summaries_sectors_plus_rays_goal,no_reopen_astar,384,True,True,34,3.4177833450395747,3.301725695681864,1.035150603064784,117,117,1,,False,False,0.618538399998215,0.0,0.0,0.0003843000013148412
C_hard_spiral,13,85,20547105,20547122,192,681,scalar_onlstm,global_obstacle_list_summaries_sectors_plus_rays_goal,no_reopen_astar,384,True,True,34,3.4123470749087015,3.301725695681864,1.0335041094938664,105,105,1,,False,False,0.6374238999997033,0.0,0.0,0.0003938000008929521
C_hard_spiral,13,85,20547105,20547122,192,681,current_local_backup_alpha_1_50,current_goal_geometry_bounded_rays_one_hop_actions_plus_radius_bounded_local_subgraph_and_frozen_exit_values,no_reopen_astar,384,True,True,34,3.3175354168229796,3.301725695681864,1.0047883205930137,111,111,1,,False,False,2.308156899998721,0.0007316999981412664,0.00948890000290703,0.0002755999958026223
C_hard_spiral,13,85,20547105,20547122,192,681,current_bounded_focal_alpha_0_50,current_goal_geometry_bounded_rays_one_hop_actions,reopening_fhat_focal,384,True,True,34,3.302420588663893,3.301725695681864,1.0002104635715008,144,143,2,3.229039216468512,False,False,2.308156899998721,0.0005739000043831766,0.0,0.001107799995224923
C_hard_spiral,14,86,20555025,20555042,192,694,euclid,current_goal_geometry_only,no_reopen_astar,384,True,True,28,2.751405397448984,2.751405397448984,1.0,155,155,1,,False,False,7.860000187065452e-05,0.0,0.0,0.0005390000005718321
C_hard_spiral,14,86,20555025,20555042,192,694,field_hrm,complete_64x64_occupancy_goal_raster,no_reopen_astar,384,True,True,30,2.9998269115401053,2.751405397448984,1.0902889535367815,116,116,1,,False,False,0.2187564999985625,0.0,0.0,0.0003918999937013723
C_hard_spiral,14,86,20555025,20555042,192,694,field_onlstm,complete_64x64_occupancy_goal_raster,no_reopen_astar,384,True,True,30,2.8575743120561423,2.751405397448984,1.0385871579323043,146,146,1,,False,False,0.25090690000070026,0.0,0.0,0.0005631000021821819
C_hard_spiral,14,86,20555025,20555042,192,694,field_unet,complete_64x64_occupancy_goal_raster,no_reopen_astar,384,True,True,29,2.8356362548466034,2.751405397448984,1.0306137574185599,130,130,1,,False,False,0.19643429999996442,0.0,0.0,0.00041489999421173707
C_hard_spiral,14,86,20555025,20555042,192,694,oracle,exact_full_graph_cost_to_go_evaluation_only,no_reopen_astar,384,True,True,28,2.751405397448984,2.751405397448984,1.0,29,29,1,,False,False,0.0002786999975796789,0.0,0.0,0.00011310000263620168
C_hard_spiral,14,86,20555025,20555042,192,694,scalar_hrm,global_obstacle_list_summaries_sectors_plus_rays_goal,no_reopen_astar,384,True,True,28,2.876150414326145,2.751405397448984,1.045338653835898,136,136,1,,False,False,0.9064294999989215,0.0,0.0,0.0004268000047886744
C_hard_spiral,14,86,20555025,20555042,192,694,scalar_onlstm,global_obstacle_list_summaries_sectors_plus_rays_goal,no_reopen_astar,384,True,True,31,2.934355071647404,2.751405397448984,1.0664931726775142,121,121,1,,False,False,0.8343592000019271,0.0,0.0,0.00046460000157821923
C_hard_spiral,14,86,20555025,20555042,192,694,current_local_backup_alpha_1_50,current_goal_geometry_bounded_rays_one_hop_actions_plus_radius_bounded_local_subgraph_and_frozen_exit_values,no_reopen_astar,384,True,True,30,2.773447441330699,2.751405397448984,1.0080111945343102,114,114,1,,False,False,3.100030000001425,0.0006599999978789128,0.01051059999736026,0.00030250000418163836
C_hard_spiral,14,86,20555025,20555042,192,694,current_bounded_focal_alpha_0_50,current_goal_geometry_bounded_rays_one_hop_actions,reopening_fhat_focal,384,True,True,28,2.751405397448984,2.751405397448984,1.0,152,148,3,2.598105543616752,False,False,3.100030000001425,0.0005254000061540864,0.0,0.0013972999950055964
C_hard_spiral,15,87,20578785,20578802,192,653,euclid,current_goal_geometry_only,no_reopen_astar,384,True,True,29,2.9207292825578337,2.920729282557834,0.9999999999999999,127,127,1,,False,False,0.0001596000001882203,0.0,0.0,0.00046779999684076756
C_hard_spiral,15,87,20578785,20578802,192,653,field_hrm,complete_64x64_occupancy_goal_raster,no_reopen_astar,384,True,True,29,2.992059775040461,2.920729282557834,1.0244221513128937,94,94,1,,False,False,0.21695619999809423,0.0,0.0,0.00039319999632425606
C_hard_spiral,15,87,20578785,20578802,192,653,field_onlstm,complete_64x64_occupancy_goal_raster,no_reopen_astar,384,True,True,29,2.9207292825578337,2.920729282557834,0.9999999999999999,114,114,1,,False,False,0.26726179999968736,0.0,0.0,0.0003577999959816225
C_hard_spiral,15,87,20578785,20578802,192,653,field_unet,complete_64x64_occupancy_goal_raster,no_reopen_astar,384,True,True,30,3.000152610256699,2.920729282557834,1.0271929781966336,115,115,1,,False,False,0.19329900000593625,0.0,0.0,0.00044720000005327165
C_hard_spiral,15,87,20578785,20578802,192,653,oracle,exact_full_graph_cost_to_go_evaluation_only,no_reopen_astar,384,True,True,29,2.9207292825578337,2.920729282557834,0.9999999999999999,30,30,1,,False,False,0.00025969999842345715,0.0,0.0,0.00011269999959040433
C_hard_spiral,15,87,20578785,20578802,192,653,scalar_hrm,global_obstacle_list_summaries_sectors_plus_rays_goal,no_reopen_astar,384,True,True,29,3.1335893124049394,2.920729282557834,1.0728790686347667,109,109,1,,False,False,0.8737017000021297,0.0,0.0,0.00040300000546267256
C_hard_spiral,15,87,20578785,20578802,192,653,scalar_onlstm,global_obstacle_list_summaries_sectors_plus_rays_goal,no_reopen_astar,384,True,True,30,2.987738641560414,2.920729282557834,1.022942680584178,80,80,1,,False,False,0.7346012000052724,0.0,0.0,0.00029129999893484637
C_hard_spiral,15,87,20578785,20578802,192,653,current_local_backup_alpha_1_50,current_goal_geometry_bounded_rays_one_hop_actions_plus_radius_bounded_local_subgraph_and_frozen_exit_values,no_reopen_astar,384,True,True,28,2.924653589655474,2.920729282557834,1.0013436052156819,97,97,1,,False,False,2.7896194999993895,0.0005860999954165891,0.008397000005061273,0.00016199999663513154
C_hard_spiral,15,87,20578785,20578802,192,653,current_bounded_focal_alpha_0_50,current_goal_geometry_bounded_rays_one_hop_actions,reopening_fhat_focal,384,True,True,29,2.9207292825578337,2.920729282557834,0.9999999999999999,124,124,1,2.8916796408839422,False,False,2.7896194999993895,0.0005923999997321516,0.0,0.0009394000007887371
C_hard_spiral,16,88,20602545,20602562,192,674,euclid,current_goal_geometry_only,no_reopen_astar,384,True,True,39,3.5436623174876987,3.543662317487697,1.0000000000000004,160,160,1,,False,False,7.14999987394549e-05,0.0,0.0,0.0004245000018272549
C_hard_spiral,16,88,20602545,20602562,192,674,field_hrm,complete_64x64_occupancy_goal_raster,no_reopen_astar,384,True,True,38,3.590609482356988,3.543662317487697,1.013248205010283,122,122,1,,False,False,0.26351180000347085,0.0,0.0,0.00042669999675126746
C_hard_spiral,16,88,20602545,20602562,192,674,field_onlstm,complete_64x64_occupancy_goal_raster,no_reopen_astar,384,True,True,38,3.561069110646038,3.543662317487697,1.0049120913898708,152,152,1,,False,False,0.3089423999990686,0.0,0.0,0.00048690000403439626
C_hard_spiral,16,88,20602545,20602562,192,674,field_unet,complete_64x64_occupancy_goal_raster,no_reopen_astar,384,True,True,38,3.5949654950142396,3.543662317487697,1.0144774453461227,144,144,1,,False,False,0.2453243999989354,0.0,0.0,0.0006457999988924712
C_hard_spiral,16,88,20602545,20602562,192,674,oracle,exact_full_graph_cost_to_go_evaluation_only,no_reopen_astar,384,True,True,39,3.5436623174876987,3.543662317487697,1.0000000000000004,40,40,1,,False,False,0.0004528999998001382,0.0,0.0,0.0004473999943002127
C_hard_spiral,16,88,20602545,20602562,192,674,scalar_hrm,global_obstacle_list_summaries_sectors_plus_rays_goal,no_reopen_astar,384,True,True,37,3.5989327578820163,3.543662317487697,1.0155969828506413,86,86,1,,False,False,1.0867368999970495,0.0,0.0,0.00034169999707955867
C_hard_spiral,16,88,20602545,20602562,192,674,scalar_onlstm,global_obstacle_list_summaries_sectors_plus_rays_goal,no_reopen_astar,384,True,True,40,4.092629697127544,3.543662317487697,1.1549152629274906,112,112,1,,False,False,1.0069512999980361,0.0,0.0,0.0004031999997096136
C_hard_spiral,16,88,20602545,20602562,192,674,current_local_backup_alpha_1_50,current_goal_geometry_bounded_rays_one_hop_actions_plus_radius_bounded_local_subgraph_and_frozen_exit_values,no_reopen_astar,384,True,True,38,3.599442387319792,3.543662317487697,1.0157407971851113,120,120,1,,False,False,3.645494799995504,0.0006426999971154146,0.009548400004860014,0.00028640000527957454
C_hard_spiral,16,88,20602545,20602562,192,674,current_bounded_focal_alpha_0_50,current_goal_geometry_bounded_rays_one_hop_actions,reopening_fhat_focal,384,True,True,39,3.5436623174876987,3.543662317487697,1.0000000000000004,158,155,2,3.3953584327587576,False,False,3.645494799995504,0.00040810000064084306,0.0,0.0013029000037931837
C_hard_spiral,17,89,20626305,20626322,192,715,euclid,current_goal_geometry_only,no_reopen_astar,384,True,True,33,3.2284060127393057,3.2284060127393057,1.0,144,144,1,,False,False,7.79999973019585e-05,0.0,0.0,0.0004933000018354505
C_hard_spiral,17,89,20626305,20626322,192,715,field_hrm,complete_64x64_occupancy_goal_raster,no_reopen_astar,384,True,True,33,3.2460025101549594,3.2284060127393057,1.0054505218198138,123,123,1,,False,False,0.20575690000259783,0.0,0.0,0.0004426000014063902
C_hard_spiral,17,89,20626305,20626322,192,715,field_onlstm,complete_64x64_occupancy_goal_raster,no_reopen_astar,384,True,True,33,3.2547406195408577,3.2284060127393057,1.0081571545517,130,130,1,,False,False,0.26600799999869196,0.0,0.0,0.0004304999965825118
C_hard_spiral,17,89,20626305,20626322,192,715,field_unet,complete_64x64_occupancy_goal_raster,no_reopen_astar,384,True,True,33,3.2522532865726066,3.2284060127393057,1.0073867022113079,137,137,1,,False,False,0.20177999999577878,0.0,0.0,0.0005212000032770447
C_hard_spiral,17,89,20626305,20626322,192,715,oracle,exact_full_graph_cost_to_go_evaluation_only,no_reopen_astar,384,True,True,33,3.2284060127393057,3.2284060127393057,1.0,34,34,1,,False,False,0.0002793000021483749,0.0,0.0,0.00012929999502375722
C_hard_spiral,17,89,20626305,20626322,192,715,scalar_hrm,global_obstacle_list_summaries_sectors_plus_rays_goal,no_reopen_astar,384,True,True,32,3.350537128733223,3.2284060127393057,1.0378301599959816,117,117,1,,False,False,0.9197362000049907,0.0,0.0,0.00040889999945648015
C_hard_spiral,17,89,20626305,20626322,192,715,scalar_onlstm,global_obstacle_list_summaries_sectors_plus_rays_goal,no_reopen_astar,384,True,True,33,3.338480544358963,3.2284060127393057,1.03409562836437,110,110,1,,False,False,0.839224600000307,0.0,0.0,0.00048180000158026814
C_hard_spiral,17,89,20626305,20626322,192,715,current_local_backup_alpha_1_50,current_goal_geometry_bounded_rays_one_hop_actions_plus_radius_bounded_local_subgraph_and_frozen_exit_values,no_reopen_astar,384,True,True,33,3.2430714736155775,3.2284060127393057,1.0045426321281776,116,116,1,,False,False,3.063514599998598,0.0006084999986342154,0.00992709999991348,0.00029709999944316223
C_hard_spiral,17,89,20626305,20626322,192,715,current_bounded_focal_alpha_0_50,current_goal_geometry_bounded_rays_one_hop_actions,reopening_fhat_focal,384,True,True,33,3.2284060127393057,3.2284060127393057,1.0,146,146,1,3.2284060127393057,False,False,3.063514599998598,0.0005541999998968095,0.0,0.001080400004866533
C_hard_spiral,18,90,20642145,20642162,192,692,euclid,current_goal_geometry_only,no_reopen_astar,384,True,True,33,3.3387497265112565,3.3387497265112565,1.0,152,152,1,,False,False,6.929999653948471e-05,0.0,0.0,0.00039200000173877925
C_hard_spiral,18,90,20642145,20642162,192,692,field_hrm,complete_64x64_occupancy_goal_raster,no_reopen_astar,384,True,True,33,3.4382042655486877,3.3387497265112565,1.029787958722307,122,122,1,,False,False,0.21912500000325963,0.0,0.0,0.00041430000419495627
C_hard_spiral,18,90,20642145,20642162,192,692,field_onlstm,complete_64x64_occupancy_goal_raster,no_reopen_astar,384,True,True,33,3.4380809724631147,3.3387497265112565,1.0297510308014768,129,129,1,,False,False,0.26951150000240887,0.0,0.0,0.0004220000046188943
C_hard_spiral,18,90,20642145,20642162,192,692,field_unet,complete_64x64_occupancy_goal_raster,no_reopen_astar,384,True,True,34,3.4436360299943636,3.3387497265112565,1.0314148445001015,139,139,1,,False,False,0.20056969999859575,0.0,0.0,0.0004364000051282346
C_hard_spiral,18,90,20642145,20642162,192,692,oracle,exact_full_graph_cost_to_go_evaluation_only,no_reopen_astar,384,True,True,33,3.3387497265112565,3.3387497265112565,1.0,34,34,1,,False,False,0.0003150999982608482,0.0,0.0,0.00014409999857889488
C_hard_spiral,18,90,20642145,20642162,192,692,scalar_hrm,global_obstacle_list_summaries_sectors_plus_rays_goal,no_reopen_astar,384,True,True,33,3.41625904808747,3.3387497265112565,1.0232150738825234,131,131,1,,False,False,0.9082770999957575,0.0,0.0,0.00041649999911896884
C_hard_spiral,18,90,20642145,20642162,192,692,scalar_onlstm,global_obstacle_list_summaries_sectors_plus_rays_goal,no_reopen_astar,384,True,True,33,3.3945865544390044,3.3387497265112565,1.0167238734560955,146,146,1,,False,False,0.8861641000039526,0.0,0.0,0.000571600001421757
C_hard_spiral,18,90,20642145,20642162,192,692,current_local_backup_alpha_1_50,current_goal_geometry_bounded_rays_one_hop_actions_plus_radius_bounded_local_subgraph_and_frozen_exit_values,no_reopen_astar,384,True,True,34,3.3627253535880945,3.3387497265112565,1.0071810195554523,110,110,1,,False,False,3.1235826999982237,0.0007298999989870936,0.009805300003790762,0.00030310000147437677
C_hard_spiral,18,90,20642145,20642162,192,692,current_bounded_focal_alpha_0_50,current_goal_geometry_bounded_rays_one_hop_actions,reopening_fhat_focal,384,True,True,33,3.3387497265112565,3.3387497265112565,1.0,169,141,5,3.152109039180803,False,False,3.1235826999982237,0.00040889999945648015,0.0,0.001549100001284387
C_hard_spiral,19,91,20650065,20650082,192,691,euclid,current_goal_geometry_only,no_reopen_astar,384,True,True,37,3.5904406850715476,3.590440685071549,0.9999999999999997,147,147,1,,False,False,8.47000046633184e-05,0.0,0.0,0.0005014999987906776
C_hard_spiral,19,91,20650065,20650082,192,691,field_hrm,complete_64x64_occupancy_goal_raster,no_reopen_astar,384,True,True,37,3.5986728167781723,3.590440685071549,1.0022927914506015,141,141,1,,False,False,0.21738109999569133,0.0,0.0,0.00044499999785330147
C_hard_spiral,19,91,20650065,20650082,192,691,field_onlstm,complete_64x64_occupancy_goal_raster,no_reopen_astar,384,True,True,37,3.70506830269665,3.590440685071549,1.0319257795015815,146,146,1,,False,False,0.2595027999996091,0.0,0.0,0.0004486999969230965
C_hard_spiral,19,91,20650065,20650082,192,691,field_unet,complete_64x64_occupancy_goal_raster,no_reopen_astar,384,True,True,37,3.641341439548429,3.590440685071549,1.0141767428963573,146,146,1,,False,False,0.2044469000029494,0.0,0.0,0.00043390000064391643
C_hard_spiral,19,91,20650065,20650082,192,691,oracle,exact_full_graph_cost_to_go_evaluation_only,no_reopen_astar,384,True,True,37,3.5904406850715476,3.590440685071549,0.9999999999999997,38,38,1,,False,False,0.0002642999970703386,0.0,0.0,0.00015259999781847
C_hard_spiral,19,91,20650065,20650082,192,691,scalar_hrm,global_obstacle_list_summaries_sectors_plus_rays_goal,no_reopen_astar,384,True,True,37,3.7675561478989854,3.590440685071549,1.049329728120521,128,128,1,,False,False,0.9355322000046726,0.0,0.0,0.00042389999725855887
C_hard_spiral,19,91,20650065,20650082,192,691,scalar_onlstm,global_obstacle_list_summaries_sectors_plus_rays_goal,no_reopen_astar,384,True,True,38,3.7667506556163577,3.590440685071549,1.0491053845501128,120,120,1,,False,False,0.8123407000020961,0.0,0.0,0.00045810000301571563
C_hard_spiral,19,91,20650065,20650082,192,691,current_local_backup_alpha_1_50,current_goal_geometry_bounded_rays_one_hop_actions_plus_radius_bounded_local_subgraph_and_frozen_exit_values,no_reopen_astar,384,True,True,37,3.6225280152735517,3.590440685071549,1.0089368779535661,141,141,1,,False,False,3.267600200000743,0.0006093999982113019,0.008697400000528432,0.0003133999998681247
C_hard_spiral,19,91,20650065,20650082,192,691,current_bounded_focal_alpha_0_50,current_goal_geometry_bounded_rays_one_hop_actions,reopening_fhat_focal,384,True,True,37,3.5904406850715476,3.590440685071549,0.9999999999999997,147,146,2,3.568649287545788,False,False,3.267600200000743,0.00042039999971166253,0.0,0.0010385999994468875
C_hard_spiral,20,92,20657985,20658002,192,668,euclid,current_goal_geometry_only,no_reopen_astar,384,True,True,33,3.0674893618428687,3.0674893618428687,1.0,154,154,1,,False,False,5.9600002714432776e-05,0.0,0.0,0.0004845000003115274
C_hard_spiral,20,92,20657985,20658002,192,668,field_hrm,complete_64x64_occupancy_goal_raster,no_reopen_astar,384,True,True,32,3.0827353890823272,3.0674893618428687,1.0049701972659162,105,105,1,,False,False,0.17692510000051698,0.0,0.0,0.0003547999949660152
C_hard_spiral,20,92,20657985,20658002,192,668,field_onlstm,complete_64x64_occupancy_goal_raster,no_reopen_astar,384,True,True,33,3.0973156793452157,3.0674893618428687,1.009723364609952,145,145,1,,False,False,0.21154849999584258,0.0,0.0,0.00045899999531684443
C_hard_spiral,20,92,20657985,20658002,192,668,field_unet,complete_64x64_occupancy_goal_raster,no_reopen_astar,384,True,True,33,3.146212660718901,3.0674893618428687,1.0256637561177189,124,124,1,,False,False,0.14691089999541873,0.0,0.0,0.00028270000620977953
C_hard_spiral,20,92,20657985,20658002,192,668,oracle,exact_full_graph_cost_to_go_evaluation_only,no_reopen_astar,384,True,True,33,3.0674893618428687,3.0674893618428687,1.0,34,34,1,,False,False,0.00019080000492976978,0.0,0.0,8.679999882588163e-05
C_hard_spiral,20,92,20657985,20658002,192,668,scalar_hrm,global_obstacle_list_summaries_sectors_plus_rays_goal,no_reopen_astar,384,True,True,33,3.1217212168703674,3.0674893618428687,1.0176795576545756,106,106,1,,False,False,0.7946660000015981,0.0,0.0,0.0003556000010576099
C_hard_spiral,20,92,20657985,20658002,192,668,scalar_onlstm,global_obstacle_list_summaries_sectors_plus_rays_goal,no_reopen_astar,384,True,True,32,3.0991026929297947,3.0674893618428687,1.010305930146057,85,85,1,,False,False,0.6491291999991518,0.0,0.0,0.00031399999716086313
C_hard_spiral,20,92,20657985,20658002,192,668,current_local_backup_alpha_1_50,current_goal_geometry_bounded_rays_one_hop_actions_plus_radius_bounded_local_subgraph_and_frozen_exit_values,no_reopen_astar,384,True,True,34,3.1817804902655182,3.0674893618428687,1.0372588507866858,120,120,1,,False,False,2.5113646000027074,0.0006177999966894276,0.009183800000755582,0.0002852000034181401
C_hard_spiral,20,92,20657985,20658002,192,668,current_bounded_focal_alpha_0_50,current_goal_geometry_bounded_rays_one_hop_actions,reopening_fhat_focal,384,True,True,32,3.0901092584486927,3.0674893618428687,1.007374074996705,149,149,1,2.9036668203361575,False,False,2.5113646000027074,0.0004265000025043264,0.0,0.0010710999995353632
C_hard_spiral,21,93,20681745,20681762,192,705,euclid,current_goal_geometry_only,no_reopen_astar,384,True,True,33,3.2600688802530042,3.2600688802530047,0.9999999999999999,148,148,1,,False,False,8.83999964571558e-05,0.0,0.0,0.0005193999968469143
C_hard_spiral,21,93,20681745,20681762,192,705,field_hrm,complete_64x64_occupancy_goal_raster,no_reopen_astar,384,True,True,33,3.2881223001322812,3.2600688802530047,1.0086051617035463,115,115,1,,False,False,0.23127260000183014,0.0,0.0,0.00029229999927338213
C_hard_spiral,21,93,20681745,20681762,192,705,field_onlstm,complete_64x64_occupancy_goal_raster,no_reopen_astar,384,True,True,33,3.2742267714989626,3.2600688802530047,1.004342819666086,137,137,1,,False,False,0.27782090000255266,0.0,0.0,0.0004803000047104433
C_hard_spiral,21,93,20681745,20681762,192,705,field_unet,complete_64x64_occupancy_goal_raster,no_reopen_astar,384,True,True,34,3.2887959361147625,3.2600688802530047,1.00881179414207,139,139,1,,False,False,0.19983940000383882,0.0,0.0,0.0004786000063177198
C_hard_spiral,21,93,20681745,20681762,192,705,oracle,exact_full_graph_cost_to_go_evaluation_only,no_reopen_astar,384,True,True,33,3.2600688802530042,3.2600688802530047,0.9999999999999999,34,34,1,,False,False,0.00018339999951422215,0.0,0.0,0.0001438999970559962
C_hard_spiral,21,93,20681745,20681762,192,705,scalar_hrm,global_obstacle_list_summaries_sectors_plus_rays_goal,no_reopen_astar,384,True,True,35,3.4638891513896004,3.2600688802530047,1.0625202345788405,134,134,1,,False,False,0.9935856000010972,0.0,0.0,0.0004569000011542812
C_hard_spiral,21,93,20681745,20681762,192,705,scalar_onlstm,global_obstacle_list_summaries_sectors_plus_rays_goal,no_reopen_astar,384,True,True,34,3.4090628673334367,3.2600688802530047,1.0457027113699724,121,121,1,,False,False,0.8549273000026005,0.0,0.0,0.0004592000041157007
C_hard_spiral,21,93,20681745,20681762,192,705,current_local_backup_alpha_1_50,current_goal_geometry_bounded_rays_one_hop_actions_plus_radius_bounded_local_subgraph_and_frozen_exit_values,no_reopen_astar,384,True,True,33,3.3831721269424158,3.2600688802530047,1.0377609342658605,118,118,1,,False,False,3.4200737999999546,0.001090099998691585,0.009348700004920829,0.0002956000025733374
C_hard_spiral,21,93,20681745,20681762,192,705,current_bounded_focal_alpha_0_50,current_goal_geometry_bounded_rays_one_hop_actions,reopening_fhat_focal,384,True,True,33,3.2600688802530042,3.2600688802530047,0.9999999999999999,147,147,1,3.1399390732097,False,False,3.4200737999999546,0.0005577999982051551,0.0,0.0011966000020038337
C_hard_spiral,22,94,20737185,20737202,192,654,euclid,current_goal_geometry_only,no_reopen_astar,384,True,True,38,3.532429820815315,3.5324298208153158,0.9999999999999998,151,151,1,,False,False,8.789999992586672e-05,0.0,0.0,0.0005256000004010275
C_hard_spiral,22,94,20737185,20737202,192,654,field_hrm,complete_64x64_occupancy_goal_raster,no_reopen_astar,384,True,True,39,3.6502110976888624,3.5324298208153158,1.0333428497799177,131,131,1,,False,False,0.24838459999591578,0.0,0.0,0.00043140000343555585
C_hard_spiral,22,94,20737185,20737202,192,654,field_onlstm,complete_64x64_occupancy_goal_raster,no_reopen_astar,384,True,True,38,3.6033886228880245,3.5324298208153158,1.020087816509354,145,145,1,,False,False,0.2875237999978708,0.0,0.0,0.00044779999734601006
C_hard_spiral,22,94,20737185,20737202,192,654,field_unet,complete_64x64_occupancy_goal_raster,no_reopen_astar,384,True,True,38,3.590213077603649,3.5324298208153158,1.0163579348265712,143,143,1,,False,False,0.22238340000330936,0.0,0.0,0.00048010000318754464
C_hard_spiral,22,94,20737185,20737202,192,654,oracle,exact_full_graph_cost_to_go_evaluation_only,no_reopen_astar,384,True,True,38,3.532429820815315,3.5324298208153158,0.9999999999999998,39,39,1,,False,False,0.00026330000400776044,0.0,0.0,0.00015490000077988952
C_hard_spiral,22,94,20737185,20737202,192,654,scalar_hrm,global_obstacle_list_summaries_sectors_plus_rays_goal,no_reopen_astar,384,True,True,38,3.591604603789962,3.5324298208153158,1.0167518637244966,117,117,1,,False,False,1.0210498000014923,0.0,0.0,0.00043480000022100285
C_hard_spiral,22,94,20737185,20737202,192,654,scalar_onlstm,global_obstacle_list_summaries_sectors_plus_rays_goal,no_reopen_astar,384,True,True,38,3.659476613720451,3.5324298208153158,1.035965836364673,116,116,1,,False,False,0.9394090000059805,0.0,0.0,0.0003322000047774054
C_hard_spiral,22,94,20737185,20737202,192,654,current_local_backup_alpha_1_50,current_goal_geometry_bounded_rays_one_hop_actions_plus_radius_bounded_local_subgraph_and_frozen_exit_values,no_reopen_astar,384,True,True,38,3.5999132019125177,3.5324298208153158,1.0191039552150611,125,125,1,,False,False,3.527223800003412,0.0029976000005262904,0.00936859999637818,0.000385600003937725
C_hard_spiral,22,94,20737185,20737202,192,654,current_bounded_focal_alpha_0_50,current_goal_geometry_bounded_rays_one_hop_actions,reopening_fhat_focal,384,True,True,38,3.5488252852365045,3.5324298208153158,1.0046414126402672,148,148,1,3.417311394054874,False,False,3.527223800003412,0.0007358000002568588,0.0,0.0010710999995353632
C_hard_spiral,23,95,20753025,20753042,192,675,euclid,current_goal_geometry_only,no_reopen_astar,384,True,True,28,2.6988245491046823,2.698824549104682,1.0000000000000002,151,151,1,,False,False,0.00011649999942164868,0.0,0.0,0.0006147000021883287
C_hard_spiral,23,95,20753025,20753042,192,675,field_hrm,complete_64x64_occupancy_goal_raster,no_reopen_astar,384,True,True,29,2.7394680922901924,2.698824549104682,1.015059720424951,112,112,1,,False,False,0.18628199999511708,0.0,0.0,0.00045530000352300704
C_hard_spiral,23,95,20753025,20753042,192,675,field_onlstm,complete_64x64_occupancy_goal_raster,no_reopen_astar,384,True,True,29,2.7329811410963702,2.698824549104682,1.012656099487097,140,140,1,,False,False,0.21216399999684654,0.0,0.0,0.00032610000198474154
C_hard_spiral,23,95,20753025,20753042,192,675,field_unet,complete_64x64_occupancy_goal_raster,no_reopen_astar,384,True,True,28,2.7459576752290022,2.698824549104682,1.017464316507702,105,105,1,,False,False,0.14868129999376833,0.0,0.0,0.00049080000462709
C_hard_spiral,23,95,20753025,20753042,192,675,oracle,exact_full_graph_cost_to_go_evaluation_only,no_reopen_astar,384,True,True,28,2.6988245491046823,2.698824549104682,1.0000000000000002,29,29,1,,False,False,0.00037000000156695023,0.0,0.0,0.0001421999986632727
C_hard_spiral,23,95,20753025,20753042,192,675,scalar_hrm,global_obstacle_list_summaries_sectors_plus_rays_goal,no_reopen_astar,384,True,True,29,2.739044664506929,2.698824549104682,1.0149028270161504,129,129,1,,False,False,0.8208635999981198,0.0,0.0,0.00046740000107092783
C_hard_spiral,23,95,20753025,20753042,192,675,scalar_onlstm,global_obstacle_list_summaries_sectors_plus_rays_goal,no_reopen_astar,384,True,True,30,2.8800338912801826,2.698824549104682,1.0671438023770814,129,129,1,,False,False,0.6630628999992041,0.0,0.0,0.00043960000039078295
C_hard_spiral,23,95,20753025,20753042,192,675,current_local_backup_alpha_1_50,current_goal_geometry_bounded_rays_one_hop_actions_plus_radius_bounded_local_subgraph_and_frozen_exit_values,no_reopen_astar,384,True,True,28,2.746725759609498,2.698824549104682,1.0177489161052382,90,90,1,,False,False,2.517216799999005,0.0006461000011768192,0.009620999997423496,0.00025850000383798033
C_hard_spiral,23,95,20753025,20753042,192,675,current_bounded_focal_alpha_0_50,current_goal_geometry_bounded_rays_one_hop_actions,reopening_fhat_focal,384,True,True,28,2.6988245491046823,2.698824549104682,1.0000000000000002,147,142,2,2.4731783661131916,False,False,2.517216799999005,0.0005415000050561503,0.0,0.001316200003202539
C_hard_bugtrap,0,96,21325348,21325365,192,747,euclid,current_goal_geometry_only,no_reopen_astar,384,True,True,7,0.7467254299431365,0.7467254299431366,0.9999999999999999,29,29,1,,False,False,7.539999933214858e-05,0.0,0.0,0.00019699999393196777
C_hard_bugtrap,0,96,21325348,21325365,192,747,field_hrm,complete_64x64_occupancy_goal_raster,no_reopen_astar,384,True,True,8,0.8261738096857232,0.7467254299431366,1.1063957065833911,16,16,1,,False,False,0.17685440000059316,0.0,0.0,0.00011079999967478216
C_hard_bugtrap,0,96,21325348,21325365,192,747,field_onlstm,complete_64x64_occupancy_goal_raster,no_reopen_astar,384,True,True,7,0.7892865925930308,0.7467254299431366,1.0569970714043249,12,12,1,,False,False,0.21458739999798127,0.0,0.0,0.00010940000356640667
C_hard_bugtrap,0,96,21325348,21325365,192,747,field_unet,complete_64x64_occupancy_goal_raster,no_reopen_astar,384,True,True,9,0.874175660109745,0.7467254299431366,1.1706788399804648,22,22,1,,False,False,0.15846430000237888,0.0,0.0,0.00013419999595498666
C_hard_bugtrap,0,96,21325348,21325365,192,747,oracle,exact_full_graph_cost_to_go_evaluation_only,no_reopen_astar,384,True,True,7,0.7467254299431365,0.7467254299431366,0.9999999999999999,8,8,1,,False,False,0.00045259999751579016,0.0,0.0,6.259999645408243e-05
C_hard_bugtrap,0,96,21325348,21325365,192,747,scalar_hrm,global_obstacle_list_summaries_sectors_plus_rays_goal,no_reopen_astar,384,True,True,7,0.7467254299431365,0.7467254299431366,0.9999999999999999,11,11,1,,False,False,0.8535099000000628,0.0,0.0,9.359999967273325e-05
C_hard_bugtrap,0,96,21325348,21325365,192,747,scalar_onlstm,global_obstacle_list_summaries_sectors_plus_rays_goal,no_reopen_astar,384,True,True,7,0.7467254299431365,0.7467254299431366,0.9999999999999999,12,12,1,,False,False,0.7676159999973606,0.0,0.0,8.809999417280778e-05
C_hard_bugtrap,0,96,21325348,21325365,192,747,current_local_backup_alpha_1_50,current_goal_geometry_bounded_rays_one_hop_actions_plus_radius_bounded_local_subgraph_and_frozen_exit_values,no_reopen_astar,384,True,True,7,0.7591333409353447,0.7467254299431366,1.0166164302093648,15,15,1,,False,False,3.01799509999546,0.0010299000059603713,0.009771099998033606,8.679999882588163e-05
C_hard_bugtrap,0,96,21325348,21325365,192,747,current_bounded_focal_alpha_0_50,current_goal_geometry_bounded_rays_one_hop_actions,reopening_fhat_focal,384,True,True,7,0.7467254299431365,0.7467254299431366,0.9999999999999999,31,31,1,0.7426631191901301,False,False,3.01799509999546,0.0007368000005953945,0.0,0.00030929999775253236
C_hard_bugtrap,1,97,21333268,21333285,192,757,euclid,current_goal_geometry_only,no_reopen_astar,384,True,True,5,0.5535071293745804,0.5535071293745804,1.0,7,7,1,,False,False,8.019999950192869e-05,0.0,0.0,0.00014789999841013923
C_hard_bugtrap,1,97,21333268,21333285,192,757,field_hrm,complete_64x64_occupancy_goal_raster,no_reopen_astar,384,True,True,5,0.6198766354304194,0.5535071293745804,1.119907228893025,6,6,1,,False,False,0.23287590000109049,0.0,0.0,8.759999764151871e-05
C_hard_bugtrap,1,97,21333268,21333285,192,757,field_onlstm,complete_64x64_occupancy_goal_raster,no_reopen_astar,384,True,True,4,0.5861717795240815,0.5535071293745804,1.0590139646194072,10,10,1,,False,False,0.28100519999861717,0.0,0.0,0.00010099999781232327
C_hard_bugtrap,1,97,21333268,21333285,192,757,field_unet,complete_64x64_occupancy_goal_raster,no_reopen_astar,384,True,True,5,0.5810152577714134,0.5535071293745804,1.049697875487015,7,7,1,,False,False,0.22155010000278708,0.0,0.0,7.409999670926481e-05
C_hard_bugtrap,1,97,21333268,21333285,192,757,oracle,exact_full_graph_cost_to_go_evaluation_only,no_reopen_astar,384,True,True,5,0.5535071293745804,0.5535071293745804,1.0,6,6,1,,False,False,0.00040020000596996397,0.0,0.0,3.819999983534217e-05
C_hard_bugtrap,1,97,21333268,21333285,192,757,scalar_hrm,global_obstacle_list_summaries_sectors_plus_rays_goal,no_reopen_astar,384,True,True,5,0.5810152577714134,0.5535071293745804,1.049697875487015,6,6,1,,False,False,1.1491552999941632,0.0,0.0,9.639999916544184e-05
C_hard_bugtrap,1,97,21333268,21333285,192,757,scalar_onlstm,global_obstacle_list_summaries_sectors_plus_rays_goal,no_reopen_astar,384,True,True,5,0.5810152577714134,0.5535071293745804,1.049697875487015,6,6,1,,False,False,1.0590699000022141,0.0,0.0,7.919999916339293e-05
C_hard_bugtrap,1,97,21333268,21333285,192,757,current_local_backup_alpha_1_50,current_goal_geometry_bounded_rays_one_hop_actions_plus_radius_bounded_local_subgraph_and_frozen_exit_values,no_reopen_astar,384,True,True,4,0.5861717795240815,0.5535071293745804,1.0590139646194072,5,5,1,,False,False,3.881225100005395,0.0006157000025268644,0.010274000000208616,5.199999577598646e-05
C_hard_bugtrap,1,97,21333268,21333285,192,757,current_bounded_focal_alpha_0_50,current_goal_geometry_bounded_rays_one_hop_actions,reopening_fhat_focal,384,True,True,5,0.5535071293745804,0.5535071293745804,1.0,8,8,1,0.5397360128181737,False,False,3.881225100005395,0.00041000000055646524,0.0,0.00011169999925186858
C_hard_bugtrap,2,98,21341188,21341205,192,724,euclid,current_goal_geometry_only,no_reopen_astar,384,True,True,8,0.7486253267575083,0.7486253267575083,1.0,31,31,1,,False,False,5.2900002629030496e-05,0.0,0.0,0.00018090000230586156
C_hard_bugtrap,2,98,21341188,21341205,192,724,field_hrm,complete_64x64_occupancy_goal_raster,no_reopen_astar,384,True,True,8,0.7918283984028816,0.7486253267575083,1.0577098718159819,31,31,1,,False,False,0.22724720000405796,0.0,0.0,0.00016730000061215833
C_hard_bugtrap,2,98,21341188,21341205,192,724,field_onlstm,complete_64x64_occupancy_goal_raster,no_reopen_astar,384,True,True,8,0.8015261586208806,0.7486253267575083,1.0706639622953977,18,18,1,,False,False,0.2583115999950678,0.0,0.0,0.00010770000517368317
C_hard_bugtrap,2,98,21341188,21341205,192,724,field_unet,complete_64x64_occupancy_goal_raster,no_reopen_astar,384,True,True,8,0.7486253267575083,0.7486253267575083,1.0,41,41,1,,False,False,0.19751470000483096,0.0,0.0,0.00017809999553719535
C_hard_bugtrap,2,98,21341188,21341205,192,724,oracle,exact_full_graph_cost_to_go_evaluation_only,no_reopen_astar,384,True,True,8,0.7486253267575083,0.7486253267575083,1.0,9,9,1,,False,False,0.0003645000033429824,0.0,0.0,5.370000144466758e-05
C_hard_bugtrap,2,98,21341188,21341205,192,724,scalar_hrm,global_obstacle_list_summaries_sectors_plus_rays_goal,no_reopen_astar,384,True,True,10,1.0333212729665866,0.7486253267575083,1.380291630583981,31,31,1,,False,False,0.9463393999976688,0.0,0.0,0.00016239999968092889
C_hard_bugtrap,2,98,21341188,21341205,192,724,scalar_onlstm,global_obstacle_list_summaries_sectors_plus_rays_goal,no_reopen_astar,384,True,True,8,0.7486253267575083,0.7486253267575083,1.0,16,16,1,,False,False,0.8979682000062894,0.0,0.0,0.00011130000348202884
C_hard_bugtrap,2,98,21341188,21341205,192,724,current_local_backup_alpha_1_50,current_goal_geometry_bounded_rays_one_hop_actions_plus_radius_bounded_local_subgraph_and_frozen_exit_values,no_reopen_astar,384,True,True,8,0.8047222862738771,0.7486253267575083,1.0749332910754428,20,20,1,,False,False,3.743693799995526,0.0010343999965698458,0.010853700005100109,6.379999831551686e-05
C_hard_bugtrap,2,98,21341188,21341205,192,724,current_bounded_focal_alpha_0_50,current_goal_geometry_bounded_rays_one_hop_actions,reopening_fhat_focal,384,True,True,8,0.7756288838939711,0.7486253267575083,1.0360708570379555,33,33,1,0.748559569012176,False,False,3.743693799995526,0.0004546000054688193,0.0,0.0004775000052177347
C_hard_bugtrap,3,99,21349108,21349125,192,763,euclid,current_goal_geometry_only,no_reopen_astar,384,True,True,7,0.7438447637077182,0.7438447637077183,0.9999999999999999,31,31,1,,False,False,8.489999891025946e-05,0.0,0.0,0.00023100000544218346
C_hard_bugtrap,3,99,21349108,21349125,192,763,field_hrm,complete_64x64_occupancy_goal_raster,no_reopen_astar,384,True,True,8,0.8655248873746861,0.7438447637077183,1.1635826849952526,15,15,1,,False,False,0.14541759999701753,0.0,0.0,0.0001306000049225986
C_hard_bugtrap,3,99,21349108,21349125,192,763,field_onlstm,complete_64x64_occupancy_goal_raster,no_reopen_astar,384,True,True,7,0.7438447637077182,0.7438447637077183,0.9999999999999999,22,22,1,,False,False,0.19822299999941606,0.0,0.0,0.0001621000046725385
C_hard_bugtrap,3,99,21349108,21349125,192,763,field_unet,complete_64x64_occupancy_goal_raster,no_reopen_astar,384,True,True,7,0.7548139339437913,0.7438447637077183,1.0147465852705566,14,14,1,,False,False,0.13354160000017146,0.0,0.0,0.0001303999961237423
C_hard_bugtrap,3,99,21349108,21349125,192,763,oracle,exact_full_graph_cost_to_go_evaluation_only,no_reopen_astar,384,True,True,7,0.7438447637077182,0.7438447637077183,0.9999999999999999,8,8,1,,False,False,0.0006275000050663948,0.0,0.0,7.100000220816582e-05
C_hard_bugtrap,3,99,21349108,21349125,192,763,scalar_hrm,global_obstacle_list_summaries_sectors_plus_rays_goal,no_reopen_astar,384,True,True,8,0.8060197820448542,0.7438447637077183,1.0835860133332424,10,10,1,,False,False,0.6264115999947535,0.0,0.0,9.580000187270343e-05
C_hard_bugtrap,3,99,21349108,21349125,192,763,scalar_onlstm,global_obstacle_list_summaries_sectors_plus_rays_goal,no_reopen_astar,384,True,True,8,0.7917255187234201,0.7438447637077183,1.064369284226777,13,13,1,,False,False,0.5644211000035284,0.0,0.0,0.00012119999882997945
C_hard_bugtrap,3,99,21349108,21349125,192,763,current_local_backup_alpha_1_50,current_goal_geometry_bounded_rays_one_hop_actions_plus_radius_bounded_local_subgraph_and_frozen_exit_values,no_reopen_astar,384,True,True,7,0.7438447637077182,0.7438447637077183,0.9999999999999999,8,8,1,,False,False,2.3444716000012704,0.0007365999990724958,0.01152400000137277,7.550000009359792e-05
C_hard_bugtrap,3,99,21349108,21349125,192,763,current_bounded_focal_alpha_0_50,current_goal_geometry_bounded_rays_one_hop_actions,reopening_fhat_focal,384,True,True,7,0.7438447637077182,0.7438447637077183,0.9999999999999999,33,33,1,0.7393447203265605,False,False,2.3444716000012704,0.00047449999692616984,0.0,0.0003614000015659258
C_hard_bugtrap,4,100,21357028,21357045,192,717,euclid,current_goal_geometry_only,no_reopen_astar,384,True,True,6,0.7082032408666783,0.7082032408666784,0.9999999999999999,30,30,1,,False,False,6.059999577701092e-05,0.0,0.0,0.00023040000087348744
C_hard_bugtrap,4,100,21357028,21357045,192,717,field_hrm,complete_64x64_occupancy_goal_raster,no_reopen_astar,384,True,True,6,0.7429906038937756,0.7082032408666784,1.049120592818137,21,21,1,,False,False,0.22867519999999786,0.0,0.0,0.00013270000636111945
C_hard_bugtrap,4,100,21357028,21357045,192,717,field_onlstm,complete_64x64_occupancy_goal_raster,no_reopen_astar,384,True,True,6,0.7082032408666783,0.7082032408666784,0.9999999999999999,21,21,1,,False,False,0.2748129000028712,0.0,0.0,0.00013899999612476677
C_hard_bugtrap,4,100,21357028,21357045,192,717,field_unet,complete_64x64_occupancy_goal_raster,no_reopen_astar,384,True,True,6,0.7188851697790443,0.7082032408666784,1.0150831403980778,17,17,1,,False,False,0.2076872999969055,0.0,0.0,0.00010450000263517722
C_hard_bugtrap,4,100,21357028,21357045,192,717,oracle,exact_full_graph_cost_to_go_evaluation_only,no_reopen_astar,384,True,True,6,0.7082032408666783,0.7082032408666784,0.9999999999999999,7,7,1,,False,False,0.00032220000139204785,0.0,0.0,3.5400000342633575e-05
C_hard_bugtrap,4,100,21357028,21357045,192,717,scalar_hrm,global_obstacle_list_summaries_sectors_plus_rays_goal,no_reopen_astar,384,True,True,6,0.7429906038937756,0.7082032408666784,1.049120592818137,20,20,1,,False,False,1.0536438999988604,0.0,0.0,0.00017520000255899504
C_hard_bugtrap,4,100,21357028,21357045,192,717,scalar_onlstm,global_obstacle_list_summaries_sectors_plus_rays_goal,no_reopen_astar,384,True,True,6,0.7429906038937756,0.7082032408666784,1.049120592818137,34,34,1,,False,False,0.9626165999943623,0.0,0.0,0.00016420000611105934
C_hard_bugtrap,4,100,21357028,21357045,192,717,current_local_backup_alpha_1_50,current_goal_geometry_bounded_rays_one_hop_actions_plus_radius_bounded_local_subgraph_and_frozen_exit_values,no_reopen_astar,384,True,True,7,0.7375950178341991,0.7082032408666784,1.0415018956021043,16,16,1,,False,False,3.674110899999505,0.0006045999980415218,0.010332600002584513,0.00011770000128308311
C_hard_bugtrap,4,100,21357028,21357045,192,717,current_bounded_focal_alpha_0_50,current_goal_geometry_bounded_rays_one_hop_actions,reopening_fhat_focal,384,True,True,7,0.7236400489386223,0.7082032408666784,1.021797144069904,29,29,1,0.6888161773468928,False,False,3.674110899999505,0.0004428999964147806,0.0,0.0002969999986817129
C_hard_bugtrap,5,101,21364948,21364965,192,749,euclid,current_goal_geometry_only,no_reopen_astar,384,True,True,7,0.636392437978638,0.636392437978638,1.0,18,18,1,,False,False,0.00010010000551119447,0.0,0.0,0.00019279999833088368
C_hard_bugtrap,5,101,21364948,21364965,192,749,field_hrm,complete_64x64_occupancy_goal_raster,no_reopen_astar,384,True,True,7,0.636392437978638,0.636392437978638,1.0,15,15,1,,False,False,0.1650826000040979,0.0,0.0,0.00011029999586753547
C_hard_bugtrap,5,101,21364948,21364965,192,749,field_onlstm,complete_64x64_occupancy_goal_raster,no_reopen_astar,384,True,True,7,0.636392437978638,0.636392437978638,1.0,9,9,1,,False,False,0.20133070000156295,0.0,0.0,8.749999688006938e-05
C_hard_bugtrap,5,101,21364948,21364965,192,749,field_unet,complete_64x64_occupancy_goal_raster,no_reopen_astar,384,True,True,8,0.8023034280675486,0.636392437978638,1.260705470693352,32,32,1,,False,False,0.1382625000042026,0.0,0.0,0.00017169999773614109
C_hard_bugtrap,5,101,21364948,21364965,192,749,oracle,exact_full_graph_cost_to_go_evaluation_only,no_reopen_astar,384,True,True,7,0.636392437978638,0.636392437978638,1.0,8,8,1,,False,False,0.0003972999984398484,0.0,0.0,4.6200002543628216e-05
C_hard_bugtrap,5,101,21364948,21364965,192,749,scalar_hrm,global_obstacle_list_summaries_sectors_plus_rays_goal,no_reopen_astar,384,True,True,7,0.636392437978638,0.636392437978638,1.0,10,10,1,,False,False,0.7915518000008888,0.0,0.0,9.449999924981967e-05
C_hard_bugtrap,5,101,21364948,21364965,192,749,scalar_onlstm,global_obstacle_list_summaries_sectors_plus_rays_goal,no_reopen_astar,384,True,True,7,0.636392437978638,0.636392437978638,1.0,10,10,1,,False,False,0.6668766000002506,0.0,0.0,9.689999569673091e-05
C_hard_bugtrap,5,101,21364948,21364965,192,749,current_local_backup_alpha_1_50,current_goal_geometry_bounded_rays_one_hop_actions_plus_radius_bounded_local_subgraph_and_frozen_exit_values,no_reopen_astar,384,True,True,7,0.6365900096957923,0.636392437978638,1.0003104557901126,8,8,1,,False,False,2.7184379000027548,0.0009336000002804212,0.009020100005727727,0.00010420000035082921
C_hard_bugtrap,5,101,21364948,21364965,192,749,current_bounded_focal_alpha_0_50,current_goal_geometry_bounded_rays_one_hop_actions,reopening_fhat_focal,384,True,True,7,0.636392437978638,0.636392437978638,1.0,23,22,1,0.6309453430764445,False,False,2.7184379000027548,0.0005646999998134561,0.0,0.0002571000004536472
C_hard_bugtrap,6,102,21372868,21372885,192,744,euclid,current_goal_geometry_only,no_reopen_astar,384,True,True,7,0.7790318241442908,0.7790318241442908,1.0,17,17,1,,False,False,8.549999620299786e-05,0.0,0.0,0.00015350000467151403
C_hard_bugtrap,6,102,21372868,21372885,192,744,field_hrm,complete_64x64_occupancy_goal_raster,no_reopen_astar,384,True,True,7,0.7790318241442908,0.7790318241442908,1.0,15,15,1,,False,False,0.18009049999818671,0.0,0.0,0.00010009999823523685
C_hard_bugtrap,6,102,21372868,21372885,192,744,field_onlstm,complete_64x64_occupancy_goal_raster,no_reopen_astar,384,True,True,7,0.7793779633613085,0.7790318241442908,1.0004443197393096,10,10,1,,False,False,0.23475949999556178,0.0,0.0,9.300000237999484e-05
C_hard_bugtrap,6,102,21372868,21372885,192,744,field_unet,complete_64x64_occupancy_goal_raster,no_reopen_astar,384,True,True,8,0.8055754140411264,0.7790318241442908,1.0340725360302088,16,16,1,,False,False,0.14476870000362396,0.0,0.0,0.00011719999747583643
C_hard_bugtrap,6,102,21372868,21372885,192,744,oracle,exact_full_graph_cost_to_go_evaluation_only,no_reopen_astar,384,True,True,7,0.7790318241442908,0.7790318241442908,1.0,8,8,1,,False,False,0.000400099997932557,0.0,0.0,4.2100000428035855e-05
C_hard_bugtrap,6,102,21372868,21372885,192,744,scalar_hrm,global_obstacle_list_summaries_sectors_plus_rays_goal,no_reopen_astar,384,True,True,7,0.7792474865737233,0.7790318241442908,1.0002768339145442,9,9,1,,False,False,0.6861097000000882,0.0,0.0,8.130000060191378e-05
C_hard_bugtrap,6,102,21372868,21372885,192,744,scalar_onlstm,global_obstacle_list_summaries_sectors_plus_rays_goal,no_reopen_astar,384,True,True,7,0.7792474865737233,0.7790318241442908,1.0002768339145442,15,15,1,,False,False,0.6567570000042906,0.0,0.0,0.0001007999962894246
C_hard_bugtrap,6,102,21372868,21372885,192,744,current_local_backup_alpha_1_50,current_goal_geometry_bounded_rays_one_hop_actions_plus_radius_bounded_local_subgraph_and_frozen_exit_values,no_reopen_astar,384,True,True,8,0.8443012223079174,0.7790318241442908,1.0837827109763072,11,11,1,,False,False,2.622207000000344,0.0007598000011057593,0.009663600001658779,8.030000026337802e-05
C_hard_bugtrap,6,102,21372868,21372885,192,744,current_bounded_focal_alpha_0_50,current_goal_geometry_bounded_rays_one_hop_actions,reopening_fhat_focal,384,True,True,7,0.7792474865737233,0.7790318241442908,1.0002768339145442,22,22,1,0.7779302902927911,False,False,2.622207000000344,0.000621599996520672,0.0,0.0001838000025600195
C_hard_bugtrap,7,103,21380788,21380805,192,709,euclid,current_goal_geometry_only,no_reopen_astar,384,True,True,7,0.7721490478817866,0.7721490478817866,1.0,31,31,1,,False,False,8.410000009462237e-05,0.0,0.0,0.0002134000023943372
C_hard_bugtrap,7,103,21380788,21380805,192,709,field_hrm,complete_64x64_occupancy_goal_raster,no_reopen_astar,384,True,True,6,0.7886879199334396,0.7721490478817866,1.0214192740339751,19,19,1,,False,False,0.222088900001836,0.0,0.0,0.0002024000059464015
C_hard_bugtrap,7,103,21380788,21380805,192,709,field_onlstm,complete_64x64_occupancy_goal_raster,no_reopen_astar,384,True,True,6,0.7886879199334396,0.7721490478817866,1.0214192740339751,14,14,1,,False,False,0.2705417999968631,0.0,0.0,0.00010240000119665638
C_hard_bugtrap,7,103,21380788,21380805,192,709,field_unet,complete_64x64_occupancy_goal_raster,no_reopen_astar,384,True,True,9,0.91997464058778,0.7721490478817866,1.1914469662450777,29,29,1,,False,False,0.19278769999800716,0.0,0.0,0.00014509999891743064
C_hard_bugtrap,7,103,21380788,21380805,192,709,oracle,exact_full_graph_cost_to_go_evaluation_only,no_reopen_astar,384,True,True,7,0.7721490478817866,0.7721490478817866,1.0,8,8,1,,False,False,0.0003515999997034669,0.0,0.0,4.539999645203352e-05
C_hard_bugtrap,7,103,21380788,21380805,192,709,scalar_hrm,global_obstacle_list_summaries_sectors_plus_rays_goal,no_reopen_astar,384,True,True,8,0.7795574960434416,0.7721490478817866,1.009594583043233,24,24,1,,False,False,0.9495050999976229,0.0,0.0,0.00013270000636111945
C_hard_bugtrap,7,103,21380788,21380805,192,709,scalar_onlstm,global_obstacle_list_summaries_sectors_plus_rays_goal,no_reopen_astar,384,True,True,7,0.8043135568745021,0.7721490478817866,1.0416558293776979,10,10,1,,False,False,0.8494445000033011,0.0,0.0,9.20999955269508e-05
C_hard_bugtrap,7,103,21380788,21380805,192,709,current_local_backup_alpha_1_50,current_goal_geometry_bounded_rays_one_hop_actions_plus_radius_bounded_local_subgraph_and_frozen_exit_values,no_reopen_astar,384,True,True,7,0.7930595168190403,0.7721490478817866,1.027080871231554,14,14,1,,False,False,3.3296103999964544,0.0007335999980568886,0.009927600003720727,8.579999848734587e-05
C_hard_bugtrap,7,103,21380788,21380805,192,709,current_bounded_focal_alpha_0_50,current_goal_geometry_bounded_rays_one_hop_actions,reopening_fhat_focal,384,True,True,6,0.7886879199334396,0.7721490478817866,1.0214192740339751,30,30,1,0.7452698885569893,False,False,3.3296103999964544,0.0005642999967676587,0.0,0.0002595000041765161
C_hard_bugtrap,8,104,21388708,21388725,192,744,euclid,current_goal_geometry_only,no_reopen_astar,384,True,True,6,0.6719277813221282,0.671927781322128,1.0000000000000002,21,21,1,,False,False,8.479999814881012e-05,0.0,0.0,0.00016260000120382756
C_hard_bugtrap,8,104,21388708,21388725,192,744,field_hrm,complete_64x64_occupancy_goal_raster,no_reopen_astar,384,True,True,8,0.8967485789118919,0.671927781322128,1.3345907162037445,24,24,1,,False,False,0.1573495000047842,0.0,0.0,0.00013910000416217372
C_hard_bugtrap,8,104,21388708,21388725,192,744,field_onlstm,complete_64x64_occupancy_goal_raster,no_reopen_astar,384,True,True,6,0.7009317450977106,0.671927781322128,1.0431652992803966,16,16,1,,False,False,0.19739889999618754,0.0,0.0,0.00010040000051958486
C_hard_bugtrap,8,104,21388708,21388725,192,744,field_unet,complete_64x64_occupancy_goal_raster,no_reopen_astar,384,True,True,7,0.8482997065699975,0.671927781322128,1.262486431057857,21,21,1,,False,False,0.13064630000008037,0.0,0.0,8.159999561030418e-05
C_hard_bugtrap,8,104,21388708,21388725,192,744,oracle,exact_full_graph_cost_to_go_evaluation_only,no_reopen_astar,384,True,True,6,0.6719277813221282,0.671927781322128,1.0000000000000002,7,7,1,,False,False,0.0002707999956328422,0.0,0.0,2.920000406447798e-05
C_hard_bugtrap,8,104,21388708,21388725,192,744,scalar_hrm,global_obstacle_list_summaries_sectors_plus_rays_goal,no_reopen_astar,384,True,True,8,0.8967485789118919,0.671927781322128,1.3345907162037445,20,20,1,,False,False,0.6216418999974849,0.0,0.0,0.0001303000026382506
C_hard_bugtrap,8,104,21388708,21388725,192,744,scalar_onlstm,global_obstacle_list_summaries_sectors_plus_rays_goal,no_reopen_astar,384,True,True,7,0.8558823276196913,0.671927781322128,1.273771306100192,23,23,1,,False,False,0.6682034000041313,0.0,0.0,0.00014099999680183828
C_hard_bugtrap,8,104,21388708,21388725,192,744,current_local_backup_alpha_1_50,current_goal_geometry_bounded_rays_one_hop_actions_plus_radius_bounded_local_subgraph_and_frozen_exit_values,no_reopen_astar,384,True,True,6,0.6984947788715192,0.671927781322128,1.0395384716749116,7,7,1,,False,False,2.652992399998766,0.0006741999968653545,0.010192800000368152,6.130000110715628e-05
C_hard_bugtrap,8,104,21388708,21388725,192,744,current_bounded_focal_alpha_0_50,current_goal_geometry_bounded_rays_one_hop_actions,reopening_fhat_focal,384,True,True,6,0.6751036368178701,0.671927781322128,1.0047264833870881,22,22,1,0.6538339825849742,False,False,2.652992399998766,0.0004090000002179295,0.0,0.00021179999748710543
C_hard_bugtrap,9,105,21396628,21396645,192,765,euclid,current_goal_geometry_only,no_reopen_astar,384,True,True,6,0.6348153789626965,0.6348153789626965,1.0,24,24,1,,False,False,5.5500000598840415e-05,0.0,0.0,0.00018480000289855525
C_hard_bugtrap,9,105,21396628,21396645,192,765,field_hrm,complete_64x64_occupancy_goal_raster,no_reopen_astar,384,True,True,6,0.6620796413520711,0.6348153789626965,1.0429483331577838,7,7,1,,False,False,0.21663680000347085,0.0,0.0,7.669999467907473e-05
C_hard_bugtrap,9,105,21396628,21396645,192,765,field_onlstm,complete_64x64_occupancy_goal_raster,no_reopen_astar,384,True,True,6,0.6350468689819948,0.6348153789626965,1.0003646572325904,10,10,1,,False,False,0.26774679999653017,0.0,0.0,8.330000127898529e-05
C_hard_bugtrap,9,105,21396628,21396645,192,765,field_unet,complete_64x64_occupancy_goal_raster,no_reopen_astar,384,True,True,7,0.7408633628990761,0.6348153789626965,1.1670532684788837,21,21,1,,False,False,0.20567899999878136,0.0,0.0,0.00013720000424655154
C_hard_bugtrap,9,105,21396628,21396645,192,765,oracle,exact_full_graph_cost_to_go_evaluation_only,no_reopen_astar,384,True,True,6,0.6348153789626965,0.6348153789626965,1.0,7,7,1,,False,False,0.00032559999817749485,0.0,0.0,3.51999988197349e-05
C_hard_bugtrap,9,105,21396628,21396645,192,765,scalar_hrm,global_obstacle_list_summaries_sectors_plus_rays_goal,no_reopen_astar,384,True,True,7,0.7458332444729662,0.6348153789626965,1.1748821298117818,25,25,1,,False,False,1.0051504000002751,0.0,0.0,0.00014910000027157366
C_hard_bugtrap,9,105,21396628,21396645,192,765,scalar_onlstm,global_obstacle_list_summaries_sectors_plus_rays_goal,no_reopen_astar,384,True,True,7,0.7458332444729662,0.6348153789626965,1.1748821298117818,25,25,1,,False,False,0.9528909000000567,0.0,0.0,0.0001455999954487197
C_hard_bugtrap,9,105,21396628,21396645,192,765,current_local_backup_alpha_1_50,current_goal_geometry_bounded_rays_one_hop_actions_plus_radius_bounded_local_subgraph_and_frozen_exit_values,no_reopen_astar,384,True,True,6,0.6436761388194496,0.6348153789626965,1.0139580107073523,7,7,1,,False,False,3.933851900001173,0.0011070000036852434,0.010496599999896716,7.800000457791612e-05
C_hard_bugtrap,9,105,21396628,21396645,192,765,current_bounded_focal_alpha_0_50,current_goal_geometry_bounded_rays_one_hop_actions,reopening_fhat_focal,384,True,True,6,0.6348153789626965,0.6348153789626965,1.0,23,23,1,0.6193395215640708,False,False,3.933851900001173,0.0006391999995685183,0.0,0.0002058000027318485
C_hard_bugtrap,10,106,21404548,21404565,192,763,euclid,current_goal_geometry_only,no_reopen_astar,384,True,True,5,0.5566845601140151,0.5566845601140151,1.0,10,10,1,,False,False,9.140000474872068e-05,0.0,0.0,0.00011269999959040433
C_hard_bugtrap,10,106,21404548,21404565,192,763,field_hrm,complete_64x64_occupancy_goal_raster,no_reopen_astar,384,True,True,6,0.6835941653605073,0.5566845601140151,1.2279739988127203,7,7,1,,False,False,0.21554379999724915,0.0,0.0,8.929999603424221e-05
C_hard_bugtrap,10,106,21404548,21404565,192,763,field_onlstm,complete_64x64_occupancy_goal_raster,no_reopen_astar,384,True,True,5,0.5612806137888464,0.5566845601140151,1.0082561184630126,7,7,1,,False,False,0.263414200002444,0.0,0.0,9.049999789567664e-05
C_hard_bugtrap,10,106,21404548,21404565,192,763,field_unet,complete_64x64_occupancy_goal_raster,no_reopen_astar,384,True,True,5,0.5612806137888464,0.5566845601140151,1.0082561184630126,12,12,1,,False,False,0.18538560000160942,0.0,0.0,0.00010440000187372789
C_hard_bugtrap,10,106,21404548,21404565,192,763,oracle,exact_full_graph_cost_to_go_evaluation_only,no_reopen_astar,384,True,True,5,0.5566845601140151,0.5566845601140151,1.0,6,6,1,,False,False,0.00040050000097835436,0.0,0.0,3.7699996028095484e-05
C_hard_bugtrap,10,106,21404548,21404565,192,763,scalar_hrm,global_obstacle_list_summaries_sectors_plus_rays_goal,no_reopen_astar,384,True,True,5,0.5566845601140151,0.5566845601140151,1.0,9,9,1,,False,False,0.9656248000028427,0.0,0.0,8.710000111022964e-05
C_hard_bugtrap,10,106,21404548,21404565,192,763,scalar_onlstm,global_obstacle_list_summaries_sectors_plus_rays_goal,no_reopen_astar,384,True,True,5,0.5566845601140151,0.5566845601140151,1.0,10,10,1,,False,False,0.8716322999971453,0.0,0.0,8.430000161752105e-05
C_hard_bugtrap,10,106,21404548,21404565,192,763,current_local_backup_alpha_1_50,current_goal_geometry_bounded_rays_one_hop_actions_plus_radius_bounded_local_subgraph_and_frozen_exit_values,no_reopen_astar,384,True,True,5,0.5566845601140151,0.5566845601140151,1.0,6,6,1,,False,False,3.4168433000013465,0.0007973000028869137,0.00808629999664845,6.84000042383559e-05
C_hard_bugtrap,10,106,21404548,21404565,192,763,current_bounded_focal_alpha_0_50,current_goal_geometry_bounded_rays_one_hop_actions,reopening_fhat_focal,384,True,True,5,0.5566845601140151,0.5566845601140151,1.0,12,12,1,0.5566845601140151,False,False,3.4168433000013465,0.0005568999986280687,0.0,0.00015179999900283292
C_hard_bugtrap,11,107,21412468,21412485,192,757,euclid,current_goal_geometry_only,no_reopen_astar,384,True,True,6,0.6564032575978201,0.65640325759782,1.0000000000000002,12,12,1,,False,False,8.019999950192869e-05,0.0,0.0,0.00013980000221636146
C_hard_bugtrap,11,107,21412468,21412485,192,757,field_hrm,complete_64x64_occupancy_goal_raster,no_reopen_astar,384,True,True,6,0.7893438845363908,0.65640325759782,1.2025288957661204,10,10,1,,False,False,0.21829330000036862,0.0,0.0,9.449999924981967e-05
C_hard_bugtrap,11,107,21412468,21412485,192,757,field_onlstm,complete_64x64_occupancy_goal_raster,no_reopen_astar,384,True,True,6,0.6888578818935717,0.65640325759782,1.0494431188756175,9,9,1,,False,False,0.26416940000490285,0.0,0.0,8.81000014487654e-05
C_hard_bugtrap,11,107,21412468,21412485,192,757,field_unet,complete_64x64_occupancy_goal_raster,no_reopen_astar,384,True,True,6,0.6619741704072717,0.65640325759782,1.0084870279739913,10,10,1,,False,False,0.2090098999979091,0.0,0.0,0.00012600000627571717
C_hard_bugtrap,11,107,21412468,21412485,192,757,oracle,exact_full_graph_cost_to_go_evaluation_only,no_reopen_astar,384,True,True,6,0.6564032575978201,0.65640325759782,1.0000000000000002,7,7,1,,False,False,0.0003375999949639663,0.0,0.0,4.949999856762588e-05
C_hard_bugtrap,11,107,21412468,21412485,192,757,scalar_hrm,global_obstacle_list_summaries_sectors_plus_rays_goal,no_reopen_astar,384,True,True,6,0.6612677413705662,0.65640325759782,1.0074108160135407,11,11,1,,False,False,1.0496456999971997,0.0,0.0,0.00010689999908208847
C_hard_bugtrap,11,107,21412468,21412485,192,757,scalar_onlstm,global_obstacle_list_summaries_sectors_plus_rays_goal,no_reopen_astar,384,True,True,6,0.6612677413705662,0.65640325759782,1.0074108160135407,12,12,1,,False,False,0.9771012000055634,0.0,0.0,0.00010520000068936497
C_hard_bugtrap,11,107,21412468,21412485,192,757,current_local_backup_alpha_1_50,current_goal_geometry_bounded_rays_one_hop_actions_plus_radius_bounded_local_subgraph_and_frozen_exit_values,no_reopen_astar,384,True,True,6,0.6612807113892024,0.65640325759782,1.0074305752369845,8,8,1,,False,False,3.771366599998146,0.000632999996014405,0.012207399995531887,7.270000060088933e-05
C_hard_bugtrap,11,107,21412468,21412485,192,757,current_bounded_focal_alpha_0_50,current_goal_geometry_bounded_rays_one_hop_actions,reopening_fhat_focal,384,True,True,6,0.6564032575978201,0.65640325759782,1.0000000000000002,24,20,3,0.6242768892819115,False,False,3.771366599998146,0.0005070999977760948,0.0,0.00017880000086734071
C_hard_bugtrap,12,108,21420388,21420405,192,725,euclid,current_goal_geometry_only,no_reopen_astar,384,True,True,8,0.7589607539703589,0.7589607539703589,1.0,36,36,1,,False,False,9.48999950196594e-05,0.0,0.0,0.00022360000002663583
C_hard_bugtrap,12,108,21420388,21420405,192,725,field_hrm,complete_64x64_occupancy_goal_raster,no_reopen_astar,384,True,True,8,0.8010269845758602,0.7589607539703589,1.0554260946767535,21,21,1,,False,False,0.21919530000013765,0.0,0.0,0.00015320000238716602
C_hard_bugtrap,12,108,21420388,21420405,192,725,field_onlstm,complete_64x64_occupancy_goal_raster,no_reopen_astar,384,True,True,8,0.7842331782068599,0.7589607539703589,1.0332987234244895,20,20,1,,False,False,0.27831370000058087,0.0,0.0,0.0001328999933321029
C_hard_bugtrap,12,108,21420388,21420405,192,725,field_unet,complete_64x64_occupancy_goal_raster,no_reopen_astar,384,True,True,8,0.8300220198689795,0.7589607539703589,1.0936296976185884,35,35,1,,False,False,0.1800102000051993,0.0,0.0,0.00017099999968195334
C_hard_bugtrap,12,108,21420388,21420405,192,725,oracle,exact_full_graph_cost_to_go_evaluation_only,no_reopen_astar,384,True,True,8,0.7589607539703589,0.7589607539703589,1.0,9,9,1,,False,False,0.0002523000002838671,0.0,0.0,3.659999492811039e-05
C_hard_bugtrap,12,108,21420388,21420405,192,725,scalar_hrm,global_obstacle_list_summaries_sectors_plus_rays_goal,no_reopen_astar,384,True,True,8,0.7589607539703589,0.7589607539703589,1.0,17,17,1,,False,False,0.9055477000001702,0.0,0.0,0.00012989999959245324
C_hard_bugtrap,12,108,21420388,21420405,192,725,scalar_onlstm,global_obstacle_list_summaries_sectors_plus_rays_goal,no_reopen_astar,384,True,True,8,0.7591229643548177,0.7589607539703589,1.000213726972851,17,17,1,,False,False,0.8127852000034181,0.0,0.0,0.0001131999961216934
C_hard_bugtrap,12,108,21420388,21420405,192,725,current_local_backup_alpha_1_50,current_goal_geometry_bounded_rays_one_hop_actions_plus_radius_bounded_local_subgraph_and_frozen_exit_values,no_reopen_astar,384,True,True,8,0.7770956108865786,0.7589607539703589,1.023894327633347,11,11,1,,False,False,3.3605609000005643,0.0006914999976288527,0.010052699995867442,7.899999764049426e-05
C_hard_bugtrap,12,108,21420388,21420405,192,725,current_bounded_focal_alpha_0_50,current_goal_geometry_bounded_rays_one_hop_actions,reopening_fhat_focal,384,True,True,8,0.7628817988548704,0.7589607539703589,1.0051663341799946,38,38,1,0.7510930081813747,False,False,3.3605609000005643,0.0005770999996457249,0.0,0.000337499994202517
C_hard_bugtrap,13,109,21428308,21428325,192,722,euclid,current_goal_geometry_only,no_reopen_astar,384,True,True,7,0.700159147905013,0.700159147905013,1.0,26,26,1,,False,False,6.829999620094895e-05,0.0,0.0,0.00017300000035902485
C_hard_bugtrap,13,109,21428308,21428325,192,722,field_hrm,complete_64x64_occupancy_goal_raster,no_reopen_astar,384,True,True,9,0.8602752724028211,0.700159147905013,1.2286853281527506,24,24,1,,False,False,0.22480039999936707,0.0,0.0,0.00017690000095171854
C_hard_bugtrap,13,109,21428308,21428325,192,722,field_onlstm,complete_64x64_occupancy_goal_raster,no_reopen_astar,384,True,True,9,0.8476073235948919,0.700159147905013,1.2105923719358194,20,20,1,,False,False,0.27201310000236845,0.0,0.0,0.00012910000077681616
C_hard_bugtrap,13,109,21428308,21428325,192,722,field_unet,complete_64x64_occupancy_goal_raster,no_reopen_astar,384,True,True,7,0.700159147905013,0.700159147905013,1.0,11,11,1,,False,False,0.1965937999993912,0.0,0.0,8.019999950192869e-05
C_hard_bugtrap,13,109,21428308,21428325,192,722,oracle,exact_full_graph_cost_to_go_evaluation_only,no_reopen_astar,384,True,True,7,0.700159147905013,0.700159147905013,1.0,8,8,1,,False,False,0.0003324999997857958,0.0,0.0,2.9000002541579306e-05
C_hard_bugtrap,13,109,21428308,21428325,192,722,scalar_hrm,global_obstacle_list_summaries_sectors_plus_rays_goal,no_reopen_astar,384,True,True,7,0.7480888563007223,0.700159147905013,1.0684554483635935,19,19,1,,False,False,1.0776874000002863,0.0,0.0,0.0001142999972216785
C_hard_bugtrap,13,109,21428308,21428325,192,722,scalar_onlstm,global_obstacle_list_summaries_sectors_plus_rays_goal,no_reopen_astar,384,True,True,9,0.9886599919217878,0.700159147905013,1.4120503815168521,13,13,1,,False,False,0.9537200999984634,0.0,0.0,0.00014709999959450215
C_hard_bugtrap,13,109,21428308,21428325,192,722,current_local_backup_alpha_1_50,current_goal_geometry_bounded_rays_one_hop_actions_plus_radius_bounded_local_subgraph_and_frozen_exit_values,no_reopen_astar,384,True,True,7,0.7069463823696736,0.700159147905013,1.009693845299271,11,11,1,,False,False,3.607737199999974,0.0006854000021121465,0.009660199997597374,9.00999948498793e-05
C_hard_bugtrap,13,109,21428308,21428325,192,722,current_bounded_focal_alpha_0_50,current_goal_geometry_bounded_rays_one_hop_actions,reopening_fhat_focal,384,True,True,7,0.700159147905013,0.700159147905013,1.0,30,30,1,0.700159147905013,False,False,3.607737199999974,0.0005105999953229912,0.0,0.00025469999673077837
C_hard_bugtrap,14,110,21436228,21436245,192,742,euclid,current_goal_geometry_only,no_reopen_astar,384,True,True,10,0.9822007949893924,0.9822007949893924,1.0,46,46,1,,False,False,8.809999417280778e-05,0.0,0.0,0.0002642999970703386
C_hard_bugtrap,14,110,21436228,21436245,192,742,field_hrm,complete_64x64_occupancy_goal_raster,no_reopen_astar,384,True,True,10,1.0079161747673415,0.9822007949893924,1.026181387664451,120,120,1,,False,False,0.1986968999990495,0.0,0.0,0.00042550000216579065
C_hard_bugtrap,14,110,21436228,21436245,192,742,field_onlstm,complete_64x64_occupancy_goal_raster,no_reopen_astar,384,True,True,10,1.0351837905113015,0.9822007949893924,1.0539431405392838,46,46,1,,False,False,0.21247610000136774,0.0,0.0,0.00020840000070165843
C_hard_bugtrap,14,110,21436228,21436245,192,742,field_unet,complete_64x64_occupancy_goal_raster,no_reopen_astar,384,True,True,10,1.1216846044737512,0.9822007949893924,1.1420115013100405,60,60,1,,False,False,0.15246900000056485,0.0,0.0,0.00026020000223070383
C_hard_bugtrap,14,110,21436228,21436245,192,742,oracle,exact_full_graph_cost_to_go_evaluation_only,no_reopen_astar,384,True,True,10,0.9822007949893924,0.9822007949893924,1.0,11,11,1,,False,False,0.0003651000006357208,0.0,0.0,6.119999306974933e-05
C_hard_bugtrap,14,110,21436228,21436245,192,742,scalar_hrm,global_obstacle_list_summaries_sectors_plus_rays_goal,no_reopen_astar,384,True,True,11,1.04254439218012,0.9822007949893924,1.0614371292495028,25,25,1,,False,False,0.7544482999946922,0.0,0.0,0.00016139999934239313
C_hard_bugtrap,14,110,21436228,21436245,192,742,scalar_onlstm,global_obstacle_list_summaries_sectors_plus_rays_goal,no_reopen_astar,384,True,True,10,0.9822007949893924,0.9822007949893924,1.0,24,24,1,,False,False,0.6344157000057749,0.0,0.0,0.0001556999995955266
C_hard_bugtrap,14,110,21436228,21436245,192,742,current_local_backup_alpha_1_50,current_goal_geometry_bounded_rays_one_hop_actions_plus_radius_bounded_local_subgraph_and_frozen_exit_values,no_reopen_astar,384,True,True,10,0.9822007949893924,0.9822007949893924,1.0,58,58,1,,False,False,2.686115399999835,0.0006885999973746948,0.011402500000258442,0.00017880000086734071
C_hard_bugtrap,14,110,21436228,21436245,192,742,current_bounded_focal_alpha_0_50,current_goal_geometry_bounded_rays_one_hop_actions,reopening_fhat_focal,384,True,True,10,0.9913436608943859,0.9822007949893924,1.0093085507073858,55,55,1,0.9803092589736904,False,False,2.686115399999835,0.000411300003179349,0.0,0.0004120999947190285
C_hard_bugtrap,15,111,21444148,21444165,192,739,euclid,current_goal_geometry_only,no_reopen_astar,384,True,True,8,0.8697689906829085,0.8697689906829084,1.0000000000000002,32,32,1,,False,False,9.089999366551638e-05,0.0,0.0,0.00022819999867351726
C_hard_bugtrap,15,111,21444148,21444165,192,739,field_hrm,complete_64x64_occupancy_goal_raster,no_reopen_astar,384,True,True,8,1.0598136143685535,0.8697689906829084,1.2185001140779113,21,21,1,,False,False,0.20320730000094045,0.0,0.0,9.829999908106402e-05
C_hard_bugtrap,15,111,21444148,21444165,192,739,field_onlstm,complete_64x64_occupancy_goal_raster,no_reopen_astar,384,True,True,8,1.0598136143685535,0.8697689906829084,1.2185001140779113,22,22,1,,False,False,0.2452871000059531,0.0,0.0,0.00010289999772794545
C_hard_bugtrap,15,111,21444148,21444165,192,739,field_unet,complete_64x64_occupancy_goal_raster,no_reopen_astar,384,True,True,8,1.0598136143685535,0.8697689906829084,1.2185001140779113,35,35,1,,False,False,0.18666490000032354,0.0,0.0,0.00016000000323401764
C_hard_bugtrap,15,111,21444148,21444165,192,739,oracle,exact_full_graph_cost_to_go_evaluation_only,no_reopen_astar,384,True,True,8,0.8697689906829085,0.8697689906829084,1.0000000000000002,9,9,1,,False,False,0.0003924999982700683,0.0,0.0,5.0000002374872565e-05
C_hard_bugtrap,15,111,21444148,21444165,192,739,scalar_hrm,global_obstacle_list_summaries_sectors_plus_rays_goal,no_reopen_astar,384,True,True,8,1.042640229288828,0.8697689906829084,1.1987553482105495,20,20,1,,False,False,0.9661298999999417,0.0,0.0,0.00012099999730708078
C_hard_bugtrap,15,111,21444148,21444165,192,739,scalar_onlstm,global_obstacle_list_summaries_sectors_plus_rays_goal,no_reopen_astar,384,True,True,8,1.042640229288828,0.8697689906829084,1.1987553482105495,34,34,1,,False,False,0.8406474000003072,0.0,0.0,0.00016250000044237822
C_hard_bugtrap,15,111,21444148,21444165,192,739,current_local_backup_alpha_1_50,current_goal_geometry_bounded_rays_one_hop_actions_plus_radius_bounded_local_subgraph_and_frozen_exit_values,no_reopen_astar,384,True,True,8,0.9411255629111297,0.8697689906829084,1.082040832672357,20,20,1,,False,False,3.3506198999966728,0.0006420999998226762,0.009721000002173241,8.879999950295314e-05
C_hard_bugtrap,15,111,21444148,21444165,192,739,current_bounded_focal_alpha_0_50,current_goal_geometry_bounded_rays_one_hop_actions,reopening_fhat_focal,384,True,True,8,0.8697689906829085,0.8697689906829084,1.0000000000000002,36,36,1,0.8697689906829085,False,False,3.3506198999966728,0.0005424999981187284,0.0,0.0002777999980025925
C_hard_bugtrap,16,112,21452068,21452085,192,734,euclid,current_goal_geometry_only,no_reopen_astar,384,True,True,7,0.6644199006133993,0.6644199006133993,1.0,33,33,1,,False,False,8.879999950295314e-05,0.0,0.0,0.00021559999731834978
C_hard_bugtrap,16,112,21452068,21452085,192,734,field_hrm,complete_64x64_occupancy_goal_raster,no_reopen_astar,384,True,True,7,0.6787880592778285,0.6644199006133993,1.0216251178677285,12,12,1,,False,False,0.21574400000099558,0.0,0.0,9.40000027185306e-05
C_hard_bugtrap,16,112,21452068,21452085,192,734,field_onlstm,complete_64x64_occupancy_goal_raster,no_reopen_astar,384,True,True,7,0.6644199006133993,0.6644199006133993,1.0,12,12,1,,False,False,0.2479509999975562,0.0,0.0,9.670000144978985e-05
C_hard_bugtrap,16,112,21452068,21452085,192,734,field_unet,complete_64x64_occupancy_goal_raster,no_reopen_astar,384,True,True,8,0.7456550290222492,0.6644199006133993,1.1222647430244832,21,21,1,,False,False,0.21671580000111135,0.0,0.0,0.00015800000255694613
C_hard_bugtrap,16,112,21452068,21452085,192,734,oracle,exact_full_graph_cost_to_go_evaluation_only,no_reopen_astar,384,True,True,7,0.6644199006133993,0.6644199006133993,1.0,8,8,1,,False,False,0.0004552999962470494,0.0,0.0,0.00014929999451851472
C_hard_bugtrap,16,112,21452068,21452085,192,734,scalar_hrm,global_obstacle_list_summaries_sectors_plus_rays_goal,no_reopen_astar,384,True,True,7,0.6644199006133993,0.6644199006133993,1.0,18,18,1,,False,False,1.0147888000064995,0.0,0.0,0.00012540000170702115
C_hard_bugtrap,16,112,21452068,21452085,192,734,scalar_onlstm,global_obstacle_list_summaries_sectors_plus_rays_goal,no_reopen_astar,384,True,True,7,0.6644199006133993,0.6644199006133993,1.0,20,20,1,,False,False,0.9901757999978145,0.0,0.0,9.270000009564683e-05
C_hard_bugtrap,16,112,21452068,21452085,192,734,current_local_backup_alpha_1_50,current_goal_geometry_bounded_rays_one_hop_actions_plus_radius_bounded_local_subgraph_and_frozen_exit_values,no_reopen_astar,384,True,True,7,0.6700886162594424,0.6644199006133993,1.0085318269979717,16,16,1,,False,False,3.770288599997002,0.0006369999973685481,0.009968400001525879,0.00011109999468317255
C_hard_bugtrap,16,112,21452068,21452085,192,734,current_bounded_focal_alpha_0_50,current_goal_geometry_bounded_rays_one_hop_actions,reopening_fhat_focal,384,True,True,7,0.6644199006133993,0.6644199006133993,1.0,32,32,1,0.6421325886140059,False,False,3.770288599997002,0.000814499995613005,0.0,0.0003079000016441569
C_hard_bugtrap,17,113,21459988,21460005,192,760,euclid,current_goal_geometry_only,no_reopen_astar,384,True,True,5,0.5944898939072439,0.594489893907244,0.9999999999999998,10,10,1,,False,False,8.969999908003956e-05,0.0,0.0,0.00013339999713934958
C_hard_bugtrap,17,113,21459988,21460005,192,760,field_hrm,complete_64x64_occupancy_goal_raster,no_reopen_astar,384,True,True,5,0.6395739776428593,0.594489893907244,1.0758365856134293,6,6,1,,False,False,0.183677599998191,0.0,0.0,7.439999899361283e-05
C_hard_bugtrap,17,113,21459988,21460005,192,760,field_onlstm,complete_64x64_occupancy_goal_raster,no_reopen_astar,384,True,True,5,0.603497363385291,0.594489893907244,1.0151515939469484,12,12,1,,False,False,0.22990069999650586,0.0,0.0,0.0001033000007737428
C_hard_bugtrap,17,113,21459988,21460005,192,760,field_unet,complete_64x64_occupancy_goal_raster,no_reopen_astar,384,True,True,5,0.603497363385291,0.594489893907244,1.0151515939469484,12,12,1,,False,False,0.15829509999457514,0.0,0.0,8.909999451134354e-05
C_hard_bugtrap,17,113,21459988,21460005,192,760,oracle,exact_full_graph_cost_to_go_evaluation_only,no_reopen_astar,384,True,True,5,0.5944898939072439,0.594489893907244,0.9999999999999998,6,6,1,,False,False,0.0003941999966627918,0.0,0.0,3.819999983534217e-05
C_hard_bugtrap,17,113,21459988,21460005,192,760,scalar_hrm,global_obstacle_list_summaries_sectors_plus_rays_goal,no_reopen_astar,384,True,True,5,0.5944898939072439,0.594489893907244,0.9999999999999998,10,10,1,,False,False,0.8732825999977649,0.0,0.0,9.809999755816534e-05
C_hard_bugtrap,17,113,21459988,21460005,192,760,scalar_onlstm,global_obstacle_list_summaries_sectors_plus_rays_goal,no_reopen_astar,384,True,True,5,0.5944898939072439,0.594489893907244,0.9999999999999998,11,11,1,,False,False,0.8322875000012573,0.0,0.0,9.90999978967011e-05
C_hard_bugtrap,17,113,21459988,21460005,192,760,current_local_backup_alpha_1_50,current_goal_geometry_bounded_rays_one_hop_actions_plus_radius_bounded_local_subgraph_and_frozen_exit_values,no_reopen_astar,384,True,True,4,0.6113944445512257,0.594489893907244,1.0284353877454127,11,11,1,,False,False,2.9056285000042408,0.000636500000837259,0.009942299999238458,7.129999721655622e-05
C_hard_bugtrap,17,113,21459988,21460005,192,760,current_bounded_focal_alpha_0_50,current_goal_geometry_bounded_rays_one_hop_actions,reopening_fhat_focal,384,True,True,4,0.6113944445512257,0.594489893907244,1.0284353877454127,13,13,1,0.5944718819126107,False,False,2.9056285000042408,0.0005669000020134263,0.0,0.00013809999654768035
C_hard_bugtrap,18,114,21467908,21467925,192,763,euclid,current_goal_geometry_only,no_reopen_astar,384,True,True,8,0.6845758380602908,0.6845758380602908,1.0,24,24,1,,False,False,5.149999924469739e-05,0.0,0.0,0.0001388000018778257
C_hard_bugtrap,18,114,21467908,21467925,192,763,field_hrm,complete_64x64_occupancy_goal_raster,no_reopen_astar,384,True,True,6,0.702678377173867,0.6845758380602908,1.0264434385602461,16,16,1,,False,False,0.16562749999866355,0.0,0.0,0.00011580000136746094
C_hard_bugtrap,18,114,21467908,21467925,192,763,field_onlstm,complete_64x64_occupancy_goal_raster,no_reopen_astar,384,True,True,7,0.7258880448050816,0.6845758380602908,1.0603471587046467,13,13,1,,False,False,0.21652029999677325,0.0,0.0,0.00011390000145183876
C_hard_bugtrap,18,114,21467908,21467925,192,763,field_unet,complete_64x64_occupancy_goal_raster,no_reopen_astar,384,True,True,6,0.702678377173867,0.6845758380602908,1.0264434385602461,20,20,1,,False,False,0.14402749999862863,0.0,0.0,0.00013310000213095918
C_hard_bugtrap,18,114,21467908,21467925,192,763,oracle,exact_full_graph_cost_to_go_evaluation_only,no_reopen_astar,384,True,True,8,0.6845758380602908,0.6845758380602908,1.0,9,9,1,,False,False,0.0003991000048699789,0.0,0.0,6.399999983841553e-05
C_hard_bugtrap,18,114,21467908,21467925,192,763,scalar_hrm,global_obstacle_list_summaries_sectors_plus_rays_goal,no_reopen_astar,384,True,True,9,0.8891718500909168,0.6845758380602908,1.298865371308368,16,16,1,,False,False,0.7609386999974959,0.0,0.0,0.00011070000618929043
C_hard_bugtrap,18,114,21467908,21467925,192,763,scalar_onlstm,global_obstacle_list_summaries_sectors_plus_rays_goal,no_reopen_astar,384,True,True,7,0.6847769994025382,0.6845758380602908,1.0002938481480992,11,11,1,,False,False,0.5815790000051493,0.0,0.0,0.00011050000466639176
C_hard_bugtrap,18,114,21467908,21467925,192,763,current_local_backup_alpha_1_50,current_goal_geometry_bounded_rays_one_hop_actions_plus_radius_bounded_local_subgraph_and_frozen_exit_values,no_reopen_astar,384,True,True,7,0.7035891906635958,0.6845758380602908,1.0277739171414206,11,11,1,,False,False,2.6062369999999646,0.0006821999995736405,0.011534000004758127,7.31999971321784e-05
C_hard_bugtrap,18,114,21467908,21467925,192,763,current_bounded_focal_alpha_0_50,current_goal_geometry_bounded_rays_one_hop_actions,reopening_fhat_focal,384,True,True,7,0.7024772158316196,0.6845758380602908,1.026149590412147,29,29,1,0.681472392551921,False,False,2.6062369999999646,0.0004301000008126721,0.0,0.00027460000274004415
C_hard_bugtrap,19,115,21475828,21475845,192,737,euclid,current_goal_geometry_only,no_reopen_astar,384,True,True,11,1.2294086858064264,1.2294086858064264,1.0,71,71,1,,False,False,9.23000043258071e-05,0.0,0.0,0.00033239999902434647
C_hard_bugtrap,19,115,21475828,21475845,192,737,field_hrm,complete_64x64_occupancy_goal_raster,no_reopen_astar,384,True,True,10,1.2688892128355227,1.2294086858064264,1.0321134277680812,125,125,1,,False,False,0.18167199999879813,0.0,0.0,0.0004586999930324964
C_hard_bugtrap,19,115,21475828,21475845,192,737,field_onlstm,complete_64x64_occupancy_goal_raster,no_reopen_astar,384,True,True,10,1.2688892128355227,1.2294086858064264,1.0321134277680812,100,100,1,,False,False,0.2146467999991728,0.0,0.0,0.0002686000007088296
C_hard_bugtrap,19,115,21475828,21475845,192,737,field_unet,complete_64x64_occupancy_goal_raster,no_reopen_astar,384,True,True,12,1.2637778298544575,1.2294086858064264,1.0279558331129626,95,95,1,,False,False,0.16991369999595918,0.0,0.0,0.0004317999992053956
C_hard_bugtrap,19,115,21475828,21475845,192,737,oracle,exact_full_graph_cost_to_go_evaluation_only,no_reopen_astar,384,True,True,11,1.2294086858064264,1.2294086858064264,1.0,12,12,1,,False,False,0.00043369999912101775,0.0,0.0,8.209999941755086e-05
C_hard_bugtrap,19,115,21475828,21475845,192,737,scalar_hrm,global_obstacle_list_summaries_sectors_plus_rays_goal,no_reopen_astar,384,True,True,12,1.253667199716068,1.2294086858064264,1.0197318549882615,111,111,1,,False,False,0.8492772999961744,0.0,0.0,0.00039939999987836927
C_hard_bugtrap,19,115,21475828,21475845,192,737,scalar_onlstm,global_obstacle_list_summaries_sectors_plus_rays_goal,no_reopen_astar,384,True,True,12,1.253667199716068,1.2294086858064264,1.0197318549882615,75,75,1,,False,False,0.754734299996926,0.0,0.0,0.00028900000324938446
C_hard_bugtrap,19,115,21475828,21475845,192,737,current_local_backup_alpha_1_50,current_goal_geometry_bounded_rays_one_hop_actions_plus_radius_bounded_local_subgraph_and_frozen_exit_values,no_reopen_astar,384,True,True,11,1.3128269668961567,1.2294086858064264,1.0678523602873462,49,49,1,,False,False,3.0098786000016844,0.0006994999930611812,0.010771099994599354,0.0001584999990882352
C_hard_bugtrap,19,115,21475828,21475845,192,737,current_bounded_focal_alpha_0_50,current_goal_geometry_bounded_rays_one_hop_actions,reopening_fhat_focal,384,True,True,10,1.2507306749144422,1.2294086858064264,1.0173432881629836,86,86,1,1.223675423326013,False,False,3.0098786000016844,0.0009735000057844445,0.0,0.0008625999980722554
C_hard_bugtrap,20,116,21483748,21483765,192,772,euclid,current_goal_geometry_only,no_reopen_astar,384,True,True,7,0.6594078621258783,0.6594078621258784,0.9999999999999998,18,18,1,,False,False,9.420000424142927e-05,0.0,0.0,0.00016600000526523218
C_hard_bugtrap,20,116,21483748,21483765,192,772,field_hrm,complete_64x64_occupancy_goal_raster,no_reopen_astar,384,True,True,7,0.6852799933352058,0.6594078621258784,1.039235399963109,10,10,1,,False,False,0.14779249999992317,0.0,0.0,9.100000170292333e-05
C_hard_bugtrap,20,116,21483748,21483765,192,772,field_onlstm,complete_64x64_occupancy_goal_raster,no_reopen_astar,384,True,True,7,0.6852799933352058,0.6594078621258784,1.039235399963109,12,12,1,,False,False,0.18037819999881322,0.0,0.0,9.62999984039925e-05
C_hard_bugtrap,20,116,21483748,21483765,192,772,field_unet,complete_64x64_occupancy_goal_raster,no_reopen_astar,384,True,True,7,0.6852799933352058,0.6594078621258784,1.039235399963109,8,8,1,,False,False,0.1176705999969272,0.0,0.0,7.870000263210386e-05
C_hard_bugtrap,20,116,21483748,21483765,192,772,oracle,exact_full_graph_cost_to_go_evaluation_only,no_reopen_astar,384,True,True,7,0.6594078621258783,0.6594078621258784,0.9999999999999998,8,8,1,,False,False,0.0004000000044470653,0.0,0.0,4.5000000682193786e-05
C_hard_bugtrap,20,116,21483748,21483765,192,772,scalar_hrm,global_obstacle_list_summaries_sectors_plus_rays_goal,no_reopen_astar,384,True,True,7,0.7035384235079603,0.6594078621258784,1.066924530198667,13,13,1,,False,False,0.5154756999982055,0.0,0.0,8.420000085607171e-05
C_hard_bugtrap,20,116,21483748,21483765,192,772,scalar_onlstm,global_obstacle_list_summaries_sectors_plus_rays_goal,no_reopen_astar,384,True,True,7,0.7035384235079603,0.6594078621258784,1.066924530198667,11,11,1,,False,False,0.5264170000009472,0.0,0.0,9.359999967273325e-05
C_hard_bugtrap,20,116,21483748,21483765,192,772,current_local_backup_alpha_1_50,current_goal_geometry_bounded_rays_one_hop_actions_plus_radius_bounded_local_subgraph_and_frozen_exit_values,no_reopen_astar,384,True,True,7,0.6852799933352058,0.6594078621258784,1.039235399963109,13,13,1,,False,False,2.320518100001209,0.0006053999968571588,0.009307599997555371,6.61999947624281e-05
C_hard_bugtrap,20,116,21483748,21483765,192,772,current_bounded_focal_alpha_0_50,current_goal_geometry_bounded_rays_one_hop_actions,reopening_fhat_focal,384,True,True,7,0.6594078621258783,0.6594078621258784,0.9999999999999998,19,19,1,0.6451612559289994,False,False,2.320518100001209,0.0003819999983534217,0.0,0.00017050000315066427
C_hard_bugtrap,21,117,21491668,21491685,192,735,euclid,current_goal_geometry_only,no_reopen_astar,384,True,True,7,0.6495845261023846,0.6495845261023846,1.0,26,26,1,,False,False,8.309999975608662e-05,0.0,0.0,0.0001933999956236221
C_hard_bugtrap,21,117,21491668,21491685,192,735,field_hrm,complete_64x64_occupancy_goal_raster,no_reopen_astar,384,True,True,7,0.6680115383667653,0.6495845261023846,1.0283673818016354,9,9,1,,False,False,0.14910049999889452,0.0,0.0,9.970000246539712e-05
C_hard_bugtrap,21,117,21491668,21491685,192,735,field_onlstm,complete_64x64_occupancy_goal_raster,no_reopen_astar,384,True,True,7,0.6656370284413919,0.6495845261023846,1.0247119530930409,15,15,1,,False,False,0.22666580000077374,0.0,0.0,0.00013900000340072438
C_hard_bugtrap,21,117,21491668,21491685,192,735,field_unet,complete_64x64_occupancy_goal_raster,no_reopen_astar,384,True,True,7,0.6564118535493246,0.6495845261023846,1.0105102987719015,12,12,1,,False,False,0.15251179999904707,0.0,0.0,9.790000331122428e-05
C_hard_bugtrap,21,117,21491668,21491685,192,735,oracle,exact_full_graph_cost_to_go_evaluation_only,no_reopen_astar,384,True,True,7,0.6495845261023846,0.6495845261023846,1.0,8,8,1,,False,False,0.0003978000022470951,0.0,0.0,4.6099994506221265e-05
C_hard_bugtrap,21,117,21491668,21491685,192,735,scalar_hrm,global_obstacle_list_summaries_sectors_plus_rays_goal,no_reopen_astar,384,True,True,7,0.6495845261023846,0.6495845261023846,1.0,18,18,1,,False,False,0.720304299997224,0.0,0.0,0.00010620000102790073
C_hard_bugtrap,21,117,21491668,21491685,192,735,scalar_onlstm,global_obstacle_list_summaries_sectors_plus_rays_goal,no_reopen_astar,384,True,True,7,0.6495845261023846,0.6495845261023846,1.0,17,17,1,,False,False,0.6305404000013368,0.0,0.0,0.00012789999891538173
C_hard_bugtrap,21,117,21491668,21491685,192,735,current_local_backup_alpha_1_50,current_goal_geometry_bounded_rays_one_hop_actions_plus_radius_bounded_local_subgraph_and_frozen_exit_values,no_reopen_astar,384,True,True,7,0.6495845261023846,0.6495845261023846,1.0,12,12,1,,False,False,2.743976699995983,0.000680199998896569,0.010049899996374734,7.860000187065452e-05
C_hard_bugtrap,21,117,21491668,21491685,192,735,current_bounded_focal_alpha_0_50,current_goal_geometry_bounded_rays_one_hop_actions,reopening_fhat_focal,384,True,True,7,0.6643106456458029,0.6495845261023846,1.0226700590172266,26,25,2,0.6253061130821084,False,False,2.743976699995983,0.0003724999987753108,0.0,0.0002997999981744215
C_hard_bugtrap,22,118,21499588,21499605,192,736,euclid,current_goal_geometry_only,no_reopen_astar,384,True,True,8,0.7966228270729265,0.7966228270729265,1.0,30,30,1,,False,False,8.38999985717237e-05,0.0,0.0,0.0001940000001923181
C_hard_bugtrap,22,118,21499588,21499605,192,736,field_hrm,complete_64x64_occupancy_goal_raster,no_reopen_astar,384,True,True,10,0.9755097665447444,0.7966228270729265,1.2245566325648884,26,26,1,,False,False,0.11892740000621416,0.0,0.0,9.210000280290842e-05
C_hard_bugtrap,22,118,21499588,21499605,192,736,field_onlstm,complete_64x64_occupancy_goal_raster,no_reopen_astar,384,True,True,9,0.8174599147310402,0.7966228270729265,1.0261567795322617,18,18,1,,False,False,0.1802211999965948,0.0,0.0,0.0001371000034851022
C_hard_bugtrap,22,118,21499588,21499605,192,736,field_unet,complete_64x64_occupancy_goal_raster,no_reopen_astar,384,True,True,9,0.8597926006313477,0.7966228270729265,1.0792969664082175,23,23,1,,False,False,0.14391869999963092,0.0,0.0,0.00017500000103609636
C_hard_bugtrap,22,118,21499588,21499605,192,736,oracle,exact_full_graph_cost_to_go_evaluation_only,no_reopen_astar,384,True,True,8,0.7966228270729265,0.7966228270729265,1.0,9,9,1,,False,False,0.0010495999958948232,0.0,0.0,0.00015689999418100342
C_hard_bugtrap,22,118,21499588,21499605,192,736,scalar_hrm,global_obstacle_list_summaries_sectors_plus_rays_goal,no_reopen_astar,384,True,True,8,0.7966228270729265,0.7966228270729265,1.0,23,23,1,,False,False,0.6197008999952232,0.0,0.0,0.000174299995705951
C_hard_bugtrap,22,118,21499588,21499605,192,736,scalar_onlstm,global_obstacle_list_summaries_sectors_plus_rays_goal,no_reopen_astar,384,True,True,12,1.0128532191531308,0.7966228270729265,1.27143383886539,41,41,1,,False,False,0.5765897999954177,0.0,0.0,0.0002099999983329326
C_hard_bugtrap,22,118,21499588,21499605,192,736,current_local_backup_alpha_1_50,current_goal_geometry_bounded_rays_one_hop_actions_plus_radius_bounded_local_subgraph_and_frozen_exit_values,no_reopen_astar,384,True,True,8,0.7966228270729265,0.7966228270729265,1.0,14,14,1,,False,False,2.2741464999999152,0.0006926000060047954,0.00939039999502711,7.459999324055389e-05
C_hard_bugtrap,22,118,21499588,21499605,192,736,current_bounded_focal_alpha_0_50,current_goal_geometry_bounded_rays_one_hop_actions,reopening_fhat_focal,384,True,True,8,0.7966228270729265,0.7966228270729265,1.0,27,27,1,0.7884337757045176,False,False,2.2741464999999152,0.00040920000174082816,0.0,0.00024199999461416155
C_hard_bugtrap,23,119,21507508,21507525,192,778,euclid,current_goal_geometry_only,no_reopen_astar,384,True,True,5,0.5160774282357231,0.5160774282357232,0.9999999999999998,10,10,1,,False,False,4.220000118948519e-05,0.0,0.0,0.00010089999705087394
C_hard_bugtrap,23,119,21507508,21507525,192,778,field_hrm,complete_64x64_occupancy_goal_raster,no_reopen_astar,384,True,True,5,0.5160774282357231,0.5160774282357232,0.9999999999999998,7,7,1,,False,False,0.16816820000531152,0.0,0.0,9.850000060396269e-05
C_hard_bugtrap,23,119,21507508,21507525,192,778,field_onlstm,complete_64x64_occupancy_goal_raster,no_reopen_astar,384,True,True,5,0.5160774282357231,0.5160774282357232,0.9999999999999998,7,7,1,,False,False,0.24445990000094753,0.0,0.0,9.560000034980476e-05
C_hard_bugtrap,23,119,21507508,21507525,192,778,field_unet,complete_64x64_occupancy_goal_raster,no_reopen_astar,384,True,True,5,0.5288993053654076,0.5160774282357232,1.0248448709983649,19,19,1,,False,False,0.16699229999358067,0.0,0.0,0.00013500000204658136
C_hard_bugtrap,23,119,21507508,21507525,192,778,oracle,exact_full_graph_cost_to_go_evaluation_only,no_reopen_astar,384,True,True,5,0.5160774282357231,0.5160774282357232,0.9999999999999998,6,6,1,,False,False,0.00049080000462709,0.0,0.0,4.230000195093453e-05
C_hard_bugtrap,23,119,21507508,21507525,192,778,scalar_hrm,global_obstacle_list_summaries_sectors_plus_rays_goal,no_reopen_astar,384,True,True,5,0.5288993053654076,0.5160774282357232,1.0248448709983649,6,6,1,,False,False,0.8502951999980723,0.0,0.0,7.829999958630651e-05
C_hard_bugtrap,23,119,21507508,21507525,192,778,scalar_onlstm,global_obstacle_list_summaries_sectors_plus_rays_goal,no_reopen_astar,384,True,True,5,0.5288993053654076,0.5160774282357232,1.0248448709983649,7,7,1,,False,False,0.7537697000007029,0.0,0.0,8.260000322479755e-05
C_hard_bugtrap,23,119,21507508,21507525,192,778,current_local_backup_alpha_1_50,current_goal_geometry_bounded_rays_one_hop_actions_plus_radius_bounded_local_subgraph_and_frozen_exit_values,no_reopen_astar,384,True,True,5,0.5160774282357231,0.5160774282357232,0.9999999999999998,8,8,1,,False,False,3.1802349999998114,0.0007959000067785382,0.01344480000261683,8.299999899463728e-05
C_hard_bugtrap,23,119,21507508,21507525,192,778,current_bounded_focal_alpha_0_50,current_goal_geometry_bounded_rays_one_hop_actions,reopening_fhat_focal,384,True,True,5,0.5160774282357231,0.5160774282357232,0.9999999999999998,16,16,1,0.5160774282357231,False,False,3.1802349999998114,0.00048400000378023833,0.0,0.0001782000035746023
C_hard_rooms_large,0,120,22325351,22325368,192,752,euclid,current_goal_geometry_only,no_reopen_astar,384,True,True,10,3.257787727335189,3.257787727335189,1.0,44,44,1,,False,False,9.000000136438757e-05,0.0,0.0,0.0002657000004546717
C_hard_rooms_large,0,120,22325351,22325368,192,752,field_hrm,complete_64x64_occupancy_goal_raster,no_reopen_astar,384,True,True,12,3.95081028133502,3.257787727335189,1.2127279651110696,30,30,1,,False,False,0.14265090000117198,0.0,0.0,0.0001629999969736673
C_hard_rooms_large,0,120,22325351,22325368,192,752,field_onlstm,complete_64x64_occupancy_goal_raster,no_reopen_astar,384,True,True,14,3.736071718762817,3.257787727335189,1.1468125094260992,42,42,1,,False,False,0.1785872999971616,0.0,0.0,0.00021910000214120373
C_hard_rooms_large,0,120,22325351,22325368,192,752,field_unet,complete_64x64_occupancy_goal_raster,no_reopen_astar,384,True,True,11,3.515352817096077,3.257787727335189,1.0790613481657296,22,22,1,,False,False,0.11961840000003576,0.0,0.0,0.0001396000006934628
C_hard_rooms_large,0,120,22325351,22325368,192,752,oracle,exact_full_graph_cost_to_go_evaluation_only,no_reopen_astar,384,True,True,10,3.257787727335189,3.257787727335189,1.0,11,11,1,,False,False,0.00030780000088270754,0.0,0.0,6.030000076862052e-05
C_hard_rooms_large,0,120,22325351,22325368,192,752,scalar_hrm,global_obstacle_list_summaries_sectors_plus_rays_goal,no_reopen_astar,384,True,True,14,3.7360956491244104,3.257787727335189,1.1468198550126127,37,37,1,,False,False,0.5566990000006626,0.0,0.0,0.00019350000366102904
C_hard_rooms_large,0,120,22325351,22325368,192,752,scalar_onlstm,global_obstacle_list_summaries_sectors_plus_rays_goal,no_reopen_astar,384,True,True,14,3.8626320367993916,3.257787727335189,1.185661055933486,30,30,1,,False,False,0.5059060999992653,0.0,0.0,0.00018659999477677047
C_hard_rooms_large,0,120,22325351,22325368,192,752,current_local_backup_alpha_1_50,current_goal_geometry_bounded_rays_one_hop_actions_plus_radius_bounded_local_subgraph_and_frozen_exit_values,no_reopen_astar,384,True,True,10,3.2978545771435552,3.257787727335189,1.012298790824269,16,16,1,,False,False,2.4665243000054033,0.0007063000011839904,0.011421499999414664,9.189999400405213e-05
C_hard_rooms_large,0,120,22325351,22325368,192,752,current_bounded_focal_alpha_0_50,current_goal_geometry_bounded_rays_one_hop_actions,reopening_fhat_focal,384,True,True,10,3.3105567986069495,3.257787727335189,1.0161978237037945,19,19,1,3.0539661043409803,False,False,2.4665243000054033,0.0005511999988812022,0.0,0.0002738999974098988
C_hard_rooms_large,1,121,22333271,22333288,192,753,euclid,current_goal_geometry_only,no_reopen_astar,384,True,True,15,4.098365770703676,4.098365770703677,0.9999999999999998,82,82,1,,False,False,8.499999967170879e-05,0.0,0.0,0.00036669999826699495
C_hard_rooms_large,1,121,22333271,22333288,192,753,field_hrm,complete_64x64_occupancy_goal_raster,no_reopen_astar,384,True,True,16,4.396551975378472,4.098365770703677,1.0727573431357242,52,52,1,,False,False,0.1414638999995077,0.0,0.0,0.00025299999833805487
C_hard_rooms_large,1,121,22333271,22333288,192,753,field_onlstm,complete_64x64_occupancy_goal_raster,no_reopen_astar,384,True,True,15,4.162140155075033,4.098365770703677,1.0155609303657651,29,29,1,,False,False,0.18196410000382457,0.0,0.0,0.00019699999393196777
C_hard_rooms_large,1,121,22333271,22333288,192,753,field_unet,complete_64x64_occupancy_goal_raster,no_reopen_astar,384,True,True,15,4.134832102864418,4.098365770703677,1.0088977739423388,46,46,1,,False,False,0.11939559999882476,0.0,0.0,0.0002997999981744215
C_hard_rooms_large,1,121,22333271,22333288,192,753,oracle,exact_full_graph_cost_to_go_evaluation_only,no_reopen_astar,384,True,True,15,4.098365770703676,4.098365770703677,0.9999999999999998,16,16,1,,False,False,0.00030020000122021884,0.0,0.0,7.779999577905983e-05
C_hard_rooms_large,1,121,22333271,22333288,192,753,scalar_hrm,global_obstacle_list_summaries_sectors_plus_rays_goal,no_reopen_astar,384,True,True,16,5.119692795218239,4.098365770703677,1.2492034829627234,33,33,1,,False,False,0.5778288999936194,0.0,0.0,0.0001965000046766363
C_hard_rooms_large,1,121,22333271,22333288,192,753,scalar_onlstm,global_obstacle_list_summaries_sectors_plus_rays_goal,no_reopen_astar,384,True,True,14,4.439004179721996,4.098365770703677,1.0831156680678193,24,24,1,,False,False,0.5569713000004413,0.0,0.0,0.00019299999985378236
C_hard_rooms_large,1,121,22333271,22333288,192,753,current_local_backup_alpha_1_50,current_goal_geometry_bounded_rays_one_hop_actions_plus_radius_bounded_local_subgraph_and_frozen_exit_values,no_reopen_astar,384,True,True,15,4.103350186228598,4.098365770703677,1.0012161958702053,27,27,1,,False,False,2.4128152999983286,0.0006626000031246804,0.011859099999128375,0.00013179999950807542
C_hard_rooms_large,1,121,22333271,22333288,192,753,current_bounded_focal_alpha_0_50,current_goal_geometry_bounded_rays_one_hop_actions,reopening_fhat_focal,384,True,True,16,4.36008564321773,4.098365770703677,1.0638595691933852,96,91,3,4.005893941092711,False,False,2.4128152999983286,0.0006009999997331761,0.0,0.001326999998127576
C_hard_rooms_large,2,122,22341191,22341208,192,748,euclid,current_goal_geometry_only,no_reopen_astar,384,True,True,12,3.8624167898540698,3.8624167898540698,1.0,45,45,1,,False,False,9.40000027185306e-05,0.0,0.0,0.0002769999991869554
C_hard_rooms_large,2,122,22341191,22341208,192,748,field_hrm,complete_64x64_occupancy_goal_raster,no_reopen_astar,384,True,True,13,4.023427794945039,3.8624167898540698,1.0416865951685792,47,47,1,,False,False,0.11556179999752203,0.0,0.0,0.00021489999926416203
C_hard_rooms_large,2,122,22341191,22341208,192,748,field_onlstm,complete_64x64_occupancy_goal_raster,no_reopen_astar,384,True,True,12,3.8624167898540698,3.8624167898540698,1.0,28,28,1,,False,False,0.18171299999812618,0.0,0.0,0.00015600000187987462
C_hard_rooms_large,2,122,22341191,22341208,192,748,field_unet,complete_64x64_occupancy_goal_raster,no_reopen_astar,384,True,True,13,4.0149869670016445,3.8624167898540698,1.039501220465992,42,42,1,,False,False,0.1005767000024207,0.0,0.0,0.0001999000014620833
C_hard_rooms_large,2,122,22341191,22341208,192,748,oracle,exact_full_graph_cost_to_go_evaluation_only,no_reopen_astar,384,True,True,12,3.8624167898540698,3.8624167898540698,1.0,13,13,1,,False,False,0.00027119999867863953,0.0,0.0,7.080000068526715e-05
C_hard_rooms_large,2,122,22341191,22341208,192,748,scalar_hrm,global_obstacle_list_summaries_sectors_plus_rays_goal,no_reopen_astar,384,True,True,11,4.021155623285066,3.8624167898540698,1.0410983179878404,20,20,1,,False,False,0.43694240000331774,0.0,0.0,0.0001260999997612089
C_hard_rooms_large,2,122,22341191,22341208,192,748,scalar_onlstm,global_obstacle_list_summaries_sectors_plus_rays_goal,no_reopen_astar,384,True,True,11,3.960558573849884,3.8624167898540698,1.025409423512661,23,23,1,,False,False,0.39506429999892134,0.0,0.0,0.00016689999756636098
C_hard_rooms_large,2,122,22341191,22341208,192,748,current_local_backup_alpha_1_50,current_goal_geometry_bounded_rays_one_hop_actions_plus_radius_bounded_local_subgraph_and_frozen_exit_values,no_reopen_astar,384,True,True,12,3.8624167898540698,3.8624167898540698,1.0,57,57,1,,False,False,1.869484900002135,0.0006160000048112124,0.011474399994767737,0.00017610000213608146
C_hard_rooms_large,2,122,22341191,22341208,192,748,current_bounded_focal_alpha_0_50,current_goal_geometry_bounded_rays_one_hop_actions,reopening_fhat_focal,384,True,True,12,3.8624167898540698,3.8624167898540698,1.0,47,47,1,3.785731444858556,False,False,1.869484900002135,0.0004850999976042658,0.0,0.000556500002858229
C_hard_rooms_large,3,123,22357031,22357048,192,730,euclid,current_goal_geometry_only,no_reopen_astar,384,True,True,9,2.902273459617503,2.9022734596175024,1.0000000000000002,34,34,1,,False,False,8.239999442594126e-05,0.0,0.0,0.00024449999909847975
C_hard_rooms_large,3,123,22357031,22357048,192,730,field_hrm,complete_64x64_occupancy_goal_raster,no_reopen_astar,384,True,True,10,2.966596578004464,2.9022734596175024,1.0221630109229745,29,29,1,,False,False,0.11105779999343213,0.0,0.0,0.00014370000280905515
C_hard_rooms_large,3,123,22357031,22357048,192,730,field_onlstm,complete_64x64_occupancy_goal_raster,no_reopen_astar,384,True,True,11,3.8011881585584115,2.9022734596175024,1.3097277742599,23,23,1,,False,False,0.14538570000149775,0.0,0.0,0.00014409999857889488
C_hard_rooms_large,3,123,22357031,22357048,192,730,field_unet,complete_64x64_occupancy_goal_raster,no_reopen_astar,384,True,True,9,2.902273459617503,2.9022734596175024,1.0000000000000002,16,16,1,,False,False,0.08965650000027381,0.0,0.0,9.14999982342124e-05
C_hard_rooms_large,3,123,22357031,22357048,192,730,oracle,exact_full_graph_cost_to_go_evaluation_only,no_reopen_astar,384,True,True,9,2.902273459617503,2.9022734596175024,1.0000000000000002,10,10,1,,False,False,0.00026920000527752563,0.0,0.0,5.2100003813393414e-05
C_hard_rooms_large,3,123,22357031,22357048,192,730,scalar_hrm,global_obstacle_list_summaries_sectors_plus_rays_goal,no_reopen_astar,384,True,True,9,2.9620669191815563,2.9022734596175024,1.0206022831397612,14,14,1,,False,False,0.4286160000046948,0.0,0.0,0.00012209999840706587
C_hard_rooms_large,3,123,22357031,22357048,192,730,scalar_onlstm,global_obstacle_list_summaries_sectors_plus_rays_goal,no_reopen_astar,384,True,True,9,2.9314288302085245,2.9022734596175024,1.010045700722793,16,16,1,,False,False,0.39510620000510244,0.0,0.0,0.00011449999874457717
C_hard_rooms_large,3,123,22357031,22357048,192,730,current_local_backup_alpha_1_50,current_goal_geometry_bounded_rays_one_hop_actions_plus_radius_bounded_local_subgraph_and_frozen_exit_values,no_reopen_astar,384,True,True,9,2.932911548590534,2.9022734596175024,1.0105565824169682,12,12,1,,False,False,2.013881400001992,0.0006702999962726608,0.01300959999935003,0.00010070000280393288
C_hard_rooms_large,3,123,22357031,22357048,192,730,current_bounded_focal_alpha_0_50,current_goal_geometry_bounded_rays_one_hop_actions,reopening_fhat_focal,384,True,True,9,2.9178105691018765,2.9022734596175024,1.0053534271324047,27,26,2,2.677178363080615,False,False,2.013881400001992,0.001507000000856351,0.0,0.00037199999496806413
C_hard_rooms_large,4,124,22364951,22364968,192,737,euclid,current_goal_geometry_only,no_reopen_astar,384,True,True,12,3.653563245031408,3.6535632450314077,1.0000000000000002,52,52,1,,False,False,0.00013770000077784061,0.0,0.0,0.0003192000003764406
C_hard_rooms_large,4,124,22364951,22364968,192,737,field_hrm,complete_64x64_occupancy_goal_raster,no_reopen_astar,384,True,True,12,3.653563245031408,3.6535632450314077,1.0000000000000002,46,46,1,,False,False,0.16965909999998985,0.0,0.0,0.00021269999706419185
C_hard_rooms_large,4,124,22364951,22364968,192,737,field_onlstm,complete_64x64_occupancy_goal_raster,no_reopen_astar,384,True,True,14,4.215544158938659,3.6535632450314077,1.1538172124627941,44,44,1,,False,False,0.1906343000009656,0.0,0.0,0.00019890000112354755
C_hard_rooms_large,4,124,22364951,22364968,192,737,field_unet,complete_64x64_occupancy_goal_raster,no_reopen_astar,384,True,True,14,4.183791900561359,3.6535632450314077,1.1451264477906673,41,41,1,,False,False,0.12770860000455286,0.0,0.0,0.00018740000086836517
C_hard_rooms_large,4,124,22364951,22364968,192,737,oracle,exact_full_graph_cost_to_go_evaluation_only,no_reopen_astar,384,True,True,12,3.653563245031408,3.6535632450314077,1.0000000000000002,13,13,1,,False,False,0.0002825999981723726,0.0,0.0,6.939999730093405e-05
C_hard_rooms_large,4,124,22364951,22364968,192,737,scalar_hrm,global_obstacle_list_summaries_sectors_plus_rays_goal,no_reopen_astar,384,True,True,13,3.9291708012509905,3.6535632450314077,1.075435277217218,34,34,1,,False,False,0.6221678000001702,0.0,0.0,0.00018119999731425196
C_hard_rooms_large,4,124,22364951,22364968,192,737,scalar_onlstm,global_obstacle_list_summaries_sectors_plus_rays_goal,no_reopen_astar,384,True,True,15,4.835918329550646,3.6535632450314077,1.3236169747785695,40,40,1,,False,False,0.5779726000037044,0.0,0.0,0.00020399999630171806
C_hard_rooms_large,4,124,22364951,22364968,192,737,current_local_backup_alpha_1_50,current_goal_geometry_bounded_rays_one_hop_actions_plus_radius_bounded_local_subgraph_and_frozen_exit_values,no_reopen_astar,384,True,True,12,3.6671022315295834,3.6535632450314077,1.0037056937543336,13,13,1,,False,False,2.7096378999995068,0.0006502999967779033,0.010206400002061855,8.459999662591144e-05
C_hard_rooms_large,4,124,22364951,22364968,192,737,current_bounded_focal_alpha_0_50,current_goal_geometry_bounded_rays_one_hop_actions,reopening_fhat_focal,384,True,True,12,3.653563245031408,3.6535632450314077,1.0000000000000002,48,48,1,3.4397104721671434,False,False,2.7096378999995068,0.0004351999959908426,0.0,0.0005301000055624172
C_hard_rooms_large,5,125,22388711,22388728,192,761,euclid,current_goal_geometry_only,no_reopen_astar,384,True,True,12,3.1482936680592135,3.148293668059213,1.0000000000000002,40,40,1,,False,False,5.769999552285299e-05,0.0,0.0,0.0002668999950401485
C_hard_rooms_large,5,125,22388711,22388728,192,761,field_hrm,complete_64x64_occupancy_goal_raster,no_reopen_astar,384,True,True,12,3.1826935233957525,3.148293668059213,1.0109265078050185,47,47,1,,False,False,0.1368203999954858,0.0,0.0,0.0002641000028233975
C_hard_rooms_large,5,125,22388711,22388728,192,761,field_onlstm,complete_64x64_occupancy_goal_raster,no_reopen_astar,384,True,True,16,3.947582533974973,3.148293668059213,1.2538800220655677,28,28,1,,False,False,0.17169429999921704,0.0,0.0,0.00016899999900488183
C_hard_rooms_large,5,125,22388711,22388728,192,761,field_unet,complete_64x64_occupancy_goal_raster,no_reopen_astar,384,True,True,13,3.2424701773554627,3.148293668059213,1.02991350846705,49,49,1,,False,False,0.1075254999959725,0.0,0.0,0.00023460000375052914
C_hard_rooms_large,5,125,22388711,22388728,192,761,oracle,exact_full_graph_cost_to_go_evaluation_only,no_reopen_astar,384,True,True,12,3.1482936680592135,3.148293668059213,1.0000000000000002,13,13,1,,False,False,0.0002817999993567355,0.0,0.0,6.430000212276354e-05
C_hard_rooms_large,5,125,22388711,22388728,192,761,scalar_hrm,global_obstacle_list_summaries_sectors_plus_rays_goal,no_reopen_astar,384,True,True,14,3.3634308552456966,3.148293668059213,1.0683345360596892,35,35,1,,False,False,0.5019203000047128,0.0,0.0,0.00019799999427050352
C_hard_rooms_large,5,125,22388711,22388728,192,761,scalar_onlstm,global_obstacle_list_summaries_sectors_plus_rays_goal,no_reopen_astar,384,True,True,13,3.2424701773554627,3.148293668059213,1.02991350846705,25,25,1,,False,False,0.5003882000019075,0.0,0.0,0.00016419999883510172
C_hard_rooms_large,5,125,22388711,22388728,192,761,current_local_backup_alpha_1_50,current_goal_geometry_bounded_rays_one_hop_actions_plus_radius_bounded_local_subgraph_and_frozen_exit_values,no_reopen_astar,384,True,True,12,3.2150317159333537,3.148293668059213,1.0211981647554758,30,30,1,,False,False,2.4512000999966403,0.0006797999958507717,0.01387780000368366,0.000130899999930989
C_hard_rooms_large,5,125,22388711,22388728,192,761,current_bounded_focal_alpha_0_50,current_goal_geometry_bounded_rays_one_hop_actions,reopening_fhat_focal,384,True,True,12,3.18680222023661,3.148293668059213,1.0122315629472824,49,49,1,3.0852019337524235,False,False,2.4512000999966403,0.00047080000513233244,0.0,0.0006592999998247251
C_hard_rooms_large,6,126,22396631,22396648,192,734,euclid,current_goal_geometry_only,no_reopen_astar,384,True,True,10,3.0815731153652894,3.081573115365289,1.0000000000000002,27,27,1,,False,False,9.159999899566174e-05,0.0,0.0,0.00018010000349022448
C_hard_rooms_large,6,126,22396631,22396648,192,734,field_hrm,complete_64x64_occupancy_goal_raster,no_reopen_astar,384,True,True,10,3.17682871791186,3.081573115365289,1.0309113556552039,18,18,1,,False,False,0.14630790000228444,0.0,0.0,0.00012989999959245324
C_hard_rooms_large,6,126,22396631,22396648,192,734,field_onlstm,complete_64x64_occupancy_goal_raster,no_reopen_astar,384,True,True,12,4.271320319403222,3.081573115365289,1.386084366489841,30,30,1,,False,False,0.19352830000570975,0.0,0.0,0.00018219999765278772
C_hard_rooms_large,6,126,22396631,22396648,192,734,field_unet,complete_64x64_occupancy_goal_raster,no_reopen_astar,384,True,True,9,3.4144787885074983,3.081573115365289,1.1080310804511762,20,20,1,,False,False,0.11344950000056997,0.0,0.0,0.00010440000187372789
C_hard_rooms_large,6,126,22396631,22396648,192,734,oracle,exact_full_graph_cost_to_go_evaluation_only,no_reopen_astar,384,True,True,10,3.0815731153652894,3.081573115365289,1.0000000000000002,11,11,1,,False,False,0.00022259999968810007,0.0,0.0,3.479999577393755e-05
C_hard_rooms_large,6,126,22396631,22396648,192,734,scalar_hrm,global_obstacle_list_summaries_sectors_plus_rays_goal,no_reopen_astar,384,True,True,10,3.0815731153652894,3.081573115365289,1.0000000000000002,14,14,1,,False,False,0.5615326000042842,0.0,0.0,0.00010959999781334773
C_hard_rooms_large,6,126,22396631,22396648,192,734,scalar_onlstm,global_obstacle_list_summaries_sectors_plus_rays_goal,no_reopen_astar,384,True,True,10,3.0815731153652894,3.081573115365289,1.0000000000000002,14,14,1,,False,False,0.5204184000031091,0.0,0.0,0.00010140000085812062
C_hard_rooms_large,6,126,22396631,22396648,192,734,current_local_backup_alpha_1_50,current_goal_geometry_bounded_rays_one_hop_actions_plus_radius_bounded_local_subgraph_and_frozen_exit_values,no_reopen_astar,384,True,True,10,3.0815731153652894,3.081573115365289,1.0000000000000002,11,11,1,,False,False,2.363839300000109,0.0007593999980599619,0.01008449999790173,6.189999839989468e-05
C_hard_rooms_large,6,126,22396631,22396648,192,734,current_bounded_focal_alpha_0_50,current_goal_geometry_bounded_rays_one_hop_actions,reopening_fhat_focal,384,True,True,10,3.105213496812911,3.081573115365289,1.0076715302745038,24,22,2,2.9541794121824423,False,False,2.363839300000109,0.0004907999973511323,0.0,0.00020590000349329785
C_hard_rooms_large,7,127,22412471,22412488,192,762,euclid,current_goal_geometry_only,no_reopen_astar,384,True,True,11,3.9246006104134556,3.9246006104134565,0.9999999999999998,57,57,1,,False,False,9.849999332800508e-05,0.0,0.0,0.00029460000223480165
C_hard_rooms_large,7,127,22412471,22412488,192,762,field_hrm,complete_64x64_occupancy_goal_raster,no_reopen_astar,384,True,True,13,4.092820747896876,3.9246006104134565,1.042862995291054,48,48,1,,False,False,0.16236409999692114,0.0,0.0,0.00021299999934853986
C_hard_rooms_large,7,127,22412471,22412488,192,762,field_onlstm,complete_64x64_occupancy_goal_raster,no_reopen_astar,384,True,True,17,4.981422198582205,3.9246006104134565,1.2692813086163721,44,44,1,,False,False,0.21105309999984456,0.0,0.0,0.0002486000012140721
C_hard_rooms_large,7,127,22412471,22412488,192,762,field_unet,complete_64x64_occupancy_goal_raster,no_reopen_astar,384,True,True,14,4.60754226804035,3.9246006104134565,1.1740155815638387,39,39,1,,False,False,0.14560650000203168,0.0,0.0,0.000210599995625671
C_hard_rooms_large,7,127,22412471,22412488,192,762,oracle,exact_full_graph_cost_to_go_evaluation_only,no_reopen_astar,384,True,True,11,3.9246006104134556,3.9246006104134565,0.9999999999999998,12,12,1,,False,False,0.0002939000041806139,0.0,0.0,6.230000144569203e-05
C_hard_rooms_large,7,127,22412471,22412488,192,762,scalar_hrm,global_obstacle_list_summaries_sectors_plus_rays_goal,no_reopen_astar,384,True,True,14,4.601502543273679,3.9246006104134565,1.1724766415884829,42,42,1,,False,False,0.6830420999976923,0.0,0.0,0.0001914000022225082
C_hard_rooms_large,7,127,22412471,22412488,192,762,scalar_onlstm,global_obstacle_list_summaries_sectors_plus_rays_goal,no_reopen_astar,384,True,True,14,4.601502543273679,3.9246006104134565,1.1724766415884829,38,38,1,,False,False,0.638299400001415,0.0,0.0,0.00019950000569224358
C_hard_rooms_large,7,127,22412471,22412488,192,762,current_local_backup_alpha_1_50,current_goal_geometry_bounded_rays_one_hop_actions_plus_radius_bounded_local_subgraph_and_frozen_exit_values,no_reopen_astar,384,True,True,12,4.311325220975676,3.9246006104134565,1.0985385900252098,63,63,1,,False,False,2.814320299999963,0.000625299995590467,0.010662100001354702,0.00018889999773819
C_hard_rooms_large,7,127,22412471,22412488,192,762,current_bounded_focal_alpha_0_50,current_goal_geometry_bounded_rays_one_hop_actions,reopening_fhat_focal,384,True,True,11,3.9246006104134556,3.9246006104134565,0.9999999999999998,65,64,2,3.805098104343384,False,False,2.814320299999963,0.0005325000020093285,0.0,0.000646799999231007
C_hard_rooms_large,8,128,22420391,22420408,192,754,euclid,current_goal_geometry_only,no_reopen_astar,384,True,True,13,4.0112081737279,4.0112081737279,1.0,69,69,1,,False,False,7.77000022935681e-05,0.0,0.0,0.00031319999834522605
C_hard_rooms_large,8,128,22420391,22420408,192,754,field_hrm,complete_64x64_occupancy_goal_raster,no_reopen_astar,384,True,True,12,4.028382515534042,4.0112081737279,1.0042815882552862,75,75,1,,False,False,0.13066179999441374,0.0,0.0,0.0002829000004567206
C_hard_rooms_large,8,128,22420391,22420408,192,754,field_onlstm,complete_64x64_occupancy_goal_raster,no_reopen_astar,384,True,True,16,5.034894895053984,4.0112081737279,1.2552065804090888,53,53,1,,False,False,0.17630459999782033,0.0,0.0,0.00024229999689850956
C_hard_rooms_large,8,128,22420391,22420408,192,754,field_unet,complete_64x64_occupancy_goal_raster,no_reopen_astar,384,True,True,14,4.454347713855637,4.0112081737279,1.1104753283636974,77,77,1,,False,False,0.10829609999927925,0.0,0.0,0.0002973000009660609
C_hard_rooms_large,8,128,22420391,22420408,192,754,oracle,exact_full_graph_cost_to_go_evaluation_only,no_reopen_astar,384,True,True,13,4.0112081737279,4.0112081737279,1.0,14,14,1,,False,False,0.0002538999979151413,0.0,0.0,7.439999899361283e-05
C_hard_rooms_large,8,128,22420391,22420408,192,754,scalar_hrm,global_obstacle_list_summaries_sectors_plus_rays_goal,no_reopen_astar,384,True,True,16,4.436324150126324,4.0112081737279,1.1059820278545487,45,45,1,,False,False,0.5112588000047253,0.0,0.0,0.00025019999884534627
C_hard_rooms_large,8,128,22420391,22420408,192,754,scalar_onlstm,global_obstacle_list_summaries_sectors_plus_rays_goal,no_reopen_astar,384,True,True,15,4.4824922532144305,4.0112081737279,1.1174918027374612,40,40,1,,False,False,0.5235459999967134,0.0,0.0,0.00020179999410174787
C_hard_rooms_large,8,128,22420391,22420408,192,754,current_local_backup_alpha_1_50,current_goal_geometry_bounded_rays_one_hop_actions_plus_radius_bounded_local_subgraph_and_frozen_exit_values,no_reopen_astar,384,True,True,14,4.228858450789954,4.0112081737279,1.0542605289068743,54,54,1,,False,False,2.4170050999964587,0.0007681999995838851,0.011109999999462161,0.00020599999697878957
C_hard_rooms_large,8,128,22420391,22420408,192,754,current_bounded_focal_alpha_0_50,current_goal_geometry_bounded_rays_one_hop_actions,reopening_fhat_focal,384,True,True,12,4.028382515534042,4.0112081737279,1.0042815882552862,74,74,1,3.9263970378474227,False,False,2.4170050999964587,0.000596800004132092,0.0,0.0006836000029579736
C_hard_rooms_large,9,129,22428311,22428328,192,764,euclid,current_goal_geometry_only,no_reopen_astar,384,True,True,9,2.5125529880127373,2.512552988012737,1.0000000000000002,30,30,1,,False,False,8.509999315720052e-05,0.0,0.0,0.00019659999816212803
C_hard_rooms_large,9,129,22428311,22428328,192,764,field_hrm,complete_64x64_occupancy_goal_raster,no_reopen_astar,384,True,True,9,2.5125529880127373,2.512552988012737,1.0000000000000002,30,30,1,,False,False,0.15479079999931855,0.0,0.0,0.00015860000712564215
C_hard_rooms_large,9,129,22428311,22428328,192,764,field_onlstm,complete_64x64_occupancy_goal_raster,no_reopen_astar,384,True,True,9,2.6846546498530777,2.512552988012737,1.0684967292874734,11,11,1,,False,False,0.20704319999640575,0.0,0.0,9.940000018104911e-05
C_hard_rooms_large,9,129,22428311,22428328,192,764,field_unet,complete_64x64_occupancy_goal_raster,no_reopen_astar,384,True,True,9,2.5125529880127373,2.512552988012737,1.0000000000000002,31,31,1,,False,False,0.13237519999529468,0.0,0.0,0.00016039999900385737
C_hard_rooms_large,9,129,22428311,22428328,192,764,oracle,exact_full_graph_cost_to_go_evaluation_only,no_reopen_astar,384,True,True,9,2.5125529880127373,2.512552988012737,1.0000000000000002,10,10,1,,False,False,0.00031630000012228265,0.0,0.0,5.389999569160864e-05
C_hard_rooms_large,9,129,22428311,22428328,192,764,scalar_hrm,global_obstacle_list_summaries_sectors_plus_rays_goal,no_reopen_astar,384,True,True,9,2.6846546498530777,2.512552988012737,1.0684967292874734,13,13,1,,False,False,0.6848736000029021,0.0,0.0,0.0001322999960393645
C_hard_rooms_large,9,129,22428311,22428328,192,764,scalar_onlstm,global_obstacle_list_summaries_sectors_plus_rays_goal,no_reopen_astar,384,True,True,8,2.5320614867278377,2.512552988012737,1.0077644128534502,11,11,1,,False,False,0.6715609000020777,0.0,0.0,0.00010649999603629112
C_hard_rooms_large,9,129,22428311,22428328,192,764,current_local_backup_alpha_1_50,current_goal_geometry_bounded_rays_one_hop_actions_plus_radius_bounded_local_subgraph_and_frozen_exit_values,no_reopen_astar,384,True,True,9,2.5125529880127373,2.512552988012737,1.0000000000000002,10,10,1,,False,False,2.7681253000046127,0.0006441000004997477,0.009859500001766719,7.030000415397808e-05
C_hard_rooms_large,9,129,22428311,22428328,192,764,current_bounded_focal_alpha_0_50,current_goal_geometry_bounded_rays_one_hop_actions,reopening_fhat_focal,384,True,True,9,2.5533280667814524,2.512552988012737,1.0162285448160702,27,27,1,2.43151456599686,False,False,2.7681253000046127,0.00040379999700235203,0.0,0.0002634999982547015
C_hard_rooms_large,10,130,22436231,22436248,192,754,euclid,current_goal_geometry_only,no_reopen_astar,384,True,True,13,3.36915043040625,3.3691504304062505,0.9999999999999999,55,55,1,,False,False,6.399999983841553e-05,0.0,0.0,0.00027099999715574086
C_hard_rooms_large,10,130,22436231,22436248,192,754,field_hrm,complete_64x64_occupancy_goal_raster,no_reopen_astar,384,True,True,13,3.378337994067585,3.3691504304062505,1.0027269674807089,46,46,1,,False,False,0.1414225000044098,0.0,0.0,0.00021230000129435211
C_hard_rooms_large,10,130,22436231,22436248,192,754,field_onlstm,complete_64x64_occupancy_goal_raster,no_reopen_astar,384,True,True,13,3.4052009518541615,3.3691504304062505,1.0107001816014383,32,32,1,,False,False,0.1881102000043029,0.0,0.0,0.0001722999950288795
C_hard_rooms_large,10,130,22436231,22436248,192,754,field_unet,complete_64x64_occupancy_goal_raster,no_reopen_astar,384,True,True,14,3.8351147076716323,3.3691504304062505,1.138303197464886,43,43,1,,False,False,0.12285020000126678,0.0,0.0,0.00019919999613193795
C_hard_rooms_large,10,130,22436231,22436248,192,754,oracle,exact_full_graph_cost_to_go_evaluation_only,no_reopen_astar,384,True,True,13,3.36915043040625,3.3691504304062505,0.9999999999999999,14,14,1,,False,False,0.00028989999555051327,0.0,0.0,6.649999704677612e-05
C_hard_rooms_large,10,130,22436231,22436248,192,754,scalar_hrm,global_obstacle_list_summaries_sectors_plus_rays_goal,no_reopen_astar,384,True,True,14,3.7982860922496937,3.3691504304062505,1.1273720692227145,39,39,1,,False,False,0.6863474999991013,0.0,0.0,0.00019579999934649095
C_hard_rooms_large,10,130,22436231,22436248,192,754,scalar_onlstm,global_obstacle_list_summaries_sectors_plus_rays_goal,no_reopen_astar,384,True,True,13,3.36915043040625,3.3691504304062505,0.9999999999999999,32,32,1,,False,False,0.6261815999969258,0.0,0.0,0.00017330000264337286
C_hard_rooms_large,10,130,22436231,22436248,192,754,current_local_backup_alpha_1_50,current_goal_geometry_bounded_rays_one_hop_actions_plus_radius_bounded_local_subgraph_and_frozen_exit_values,no_reopen_astar,384,True,True,14,3.796897099033541,3.3691504304062505,1.126959801131739,49,49,1,,False,False,2.769062600003963,0.0006746000071871094,0.010344700000132434,0.0001601999974809587
C_hard_rooms_large,10,130,22436231,22436248,192,754,current_bounded_focal_alpha_0_50,current_goal_geometry_bounded_rays_one_hop_actions,reopening_fhat_focal,384,True,True,13,3.36915043040625,3.3691504304062505,0.9999999999999999,56,56,1,3.1952115231281697,False,False,2.769062600003963,0.0005436999999801628,0.0,0.0005372000014176592
C_hard_rooms_large,11,131,22444151,22444168,192,720,euclid,current_goal_geometry_only,no_reopen_astar,384,True,True,14,3.6126232418290924,3.6126232418290924,1.0,56,56,1,,False,False,7.950000144774094e-05,0.0,0.0,0.00026899999647866935
C_hard_rooms_large,11,131,22444151,22444168,192,720,field_hrm,complete_64x64_occupancy_goal_raster,no_reopen_astar,384,True,True,14,3.625060220630291,3.6126232418290924,1.0034426448507543,46,46,1,,False,False,0.12907229999837,0.0,0.0,0.00019690000044647604
C_hard_rooms_large,11,131,22444151,22444168,192,720,field_onlstm,complete_64x64_occupancy_goal_raster,no_reopen_astar,384,True,True,14,3.827696718204791,3.6126232418290924,1.0595338793941893,39,39,1,,False,False,0.17773550000129035,0.0,0.0,0.00019150000298395753
C_hard_rooms_large,11,131,22444151,22444168,192,720,field_unet,complete_64x64_occupancy_goal_raster,no_reopen_astar,384,True,True,14,3.788310519678509,3.6126232418290924,1.0486314974158404,49,49,1,,False,False,0.11015860000043176,0.0,0.0,0.00020450000010896474
C_hard_rooms_large,11,131,22444151,22444168,192,720,oracle,exact_full_graph_cost_to_go_evaluation_only,no_reopen_astar,384,True,True,14,3.6126232418290924,3.6126232418290924,1.0,15,15,1,,False,False,0.00021009999909438193,0.0,0.0,8.379999781027436e-05
C_hard_rooms_large,11,131,22444151,22444168,192,720,scalar_hrm,global_obstacle_list_summaries_sectors_plus_rays_goal,no_reopen_astar,384,True,True,15,3.9190189466777854,3.6126232418290924,1.0848125266153033,36,36,1,,False,False,0.566959499999939,0.0,0.0,0.00018389999604551122
C_hard_rooms_large,11,131,22444151,22444168,192,720,scalar_onlstm,global_obstacle_list_summaries_sectors_plus_rays_goal,no_reopen_astar,384,True,True,15,3.931263341233138,3.6126232418290924,1.0882018627668233,42,42,1,,False,False,0.5364417000018875,0.0,0.0,0.0001975999985006638
C_hard_rooms_large,11,131,22444151,22444168,192,720,current_local_backup_alpha_1_50,current_goal_geometry_bounded_rays_one_hop_actions_plus_radius_bounded_local_subgraph_and_frozen_exit_values,no_reopen_astar,384,True,True,14,3.6297229841568655,3.6126232418290924,1.0047333312064712,59,59,1,,False,False,2.2165353000018513,0.0008089999973890372,0.011258500002440996,0.00020789999689441174
C_hard_rooms_large,11,131,22444151,22444168,192,720,current_bounded_focal_alpha_0_50,current_goal_geometry_bounded_rays_one_hop_actions,reopening_fhat_focal,384,True,True,14,3.625060220630291,3.6126232418290924,1.0034426448507543,53,53,1,3.5410743836841476,False,False,2.2165353000018513,0.0006005999966873787,0.0,0.0006132999988039955
C_hard_rooms_large,12,132,22452071,22452088,192,751,euclid,current_goal_geometry_only,no_reopen_astar,384,True,True,15,3.895517011903872,3.8955170119038725,0.9999999999999999,86,86,1,,False,False,9.110000246437266e-05,0.0,0.0,0.0004381000035209581
C_hard_rooms_large,12,132,22452071,22452088,192,751,field_hrm,complete_64x64_occupancy_goal_raster,no_reopen_astar,384,True,True,15,3.895517011903872,3.8955170119038725,0.9999999999999999,74,74,1,,False,False,0.16402669999661157,0.0,0.0,0.0002927000023191795
C_hard_rooms_large,12,132,22452071,22452088,192,751,field_onlstm,complete_64x64_occupancy_goal_raster,no_reopen_astar,384,True,True,16,4.24775755080715,3.8955170119038725,1.0904220255814325,60,60,1,,False,False,0.19779019999987213,0.0,0.0,0.00026559999969322234
C_hard_rooms_large,12,132,22452071,22452088,192,751,field_unet,complete_64x64_occupancy_goal_raster,no_reopen_astar,384,True,True,16,4.167783618909587,3.8955170119038725,1.069892290592937,64,64,1,,False,False,0.1437080000032438,0.0,0.0,0.0002524999945308082
C_hard_rooms_large,12,132,22452071,22452088,192,751,oracle,exact_full_graph_cost_to_go_evaluation_only,no_reopen_astar,384,True,True,15,3.895517011903872,3.8955170119038725,0.9999999999999999,16,16,1,,False,False,0.0002524999945308082,0.0,0.0,7.989999721758068e-05
C_hard_rooms_large,12,132,22452071,22452088,192,751,scalar_hrm,global_obstacle_list_summaries_sectors_plus_rays_goal,no_reopen_astar,384,True,True,18,4.529175171390008,3.8955170119038725,1.1626634301813625,49,49,1,,False,False,0.7195963999984087,0.0,0.0,0.0002317000034963712
C_hard_rooms_large,12,132,22452071,22452088,192,751,scalar_onlstm,global_obstacle_list_summaries_sectors_plus_rays_goal,no_reopen_astar,384,True,True,17,4.583700240063363,3.8955170119038725,1.176660306207507,48,48,1,,False,False,0.6222687999979826,0.0,0.0,0.00022699999681208283
C_hard_rooms_large,12,132,22452071,22452088,192,751,current_local_backup_alpha_1_50,current_goal_geometry_bounded_rays_one_hop_actions_plus_radius_bounded_local_subgraph_and_frozen_exit_values,no_reopen_astar,384,True,True,15,3.9462594383403586,3.8955170119038725,1.013025851583096,62,62,1,,False,False,2.748139600000286,0.000851400000101421,0.010711599999922328,0.0001244000013684854
C_hard_rooms_large,12,132,22452071,22452088,192,751,current_bounded_focal_alpha_0_50,current_goal_geometry_bounded_rays_one_hop_actions,reopening_fhat_focal,384,True,True,15,3.895517011903872,3.8955170119038725,0.9999999999999999,78,78,1,3.631101589495327,False,False,2.748139600000286,0.0005278999960864894,0.0,0.000766799996199552
C_hard_rooms_large,13,133,22459991,22460008,192,750,euclid,current_goal_geometry_only,no_reopen_astar,384,True,True,11,4.037442859794206,4.037442859794205,1.0000000000000002,68,68,1,,False,False,4.829999670619145e-05,0.0,0.0,0.0003462999957264401
C_hard_rooms_large,13,133,22459991,22460008,192,750,field_hrm,complete_64x64_occupancy_goal_raster,no_reopen_astar,384,True,True,12,4.140245968509651,4.037442859794205,1.025462430623894,62,62,1,,False,False,0.11153880000347272,0.0,0.0,0.00018429999909130856
C_hard_rooms_large,13,133,22459991,22460008,192,750,field_onlstm,complete_64x64_occupancy_goal_raster,no_reopen_astar,384,True,True,12,4.11233223670155,4.037442859794205,1.0185487149931238,51,51,1,,False,False,0.16528049999760697,0.0,0.0,0.00023019999935058877
C_hard_rooms_large,13,133,22459991,22460008,192,750,field_unet,complete_64x64_occupancy_goal_raster,no_reopen_astar,384,True,True,14,4.554441138977375,4.037442859794205,1.128050921619612,59,59,1,,False,False,0.09476460000587394,0.0,0.0,0.0002271999983349815
C_hard_rooms_large,13,133,22459991,22460008,192,750,oracle,exact_full_graph_cost_to_go_evaluation_only,no_reopen_astar,384,True,True,11,4.037442859794206,4.037442859794205,1.0000000000000002,12,12,1,,False,False,0.00026109999453183264,0.0,0.0,6.399999983841553e-05
C_hard_rooms_large,13,133,22459991,22460008,192,750,scalar_hrm,global_obstacle_list_summaries_sectors_plus_rays_goal,no_reopen_astar,384,True,True,12,4.205816091255228,4.037442859794205,1.0417029385450187,50,50,1,,False,False,0.4771905999950832,0.0,0.0,0.00030670000705868006
C_hard_rooms_large,13,133,22459991,22460008,192,750,scalar_onlstm,global_obstacle_list_summaries_sectors_plus_rays_goal,no_reopen_astar,384,True,True,14,4.388756670051353,4.037442859794205,1.0870139398765521,47,47,1,,False,False,0.4070205999960308,0.0,0.0,0.00021809999452671036
C_hard_rooms_large,13,133,22459991,22460008,192,750,current_local_backup_alpha_1_50,current_goal_geometry_bounded_rays_one_hop_actions_plus_radius_bounded_local_subgraph_and_frozen_exit_values,no_reopen_astar,384,True,True,11,4.088327157991503,4.037442859794205,1.0126031005179084,59,59,1,,False,False,1.9474277000044822,0.0006025999973644502,0.009827100002439693,0.00016459999460494146
C_hard_rooms_large,13,133,22459991,22460008,192,750,current_bounded_focal_alpha_0_50,current_goal_geometry_bounded_rays_one_hop_actions,reopening_fhat_focal,384,True,True,12,4.074492861482956,4.037442859794205,1.0091766008771799,60,59,2,3.922064972249886,False,False,1.9474277000044822,0.0004439999975147657,0.0,0.0005737000028602779
C_hard_rooms_large,14,134,22475831,22475848,192,718,euclid,current_goal_geometry_only,no_reopen_astar,384,True,True,13,4.189599454885539,4.189599454885538,1.0000000000000002,84,84,1,,False,False,6.720000237692147e-05,0.0,0.0,0.00032839999767020345
C_hard_rooms_large,14,134,22475831,22475848,192,718,field_hrm,complete_64x64_occupancy_goal_raster,no_reopen_astar,384,True,True,13,4.189599454885539,4.189599454885538,1.0000000000000002,51,51,1,,False,False,0.1334835000016028,0.0,0.0,0.0002900000035879202
C_hard_rooms_large,14,134,22475831,22475848,192,718,field_onlstm,complete_64x64_occupancy_goal_raster,no_reopen_astar,384,True,True,13,4.287560911539597,4.189599454885538,1.0233820578098043,55,55,1,,False,False,0.1938945000001695,0.0,0.0,0.00026280000020051375
C_hard_rooms_large,14,134,22475831,22475848,192,718,field_unet,complete_64x64_occupancy_goal_raster,no_reopen_astar,384,True,True,15,4.202765247730922,4.189599454885538,1.0031424944048126,64,64,1,,False,False,0.11676599999918835,0.0,0.0,0.0002930999980890192
C_hard_rooms_large,14,134,22475831,22475848,192,718,oracle,exact_full_graph_cost_to_go_evaluation_only,no_reopen_astar,384,True,True,13,4.189599454885539,4.189599454885538,1.0000000000000002,14,14,1,,False,False,0.00020840000070165843,0.0,0.0,7.9699995694682e-05
C_hard_rooms_large,14,134,22475831,22475848,192,718,scalar_hrm,global_obstacle_list_summaries_sectors_plus_rays_goal,no_reopen_astar,384,True,True,15,4.44482317188693,4.189599454885538,1.0609184051481992,39,39,1,,False,False,0.5626578999945195,0.0,0.0,0.0001962000023922883
C_hard_rooms_large,14,134,22475831,22475848,192,718,scalar_onlstm,global_obstacle_list_summaries_sectors_plus_rays_goal,no_reopen_astar,384,True,True,14,4.458309672771898,4.189599454885538,1.0641374481689445,45,45,1,,False,False,0.5287410000019008,0.0,0.0,0.0002032999982475303
C_hard_rooms_large,14,134,22475831,22475848,192,718,current_local_backup_alpha_1_50,current_goal_geometry_bounded_rays_one_hop_actions_plus_radius_bounded_local_subgraph_and_frozen_exit_values,no_reopen_astar,384,True,True,13,4.189599454885539,4.189599454885538,1.0000000000000002,35,35,1,,False,False,2.3560345000005327,0.0006569000033778138,0.009231799995177425,9.350000618724152e-05
C_hard_rooms_large,14,134,22475831,22475848,192,718,current_bounded_focal_alpha_0_50,current_goal_geometry_bounded_rays_one_hop_actions,reopening_fhat_focal,384,True,True,13,4.189599454885539,4.189599454885538,1.0000000000000002,68,68,1,3.8587686363865146,False,False,2.3560345000005327,0.00046039999870117754,0.0,0.0006250000005820766
C_hard_rooms_large,15,135,22483751,22483768,192,748,euclid,current_goal_geometry_only,no_reopen_astar,384,True,True,10,3.6625600600635932,3.6625600600635932,1.0,52,52,1,,False,False,5.729999975301325e-05,0.0,0.0,0.00026229999639326707
C_hard_rooms_large,15,135,22483751,22483768,192,748,field_hrm,complete_64x64_occupancy_goal_raster,no_reopen_astar,384,True,True,10,3.6625600600635932,3.6625600600635932,1.0,58,58,1,,False,False,0.1512966000009328,0.0,0.0,0.0002364999963901937
C_hard_rooms_large,15,135,22483751,22483768,192,748,field_onlstm,complete_64x64_occupancy_goal_raster,no_reopen_astar,384,True,True,12,3.942579998420531,3.6625600600635932,1.0764547021113084,36,36,1,,False,False,0.20037600000068778,0.0,0.0,0.0001745000045048073
C_hard_rooms_large,15,135,22483751,22483768,192,748,field_unet,complete_64x64_occupancy_goal_raster,no_reopen_astar,384,True,True,10,3.6625600600635932,3.6625600600635932,1.0,53,53,1,,False,False,0.11926820000371663,0.0,0.0,0.00018230000569019467
C_hard_rooms_large,15,135,22483751,22483768,192,748,oracle,exact_full_graph_cost_to_go_evaluation_only,no_reopen_astar,384,True,True,10,3.6625600600635932,3.6625600600635932,1.0,11,11,1,,False,False,0.00017840000509750098,0.0,0.0,4.410000110510737e-05
C_hard_rooms_large,15,135,22483751,22483768,192,748,scalar_hrm,global_obstacle_list_summaries_sectors_plus_rays_goal,no_reopen_astar,384,True,True,11,3.9136594396228865,3.6625600600635932,1.06855843329295,24,24,1,,False,False,0.5709338999949978,0.0,0.0,0.00017249999655177817
C_hard_rooms_large,15,135,22483751,22483768,192,748,scalar_onlstm,global_obstacle_list_summaries_sectors_plus_rays_goal,no_reopen_astar,384,True,True,11,3.9136594396228865,3.6625600600635932,1.06855843329295,16,16,1,,False,False,0.5221509999973932,0.0,0.0,0.0001221999991685152
C_hard_rooms_large,15,135,22483751,22483768,192,748,current_local_backup_alpha_1_50,current_goal_geometry_bounded_rays_one_hop_actions_plus_radius_bounded_local_subgraph_and_frozen_exit_values,no_reopen_astar,384,True,True,10,3.6625600600635932,3.6625600600635932,1.0,17,17,1,,False,False,2.303544599999441,0.0006080000021029264,0.008646800000860821,0.00011410000297473744
C_hard_rooms_large,15,135,22483751,22483768,192,748,current_bounded_focal_alpha_0_50,current_goal_geometry_bounded_rays_one_hop_actions,reopening_fhat_focal,384,True,True,11,3.6775340935926026,3.6625600600635932,1.0040884062741484,51,51,1,3.6116726392742344,False,False,2.303544599999441,0.0007028999971225858,0.0,0.0006925000052433461
C_hard_rooms_large,16,136,22499591,22499608,192,729,euclid,current_goal_geometry_only,no_reopen_astar,384,True,True,12,4.128446546260359,4.128446546260358,1.0000000000000002,71,71,1,,False,False,9.010000212583691e-05,0.0,0.0,0.0003345000004628673
C_hard_rooms_large,16,136,22499591,22499608,192,729,field_hrm,complete_64x64_occupancy_goal_raster,no_reopen_astar,384,True,True,12,4.391107524647034,4.128446546260358,1.0636222306486203,44,44,1,,False,False,0.1298114000019268,0.0,0.0,0.0001948000062839128
C_hard_rooms_large,16,136,22499591,22499608,192,729,field_onlstm,complete_64x64_occupancy_goal_raster,no_reopen_astar,384,True,True,13,4.42187855806117,4.128446546260358,1.071075647586284,37,37,1,,False,False,0.17387919999600854,0.0,0.0,0.00018590000399854034
C_hard_rooms_large,16,136,22499591,22499608,192,729,field_unet,complete_64x64_occupancy_goal_raster,no_reopen_astar,384,True,True,12,4.391107524647034,4.128446546260358,1.0636222306486203,36,36,1,,False,False,0.1075834000002942,0.0,0.0,0.00017169999773614109
C_hard_rooms_large,16,136,22499591,22499608,192,729,oracle,exact_full_graph_cost_to_go_evaluation_only,no_reopen_astar,384,True,True,12,4.128446546260359,4.128446546260358,1.0000000000000002,13,13,1,,False,False,0.00026620000426191837,0.0,0.0,6.829999620094895e-05
C_hard_rooms_large,16,136,22499591,22499608,192,729,scalar_hrm,global_obstacle_list_summaries_sectors_plus_rays_goal,no_reopen_astar,384,True,True,13,4.551831333535366,4.128446546260358,1.1025530505314451,54,54,1,,False,False,0.5674362999998266,0.0,0.0,0.00017070000467356294
C_hard_rooms_large,16,136,22499591,22499608,192,729,scalar_onlstm,global_obstacle_list_summaries_sectors_plus_rays_goal,no_reopen_astar,384,True,True,15,5.074073954356279,4.128446546260358,1.2290516293477245,40,40,1,,False,False,0.5263999000017066,0.0,0.0,0.00017049999587470666
C_hard_rooms_large,16,136,22499591,22499608,192,729,current_local_backup_alpha_1_50,current_goal_geometry_bounded_rays_one_hop_actions_plus_radius_bounded_local_subgraph_and_frozen_exit_values,no_reopen_astar,384,True,True,12,4.168908758248655,4.128446546260358,1.00980083223433,20,20,1,,False,False,2.407496899999387,0.0006760999967809767,0.011819300001661759,0.0001097999993362464
C_hard_rooms_large,16,136,22499591,22499608,192,729,current_bounded_focal_alpha_0_50,current_goal_geometry_bounded_rays_one_hop_actions,reopening_fhat_focal,384,True,True,12,4.168779416405069,4.128446546260358,1.009769502812443,72,67,2,3.9231034554074604,False,False,2.407496899999387,0.00045649999810848385,0.0,0.0008123000006889924
C_hard_rooms_large,17,137,22507511,22507528,192,742,euclid,current_goal_geometry_only,no_reopen_astar,384,True,True,13,3.989522188006608,3.9895221880066076,1.0000000000000002,66,66,1,,False,False,4.529999569058418e-05,0.0,0.0,0.00024680000205989927
C_hard_rooms_large,17,137,22507511,22507528,192,742,field_hrm,complete_64x64_occupancy_goal_raster,no_reopen_astar,384,True,True,14,4.067131876278739,3.9895221880066076,1.0194533792807177,67,67,1,,False,False,0.14239020000240998,0.0,0.0,0.0003586999955587089
C_hard_rooms_large,17,137,22507511,22507528,192,742,field_onlstm,complete_64x64_occupancy_goal_raster,no_reopen_astar,384,True,True,16,4.689666127917216,3.9895221880066076,1.1754956876829503,64,64,1,,False,False,0.17629120000492549,0.0,0.0,0.00026709999656304717
C_hard_rooms_large,17,137,22507511,22507528,192,742,field_unet,complete_64x64_occupancy_goal_raster,no_reopen_astar,384,True,True,14,4.067131876278739,3.9895221880066076,1.0194533792807177,59,59,1,,False,False,0.11673929999960819,0.0,0.0,0.00023779999901307747
C_hard_rooms_large,17,137,22507511,22507528,192,742,oracle,exact_full_graph_cost_to_go_evaluation_only,no_reopen_astar,384,True,True,13,3.989522188006608,3.9895221880066076,1.0000000000000002,14,14,1,,False,False,0.000283199995465111,0.0,0.0,7.390000246232376e-05
C_hard_rooms_large,17,137,22507511,22507528,192,742,scalar_hrm,global_obstacle_list_summaries_sectors_plus_rays_goal,no_reopen_astar,384,True,True,16,4.835388144734562,3.9895221880066076,1.212021870506402,63,63,1,,False,False,0.5084740000020247,0.0,0.0,0.000276099999609869
C_hard_rooms_large,17,137,22507511,22507528,192,742,scalar_onlstm,global_obstacle_list_summaries_sectors_plus_rays_goal,no_reopen_astar,384,True,True,15,4.751882627351071,3.9895221880066076,1.1910906628458637,48,48,1,,False,False,0.5158588999984204,0.0,0.0,0.00022950000129640102
C_hard_rooms_large,17,137,22507511,22507528,192,742,current_local_backup_alpha_1_50,current_goal_geometry_bounded_rays_one_hop_actions_plus_radius_bounded_local_subgraph_and_frozen_exit_values,no_reopen_astar,384,True,True,13,3.989522188006608,3.9895221880066076,1.0000000000000002,35,35,1,,False,False,2.2713698000006843,0.0006692000024486333,0.011328700005833525,0.00015129999519558623
C_hard_rooms_large,17,137,22507511,22507528,192,742,current_bounded_focal_alpha_0_50,current_goal_geometry_bounded_rays_one_hop_actions,reopening_fhat_focal,384,True,True,12,4.0316585213378175,3.9895221880066076,1.0105617493387757,68,67,2,3.918773738829631,False,False,2.2713698000006843,0.0005659000016748905,0.0,0.0007689999983995222
C_hard_rooms_large,18,138,22515431,22515448,192,746,euclid,current_goal_geometry_only,no_reopen_astar,384,True,True,14,4.143045369356825,4.143045369356825,1.0,67,67,1,,False,False,9.370000043418258e-05,0.0,0.0,0.00030720000358996913
C_hard_rooms_large,18,138,22515431,22515448,192,746,field_hrm,complete_64x64_occupancy_goal_raster,no_reopen_astar,384,True,True,13,4.174824304384351,4.143045369356825,1.0076704289223024,55,55,1,,False,False,0.14358200000424404,0.0,0.0,0.00022980000358074903
C_hard_rooms_large,18,138,22515431,22515448,192,746,field_onlstm,complete_64x64_occupancy_goal_raster,no_reopen_astar,384,True,True,14,4.481524524122875,4.143045369356825,1.0816981530710577,55,55,1,,False,False,0.18205809999926714,0.0,0.0,0.0002510999984224327
C_hard_rooms_large,18,138,22515431,22515448,192,746,field_unet,complete_64x64_occupancy_goal_raster,no_reopen_astar,384,True,True,13,4.24775868811259,4.143045369356825,1.0252744803448823,57,57,1,,False,False,0.11207070000091335,0.0,0.0,0.00022770000214222819
C_hard_rooms_large,18,138,22515431,22515448,192,746,oracle,exact_full_graph_cost_to_go_evaluation_only,no_reopen_astar,384,True,True,14,4.143045369356825,4.143045369356825,1.0,15,15,1,,False,False,0.0002849000011337921,0.0,0.0,6.790000043110922e-05
C_hard_rooms_large,18,138,22515431,22515448,192,746,scalar_hrm,global_obstacle_list_summaries_sectors_plus_rays_goal,no_reopen_astar,384,True,True,12,4.228726437962694,4.143045369356825,1.0206806976432339,35,35,1,,False,False,0.5620194000002812,0.0,0.0,0.00024419999681413174
C_hard_rooms_large,18,138,22515431,22515448,192,746,scalar_onlstm,global_obstacle_list_summaries_sectors_plus_rays_goal,no_reopen_astar,384,True,True,15,4.7294897630608,4.143045369356825,1.1415491121679453,49,49,1,,False,False,0.5093120999954408,0.0,0.0,0.0002462999982526526
C_hard_rooms_large,18,138,22515431,22515448,192,746,current_local_backup_alpha_1_50,current_goal_geometry_bounded_rays_one_hop_actions_plus_radius_bounded_local_subgraph_and_frozen_exit_values,no_reopen_astar,384,True,True,13,4.422644213996545,4.143045369356825,1.067486310120501,59,59,1,,False,False,2.312426800002868,0.001022600001306273,0.01171980000071926,0.00017690000095171854
C_hard_rooms_large,18,138,22515431,22515448,192,746,current_bounded_focal_alpha_0_50,current_goal_geometry_bounded_rays_one_hop_actions,reopening_fhat_focal,384,True,True,14,4.146094004721231,4.143045369356825,1.0007358440694265,69,69,1,3.953222199778436,False,False,2.312426800002868,0.0005823999963467941,0.0,0.0004009000040241517
C_hard_rooms_large,19,139,22523351,22523368,192,763,euclid,current_goal_geometry_only,no_reopen_astar,384,True,True,10,3.0467713427723995,3.0467713427724,0.9999999999999999,44,44,1,,False,False,7.270000060088933e-05,0.0,0.0,0.000294700002996251
C_hard_rooms_large,19,139,22523351,22523368,192,763,field_hrm,complete_64x64_occupancy_goal_raster,no_reopen_astar,384,True,True,11,3.084430911224273,3.0467713427724,1.0123604840058673,39,39,1,,False,False,0.15091689999826485,0.0,0.0,0.00025040000036824495
C_hard_rooms_large,19,139,22523351,22523368,192,763,field_onlstm,complete_64x64_occupancy_goal_raster,no_reopen_astar,384,True,True,12,3.4114328786336294,3.0467713427724,1.119687858009524,24,24,1,,False,False,0.17597160000150325,0.0,0.0,0.00017660000594332814
C_hard_rooms_large,19,139,22523351,22523368,192,763,field_unet,complete_64x64_occupancy_goal_raster,no_reopen_astar,384,True,True,11,3.105859576668603,3.0467713427724,1.0193937211718802,36,36,1,,False,False,0.09649359999457374,0.0,0.0,0.00019749999773921445
C_hard_rooms_large,19,139,22523351,22523368,192,763,oracle,exact_full_graph_cost_to_go_evaluation_only,no_reopen_astar,384,True,True,10,3.0467713427723995,3.0467713427724,0.9999999999999999,11,11,1,,False,False,0.0002961999998660758,0.0,0.0,6.610000127693638e-05
C_hard_rooms_large,19,139,22523351,22523368,192,763,scalar_hrm,global_obstacle_list_summaries_sectors_plus_rays_goal,no_reopen_astar,384,True,True,11,3.283220461983929,3.0467713427724,1.0776064537210637,24,24,1,,False,False,0.4770224999956554,0.0,0.0,0.000163800003065262
C_hard_rooms_large,19,139,22523351,22523368,192,763,scalar_onlstm,global_obstacle_list_summaries_sectors_plus_rays_goal,no_reopen_astar,384,True,True,10,3.048379496755257,3.0467713427724,1.0005278223410734,20,20,1,,False,False,0.4219379000060144,0.0,0.0,0.00013999999646330252
C_hard_rooms_large,19,139,22523351,22523368,192,763,current_local_backup_alpha_1_50,current_goal_geometry_bounded_rays_one_hop_actions_plus_radius_bounded_local_subgraph_and_frozen_exit_values,no_reopen_astar,384,True,True,10,3.0467713427723995,3.0467713427724,0.9999999999999999,14,14,1,,False,False,1.9651620000004186,0.0007794999983161688,0.010204999998677522,9.250000584870577e-05
C_hard_rooms_large,19,139,22523351,22523368,192,763,current_bounded_focal_alpha_0_50,current_goal_geometry_bounded_rays_one_hop_actions,reopening_fhat_focal,384,True,True,11,3.084430911224273,3.0467713427724,1.0123604840058673,42,39,3,2.822719493967847,False,False,1.9651620000004186,0.0005175999976927415,0.0,0.0005780999999842606
C_hard_rooms_large,20,140,22531271,22531288,192,738,euclid,current_goal_geometry_only,no_reopen_astar,384,True,True,10,2.991554880951469,2.9915548809514685,1.0000000000000002,67,67,1,,False,False,8.200000593205914e-05,0.0,0.0,0.00030390000029001385
C_hard_rooms_large,20,140,22531271,22531288,192,738,field_hrm,complete_64x64_occupancy_goal_raster,no_reopen_astar,384,True,True,10,3.227339561472606,2.9915548809514685,1.078816765830532,42,42,1,,False,False,0.13038879999658093,0.0,0.0,0.000137699993501883
C_hard_rooms_large,20,140,22531271,22531288,192,738,field_onlstm,complete_64x64_occupancy_goal_raster,no_reopen_astar,384,True,True,10,3.041115874687139,2.9915548809514685,1.0165669679173353,48,48,1,,False,False,0.18154849999700673,0.0,0.0,0.00023830000282032415
C_hard_rooms_large,20,140,22531271,22531288,192,738,field_unet,complete_64x64_occupancy_goal_raster,no_reopen_astar,384,True,True,10,3.2044570890609556,2.9915548809514685,1.0711677427230661,44,44,1,,False,False,0.11099020000256132,0.0,0.0,0.00021769999875687063
C_hard_rooms_large,20,140,22531271,22531288,192,738,oracle,exact_full_graph_cost_to_go_evaluation_only,no_reopen_astar,384,True,True,10,2.991554880951469,2.9915548809514685,1.0000000000000002,11,11,1,,False,False,0.0003561000048648566,0.0,0.0,6.81000019540079e-05
C_hard_rooms_large,20,140,22531271,22531288,192,738,scalar_hrm,global_obstacle_list_summaries_sectors_plus_rays_goal,no_reopen_astar,384,True,True,13,4.097521134458169,2.9915548809514685,1.369696127103958,34,34,1,,False,False,0.5438807000027737,0.0,0.0,0.00017169999773614109
C_hard_rooms_large,20,140,22531271,22531288,192,738,scalar_onlstm,global_obstacle_list_summaries_sectors_plus_rays_goal,no_reopen_astar,384,True,True,10,2.992996423545737,2.9915548809514685,1.0004818706831846,45,45,1,,False,False,0.5375294999976177,0.0,0.0,0.00019039999460801482
C_hard_rooms_large,20,140,22531271,22531288,192,738,current_local_backup_alpha_1_50,current_goal_geometry_bounded_rays_one_hop_actions_plus_radius_bounded_local_subgraph_and_frozen_exit_values,no_reopen_astar,384,True,True,10,3.0642941818003413,2.9915548809514685,1.0243148809711082,27,27,1,,False,False,2.466355399999884,0.0006969000023673289,0.010325499999453314,0.00011850000009872019
C_hard_rooms_large,20,140,22531271,22531288,192,738,current_bounded_focal_alpha_0_50,current_goal_geometry_bounded_rays_one_hop_actions,reopening_fhat_focal,384,True,True,10,2.991554880951469,2.9915548809514685,1.0000000000000002,58,57,2,2.875014802139321,False,False,2.466355399999884,0.00046319999819388613,0.0,0.0005874999988009222
C_hard_rooms_large,21,141,22539191,22539208,192,715,euclid,current_goal_geometry_only,no_reopen_astar,384,True,True,13,3.8467467257264354,3.846746725726436,0.9999999999999999,59,59,1,,False,False,7.189999450929463e-05,0.0,0.0,0.0002865999995265156
C_hard_rooms_large,21,141,22539191,22539208,192,715,field_hrm,complete_64x64_occupancy_goal_raster,no_reopen_astar,384,True,True,13,3.8499445058011927,3.846746725726436,1.0008312946764524,58,58,1,,False,False,0.114683599997079,0.0,0.0,0.00021810000180266798
C_hard_rooms_large,21,141,22539191,22539208,192,715,field_onlstm,complete_64x64_occupancy_goal_raster,no_reopen_astar,384,True,True,12,3.9687185425950964,3.846746725726436,1.0317077846724174,36,36,1,,False,False,0.1520308000035584,0.0,0.0,0.00018480000289855525
C_hard_rooms_large,21,141,22539191,22539208,192,715,field_unet,complete_64x64_occupancy_goal_raster,no_reopen_astar,384,True,True,16,4.3573805565424415,3.846746725726436,1.1327443336471743,59,59,1,,False,False,0.09154619999753777,0.0,0.0,0.00024729999859118834
C_hard_rooms_large,21,141,22539191,22539208,192,715,oracle,exact_full_graph_cost_to_go_evaluation_only,no_reopen_astar,384,True,True,13,3.8467467257264354,3.846746725726436,0.9999999999999999,14,14,1,,False,False,0.000262100002146326,0.0,0.0,7.069999992381781e-05
C_hard_rooms_large,21,141,22539191,22539208,192,715,scalar_hrm,global_obstacle_list_summaries_sectors_plus_rays_goal,no_reopen_astar,384,True,True,13,4.256625010266529,3.846746725726436,1.1065519291402501,50,50,1,,False,False,0.4091696999967098,0.0,0.0,0.00021890000061830506
C_hard_rooms_large,21,141,22539191,22539208,192,715,scalar_onlstm,global_obstacle_list_summaries_sectors_plus_rays_goal,no_reopen_astar,384,True,True,16,5.037242525769666,3.846746725726436,1.3094812018897377,45,45,1,,False,False,0.37162309999985155,0.0,0.0,0.0001979000007850118
C_hard_rooms_large,21,141,22539191,22539208,192,715,current_local_backup_alpha_1_50,current_goal_geometry_bounded_rays_one_hop_actions_plus_radius_bounded_local_subgraph_and_frozen_exit_values,no_reopen_astar,384,True,True,13,3.8467467257264354,3.846746725726436,0.9999999999999999,43,43,1,,False,False,1.8723872999980813,0.0006055999983800575,0.01010849999875063,0.0001551000023027882
C_hard_rooms_large,21,141,22539191,22539208,192,715,current_bounded_focal_alpha_0_50,current_goal_geometry_bounded_rays_one_hop_actions,reopening_fhat_focal,384,True,True,12,4.091902039436321,3.846746725726436,1.0637305575826776,67,66,2,3.8238441644747674,False,False,1.8723872999980813,0.0005191000018385239,0.0,0.0007129000005079433
C_hard_rooms_large,22,142,22547111,22547128,192,730,euclid,current_goal_geometry_only,no_reopen_astar,384,True,True,13,3.8221187880732015,3.822118788073201,1.0000000000000002,52,52,1,,False,False,9.020000288728625e-05,0.0,0.0,0.00030610000248998404
C_hard_rooms_large,22,142,22547111,22547128,192,730,field_hrm,complete_64x64_occupancy_goal_raster,no_reopen_astar,384,True,True,13,3.8221187880732015,3.822118788073201,1.0000000000000002,21,21,1,,False,False,0.14201470000261907,0.0,0.0,0.00015589999384246767
C_hard_rooms_large,22,142,22547111,22547128,192,730,field_onlstm,complete_64x64_occupancy_goal_raster,no_reopen_astar,384,True,True,12,4.042812648029904,3.822118788073201,1.057741235213665,17,17,1,,False,False,0.18860770000173943,0.0,0.0,0.00013490000128513202
C_hard_rooms_large,22,142,22547111,22547128,192,730,field_unet,complete_64x64_occupancy_goal_raster,no_reopen_astar,384,True,True,13,3.8284694230462466,3.822118788073201,1.0016615482995617,23,23,1,,False,False,0.1297956999987946,0.0,0.0,0.00016399999731220305
C_hard_rooms_large,22,142,22547111,22547128,192,730,oracle,exact_full_graph_cost_to_go_evaluation_only,no_reopen_astar,384,True,True,13,3.8221187880732015,3.822118788073201,1.0000000000000002,14,14,1,,False,False,0.0002840000015567057,0.0,0.0,7.080000068526715e-05
C_hard_rooms_large,22,142,22547111,22547128,192,730,scalar_hrm,global_obstacle_list_summaries_sectors_plus_rays_goal,no_reopen_astar,384,True,True,16,4.3619934375100184,3.822118788073201,1.1412500969675456,41,41,1,,False,False,0.5631339000028674,0.0,0.0,0.00019859999883919954
C_hard_rooms_large,22,142,22547111,22547128,192,730,scalar_onlstm,global_obstacle_list_summaries_sectors_plus_rays_goal,no_reopen_astar,384,True,True,13,4.3224905834149645,3.822118788073201,1.130914768244032,16,16,1,,False,False,0.545946999998705,0.0,0.0,0.00012789999891538173
C_hard_rooms_large,22,142,22547111,22547128,192,730,current_local_backup_alpha_1_50,current_goal_geometry_bounded_rays_one_hop_actions_plus_radius_bounded_local_subgraph_and_frozen_exit_values,no_reopen_astar,384,True,True,13,4.102662998389186,3.822118788073201,1.073400180860787,15,15,1,,False,False,2.394945399995777,0.0006410999994841404,0.00969230000191601,9.530000534141436e-05
C_hard_rooms_large,22,142,22547111,22547128,192,730,current_bounded_focal_alpha_0_50,current_goal_geometry_bounded_rays_one_hop_actions,reopening_fhat_focal,384,True,True,12,3.82849047856217,3.822118788073201,1.0016670571591997,40,40,1,3.532678621903917,False,False,2.394945399995777,0.0004241999995429069,0.0,0.0005403000031947158
C_hard_rooms_large,23,143,22555031,22555048,192,736,euclid,current_goal_geometry_only,no_reopen_astar,384,True,True,11,3.59648938684147,3.59648938684147,1.0,35,35,1,,False,False,9.349999891128391e-05,0.0,0.0,0.00027549999504117295
C_hard_rooms_large,23,143,22555031,22555048,192,736,field_hrm,complete_64x64_occupancy_goal_raster,no_reopen_astar,384,True,True,11,3.59648938684147,3.59648938684147,1.0,41,41,1,,False,False,0.1798458000048413,0.0,0.0,0.00018209999689133838
C_hard_rooms_large,23,143,22555031,22555048,192,736,field_onlstm,complete_64x64_occupancy_goal_raster,no_reopen_astar,384,True,True,14,4.351067548814645,3.59648938684147,1.2098096451317113,37,37,1,,False,False,0.19737259999965318,0.0,0.0,0.000203800002054777
C_hard_rooms_large,23,143,22555031,22555048,192,736,field_unet,complete_64x64_occupancy_goal_raster,no_reopen_astar,384,True,True,11,3.59648938684147,3.59648938684147,1.0,44,44,1,,False,False,0.13511179999477463,0.0,0.0,0.0001812999980757013
C_hard_rooms_large,23,143,22555031,22555048,192,736,oracle,exact_full_graph_cost_to_go_evaluation_only,no_reopen_astar,384,True,True,11,3.59648938684147,3.59648938684147,1.0,12,12,1,,False,False,0.00028049999673385173,0.0,0.0,7.829999958630651e-05
C_hard_rooms_large,23,143,22555031,22555048,192,736,scalar_hrm,global_obstacle_list_summaries_sectors_plus_rays_goal,no_reopen_astar,384,True,True,13,3.9939137160528135,3.59648938684147,1.1105034066457713,26,26,1,,False,False,0.6117095000008703,0.0,0.0,0.0002238000015495345
C_hard_rooms_large,23,143,22555031,22555048,192,736,scalar_onlstm,global_obstacle_list_summaries_sectors_plus_rays_goal,no_reopen_astar,384,True,True,12,3.751836233283054,3.59648938684147,1.0431940233189494,16,16,1,,False,False,0.563853100000415,0.0,0.0,0.00014179999561747536
C_hard_rooms_large,23,143,22555031,22555048,192,736,current_local_backup_alpha_1_50,current_goal_geometry_bounded_rays_one_hop_actions_plus_radius_bounded_local_subgraph_and_frozen_exit_values,no_reopen_astar,384,True,True,11,3.6916644362647344,3.59648938684147,1.0264633199729387,19,19,1,,False,False,2.5450267999985954,0.0006309999953373335,0.008843499999784399,0.00010489999840501696
C_hard_rooms_large,23,143,22555031,22555048,192,736,current_bounded_focal_alpha_0_50,current_goal_geometry_bounded_rays_one_hop_actions,reopening_fhat_focal,384,True,True,11,3.6435859818458187,3.59648938684147,1.0130951575101714,38,38,1,3.587643018651396,False,False,2.5450267999985954,0.0005187999995541759,0.0,0.0004163999983575195
